solid OpenSCAD_Model
  facet normal 0.9659258262890685 -0.25881904510252035 3.144273935922757e-15
    outer loop
      vertex -12.204755079082593 22.906870149187675 77.7824855787278
      vertex -12.042712386819382 23.51162170970924 78.47326380044537
      vertex -13.250055423269663 19.005756155512294 78.03284327242099
    endloop
  endfacet
  facet normal 0.9659258262890686 -0.2588190451025198 -2.4272458415002727e-15
    outer loop
      vertex -12.042712386819382 23.51162170970924 78.47326380044537
      vertex -11.898974121723553 24.04806021803867 79.22208278631378
      vertex -12.936830646676047 20.174726935949078 78.67971271388218
    endloop
  endfacet
  facet normal 0.9659258262890683 -0.25881904510252096 6.3113525036614796e-15
    outer loop
      vertex -12.936830646676047 20.174726935949078 78.67971271388218
      vertex -11.898974121723553 24.04806021803867 79.22208278631378
      vertex -12.79402429887187 20.707687481597628 79.08892682646083
    endloop
  endfacet
  facet normal 0.9659258262890675 -0.25881904510252357 6.761577368247326e-15
    outer loop
      vertex -12.383541638805152 22.23962962459264 77.156400693054
      vertex -13.94337574705868 16.418249481211596 75
      vertex -12.577350253682251 21.516326026926752 76.60103868312582
    endloop
  endfacet
  facet normal 0.9659258262890674 -0.25881904510252446 1.9071143740365006e-14
    outer loop
      vertex -13.46369138395558 18.20845589590867 75.18253983616931
      vertex -13.22962931879719 19.081987415204278 75.40906681054402
      vertex -13.94337574705868 16.418249481211596 75
    endloop
  endfacet
  facet normal 0.037976641285987385 0.14173075478008323 -0.9891765099647803
    outer loop
      vertex -13.46369138395558 18.20845589590867 75.18253983616931
      vertex -13.702373071752797 17.317683710213153 75.04574509661413
      vertex -13.825990082903136 17.43863292894663 75.05832896313993
    endloop
  endfacet
  facet normal 0.03797664128599347 0.14173075478008038 -0.9891765099647806
    outer loop
      vertex -13.46369138395558 18.20845589590867 75.18253983616931
      vertex -13.825990082903136 17.43863292894663 75.05832896313993
      vertex -13.854059124262077 17.780957811840594 75.1063001751932
    endloop
  endfacet
  facet normal 0.037976641285978066 0.14173075478009214 -0.9891765099647795
    outer loop
      vertex -13.46369138395558 18.20845589590867 75.18253983616931
      vertex -13.915546711599747 18.118883059690724 75.1523579898807
      vertex -13.98068433529169 18.34698373971176 75.18253983616931
    endloop
  endfacet
  facet normal 0.037976641285977546 0.1417307547800947 -0.9891765099647791
    outer loop
      vertex -13.46369138395558 18.20845589590867 75.18253983616931
      vertex -13.854059124262077 17.780957811840594 75.1063001751932
      vertex -13.915546711599747 18.118883059690724 75.1523579898807
    endloop
  endfacet
  facet normal 0.9659258262890669 -0.25881904510252585 2.037902439693649e-14
    outer loop
      vertex -12.784314440806064 20.743925165233506 76.12174798869063
      vertex -13.94337574705868 16.418249481211596 75
      vertex -13.002441021916443 19.929865682048263 75.72314444114278
    endloop
  endfacet
  facet normal 0.9659258262890692 -0.25881904510251763 -1.3714121062963582e-14
    outer loop
      vertex -12.784314440806064 20.743925165233506 76.12174798869063
      vertex -12.577350253682251 21.516326026926752 76.60103868312582
      vertex -13.94337574705868 16.418249481211596 75
    endloop
  endfacet
  facet normal 0.9659258262890682 -0.25881904510252096 -5.028513285490168e-15
    outer loop
      vertex -13.002441021916443 19.929865682048263 75.72314444114278
      vertex -13.94337574705868 16.418249481211596 75
      vertex -13.22962931879719 19.081987415204278 75.40906681054402
    endloop
  endfacet
  facet normal 0.06288789814140032 0.23470083104492925 -0.9700312531945434
    outer loop
      vertex -13.46369138395558 18.20845589590867 75.18253983616931
      vertex -13.98068433529169 18.34698373971176 75.18253983616931
      vertex -13.22962931879719 19.081987415204278 75.40906681054402
    endloop
  endfacet
  facet normal 0.0628878981414145 0.23470083104491538 -0.9700312531945459
    outer loop
      vertex -13.22962931879719 19.081987415204278 75.40906681054402
      vertex -13.98068433529169 18.34698373971176 75.18253983616931
      vertex -14.009860685837543 18.449154267631478 75.20536865573246
    endloop
  endfacet
  facet normal 0.08719351015970077 0.325410610006283 -0.9415440651830209
    outer loop
      vertex -13.002441021916443 19.929865682048263 75.72314444114278
      vertex -13.22962931879719 19.081987415204278 75.40906681054402
      vertex -14.692676812893993 19.631826491920656 75.46361043172752
    endloop
  endfacet
  facet normal 0.06288789814140047 0.23470083104493178 -0.9700312531945429
    outer loop
      vertex -13.22962931879719 19.081987415204278 75.40906681054402
      vertex -14.009860685837543 18.449154267631478 75.20536865573246
      vertex -14.136092751846302 18.768590743385797 75.27447316839172
    endloop
  endfacet
  facet normal 0.06288789814140906 0.23470083104490905 -0.9700312531945479
    outer loop
      vertex -13.22962931879719 19.081987415204278 75.40906681054402
      vertex -14.136092751846302 18.768590743385797 75.27447316839172
      vertex -14.293027225824881 19.074116139070416 75.33822140831123
    endloop
  endfacet
  facet normal 0.06288789814140758 0.23470083104497297 -0.9700312531945323
    outer loop
      vertex -13.22962931879719 19.081987415204278 75.40906681054402
      vertex -14.293027225824881 19.074116139070416 75.33822140831123
      vertex -14.479152742999762 19.362788078107723 75.39599944509224
    endloop
  endfacet
  facet normal 0.9659258262890682 -0.25881904510252096 -8.302886910661009e-16
    outer loop
      vertex -12.383541638805152 22.23962962459264 77.156400693054
      vertex -12.204755079082593 22.906870149187675 77.7824855787278
      vertex -13.94337574705868 16.418249481211596 75
    endloop
  endfacet
  facet normal 0.9659258262890682 -0.25881904510252085 -3.775510478650139e-15
    outer loop
      vertex -12.204755079082593 22.906870149187675 77.7824855787278
      vertex -13.417457326234423 18.381003748364098 77.80141764987454
      vertex -13.589924111087974 17.737348944672597 77.63450303717738
    endloop
  endfacet
  facet normal 0.9659258262890689 -0.258819045102519 -1.2059898267667135e-14
    outer loop
      vertex -12.042712386819382 23.51162170970924 78.47326380044537
      vertex -13.08933057403043 19.605589458911947 78.32655114956151
      vertex -13.250055423269663 19.005756155512294 78.03284327242099
    endloop
  endfacet
  facet normal 0.9659258262890686 -0.25881904510251946 2.8853375602551008e-15
    outer loop
      vertex -12.042712386819382 23.51162170970924 78.47326380044537
      vertex -12.936830646676047 20.174726935949078 78.67971271388218
      vertex -13.08933057403043 19.605589458911947 78.32655114956151
    endloop
  endfacet
  facet normal 0.9659258262890683 -0.25881904510252085 -5.08211362059734e-15
    outer loop
      vertex -12.204755079082593 22.906870149187675 77.7824855787278
      vertex -13.250055423269663 19.005756155512294 78.03284327242099
      vertex -13.417457326234423 18.381003748364098 77.80141764987454
    endloop
  endfacet
  facet normal 0.9659258262890682 -0.2588190451025213 -4.869503271547699e-17
    outer loop
      vertex -12.204755079082593 22.906870149187675 77.7824855787278
      vertex -13.94337574705868 16.418249481211596 77.5
      vertex -13.94337574705868 16.418249481211596 75
    endloop
  endfacet
  facet normal 0.9659258262890681 -0.25881904510252135 1.8373353486321695e-14
    outer loop
      vertex -12.204755079082593 22.906870149187675 77.7824855787278
      vertex -13.589924111087974 17.737348944672597 77.63450303717738
      vertex -13.76579482841224 17.08099049205485 77.53370691329462
    endloop
  endfacet
  facet normal 0.9659258262890771 -0.25881904510248827 -7.994790063079999e-13
    outer loop
      vertex -12.204755079082593 22.906870149187675 77.7824855787278
      vertex -13.76579482841224 17.08099049205485 77.53370691329462
      vertex -13.94337574705868 16.418249481211596 77.5
    endloop
  endfacet
  facet normal 0.08719351015970725 0.3254106100062996 -0.9415440651830146
    outer loop
      vertex -13.22962931879719 19.081987415204278 75.40906681054402
      vertex -14.533594125631598 19.431383732154163 75.40906681054402
      vertex -14.692676812893993 19.631826491920656 75.46361043172752
    endloop
  endfacet
  facet normal 0.06288789814137624 0.2347008310448318 -0.9700312531945687
    outer loop
      vertex -13.22962931879719 19.081987415204278 75.40906681054402
      vertex -14.479152742999762 19.362788078107723 75.39599944509224
      vertex -14.533594125631598 19.431383732154163 75.40906681054402
    endloop
  endfacet
  facet normal 0.08719351015970701 0.3254106100062554 -0.94154406518303
    outer loop
      vertex -13.002441021916443 19.929865682048263 75.72314444114278
      vertex -14.692676812893993 19.631826491920656 75.46361043172752
      vertex -14.931543081990366 19.878640393512843 75.52679204585867
    endloop
  endfacet
  facet normal 0.08719351015970335 0.3254106100063154 -0.9415440651830096
    outer loop
      vertex -13.002441021916443 19.929865682048263 75.72314444114278
      vertex -14.931543081990366 19.878640393512843 75.52679204585867
      vertex -15.193451137539892 20.10085283008974 75.57933722527669
    endloop
  endfacet
  facet normal 0.08719351015969945 0.3254106100062443 -0.9415440651830345
    outer loop
      vertex -13.002441021916443 19.929865682048263 75.72314444114278
      vertex -15.193451137539892 20.10085283008974 75.57933722527669
      vertex -15.475878661794125 20.296323774413437 75.62073993117963
    endloop
  endfacet
  facet normal 0.965925826289068 -0.25881904510252174 -3.577748839999781e-15
    outer loop
      vertex -11.774924561863312 24.511019478093647 80.02173100015303
      vertex -11.671758372312496 24.89604093912056 80.86450739253165
      vertex -12.436974549443322 22.040215287294707 80.61100836886278
    endloop
  endfacet
  facet normal 0.9659258262890681 -0.258819045102521 2.9791848278851704e-15
    outer loop
      vertex -11.671758372312496 24.89604093912056 80.86450739253165
      vertex -11.590469099872866 25.199416633975577 81.7422955660826
      vertex -12.345569610598933 22.381343163124686 81.20022284221801
    endloop
  endfacet
  facet normal 0.9659258262890682 -0.25881904510252035 -3.2439397339170343e-16
    outer loop
      vertex -11.898974121723553 24.04806021803867 79.22208278631378
      vertex -11.774924561863312 24.511019478093647 80.02173100015303
      vertex -12.662286833813141 21.19933839445713 79.55025253169417
    endloop
  endfacet
  facet normal 0.9659258262890684 -0.2588190451025201 4.119905393934149e-15
    outer loop
      vertex -11.774924561863312 24.511019478093647 80.02173100015303
      vertex -12.436974549443322 22.040215287294707 80.61100836886278
      vertex -12.542886955303404 21.644944807473017 80.05924701085448
    endloop
  endfacet
  facet normal 0.9659258262890683 -0.2588190451025206 -2.0360190976169787e-15
    outer loop
      vertex -11.898974121723553 24.04806021803867 79.22208278631378
      vertex -12.662286833813141 21.19933839445713 79.55025253169417
      vertex -12.79402429887187 20.707687481597628 79.08892682646083
    endloop
  endfacet
  facet normal 0.9659258262890685 -0.25881904510252013 -2.4675620195593914e-15
    outer loop
      vertex -11.774924561863312 24.511019478093647 80.02173100015303
      vertex -12.542886955303404 21.644944807473017 80.05924701085448
      vertex -12.662286833813141 21.19933839445713 79.55025253169417
    endloop
  endfacet
  facet normal 0.965925826289068 -0.2588190451025218 -3.1197728181502278e-15
    outer loop
      vertex -11.671758372312496 24.89604093912056 80.86450739253165
      vertex -12.345569610598933 22.381343163124686 81.20022284221801
      vertex -12.436974549443322 22.040215287294707 80.61100836886278
    endloop
  endfacet
  facet normal 0.9659258262890683 -0.2588190451025204 1.4714621626573923e-16
    outer loop
      vertex -11.590469099872866 25.199416633975577 81.7422955660826
      vertex -11.531839604675241 25.41822488887523 82.64664194084678
      vertex -12.209655059658605 22.888583172721898 82.46800725921877
    endloop
  endfacet
  facet normal 0.9659258262890685 -0.2588190451025201 -5.39949351800853e-15
    outer loop
      vertex -11.531839604675241 25.41822488887523 82.64664194084678
      vertex -12.166454378986668 23.049810307911113 83.1343677458871
      vertex -12.209655059658605 22.888583172721898 82.46800725921877
    endloop
  endfacet
  facet normal 0.9659258262890689 -0.25881904510251913 -1.4358499240829107e-16
    outer loop
      vertex -11.531839604675241 25.41822488887523 82.64664194084678
      vertex -11.49643452080852 25.55035846071207 83.56883716686917
      vertex -12.166454378986668 23.049810307911113 83.1343677458871
    endloop
  endfacet
  facet normal 0.9659258262890683 -0.2588190451025203 -1.797448552803737e-15
    outer loop
      vertex -11.49643452080852 25.55035846071207 83.56883716686917
      vertex -11.484594818584728 25.59454483095774 84.5
      vertex -12.140366422453297 23.14717188715931 83.81388001769308
    endloop
  endfacet
  facet normal 0.9659258262890686 -0.25881904510251974 3.979843723073986e-15
    outer loop
      vertex -11.49643452080852 25.55035846071207 83.56883716686917
      vertex -12.140366422453297 23.14717188715931 83.81388001769308
      vertex -12.166454378986668 23.049810307911113 83.1343677458871
    endloop
  endfacet
  facet normal 0.9659258262890685 -0.25881904510251974 -4.237942365582925e-15
    outer loop
      vertex -12.345569610598933 22.381343163124686 81.20022284221801
      vertex -11.590469099872866 25.199416633975577 81.7422955660826
      vertex -12.269552418298332 22.665043187039252 81.82121597344437
    endloop
  endfacet
  facet normal 0.9659258262890686 -0.2588190451025195 3.221554504103754e-15
    outer loop
      vertex -11.590469099872866 25.199416633975577 81.7422955660826
      vertex -12.209655059658605 22.888583172721898 82.46800725921877
      vertex -12.269552418298332 22.665043187039252 81.82121597344437
    endloop
  endfacet
  facet normal 0.9659258262890659 -0.2588190451025303 8.10467902469453e-14
    outer loop
      vertex -13.46369138395558 18.20845589590867 75.18253983616931
      vertex -13.94337574705868 16.418249481211596 75
      vertex -13.702373071752797 17.317683710213153 75.04574509661413
    endloop
  endfacet
  facet normal 0.03797664128597899 0.1417307547800748 -0.989176509964782
    outer loop
      vertex -13.702373071752797 17.317683710213153 75.04574509661413
      vertex -13.827420988933225 17.351190198636846 75.04574509661413
      vertex -13.825990082903136 17.43863292894663 75.05832896313993
    endloop
  endfacet
  facet normal 0.012699648614825663 0.04739573386879552 -0.9987954562051724
    outer loop
      vertex -13.702373071752797 17.317683710213153 75.04574509661413
      vertex -13.831609907735304 17.095205186764915 75.03354460529407
      vertex -13.827420988933225 17.351190198636846 75.04574509661413
    endloop
  endfacet
  facet normal 0.012699648614736646 0.047395733868814474 -0.9987954562051725
    outer loop
      vertex -13.702373071752797 17.317683710213153 75.04574509661413
      vertex -13.94337574705868 16.418249481211596 75
      vertex -13.870864476773338 16.753981982189355 75.01685345664731
    endloop
  endfacet
  facet normal 0.012699648614852805 0.047395733868779766 -0.9987954562051727
    outer loop
      vertex -13.702373071752797 17.317683710213153 75.04574509661413
      vertex -13.870864476773338 16.753981982189355 75.01685345664731
      vertex -13.831609907735304 17.095205186764915 75.03354460529407
    endloop
  endfacet
  facet normal 0.20788540631697364 0.7758388985270452 -0.5956993044924327
    outer loop
      vertex -12.042712386819382 23.51162170970924 78.47326380044537
      vertex -18.804193170842858 25.323355025426885 78.47326380044537
      vertex -11.898974121723553 24.04806021803867 79.22208278631378
    endloop
  endfacet
  facet normal 0.17381224742355342 0.6486761383624338 -0.7409511253549551
    outer loop
      vertex -12.383541638805152 22.23962962459264 77.156400693054
      vertex -18.96623586310607 24.71860346490532 77.7824855787278
      vertex -12.204755079082593 22.906870149187675 77.7824855787278
    endloop
  endfacet
  facet normal 0.15417832515696606 0.5754013429116731 -0.8032075314806479
    outer loop
      vertex -12.383541638805152 22.23962962459264 77.156400693054
      vertex -12.577350253682251 21.516326026926752 76.60103868312582
      vertex -19.14502242282863 24.051362940310284 77.156400693054
    endloop
  endfacet
  facet normal 0.19177226273200804 0.7157038279983012 -0.6715589548470213
    outer loop
      vertex -12.204755079082593 22.906870149187675 77.7824855787278
      vertex -18.96623586310607 24.71860346490532 77.7824855787278
      vertex -12.042712386819382 23.51162170970924 78.47326380044537
    endloop
  endfacet
  facet normal 0.08719351015971143 0.3254106100063341 -0.9415440651830023
    outer loop
      vertex -13.002441021916443 19.929865682048263 75.72314444114278
      vertex -15.475878661794125 20.296323774413437 75.62073993117963
      vertex -15.776105723303914 20.463170734434826 75.65060143287666
    endloop
  endfacet
  facet normal 0.08719351015969268 0.32541061000623167 -0.9415440651830396
    outer loop
      vertex -13.002441021916443 19.929865682048263 75.72314444114278
      vertex -15.776105723303914 20.463170734434826 75.65060143287666
      vertex -16.091240971346096 20.599786882721055 75.66863414778244
    endloop
  endfacet
  facet normal 0.13305958133667542 0.4965851179823158 -0.8577286100002717
    outer loop
      vertex -12.784314440806064 20.743925165233506 76.12174798869063
      vertex -19.338831037705727 23.328059342644398 76.60103868312582
      vertex -12.577350253682251 21.516326026926752 76.60103868312582
    endloop
  endfacet
  facet normal 0.08719351015972789 0.3254106100063988 -0.9415440651829785
    outer loop
      vertex -13.002441021916443 19.929865682048263 75.72314444114278
      vertex -16.091240971346096 20.599786882721055 75.66863414778244
      vertex -16.418249481211593 20.704856531082154 75.67466441099478
    endloop
  endfacet
  facet normal 0.11065940101034456 0.4129865069057444 -0.9039892931234437
    outer loop
      vertex -12.784314440806064 20.743925165233506 76.12174798869063
      vertex -13.002441021916443 19.929865682048263 75.72314444114278
      vertex -19.54579522482954 22.555658480951152 76.12174798869063
    endloop
  endfacet
  facet normal 0.22199649979738312 0.8285022163462874 -0.5141027441932206
    outer loop
      vertex -11.898974121723553 24.04806021803867 79.22208278631378
      vertex -18.66045490574703 25.859793533756317 79.22208278631378
      vertex -11.774924561863312 24.511019478093647 80.02173100015303
    endloop
  endfacet
  facet normal 0.23396964562911235 0.8731866049167322 -0.42755509343028353
    outer loop
      vertex -11.774924561863312 24.511019478093647 80.02173100015303
      vertex -18.536405345886788 26.322752793811294 80.02173100015303
      vertex -11.671758372312496 24.89604093912056 80.86450739253165
    endloop
  endfacet
  facet normal 0.24368953587261474 0.9094617291494783 -0.33688985339221866
    outer loop
      vertex -11.671758372312496 24.89604093912056 80.86450739253165
      vertex -18.433239156335976 26.707774254838203 80.86450739253165
      vertex -11.590469099872866 25.199416633975577 81.7422955660826
    endloop
  endfacet
  facet normal 0.2510625626714134 0.9369782397681596 -0.2429801799032671
    outer loop
      vertex -11.590469099872866 25.199416633975577 81.7422955660826
      vertex -18.351949883896342 27.011149949693223 81.7422955660826
      vertex -11.531839604675241 25.41822488887523 82.64664194084678
    endloop
  endfacet
  facet normal 0.25601771974692883 0.9554711377334675 -0.14673047445536405
    outer loop
      vertex -11.531839604675241 25.41822488887523 82.64664194084678
      vertex -18.293320388698717 27.229958204592876 82.64664194084678
      vertex -11.49643452080852 25.55035846071207 83.56883716686917
    endloop
  endfacet
  facet normal 0.258507286227759 0.9647623263287485 -0.049067674327413775
    outer loop
      vertex -11.49643452080852 25.55035846071207 83.56883716686917
      vertex -18.257915304832 27.36209177642971 83.56883716686917
      vertex -11.484594818584728 25.59454483095774 84.5
    endloop
  endfacet
  facet normal 0.965925826289068 -0.2588190451025221 1.7042217012869033e-15
    outer loop
      vertex -11.484594818584728 25.59454483095774 84.5
      vertex -11.49643452080852 25.55035846071207 85.43116283313083
      vertex -12.131642431341033 23.179730265235072 84.5
    endloop
  endfacet
  facet normal 0.965925826289068 -0.2588190451025222 5.243244301250213e-15
    outer loop
      vertex -12.140366422453297 23.14717188715931 83.81388001769308
      vertex -11.484594818584728 25.59454483095774 84.5
      vertex -12.131642431341033 23.179730265235072 84.5
    endloop
  endfacet
  facet normal 0.9659258262890686 -0.25881904510251963 -5.052264599003833e-15
    outer loop
      vertex -11.49643452080852 25.55035846071207 85.43116283313083
      vertex -12.140366422453297 23.14717188715931 85.18611998230692
      vertex -12.131642431341033 23.179730265235072 84.5
    endloop
  endfacet
  facet normal 0.9659258262890684 -0.25881904510252013 -1.8766708927504864e-17
    outer loop
      vertex -11.49643452080852 25.55035846071207 85.43116283313083
      vertex -11.531839604675241 25.41822488887523 86.35335805915322
      vertex -12.140366422453297 23.14717188715931 85.18611998230692
    endloop
  endfacet
  facet normal 0.965925826289069 -0.2588190451025183 -3.8089138378937105e-15
    outer loop
      vertex -11.531839604675241 25.41822488887523 86.35335805915322
      vertex -12.166454378986668 23.049810307911113 85.8656322541129
      vertex -12.140366422453297 23.14717188715931 85.18611998230692
    endloop
  endfacet
  facet normal 0.9659258262890688 -0.2588190451025191 2.1342967475288484e-16
    outer loop
      vertex -11.531839604675241 25.41822488887523 86.35335805915322
      vertex -11.590469099872866 25.199416633975577 87.2577044339174
      vertex -12.166454378986668 23.049810307911113 85.8656322541129
    endloop
  endfacet
  facet normal 0.965925826289068 -0.25881904510252196 4.958893537842122e-15
    outer loop
      vertex -12.166454378986668 23.049810307911113 85.8656322541129
      vertex -11.590469099872866 25.199416633975577 87.2577044339174
      vertex -12.209655059658605 22.888583172721898 86.53199274078123
    endloop
  endfacet
  facet normal 0.9659258262890685 -0.2588190451025195 -2.4239922629863885e-15
    outer loop
      vertex -11.590469099872866 25.199416633975577 87.2577044339174
      vertex -11.671758372312496 24.89604093912056 88.13549260746835
      vertex -12.269552418298332 22.665043187039252 87.17878402655563
    endloop
  endfacet
  facet normal 0.965925826289068 -0.2588190451025219 3.5422148998527567e-15
    outer loop
      vertex -11.671758372312496 24.89604093912056 88.13549260746835
      vertex -11.774924561863312 24.511019478093647 88.97826899984697
      vertex -12.345569610598933 22.381343163124686 87.79977715778199
    endloop
  endfacet
  facet normal 0.9659258262890686 -0.2588190451025196 -3.2363104969809353e-15
    outer loop
      vertex -11.590469099872866 25.199416633975577 87.2577044339174
      vertex -12.269552418298332 22.665043187039252 87.17878402655563
      vertex -12.209655059658605 22.888583172721898 86.53199274078123
    endloop
  endfacet
  facet normal 0.965925826289068 -0.2588190451025218 3.2246525798150393e-15
    outer loop
      vertex -11.671758372312496 24.89604093912056 88.13549260746835
      vertex -12.345569610598933 22.381343163124686 87.79977715778199
      vertex -12.269552418298332 22.665043187039252 87.17878402655563
    endloop
  endfacet
  facet normal 0.9659258262890681 -0.25881904510252174 3.191194912766473e-15
    outer loop
      vertex -11.774924561863312 24.511019478093647 88.97826899984697
      vertex -12.436974549443322 22.040215287294707 88.38899163113722
      vertex -12.345569610598933 22.381343163124686 87.79977715778199
    endloop
  endfacet
  facet normal 0.9659258262890684 -0.2588190451025201 -4.162339991318088e-15
    outer loop
      vertex -11.774924561863312 24.511019478093647 88.97826899984697
      vertex -12.542886955303404 21.644944807473017 88.94075298914552
      vertex -12.436974549443322 22.040215287294707 88.38899163113722
    endloop
  endfacet
  facet normal 0.9659258262890685 -0.2588190451025201 5.039590333648876e-16
    outer loop
      vertex -11.774924561863312 24.511019478093647 88.97826899984697
      vertex -11.898974121723553 24.04806021803867 89.77791721368622
      vertex -12.542886955303404 21.644944807473017 88.94075298914552
    endloop
  endfacet
  facet normal 0.9659258262890682 -0.2588190451025206 1.8075481322950085e-15
    outer loop
      vertex -11.898974121723553 24.04806021803867 89.77791721368622
      vertex -12.042712386819382 23.51162170970924 90.52673619955463
      vertex -12.662286833813141 21.19933839445713 89.44974746830583
    endloop
  endfacet
  facet normal 0.9659258262890683 -0.2588190451025206 1.9617555703271408e-15
    outer loop
      vertex -12.542886955303404 21.644944807473017 88.94075298914552
      vertex -11.898974121723553 24.04806021803867 89.77791721368622
      vertex -12.662286833813141 21.19933839445713 89.44974746830583
    endloop
  endfacet
  facet normal 0.9659258262890684 -0.2588190451025207 2.024458553155145e-15
    outer loop
      vertex -12.042712386819382 23.51162170970924 90.52673619955463
      vertex -12.79402429887187 20.707687481597628 89.91107317353917
      vertex -12.662286833813141 21.19933839445713 89.44974746830583
    endloop
  endfacet
  facet normal 0.9659258262890685 -0.25881904510251946 -2.3856044936188047e-15
    outer loop
      vertex -12.042712386819382 23.51162170970924 90.52673619955463
      vertex -12.204755079082593 22.906870149187675 91.2175144212722
      vertex -12.936830646676047 20.174726935949078 90.32028728611782
    endloop
  endfacet
  facet normal 0.9659258262890686 -0.2588190451025194 -4.141742024366897e-15
    outer loop
      vertex -12.042712386819382 23.51162170970924 90.52673619955463
      vertex -12.936830646676047 20.174726935949078 90.32028728611782
      vertex -12.79402429887187 20.707687481597628 89.91107317353917
    endloop
  endfacet
  facet normal 0.9659258262890686 -0.25881904510251935 -2.7591199522454706e-15
    outer loop
      vertex -12.204755079082593 22.906870149187675 91.2175144212722
      vertex -13.08933057403043 19.605589458911947 90.67344885043849
      vertex -12.936830646676047 20.174726935949078 90.32028728611782
    endloop
  endfacet
  facet normal 0.9659258262890682 -0.2588190451025208 9.75394210319909e-16
    outer loop
      vertex -12.204755079082593 22.906870149187675 91.2175144212722
      vertex -12.383541638805152 22.23962962459264 91.843599306946
      vertex -13.417457326234423 18.381003748364098 91.19858235012546
    endloop
  endfacet
  facet normal 0.9659258262890682 -0.2588190451025209 7.702207064054216e-15
    outer loop
      vertex -12.204755079082593 22.906870149187675 91.2175144212722
      vertex -13.250055423269663 19.005756155512294 90.96715672757901
      vertex -13.08933057403043 19.605589458911947 90.67344885043849
    endloop
  endfacet
  facet normal 0.9659258262890683 -0.2588190451025209 5.035513958828171e-15
    outer loop
      vertex -12.204755079082593 22.906870149187675 91.2175144212722
      vertex -13.417457326234423 18.381003748364098 91.19858235012546
      vertex -13.250055423269663 19.005756155512294 90.96715672757901
    endloop
  endfacet
  facet normal 0.9659258262890682 -0.258819045102521 2.469031741700085e-15
    outer loop
      vertex -12.383541638805152 22.23962962459264 91.843599306946
      vertex -13.589924111087974 17.737348944672597 91.36549696282262
      vertex -13.417457326234423 18.381003748364098 91.19858235012546
    endloop
  endfacet
  facet normal 0.9659258262890686 -0.2588190451025199 -9.1852356428907e-15
    outer loop
      vertex -12.383541638805152 22.23962962459264 91.843599306946
      vertex -13.76579482841224 17.08099049205485 91.46629308670538
      vertex -13.589924111087974 17.737348944672597 91.36549696282262
    endloop
  endfacet
  facet normal 0.9659258262890674 -0.25881904510252396 5.434958037921784e-14
    outer loop
      vertex -12.383541638805152 22.23962962459264 91.843599306946
      vertex -13.94337574705868 16.418249481211596 91.5
      vertex -13.76579482841224 17.08099049205485 91.46629308670538
    endloop
  endfacet
  facet normal 0.9659258262890682 -0.2588190451025207 -2.734536284949299e-15
    outer loop
      vertex -12.383541638805152 22.23962962459264 91.843599306946
      vertex -12.577350253682251 21.516326026926752 92.39896131687418
      vertex -15.503209855312202 10.596869337830546 91.843599306946
    endloop
  endfacet
  facet normal 0.9659258262890682 -0.2588190451025208 8.15823062319926e-15
    outer loop
      vertex -12.577350253682251 21.516326026926752 92.39896131687418
      vertex -12.784314440806064 20.743925165233506 92.87825201130937
      vertex -15.3094012404351 11.320172935496434 92.39896131687418
    endloop
  endfacet
  facet normal 0.9659258262890684 -0.2588190451025204 -8.555484306533814e-15
    outer loop
      vertex -12.784314440806064 20.743925165233506 92.87825201130937
      vertex -13.002441021916443 19.929865682048263 93.27685555885722
      vertex -15.102437053311291 12.092573797189683 92.87825201130937
    endloop
  endfacet
  facet normal 0.037976641285977566 0.14173075478008587 0.9891765099647805
    outer loop
      vertex -13.46369138395558 18.20845589590867 93.81746016383069
      vertex -15.633199244093339 17.835047023816678 93.95425490338587
      vertex -13.702373071752797 17.317683710213153 93.95425490338587
    endloop
  endfacet
  facet normal 0.03797664128597632 0.1417307547800928 0.9891765099647796
    outer loop
      vertex -13.46369138395558 18.20845589590867 93.81746016383069
      vertex -15.765270412258426 18.224116139070414 93.90357897296907
      vertex -15.633199244093339 17.835047023816678 93.95425490338587
    endloop
  endfacet
  facet normal 0.037976641285976276 0.1417307547800704 0.9891765099647827
    outer loop
      vertex -13.46369138395558 18.20845589590867 93.81746016383069
      vertex -16.228345566854717 18.75215215159464 93.84569961271859
      vertex -15.765270412258426 18.224116139070414 93.90357897296907
    endloop
  endfacet
  facet normal 0.9659258262890678 -0.25881904510252307 1.8282777709076717e-13
    outer loop
      vertex -14.120956665705112 15.755508470368337 91.46629308670538
      vertex -13.94337574705868 16.418249481211596 91.5
      vertex -15.510308153533718 10.570378128220568 91.3961004077941
    endloop
  endfacet
  facet normal 0.9659258262890683 -0.2588190451025207 -7.548745667047477e-15
    outer loop
      vertex -14.120956665705112 15.755508470368337 91.46629308670538
      vertex -15.510308153533718 10.570378128220568 91.3961004077941
      vertex -14.29682738302938 15.09915001775059 91.36549696282262
    endloop
  endfacet
  facet normal 0.9659258262890686 -0.2588190451025196 -3.053915279661067e-14
    outer loop
      vertex -12.383541638805152 22.23962962459264 91.843599306946
      vertex -15.510308153533718 10.570378128220568 91.3961004077941
      vertex -13.94337574705868 16.418249481211596 91.5
    endloop
  endfacet
  facet normal 0.9659258262890682 -0.25881904510252074 5.556378489059168e-15
    outer loop
      vertex -13.002441021916443 19.929865682048263 93.27685555885722
      vertex -13.22962931879719 19.081987415204278 93.59093318945598
      vertex -14.884310472200909 12.906633280374923 93.27685555885722
    endloop
  endfacet
  facet normal 0.9659258262890684 -0.2588190451025206 -3.0535696676971534e-15
    outer loop
      vertex -13.22962931879719 19.081987415204278 93.59093318945598
      vertex -13.46369138395558 18.20845589590867 93.81746016383069
      vertex -14.657122175320163 13.75451154721891 93.59093318945598
    endloop
  endfacet
  facet normal 0.9659258262890684 -0.25881904510252046 -1.2163845755796072e-14
    outer loop
      vertex -13.46369138395558 18.20845589590867 93.81746016383069
      vertex -13.702373071752797 17.317683710213153 93.95425490338587
      vertex -14.423060110161773 14.628043066514516 93.81746016383069
    endloop
  endfacet
  facet normal 0.965925826289068 -0.2588190451025217 1.0033713604063562e-13
    outer loop
      vertex -13.702373071752797 17.317683710213153 93.95425490338587
      vertex -13.94337574705868 16.418249481211596 94
      vertex -14.184378422364555 15.51881525221003 93.95425490338587
    endloop
  endfacet
  facet normal 0.965925826289068 -0.2588190451025217 1.4005423468255954e-14
    outer loop
      vertex -13.702373071752797 17.317683710213153 93.95425490338587
      vertex -14.184378422364555 15.51881525221003 93.95425490338587
      vertex -14.423060110161773 14.628043066514516 93.81746016383069
    endloop
  endfacet
  facet normal 0.9659258262890684 -0.25881904510252046 2.9271305612734393e-16
    outer loop
      vertex -12.784314440806064 20.743925165233506 92.87825201130937
      vertex -15.102437053311291 12.092573797189683 92.87825201130937
      vertex -15.3094012404351 11.320172935496434 92.39896131687418
    endloop
  endfacet
  facet normal 0.9659258262890682 -0.2588190451025207 2.105799405302339e-15
    outer loop
      vertex -12.383541638805152 22.23962962459264 91.843599306946
      vertex -15.503209855312202 10.596869337830546 91.843599306946
      vertex -15.510308153533718 10.570378128220568 91.3961004077941
    endloop
  endfacet
  facet normal 0.9659258262890682 -0.25881904510252074 -9.674323286723291e-16
    outer loop
      vertex -12.577350253682251 21.516326026926752 92.39896131687418
      vertex -15.3094012404351 11.320172935496434 92.39896131687418
      vertex -15.503209855312202 10.596869337830546 91.843599306946
    endloop
  endfacet
  facet normal 0.9659258262890683 -0.25881904510252074 -1.8798923233700763e-15
    outer loop
      vertex -13.002441021916443 19.929865682048263 93.27685555885722
      vertex -14.884310472200909 12.906633280374923 93.27685555885722
      vertex -15.102437053311291 12.092573797189683 92.87825201130937
    endloop
  endfacet
  facet normal 0.9659258262890684 -0.2588190451025205 1.193963557135845e-15
    outer loop
      vertex -13.22962931879719 19.081987415204278 93.59093318945598
      vertex -14.657122175320163 13.75451154721891 93.59093318945598
      vertex -14.884310472200909 12.906633280374923 93.27685555885722
    endloop
  endfacet
  facet normal 0.9659258262890683 -0.2588190451025204 -4.613801989517919e-15
    outer loop
      vertex -13.46369138395558 18.20845589590867 93.81746016383069
      vertex -14.423060110161773 14.628043066514516 93.81746016383069
      vertex -14.657122175320163 13.75451154721891 93.59093318945598
    endloop
  endfacet
  facet normal 0.012699648614822992 0.04739573386879133 0.9987954562051724
    outer loop
      vertex -13.702373071752797 17.317683710213153 93.95425490338587
      vertex -15.585449651750094 16.85824185788588 94
      vertex -13.94337574705868 16.418249481211596 94
    endloop
  endfacet
  facet normal -0.012699648614823613 -0.04739573386879082 0.9987954562051726
    outer loop
      vertex -13.94337574705868 16.418249481211596 94
      vertex -15.896080126546192 16.228345566854717 93.96615994331609
      vertex -14.184378422364555 15.51881525221003 93.95425490338587
    endloop
  endfacet
  facet normal -0.03797664128597886 -0.1417307547800861 0.9891765099647805
    outer loop
      vertex -14.184378422364555 15.51881525221003 93.95425490338587
      vertex -16.424116139070417 15.765270412258428 93.90357897296907
      vertex -14.423060110161773 14.628043066514516 93.81746016383069
    endloop
  endfacet
  facet normal 0.9659258262891025 -0.25881904510239273 -1.2059632932141448e-13
    outer loop
      vertex -15.243666864511818 11.565496966245954 89.3846034691419
      vertex -15.262847572763134 11.493913588526896 89.28612342798412
      vertex -15.224464660304212 11.637160567966058 89.44974746830583
    endloop
  endfacet
  facet normal 0.9659258262890932 -0.25881904510242815 -7.872733849334371e-14
    outer loop
      vertex -15.243666864511818 11.565496966245954 89.3846034691419
      vertex -15.224464660304212 11.637160567966058 89.44974746830583
      vertex -15.229322293963643 11.619031632344496 89.46448085850183
    endloop
  endfacet
  facet normal 0.9659258262890691 -0.25881904510251785 -2.1946701817278813e-15
    outer loop
      vertex -15.092727195245484 12.128811480825558 89.91107317353917
      vertex -14.949920847441305 12.661772026474107 90.32028728611782
      vertex -15.17674065679274 11.815268973811458 90.18615019903261
    endloop
  endfacet
  facet normal 0.9659258262890662 -0.25881904510252823 5.746285886584038e-15
    outer loop
      vertex -15.224464660304212 11.637160567966058 89.44974746830583
      vertex -15.092727195245484 12.128811480825558 89.91107317353917
      vertex -15.177567731929345 11.812182287379988 90.05451732378359
    endloop
  endfacet
  facet normal 0.9659258262891018 -0.2588190451023954 -3.54679965631416e-14
    outer loop
      vertex -15.224464660304212 11.637160567966058 89.44974746830583
      vertex -15.177567731929345 11.812182287379988 90.05451732378359
      vertex -15.229322293963643 11.619031632344496 89.46448085850183
    endloop
  endfacet
  facet normal 0.9659258262890696 -0.2588190451025156 6.6951708028278795e-15
    outer loop
      vertex -15.229322293963643 11.619031632344496 89.46448085850183
      vertex -15.177567731929345 11.812182287379988 90.05451732378359
      vertex -15.271020154339416 11.463413098855197 89.5909520768617
    endloop
  endfacet
  facet normal 0.9659258262890217 -0.25881904510269466 -3.887798051128865e-13
    outer loop
      vertex -15.092727195245484 12.128811480825558 89.91107317353917
      vertex -15.177297504663048 11.813190789267384 90.06349988220124
      vertex -15.177567731929345 11.812182287379988 90.05451732378359
    endloop
  endfacet
  facet normal 0.9659258262890673 -0.25881904510252457 -1.0397226424441655e-14
    outer loop
      vertex -15.092727195245484 12.128811480825558 89.91107317353917
      vertex -15.17674065679274 11.815268973811458 90.18615019903261
      vertex -15.177297504663048 11.813190789267384 90.06349988220124
    endloop
  endfacet
  facet normal 0.9659258262890684 -0.2588190451025206 8.448997147062327e-15
    outer loop
      vertex -14.29682738302938 15.09915001775059 91.36549696282262
      vertex -15.510308153533718 10.570378128220568 91.3961004077941
      vertex -14.469294167882929 14.455495214059088 91.19858235012546
    endloop
  endfacet
  facet normal 0.9659258262890683 -0.2588190451025206 -2.6085708646953525e-15
    outer loop
      vertex -14.63669607084769 13.830742806910889 90.96715672757901
      vertex -15.278667227129356 11.434873834673967 91.05804573243785
      vertex -14.79742092008692 13.230909503511237 90.67344885043849
    endloop
  endfacet
  facet normal 0.9659258262890682 -0.258819045102521 -2.6063360043894753e-15
    outer loop
      vertex -14.469294167882929 14.455495214059088 91.19858235012546
      vertex -15.510308153533718 10.570378128220568 91.3961004077941
      vertex -14.63669607084769 13.830742806910889 90.96715672757901
    endloop
  endfacet
  facet normal 0.965925826289068 -0.2588190451025222 2.7171429972440107e-14
    outer loop
      vertex -15.17674065679274 11.815268973811458 90.18615019903261
      vertex -14.949920847441305 12.661772026474107 90.32028728611782
      vertex -15.179297969716446 11.805724952049347 90.3084208044478
    endloop
  endfacet
  facet normal 0.9659258262890681 -0.2588190451025215 -2.5290227641618303e-14
    outer loop
      vertex -14.949920847441305 12.661772026474107 90.32028728611782
      vertex -15.184944815112733 11.784650638127907 90.42913416567677
      vertex -15.179297969716446 11.805724952049347 90.3084208044478
    endloop
  endfacet
  facet normal 0.9659258262890699 -0.2588190451025152 2.924609696382944e-14
    outer loop
      vertex -14.949920847441305 12.661772026474107 90.32028728611782
      vertex -15.193626810773564 11.752248989210605 90.54712774706225
      vertex -15.184944815112733 11.784650638127907 90.42913416567677
    endloop
  endfacet
  facet normal 0.9659258262890683 -0.2588190451025206 -1.4771097776805153e-15
    outer loop
      vertex -14.79742092008692 13.230909503511237 90.67344885043849
      vertex -15.236906530063589 11.590726877882904 90.87362265404744
      vertex -14.949920847441305 12.661772026474107 90.32028728611782
    endloop
  endfacet
  facet normal 0.9659258262890683 -0.25881904510252074 -3.9574310569886086e-15
    outer loop
      vertex -14.79742092008692 13.230909503511237 90.67344885043849
      vertex -15.256614412163295 11.517176060577224 90.96979752501795
      vertex -15.236906530063589 11.590726877882904 90.87362265404744
    endloop
  endfacet
  facet normal 0.965925826289067 -0.25881904510252607 -1.7375671181442124e-14
    outer loop
      vertex -14.949920847441305 12.661772026474107 90.32028728611782
      vertex -15.205260344334656 11.708832050889045 90.66126520591362
      vertex -15.193626810773564 11.752248989210605 90.54712774706225
    endloop
  endfacet
  facet normal 0.9659258262890686 -0.25881904510251946 2.3350627627912427e-15
    outer loop
      vertex -14.949920847441305 12.661772026474107 90.32028728611782
      vertex -15.219733378508284 11.654817952013385 90.77044733610829
      vertex -15.205260344334656 11.708832050889045 90.66126520591362
    endloop
  endfacet
  facet normal 0.9659258262890675 -0.2588190451025239 -8.873444541492497e-15
    outer loop
      vertex -14.949920847441305 12.661772026474107 90.32028728611782
      vertex -15.236906530063589 11.590726877882904 90.87362265404744
      vertex -15.219733378508284 11.654817952013385 90.77044733610829
    endloop
  endfacet
  facet normal 0.9659258262890683 -0.2588190451025208 -4.188537310438327e-15
    outer loop
      vertex -14.79742092008692 13.230909503511237 90.67344885043849
      vertex -15.278667227129356 11.434873834673967 91.05804573243785
      vertex -15.256614412163295 11.517176060577224 90.96979752501795
    endloop
  endfacet
  facet normal 0.9659258262890686 -0.25881904510251896 4.2916307036276057e-14
    outer loop
      vertex -14.63669607084769 13.830742806910889 90.96715672757901
      vertex -15.299303879689019 11.35785679882317 91.12585653454562
      vertex -15.278667227129356 11.434873834673967 91.05804573243785
    endloop
  endfacet
  facet normal 0.9659258262890678 -0.25881904510252224 -1.273963191632629e-14
    outer loop
      vertex -14.63669607084769 13.830742806910889 90.96715672757901
      vertex -15.510308153533718 10.570378128220568 91.3961004077941
      vertex -15.299303879689019 11.35785679882317 91.12585653454562
    endloop
  endfacet
  facet normal 0.9659258262890709 -0.25881904510251125 -2.828010568917875e-14
    outer loop
      vertex -15.243666864511818 11.565496966245954 89.3846034691419
      vertex -15.264235645060886 11.488733232187105 89.29115838607461
      vertex -15.262847572763134 11.493913588526896 89.28612342798412
    endloop
  endfacet
  facet normal 0.9659258262890695 -0.2588190451025163 7.289434287546159e-15
    outer loop
      vertex -15.177567731929345 11.812182287379988 90.05451732378359
      vertex -15.377215492125414 11.06708670271093 90.39207180456494
      vertex -15.271020154339416 11.463413098855197 89.5909520768617
    endloop
  endfacet
  facet normal 0.9659258262890691 -0.25881904510251774 1.4406842077402754e-15
    outer loop
      vertex -15.299303879689019 11.35785679882317 91.12585653454562
      vertex -15.510308153533718 10.570378128220568 91.3961004077941
      vertex -15.480229162506642 10.682634450974021 91.16918956967652
    endloop
  endfacet
  facet normal 0.9659258262890767 -0.2588190451024897 -2.663040535876712e-14
    outer loop
      vertex -15.63327696592854 10.111452272616686 91.28590879677637
      vertex -15.503209855312202 10.596869337830546 91.843599306946
      vertex -15.65995292684973 10.011896231118076 91.21223483163689
    endloop
  endfacet
  facet normal 0.9659258262890427 -0.25881904510261644 9.928866949349278e-14
    outer loop
      vertex -15.65995292684973 10.011896231118076 91.21223483163689
      vertex -15.503209855312202 10.596869337830546 91.843599306946
      vertex -15.667913440663432 9.982187189111 91.21414143760913
    endloop
  endfacet
  facet normal 0.9659258262890696 -0.2588190451025154 -6.39302779801184e-15
    outer loop
      vertex -15.667913440663432 9.982187189111 91.21414143760913
      vertex -15.503209855312202 10.596869337830546 91.843599306946
      vertex -15.68199641503476 9.92962881323551 91.2175144212722
    endloop
  endfacet
  facet normal 0.9659258262890643 -0.2588190451025353 4.7083393032543707e-14
    outer loop
      vertex -15.710886309922724 9.821810257688288 91.09435854217892
      vertex -15.68823911787494 9.906330729059398 91.1636373243799
      vertex -15.68199641503476 9.92962881323551 91.2175144212722
    endloop
  endfacet
  facet normal 0.9659258262890704 -0.25881904510251286 3.674193915409438e-14
    outer loop
      vertex -15.68823911787494 9.906330729059398 91.1636373243799
      vertex -15.667913440663432 9.982187189111 91.21414143760913
      vertex -15.68199641503476 9.92962881323551 91.2175144212722
    endloop
  endfacet
  facet normal 0.9659258262890683 -0.25881904510252063 2.3038102187654735e-15
    outer loop
      vertex -15.510308153533718 10.570378128220568 91.3961004077941
      vertex -15.503209855312202 10.596869337830546 91.843599306946
      vertex -15.63327696592854 10.111452272616686 91.28590879677637
    endloop
  endfacet
  facet normal 0.012699648614822548 0.04739573386879318 0.9987954562051724
    outer loop
      vertex -13.702373071752797 17.317683710213153 93.95425490338587
      vertex -15.539515388597557 17.559063285066507 93.96615994331609
      vertex -15.585449651750094 16.85824185788588 94
    endloop
  endfacet
  facet normal 0.01269964861482157 0.047395733868785705 0.9987954562051728
    outer loop
      vertex -13.702373071752797 17.317683710213153 93.95425490338587
      vertex -15.633199244093339 17.835047023816678 93.95425490338587
      vertex -15.539515388597557 17.559063285066507 93.96615994331609
    endloop
  endfacet
  facet normal -0.012699648614823408 -0.04739573386879289 0.9987954562051724
    outer loop
      vertex -13.94337574705868 16.418249481211596 94
      vertex -15.585449651750094 16.85824185788588 94
      vertex -15.896080126546192 16.228345566854717 93.96615994331609
    endloop
  endfacet
  facet normal -0.01269964861482179 -0.04739573386878642 0.9987954562051728
    outer loop
      vertex -14.184378422364555 15.51881525221003 93.95425490338587
      vertex -15.896080126546192 16.228345566854717 93.96615994331609
      vertex -16.115204594705098 16.036178565813557 93.95425490338587
    endloop
  endfacet
  facet normal -0.03797664128597961 -0.1417307547800931 0.9891765099647793
    outer loop
      vertex -14.184378422364555 15.51881525221003 93.95425490338587
      vertex -16.115204594705098 16.036178565813557 93.95425490338587
      vertex -16.424116139070417 15.765270412258428 93.90357897296907
    endloop
  endfacet
  facet normal -0.03797664128597101 -0.14173075478007244 0.9891765099647826
    outer loop
      vertex -14.423060110161773 14.628043066514516 93.81746016383069
      vertex -16.424116139070417 15.765270412258428 93.90357897296907
      vertex -17.089168993074324 15.539515388597557 93.84569961271859
    endloop
  endfacet
  facet normal 0.25850728622775954 0.9647623263287481 0.049067674327413775
    outer loop
      vertex -11.484594818584728 25.59454483095774 84.5
      vertex -18.246075602608204 27.406278146675387 84.5
      vertex -11.49643452080852 25.55035846071207 85.43116283313083
    endloop
  endfacet
  facet normal 0.2560177197469282 0.9554711377334676 0.14673047445536405
    outer loop
      vertex -11.49643452080852 25.55035846071207 85.43116283313083
      vertex -18.257915304832 27.36209177642971 85.43116283313083
      vertex -11.531839604675241 25.41822488887523 86.35335805915322
    endloop
  endfacet
  facet normal 0.2510625626714134 0.9369782397681596 0.2429801799032671
    outer loop
      vertex -11.531839604675241 25.41822488887523 86.35335805915322
      vertex -18.293320388698717 27.229958204592876 86.35335805915322
      vertex -11.590469099872866 25.199416633975577 87.2577044339174
    endloop
  endfacet
  facet normal 0.24368953587261533 0.9094617291494783 0.33688985339221866
    outer loop
      vertex -11.590469099872866 25.199416633975577 87.2577044339174
      vertex -18.351949883896342 27.011149949693223 87.2577044339174
      vertex -11.671758372312496 24.89604093912056 88.13549260746835
    endloop
  endfacet
  facet normal 0.2339696456291118 0.8731866049167324 0.4275550934302835
    outer loop
      vertex -11.671758372312496 24.89604093912056 88.13549260746835
      vertex -18.433239156335976 26.707774254838203 88.13549260746835
      vertex -11.774924561863312 24.511019478093647 88.97826899984697
    endloop
  endfacet
  facet normal 0.2219964997973832 0.8285022163462875 0.5141027441932206
    outer loop
      vertex -11.774924561863312 24.511019478093647 88.97826899984697
      vertex -18.536405345886788 26.322752793811294 88.97826899984697
      vertex -11.898974121723553 24.04806021803867 89.77791721368622
    endloop
  endfacet
  facet normal 0.2078854063169736 0.7758388985270452 0.5956993044924327
    outer loop
      vertex -11.898974121723553 24.04806021803867 89.77791721368622
      vertex -18.66045490574703 25.859793533756317 89.77791721368622
      vertex -12.042712386819382 23.51162170970924 90.52673619955463
    endloop
  endfacet
  facet normal 0.19177226273200812 0.7157038279983012 0.6715589548470213
    outer loop
      vertex -12.042712386819382 23.51162170970924 90.52673619955463
      vertex -18.804193170842858 25.323355025426885 90.52673619955463
      vertex -12.204755079082593 22.906870149187675 91.2175144212722
    endloop
  endfacet
  facet normal 0.173812247423553 0.6486761383624338 0.740951125354955
    outer loop
      vertex -12.204755079082593 22.906870149187675 91.2175144212722
      vertex -19.14502242282863 24.051362940310284 91.843599306946
      vertex -12.383541638805152 22.23962962459264 91.843599306946
    endloop
  endfacet
  facet normal 0.15417832515696636 0.5754013429116729 0.8032075314806478
    outer loop
      vertex -12.383541638805152 22.23962962459264 91.843599306946
      vertex -19.338831037705727 23.328059342644398 92.39896131687418
      vertex -12.577350253682251 21.516326026926752 92.39896131687418
    endloop
  endfacet
  facet normal 0.037976641285983666 0.1417307547801083 0.989176509964777
    outer loop
      vertex -13.46369138395558 18.20845589590867 93.81746016383069
      vertex -16.858241857885876 19.06278262639074 93.82537508422831
      vertex -16.228345566854717 18.75215215159464 93.84569961271859
    endloop
  endfacet
  facet normal 0.1330595813366754 0.4965851179823158 0.8577286100002717
    outer loop
      vertex -12.577350253682251 21.516326026926752 92.39896131687418
      vertex -19.54579522482954 22.555658480951152 92.87825201130937
      vertex -12.784314440806064 20.743925165233506 92.87825201130937
    endloop
  endfacet
  facet normal 0.11065940101034431 0.41298650690574445 0.9039892931234437
    outer loop
      vertex -12.784314440806064 20.743925165233506 92.87825201130937
      vertex -19.763921805939923 21.741598997765905 93.27685555885722
      vertex -13.002441021916443 19.929865682048263 93.27685555885722
    endloop
  endfacet
  facet normal 0.08719351015970249 0.32541061000628263 0.9415440651830209
    outer loop
      vertex -13.002441021916443 19.929865682048263 93.27685555885722
      vertex -19.991110102820667 20.893720730921924 93.59093318945598
      vertex -13.22962931879719 19.081987415204278 93.59093318945598
    endloop
  endfacet
  facet normal 0.06288789814140194 0.23470083104492878 0.9700312531945435
    outer loop
      vertex -13.22962931879719 19.081987415204278 93.59093318945598
      vertex -20.225172167979057 20.020189211626313 93.81746016383069
      vertex -13.46369138395558 18.20845589590867 93.81746016383069
    endloop
  endfacet
  facet normal -0.0379766412859835 -0.1417307547801088 0.989176509964777
    outer loop
      vertex -14.423060110161773 14.628043066514516 93.81746016383069
      vertex -17.089168993074324 15.539515388597557 93.84569961271859
      vertex -17.789990420254956 15.585449651750094 93.82537508422831
    endloop
  endfacet
  facet normal -0.06288789814140197 -0.23470083104492864 0.9700312531945435
    outer loop
      vertex -14.423060110161773 14.628043066514516 93.81746016383069
      vertex -21.41860295934364 15.566244862936554 93.59093318945598
      vertex -14.657122175320163 13.75451154721891 93.59093318945598
    endloop
  endfacet
  facet normal -0.17381224742355306 -0.6486761383624329 0.7409511253549559
    outer loop
      vertex -15.68199641503476 9.92962881323551 91.2175144212722
      vertex -15.503209855312202 10.596869337830546 91.843599306946
      vertex -22.443477199058236 11.741362128953154 91.2175144212722
    endloop
  endfacet
  facet normal -0.19177226273200476 -0.7157038279982885 0.6715589548470361
    outer loop
      vertex -15.710886309922724 9.821810257688288 91.09435854217892
      vertex -15.68199641503476 9.92962881323551 91.2175144212722
      vertex -22.472367093946204 11.633543573405936 91.09435854217892
    endloop
  endfacet
  facet normal -0.13305958133667503 -0.49658511798231464 0.8577286100002723
    outer loop
      vertex -15.102437053311291 12.092573797189683 92.87825201130937
      vertex -22.07088202445858 13.13190625121408 92.39896131687418
      vertex -15.3094012404351 11.320172935496434 92.39896131687418
    endloop
  endfacet
  facet normal -0.08719351015970234 -0.3254106100062822 0.9415440651830211
    outer loop
      vertex -14.657122175320163 13.75451154721891 93.59093318945598
      vertex -21.64579125622439 14.718366596092569 93.27685555885722
      vertex -14.884310472200909 12.906633280374923 93.27685555885722
    endloop
  endfacet
  facet normal -0.11065940101034463 -0.4129865069057454 0.9039892931234431
    outer loop
      vertex -14.884310472200909 12.906633280374923 93.27685555885722
      vertex -21.863917837334768 13.904307112907325 92.87825201130937
      vertex -15.102437053311291 12.092573797189683 92.87825201130937
    endloop
  endfacet
  facet normal -0.1541783251569664 -0.5754013429116737 0.8032075314806474
    outer loop
      vertex -15.503209855312202 10.596869337830546 91.843599306946
      vertex -15.3094012404351 11.320172935496434 92.39896131687418
      vertex -22.26469063933568 12.40860265354819 91.843599306946
    endloop
  endfacet
  facet normal 0.08719351015970125 0.32541061000627874 -0.9415440651830225
    outer loop
      vertex -13.002441021916443 19.929865682048263 75.72314444114278
      vertex -16.418249481211593 20.704856531082154 75.67466441099478
      vertex -19.763921805939923 21.741598997765905 75.72314444114278
    endloop
  endfacet
  facet normal 0.20788540631697366 0.7758388985270455 -0.5956993044924325
    outer loop
      vertex -11.898974121723553 24.04806021803867 79.22208278631378
      vertex -18.804193170842858 25.323355025426885 78.47326380044537
      vertex -18.66045490574703 25.859793533756317 79.22208278631378
    endloop
  endfacet
  facet normal 0.154178325156967 0.5754013429116752 -0.8032075314806463
    outer loop
      vertex -12.577350253682251 21.516326026926752 76.60103868312582
      vertex -19.338831037705727 23.328059342644398 76.60103868312582
      vertex -19.14502242282863 24.051362940310284 77.156400693054
    endloop
  endfacet
  facet normal 0.1738122474235525 0.6486761383624318 -0.7409511253549569
    outer loop
      vertex -12.383541638805152 22.23962962459264 77.156400693054
      vertex -19.14502242282863 24.051362940310284 77.156400693054
      vertex -18.96623586310607 24.71860346490532 77.7824855787278
    endloop
  endfacet
  facet normal 0.19177226273200804 0.7157038279983009 -0.6715589548470217
    outer loop
      vertex -12.042712386819382 23.51162170970924 78.47326380044537
      vertex -18.96623586310607 24.71860346490532 77.7824855787278
      vertex -18.804193170842858 25.323355025426885 78.47326380044537
    endloop
  endfacet
  facet normal 0.13305958133667542 0.49658511798231586 -0.8577286100002717
    outer loop
      vertex -12.784314440806064 20.743925165233506 76.12174798869063
      vertex -19.54579522482954 22.555658480951152 76.12174798869063
      vertex -19.338831037705727 23.328059342644398 76.60103868312582
    endloop
  endfacet
  facet normal 0.11065940101034384 0.41298650690574273 -0.9039892931234443
    outer loop
      vertex -13.002441021916443 19.929865682048263 75.72314444114278
      vertex -19.763921805939923 21.741598997765905 75.72314444114278
      vertex -19.54579522482954 22.555658480951152 76.12174798869063
    endloop
  endfacet
  facet normal 0.08719351015974094 0.3254106100064046 -0.9415440651829752
    outer loop
      vertex -16.418249481211593 20.704856531082154 75.67466441099478
      vertex -16.753981982189355 20.777367801367493 75.66863414778244
      vertex -19.763921805939923 21.741598997765905 75.72314444114278
    endloop
  endfacet
  facet normal 0.08719351015968131 0.32541061000622235 -0.9415440651830439
    outer loop
      vertex -16.753981982189355 20.777367801367493 75.66863414778244
      vertex -17.095205186764915 20.816622370405526 75.65060143287666
      vertex -19.763921805939923 21.741598997765905 75.72314444114278
    endloop
  endfacet
  facet normal 0.08719351015972289 0.32541061000633886 -0.9415440651829996
    outer loop
      vertex -17.095205186764915 20.816622370405526 75.65060143287666
      vertex -17.43863292894663 20.822242195237692 75.62073993117963
      vertex -19.763921805939923 21.741598997765905 75.72314444114278
    endloop
  endfacet
  facet normal 0.22199649979738315 0.8285022163462873 -0.5141027441932209
    outer loop
      vertex -11.774924561863312 24.511019478093647 80.02173100015303
      vertex -18.66045490574703 25.859793533756317 79.22208278631378
      vertex -18.536405345886788 26.322752793811294 80.02173100015303
    endloop
  endfacet
  facet normal 0.23396964562911224 0.873186604916734 -0.4275550934302796
    outer loop
      vertex -11.671758372312496 24.89604093912056 80.86450739253165
      vertex -18.536405345886788 26.322752793811294 80.02173100015303
      vertex -18.433239156335976 26.707774254838203 80.86450739253165
    endloop
  endfacet
  facet normal 0.2436895358726149 0.9094617291494768 -0.3368898533922229
    outer loop
      vertex -11.590469099872866 25.199416633975577 81.7422955660826
      vertex -18.433239156335976 26.707774254838203 80.86450739253165
      vertex -18.351949883896342 27.011149949693223 81.7422955660826
    endloop
  endfacet
  facet normal 0.2510625626714134 0.9369782397681596 -0.24298017990326712
    outer loop
      vertex -11.531839604675241 25.41822488887523 82.64664194084678
      vertex -18.351949883896342 27.011149949693223 81.7422955660826
      vertex -18.293320388698717 27.229958204592876 82.64664194084678
    endloop
  endfacet
  facet normal 0.2560177197469284 0.9554711377334683 -0.14673047445535956
    outer loop
      vertex -11.49643452080852 25.55035846071207 83.56883716686917
      vertex -18.293320388698717 27.229958204592876 82.64664194084678
      vertex -18.257915304832 27.36209177642971 83.56883716686917
    endloop
  endfacet
  facet normal 0.08719351015968584 0.325410610006249 -0.9415440651830341
    outer loop
      vertex -17.43863292894663 20.822242195237692 75.62073993117963
      vertex -17.780957811840594 20.794173153878752 75.57933722527669
      vertex -19.763921805939923 21.741598997765905 75.72314444114278
    endloop
  endfacet
  facet normal 0.08719351015971599 0.32541061000630855 -0.9415440651830108
    outer loop
      vertex -17.780957811840594 20.794173153878752 75.57933722527669
      vertex -18.11888305969072 20.732685566541083 75.52679204585867
      vertex -19.763921805939923 21.741598997765905 75.72314444114278
    endloop
  endfacet
  facet normal 0.08719351015968534 0.32541061000626226 -0.9415440651830296
    outer loop
      vertex -18.11888305969072 20.732685566541083 75.52679204585867
      vertex -18.44915426763148 20.638371592303283 75.46361043172752
      vertex -19.763921805939923 21.741598997765905 75.72314444114278
    endloop
  endfacet
  facet normal 0.08719351015971225 0.3254106100062914 -0.9415440651830171
    outer loop
      vertex -18.44915426763148 20.638371592303283 75.46361043172752
      vertex -18.68714529598626 20.54432441397204 75.40906681054402
      vertex -19.763921805939923 21.741598997765905 75.72314444114278
    endloop
  endfacet
  facet normal 0.06288789814137505 0.23470083104482736 -0.9700312531945698
    outer loop
      vertex -18.68714529598626 20.54432441397204 75.40906681054402
      vertex -18.768590743385797 20.51213952629453 75.39599944509224
      vertex -19.991110102820667 20.893720730921924 75.40906681054402
    endloop
  endfacet
  facet normal -0.9659258262890685 0.25881904510251963 -4.914709927809282e-18
    outer loop
      vertex -18.96623586310607 24.71860346490532 77.7824855787278
      vertex -19.698311430699523 21.986460251666724 78.67971271388218
      vertex -18.804193170842858 25.323355025426885 78.47326380044537
    endloop
  endfacet
  facet normal 0.06288789814141958 0.23470083104496875 -0.9700312531945326
    outer loop
      vertex -18.768590743385797 20.51213952629453 75.39599944509224
      vertex -19.074116139070416 20.35520505231595 75.33822140831123
      vertex -19.991110102820667 20.893720730921924 75.40906681054402
    endloop
  endfacet
  facet normal 0.06288789814138773 0.2347008310449165 -0.9700312531945473
    outer loop
      vertex -19.074116139070416 20.35520505231595 75.33822140831123
      vertex -19.362788078107723 20.16907953514107 75.27447316839172
      vertex -19.991110102820667 20.893720730921924 75.40906681054402
    endloop
  endfacet
  facet normal 0.08719351015970306 0.32541061000628396 -0.9415440651830204
    outer loop
      vertex -18.68714529598626 20.54432441397204 75.40906681054402
      vertex -19.991110102820667 20.893720730921924 75.40906681054402
      vertex -19.763921805939923 21.741598997765905 75.72314444114278
    endloop
  endfacet
  facet normal 0.06288789814140465 0.23470083104493034 -0.9700312531945429
    outer loop
      vertex -19.63182649192066 19.955555465246835 75.20536865573246
      vertex -19.991110102820667 20.893720730921924 75.40906681054402
      vertex -19.362788078107723 20.16907953514107 75.27447316839172
    endloop
  endfacet
  facet normal 0.03797664128597841 0.1417307547800898 -0.9891765099647799
    outer loop
      vertex -19.708179216642947 19.88166136782322 75.18253983616931
      vertex -19.878640393512843 19.716689196150465 75.1523579898807
      vertex -20.225172167979057 20.020189211626313 75.18253983616931
    endloop
  endfacet
  facet normal 0.037976641285983395 0.1417307547800954 -0.9891765099647788
    outer loop
      vertex -19.878640393512843 19.716689196150465 75.1523579898807
      vertex -20.10085283008974 19.45478114060094 75.1063001751932
      vertex -20.225172167979057 20.020189211626313 75.18253983616931
    endloop
  endfacet
  facet normal 0.03797664128596252 0.141730754780091 -0.9891765099647802
    outer loop
      vertex -20.10085283008974 19.45478114060094 75.1063001751932
      vertex -20.463853855776275 19.129417025930803 75.04574509661413
      vertex -20.225172167979057 20.020189211626313 75.18253983616931
    endloop
  endfacet
  facet normal 0.0628878981413875 0.23470083104492437 -0.9700312531945455
    outer loop
      vertex -19.63182649192066 19.955555465246835 75.20536865573246
      vertex -19.708179216642947 19.88166136782322 75.18253983616931
      vertex -19.991110102820667 20.893720730921924 75.40906681054402
    endloop
  endfacet
  facet normal -0.9659258262890685 0.25881904510251996 -1.2300458569374932e-15
    outer loop
      vertex -19.54579522482954 22.555658480951152 76.12174798869063
      vertex -19.763921805939923 21.741598997765905 75.72314444114278
      vertex -20.704856531082154 18.22998279692924 77.5
    endloop
  endfacet
  facet normal 0.06288789814140157 0.23470083104492787 -0.9700312531945436
    outer loop
      vertex -19.708179216642947 19.88166136782322 75.18253983616931
      vertex -20.225172167979057 20.020189211626313 75.18253983616931
      vertex -19.991110102820667 20.893720730921924 75.40906681054402
    endloop
  endfacet
  facet normal -0.9659258262890683 0.25881904510252013 -7.601242082733375e-16
    outer loop
      vertex -19.763921805939923 21.741598997765905 75.72314444114278
      vertex -19.991110102820667 20.893720730921924 75.40906681054402
      vertex -20.704856531082154 18.22998279692924 77.5
    endloop
  endfacet
  facet normal -0.9659258262890683 0.25881904510252063 -1.1196148593335318e-16
    outer loop
      vertex -20.225172167979057 20.020189211626313 75.18253983616931
      vertex -20.704856531082154 18.22998279692924 77.5
      vertex -19.991110102820667 20.893720730921924 75.40906681054402
    endloop
  endfacet
  facet normal -0.9659258262890683 0.25881904510252046 2.645772812871088e-15
    outer loop
      vertex -19.14502242282863 24.051362940310284 77.156400693054
      vertex -20.1789381102579 20.192737064081744 77.80141764987454
      vertex -18.96623586310607 24.71860346490532 77.7824855787278
    endloop
  endfacet
  facet normal -0.9659258262890684 0.25881904510252 -6.326068881684165e-15
    outer loop
      vertex -19.14502242282863 24.051362940310284 77.156400693054
      vertex -19.338831037705727 23.328059342644398 76.60103868312582
      vertex -20.704856531082154 18.22998279692924 77.5
    endloop
  endfacet
  facet normal -0.9659258262890681 0.2588190451025215 5.941514362520872e-15
    outer loop
      vertex -18.96623586310607 24.71860346490532 77.7824855787278
      vertex -19.85081135805391 21.417322774629596 78.32655114956151
      vertex -19.698311430699523 21.986460251666724 78.67971271388218
    endloop
  endfacet
  facet normal -0.9659258262890688 0.2588190451025192 -7.921014983611888e-15
    outer loop
      vertex -18.804193170842858 25.323355025426885 78.47326380044537
      vertex -19.698311430699523 21.986460251666724 78.67971271388218
      vertex -19.555505082895348 22.519420797315274 79.08892682646083
    endloop
  endfacet
  facet normal -0.9659258262890684 0.25881904510252046 -3.616394933198725e-16
    outer loop
      vertex -18.96623586310607 24.71860346490532 77.7824855787278
      vertex -20.01153620729314 20.81748947122994 78.03284327242099
      vertex -19.85081135805391 21.417322774629596 78.32655114956151
    endloop
  endfacet
  facet normal -0.9659258262890683 0.2588190451025205 -1.283839441734097e-15
    outer loop
      vertex -18.96623586310607 24.71860346490532 77.7824855787278
      vertex -20.1789381102579 20.192737064081744 77.80141764987454
      vertex -20.01153620729314 20.81748947122994 78.03284327242099
    endloop
  endfacet
  facet normal -0.9659258262890679 0.25881904510252207 5.928020303339819e-15
    outer loop
      vertex -19.54579522482954 22.555658480951152 76.12174798869063
      vertex -20.704856531082154 18.22998279692924 77.5
      vertex -19.338831037705727 23.328059342644398 76.60103868312582
    endloop
  endfacet
  facet normal -0.9659258262890684 0.25881904510252074 3.878304055458364e-15
    outer loop
      vertex -19.14502242282863 24.051362940310284 77.156400693054
      vertex -20.35140489511145 19.549082260390243 77.63450303717738
      vertex -20.1789381102579 20.192737064081744 77.80141764987454
    endloop
  endfacet
  facet normal -0.9659258262890689 0.25881904510251913 -2.0913396729003402e-14
    outer loop
      vertex -19.14502242282863 24.051362940310284 77.156400693054
      vertex -20.704856531082154 18.22998279692924 77.5
      vertex -20.52727561243572 18.892723807772494 77.53370691329462
    endloop
  endfacet
  facet normal -0.965925826289068 0.2588190451025216 1.3693767167392876e-14
    outer loop
      vertex -19.14502242282863 24.051362940310284 77.156400693054
      vertex -20.52727561243572 18.892723807772494 77.53370691329462
      vertex -20.35140489511145 19.549082260390243 77.63450303717738
    endloop
  endfacet
  facet normal -0.965925826289068 0.2588190451025215 7.280283996445867e-16
    outer loop
      vertex -18.536405345886788 26.322752793811294 80.02173100015303
      vertex -19.107050394622412 24.19307647884233 81.20022284221801
      vertex -18.433239156335976 26.707774254838203 80.86450739253165
    endloop
  endfacet
  facet normal -0.9659258262890684 0.2588190451025206 6.242456381568273e-17
    outer loop
      vertex -18.433239156335976 26.707774254838203 80.86450739253165
      vertex -19.03103320232181 24.476776502756895 81.82121597344437
      vertex -18.351949883896342 27.011149949693223 81.7422955660826
    endloop
  endfacet
  facet normal -0.9659258262890683 0.2588190451025206 -4.9006257582087e-16
    outer loop
      vertex -18.804193170842858 25.323355025426885 78.47326380044537
      vertex -19.42376761783662 23.01107171017477 79.55025253169417
      vertex -18.66045490574703 25.859793533756317 79.22208278631378
    endloop
  endfacet
  facet normal -0.965925826289068 0.2588190451025218 1.6089547973905915e-15
    outer loop
      vertex -18.66045490574703 25.859793533756317 79.22208278631378
      vertex -19.304367739326885 23.456678123190663 80.05924701085448
      vertex -18.536405345886788 26.322752793811294 80.02173100015303
    endloop
  endfacet
  facet normal -0.965925826289068 0.25881904510252185 2.3660957168081795e-15
    outer loop
      vertex -18.536405345886788 26.322752793811294 80.02173100015303
      vertex -19.304367739326885 23.456678123190663 80.05924701085448
      vertex -19.1984553334668 23.85194860301235 80.61100836886278
    endloop
  endfacet
  facet normal -0.9659258262890684 0.25881904510252035 -2.9583500257732774e-15
    outer loop
      vertex -18.66045490574703 25.859793533756317 79.22208278631378
      vertex -19.42376761783662 23.01107171017477 79.55025253169417
      vertex -19.304367739326885 23.456678123190663 80.05924701085448
    endloop
  endfacet
  facet normal -0.9659258262890683 0.25881904510252085 7.872852576009115e-17
    outer loop
      vertex -18.804193170842858 25.323355025426885 78.47326380044537
      vertex -19.555505082895348 22.519420797315274 79.08892682646083
      vertex -19.42376761783662 23.01107171017477 79.55025253169417
    endloop
  endfacet
  facet normal -0.9659258262890681 0.25881904510252135 5.543372095613139e-16
    outer loop
      vertex -18.536405345886788 26.322752793811294 80.02173100015303
      vertex -19.1984553334668 23.85194860301235 80.61100836886278
      vertex -19.107050394622412 24.19307647884233 81.20022284221801
    endloop
  endfacet
  facet normal -0.965925826289068 0.2588190451025218 3.2246525798150393e-15
    outer loop
      vertex -18.433239156335976 26.707774254838203 80.86450739253165
      vertex -19.107050394622412 24.19307647884233 81.20022284221801
      vertex -19.03103320232181 24.476776502756895 81.82121597344437
    endloop
  endfacet
  facet normal -0.965925826289068 0.2588190451025216 -4.5952468034536475e-16
    outer loop
      vertex -18.351949883896342 27.011149949693223 81.7422955660826
      vertex -18.92793516301015 24.86154362362876 83.1343677458871
      vertex -18.293320388698717 27.229958204592876 82.64664194084678
    endloop
  endfacet
  facet normal -0.9659258262890689 0.2588190451025192 -4.564999325624479e-15
    outer loop
      vertex -18.351949883896342 27.011149949693223 81.7422955660826
      vertex -18.97113584368208 24.700316488439544 82.46800725921877
      vertex -18.92793516301015 24.86154362362876 83.1343677458871
    endloop
  endfacet
  facet normal -0.9659258262890682 0.25881904510252157 -2.961666622489046e-15
    outer loop
      vertex -18.293320388698717 27.229958204592876 82.64664194084678
      vertex -18.90184720647678 24.958905202876956 83.81388001769308
      vertex -18.257915304832 27.36209177642971 83.56883716686917
    endloop
  endfacet
  facet normal -0.9659258262890682 0.25881904510252096 -4.239501994131261e-15
    outer loop
      vertex -18.293320388698717 27.229958204592876 82.64664194084678
      vertex -18.92793516301015 24.86154362362876 83.1343677458871
      vertex -18.90184720647678 24.958905202876956 83.81388001769308
    endloop
  endfacet
  facet normal -0.9659258262890678 0.25881904510252257 8.530870915610007e-15
    outer loop
      vertex -18.257915304832 27.36209177642971 83.56883716686917
      vertex -18.90184720647678 24.958905202876956 83.81388001769308
      vertex -18.893123215364508 24.991463580952715 84.5
    endloop
  endfacet
  facet normal -0.9659258262890684 0.2588190451025206 2.553724461905311e-16
    outer loop
      vertex -18.351949883896342 27.011149949693223 81.7422955660826
      vertex -19.03103320232181 24.476776502756895 81.82121597344437
      vertex -18.97113584368208 24.700316488439544 82.46800725921877
    endloop
  endfacet
  facet normal 0.037976641285976345 0.1417307547800759 -0.989176509964782
    outer loop
      vertex -20.10085283008974 19.45478114060094 75.1063001751932
      vertex -20.29632377441344 19.1723536163467 75.05832896313993
      vertex -20.463853855776275 19.129417025930803 75.04574509661413
    endloop
  endfacet
  facet normal 0.037976641285976345 0.1417307547800759 -0.9891765099647819
    outer loop
      vertex -20.29632377441344 19.1723536163467 75.05832896313993
      vertex -20.33880593859585 19.095910537507113 75.04574509661413
      vertex -20.463853855776275 19.129417025930803 75.04574509661413
    endloop
  endfacet
  facet normal 0.012699648614824546 0.047395733868795024 -0.9987954562051724
    outer loop
      vertex -20.33880593859585 19.095910537507113 75.04574509661413
      vertex -20.463170734434826 18.872126554836917 75.03354460529407
      vertex -20.463853855776275 19.129417025930803 75.04574509661413
    endloop
  endfacet
  facet normal 0.012699648614795053 0.04739573386879496 -0.9987954562051727
    outer loop
      vertex -20.463170734434826 18.872126554836917 75.03354460529407
      vertex -20.59978688272105 18.556991306794732 75.01685345664731
      vertex -20.463853855776275 19.129417025930803 75.04574509661413
    endloop
  endfacet
  facet normal 0.012699648614911819 0.04739573386876725 -0.9987954562051726
    outer loop
      vertex -20.463853855776275 19.129417025930803 75.04574509661413
      vertex -20.59978688272105 18.556991306794732 75.01685345664731
      vertex -20.704856531082154 18.22998279692924 75
    endloop
  endfacet
  facet normal -0.9659258262890681 0.25881904510252096 -6.176468380990402e-20
    outer loop
      vertex -20.463853855776275 19.129417025930803 75.04574509661413
      vertex -20.704856531082154 18.22998279692924 75
      vertex -20.704856531082154 18.22998279692924 77.5
    endloop
  endfacet
  facet normal -0.9659258262890684 0.25881904510252063 -1.3957989011366447e-16
    outer loop
      vertex -20.225172167979057 20.020189211626313 75.18253983616931
      vertex -20.463853855776275 19.129417025930803 75.04574509661413
      vertex -20.704856531082154 18.22998279692924 77.5
    endloop
  endfacet
  facet normal 0.2585072862277595 0.9647623263287479 -0.0490676743274183
    outer loop
      vertex -11.484594818584728 25.59454483095774 84.5
      vertex -18.257915304832 27.36209177642971 83.56883716686917
      vertex -18.246075602608204 27.406278146675387 84.5
    endloop
  endfacet
  facet normal 0.25850728622775887 0.9647623263287483 0.04906767432741836
    outer loop
      vertex -11.49643452080852 25.55035846071207 85.43116283313083
      vertex -18.246075602608204 27.406278146675387 84.5
      vertex -18.257915304832 27.36209177642971 85.43116283313083
    endloop
  endfacet
  facet normal 0.256017719746929 0.9554711377334681 0.14673047445535944
    outer loop
      vertex -11.531839604675241 25.41822488887523 86.35335805915322
      vertex -18.257915304832 27.36209177642971 85.43116283313083
      vertex -18.293320388698717 27.229958204592876 86.35335805915322
    endloop
  endfacet
  facet normal 0.2510625626714134 0.9369782397681596 0.24298017990326695
    outer loop
      vertex -11.590469099872866 25.199416633975577 87.2577044339174
      vertex -18.293320388698717 27.229958204592876 86.35335805915322
      vertex -18.351949883896342 27.011149949693223 87.2577044339174
    endloop
  endfacet
  facet normal 0.24368953587261438 0.909461729149477 0.3368898533922228
    outer loop
      vertex -11.671758372312496 24.89604093912056 88.13549260746835
      vertex -18.351949883896342 27.011149949693223 87.2577044339174
      vertex -18.433239156335976 26.707774254838203 88.13549260746835
    endloop
  endfacet
  facet normal 0.2339696456291128 0.8731866049167338 0.42755509343027964
    outer loop
      vertex -11.774924561863312 24.511019478093647 88.97826899984697
      vertex -18.433239156335976 26.707774254838203 88.13549260746835
      vertex -18.536405345886788 26.322752793811294 88.97826899984697
    endloop
  endfacet
  facet normal 0.037976641285986976 0.1417307547801215 0.9891765099647749
    outer loop
      vertex -13.46369138395558 18.20845589590867 93.81746016383069
      vertex -20.225172167979057 20.020189211626313 93.81746016383069
      vertex -16.858241857885876 19.06278262639074 93.82537508422831
    endloop
  endfacet
  facet normal 0.2219964997973831 0.8285022163462873 0.5141027441932209
    outer loop
      vertex -11.898974121723553 24.04806021803867 89.77791721368622
      vertex -18.536405345886788 26.322752793811294 88.97826899984697
      vertex -18.66045490574703 25.859793533756317 89.77791721368622
    endloop
  endfacet
  facet normal 0.2078854063169737 0.7758388985270454 0.5956993044924324
    outer loop
      vertex -12.042712386819382 23.51162170970924 90.52673619955463
      vertex -18.66045490574703 25.859793533756317 89.77791721368622
      vertex -18.804193170842858 25.323355025426885 90.52673619955463
    endloop
  endfacet
  facet normal 0.19177226273200804 0.7157038279983012 0.6715589548470215
    outer loop
      vertex -12.204755079082593 22.906870149187675 91.2175144212722
      vertex -18.804193170842858 25.323355025426885 90.52673619955463
      vertex -18.96623586310607 24.71860346490532 91.2175144212722
    endloop
  endfacet
  facet normal 0.1738122474235529 0.6486761383624317 0.740951125354957
    outer loop
      vertex -12.204755079082593 22.906870149187675 91.2175144212722
      vertex -18.96623586310607 24.71860346490532 91.2175144212722
      vertex -19.14502242282863 24.051362940310284 91.843599306946
    endloop
  endfacet
  facet normal 0.15417832515696664 0.5754013429116753 0.8032075314806462
    outer loop
      vertex -12.383541638805152 22.23962962459264 91.843599306946
      vertex -19.14502242282863 24.051362940310284 91.843599306946
      vertex -19.338831037705727 23.328059342644398 92.39896131687418
    endloop
  endfacet
  facet normal 0.13305958133667542 0.4965851179823158 0.8577286100002717
    outer loop
      vertex -12.577350253682251 21.516326026926752 92.39896131687418
      vertex -19.338831037705727 23.328059342644398 92.39896131687418
      vertex -19.54579522482954 22.555658480951152 92.87825201130937
    endloop
  endfacet
  facet normal 0.11065940101034412 0.41298650690574273 0.9039892931234444
    outer loop
      vertex -12.784314440806064 20.743925165233506 92.87825201130937
      vertex -19.54579522482954 22.555658480951152 92.87825201130937
      vertex -19.763921805939923 21.741598997765905 93.27685555885722
    endloop
  endfacet
  facet normal 0.0871935101597027 0.32541061000628413 0.9415440651830205
    outer loop
      vertex -13.002441021916443 19.929865682048263 93.27685555885722
      vertex -19.763921805939923 21.741598997765905 93.27685555885722
      vertex -19.991110102820667 20.893720730921924 93.59093318945598
    endloop
  endfacet
  facet normal 0.06288789814140183 0.2347008310449278 0.9700312531945438
    outer loop
      vertex -13.22962931879719 19.081987415204278 93.59093318945598
      vertex -19.991110102820667 20.893720730921924 93.59093318945598
      vertex -20.225172167979057 20.020189211626313 93.81746016383069
    endloop
  endfacet
  facet normal 0.037976641285983076 0.14173075478010777 0.9891765099647771
    outer loop
      vertex -20.225172167979057 20.020189211626313 93.81746016383069
      vertex -17.559063285066507 19.108716889543274 93.84569961271859
      vertex -16.858241857885876 19.06278262639074 93.82537508422831
    endloop
  endfacet
  facet normal -0.03797664128598517 -0.1417307547801147 0.9891765099647759
    outer loop
      vertex -14.423060110161773 14.628043066514516 93.81746016383069
      vertex -17.789990420254956 15.585449651750094 93.82537508422831
      vertex -21.184540894185254 16.43977638223216 93.81746016383069
    endloop
  endfacet
  facet normal -0.062887898141402 -0.2347008310449289 0.9700312531945433
    outer loop
      vertex -14.423060110161773 14.628043066514516 93.81746016383069
      vertex -21.184540894185254 16.43977638223216 93.81746016383069
      vertex -21.41860295934364 15.566244862936554 93.59093318945598
    endloop
  endfacet
  facet normal -0.037976641285983465 -0.14173075478010788 0.9891765099647771
    outer loop
      vertex -21.184540894185254 16.43977638223216 93.81746016383069
      vertex -17.789990420254956 15.585449651750094 93.82537508422831
      vertex -18.419886711286114 15.896080126546194 93.84569961271859
    endloop
  endfacet
  facet normal -0.19177226273200645 -0.7157038279982957 0.6715589548470277
    outer loop
      vertex -15.68199641503476 9.92962881323551 91.2175144212722
      vertex -22.443477199058236 11.741362128953154 91.2175144212722
      vertex -22.472367093946204 11.633543573405936 91.09435854217892
    endloop
  endfacet
  facet normal -0.13305958133667517 -0.49658511798231586 0.8577286100002717
    outer loop
      vertex -15.102437053311291 12.092573797189683 92.87825201130937
      vertex -21.863917837334768 13.904307112907325 92.87825201130937
      vertex -22.07088202445858 13.13190625121408 92.39896131687418
    endloop
  endfacet
  facet normal -0.11065940101034452 -0.41298650690574445 0.9039892931234436
    outer loop
      vertex -14.884310472200909 12.906633280374923 93.27685555885722
      vertex -21.64579125622439 14.718366596092569 93.27685555885722
      vertex -21.863917837334768 13.904307112907325 92.87825201130937
    endloop
  endfacet
  facet normal -0.0871935101597024 -0.32541061000628263 0.9415440651830211
    outer loop
      vertex -14.657122175320163 13.75451154721891 93.59093318945598
      vertex -21.41860295934364 15.566244862936554 93.59093318945598
      vertex -21.64579125622439 14.718366596092569 93.27685555885722
    endloop
  endfacet
  facet normal -0.15417832515696633 -0.575401342911673 0.8032075314806479
    outer loop
      vertex -15.3094012404351 11.320172935496434 92.39896131687418
      vertex -22.07088202445858 13.13190625121408 92.39896131687418
      vertex -22.26469063933568 12.40860265354819 91.843599306946
    endloop
  endfacet
  facet normal -0.17381224742355308 -0.6486761383624331 0.7409511253549556
    outer loop
      vertex -15.503209855312202 10.596869337830546 91.843599306946
      vertex -22.26469063933568 12.40860265354819 91.843599306946
      vertex -22.443477199058236 11.741362128953154 91.2175144212722
    endloop
  endfacet
  facet normal -0.9659258262890682 0.2588190451025211 4.4537584712266995e-15
    outer loop
      vertex -18.257915304832 27.36209177642971 83.56883716686917
      vertex -18.893123215364508 24.991463580952715 84.5
      vertex -18.246075602608204 27.406278146675387 84.5
    endloop
  endfacet
  facet normal -0.965925826289068 0.25881904510252224 -4.39681757101061e-15
    outer loop
      vertex -18.246075602608204 27.406278146675387 84.5
      vertex -18.90184720647678 24.958905202876956 85.18611998230692
      vertex -18.257915304832 27.36209177642971 85.43116283313083
    endloop
  endfacet
  facet normal -0.9659258262890681 0.25881904510252113 -8.63451731152978e-15
    outer loop
      vertex -18.246075602608204 27.406278146675387 84.5
      vertex -18.893123215364508 24.991463580952715 84.5
      vertex -18.90184720647678 24.958905202876956 85.18611998230692
    endloop
  endfacet
  facet normal -0.9659258262890682 0.2588190451025212 2.9064307280797785e-15
    outer loop
      vertex -18.257915304832 27.36209177642971 85.43116283313083
      vertex -18.92793516301015 24.86154362362876 85.8656322541129
      vertex -18.293320388698717 27.229958204592876 86.35335805915322
    endloop
  endfacet
  facet normal -0.9659258262890681 0.2588190451025214 4.330115765447614e-15
    outer loop
      vertex -18.257915304832 27.36209177642971 85.43116283313083
      vertex -18.90184720647678 24.958905202876956 85.18611998230692
      vertex -18.92793516301015 24.86154362362876 85.8656322541129
    endloop
  endfacet
  facet normal -0.9659258262890682 0.25881904510252074 5.079248345448327e-15
    outer loop
      vertex -18.293320388698717 27.229958204592876 86.35335805915322
      vertex -18.92793516301015 24.86154362362876 85.8656322541129
      vertex -18.97113584368208 24.700316488439544 86.53199274078123
    endloop
  endfacet
  facet normal -0.9659258262890683 0.2588190451025204 1.4307224967076332e-16
    outer loop
      vertex -18.293320388698717 27.229958204592876 86.35335805915322
      vertex -18.97113584368208 24.700316488439544 86.53199274078123
      vertex -18.351949883896342 27.011149949693223 87.2577044339174
    endloop
  endfacet
  facet normal -0.9659258262890682 0.25881904510252135 2.3796387831077425e-16
    outer loop
      vertex -18.351949883896342 27.011149949693223 87.2577044339174
      vertex -19.107050394622412 24.19307647884233 87.79977715778199
      vertex -18.433239156335976 26.707774254838203 88.13549260746835
    endloop
  endfacet
  facet normal -0.9659258262890682 0.25881904510252146 -7.658482416465491e-16
    outer loop
      vertex -18.433239156335976 26.707774254838203 88.13549260746835
      vertex -19.1984553334668 23.85194860301235 88.38899163113722
      vertex -18.536405345886788 26.322752793811294 88.97826899984697
    endloop
  endfacet
  facet normal -0.9659258262890684 0.2588190451025206 -2.8562214622327354e-16
    outer loop
      vertex -18.351949883896342 27.011149949693223 87.2577044339174
      vertex -18.97113584368208 24.700316488439544 86.53199274078123
      vertex -19.03103320232181 24.476776502756895 87.17878402655563
    endloop
  endfacet
  facet normal -0.9659258262890683 0.25881904510252063 -3.745778646289305e-15
    outer loop
      vertex -18.351949883896342 27.011149949693223 87.2577044339174
      vertex -19.03103320232181 24.476776502756895 87.17878402655563
      vertex -19.107050394622412 24.19307647884233 87.79977715778199
    endloop
  endfacet
  facet normal -0.9659258262890681 0.25881904510252146 -4.3243827623062695e-16
    outer loop
      vertex -18.433239156335976 26.707774254838203 88.13549260746835
      vertex -19.107050394622412 24.19307647884233 87.79977715778199
      vertex -19.1984553334668 23.85194860301235 88.38899163113722
    endloop
  endfacet
  facet normal -0.965925826289068 0.25881904510252185 -2.4736583721444564e-15
    outer loop
      vertex -18.536405345886788 26.322752793811294 88.97826899984697
      vertex -19.1984553334668 23.85194860301235 88.38899163113722
      vertex -19.304367739326885 23.456678123190663 88.94075298914552
    endloop
  endfacet
  facet normal 0.03797664128597097 0.14173075478007252 0.9891765099647826
    outer loop
      vertex -20.225172167979057 20.020189211626313 93.81746016383069
      vertex -18.224116139070414 18.882961865882404 93.90357897296907
      vertex -17.559063285066507 19.108716889543274 93.84569961271859
    endloop
  endfacet
  facet normal -0.9659258262890683 0.2588190451025209 -2.1839575785936493e-15
    outer loop
      vertex -18.536405345886788 26.322752793811294 88.97826899984697
      vertex -19.42376761783662 23.01107171017477 89.44974746830583
      vertex -18.66045490574703 25.859793533756317 89.77791721368622
    endloop
  endfacet
  facet normal -0.9659258262890681 0.2588190451025218 4.185084074570994e-15
    outer loop
      vertex -18.536405345886788 26.322752793811294 88.97826899984697
      vertex -19.304367739326885 23.456678123190663 88.94075298914552
      vertex -19.42376761783662 23.01107171017477 89.44974746830583
    endloop
  endfacet
  facet normal -0.9659258262890686 0.25881904510251963 -2.210915568036985e-16
    outer loop
      vertex -18.66045490574703 25.859793533756317 89.77791721368622
      vertex -19.698311430699523 21.986460251666724 90.32028728611782
      vertex -18.804193170842858 25.323355025426885 90.52673619955463
    endloop
  endfacet
  facet normal -0.9659258262890682 0.25881904510252063 -1.8664904286254443e-16
    outer loop
      vertex -18.66045490574703 25.859793533756317 89.77791721368622
      vertex -19.42376761783662 23.01107171017477 89.44974746830583
      vertex -19.555505082895348 22.519420797315274 89.91107317353917
    endloop
  endfacet
  facet normal -0.9659258262890681 0.258819045102521 1.0782106391696171e-14
    outer loop
      vertex -18.66045490574703 25.859793533756317 89.77791721368622
      vertex -19.555505082895348 22.519420797315274 89.91107317353917
      vertex -19.698311430699523 21.986460251666724 90.32028728611782
    endloop
  endfacet
  facet normal -0.9659258262890683 0.25881904510252046 8.088669493128471e-16
    outer loop
      vertex -18.804193170842858 25.323355025426885 90.52673619955463
      vertex -20.01153620729314 20.81748947122994 90.96715672757901
      vertex -18.96623586310607 24.71860346490532 91.2175144212722
    endloop
  endfacet
  facet normal -0.9659258262890685 0.25881904510252013 -8.419135132719016e-15
    outer loop
      vertex -18.804193170842858 25.323355025426885 90.52673619955463
      vertex -19.698311430699523 21.986460251666724 90.32028728611782
      vertex -19.85081135805391 21.417322774629596 90.67344885043849
    endloop
  endfacet
  facet normal -0.9659258262890682 0.2588190451025204 1.0823719335686884e-16
    outer loop
      vertex -18.804193170842858 25.323355025426885 90.52673619955463
      vertex -19.85081135805391 21.417322774629596 90.67344885043849
      vertex -20.01153620729314 20.81748947122994 90.96715672757901
    endloop
  endfacet
  facet normal -0.9659258262890683 0.25881904510252046 1.3974236713735382e-15
    outer loop
      vertex -18.96623586310607 24.71860346490532 91.2175144212722
      vertex -20.01153620729314 20.81748947122994 90.96715672757901
      vertex -20.1789381102579 20.192737064081744 91.19858235012546
    endloop
  endfacet
  facet normal -0.9659258262890684 0.25881904510252046 -5.272065318813088e-15
    outer loop
      vertex -18.96623586310607 24.71860346490532 91.2175144212722
      vertex -20.1789381102579 20.192737064081744 91.19858235012546
      vertex -20.35140489511145 19.549082260390243 91.36549696282262
    endloop
  endfacet
  facet normal -0.9659258262890684 0.25881904510251996 -2.5442848364967336e-14
    outer loop
      vertex -18.96623586310607 24.71860346490532 91.2175144212722
      vertex -20.35140489511145 19.549082260390243 91.36549696282262
      vertex -20.52727561243572 18.892723807772494 91.46629308670538
    endloop
  endfacet
  facet normal -0.9659258262890646 0.2588190451025346 3.777994723224941e-13
    outer loop
      vertex -18.96623586310607 24.71860346490532 91.2175144212722
      vertex -20.52727561243572 18.892723807772494 91.46629308670538
      vertex -20.704856531082154 18.22998279692924 91.5
    endloop
  endfacet
  facet normal 0.03797664128597906 0.1417307547800866 0.9891765099647803
    outer loop
      vertex -20.225172167979057 20.020189211626313 93.81746016383069
      vertex -20.463853855776275 19.129417025930803 93.95425490338587
      vertex -18.224116139070414 18.882961865882404 93.90357897296907
    endloop
  endfacet
  facet normal -0.9659258262890684 0.25881904510252063 -2.525943553360733e-15
    outer loop
      vertex -18.96623586310607 24.71860346490532 91.2175144212722
      vertex -22.26469063933568 12.40860265354819 91.843599306946
      vertex -19.14502242282863 24.051362940310284 91.843599306946
    endloop
  endfacet
  facet normal -0.9659258262890682 0.2588190451025211 7.825354930513515e-15
    outer loop
      vertex -19.14502242282863 24.051362940310284 91.843599306946
      vertex -22.07088202445858 13.13190625121408 92.39896131687418
      vertex -19.338831037705727 23.328059342644398 92.39896131687418
    endloop
  endfacet
  facet normal -0.9659258262890684 0.25881904510252035 -8.947810079387999e-15
    outer loop
      vertex -19.338831037705727 23.328059342644398 92.39896131687418
      vertex -21.863917837334768 13.904307112907325 92.87825201130937
      vertex -19.54579522482954 22.555658480951152 92.87825201130937
    endloop
  endfacet
  facet normal -0.9659258262890683 0.2588190451025209 3.2400863290733247e-15
    outer loop
      vertex -19.54579522482954 22.555658480951152 92.87825201130937
      vertex -21.64579125622439 14.718366596092569 93.27685555885722
      vertex -19.763921805939923 21.741598997765905 93.27685555885722
    endloop
  endfacet
  facet normal -0.9659258262890683 0.2588190451025207 2.375679826549706e-15
    outer loop
      vertex -19.763921805939923 21.741598997765905 93.27685555885722
      vertex -21.41860295934364 15.566244862936554 93.59093318945598
      vertex -19.991110102820667 20.893720730921924 93.59093318945598
    endloop
  endfacet
  facet normal 0.03797664128597973 0.14173075478009295 0.9891765099647793
    outer loop
      vertex -20.463853855776275 19.129417025930803 93.95425490338587
      vertex -18.533027683435733 18.612053712327274 93.95425490338587
      vertex -18.224116139070414 18.882961865882404 93.90357897296907
    endloop
  endfacet
  facet normal -0.03797664128597622 -0.14173075478007074 0.9891765099647826
    outer loop
      vertex -21.184540894185254 16.43977638223216 93.81746016383069
      vertex -18.419886711286114 15.896080126546194 93.84569961271859
      vertex -18.882961865882404 16.424116139070417 93.90357897296907
    endloop
  endfacet
  facet normal -0.037976641285976255 -0.14173075478009278 0.9891765099647795
    outer loop
      vertex -21.184540894185254 16.43977638223216 93.81746016383069
      vertex -18.882961865882404 16.424116139070417 93.90357897296907
      vertex -19.01503303404749 16.813185254324154 93.95425490338587
    endloop
  endfacet
  facet normal 0.012699648614821831 0.04739573386878636 0.9987954562051728
    outer loop
      vertex -20.463853855776275 19.129417025930803 93.95425490338587
      vertex -18.75215215159464 18.419886711286114 93.96615994331609
      vertex -18.533027683435733 18.612053712327274 93.95425490338587
    endloop
  endfacet
  facet normal 0.012699648614823485 0.04739573386879289 0.9987954562051724
    outer loop
      vertex -20.704856531082154 18.22998279692924 94
      vertex -19.062782626390735 17.789990420254952 94
      vertex -18.75215215159464 18.419886711286114 93.96615994331609
    endloop
  endfacet
  facet normal -0.012699648614821497 -0.04739573386878576 0.9987954562051728
    outer loop
      vertex -20.945859206388032 17.330548567927675 93.95425490338587
      vertex -19.01503303404749 16.813185254324154 93.95425490338587
      vertex -19.108716889543274 17.089168993074324 93.96615994331609
    endloop
  endfacet
  facet normal -0.012699648614822463 -0.047395733868793144 0.9987954562051724
    outer loop
      vertex -20.945859206388032 17.330548567927675 93.95425490338587
      vertex -19.108716889543274 17.089168993074324 93.96615994331609
      vertex -19.062782626390735 17.789990420254952 94
    endloop
  endfacet
  facet normal 0.012699648614823684 0.04739573386879083 0.9987954562051724
    outer loop
      vertex -20.463853855776275 19.129417025930803 93.95425490338587
      vertex -20.704856531082154 18.22998279692924 94
      vertex -18.75215215159464 18.419886711286114 93.96615994331609
    endloop
  endfacet
  facet normal -0.012699648614822987 -0.04739573386879103 0.9987954562051726
    outer loop
      vertex -20.704856531082154 18.22998279692924 94
      vertex -20.945859206388032 17.330548567927675 93.95425490338587
      vertex -19.062782626390735 17.789990420254952 94
    endloop
  endfacet
  facet normal -0.03797664128597743 -0.1417307547800863 0.9891765099647803
    outer loop
      vertex -20.945859206388032 17.330548567927675 93.95425490338587
      vertex -21.184540894185254 16.43977638223216 93.81746016383069
      vertex -19.01503303404749 16.813185254324154 93.95425490338587
    endloop
  endfacet
  facet normal -0.9659258262890683 0.25881904510252024 -8.992893363361124e-15
    outer loop
      vertex -18.96623586310607 24.71860346490532 91.2175144212722
      vertex -20.704856531082154 18.22998279692924 91.5
      vertex -22.26469063933568 12.40860265354819 91.843599306946
    endloop
  endfacet
  facet normal -0.9659258262890681 0.25881904510252146 3.3657669068883287e-15
    outer loop
      vertex -19.991110102820667 20.893720730921924 93.59093318945598
      vertex -21.184540894185254 16.43977638223216 93.81746016383069
      vertex -20.225172167979057 20.020189211626313 93.81746016383069
    endloop
  endfacet
  facet normal -0.9659258262890683 0.258819045102521 2.577126680859146e-15
    outer loop
      vertex -20.225172167979057 20.020189211626313 93.81746016383069
      vertex -20.945859206388032 17.330548567927675 93.95425490338587
      vertex -20.463853855776275 19.129417025930803 93.95425490338587
    endloop
  endfacet
  facet normal -0.9659258262890682 0.25881904510252096 -3.375481110626312e-18
    outer loop
      vertex -20.463853855776275 19.129417025930803 93.95425490338587
      vertex -20.945859206388032 17.330548567927675 93.95425490338587
      vertex -20.704856531082154 18.22998279692924 94
    endloop
  endfacet
  facet normal -0.9659258262890682 0.25881904510252146 1.2212720804454197e-14
    outer loop
      vertex -20.225172167979057 20.020189211626313 93.81746016383069
      vertex -21.184540894185254 16.43977638223216 93.81746016383069
      vertex -20.945859206388032 17.330548567927675 93.95425490338587
    endloop
  endfacet
  facet normal -0.9659258262890683 0.25881904510252074 -1.1745657344965179e-14
    outer loop
      vertex -19.991110102820667 20.893720730921924 93.59093318945598
      vertex -21.41860295934364 15.566244862936554 93.59093318945598
      vertex -21.184540894185254 16.43977638223216 93.81746016383069
    endloop
  endfacet
  facet normal -0.9659258262890684 0.25881904510252063 -2.429924712831358e-15
    outer loop
      vertex -19.14502242282863 24.051362940310284 91.843599306946
      vertex -22.26469063933568 12.40860265354819 91.843599306946
      vertex -22.07088202445858 13.13190625121408 92.39896131687418
    endloop
  endfacet
  facet normal -0.9659258262890682 0.25881904510252113 7.746280172135406e-15
    outer loop
      vertex -19.338831037705727 23.328059342644398 92.39896131687418
      vertex -22.07088202445858 13.13190625121408 92.39896131687418
      vertex -21.863917837334768 13.904307112907325 92.87825201130937
    endloop
  endfacet
  facet normal -0.9659258262890681 0.25881904510252124 7.99451270086909e-15
    outer loop
      vertex -20.88243744972859 17.56724178608598 91.46629308670538
      vertex -22.26469063933568 12.40860265354819 91.843599306946
      vertex -20.704856531082154 18.22998279692924 91.5
    endloop
  endfacet
  facet normal -0.9659258262890684 0.25881904510252046 -3.562558556045648e-15
    outer loop
      vertex -20.88243744972859 17.56724178608598 91.46629308670538
      vertex -21.058308167052857 16.910883333468234 91.36549696282262
      vertex -22.26469063933568 12.40860265354819 91.843599306946
    endloop
  endfacet
  facet normal -0.9659258262890684 0.25881904510252035 -8.333613050306498e-15
    outer loop
      vertex -19.54579522482954 22.555658480951152 92.87825201130937
      vertex -21.863917837334768 13.904307112907325 92.87825201130937
      vertex -21.64579125622439 14.718366596092569 93.27685555885722
    endloop
  endfacet
  facet normal -0.9659258262890682 0.2588190451025209 4.8914155470367956e-15
    outer loop
      vertex -19.763921805939923 21.741598997765905 93.27685555885722
      vertex -21.64579125622439 14.718366596092569 93.27685555885722
      vertex -21.41860295934364 15.566244862936554 93.59093318945598
    endloop
  endfacet
  facet normal -0.9659258262890362 0.2588190451026408 -1.1227831869815754e-13
    outer loop
      vertex -22.0051476485353 13.3772302819636 89.3846034691419
      vertex -21.98594544432769 13.448893883683702 89.44974746830583
      vertex -22.02432835678661 13.30564690424454 89.28612342798412
    endloop
  endfacet
  facet normal -0.96592582628908 0.2588190451024771 8.079832186733623e-14
    outer loop
      vertex -22.0051476485353 13.3772302819636 89.3846034691419
      vertex -21.99080307798712 13.430764948062144 89.46448085850183
      vertex -21.98594544432769 13.448893883683702 89.44974746830583
    endloop
  endfacet
  facet normal -0.9659258262890679 0.258819045102522 -1.3116717481348567e-14
    outer loop
      vertex -21.85420797926896 13.940544796543202 89.91107317353917
      vertex -21.93822144081622 13.627002289529104 90.18615019903261
      vertex -21.711401631464785 14.473505342191753 90.32028728611782
    endloop
  endfacet
  facet normal -0.9659258262890673 0.25881904510252407 2.7390784610885758e-15
    outer loop
      vertex -21.98594544432769 13.448893883683702 89.44974746830583
      vertex -21.93904851595282 13.623915603097629 90.05451732378359
      vertex -21.85420797926896 13.940544796543202 89.91107317353917
    endloop
  endfacet
  facet normal -0.9659258262891128 0.25881904510235426 -3.9927261524579627e-13
    outer loop
      vertex -21.85420797926896 13.940544796543202 89.91107317353917
      vertex -21.93904851595282 13.623915603097629 90.05451732378359
      vertex -21.938778288686528 13.624924104985034 90.06349988220124
    endloop
  endfacet
  facet normal -0.9659258262890643 0.2588190451025357 3.655073868334693e-15
    outer loop
      vertex -21.85420797926896 13.940544796543202 89.91107317353917
      vertex -21.938778288686528 13.624924104985034 90.06349988220124
      vertex -21.93822144081622 13.627002289529104 90.18615019903261
    endloop
  endfacet
  facet normal -0.9659258262890683 0.2588190451025209 -4.3384762173204006e-15
    outer loop
      vertex -21.230774951906408 16.267228529776734 91.19858235012546
      vertex -21.398176854871167 15.642476122628535 90.96715672757901
      vertex -22.09041837938687 13.058995582027007 91.20744716560799
    endloop
  endfacet
  facet normal -0.9659258262890682 0.2588190451025211 2.4462442237586983e-15
    outer loop
      vertex -21.058308167052857 16.910883333468234 91.36549696282262
      vertex -21.230774951906408 16.267228529776734 91.19858235012546
      vertex -22.26469063933568 12.40860265354819 91.843599306946
    endloop
  endfacet
  facet normal -0.9659258262890679 0.2588190451025223 1.2178936331186963e-14
    outer loop
      vertex -21.398176854871167 15.642476122628535 90.96715672757901
      vertex -21.5589017041104 15.042642819228885 90.67344885043849
      vertex -22.040148011152837 13.246607150391613 91.05804573243785
    endloop
  endfacet
  facet normal -0.96592582628907 0.25881904510251474 3.58607860423467e-14
    outer loop
      vertex -21.93822144081622 13.627002289529104 90.18615019903261
      vertex -21.94077875373992 13.61745826776699 90.3084208044478
      vertex -21.711401631464785 14.473505342191753 90.32028728611782
    endloop
  endfacet
  facet normal -0.9659258262890698 0.2588190451025156 -2.6024683621771973e-14
    outer loop
      vertex -21.711401631464785 14.473505342191753 90.32028728611782
      vertex -21.94077875373992 13.61745826776699 90.3084208044478
      vertex -21.946425599136212 13.596383953845553 90.42913416567677
    endloop
  endfacet
  facet normal -0.9659258262890694 0.2588190451025164 -1.831562216366334e-14
    outer loop
      vertex -21.711401631464785 14.473505342191753 90.32028728611782
      vertex -21.946425599136212 13.596383953845553 90.42913416567677
      vertex -21.95510759479704 13.563982304928253 90.54712774706225
    endloop
  endfacet
  facet normal -0.9659258262890688 0.2588190451025192 -2.2606722977943016e-15
    outer loop
      vertex -21.5589017041104 15.042642819228885 90.67344885043849
      vertex -21.711401631464785 14.473505342191753 90.32028728611782
      vertex -21.99838731408707 13.402460193600552 90.87362265404744
    endloop
  endfacet
  facet normal -0.9659258262890684 0.25881904510252035 8.479081489753349e-15
    outer loop
      vertex -21.5589017041104 15.042642819228885 90.67344885043849
      vertex -21.99838731408707 13.402460193600552 90.87362265404744
      vertex -22.018095196186774 13.32890937629487 90.96979752501795
    endloop
  endfacet
  facet normal -0.9659258262890646 0.2588190451025344 5.897619353300461e-14
    outer loop
      vertex -21.711401631464785 14.473505342191753 90.32028728611782
      vertex -21.95510759479704 13.563982304928253 90.54712774706225
      vertex -21.96674112835813 13.52056536660669 90.66126520591362
    endloop
  endfacet
  facet normal -0.9659258262890755 0.2588190451024938 -6.274085667115896e-14
    outer loop
      vertex -21.711401631464785 14.473505342191753 90.32028728611782
      vertex -21.96674112835813 13.52056536660669 90.66126520591362
      vertex -21.981214162531764 13.46655126773103 90.77044733610829
    endloop
  endfacet
  facet normal -0.965925826289069 0.2588190451025183 -4.337740428696329e-15
    outer loop
      vertex -21.711401631464785 14.473505342191753 90.32028728611782
      vertex -21.981214162531764 13.46655126773103 90.77044733610829
      vertex -21.99838731408707 13.402460193600552 90.87362265404744
    endloop
  endfacet
  facet normal -0.9659258262890575 0.2588190451025607 5.476538776275934e-14
    outer loop
      vertex -21.974556764441825 13.491397015648882 90.64280853462543
      vertex -22.00552717252171 13.375813879163623 90.6807656687604
      vertex -21.99844914063894 13.402229453767696 90.74347648214795
    endloop
  endfacet
  facet normal -0.9659258262890698 0.2588190451025159 -2.0714934802424143e-14
    outer loop
      vertex -21.5589017041104 15.042642819228885 90.67344885043849
      vertex -22.018095196186774 13.32890937629487 90.96979752501795
      vertex -22.040148011152837 13.246607150391613 91.05804573243785
    endloop
  endfacet
  facet normal -0.9659258262890678 0.25881904510252307 3.3500269436005434e-14
    outer loop
      vertex -21.398176854871167 15.642476122628535 90.96715672757901
      vertex -22.040148011152837 13.246607150391613 91.05804573243785
      vertex -22.064333378321834 13.1563461313172 91.13751739782832
    endloop
  endfacet
  facet normal -0.9659258262890685 0.25881904510251974 -1.7477261527096425e-14
    outer loop
      vertex -21.398176854871167 15.642476122628535 90.96715672757901
      vertex -22.064333378321834 13.1563461313172 91.13751739782832
      vertex -22.09041837938687 13.058995582027007 91.20744716560799
    endloop
  endfacet
  facet normal -0.9659258262890679 0.25881904510252196 4.3951608636556303e-13
    outer loop
      vertex -21.230774951906408 16.267228529776734 91.19858235012546
      vertex -22.09041837938687 13.058995582027007 91.20744716560799
      vertex -22.163488213163532 12.786295249871877 91.21314338014177
    endloop
  endfacet
  facet normal -0.9659258262890684 0.25881904510252013 -5.5548872503117665e-14
    outer loop
      vertex -21.230774951906408 16.267228529776734 91.19858235012546
      vertex -22.163488213163532 12.786295249871877 91.21314338014177
      vertex -22.12533467519944 12.928686192042392 91.27923155927884
    endloop
  endfacet
  facet normal -0.9659258262890681 0.2588190451025215 5.226959855191715e-15
    outer loop
      vertex -21.230774951906408 16.267228529776734 91.19858235012546
      vertex -22.12533467519944 12.928686192042392 91.27923155927884
      vertex -22.26469063933568 12.40860265354819 91.843599306946
    endloop
  endfacet
  facet normal -0.9659258262891379 0.2588190451022605 1.840279434223196e-13
    outer loop
      vertex -22.0051476485353 13.3772302819636 89.3846034691419
      vertex -22.02432835678661 13.30564690424454 89.28612342798412
      vertex -22.025716429084362 13.300466547904747 89.29115838607461
    endloop
  endfacet
  facet normal -0.9659258262894065 0.2588190451012588 -1.5258063148004984e-12
    outer loop
      vertex -21.98594544432769 13.448893883683702 89.44974746830583
      vertex -21.99080307798712 13.430764948062144 89.46448085850183
      vertex -22.408788159983242 11.870823385246783 90.84872969805406
    endloop
  endfacet
  facet normal -0.9659258262890676 0.2588190451025233 2.9733974586885087e-15
    outer loop
      vertex -21.98594544432769 13.448893883683702 89.44974746830583
      vertex -22.408788159983242 11.870823385246783 90.84872969805406
      vertex -21.93904851595282 13.623915603097629 90.05451732378359
    endloop
  endfacet
  facet normal -0.965925826289067 0.2588190451025257 4.472643213056319e-15
    outer loop
      vertex -21.99080307798712 13.430764948062144 89.46448085850183
      vertex -22.212774294350318 12.602357090776833 90.13772811678528
      vertex -22.408788159983242 11.870823385246783 90.84872969805406
    endloop
  endfacet
  facet normal -0.9659258262890679 0.258819045102522 1.0401327911627738e-14
    outer loop
      vertex -22.040148011152837 13.246607150391613 91.05804573243785
      vertex -22.104870380815992 13.005059978422462 91.13641541221195
      vertex -22.09041837938687 13.058995582027007 91.20744716560799
    endloop
  endfacet
  facet normal -0.9659258262890701 0.258819045102514 1.686136351328339e-14
    outer loop
      vertex -22.104870380815992 13.005059978422462 91.13641541221195
      vertex -22.163488213163532 12.786295249871877 91.21314338014177
      vertex -22.09041837938687 13.058995582027007 91.20744716560799
    endloop
  endfacet
  facet normal -0.9659258262890741 0.25881904510249937 -6.8191853212356066e-15
    outer loop
      vertex -22.12533467519944 12.928686192042392 91.27923155927884
      vertex -22.163488213163532 12.786295249871877 91.21314338014177
      vertex -22.153055422297896 12.825230955447177 91.32330107253937
    endloop
  endfacet
  facet normal -0.96592582628907 0.25881904510251497 -1.2728647941639064e-14
    outer loop
      vertex -22.163488213163532 12.786295249871877 91.21314338014177
      vertex -22.266342180461287 12.402439018156628 91.3595918042101
      vertex -22.153055422297896 12.825230955447177 91.32330107253937
    endloop
  endfacet
  facet normal -0.9659258262890623 0.2588190451025429 2.6480758564768917e-14
    outer loop
      vertex -22.12533467519944 12.928686192042392 91.27923155927884
      vertex -22.147266556729882 12.846835295865205 91.31608554026641
      vertex -22.26469063933568 12.40860265354819 91.843599306946
    endloop
  endfacet
  facet normal -0.9659258262891162 0.2588190451023417 -1.526643762615977e-13
    outer loop
      vertex -22.153055422297896 12.825230955447177 91.32330107253937
      vertex -22.26469063933568 12.40860265354819 91.843599306946
      vertex -22.147266556729882 12.846835295865205 91.31608554026641
    endloop
  endfacet
  facet normal -0.9659258262890674 0.25881904510252385 3.776352293013771e-14
    outer loop
      vertex -22.153055422297896 12.825230955447177 91.32330107253937
      vertex -22.254500318271216 12.446633449506205 91.3866627204376
      vertex -22.247628451724673 12.472279604600736 91.39302422158906
    endloop
  endfacet
  facet normal -0.9659258262890976 0.25881904510241155 -5.725994467200241e-13
    outer loop
      vertex -22.153055422297896 12.825230955447177 91.32330107253937
      vertex -22.247628451724673 12.472279604600736 91.39302422158906
      vertex -22.243929996095137 12.486082428919712 91.3942122423802
    endloop
  endfacet
  facet normal -0.9659258262890701 0.25881904510251375 -2.640365930375279e-14
    outer loop
      vertex -22.153055422297896 12.825230955447177 91.32330107253937
      vertex -22.266342180461287 12.402439018156628 91.3595918042101
      vertex -22.254500318271216 12.446633449506205 91.3866627204376
    endloop
  endfacet
  facet normal -0.9659258262890543 0.25881904510257253 -4.290934991251574e-14
    outer loop
      vertex -22.365216801841676 12.03343390758588 91.33085731884702
      vertex -22.39475774995202 11.923185588334334 91.28590879677637
      vertex -22.26469063933568 12.40860265354819 91.843599306946
    endloop
  endfacet
  facet normal -0.96592582628908 0.25881904510247666 4.6449737267039675e-14
    outer loop
      vertex -22.39475774995202 11.923185588334334 91.28590879677637
      vertex -22.42301616463126 11.817723749010053 91.22998928680408
      vertex -22.26469063933568 12.40860265354819 91.843599306946
    endloop
  endfacet
  facet normal -0.9659258262890765 0.25881904510248965 3.310785561228553e-14
    outer loop
      vertex -22.42301616463126 11.817723749010053 91.22998928680408
      vertex -22.443477199058236 11.741362128953154 91.2175144212722
      vertex -22.26469063933568 12.40860265354819 91.843599306946
    endloop
  endfacet
  facet normal -0.9659258262890853 0.25881904510245757 6.109054340183024e-14
    outer loop
      vertex -22.472367093946204 11.633543573405936 91.09435854217892
      vertex -22.443477199058236 11.741362128953154 91.2175144212722
      vertex -22.44971990189842 11.718064044777044 91.1636373243799
    endloop
  endfacet
  facet normal -0.9659258262893007 0.2588190451016533 1.3807542392194013e-12
    outer loop
      vertex -22.42301616463126 11.817723749010053 91.22998928680408
      vertex -22.432433763599672 11.782576791174645 91.20397965737982
      vertex -22.43313701565429 11.779952218776273 91.20484155860176
    endloop
  endfacet
  facet normal -0.9659258262890766 0.2588190451024894 3.499720115828275e-14
    outer loop
      vertex -22.42301616463126 11.817723749010053 91.22998928680408
      vertex -22.43313701565429 11.779952218776273 91.20484155860176
      vertex -22.443477199058236 11.741362128953154 91.2175144212722
    endloop
  endfacet
  facet normal -0.9659258262890759 0.2588190451024924 4.494350981879036e-14
    outer loop
      vertex -22.44971990189842 11.718064044777044 91.1636373243799
      vertex -22.443477199058236 11.741362128953154 91.2175144212722
      vertex -22.43313701565429 11.779952218776273 91.20484155860176
    endloop
  endfacet
  facet normal -0.9659258262890675 0.25881904510252374 3.4903294101188283e-15
    outer loop
      vertex -22.153055422297896 12.825230955447177 91.32330107253937
      vertex -22.243929996095137 12.486082428919712 91.3942122423802
      vertex -22.26469063933568 12.40860265354819 91.843599306946
    endloop
  endfacet
  facet normal -0.9659258262890686 0.25881904510251913 2.6580660768339223e-15
    outer loop
      vertex -22.243929996095137 12.486082428919712 91.3942122423802
      vertex -22.271788937557197 12.382111443938214 91.3961004077941
      vertex -22.26469063933568 12.40860265354819 91.843599306946
    endloop
  endfacet
  facet normal -0.965925826289065 0.2588190451025334 1.748202881016678e-15
    outer loop
      vertex -22.271788937557197 12.382111443938214 91.3961004077941
      vertex -22.303434898894867 12.264007108371676 91.38621970939846
      vertex -22.26469063933568 12.40860265354819 91.843599306946
    endloop
  endfacet
  facet normal -0.9659258262890755 0.25881904510249365 1.521512991552429e-14
    outer loop
      vertex -22.303434898894867 12.264007108371676 91.38621970939846
      vertex -22.334677815779262 12.14740695518245 91.36440197417711
      vertex -22.26469063933568 12.40860265354819 91.843599306946
    endloop
  endfacet
  facet normal -0.9659258262890705 0.25881904510251236 4.298359139798692e-15
    outer loop
      vertex -22.334677815779262 12.14740695518245 91.36440197417711
      vertex -22.365216801841676 12.03343390758588 91.33085731884702
      vertex -22.26469063933568 12.40860265354819 91.843599306946
    endloop
  endfacet
  facet normal -0.06288789814140282 -0.23470083104493247 0.9700312531945425
    outer loop
      vertex -13.589924111087974 17.737348944672597 77.63450303717738
      vertex -13.417457326234423 18.381003748364098 77.80141764987454
      vertex -15.875452156112292 18.349754338615544 77.63450303717738
    endloop
  endfacet
  facet normal -0.03797664128594865 -0.14173075477997868 0.9891765099647969
    outer loop
      vertex -13.589924111087974 17.737348944672597 77.63450303717738
      vertex -15.875452156112292 18.349754338615544 77.63450303717738
      vertex -15.765270412258426 18.224116139070414 77.6207315169776
    endloop
  endfacet
  facet normal -0.06288789814140246 -0.23470083104494513 0.9700312531945394
    outer loop
      vertex -13.417457326234423 18.381003748364098 77.80141764987454
      vertex -16.228345566854717 18.75215215159464 77.70898556133254
      vertex -15.875452156112292 18.349754338615544 77.63450303717738
    endloop
  endfacet
  facet normal -0.03797664128597556 -0.14173075478007346 0.9891765099647822
    outer loop
      vertex -13.589924111087974 17.737348944672597 77.63450303717738
      vertex -15.539515388597557 17.559063285066507 77.53410893288732
      vertex -13.76579482841224 17.08099049205485 77.53370691329462
    endloop
  endfacet
  facet normal -0.012699648614824125 -0.04739573386879556 0.9987954562051723
    outer loop
      vertex -13.76579482841224 17.08099049205485 77.53370691329462
      vertex -15.585449651750094 16.85824185788588 77.5
      vertex -13.94337574705868 16.418249481211596 77.5
    endloop
  endfacet
  facet normal -0.012699648614824146 -0.04739573386879537 0.9987954562051724
    outer loop
      vertex -13.76579482841224 17.08099049205485 77.53370691329462
      vertex -15.539696116530076 17.55630590965855 77.53370691329462
      vertex -15.585449651750094 16.85824185788588 77.5
    endloop
  endfacet
  facet normal -0.037976641285749124 -0.14173075477923344 0.9891765099649114
    outer loop
      vertex -13.76579482841224 17.08099049205485 77.53370691329462
      vertex -15.539515388597557 17.559063285066507 77.53410893288732
      vertex -15.539696116530076 17.55630590965855 77.53370691329462
    endloop
  endfacet
  facet normal -0.037976641285973785 -0.14173075478009153 0.9891765099647799
    outer loop
      vertex -13.589924111087974 17.737348944672597 77.63450303717738
      vertex -15.765270412258426 18.224116139070414 77.6207315169776
      vertex -15.539515388597557 17.559063285066507 77.53410893288732
    endloop
  endfacet
  facet normal -0.06288789814139664 -0.2347008310448984 0.9700312531945511
    outer loop
      vertex -13.417457326234423 18.381003748364098 77.80141764987454
      vertex -16.858241857885876 19.06278262639074 77.7433064934498
      vertex -16.228345566854717 18.75215215159464 77.70898556133254
    endloop
  endfacet
  facet normal -0.15417832515696606 -0.5754013429116718 0.8032075314806489
    outer loop
      vertex -12.936830646676047 20.174726935949078 78.67971271388218
      vertex -12.79402429887187 20.707687481597628 79.08892682646083
      vertex -19.555505082895348 22.519420797315274 79.08892682646083
    endloop
  endfacet
  facet normal -0.1330595813366762 -0.49658511798231886 0.8577286100002699
    outer loop
      vertex -13.08933057403043 19.605589458911947 78.32655114956151
      vertex -12.936830646676047 20.174726935949078 78.67971271388218
      vertex -19.698311430699523 21.986460251666724 78.67971271388218
    endloop
  endfacet
  facet normal -0.11065940101034412 -0.4129865069057422 0.9039892931234447
    outer loop
      vertex -13.08933057403043 19.605589458911947 78.32655114956151
      vertex -19.85081135805391 21.417322774629596 78.32655114956151
      vertex -13.250055423269663 19.005756155512294 78.03284327242099
    endloop
  endfacet
  facet normal -0.08719351015970228 -0.32541061000628185 0.9415440651830211
    outer loop
      vertex -13.250055423269663 19.005756155512294 78.03284327242099
      vertex -20.01153620729314 20.81748947122994 78.03284327242099
      vertex -13.417457326234423 18.381003748364098 77.80141764987454
    endloop
  endfacet
  facet normal -0.20788540631697336 -0.7758388985270457 0.5956993044924321
    outer loop
      vertex -12.542886955303404 21.644944807473017 80.05924701085448
      vertex -12.436974549443322 22.040215287294707 80.61100836886278
      vertex -19.1984553334668 23.85194860301235 80.61100836886278
    endloop
  endfacet
  facet normal -0.2219964997973823 -0.8285022163462863 0.514102744193223
    outer loop
      vertex -12.436974549443322 22.040215287294707 80.61100836886278
      vertex -12.345569610598933 22.381343163124686 81.20022284221801
      vertex -19.107050394622412 24.19307647884233 81.20022284221801
    endloop
  endfacet
  facet normal -0.2436895358726156 -0.9094617291494793 0.33688985339221506
    outer loop
      vertex -12.269552418298332 22.665043187039252 81.82121597344437
      vertex -12.209655059658605 22.888583172721898 82.46800725921877
      vertex -18.97113584368208 24.700316488439544 82.46800725921877
    endloop
  endfacet
  facet normal -0.23396964562911204 -0.8731866049167333 0.4275550934302808
    outer loop
      vertex -12.345569610598933 22.381343163124686 81.20022284221801
      vertex -12.269552418298332 22.665043187039252 81.82121597344437
      vertex -19.03103320232181 24.476776502756895 81.82121597344437
    endloop
  endfacet
  facet normal -0.2510625626714133 -0.9369782397681603 0.24298017990326412
    outer loop
      vertex -12.209655059658605 22.888583172721898 82.46800725921877
      vertex -12.166454378986668 23.049810307911113 83.1343677458871
      vertex -18.92793516301015 24.86154362362876 83.1343677458871
    endloop
  endfacet
  facet normal -0.2560177197469286 -0.9554711377334677 0.1467304744553633
    outer loop
      vertex -12.166454378986668 23.049810307911113 83.1343677458871
      vertex -12.140366422453297 23.14717188715931 83.81388001769308
      vertex -18.90184720647678 24.958905202876956 83.81388001769308
    endloop
  endfacet
  facet normal -0.1738122474235535 -0.6486761383624355 0.7409511253549534
    outer loop
      vertex -12.662286833813141 21.19933839445713 79.55025253169417
      vertex -19.42376761783662 23.01107171017477 79.55025253169417
      vertex -12.79402429887187 20.707687481597628 79.08892682646083
    endloop
  endfacet
  facet normal -0.1917722627320074 -0.7157038279982991 0.6715589548470237
    outer loop
      vertex -12.542886955303404 21.644944807473017 80.05924701085448
      vertex -19.304367739326885 23.456678123190663 80.05924701085448
      vertex -12.662286833813141 21.19933839445713 79.55025253169417
    endloop
  endfacet
  facet normal -0.06288789814140282 -0.23470083104493247 -0.9700312531945425
    outer loop
      vertex -13.417457326234423 18.381003748364098 91.19858235012546
      vertex -13.589924111087974 17.737348944672597 91.36549696282262
      vertex -15.875452156112292 18.349754338615544 91.36549696282262
    endloop
  endfacet
  facet normal -0.03797664128594864 -0.14173075477997865 -0.9891765099647969
    outer loop
      vertex -13.589924111087974 17.737348944672597 91.36549696282262
      vertex -15.765270412258426 18.224116139070414 91.3792684830224
      vertex -15.875452156112292 18.349754338615544 91.36549696282262
    endloop
  endfacet
  facet normal -0.06288789814140246 -0.23470083104494516 -0.9700312531945394
    outer loop
      vertex -13.417457326234423 18.381003748364098 91.19858235012546
      vertex -15.875452156112292 18.349754338615544 91.36549696282262
      vertex -16.228345566854717 18.75215215159464 91.29101443866746
    endloop
  endfacet
  facet normal -0.0379766412859743 -0.1417307547800738 -0.9891765099647825
    outer loop
      vertex -13.589924111087974 17.737348944672597 91.36549696282262
      vertex -13.76579482841224 17.08099049205485 91.46629308670538
      vertex -15.539696116530076 17.55630590965855 91.46629308670538
    endloop
  endfacet
  facet normal -0.012699648614824123 -0.04739573386879555 -0.9987954562051723
    outer loop
      vertex -13.76579482841224 17.08099049205485 91.46629308670538
      vertex -13.94337574705868 16.418249481211596 91.5
      vertex -15.585449651750094 16.85824185788588 91.5
    endloop
  endfacet
  facet normal 0.01269964861482403 0.04739573386879521 -0.9987954562051723
    outer loop
      vertex -14.120956665705112 15.755508470368337 91.46629308670538
      vertex -15.585449651750094 16.85824185788588 91.5
      vertex -13.94337574705868 16.418249481211596 91.5
    endloop
  endfacet
  facet normal 0.03797664128597285 0.14173075478007444 -0.9891765099647822
    outer loop
      vertex -14.120956665705112 15.755508470368337 91.46629308670538
      vertex -14.29682738302938 15.09915001775059 91.36549696282262
      vertex -15.896080126546192 16.228345566854717 91.46589106711268
    endloop
  endfacet
  facet normal 0.06288789814140266 0.23470083104493208 -0.9700312531945426
    outer loop
      vertex -14.29682738302938 15.09915001775059 91.36549696282262
      vertex -14.469294167882929 14.455495214059088 91.19858235012546
      vertex -16.5823554280537 15.711555411693537 91.36549696282262
    endloop
  endfacet
  facet normal -0.012699648614824146 -0.04739573386879537 -0.9987954562051724
    outer loop
      vertex -13.76579482841224 17.08099049205485 91.46629308670538
      vertex -15.585449651750094 16.85824185788588 91.5
      vertex -15.539696116530076 17.55630590965855 91.46629308670538
    endloop
  endfacet
  facet normal -0.037976641286060514 -0.14173075477921093 -0.9891765099649026
    outer loop
      vertex -13.589924111087974 17.737348944672597 91.36549696282262
      vertex -15.539696116530076 17.55630590965855 91.46629308670538
      vertex -15.539515388597557 17.559063285066507 91.46589106711268
    endloop
  endfacet
  facet normal 0.01269964861482399 0.04739573386879515 -0.9987954562051724
    outer loop
      vertex -14.120956665705112 15.755508470368337 91.46629308670538
      vertex -15.894857953822948 16.230823887972036 91.46629308670538
      vertex -15.585449651750094 16.85824185788588 91.5
    endloop
  endfacet
  facet normal 0.03797664128575211 0.14173075477924565 -0.9891765099649095
    outer loop
      vertex -14.120956665705112 15.755508470368337 91.46629308670538
      vertex -15.896080126546192 16.228345566854717 91.46589106711268
      vertex -15.894857953822948 16.230823887972036 91.46629308670538
    endloop
  endfacet
  facet normal -0.037976641285973785 -0.1417307547800915 -0.9891765099647799
    outer loop
      vertex -13.589924111087974 17.737348944672597 91.36549696282262
      vertex -15.539515388597557 17.559063285066507 91.46589106711268
      vertex -15.765270412258426 18.224116139070414 91.3792684830224
    endloop
  endfacet
  facet normal 0.037976641285983624 0.1417307547800895 -0.9891765099647797
    outer loop
      vertex -14.29682738302938 15.09915001775059 91.36549696282262
      vertex -16.424116139070417 15.765270412258428 91.3792684830224
      vertex -15.896080126546192 16.228345566854717 91.46589106711268
    endloop
  endfacet
  facet normal 0.03797664128594747 0.1417307547799744 -0.9891765099647976
    outer loop
      vertex -14.29682738302938 15.09915001775059 91.36549696282262
      vertex -16.5823554280537 15.711555411693537 91.36549696282262
      vertex -16.424116139070417 15.765270412258428 91.3792684830224
    endloop
  endfacet
  facet normal 0.0628878981414111 0.23470083104494577 -0.9700312531945388
    outer loop
      vertex -14.469294167882929 14.455495214059088 91.19858235012546
      vertex -17.089168993074324 15.539515388597557 91.29101443866746
      vertex -16.5823554280537 15.711555411693537 91.36549696282262
    endloop
  endfacet
  facet normal -0.2585072862277591 -0.9647623263287483 0.04906767432741848
    outer loop
      vertex -12.140366422453297 23.14717188715931 83.81388001769308
      vertex -12.131642431341033 23.179730265235072 84.5
      vertex -18.893123215364508 24.991463580952715 84.5
    endloop
  endfacet
  facet normal -0.2585072862277592 -0.964762326328748 -0.04906767432741847
    outer loop
      vertex -12.131642431341033 23.179730265235072 84.5
      vertex -12.140366422453297 23.14717188715931 85.18611998230692
      vertex -18.90184720647678 24.958905202876956 85.18611998230692
    endloop
  endfacet
  facet normal -0.25601771974692866 -0.9554711377334677 -0.1467304744553633
    outer loop
      vertex -12.140366422453297 23.14717188715931 85.18611998230692
      vertex -12.166454378986668 23.049810307911113 85.8656322541129
      vertex -18.92793516301015 24.86154362362876 85.8656322541129
    endloop
  endfacet
  facet normal -0.2510625626714136 -0.9369782397681602 -0.24298017990326418
    outer loop
      vertex -12.166454378986668 23.049810307911113 85.8656322541129
      vertex -12.209655059658605 22.888583172721898 86.53199274078123
      vertex -18.97113584368208 24.700316488439544 86.53199274078123
    endloop
  endfacet
  facet normal -0.2436895358726151 -0.9094617291494795 -0.3368898533922151
    outer loop
      vertex -12.209655059658605 22.888583172721898 86.53199274078123
      vertex -12.269552418298332 22.665043187039252 87.17878402655563
      vertex -19.03103320232181 24.476776502756895 87.17878402655563
    endloop
  endfacet
  facet normal -0.23396964562911204 -0.8731866049167333 -0.4275550934302808
    outer loop
      vertex -12.269552418298332 22.665043187039252 87.17878402655563
      vertex -12.345569610598933 22.381343163124686 87.79977715778199
      vertex -19.107050394622412 24.19307647884233 87.79977715778199
    endloop
  endfacet
  facet normal -0.22199649979738234 -0.8285022163462863 -0.514102744193223
    outer loop
      vertex -12.345569610598933 22.381343163124686 87.79977715778199
      vertex -12.436974549443322 22.040215287294707 88.38899163113722
      vertex -19.1984553334668 23.85194860301235 88.38899163113722
    endloop
  endfacet
  facet normal -0.2078854063169736 -0.7758388985270457 -0.5956993044924321
    outer loop
      vertex -12.436974549443322 22.040215287294707 88.38899163113722
      vertex -12.542886955303404 21.644944807473017 88.94075298914552
      vertex -19.304367739326885 23.456678123190663 88.94075298914552
    endloop
  endfacet
  facet normal -0.06288789814139666 -0.23470083104489844 -0.9700312531945512
    outer loop
      vertex -13.417457326234423 18.381003748364098 91.19858235012546
      vertex -16.228345566854717 18.75215215159464 91.29101443866746
      vertex -16.858241857885876 19.06278262639074 91.2566935065502
    endloop
  endfacet
  facet normal -0.19177226273200706 -0.7157038279982992 -0.6715589548470238
    outer loop
      vertex -12.542886955303404 21.644944807473017 88.94075298914552
      vertex -12.662286833813141 21.19933839445713 89.44974746830583
      vertex -19.42376761783662 23.01107171017477 89.44974746830583
    endloop
  endfacet
  facet normal -0.17381224742355386 -0.6486761383624353 -0.7409511253549533
    outer loop
      vertex -12.662286833813141 21.19933839445713 89.44974746830583
      vertex -12.79402429887187 20.707687481597628 89.91107317353917
      vertex -19.555505082895348 22.519420797315274 89.91107317353917
    endloop
  endfacet
  facet normal -0.15417832515696606 -0.5754013429116718 -0.8032075314806489
    outer loop
      vertex -12.79402429887187 20.707687481597628 89.91107317353917
      vertex -12.936830646676047 20.174726935949078 90.32028728611782
      vertex -19.698311430699523 21.986460251666724 90.32028728611782
    endloop
  endfacet
  facet normal -0.1330595813366764 -0.4965851179823188 -0.8577286100002698
    outer loop
      vertex -12.936830646676047 20.174726935949078 90.32028728611782
      vertex -13.08933057403043 19.605589458911947 90.67344885043849
      vertex -19.85081135805391 21.417322774629596 90.67344885043849
    endloop
  endfacet
  facet normal -0.11065940101034395 -0.41298650690574223 -0.9039892931234447
    outer loop
      vertex -13.08933057403043 19.605589458911947 90.67344885043849
      vertex -13.250055423269663 19.005756155512294 90.96715672757901
      vertex -20.01153620729314 20.81748947122994 90.96715672757901
    endloop
  endfacet
  facet normal -0.08719351015970231 -0.32541061000628185 -0.9415440651830214
    outer loop
      vertex -13.250055423269663 19.005756155512294 90.96715672757901
      vertex -13.417457326234423 18.381003748364098 91.19858235012546
      vertex -20.1789381102579 20.192737064081744 91.19858235012546
    endloop
  endfacet
  facet normal 0.06288789814139169 0.23470083104489986 -0.9700312531945511
    outer loop
      vertex -14.469294167882929 14.455495214059088 91.19858235012546
      vertex -17.789990420254956 15.585449651750094 91.2566935065502
      vertex -17.089168993074324 15.539515388597557 91.29101443866746
    endloop
  endfacet
  facet normal 0.08719351015970207 0.3254106100062811 -0.9415440651830215
    outer loop
      vertex -14.469294167882929 14.455495214059088 91.19858235012546
      vertex -14.63669607084769 13.830742806910889 90.96715672757901
      vertex -21.398176854871167 15.642476122628535 90.96715672757901
    endloop
  endfacet
  facet normal 0.173812247423554 0.6486761383624365 -0.7409511253549522
    outer loop
      vertex -15.224464660304212 11.637160567966058 89.44974746830583
      vertex -21.98594544432769 13.448893883683702 89.44974746830583
      vertex -15.092727195245484 12.128811480825558 89.91107317353917
    endloop
  endfacet
  facet normal 0.15417832515696583 0.5754013429116714 -0.803207531480649
    outer loop
      vertex -15.092727195245484 12.128811480825558 89.91107317353917
      vertex -21.85420797926896 13.940544796543202 89.91107317353917
      vertex -14.949920847441305 12.661772026474107 90.32028728611782
    endloop
  endfacet
  facet normal 0.11065940101034409 0.4129865069057425 -0.9039892931234447
    outer loop
      vertex -14.63669607084769 13.830742806910889 90.96715672757901
      vertex -14.79742092008692 13.230909503511237 90.67344885043849
      vertex -21.5589017041104 15.042642819228885 90.67344885043849
    endloop
  endfacet
  facet normal 0.13305958133667636 0.49658511798231963 -0.8577286100002695
    outer loop
      vertex -14.79742092008692 13.230909503511237 90.67344885043849
      vertex -14.949920847441305 12.661772026474107 90.32028728611782
      vertex -21.711401631464785 14.473505342191753 90.32028728611782
    endloop
  endfacet
  facet normal 0.19177226273200662 0.7157038279982967 -0.6715589548470269
    outer loop
      vertex -15.224464660304212 11.637160567966058 89.44974746830583
      vertex -15.262847572763134 11.493913588526896 89.28612342798412
      vertex -22.02432835678661 13.30564690424454 89.28612342798412
    endloop
  endfacet
  facet normal -0.06288789814140378 -0.23470083104493505 0.9700312531945418
    outer loop
      vertex -13.417457326234423 18.381003748364098 77.80141764987454
      vertex -20.1789381102579 20.192737064081744 77.80141764987454
      vertex -16.858241857885876 19.06278262639074 77.7433064934498
    endloop
  endfacet
  facet normal -0.15417832515696614 -0.575401342911672 0.8032075314806486
    outer loop
      vertex -12.936830646676047 20.174726935949078 78.67971271388218
      vertex -19.555505082895348 22.519420797315274 79.08892682646083
      vertex -19.698311430699523 21.986460251666724 78.67971271388218
    endloop
  endfacet
  facet normal -0.1330595813366768 -0.49658511798232036 0.8577286100002688
    outer loop
      vertex -13.08933057403043 19.605589458911947 78.32655114956151
      vertex -19.698311430699523 21.986460251666724 78.67971271388218
      vertex -19.85081135805391 21.417322774629596 78.32655114956151
    endloop
  endfacet
  facet normal -0.11065940101034351 -0.41298650690574057 0.9039892931234456
    outer loop
      vertex -13.250055423269663 19.005756155512294 78.03284327242099
      vertex -19.85081135805391 21.417322774629596 78.32655114956151
      vertex -20.01153620729314 20.81748947122994 78.03284327242099
    endloop
  endfacet
  facet normal -0.08719351015970234 -0.325410610006282 0.9415440651830214
    outer loop
      vertex -13.417457326234423 18.381003748364098 77.80141764987454
      vertex -20.01153620729314 20.81748947122994 78.03284327242099
      vertex -20.1789381102579 20.192737064081744 77.80141764987454
    endloop
  endfacet
  facet normal -0.06288789814139098 -0.23470083104489803 0.9700312531945516
    outer loop
      vertex -20.1789381102579 20.192737064081744 77.80141764987454
      vertex -17.559063285066507 19.108716889543274 77.70898556133254
      vertex -16.858241857885876 19.06278262639074 77.7433064934498
    endloop
  endfacet
  facet normal -0.20788540631697408 -0.7758388985270473 0.5956993044924297
    outer loop
      vertex -12.542886955303404 21.644944807473017 80.05924701085448
      vertex -19.1984553334668 23.85194860301235 80.61100836886278
      vertex -19.304367739326885 23.456678123190663 80.05924701085448
    endloop
  endfacet
  facet normal -0.2219964997973824 -0.8285022163462864 0.5141027441932225
    outer loop
      vertex -12.436974549443322 22.040215287294707 80.61100836886278
      vertex -19.107050394622412 24.19307647884233 81.20022284221801
      vertex -19.1984553334668 23.85194860301235 80.61100836886278
    endloop
  endfacet
  facet normal -0.23396964562911204 -0.8731866049167333 0.427555093430281
    outer loop
      vertex -12.345569610598933 22.381343163124686 81.20022284221801
      vertex -19.03103320232181 24.476776502756895 81.82121597344437
      vertex -19.107050394622412 24.19307647884233 81.20022284221801
    endloop
  endfacet
  facet normal -0.24368953587261455 -0.9094617291494775 0.3368898533922207
    outer loop
      vertex -12.269552418298332 22.665043187039252 81.82121597344437
      vertex -18.97113584368208 24.700316488439544 82.46800725921877
      vertex -19.03103320232181 24.476776502756895 81.82121597344437
    endloop
  endfacet
  facet normal -0.25106256267141375 -0.9369782397681609 0.24298017990326168
    outer loop
      vertex -12.209655059658605 22.888583172721898 82.46800725921877
      vertex -18.92793516301015 24.86154362362876 83.1343677458871
      vertex -18.97113584368208 24.700316488439544 82.46800725921877
    endloop
  endfacet
  facet normal -0.2560177197469286 -0.9554711377334676 0.14673047445536336
    outer loop
      vertex -12.166454378986668 23.049810307911113 83.1343677458871
      vertex -18.90184720647678 24.958905202876956 83.81388001769308
      vertex -18.92793516301015 24.86154362362876 83.1343677458871
    endloop
  endfacet
  facet normal -0.17381224742355456 -0.648676138362438 0.7409511253549509
    outer loop
      vertex -12.79402429887187 20.707687481597628 79.08892682646083
      vertex -19.42376761783662 23.01107171017477 79.55025253169417
      vertex -19.555505082895348 22.519420797315274 79.08892682646083
    endloop
  endfacet
  facet normal -0.19177226273200654 -0.7157038279982971 0.6715589548470261
    outer loop
      vertex -12.662286833813141 21.19933839445713 79.55025253169417
      vertex -19.304367739326885 23.456678123190663 80.05924701085448
      vertex -19.42376761783662 23.01107171017477 79.55025253169417
    endloop
  endfacet
  facet normal -0.06288789814141096 -0.23470083104494524 0.970031253194539
    outer loop
      vertex -20.1789381102579 20.192737064081744 77.80141764987454
      vertex -18.06587685008713 18.936676866447293 77.63450303717738
      vertex -17.559063285066507 19.108716889543274 77.70898556133254
    endloop
  endfacet
  facet normal -0.03797664128594789 -0.14173075477997527 0.9891765099647974
    outer loop
      vertex -20.35140489511145 19.549082260390243 77.63450303717738
      vertex -18.224116139070414 18.882961865882404 77.6207315169776
      vertex -18.06587685008713 18.936676866447293 77.63450303717738
    endloop
  endfacet
  facet normal -0.06288789814140305 -0.23470083104493233 0.9700312531945424
    outer loop
      vertex -20.35140489511145 19.549082260390243 77.63450303717738
      vertex -18.06587685008713 18.936676866447293 77.63450303717738
      vertex -20.1789381102579 20.192737064081744 77.80141764987454
    endloop
  endfacet
  facet normal -0.03797664128598374 -0.14173075478008937 0.9891765099647797
    outer loop
      vertex -20.35140489511145 19.549082260390243 77.63450303717738
      vertex -18.75215215159464 18.419886711286114 77.53410893288732
      vertex -18.224116139070414 18.882961865882404 77.6207315169776
    endloop
  endfacet
  facet normal -0.03797664128549032 -0.1417307547793998 0.9891765099648975
    outer loop
      vertex -20.35140489511145 19.549082260390243 77.63450303717738
      vertex -18.753374324317882 18.417408390168795 77.53370691329462
      vertex -18.75215215159464 18.419886711286114 77.53410893288732
    endloop
  endfacet
  facet normal -0.012699648614823977 -0.047395733868795156 0.9987954562051724
    outer loop
      vertex -20.52727561243572 18.892723807772494 77.53370691329462
      vertex -19.062782626390735 17.789990420254952 77.5
      vertex -18.753374324317882 18.417408390168795 77.53370691329462
    endloop
  endfacet
  facet normal -0.037976641285973944 -0.1417307547800737 0.9891765099647822
    outer loop
      vertex -20.35140489511145 19.549082260390243 77.63450303717738
      vertex -20.52727561243572 18.892723807772494 77.53370691329462
      vertex -18.753374324317882 18.417408390168795 77.53370691329462
    endloop
  endfacet
  facet normal -0.012699648614824158 -0.0473957338687954 0.9987954562051723
    outer loop
      vertex -20.52727561243572 18.892723807772494 77.53370691329462
      vertex -20.704856531082154 18.22998279692924 77.5
      vertex -19.062782626390735 17.789990420254952 77.5
    endloop
  endfacet
  facet normal -0.2585072862277592 -0.964762326328748 0.049067674327416926
    outer loop
      vertex -12.140366422453297 23.14717188715931 83.81388001769308
      vertex -18.893123215364508 24.991463580952715 84.5
      vertex -18.90184720647678 24.958905202876956 83.81388001769308
    endloop
  endfacet
  facet normal -0.2585072862277591 -0.9647623263287483 -0.04906767432741681
    outer loop
      vertex -12.131642431341033 23.179730265235072 84.5
      vertex -18.90184720647678 24.958905202876956 85.18611998230692
      vertex -18.893123215364508 24.991463580952715 84.5
    endloop
  endfacet
  facet normal -0.2560177197469286 -0.9554711377334676 -0.14673047445536339
    outer loop
      vertex -12.140366422453297 23.14717188715931 85.18611998230692
      vertex -18.92793516301015 24.86154362362876 85.8656322541129
      vertex -18.90184720647678 24.958905202876956 85.18611998230692
    endloop
  endfacet
  facet normal -0.2510625626714134 -0.9369782397681607 -0.24298017990326162
    outer loop
      vertex -12.166454378986668 23.049810307911113 85.8656322541129
      vertex -18.97113584368208 24.700316488439544 86.53199274078123
      vertex -18.92793516301015 24.86154362362876 85.8656322541129
    endloop
  endfacet
  facet normal -0.2436895358726151 -0.9094617291494775 -0.33688985339222083
    outer loop
      vertex -12.209655059658605 22.888583172721898 86.53199274078123
      vertex -19.03103320232181 24.476776502756895 87.17878402655563
      vertex -18.97113584368208 24.700316488439544 86.53199274078123
    endloop
  endfacet
  facet normal -0.23396964562911204 -0.8731866049167333 -0.4275550934302809
    outer loop
      vertex -12.269552418298332 22.665043187039252 87.17878402655563
      vertex -19.107050394622412 24.19307647884233 87.79977715778199
      vertex -19.03103320232181 24.476776502756895 87.17878402655563
    endloop
  endfacet
  facet normal -0.22199649979738234 -0.8285022163462864 -0.5141027441932224
    outer loop
      vertex -12.345569610598933 22.381343163124686 87.79977715778199
      vertex -19.1984553334668 23.85194860301235 88.38899163113722
      vertex -19.107050394622412 24.19307647884233 87.79977715778199
    endloop
  endfacet
  facet normal -0.20788540631697383 -0.7758388985270475 -0.5956993044924297
    outer loop
      vertex -12.436974549443322 22.040215287294707 88.38899163113722
      vertex -19.304367739326885 23.456678123190663 88.94075298914552
      vertex -19.1984553334668 23.85194860301235 88.38899163113722
    endloop
  endfacet
  facet normal -0.06288789814140378 -0.23470083104493505 -0.9700312531945418
    outer loop
      vertex -13.417457326234423 18.381003748364098 91.19858235012546
      vertex -16.858241857885876 19.06278262639074 91.2566935065502
      vertex -20.1789381102579 20.192737064081744 91.19858235012546
    endloop
  endfacet
  facet normal -0.19177226273200687 -0.7157038279982971 -0.6715589548470262
    outer loop
      vertex -12.542886955303404 21.644944807473017 88.94075298914552
      vertex -19.42376761783662 23.01107171017477 89.44974746830583
      vertex -19.304367739326885 23.456678123190663 88.94075298914552
    endloop
  endfacet
  facet normal -0.1738122474235542 -0.6486761383624382 -0.740951125354951
    outer loop
      vertex -12.662286833813141 21.19933839445713 89.44974746830583
      vertex -19.555505082895348 22.519420797315274 89.91107317353917
      vertex -19.42376761783662 23.01107171017477 89.44974746830583
    endloop
  endfacet
  facet normal -0.15417832515696614 -0.5754013429116721 -0.8032075314806487
    outer loop
      vertex -12.79402429887187 20.707687481597628 89.91107317353917
      vertex -19.698311430699523 21.986460251666724 90.32028728611782
      vertex -19.555505082895348 22.519420797315274 89.91107317353917
    endloop
  endfacet
  facet normal -0.1330595813366766 -0.49658511798232036 -0.8577286100002688
    outer loop
      vertex -12.936830646676047 20.174726935949078 90.32028728611782
      vertex -19.85081135805391 21.417322774629596 90.67344885043849
      vertex -19.698311430699523 21.986460251666724 90.32028728611782
    endloop
  endfacet
  facet normal -0.11065940101034372 -0.4129865069057406 -0.9039892931234454
    outer loop
      vertex -13.08933057403043 19.605589458911947 90.67344885043849
      vertex -20.01153620729314 20.81748947122994 90.96715672757901
      vertex -19.85081135805391 21.417322774629596 90.67344885043849
    endloop
  endfacet
  facet normal -0.08719351015970231 -0.32541061000628196 -0.9415440651830211
    outer loop
      vertex -13.250055423269663 19.005756155512294 90.96715672757901
      vertex -20.1789381102579 20.192737064081744 91.19858235012546
      vertex -20.01153620729314 20.81748947122994 90.96715672757901
    endloop
  endfacet
  facet normal -0.06288789814139102 -0.2347008310448981 -0.9700312531945516
    outer loop
      vertex -20.1789381102579 20.192737064081744 91.19858235012546
      vertex -16.858241857885876 19.06278262639074 91.2566935065502
      vertex -17.559063285066507 19.108716889543274 91.29101443866746
    endloop
  endfacet
  facet normal 0.06288789814140343 0.23470083104493392 -0.9700312531945421
    outer loop
      vertex -14.469294167882929 14.455495214059088 91.19858235012546
      vertex -21.230774951906408 16.267228529776734 91.19858235012546
      vertex -17.789990420254956 15.585449651750094 91.2566935065502
    endloop
  endfacet
  facet normal 0.11065940101034415 0.4129865069057429 -0.9039892931234443
    outer loop
      vertex -14.63669607084769 13.830742806910889 90.96715672757901
      vertex -21.5589017041104 15.042642819228885 90.67344885043849
      vertex -21.398176854871167 15.642476122628535 90.96715672757901
    endloop
  endfacet
  facet normal 0.08719351015970211 0.32541061000628135 -0.9415440651830215
    outer loop
      vertex -14.469294167882929 14.455495214059088 91.19858235012546
      vertex -21.398176854871167 15.642476122628535 90.96715672757901
      vertex -21.230774951906408 16.267228529776734 91.19858235012546
    endloop
  endfacet
  facet normal 0.06288789814139645 0.234700831044898 -0.9700312531945513
    outer loop
      vertex -21.230774951906408 16.267228529776734 91.19858235012546
      vertex -18.419886711286114 15.896080126546194 91.29101443866746
      vertex -17.789990420254956 15.585449651750094 91.2566935065502
    endloop
  endfacet
  facet normal 0.19177226273200665 0.7157038279982968 -0.6715589548470265
    outer loop
      vertex -15.224464660304212 11.637160567966058 89.44974746830583
      vertex -22.02432835678661 13.30564690424454 89.28612342798412
      vertex -21.98594544432769 13.448893883683702 89.44974746830583
    endloop
  endfacet
  facet normal 0.15417832515696578 0.575401342911671 -0.8032075314806495
    outer loop
      vertex -14.949920847441305 12.661772026474107 90.32028728611782
      vertex -21.85420797926896 13.940544796543202 89.91107317353917
      vertex -21.711401631464785 14.473505342191753 90.32028728611782
    endloop
  endfacet
  facet normal 0.173812247423554 0.6486761383624364 -0.7409511253549527
    outer loop
      vertex -15.092727195245484 12.128811480825558 89.91107317353917
      vertex -21.98594544432769 13.448893883683702 89.44974746830583
      vertex -21.85420797926896 13.940544796543202 89.91107317353917
    endloop
  endfacet
  facet normal 0.13305958133667622 0.4965851179823188 -0.8577286100002699
    outer loop
      vertex -14.79742092008692 13.230909503511237 90.67344885043849
      vertex -21.711401631464785 14.473505342191753 90.32028728611782
      vertex -21.5589017041104 15.042642819228885 90.67344885043849
    endloop
  endfacet
  facet normal -0.06288789814141095 -0.23470083104494519 -0.970031253194539
    outer loop
      vertex -20.1789381102579 20.192737064081744 91.19858235012546
      vertex -17.559063285066507 19.108716889543274 91.29101443866746
      vertex -18.06587685008713 18.936676866447293 91.36549696282262
    endloop
  endfacet
  facet normal -0.03797664128594789 -0.14173075477997527 -0.9891765099647974
    outer loop
      vertex -20.35140489511145 19.549082260390243 91.36549696282262
      vertex -18.06587685008713 18.936676866447293 91.36549696282262
      vertex -18.224116139070414 18.882961865882404 91.3792684830224
    endloop
  endfacet
  facet normal -0.06288789814140305 -0.23470083104493233 -0.9700312531945424
    outer loop
      vertex -20.1789381102579 20.192737064081744 91.19858235012546
      vertex -18.06587685008713 18.936676866447293 91.36549696282262
      vertex -20.35140489511145 19.549082260390243 91.36549696282262
    endloop
  endfacet
  facet normal -0.037976641285983735 -0.14173075478008934 -0.9891765099647797
    outer loop
      vertex -20.35140489511145 19.549082260390243 91.36549696282262
      vertex -18.224116139070414 18.882961865882404 91.3792684830224
      vertex -18.75215215159464 18.419886711286114 91.46589106711268
    endloop
  endfacet
  facet normal 0.06288789814140244 0.23470083104494616 -0.9700312531945393
    outer loop
      vertex -21.230774951906408 16.267228529776734 91.19858235012546
      vertex -18.77278012202854 16.298477939525288 91.36549696282262
      vertex -18.419886711286114 15.896080126546194 91.29101443866746
    endloop
  endfacet
  facet normal 0.03797664128594846 0.14173075477997796 -0.989176509964797
    outer loop
      vertex -21.058308167052857 16.910883333468234 91.36549696282262
      vertex -18.882961865882404 16.424116139070417 91.3792684830224
      vertex -18.77278012202854 16.298477939525288 91.36549696282262
    endloop
  endfacet
  facet normal 0.037976641285973764 0.1417307547800916 -0.9891765099647797
    outer loop
      vertex -21.058308167052857 16.910883333468234 91.36549696282262
      vertex -19.108716889543274 17.089168993074324 91.46589106711268
      vertex -18.882961865882404 16.424116139070417 91.3792684830224
    endloop
  endfacet
  facet normal -0.03797664128575791 -0.14173075477926744 -0.9891765099649061
    outer loop
      vertex -20.52727561243572 18.892723807772494 91.46629308670538
      vertex -18.75215215159464 18.419886711286114 91.46589106711268
      vertex -18.753374324317882 18.417408390168795 91.46629308670538
    endloop
  endfacet
  facet normal -0.01269964861482398 -0.04739573386879516 -0.9987954562051724
    outer loop
      vertex -20.52727561243572 18.892723807772494 91.46629308670538
      vertex -18.753374324317882 18.417408390168795 91.46629308670538
      vertex -19.062782626390735 17.789990420254952 91.5
    endloop
  endfacet
  facet normal 0.012699648614824038 0.047395733868795385 -0.9987954562051724
    outer loop
      vertex -20.88243744972859 17.56724178608598 91.46629308670538
      vertex -19.062782626390735 17.789990420254952 91.5
      vertex -19.108536161610754 17.09192636848228 91.46629308670538
    endloop
  endfacet
  facet normal 0.03797664128606288 0.14173075477918892 -0.9891765099649056
    outer loop
      vertex -21.058308167052857 16.910883333468234 91.36549696282262
      vertex -19.108536161610754 17.09192636848228 91.46629308670538
      vertex -19.108716889543274 17.089168993074324 91.46589106711268
    endloop
  endfacet
  facet normal -0.03797664128597273 -0.14173075478007405 -0.9891765099647822
    outer loop
      vertex -20.35140489511145 19.549082260390243 91.36549696282262
      vertex -18.75215215159464 18.419886711286114 91.46589106711268
      vertex -20.52727561243572 18.892723807772494 91.46629308670538
    endloop
  endfacet
  facet normal -0.012699648614824156 -0.04739573386879539 -0.9987954562051723
    outer loop
      vertex -20.52727561243572 18.892723807772494 91.46629308670538
      vertex -19.062782626390735 17.789990420254952 91.5
      vertex -20.704856531082154 18.22998279692924 91.5
    endloop
  endfacet
  facet normal 0.012699648614824074 0.047395733868795094 -0.9987954562051724
    outer loop
      vertex -20.88243744972859 17.56724178608598 91.46629308670538
      vertex -20.704856531082154 18.22998279692924 91.5
      vertex -19.062782626390735 17.789990420254952 91.5
    endloop
  endfacet
  facet normal 0.0628878981414028 0.23470083104493245 -0.9700312531945425
    outer loop
      vertex -21.058308167052857 16.910883333468234 91.36549696282262
      vertex -18.77278012202854 16.298477939525288 91.36549696282262
      vertex -21.230774951906408 16.267228529776734 91.19858235012546
    endloop
  endfacet
  facet normal 0.03797664128597419 0.1417307547800746 -0.9891765099647822
    outer loop
      vertex -20.88243744972859 17.56724178608598 91.46629308670538
      vertex -19.108536161610754 17.09192636848228 91.46629308670538
      vertex -21.058308167052857 16.910883333468234 91.36549696282262
    endloop
  endfacet
  facet normal -0.17714900548835055 -0.6611290889928224 -0.7290586790800923
    outer loop
      vertex -15.262847572763134 11.493913588526896 89.28612342798412
      vertex -15.264235645060886 11.488733232187105 89.29115838607461
      vertex -22.02432835678661 13.30564690424454 89.28612342798412
    endloop
  endfacet
  facet normal -0.1771490054883285 -0.6611290889927406 -0.729058679080172
    outer loop
      vertex -15.264235645060886 11.488733232187105 89.29115838607461
      vertex -22.025716429084362 13.300466547904747 89.29115838607461
      vertex -22.02432835678661 13.30564690424454 89.28612342798412
    endloop
  endfacet
  facet normal 0.9659258262890668 -0.2588190451025267 -7.993695200985448e-15
    outer loop
      vertex -15.243666864511818 11.565496966245954 89.3846034691419
      vertex -15.229322293963643 11.619031632344496 89.46448085850183
      vertex -15.271020154339416 11.463413098855197 89.5909520768617
    endloop
  endfacet
  facet normal 0.965925826288969 -0.2588190451028914 -3.717579843362926e-15
    outer loop
      vertex -15.177297504663048 11.813190789267384 90.06349988220124
      vertex -15.17674065679274 11.815268973811458 90.18615019903261
      vertex -15.179297969716446 11.805724952049347 90.3084208044478
    endloop
  endfacet
  facet normal 0.9659258262891264 -0.25881904510230386 1.5479371842834008e-14
    outer loop
      vertex -15.177297504663048 11.813190789267384 90.06349988220124
      vertex -15.179297969716446 11.805724952049347 90.3084208044478
      vertex -15.184944815112733 11.784650638127907 90.42913416567677
    endloop
  endfacet
  facet normal 0.9659258262887631 -0.2588190451036598 -2.7247838499334517e-13
    outer loop
      vertex -15.177567731929345 11.812182287379988 90.05451732378359
      vertex -15.177297504663048 11.813190789267384 90.06349988220124
      vertex -15.219733378508284 11.654817952013385 90.77044733610829
    endloop
  endfacet
  facet normal 0.965925826289062 -0.2588190451025442 -4.63803924406481e-15
    outer loop
      vertex -15.177297504663048 11.813190789267384 90.06349988220124
      vertex -15.184944815112733 11.784650638127907 90.42913416567677
      vertex -15.219733378508284 11.654817952013385 90.77044733610829
    endloop
  endfacet
  facet normal 0.9659258262891219 -0.25881904510232034 8.667313800194972e-14
    outer loop
      vertex -15.184944815112733 11.784650638127907 90.42913416567677
      vertex -15.193626810773564 11.752248989210605 90.54712774706225
      vertex -15.219733378508284 11.654817952013385 90.77044733610829
    endloop
  endfacet
  facet normal 0.9659258262890317 -0.25881904510265735 -7.085942596627605e-14
    outer loop
      vertex -15.193626810773564 11.752248989210605 90.54712774706225
      vertex -15.205260344334656 11.708832050889045 90.66126520591362
      vertex -15.219733378508284 11.654817952013385 90.77044733610829
    endloop
  endfacet
  facet normal 0.9659258262890634 -0.25881904510253856 -1.842926614190933e-14
    outer loop
      vertex -15.219733378508284 11.654817952013385 90.77044733610829
      vertex -15.236906530063589 11.590726877882904 90.87362265404744
      vertex -15.256614412163295 11.517176060577224 90.96979752501795
    endloop
  endfacet
  facet normal 0.9659258262890681 -0.2588190451025212 -4.249216714606584e-15
    outer loop
      vertex -15.177567731929345 11.812182287379988 90.05451732378359
      vertex -15.219733378508284 11.654817952013385 90.77044733610829
      vertex -15.377215492125414 11.06708670271093 90.39207180456494
    endloop
  endfacet
  facet normal 0.9659258262890682 -0.2588190451025215 -3.727597487219256e-15
    outer loop
      vertex -15.219733378508284 11.654817952013385 90.77044733610829
      vertex -15.480229162506642 10.682634450974021 91.16918956967652
      vertex -15.377215492125414 11.06708670271093 90.39207180456494
    endloop
  endfacet
  facet normal 0.9659258262890672 -0.25881904510252496 -8.399782429640984e-15
    outer loop
      vertex -15.219733378508284 11.654817952013385 90.77044733610829
      vertex -15.256614412163295 11.517176060577224 90.96979752501795
      vertex -15.278667227129356 11.434873834673967 91.05804573243785
    endloop
  endfacet
  facet normal 0.9659258262890679 -0.2588190451025224 -6.082246479101957e-15
    outer loop
      vertex -15.219733378508284 11.654817952013385 90.77044733610829
      vertex -15.278667227129356 11.434873834673967 91.05804573243785
      vertex -15.480229162506642 10.682634450974021 91.16918956967652
    endloop
  endfacet
  facet normal 0.9659258262890698 -0.2588190451025151 4.7095619248892894e-14
    outer loop
      vertex -15.278667227129356 11.434873834673967 91.05804573243785
      vertex -15.299303879689019 11.35785679882317 91.12585653454562
      vertex -15.480229162506642 10.682634450974021 91.16918956967652
    endloop
  endfacet
  facet normal 0.9659258262890669 -0.25881904510252596 2.610060610684276e-14
    outer loop
      vertex -15.510308153533718 10.570378128220568 91.3961004077941
      vertex -15.63327696592854 10.111452272616686 91.28590879677637
      vertex -15.65995292684973 10.011896231118076 91.21223483163689
    endloop
  endfacet
  facet normal 0.9659258262890722 -0.25881904510250553 -4.0482257683514595e-14
    outer loop
      vertex -15.510308153533718 10.570378128220568 91.3961004077941
      vertex -15.65995292684973 10.011896231118076 91.21223483163689
      vertex -15.735971322918818 9.72819171467836 91.00228638110127
    endloop
  endfacet
  facet normal 0.9659258262884276 -0.2588190451049122 2.5507547448241004e-12
    outer loop
      vertex -15.710886309922724 9.821810257688288 91.09435854217892
      vertex -15.713131006142389 9.813432937348958 91.08749191517364
      vertex -15.735971322918818 9.72819171467836 91.00228638110127
    endloop
  endfacet
  facet normal 0.9659258262891711 -0.2588190451021374 -4.730561911557454e-13
    outer loop
      vertex -15.710886309922724 9.821810257688288 91.09435854217892
      vertex -15.735971322918818 9.72819171467836 91.00228638110127
      vertex -15.68823911787494 9.906330729059398 91.1636373243799
    endloop
  endfacet
  facet normal 0.9659258262890693 -0.2588190451025171 -2.393048780491533e-14
    outer loop
      vertex -15.68823911787494 9.906330729059398 91.1636373243799
      vertex -15.735971322918818 9.72819171467836 91.00228638110127
      vertex -15.65995292684973 10.011896231118076 91.21223483163689
    endloop
  endfacet
  facet normal 0.9659258262890442 -0.25881904510261067 1.9422010967846635e-13
    outer loop
      vertex -15.68823911787494 9.906330729059398 91.1636373243799
      vertex -15.65995292684973 10.011896231118076 91.21223483163689
      vertex -15.667913440663432 9.982187189111 91.21414143760913
    endloop
  endfacet
  facet normal -0.1606587829550693 -0.5995867406704988 0.7840181731768238
    outer loop
      vertex -15.710886309922724 9.821810257688288 91.09435854217892
      vertex -22.472367093946204 11.633543573405936 91.09435854217892
      vertex -15.713131006142389 9.813432937348958 91.08749191517364
    endloop
  endfacet
  facet normal -0.17977469092101875 -0.6709282804322337 0.7193999603978986
    outer loop
      vertex -15.713131006142389 9.813432937348958 91.08749191517364
      vertex -22.474611790165866 11.625166253066602 91.08749191517364
      vertex -15.735971322918818 9.72819171467836 91.00228638110127
    endloop
  endfacet
  facet normal 0.9659258262890731 -0.25881904510250275 -1.333305579516846e-14
    outer loop
      vertex -15.243666864511818 11.565496966245954 89.3846034691419
      vertex -18.851559420703026 -1.8993413617091885 74.55135397503476
      vertex -18.890990771743816 -2.0465011672044984 74.36611652351681
    endloop
  endfacet
  facet normal 0.9659258262890632 -0.25881904510254017 1.8609395701620065e-14
    outer loop
      vertex -15.243666864511818 11.565496966245954 89.3846034691419
      vertex -18.813502552597086 -1.757311196360856 74.85108979771404
      vertex -18.84997407423999 -1.8934247681615375 74.56058046389143
    endloop
  endfacet
  facet normal 0.9659258262894449 -0.25881904510111503 -1.6209404980735505e-12
    outer loop
      vertex -15.243666864511818 11.565496966245954 89.3846034691419
      vertex -18.84997407423999 -1.8934247681615375 74.56058046389143
      vertex -18.85075643524921 -1.8963445791977893 74.5555372087255
    endloop
  endfacet
  facet normal 0.9659258262876403 -0.2588190451078495 4.82837225803301e-12
    outer loop
      vertex -15.243666864511818 11.565496966245954 89.3846034691419
      vertex -18.85075643524921 -1.8963445791977893 74.5555372087255
      vertex -18.851559420703026 -1.8993413617091885 74.55135397503476
    endloop
  endfacet
  facet normal 0.9659258262890916 -0.2588190451024336 -8.7528292255602e-14
    outer loop
      vertex -15.243666864511818 11.565496966245954 89.3846034691419
      vertex -18.810163669216223 -1.7448503139429352 74.88714415343192
      vertex -18.813502552597086 -1.757311196360856 74.85108979771404
    endloop
  endfacet
  facet normal 0.965925826289093 -0.25881904510242915 -2.0230024776951094e-13
    outer loop
      vertex -15.243666864511818 11.565496966245954 89.3846034691419
      vertex -18.80994140507432 -1.7440208128726518 74.89057252630623
      vertex -18.810163669216223 -1.7448503139429352 74.88714415343192
    endloop
  endfacet
  facet normal 0.9659258262888583 -0.25881904510330433 7.562597520700954e-13
    outer loop
      vertex -15.243666864511818 11.565496966245954 89.3846034691419
      vertex -18.809801032292327 -1.7434969345182498 74.8941880667888
      vertex -18.80994140507432 -1.7440208128726518 74.89057252630623
    endloop
  endfacet
  facet normal 0.9659258262890692 -0.2588190451025179 -2.810102454250531e-15
    outer loop
      vertex -15.243666864511818 11.565496966245954 89.3846034691419
      vertex -18.87615249416952 -1.9911239614004081 74.96689022583364
      vertex -18.809801032292327 -1.7434969345182498 74.8941880667888
    endloop
  endfacet
  facet normal 0.9659258262890662 -0.2588190451025288 1.1645679873672773e-14
    outer loop
      vertex -15.243666864511818 11.565496966245954 89.3846034691419
      vertex -18.798211700439545 -1.7002449592178888 75.38069903362624
      vertex -18.87615249416952 -1.9911239614004081 74.96689022583364
    endloop
  endfacet
  facet normal 0.965925826289068 -0.2588190451025219 6.059539621670444e-17
    outer loop
      vertex -15.243666864511818 11.565496966245954 89.3846034691419
      vertex -18.80306858060809 -1.7183710827731762 75.50341574922855
      vertex -18.798211700439545 -1.7002449592178888 75.38069903362624
    endloop
  endfacet
  facet normal 0.965925826289072 -0.25881904510250725 -1.3449698509937646e-14
    outer loop
      vertex -15.510308153533718 10.570378128220568 91.3961004077941
      vertex -18.810163669216223 -1.7448503139429352 75.61285584656808
      vertex -18.80306858060809 -1.7183710827731762 75.50341574922855
    endloop
  endfacet
  facet normal 0.9659258262890673 -0.25881904510252474 4.849558278112477e-15
    outer loop
      vertex -15.510308153533718 10.570378128220568 91.3961004077941
      vertex -18.820859626116174 -1.7847681685291175 75.72835429045637
      vertex -18.810163669216223 -1.7448503139429352 75.61285584656808
    endloop
  endfacet
  facet normal 0.9659258262890735 -0.2588190451025016 -1.500887983187738e-14
    outer loop
      vertex -15.510308153533718 10.570378128220568 91.3961004077941
      vertex -18.83443412474128 -1.8354288870852908 75.8392459210325
      vertex -18.820859626116174 -1.7847681685291175 75.72835429045637
    endloop
  endfacet
  facet normal 0.9659258262890617 -0.2588190451025455 2.10332325067836e-14
    outer loop
      vertex -15.510308153533718 10.570378128220568 91.3961004077941
      vertex -18.85075643524921 -1.8963445791977893 75.9444627912745
      vertex -18.83443412474128 -1.8354288870852908 75.8392459210325
    endloop
  endfacet
  facet normal 0.9659258262890732 -0.2588190451025026 -1.6251790202068327e-14
    outer loop
      vertex -15.510308153533718 10.570378128220568 91.3961004077941
      vertex -18.86966936486708 -1.9669285934516623 76.04299160520456
      vertex -18.85075643524921 -1.8963445791977893 75.9444627912745
    endloop
  endfacet
  facet normal 0.9659258262890702 -0.25881904510251347 -6.0345261539818975e-15
    outer loop
      vertex -15.510308153533718 10.570378128220568 91.3961004077941
      vertex -18.890990771743816 -2.0465011672044984 76.13388347648319
      vertex -18.86966936486708 -1.9669285934516623 76.04299160520456
    endloop
  endfacet
  facet normal 0.9659258262890673 -0.2588190451025244 2.309248388857608e-15
    outer loop
      vertex -15.510308153533718 10.570378128220568 91.3961004077941
      vertex -18.914515319075733 -2.1342959730722697 76.21626306670342
      vertex -18.890990771743816 -2.0465011672044984 76.13388347648319
    endloop
  endfacet
  facet normal 0.9659258262890652 -0.2588190451025326 1.1991219579146558e-14
    outer loop
      vertex -15.510308153533718 10.570378128220568 91.3961004077941
      vertex -18.940016452612195 -2.229467499080936 76.28933701537818
      vertex -18.914515319075733 -2.1342959730722697 76.21626306670342
    endloop
  endfacet
  facet normal 0.965925826289068 -0.25881904510252135 5.354654830486771e-16
    outer loop
      vertex -15.510308153533718 10.570378128220568 91.3961004077941
      vertex -18.967248582496907 -2.331099191408997 76.35240158043544
      vertex -18.940016452612195 -2.229467499080936 76.28933701537818
    endloop
  endfacet
  facet normal 0.9659258262887848 -0.258819045103579 8.989810618192876e-13
    outer loop
      vertex -18.84997407423999 -1.8934247681615375 74.56058046389143
      vertex -18.890990771743816 -2.0465011672044984 74.36611652351681
      vertex -18.851559420703026 -1.8993413617091885 74.55135397503476
    endloop
  endfacet
  facet normal 0.9659258262890643 -0.25881904510253567 1.870807215827066e-14
    outer loop
      vertex -18.84997407423999 -1.8934247681615375 74.56058046389143
      vertex -18.825636326560584 -1.8025950572801879 74.77530035205889
      vertex -18.890990771743816 -2.0465011672044984 74.36611652351681
    endloop
  endfacet
  facet normal 0.9659258262890391 -0.25881904510262965 1.2148101435982878e-13
    outer loop
      vertex -18.940016452612195 -2.229467499080936 74.21066298462182
      vertex -18.914515319075733 -2.1342959730722697 74.28373693329658
      vertex -18.890990771743816 -2.0465011672044984 74.36611652351681
    endloop
  endfacet
  facet normal 0.9659258262890679 -0.25881904510252235 9.218098089799411e-15
    outer loop
      vertex -18.926089671169535 -2.177492043151018 74.27550365999492
      vertex -19.119756649109092 -2.9002670445697714 74
      vertex -18.995949448432484 -2.438212281301791 74.0951505843609
    endloop
  endfacet
  facet normal 0.9659258262890784 -0.25881904510248294 -1.0166849242324449e-13
    outer loop
      vertex -18.926089671169535 -2.177492043151018 74.27550365999492
      vertex -18.890990771743816 -2.0465011672044984 74.36611652351681
      vertex -19.119756649109092 -2.9002670445697714 74
    endloop
  endfacet
  facet normal 0.965925826289068 -0.25881904510252224 -3.4223067916812874e-15
    outer loop
      vertex -18.890990771743816 -2.0465011672044984 74.36611652351681
      vertex -18.97682221891781 -2.3668284889450106 74.56732161863714
      vertex -19.119756649109092 -2.9002670445697714 74
    endloop
  endfacet
  facet normal 0.9659258262890332 -0.25881904510265163 1.5959919998091185e-13
    outer loop
      vertex -18.91545787922521 -2.1378136554393095 74.29666358575851
      vertex -18.890990771743816 -2.0465011672044984 74.36611652351681
      vertex -18.926089671169535 -2.177492043151018 74.27550365999492
    endloop
  endfacet
  facet normal 0.9659258262890704 -0.25881904510251313 1.2147567427536962e-14
    outer loop
      vertex -18.890990771743816 -2.0465011672044984 74.36611652351681
      vertex -18.934642058274356 -2.2094099863522114 74.6954948639692
      vertex -18.97682221891781 -2.3668284889450106 74.56732161863714
    endloop
  endfacet
  facet normal 0.9659258262891455 -0.25881904510223264 -1.7498505340791318e-13
    outer loop
      vertex -18.890990771743816 -2.0465011672044984 74.36611652351681
      vertex -18.825636326560584 -1.8025950572801879 74.77530035205889
      vertex -18.810163669216223 -1.7448503139429352 74.88714415343192
    endloop
  endfacet
  facet normal 0.9659258262890529 -0.2588190451025779 3.781855204820432e-14
    outer loop
      vertex -18.84997407423999 -1.8934247681615375 74.56058046389143
      vertex -18.813502552597086 -1.757311196360856 74.85108979771404
      vertex -18.825636326560584 -1.8025950572801879 74.77530035205889
    endloop
  endfacet
  facet normal 0.9659258262889365 -0.25881904510301235 3.123555650528191e-13
    outer loop
      vertex -18.890990771743816 -2.0465011672044984 74.36611652351681
      vertex -18.810163669216223 -1.7448503139429352 74.88714415343192
      vertex -18.809801032292327 -1.7434969345182498 74.8941880667888
    endloop
  endfacet
  facet normal 0.9659258262890679 -0.258819045102522 7.42283747431698e-15
    outer loop
      vertex -18.890990771743816 -2.0465011672044984 74.36611652351681
      vertex -18.809801032292327 -1.7434969345182498 74.8941880667888
      vertex -18.934642058274356 -2.2094099863522114 74.6954948639692
    endloop
  endfacet
  facet normal 0.965925826289069 -0.2588190451025184 -1.84213818203002e-15
    outer loop
      vertex -18.809801032292327 -1.7434969345182498 74.8941880667888
      vertex -18.87615249416952 -1.9911239614004081 74.96689022583364
      vertex -18.934642058274356 -2.2094099863522114 74.6954948639692
    endloop
  endfacet
  facet normal 0.9659258262890685 -0.25881904510251985 6.170416055808513e-16
    outer loop
      vertex -18.87615249416952 -1.9911239614004081 74.96689022583364
      vertex -18.80518336224811 -1.726263555300637 75.51611762587879
      vertex -18.922643960639192 -2.1646324763836073 74.95000444651754
    endloop
  endfacet
  facet normal 0.9659258262890696 -0.2588190451025155 -1.5965001732551876e-15
    outer loop
      vertex -18.87615249416952 -1.9911239614004081 74.96689022583364
      vertex -18.798211700439545 -1.7002449592178888 75.38069903362624
      vertex -18.80518336224811 -1.726263555300637 75.51611762587879
    endloop
  endfacet
  facet normal 0.9659258262890706 -0.25881904510251247 -4.2648594219949757e-14
    outer loop
      vertex -18.995949448432484 -2.438212281301791 74.0951505843609
      vertex -19.119756649109092 -2.9002670445697714 74
      vertex -19.03120929295347 -2.569803812521089 74.05382458033473
    endloop
  endfacet
  facet normal 0.9659258262890665 -0.25881904510252723 1.6430666482567337e-15
    outer loop
      vertex -18.97682221891781 -2.3668284889450106 74.56732161863714
      vertex -18.982163800942665 -2.3867635444545634 74.6631425839797
      vertex -19.119756649109092 -2.9002670445697714 74
    endloop
  endfacet
  facet normal 0.965925826288614 -0.2588190451042162 -1.2839898817968736e-12
    outer loop
      vertex -19.369843933351106 -3.8336054956878876 74.45700839479544
      vertex -19.391192216734048 -3.9132783739274117 74.57123598500895
      vertex -19.38875686296898 -3.904189509941756 74.5555372087255
    endloop
  endfacet
  facet normal 0.9659258262890307 -0.25881904510266135 -5.27284815112361e-14
    outer loop
      vertex -19.41865367210201 -4.015765920610428 74.77164570954363
      vertex -19.432494793637254 -4.067421689413695 74.9356575889711
      vertex -19.429349629001962 -4.055683775196614 74.88714415343192
    endloop
  endfacet
  facet normal 0.9659258262890329 -0.25881904510265324 5.663940713075735e-14
    outer loop
      vertex -19.437064036264804 -4.084474335051829 75.49386290252016
      vertex -19.424508789050506 -4.03761751454647 75.66512882099525
      vertex -19.429349629001962 -4.055683775196614 75.61285584656808
    endloop
  endfacet
  facet normal 0.9659258262889919 -0.25881904510280596 2.0117254357544393e-13
    outer loop
      vertex -19.405079173476903 -3.9651052020542537 75.8392459210325
      vertex -19.369843933351106 -3.8336054956878876 76.04299160520456
      vertex -19.38875686296898 -3.904189509941756 75.9444627912745
    endloop
  endfacet
  facet normal 0.9659258262890682 -0.2588190451025203 -6.63151792608958e-16
    outer loop
      vertex -15.735971322918818 9.72819171467836 91.00228638110127
      vertex -19.19059532198402 -3.1646405708797545 76.78387434821157
      vertex -18.967248582496907 -2.331099191408997 76.35240158043544
    endloop
  endfacet
  facet normal 0.9659258262891269 -0.25881904510230197 -2.1230873085259076e-13
    outer loop
      vertex -15.243666864511818 11.565496966245954 89.3846034691419
      vertex -18.890990771743816 -2.0465011672044984 74.36611652351681
      vertex -15.264235645060886 11.488733232187105 89.29115838607461
    endloop
  endfacet
  facet normal 0.9659258262890691 -0.25881904510251785 -3.2782906936021804e-15
    outer loop
      vertex -15.243666864511818 11.565496966245954 89.3846034691419
      vertex -15.271020154339416 11.463413098855197 89.5909520768617
      vertex -18.80306858060809 -1.7183710827731762 75.50341574922855
    endloop
  endfacet
  facet normal 0.9659258262890674 -0.25881904510252424 3.1146063136226633e-15
    outer loop
      vertex -15.271020154339416 11.463413098855197 89.5909520768617
      vertex -15.377215492125414 11.06708670271093 90.39207180456494
      vertex -18.80306858060809 -1.7183710827731762 75.50341574922855
    endloop
  endfacet
  facet normal 0.9659258262890689 -0.25881904510251846 -2.146510531854834e-15
    outer loop
      vertex -15.377215492125414 11.06708670271093 90.39207180456494
      vertex -15.480229162506642 10.682634450974021 91.16918956967652
      vertex -18.80306858060809 -1.7183710827731762 75.50341574922855
    endloop
  endfacet
  facet normal 0.9659258262890683 -0.2588190451025209 -1.190836081250946e-16
    outer loop
      vertex -15.480229162506642 10.682634450974021 91.16918956967652
      vertex -15.510308153533718 10.570378128220568 91.3961004077941
      vertex -18.80306858060809 -1.7183710827731762 75.50341574922855
    endloop
  endfacet
  facet normal 0.9659258262890672 -0.25881904510252474 3.514223410343733e-15
    outer loop
      vertex -15.510308153533718 10.570378128220568 91.3961004077941
      vertex -15.735971322918818 9.72819171467836 91.00228638110127
      vertex -18.967248582496907 -2.331099191408997 76.35240158043544
    endloop
  endfacet
  facet normal 0.18868888901832576 0.7041965206401177 -0.6844733475303345
    outer loop
      vertex -15.264235645060886 11.488733232187105 89.29115838607461
      vertex -18.890990771743816 -2.0465011672044984 74.36611652351681
      vertex -22.025716429084362 13.300466547904747 89.29115838607461
    endloop
  endfacet
  facet normal -0.18869967390403483 -0.7042367703815379 0.6844289622094408
    outer loop
      vertex -15.735971322918818 9.72819171467836 91.00228638110127
      vertex -22.497452106942294 11.539925030396002 91.00228638110127
      vertex -19.19059532198402 -3.1646405708797545 76.78387434821157
    endloop
  endfacet
  facet normal -0.16065878295503486 -0.5995867406703711 0.7840181731769285
    outer loop
      vertex -15.713131006142389 9.813432937348958 91.08749191517364
      vertex -22.472367093946204 11.633543573405936 91.09435854217892
      vertex -22.474611790165866 11.625166253066602 91.08749191517364
    endloop
  endfacet
  facet normal -0.17977469092101728 -0.6709282804322285 0.7193999603979039
    outer loop
      vertex -15.735971322918818 9.72819171467836 91.00228638110127
      vertex -22.474611790165866 11.625166253066602 91.08749191517364
      vertex -22.497452106942294 11.539925030396002 91.00228638110127
    endloop
  endfacet
  facet normal -0.9659258262891535 0.25881904510220244 9.736103994543784e-15
    outer loop
      vertex -21.938778288686528 13.624924104985034 90.06349988220124
      vertex -21.94077875373992 13.61745826776699 90.3084208044478
      vertex -21.93822144081622 13.627002289529104 90.18615019903261
    endloop
  endfacet
  facet normal -0.9659258262890886 0.25881904510244497 -3.9302967331591266e-14
    outer loop
      vertex -21.94077875373992 13.61745826776699 90.3084208044478
      vertex -21.95510759479704 13.563982304928253 90.54712774706225
      vertex -21.946425599136212 13.596383953845553 90.42913416567677
    endloop
  endfacet
  facet normal -0.9659258262890972 0.25881904510241255 -4.713723113649207e-14
    outer loop
      vertex -21.94077875373992 13.61745826776699 90.3084208044478
      vertex -21.981214162531764 13.46655126773103 90.77044733610829
      vertex -21.95510759479704 13.563982304928253 90.54712774706225
    endloop
  endfacet
  facet normal -0.9659258262890871 0.2588190451024508 -3.368035989573582e-14
    outer loop
      vertex -21.94077875373992 13.61745826776699 90.3084208044478
      vertex -21.974556764441825 13.491397015648882 90.64280853462543
      vertex -21.981214162531764 13.46655126773103 90.77044733610829
    endloop
  endfacet
  facet normal -0.9659258262888453 0.258819045103353 3.9280375575759025e-13
    outer loop
      vertex -21.95510759479704 13.563982304928253 90.54712774706225
      vertex -21.981214162531764 13.46655126773103 90.77044733610829
      vertex -21.96674112835813 13.52056536660669 90.66126520591362
    endloop
  endfacet
  facet normal -0.9659258262890812 0.2588190451024721 -2.925273516525464e-14
    outer loop
      vertex -21.974556764441825 13.491397015648882 90.64280853462543
      vertex -21.99844914063894 13.402229453767696 90.74347648214795
      vertex -21.981214162531764 13.46655126773103 90.77044733610829
    endloop
  endfacet
  facet normal -0.9659258262890874 0.25881904510244946 -4.986698580695186e-14
    outer loop
      vertex -21.981214162531764 13.46655126773103 90.77044733610829
      vertex -22.018095196186774 13.32890937629487 90.96979752501795
      vertex -21.99838731408707 13.402460193600552 90.87362265404744
    endloop
  endfacet
  facet normal -0.9659258262890803 0.25881904510247616 -3.939156702353879e-14
    outer loop
      vertex -21.981214162531764 13.46655126773103 90.77044733610829
      vertex -21.99844914063894 13.402229453767696 90.74347648214795
      vertex -22.040148011152837 13.246607150391613 91.05804573243785
    endloop
  endfacet
  facet normal -0.9659258262890615 0.2588190451025461 3.1250074562870474e-14
    outer loop
      vertex -22.0051476485353 13.3772302819636 89.3846034691419
      vertex -22.212774294350318 12.602357090776833 90.13772811678528
      vertex -21.99080307798712 13.430764948062144 89.46448085850183
    endloop
  endfacet
  facet normal -0.9659258262891132 0.2588190451023533 -3.9928130754697733e-13
    outer loop
      vertex -21.93904851595282 13.623915603097629 90.05451732378359
      vertex -22.408788159983242 11.870823385246783 90.84872969805406
      vertex -21.938778288686528 13.624924104985034 90.06349988220124
    endloop
  endfacet
  facet normal -0.9659258262890661 0.25881904510252857 2.03905639888155e-14
    outer loop
      vertex -21.938778288686528 13.624924104985034 90.06349988220124
      vertex -22.408788159983242 11.870823385246783 90.84872969805406
      vertex -21.94077875373992 13.61745826776699 90.3084208044478
    endloop
  endfacet
  facet normal -0.9659258262890441 0.25881904510261095 3.208392307428394e-14
    outer loop
      vertex -22.00552717252171 13.375813879163623 90.6807656687604
      vertex -22.040148011152837 13.246607150391613 91.05804573243785
      vertex -21.99844914063894 13.402229453767696 90.74347648214795
    endloop
  endfacet
  facet normal -0.9659258262890682 0.2588190451025212 -5.278855296661012e-15
    outer loop
      vertex -21.94077875373992 13.61745826776699 90.3084208044478
      vertex -22.408788159983242 11.870823385246783 90.84872969805406
      vertex -21.974556764441825 13.491397015648882 90.64280853462543
    endloop
  endfacet
  facet normal -0.9659258262890718 0.25881904510250786 -1.175385380122596e-13
    outer loop
      vertex -21.974556764441825 13.491397015648882 90.64280853462543
      vertex -22.408788159983242 11.870823385246783 90.84872969805406
      vertex -22.00552717252171 13.375813879163623 90.6807656687604
    endloop
  endfacet
  facet normal -0.9659258262890684 0.25881904510251996 -1.3014491952438728e-15
    outer loop
      vertex -22.00552717252171 13.375813879163623 90.6807656687604
      vertex -22.408788159983242 11.870823385246783 90.84872969805406
      vertex -22.040148011152837 13.246607150391613 91.05804573243785
    endloop
  endfacet
  facet normal -0.9659258262890493 0.25881904510259107 5.4813492919182656e-14
    outer loop
      vertex -21.981214162531764 13.46655126773103 90.77044733610829
      vertex -22.040148011152837 13.246607150391613 91.05804573243785
      vertex -22.018095196186774 13.32890937629487 90.96979752501795
    endloop
  endfacet
  facet normal -0.9659258262890236 0.25881904510268766 2.3336421913018313e-13
    outer loop
      vertex -22.040148011152837 13.246607150391613 91.05804573243785
      vertex -22.09041837938687 13.058995582027007 91.20744716560799
      vertex -22.064333378321834 13.1563461313172 91.13751739782832
    endloop
  endfacet
  facet normal -0.9659258262892132 0.25881904510198 -1.313160418153688e-12
    outer loop
      vertex -22.12533467519944 12.928686192042392 91.27923155927884
      vertex -22.153055422297896 12.825230955447177 91.32330107253937
      vertex -22.147266556729882 12.846835295865205 91.31608554026641
    endloop
  endfacet
  facet normal -0.9659258262890686 0.2588190451025195 2.3020766520779617e-15
    outer loop
      vertex -22.040148011152837 13.246607150391613 91.05804573243785
      vertex -22.474611790165866 11.625166253066602 91.08749191517364
      vertex -22.104870380815992 13.005059978422462 91.13641541221195
    endloop
  endfacet
  facet normal -0.9659258262890689 0.25881904510251863 3.0862583600879683e-14
    outer loop
      vertex -22.104870380815992 13.005059978422462 91.13641541221195
      vertex -22.474611790165866 11.625166253066602 91.08749191517364
      vertex -22.163488213163532 12.786295249871877 91.21314338014177
    endloop
  endfacet
  facet normal -0.965925826289076 0.2588190451024923 -1.5800595953219374e-12
    outer loop
      vertex -22.243929996095137 12.486082428919712 91.3942122423802
      vertex -22.247628451724673 12.472279604600736 91.39302422158906
      vertex -22.271788937557197 12.382111443938214 91.3961004077941
    endloop
  endfacet
  facet normal -0.9659258262890635 0.25881904510253817 -2.355244441772641e-14
    outer loop
      vertex -22.247628451724673 12.472279604600736 91.39302422158906
      vertex -22.254500318271216 12.446633449506205 91.3866627204376
      vertex -22.303434898894867 12.264007108371676 91.38621970939846
    endloop
  endfacet
  facet normal -0.9659258262890631 0.25881904510253995 -8.214492382917771e-14
    outer loop
      vertex -22.247628451724673 12.472279604600736 91.39302422158906
      vertex -22.303434898894867 12.264007108371676 91.38621970939846
      vertex -22.271788937557197 12.382111443938214 91.3961004077941
    endloop
  endfacet
  facet normal -0.9659258262890686 0.2588190451025195 1.9171646561678712e-15
    outer loop
      vertex -22.040148011152837 13.246607150391613 91.05804573243785
      vertex -22.408788159983242 11.870823385246783 90.84872969805406
      vertex -22.474611790165866 11.625166253066602 91.08749191517364
    endloop
  endfacet
  facet normal -0.9659258262890682 0.25881904510252124 4.995423691439439e-15
    outer loop
      vertex -22.163488213163532 12.786295249871877 91.21314338014177
      vertex -22.474611790165866 11.625166253066602 91.08749191517364
      vertex -22.266342180461287 12.402439018156628 91.3595918042101
    endloop
  endfacet
  facet normal -0.965925826289067 0.2588190451025255 -4.703943328520132e-14
    outer loop
      vertex -22.254500318271216 12.446633449506205 91.3866627204376
      vertex -22.266342180461287 12.402439018156628 91.3595918042101
      vertex -22.365216801841676 12.03343390758588 91.33085731884702
    endloop
  endfacet
  facet normal -0.9659258262890636 0.2588190451025385 -1.500343010974001e-13
    outer loop
      vertex -22.254500318271216 12.446633449506205 91.3866627204376
      vertex -22.365216801841676 12.03343390758588 91.33085731884702
      vertex -22.303434898894867 12.264007108371676 91.38621970939846
    endloop
  endfacet
  facet normal -0.9659258262890829 0.2588190451024662 1.721345863607356e-13
    outer loop
      vertex -22.303434898894867 12.264007108371676 91.38621970939846
      vertex -22.365216801841676 12.03343390758588 91.33085731884702
      vertex -22.334677815779262 12.14740695518245 91.36440197417711
    endloop
  endfacet
  facet normal -0.965925826289068 0.25881904510252185 3.087661161587215e-15
    outer loop
      vertex -22.266342180461287 12.402439018156628 91.3595918042101
      vertex -22.474611790165866 11.625166253066602 91.08749191517364
      vertex -22.365216801841676 12.03343390758588 91.33085731884702
    endloop
  endfacet
  facet normal -0.9659258262891021 0.25881904510239473 3.0773629383149435e-13
    outer loop
      vertex -22.365216801841676 12.03343390758588 91.33085731884702
      vertex -22.432433763599672 11.782576791174645 91.20397965737982
      vertex -22.42301616463126 11.817723749010053 91.22998928680408
    endloop
  endfacet
  facet normal -0.9659258262890084 0.258819045102744 -4.940417680204407e-13
    outer loop
      vertex -22.365216801841676 12.03343390758588 91.33085731884702
      vertex -22.42301616463126 11.817723749010053 91.22998928680408
      vertex -22.39475774995202 11.923185588334334 91.28590879677637
    endloop
  endfacet
  facet normal -0.9659258262894971 0.2588190451009204 2.285405561153389e-12
    outer loop
      vertex -22.472367093946204 11.633543573405936 91.09435854217892
      vertex -22.432433763599672 11.782576791174645 91.20397965737982
      vertex -22.474611790165866 11.625166253066602 91.08749191517364
    endloop
  endfacet
  facet normal -0.9659258262891138 0.25881904510235065 2.0106403127864765e-13
    outer loop
      vertex -22.472367093946204 11.633543573405936 91.09435854217892
      vertex -22.44971990189842 11.718064044777044 91.1636373243799
      vertex -22.432433763599672 11.782576791174645 91.20397965737982
    endloop
  endfacet
  facet normal -0.9659258262890393 0.2588190451026291 -1.8956177500829649e-13
    outer loop
      vertex -22.365216801841676 12.03343390758588 91.33085731884702
      vertex -22.474611790165866 11.625166253066602 91.08749191517364
      vertex -22.432433763599672 11.782576791174645 91.20397965737982
    endloop
  endfacet
  facet normal -0.9659258262892999 0.2588190451016565 1.390975454671856e-12
    outer loop
      vertex -22.44971990189842 11.718064044777044 91.1636373243799
      vertex -22.43313701565429 11.779952218776273 91.20484155860176
      vertex -22.432433763599672 11.782576791174645 91.20397965737982
    endloop
  endfacet
  facet normal 0.18868888901832617 0.7041965206401177 -0.6844733475303344
    outer loop
      vertex -18.890990771743816 -2.0465011672044984 74.36611652351681
      vertex -25.652471555767296 -0.23476785148685053 74.36611652351681
      vertex -22.025716429084362 13.300466547904747 89.29115838607461
    endloop
  endfacet
  facet normal 0.06288789814136818 0.23470083104480247 -0.9700312531945763
    outer loop
      vertex -19.025842645390476 -2.549775211149683 74.05382458033473
      vertex -22.421981857478425 -1.7013777321918901 74.03892148991535
      vertex -25.787323429413952 -0.7380418954320387 74.05382458033473
    endloop
  endfacet
  facet normal 0.17381224742353626 0.6486761383623693 -0.7409511253550153
    outer loop
      vertex -18.890990771743816 -2.0465011672044984 74.36611652351681
      vertex -25.675996103099212 -0.32256265735462364 74.28373693329658
      vertex -25.652471555767296 -0.23476785148685053 74.36611652351681
    endloop
  endfacet
  facet normal 0.012699648614819948 0.047395733868779814 -0.9987954562051731
    outer loop
      vertex -19.119756649109092 -2.9002670445697714 74
      vertex -25.88123743313257 -1.0885337288521288 74
      vertex -25.84952655480285 -0.9701871197729766 74.00601909165975
    endloop
  endfacet
  facet normal -0.18869967390403483 -0.7042367703815379 0.6844289622094407
    outer loop
      vertex -19.19059532198402 -3.1646405708797545 76.78387434821157
      vertex -22.497452106942294 11.539925030396002 91.00228638110127
      vertex -25.952076106007496 -1.352907255162112 76.78387434821157
    endloop
  endfacet
  facet normal -0.96592582628911 0.25881904510236553 1.4000254052914682e-13
    outer loop
      vertex -22.0051476485353 13.3772302819636 89.3846034691419
      vertex -25.652471555767296 -0.23476785148685053 74.36611652351681
      vertex -25.625019839236458 -0.13231665063879205 74.4889448610884
    endloop
  endfacet
  facet normal -0.9659258262890549 0.2588190451025704 -4.3480657363861225e-14
    outer loop
      vertex -22.0051476485353 13.3772302819636 89.3846034691419
      vertex -25.595914908764755 -0.023695571367644774 74.6607540789675
      vertex -25.58234041013965 0.026965147188526828 74.77164570954363
    endloop
  endfacet
  facet normal -0.9659258262890538 0.2588190451025751 -5.4056105166422135e-14
    outer loop
      vertex -22.0051476485353 13.3772302819636 89.3846034691419
      vertex -25.625019839236458 -0.13231665063879205 74.4889448610884
      vertex -25.612237219272686 -0.0846112634801468 74.5555372087255
    endloop
  endfacet
  facet normal -0.9659258262890935 0.2588190451024268 8.129956973850418e-14
    outer loop
      vertex -22.0051476485353 13.3772302819636 89.3846034691419
      vertex -25.612237219272686 -0.0846112634801468 74.5555372087255
      vertex -25.595914908764755 -0.023695571367644774 74.6607540789675
    endloop
  endfacet
  facet normal -0.9659258262890703 0.2588190451025133 3.898925622173428e-15
    outer loop
      vertex -22.0051476485353 13.3772302819636 89.3846034691419
      vertex -25.58234041013965 0.026965147188526828 74.77164570954363
      vertex -25.5716444532397 0.06688300177471085 74.88714415343192
    endloop
  endfacet
  facet normal -0.9659258262890679 0.2588190451025225 -3.1735361162063823e-15
    outer loop
      vertex -22.0051476485353 13.3772302819636 89.3846034691419
      vertex -25.5716444532397 0.06688300177471085 74.88714415343192
      vertex -25.563930045976853 0.0956735616299298 75.00613709747984
    endloop
  endfacet
  facet normal -0.9659258262890686 0.2588190451025195 2.1261744885118498e-15
    outer loop
      vertex -22.0051476485353 13.3772302819636 89.3846034691419
      vertex -25.563930045976853 0.0956735616299298 75.00613709747984
      vertex -25.55927148231018 0.11305955792424882 75.12747857458805
    endloop
  endfacet
  facet normal -0.9659258262890643 0.2588190451025355 -1.6588225320195722e-14
    outer loop
      vertex -22.0051476485353 13.3772302819636 89.3846034691419
      vertex -25.55927148231018 0.11305955792424882 75.12747857458805
      vertex -25.55771362675442 0.11887355400920363 75.25
    endloop
  endfacet
  facet normal -0.9659258262890721 0.25881904510250636 1.420911733757512e-14
    outer loop
      vertex -22.0051476485353 13.3772302819636 89.3846034691419
      vertex -25.55771362675442 0.11887355400920363 75.25
      vertex -25.55927148231018 0.11305955792424882 75.37252142541195
    endloop
  endfacet
  facet normal -0.9659258262890686 0.2588190451025192 7.563447357363521e-16
    outer loop
      vertex -22.0051476485353 13.3772302819636 89.3846034691419
      vertex -25.55927148231018 0.11305955792424882 75.37252142541195
      vertex -25.563930045976853 0.0956735616299298 75.49386290252016
    endloop
  endfacet
  facet normal -0.9659258262890686 0.2588190451025195 2.514059612433472e-15
    outer loop
      vertex -22.0051476485353 13.3772302819636 89.3846034691419
      vertex -25.563930045976853 0.0956735616299298 75.49386290252016
      vertex -25.5716444532397 0.06688300177471085 75.61285584656808
    endloop
  endfacet
  facet normal -0.9659258262890683 0.2588190451025211 -4.03541243363735e-15
    outer loop
      vertex -22.0051476485353 13.3772302819636 89.3846034691419
      vertex -25.5716444532397 0.06688300177471085 75.61285584656808
      vertex -25.58234041013965 0.026965147188526828 75.72835429045637
    endloop
  endfacet
  facet normal -0.9659258262890726 0.25881904510250475 1.5774905241316456e-14
    outer loop
      vertex -22.0051476485353 13.3772302819636 89.3846034691419
      vertex -25.58234041013965 0.026965147188526828 75.72835429045637
      vertex -25.595914908764755 -0.023695571367644774 75.8392459210325
    endloop
  endfacet
  facet normal -0.9659258262890635 0.2588190451025384 -1.8804416640774506e-14
    outer loop
      vertex -22.0051476485353 13.3772302819636 89.3846034691419
      vertex -25.595914908764755 -0.023695571367644774 75.8392459210325
      vertex -25.612237219272686 -0.0846112634801468 75.9444627912745
    endloop
  endfacet
  facet normal -0.9659258262890703 0.2588190451025135 7.868448679166872e-15
    outer loop
      vertex -22.0051476485353 13.3772302819636 89.3846034691419
      vertex -25.612237219272686 -0.0846112634801468 75.9444627912745
      vertex -25.631150148890555 -0.15519527773401443 76.04299160520456
    endloop
  endfacet
  facet normal -0.965925826289065 0.2588190451025334 -1.198975929145639e-14
    outer loop
      vertex -22.0051476485353 13.3772302819636 89.3846034691419
      vertex -25.631150148890555 -0.15519527773401443 76.04299160520456
      vertex -25.652471555767296 -0.23476785148685053 76.13388347648319
    endloop
  endfacet
  facet normal -0.9659258262890685 0.2588190451025203 2.464674609286245e-15
    outer loop
      vertex -22.0051476485353 13.3772302819636 89.3846034691419
      vertex -25.652471555767296 -0.23476785148685053 76.13388347648319
      vertex -25.675996103099212 -0.32256265735462364 76.21626306670342
    endloop
  endfacet
  facet normal -0.9659258262890713 0.2588190451025092 1.2023423825801432e-14
    outer loop
      vertex -22.0051476485353 13.3772302819636 89.3846034691419
      vertex -25.675996103099212 -0.32256265735462364 76.21626306670342
      vertex -25.70149723663567 -0.4177341833632937 76.28933701537818
    endloop
  endfacet
  facet normal -0.9659258262890668 0.2588190451025258 -3.655535032945821e-15
    outer loop
      vertex -22.0051476485353 13.3772302819636 89.3846034691419
      vertex -25.70149723663567 -0.4177341833632937 76.28933701537818
      vertex -25.728729366520383 -0.5193658756913528 76.35240158043544
    endloop
  endfacet
  facet normal -0.9659258262890686 0.25881904510251985 6.202346556515566e-16
    outer loop
      vertex -22.0051476485353 13.3772302819636 89.3846034691419
      vertex -25.728729366520383 -0.5193658756913528 76.35240158043544
      vertex -25.952076106007496 -1.352907255162112 76.78387434821157
    endloop
  endfacet
  facet normal 0.06288789814140103 0.23470083104491674 -0.9700312531945464
    outer loop
      vertex -22.421981857478425 -1.7013777321918901 74.03892148991535
      vertex -25.818121069566374 -0.852980253234092 74.02401839949596
      vertex -25.787323429413952 -0.7380418954320387 74.05382458033473
    endloop
  endfacet
  facet normal -0.06288789814139661 -0.23470083104491632 -0.9700312531945467
    outer loop
      vertex -22.579012224763236 -2.2874230412300136 74.03892148991535
      vertex -25.975151436851185 -1.439025562272219 74.05382458033473
      vertex -25.944353796698767 -1.324087204470164 74.02401839949596
    endloop
  endfacet
  facet normal -0.9659258262890826 0.25881904510246734 5.895825429150543e-14
    outer loop
      vertex -25.624339523596888 -0.12977767810673235 74.49623797288405
      vertex -25.625019839236458 -0.13231665063879205 74.4889448610884
      vertex -25.652471555767296 -0.23476785148685053 74.36611652351681
    endloop
  endfacet
  facet normal -0.9659258262890648 0.2588190451025337 -2.755780237064039e-14
    outer loop
      vertex -25.675996103099212 -0.32256265735462364 74.28373693329658
      vertex -25.75743023245596 -0.6264789655841447 74.0951505843609
      vertex -25.818121069566374 -0.852980253234092 74.02401839949596
    endloop
  endfacet
  facet normal -0.9659258262890493 0.2588190451025919 -1.2820034225772116e-13
    outer loop
      vertex -25.70149723663567 -0.4177341833632937 74.21066298462182
      vertex -25.75743023245596 -0.6264789655841447 74.0951505843609
      vertex -25.675996103099212 -0.32256265735462364 74.28373693329658
    endloop
  endfacet
  facet normal -0.9659258262890832 0.2588190451024654 6.038490350323455e-14
    outer loop
      vertex -25.624339523596888 -0.12977767810673235 74.49623797288405
      vertex -25.652471555767296 -0.23476785148685053 74.36611652351681
      vertex -25.675996103099212 -0.32256265735462364 74.28373693329658
    endloop
  endfacet
  facet normal -0.9659258262890519 0.2588190451025817 -1.9152757765850753e-13
    outer loop
      vertex -25.75743023245596 -0.6264789655841447 74.0951505843609
      vertex -25.787323429413952 -0.7380418954320387 74.05382458033473
      vertex -25.818121069566374 -0.852980253234092 74.02401839949596
    endloop
  endfacet
  facet normal -0.9659258262890689 0.25881904510251874 4.967187345634674e-15
    outer loop
      vertex -25.675996103099212 -0.32256265735462364 74.28373693329658
      vertex -25.818121069566374 -0.852980253234092 74.02401839949596
      vertex -25.91294831146229 -1.2068803379312811 74.00601909165975
    endloop
  endfacet
  facet normal -0.9659258262890676 0.2588190451025229 -9.0954188398083e-15
    outer loop
      vertex -25.675996103099212 -0.32256265735462364 74.28373693329658
      vertex -25.91294831146229 -1.2068803379312811 74.00601909165975
      vertex -25.80534612245475 -0.8053035015495045 74.3082890637862
    endloop
  endfacet
  facet normal -0.9659258262890686 0.25881904510251913 -2.490714523966328e-15
    outer loop
      vertex -25.818121069566374 -0.852980253234092 74.02401839949596
      vertex -25.84952655480285 -0.9701871197729766 74.00601909165975
      vertex -25.91294831146229 -1.2068803379312811 74.00601909165975
    endloop
  endfacet
  facet normal -0.9659258262890686 0.2588190451025191 -2.8509035174627566e-13
    outer loop
      vertex -25.84952655480285 -0.9701871197729766 74.00601909165975
      vertex -25.88123743313257 -1.0885337288521288 74
      vertex -25.91294831146229 -1.2068803379312811 74.00601909165975
    endloop
  endfacet
  facet normal -0.9659258262890605 0.2588190451025495 1.8864729785686656e-13
    outer loop
      vertex -25.91294831146229 -1.2068803379312811 74.00601909165975
      vertex -25.944353796698767 -1.324087204470164 74.02401839949596
      vertex -25.975151436851185 -1.439025562272219 74.05382458033473
    endloop
  endfacet
  facet normal -0.9659258262890664 0.25881904510252757 1.0705354048264291e-14
    outer loop
      vertex -25.87434357702218 -1.062805507588104 74.32138557908965
      vertex -25.91294831146229 -1.2068803379312811 74.00601909165975
      vertex -26.110003310497845 -1.9422996062174 74.36611652351681
    endloop
  endfacet
  facet normal -0.9659258262890731 0.25881904510250264 -4.38543473545756e-14
    outer loop
      vertex -25.91294831146229 -1.2068803379312811 74.00601909165975
      vertex -26.033745499744754 -1.6577015820129066 74.14759841956456
      vertex -26.110003310497845 -1.9422996062174 74.36611652351681
    endloop
  endfacet
  facet normal -0.9659258262890807 0.2588190451024744 -8.334394659049168e-14
    outer loop
      vertex -26.033745499744754 -1.6577015820129066 74.14759841956456
      vertex -26.060977629629466 -1.7593332743409675 74.21066298462182
      vertex -26.110003310497845 -1.9422996062174 74.36611652351681
    endloop
  endfacet
  facet normal -0.9659258262890442 0.25881904510261033 8.873801826756545e-14
    outer loop
      vertex -26.060977629629466 -1.7593332743409675 74.21066298462182
      vertex -26.08647876316593 -1.8545048003496323 74.28373693329658
      vertex -26.110003310497845 -1.9422996062174 74.36611652351681
    endloop
  endfacet
  facet normal -0.9659258262870067 0.25881904511021475 6.062539512716859e-12
    outer loop
      vertex -26.110003310497845 -1.9422996062174 74.36611652351681
      vertex -26.15646654444542 -2.1157027559937127 74.6023895172057
      vertex -26.114781544946396 -1.9601322199498838 74.39100921768996
    endloop
  endfacet
  facet normal -0.9659258263205901 0.2588190449848798 -9.25588751271474e-11
    outer loop
      vertex -26.110003310497845 -1.9422996062174 74.36611652351681
      vertex -26.11497028120334 -1.9608365932500202 74.39136922577234
      vertex -26.15646654444542 -2.1157027559937127 74.6023895172057
    endloop
  endfacet
  facet normal -0.9659258262889994 0.2588190451027776 1.8462311001284756e-13
    outer loop
      vertex -26.112523153939357 -1.9517037899682617 74.38670141256085
      vertex -26.114781544946396 -1.9601322199498838 74.39100921768996
      vertex -26.166559957500382 -2.1533718863366094 74.6607540789675
    endloop
  endfacet
  facet normal -0.9659258262891685 0.258819045102147 -2.629608550721601e-13
    outer loop
      vertex -26.131324717374582 -2.0218721799702433 74.45700839479544
      vertex -26.15023764699245 -2.0924561942241144 74.5555372087255
      vertex -26.15646654444542 -2.1157027559937127 74.6023895172057
    endloop
  endfacet
  facet normal -0.965925826289144 0.2588190451022382 -2.300599196303954e-13
    outer loop
      vertex -26.114781544946396 -1.9601322199498838 74.39100921768996
      vertex -26.15646654444542 -2.1157027559937127 74.6023895172057
      vertex -26.166559957500382 -2.1533718863366094 74.6607540789675
    endloop
  endfacet
  facet normal -0.9659258262891185 0.25881904510233356 -1.637059059751331e-13
    outer loop
      vertex -26.15023764699245 -2.0924561942241144 74.5555372087255
      vertex -26.166559957500382 -2.1533718863366094 74.6607540789675
      vertex -26.15646654444542 -2.1157027559937127 74.6023895172057
    endloop
  endfacet
  facet normal -0.9659258262890535 0.2588190451025762 2.5775922542065005e-14
    outer loop
      vertex -26.112523153939357 -1.9517037899682617 74.38670141256085
      vertex -26.166559957500382 -2.1533718863366094 74.6607540789675
      vertex -26.203203383954957 -2.29012701562851 75.12747857458805
    endloop
  endfacet
  facet normal -0.965925826289201 0.2588190451020258 -2.1643480499367872e-13
    outer loop
      vertex -26.166559957500382 -2.1533718863366094 74.6607540789675
      vertex -26.180134456125487 -2.2040326048927827 74.77164570954363
      vertex -26.19083041302544 -2.2439504594789668 74.88714415343192
    endloop
  endfacet
  facet normal -0.965925826289039 0.25881904510262993 4.264607120836394e-14
    outer loop
      vertex -26.166559957500382 -2.1533718863366094 74.6607540789675
      vertex -26.19083041302544 -2.2439504594789668 74.88714415343192
      vertex -26.203203383954957 -2.29012701562851 75.12747857458805
    endloop
  endfacet
  facet normal -0.9659258262890984 0.258819045102408 -3.0471357026846692e-15
    outer loop
      vertex -26.19083041302544 -2.2439504594789668 74.88714415343192
      vertex -26.198544820288284 -2.272741019334184 75.00613709747984
      vertex -26.203203383954957 -2.29012701562851 75.12747857458805
    endloop
  endfacet
  facet normal -0.96592582628901 0.2588190451027376 -8.884206117637745e-14
    outer loop
      vertex -26.166559957500382 -2.1533718863366094 75.8392459210325
      vertex -26.153381490215814 -2.1041891768647343 75.91544962572263
      vertex -26.19083041302544 -2.2439504594789668 75.61285584656808
    endloop
  endfacet
  facet normal -0.9659258262891407 0.25881904510224973 0
    outer loop
      vertex -26.203203383954957 -2.29012701562851 75.12747857458805
      vertex -26.204761239510717 -2.295941011713465 75.25
      vertex -26.203203383954957 -2.29012701562851 75.37252142541195
    endloop
  endfacet
  facet normal -0.9659258262890945 0.2588190451024229 0
    outer loop
      vertex -26.203203383954957 -2.29012701562851 75.12747857458805
      vertex -26.203203383954957 -2.29012701562851 75.37252142541195
      vertex -26.19083041302544 -2.2439504594789668 75.61285584656808
    endloop
  endfacet
  facet normal -0.9659258262890985 0.2588190451024081 3.038390799431956e-15
    outer loop
      vertex -26.203203383954957 -2.29012701562851 75.37252142541195
      vertex -26.198544820288284 -2.272741019334184 75.49386290252016
      vertex -26.19083041302544 -2.2439504594789668 75.61285584656808
    endloop
  endfacet
  facet normal -0.9659258262890968 0.25881904510241444 5.740348399196893e-14
    outer loop
      vertex -26.153381490215814 -2.1041891768647343 75.91544962572263
      vertex -26.15023764699245 -2.0924561942241144 75.9444627912745
      vertex -26.131324717374582 -2.0218721799702433 76.04299160520456
    endloop
  endfacet
  facet normal -0.9659258262890167 0.25881904510271353 -7.222137917741757e-14
    outer loop
      vertex -26.166559957500382 -2.1533718863366094 75.8392459210325
      vertex -26.15023764699245 -2.0924561942241144 75.9444627912745
      vertex -26.153381490215814 -2.1041891768647343 75.91544962572263
    endloop
  endfacet
  facet normal -0.9659258262889358 0.25881904510301534 -4.802701231134829e-13
    outer loop
      vertex -22.0051476485353 13.3772302819636 89.3846034691419
      vertex -22.025716429084362 13.300466547904747 89.29115838607461
      vertex -25.652471555767296 -0.23476785148685053 74.36611652351681
    endloop
  endfacet
  facet normal -0.9659258262890688 0.25881904510251924 1.5909687543982728e-15
    outer loop
      vertex -22.0051476485353 13.3772302819636 89.3846034691419
      vertex -25.952076106007496 -1.352907255162112 76.78387434821157
      vertex -22.212774294350318 12.602357090776833 90.13772811678528
    endloop
  endfacet
  facet normal -0.9659258262890682 0.25881904510252124 -6.074669601237777e-16
    outer loop
      vertex -22.212774294350318 12.602357090776833 90.13772811678528
      vertex -25.952076106007496 -1.352907255162112 76.78387434821157
      vertex -22.408788159983242 11.870823385246783 90.84872969805406
    endloop
  endfacet
  facet normal -0.9659258262890686 0.2588190451025191 1.4593204318482511e-15
    outer loop
      vertex -22.408788159983242 11.870823385246783 90.84872969805406
      vertex -25.952076106007496 -1.352907255162112 76.78387434821157
      vertex -22.474611790165866 11.625166253066602 91.08749191517364
    endloop
  endfacet
  facet normal -0.9659258262891007 0.2588190451024001 1.17263080661207e-13
    outer loop
      vertex -22.474611790165866 11.625166253066602 91.08749191517364
      vertex -25.952076106007496 -1.352907255162112 76.78387434821157
      vertex -22.497452106942294 11.539925030396002 91.00228638110127
    endloop
  endfacet
  facet normal 0.9659258262920456 -0.2588190450914091 -7.46546509456668e-12
    outer loop
      vertex -18.84997407423999 -1.8934247681615375 74.56058046389143
      vertex -18.851559420703026 -1.8993413617091885 74.55135397503476
      vertex -18.85075643524921 -1.8963445791977893 74.5555372087255
    endloop
  endfacet
  facet normal 0.9659258262890605 -0.2588190451025496 4.654409395381077e-14
    outer loop
      vertex -18.940016452612195 -2.229467499080936 74.21066298462182
      vertex -18.926089671169535 -2.177492043151018 74.27550365999492
      vertex -18.967248582496907 -2.331099191408997 74.14759841956456
    endloop
  endfacet
  facet normal 0.9659258262890391 -0.2588190451026294 1.1514467584268752e-13
    outer loop
      vertex -18.940016452612195 -2.229467499080936 74.21066298462182
      vertex -18.91545787922521 -2.1378136554393095 74.29666358575851
      vertex -18.926089671169535 -2.177492043151018 74.27550365999492
    endloop
  endfacet
  facet normal 0.9659258262890525 -0.25881904510257936 5.844213564550847e-14
    outer loop
      vertex -18.940016452612195 -2.229467499080936 74.21066298462182
      vertex -18.890990771743816 -2.0465011672044984 74.36611652351681
      vertex -18.91545787922521 -2.1378136554393095 74.29666358575851
    endloop
  endfacet
  facet normal 0.9659258262890655 -0.2588190451025311 2.2451213805615242e-14
    outer loop
      vertex -18.926089671169535 -2.177492043151018 74.27550365999492
      vertex -18.995949448432484 -2.438212281301791 74.0951505843609
      vertex -18.967248582496907 -2.331099191408997 74.14759841956456
    endloop
  endfacet
  facet normal 0.9659258262871052 -0.2588190451098468 1.7179372539640026e-12
    outer loop
      vertex -18.810163669216223 -1.7448503139429352 74.88714415343192
      vertex -18.80994140507432 -1.7440208128726518 74.89057252630623
      vertex -18.809801032292327 -1.7434969345182498 74.8941880667888
    endloop
  endfacet
  facet normal 0.9659258262891198 -0.25881904510232795 -1.2213722961876653e-13
    outer loop
      vertex -18.810163669216223 -1.7448503139429352 74.88714415343192
      vertex -18.825636326560584 -1.8025950572801879 74.77530035205889
      vertex -18.813502552597086 -1.757311196360856 74.85108979771404
    endloop
  endfacet
  facet normal 0.9659258262890686 -0.2588190451025198 -6.458840952327554e-16
    outer loop
      vertex -18.87615249416952 -1.9911239614004081 74.96689022583364
      vertex -18.922643960639192 -2.1646324763836073 74.95000444651754
      vertex -18.934642058274356 -2.2094099863522114 74.6954948639692
    endloop
  endfacet
  facet normal 0.9659258262890715 -0.25881904510250836 5.857021950307802e-15
    outer loop
      vertex -18.97682221891781 -2.3668284889450106 74.56732161863714
      vertex -18.934642058274356 -2.2094099863522114 74.6954948639692
      vertex -18.982163800942665 -2.3867635444545634 74.6631425839797
    endloop
  endfacet
  facet normal 0.9659258262890932 -0.258819045102428 1.6480445558370562e-14
    outer loop
      vertex -18.798211700439545 -1.7002449592178888 75.38069903362624
      vertex -18.80306858060809 -1.7183710827731762 75.50341574922855
      vertex -18.80518336224811 -1.726263555300637 75.51611762587879
    endloop
  endfacet
  facet normal 0.9659258262890871 -0.25881904510245113 1.0377233088221749e-15
    outer loop
      vertex -18.80306858060809 -1.7183710827731762 75.50341574922855
      vertex -18.810163669216223 -1.7448503139429352 75.61285584656808
      vertex -18.80518336224811 -1.726263555300637 75.51611762587879
    endloop
  endfacet
  facet normal 0.965925826289071 -0.258819045102511 -6.736061511682247e-15
    outer loop
      vertex -18.922643960639192 -2.1646324763836073 74.95000444651754
      vertex -18.80518336224811 -1.726263555300637 75.51611762587879
      vertex -18.83443412474128 -1.8354288870852908 75.8392459210325
    endloop
  endfacet
  facet normal 0.965925826289063 -0.25881904510254017 -1.7310250402877537e-14
    outer loop
      vertex -18.80518336224811 -1.726263555300637 75.51611762587879
      vertex -18.810163669216223 -1.7448503139429352 75.61285584656808
      vertex -18.83443412474128 -1.8354288870852908 75.8392459210325
    endloop
  endfacet
  facet normal 0.9659258262891431 -0.2588190451022414 1.1077965735335736e-13
    outer loop
      vertex -18.810163669216223 -1.7448503139429352 75.61285584656808
      vertex -18.820859626116174 -1.7847681685291175 75.72835429045637
      vertex -18.83443412474128 -1.8354288870852908 75.8392459210325
    endloop
  endfacet
  facet normal 0.9659258262890676 -0.25881904510252324 -1.88789958057294e-15
    outer loop
      vertex -18.922643960639192 -2.1646324763836073 74.95000444651754
      vertex -18.83443412474128 -1.8354288870852908 75.8392459210325
      vertex -18.890990771743816 -2.0465011672044984 76.13388347648319
    endloop
  endfacet
  facet normal 0.9659258262891911 -0.2588190451020622 3.233892624576075e-13
    outer loop
      vertex -18.83443412474128 -1.8354288870852908 75.8392459210325
      vertex -18.85075643524921 -1.8963445791977893 75.9444627912745
      vertex -18.86966936486708 -1.9669285934516623 76.04299160520456
    endloop
  endfacet
  facet normal 0.9659258262890896 -0.25881904510244147 6.089119440622658e-14
    outer loop
      vertex -18.83443412474128 -1.8354288870852908 75.8392459210325
      vertex -18.86966936486708 -1.9669285934516623 76.04299160520456
      vertex -18.890990771743816 -2.0465011672044984 76.13388347648319
    endloop
  endfacet
  facet normal 0.9659258262890391 -0.2588190451026296 -1.2140248189416934e-13
    outer loop
      vertex -18.890990771743816 -2.0465011672044984 76.13388347648319
      vertex -18.914515319075733 -2.1342959730722697 76.21626306670342
      vertex -18.940016452612195 -2.229467499080936 76.28933701537818
    endloop
  endfacet
  facet normal 0.9659258262890756 -0.25881904510249354 5.053506742165993e-14
    outer loop
      vertex -18.890990771743816 -2.0465011672044984 76.13388347648319
      vertex -18.940016452612195 -2.229467499080936 76.28933701537818
      vertex -18.967248582496907 -2.331099191408997 76.35240158043544
    endloop
  endfacet
  facet normal 0.9659258262890589 -0.2588190451025557 1.0572398965804241e-13
    outer loop
      vertex -18.995949448432484 -2.438212281301791 74.0951505843609
      vertex -19.03120929295347 -2.569803812521089 74.05382458033473
      vertex -19.025842645390476 -2.549775211149683 74.05382458033473
    endloop
  endfacet
  facet normal 0.9659258262890588 -0.2588190451025557 2.4257178797158995e-13
    outer loop
      vertex -19.025842645390476 -2.549775211149683 74.05382458033473
      vertex -19.03120929295347 -2.569803812521089 74.05382458033473
      vertex -19.119756649109092 -2.9002670445697714 74
    endloop
  endfacet
  facet normal 0.9659258262890631 -0.2588190451025406 1.3631082785967874e-13
    outer loop
      vertex -19.025842645390476 -2.549775211149683 74.05382458033473
      vertex -19.119756649109092 -2.9002670445697714 74
      vertex -19.056640285542894 -2.6647135689517363 74.02401839949596
    endloop
  endfacet
  facet normal 0.9659258262890763 -0.258819045102491 -3.8435061295900065e-13
    outer loop
      vertex -19.056640285542894 -2.6647135689517363 74.02401839949596
      vertex -19.119756649109092 -2.9002670445697714 74
      vertex -19.088045770779374 -2.781920435490621 74.00601909165975
    endloop
  endfacet
  facet normal 0.9659258262890686 -0.25881904510251924 -5.009100546354156e-15
    outer loop
      vertex -18.982163800942665 -2.3867635444545634 74.6631425839797
      vertex -19.21367065282771 -3.2507588779898633 74.05382458033473
      vertex -19.119756649109092 -2.9002670445697714 74
    endloop
  endfacet
  facet normal 0.9659258262890756 -0.2588190451024938 1.7298368870602976e-13
    outer loop
      vertex -19.119756649109092 -2.9002670445697714 74
      vertex -19.21367065282771 -3.2507588779898633 74.05382458033473
      vertex -19.15146752743881 -3.0186136536489254 74.00601909165975
    endloop
  endfacet
  facet normal 0.9659258262890714 -0.258819045102509 9.341500983565527e-14
    outer loop
      vertex -19.15146752743881 -3.0186136536489254 74.00601909165975
      vertex -19.21367065282771 -3.2507588779898633 74.05382458033473
      vertex -19.182873012675287 -3.135820520187808 74.02401839949596
    endloop
  endfacet
  facet normal 0.965925826289074 -0.25881904510249953 4.626351000997794e-14
    outer loop
      vertex -19.21367065282771 -3.2507588779898633 74.05382458033473
      vertex -19.272264715721278 -3.469434897730551 74.14759841956456
      vertex -19.2435638497857 -3.3623218078377572 74.0951505843609
    endloop
  endfacet
  facet normal 0.965925826289068 -0.2588190451025219 -9.161847635404257e-16
    outer loop
      vertex -18.982163800942665 -2.3867635444545634 74.6631425839797
      vertex -19.369843933351106 -3.8336054956878876 74.45700839479544
      vertex -19.21367065282771 -3.2507588779898633 74.05382458033473
    endloop
  endfacet
  facet normal 0.9659258262890685 -0.2588190451025199 -1.598243515206275e-14
    outer loop
      vertex -18.982163800942665 -2.3867635444545634 74.6631425839797
      vertex -19.391192216734048 -3.9132783739274117 74.57123598500895
      vertex -19.369843933351106 -3.8336054956878876 74.45700839479544
    endloop
  endfacet
  facet normal 0.9659258262890714 -0.25881904510250936 1.1553105057354332e-14
    outer loop
      vertex -18.934642058274356 -2.2094099863522114 74.6954948639692
      vertex -19.3381471099063 -3.7153113401533284 76.17658622729415
      vertex -18.982163800942665 -2.3867635444545634 74.6631425839797
    endloop
  endfacet
  facet normal 0.9659258262890682 -0.25881904510252124 6.8130152616522326e-15
    outer loop
      vertex -18.982163800942665 -2.3867635444545634 74.6631425839797
      vertex -19.41865367210201 -4.015765920610428 74.77164570954363
      vertex -19.391192216734048 -3.9132783739274117 74.57123598500895
    endloop
  endfacet
  facet normal 0.965925826289068 -0.258819045102522 -5.519513581686341e-15
    outer loop
      vertex -18.982163800942665 -2.3867635444545634 74.6631425839797
      vertex -19.432494793637254 -4.067421689413695 74.9356575889711
      vertex -19.41865367210201 -4.015765920610428 74.77164570954363
    endloop
  endfacet
  facet normal 0.9659258262890733 -0.25881904510250225 3.950756378200707e-14
    outer loop
      vertex -19.21367065282771 -3.2507588779898633 74.05382458033473
      vertex -19.91931232847758 -5.884249463453221 75.39759841956456
      vertex -19.272264715721278 -3.469434897730551 74.14759841956456
    endloop
  endfacet
  facet normal 0.96592582628907 -0.2588190451025145 1.0540316338434475e-14
    outer loop
      vertex -19.21367065282771 -3.2507588779898633 74.05382458033473
      vertex -19.369843933351106 -3.8336054956878876 74.45700839479544
      vertex -19.995570139230665 -6.168847487657718 75.61611652351681
    endloop
  endfacet
  facet normal 0.9659258262890679 -0.2588190451025224 -8.398919583003343e-15
    outer loop
      vertex -18.982163800942665 -2.3867635444545634 74.6631425839797
      vertex -19.995570139230665 -6.168847487657718 75.61611652351681
      vertex -19.432494793637254 -4.067421689413695 74.9356575889711
    endloop
  endfacet
  facet normal 0.9659258262890684 -0.2588190451025204 -5.219917213285759e-16
    outer loop
      vertex -18.934642058274356 -2.2094099863522114 74.6954948639692
      vertex -18.922643960639192 -2.1646324763836073 74.95000444651754
      vertex -19.3381471099063 -3.7153113401533284 76.17658622729415
    endloop
  endfacet
  facet normal 0.9659258262890681 -0.2588190451025215 -2.0723146406574346e-15
    outer loop
      vertex -18.922643960639192 -2.1646324763836073 74.95000444651754
      vertex -18.890990771743816 -2.0465011672044984 76.13388347648319
      vertex -19.3381471099063 -3.7153113401533284 76.17658622729415
    endloop
  endfacet
  facet normal 0.9659258262890703 -0.25881904510251286 1.5699087831055875e-14
    outer loop
      vertex -18.982163800942665 -2.3867635444545634 74.6631425839797
      vertex -19.424508789050506 -4.03761751454647 75.66512882099525
      vertex -19.437064036264804 -4.084474335051829 75.49386290252016
    endloop
  endfacet
  facet normal 0.9659258262890679 -0.258819045102522 -4.479233384774107e-16
    outer loop
      vertex -18.982163800942665 -2.3867635444545634 74.6631425839797
      vertex -19.3381471099063 -3.7153113401533284 76.17658622729415
      vertex -19.424508789050506 -4.03761751454647 75.66512882099525
    endloop
  endfacet
  facet normal 0.9659258262890739 -0.2588190451025 4.124485764336312e-14
    outer loop
      vertex -18.890990771743816 -2.0465011672044984 76.13388347648319
      vertex -18.967248582496907 -2.331099191408997 76.35240158043544
      vertex -19.19059532198402 -3.1646405708797545 76.78387434821157
    endloop
  endfacet
  facet normal 0.9659258262890682 -0.25881904510252146 1.8140770069562684e-15
    outer loop
      vertex -18.890990771743816 -2.0465011672044984 76.13388347648319
      vertex -19.19059532198402 -3.1646405708797545 76.78387434821157
      vertex -19.3381471099063 -3.7153113401533284 76.17658622729415
    endloop
  endfacet
  facet normal 0.9659258262890683 -0.2588190451025208 -1.557256789959187e-15
    outer loop
      vertex -18.982163800942665 -2.3867635444545634 74.6631425839797
      vertex -19.437064036264804 -4.084474335051829 75.49386290252016
      vertex -19.995570139230665 -6.168847487657718 75.61611652351681
    endloop
  endfacet
  facet normal 0.9659258262890574 -0.2588190451025611 3.190230669435666e-14
    outer loop
      vertex -19.405079173476903 -3.9651052020542537 75.8392459210325
      vertex -19.3381471099063 -3.7153113401533284 76.17658622729415
      vertex -19.369843933351106 -3.8336054956878876 76.04299160520456
    endloop
  endfacet
  facet normal 0.9659258262890711 -0.25881904510251014 -8.427398527881337e-15
    outer loop
      vertex -19.405079173476903 -3.9651052020542537 75.8392459210325
      vertex -19.424508789050506 -4.03761751454647 75.66512882099525
      vertex -19.3381471099063 -3.7153113401533284 76.17658622729415
    endloop
  endfacet
  facet normal 0.9659258262890702 -0.25881904510251397 5.093138253224419e-15
    outer loop
      vertex -19.429349629001962 -4.055683775196614 75.61285584656808
      vertex -19.424508789050506 -4.03761751454647 75.66512882099525
      vertex -19.766804261865396 -5.315081610292444 77.75
    endloop
  endfacet
  facet normal 0.9659258262890672 -0.2588190451025247 -1.9673611969305705e-15
    outer loop
      vertex -19.405079173476903 -3.9651052020542537 75.8392459210325
      vertex -19.766804261865396 -5.315081610292444 77.75
      vertex -19.424508789050506 -4.03761751454647 75.66512882099525
    endloop
  endfacet
  facet normal 0.9659258262890722 -0.258819045102506 2.8952547775917706e-14
    outer loop
      vertex -19.369843933351106 -3.8336054956878876 74.45700839479544
      vertex -19.38875686296898 -3.904189509941756 74.5555372087255
      vertex -19.995570139230665 -6.168847487657718 75.61611652351681
    endloop
  endfacet
  facet normal 0.9659258262890318 -0.2588190451026569 -3.1650790614269405e-13
    outer loop
      vertex -19.38875686296898 -3.904189509941756 74.5555372087255
      vertex -19.391192216734048 -3.9132783739274117 74.57123598500895
      vertex -19.995570139230665 -6.168847487657718 75.61611652351681
    endloop
  endfacet
  facet normal 0.9659258262890695 -0.258819045102516 9.615451876400831e-15
    outer loop
      vertex -19.391192216734048 -3.9132783739274117 74.57123598500895
      vertex -19.41865367210201 -4.015765920610428 74.77164570954363
      vertex -19.995570139230665 -6.168847487657718 75.61611652351681
    endloop
  endfacet
  facet normal 0.9659258262890685 -0.2588190451025196 -1.82672005836299e-16
    outer loop
      vertex -19.41865367210201 -4.015765920610428 74.77164570954363
      vertex -19.429349629001962 -4.055683775196614 74.88714415343192
      vertex -19.995570139230665 -6.168847487657718 75.61611652351681
    endloop
  endfacet
  facet normal 0.9659258262890671 -0.2588190451025251 -1.7387847197519372e-14
    outer loop
      vertex -19.429349629001962 -4.055683775196614 74.88714415343192
      vertex -19.432494793637254 -4.067421689413695 74.9356575889711
      vertex -19.995570139230665 -6.168847487657718 75.61611652351681
    endloop
  endfacet
  facet normal 0.9659258262890615 -0.2588190451025463 -5.1278588690781664e-14
    outer loop
      vertex -19.21367065282771 -3.2507588779898633 74.05382458033473
      vertex -19.995570139230665 -6.168847487657718 75.61611652351681
      vertex -19.91931232847758 -5.884249463453221 75.39759841956456
    endloop
  endfacet
  facet normal 0.9659258262890688 -0.2588190451025195 2.1993171527676156e-14
    outer loop
      vertex -19.437064036264804 -4.084474335051829 75.49386290252016
      vertex -19.429349629001962 -4.055683775196614 75.61285584656808
      vertex -19.995570139230665 -6.168847487657718 75.61611652351681
    endloop
  endfacet
  facet normal 0.9659258262890685 -0.2588190451025195 1.5744481259541755e-15
    outer loop
      vertex -19.429349629001962 -4.055683775196614 75.61285584656808
      vertex -19.766804261865396 -5.315081610292444 77.75
      vertex -19.995570139230665 -6.168847487657718 75.61611652351681
    endloop
  endfacet
  facet normal 0.9659258262890431 -0.25881904510261483 -1.483467804518329e-13
    outer loop
      vertex -19.91931232847758 -5.884249463453221 75.39759841956456
      vertex -19.995570139230665 -6.168847487657718 75.61611652351681
      vertex -19.946544458362293 -5.985881155781279 75.46066298462182
    endloop
  endfacet
  facet normal 0.9659258262891667 -0.2588190451021536 4.335150658963984e-13
    outer loop
      vertex -19.946544458362293 -5.985881155781279 75.46066298462182
      vertex -19.995570139230665 -6.168847487657718 75.61611652351681
      vertex -19.97204559189875 -6.08105268178995 75.53373693329658
    endloop
  endfacet
  facet normal 0.9659258262889892 -0.2588190451028157 -2.250016564783208e-13
    outer loop
      vertex -19.995570139230665 -6.168847487657718 75.61611652351681
      vertex -20.052126786233202 -6.379919767776924 75.9107540789675
      vertex -20.01689154610741 -6.248420061410558 75.70700839479544
    endloop
  endfacet
  facet normal 0.9659258262890552 -0.2588190451025695 -5.4582987073585385e-14
    outer loop
      vertex -20.01689154610741 -6.248420061410558 75.70700839479544
      vertex -20.052126786233202 -6.379919767776924 75.9107540789675
      vertex -20.03580447572528 -6.319004075664426 75.8055372087255
    endloop
  endfacet
  facet normal 0.9659258262890742 -0.25881904510249887 1.8308149242620724e-14
    outer loop
      vertex -19.995570139230665 -6.168847487657718 75.61611652351681
      vertex -20.08411164902111 -6.499288900774503 76.25613709747984
      vertex -20.052126786233202 -6.379919767776924 75.9107540789675
    endloop
  endfacet
  facet normal 0.9659258262890849 -0.25881904510245923 3.3029609050171636e-14
    outer loop
      vertex -20.052126786233202 -6.379919767776924 75.9107540789675
      vertex -20.08411164902111 -6.499288900774503 76.25613709747984
      vertex -20.06570128485831 -6.430580486333098 76.02164570954363
    endloop
  endfacet
  facet normal 0.9659258262891364 -0.25881904510226644 9.354484401347128e-14
    outer loop
      vertex -20.06570128485831 -6.430580486333098 76.02164570954363
      vertex -20.08411164902111 -6.499288900774503 76.25613709747984
      vertex -20.07639724175826 -6.470498340919284 76.13714415343192
    endloop
  endfacet
  facet normal 0.9659258262890639 -0.2588190451025371 -2.7851773438244814e-15
    outer loop
      vertex -19.995570139230665 -6.168847487657718 75.61611652351681
      vertex -20.06570128485831 -6.430580486333098 76.97835429045637
      vertex -20.08411164902111 -6.499288900774503 76.25613709747984
    endloop
  endfacet
  facet normal 0.9659258262890668 -0.25881904510252657 -1.065658090996074e-18
    outer loop
      vertex -20.08411164902111 -6.499288900774503 76.25613709747984
      vertex -20.088770212687784 -6.516674897068822 76.62252142541195
      vertex -20.088770212687784 -6.516674897068822 76.37747857458805
    endloop
  endfacet
  facet normal 0.9659258262890685 -0.2588190451025199 3.35841295406335e-16
    outer loop
      vertex -19.3381471099063 -3.7153113401533284 76.17658622729415
      vertex -19.19059532198402 -3.1646405708797545 76.78387434821157
      vertex -19.614296195253207 -4.7459137571316665 77.60240158043544
    endloop
  endfacet
  facet normal 0.9659258262890654 -0.25881904510253156 -9.365485677475232e-15
    outer loop
      vertex -19.38875686296898 -3.904189509941756 75.9444627912745
      vertex -19.369843933351106 -3.8336054956878876 76.04299160520456
      vertex -19.766804261865396 -5.315081610292444 77.75
    endloop
  endfacet
  facet normal 0.9659258262890728 -0.2588190451025038 1.3837277914520719e-14
    outer loop
      vertex -19.405079173476903 -3.9651052020542537 75.8392459210325
      vertex -19.38875686296898 -3.904189509941756 75.9444627912745
      vertex -19.766804261865396 -5.315081610292444 77.75
    endloop
  endfacet
  facet normal 0.9659258262890673 -0.25881904510252446 -2.807420994542579e-15
    outer loop
      vertex -19.3381471099063 -3.7153113401533284 76.17658622729415
      vertex -19.766804261865396 -5.315081610292444 77.75
      vertex -19.369843933351106 -3.8336054956878876 76.04299160520456
    endloop
  endfacet
  facet normal 0.965925826289067 -0.2588190451025257 -4.165233114889362e-15
    outer loop
      vertex -19.3381471099063 -3.7153113401533284 76.17658622729415
      vertex -19.614296195253207 -4.7459137571316665 77.60240158043544
      vertex -19.766804261865396 -5.315081610292444 77.75
    endloop
  endfacet
  facet normal 0.965925826289074 -0.25881904510249976 4.638312002252074e-14
    outer loop
      vertex -19.614296195253207 -4.7459137571316665 77.60240158043544
      vertex -19.642997061188783 -4.85302684702446 77.6548494156391
      vertex -19.672890258146776 -4.964589776872354 77.69617541966527
    endloop
  endfacet
  facet normal 0.9659258262890585 -0.2588190451025571 -9.767129976893198e-14
    outer loop
      vertex -19.614296195253207 -4.7459137571316665 77.60240158043544
      vertex -19.672890258146776 -4.964589776872354 77.69617541966527
      vertex -19.703687898299197 -5.079528134674408 77.72598160050404
    endloop
  endfacet
  facet normal 0.9659258262890663 -0.2588190451025279 -1.3060852625629059e-14
    outer loop
      vertex -19.614296195253207 -4.7459137571316665 77.60240158043544
      vertex -19.703687898299197 -5.079528134674408 77.72598160050404
      vertex -19.766804261865396 -5.315081610292444 77.75
    endloop
  endfacet
  facet normal 0.9659258262890635 -0.25881904510253867 -1.2602542888980103e-13
    outer loop
      vertex -19.703687898299197 -5.079528134674408 77.72598160050404
      vertex -19.735093383535673 -5.196735001213292 77.74398090834025
      vertex -19.766804261865396 -5.315081610292444 77.75
    endloop
  endfacet
  facet normal 0.9659258262890735 -0.2588190451025009 -1.375022093158864e-13
    outer loop
      vertex -19.798515140195114 -5.433428219371596 77.74398090834025
      vertex -19.82992062543159 -5.550635085910479 77.72598160050404
      vertex -19.766804261865396 -5.315081610292444 77.75
    endloop
  endfacet
  facet normal 0.9659258262890735 -0.2588190451025013 -1.3313657622159632e-13
    outer loop
      vertex -19.82992062543159 -5.550635085910479 77.72598160050404
      vertex -19.860718265584012 -5.665573443712534 77.69617541966527
      vertex -19.766804261865396 -5.315081610292444 77.75
    endloop
  endfacet
  facet normal 0.9659258262890689 -0.25881904510251835 1.069086888470165e-15
    outer loop
      vertex -19.995570139230665 -6.168847487657718 75.61611652351681
      vertex -19.766804261865396 -5.315081610292444 77.75
      vertex -20.06570128485831 -6.430580486333098 76.97835429045637
    endloop
  endfacet
  facet normal 0.9659258262891407 -0.25881904510224973 0
    outer loop
      vertex -20.088770212687784 -6.516674897068822 76.37747857458805
      vertex -20.088770212687784 -6.516674897068822 76.62252142541195
      vertex -20.090328068243544 -6.522488893153777 76.5
    endloop
  endfacet
  facet normal 0.9659258262890599 -0.2588190451025518 -1.28543945969594e-15
    outer loop
      vertex -20.08411164902111 -6.499288900774503 76.25613709747984
      vertex -20.06570128485831 -6.430580486333098 76.97835429045637
      vertex -20.088770212687784 -6.516674897068822 76.62252142541195
    endloop
  endfacet
  facet normal 0.9659258262890469 -0.2588190451026006 1.1373812460600135e-14
    outer loop
      vertex -20.088770212687784 -6.516674897068822 76.62252142541195
      vertex -20.06570128485831 -6.430580486333098 76.97835429045637
      vertex -20.08411164902111 -6.499288900774503 76.74386290252016
    endloop
  endfacet
  facet normal 0.9659258262891364 -0.25881904510226644 -9.357889766822041e-14
    outer loop
      vertex -20.08411164902111 -6.499288900774503 76.74386290252016
      vertex -20.06570128485831 -6.430580486333098 76.97835429045637
      vertex -20.07639724175826 -6.470498340919284 76.86285584656808
    endloop
  endfacet
  facet normal 0.9659258262890998 -0.2588190451024029 -6.05964311264678e-14
    outer loop
      vertex -20.052126786233202 -6.379919767776924 77.0892459210325
      vertex -20.06570128485831 -6.430580486333098 76.97835429045637
      vertex -20.01689154610741 -6.248420061410558 77.29299160520456
    endloop
  endfacet
  facet normal 0.9659258262890675 -0.2588190451025236 9.267408860364596e-15
    outer loop
      vertex -20.06570128485831 -6.430580486333098 76.97835429045637
      vertex -19.766804261865396 -5.315081610292444 77.75
      vertex -19.946544458362293 -5.985881155781279 77.53933701537818
    endloop
  endfacet
  facet normal 0.9659258262890685 -0.2588190451025199 -3.6030971327164514e-15
    outer loop
      vertex -19.860718265584012 -5.665573443712534 77.69617541966527
      vertex -19.946544458362293 -5.985881155781279 77.53933701537818
      vertex -19.766804261865396 -5.315081610292444 77.75
    endloop
  endfacet
  facet normal 0.9659258262890748 -0.25881904510249676 -5.40489419366919e-14
    outer loop
      vertex -19.860718265584012 -5.665573443712534 77.69617541966527
      vertex -19.890611462542005 -5.7771363735604275 77.6548494156391
      vertex -19.946544458362293 -5.985881155781279 77.53933701537818
    endloop
  endfacet
  facet normal 0.9659258262890766 -0.2588190451024895 -6.799759066644288e-14
    outer loop
      vertex -19.946544458362293 -5.985881155781279 77.53933701537818
      vertex -19.890611462542005 -5.7771363735604275 77.6548494156391
      vertex -19.91931232847758 -5.884249463453221 77.60240158043544
    endloop
  endfacet
  facet normal 0.9659258262890617 -0.25881904510254555 2.7935465920200454e-14
    outer loop
      vertex -20.06570128485831 -6.430580486333098 76.97835429045637
      vertex -19.946544458362293 -5.985881155781279 77.53933701537818
      vertex -20.01689154610741 -6.248420061410558 77.29299160520456
    endloop
  endfacet
  facet normal 0.9659258262891359 -0.25881904510226833 -2.883531321278326e-13
    outer loop
      vertex -19.946544458362293 -5.985881155781279 77.53933701537818
      vertex -19.995570139230665 -6.168847487657718 77.38388347648319
      vertex -20.01689154610741 -6.248420061410558 77.29299160520456
    endloop
  endfacet
  facet normal 0.9659258262890552 -0.2588190451025695 5.444339489282433e-14
    outer loop
      vertex -20.052126786233202 -6.379919767776924 77.0892459210325
      vertex -20.01689154610741 -6.248420061410558 77.29299160520456
      vertex -20.03580447572528 -6.319004075664426 77.1944627912745
    endloop
  endfacet
  facet normal 0.9659258262891667 -0.25881904510215353 -4.335060551984636e-13
    outer loop
      vertex -19.946544458362293 -5.985881155781279 77.53933701537818
      vertex -19.97204559189875 -6.08105268178995 77.46626306670342
      vertex -19.995570139230665 -6.168847487657718 77.38388347648319
    endloop
  endfacet
  facet normal 0.0628878981413973 0.23470083104491954 -0.970031253194546
    outer loop
      vertex -19.025842645390476 -2.549775211149683 74.05382458033473
      vertex -19.056640285542894 -2.6647135689517363 74.02401839949596
      vertex -22.421981857478425 -1.7013777321918901 74.03892148991535
    endloop
  endfacet
  facet normal -0.06288789814139999 -0.23470083104491354 -0.9700312531945472
    outer loop
      vertex -19.182873012675287 -3.135820520187808 74.02401839949596
      vertex -19.21367065282771 -3.2507588779898633 74.05382458033473
      vertex -22.579012224763236 -2.2874230412300136 74.03892148991535
    endloop
  endfacet
  facet normal 0.17381224742353799 0.6486761383623764 -0.7409511253550088
    outer loop
      vertex -18.914515319075733 -2.1342959730722697 74.28373693329658
      vertex -25.675996103099212 -0.32256265735462364 74.28373693329658
      vertex -18.890990771743816 -2.0465011672044984 74.36611652351681
    endloop
  endfacet
  facet normal 0.15417832515697052 0.5754013429116887 -0.8032075314806361
    outer loop
      vertex -18.940016452612195 -2.229467499080936 74.21066298462182
      vertex -25.675996103099212 -0.32256265735462364 74.28373693329658
      vertex -18.914515319075733 -2.1342959730722697 74.28373693329658
    endloop
  endfacet
  facet normal 0.110659401010347 0.4129865069057535 -0.9039892931234391
    outer loop
      vertex -18.967248582496907 -2.331099191408997 74.14759841956456
      vertex -18.995949448432484 -2.438212281301791 74.0951505843609
      vertex -25.75743023245596 -0.6264789655841447 74.0951505843609
    endloop
  endfacet
  facet normal 0.08719351015971763 0.3254106100063391 -0.941544065183
    outer loop
      vertex -18.995949448432484 -2.438212281301791 74.0951505843609
      vertex -19.025842645390476 -2.549775211149683 74.05382458033473
      vertex -25.75743023245596 -0.6264789655841447 74.0951505843609
    endloop
  endfacet
  facet normal 0.13305958133667017 0.49658511798229726 -0.8577286100002831
    outer loop
      vertex -18.940016452612195 -2.229467499080936 74.21066298462182
      vertex -18.967248582496907 -2.331099191408997 74.14759841956456
      vertex -25.70149723663567 -0.4177341833632937 74.21066298462182
    endloop
  endfacet
  facet normal 0.03797664128597159 0.1417307547800639 -0.9891765099647838
    outer loop
      vertex -19.056640285542894 -2.6647135689517363 74.02401839949596
      vertex -19.088045770779374 -2.781920435490621 74.00601909165975
      vertex -25.84952655480285 -0.9701871197729766 74.00601909165975
    endloop
  endfacet
  facet normal 0.012699648614820135 0.047395733868780474 -0.998795456205173
    outer loop
      vertex -19.088045770779374 -2.781920435490621 74.00601909165975
      vertex -19.119756649109092 -2.9002670445697714 74
      vertex -25.84952655480285 -0.9701871197729766 74.00601909165975
    endloop
  endfacet
  facet normal -0.012699648614819776 -0.047395733868779155 -0.9987954562051732
    outer loop
      vertex -19.119756649109092 -2.9002670445697714 74
      vertex -19.15146752743881 -3.0186136536489254 74.00601909165975
      vertex -25.91294831146229 -1.2068803379312811 74.00601909165975
    endloop
  endfacet
  facet normal -0.03797664128597238 -0.14173075478006691 -0.9891765099647832
    outer loop
      vertex -19.15146752743881 -3.0186136536489254 74.00601909165975
      vertex -19.182873012675287 -3.135820520187808 74.02401839949596
      vertex -25.944353796698767 -1.324087204470164 74.02401839949596
    endloop
  endfacet
  facet normal -0.08719351015971649 -0.32541061000633487 -0.9415440651830017
    outer loop
      vertex -19.21367065282771 -3.2507588779898633 74.05382458033473
      vertex -19.2435638497857 -3.3623218078377572 74.0951505843609
      vertex -26.005044633809177 -1.5505884921201112 74.0951505843609
    endloop
  endfacet
  facet normal -0.110659401010347 -0.4129865069057535 -0.9039892931234391
    outer loop
      vertex -19.2435638497857 -3.3623218078377572 74.0951505843609
      vertex -19.272264715721278 -3.469434897730551 74.14759841956456
      vertex -26.005044633809177 -1.5505884921201112 74.0951505843609
    endloop
  endfacet
  facet normal -0.11574739574416408 -0.4319751617610021 -0.894427190999916
    outer loop
      vertex -19.272264715721278 -3.469434897730551 74.14759841956456
      vertex -19.91931232847758 -5.884249463453221 75.39759841956456
      vertex -26.033745499744754 -1.6577015820129066 74.14759841956456
    endloop
  endfacet
  facet normal -0.1330595813366727 -0.4965851179823062 -0.8577286100002777
    outer loop
      vertex -19.91931232847758 -5.884249463453221 75.39759841956456
      vertex -19.946544458362293 -5.985881155781279 75.46066298462182
      vertex -26.680793112501057 -4.072516147735577 75.39759841956456
    endloop
  endfacet
  facet normal -0.15417832515696797 -0.5754013429116795 -0.803207531480643
    outer loop
      vertex -19.946544458362293 -5.985881155781279 75.46066298462182
      vertex -19.97204559189875 -6.08105268178995 75.53373693329658
      vertex -26.73352637592223 -4.269319366072304 75.53373693329658
    endloop
  endfacet
  facet normal -0.1738122474235415 -0.6486761383623898 -0.7409511253549963
    outer loop
      vertex -19.97204559189875 -6.08105268178995 75.53373693329658
      vertex -19.995570139230665 -6.168847487657718 75.61611652351681
      vertex -26.73352637592223 -4.269319366072304 75.53373693329658
    endloop
  endfacet
  facet normal -0.19177226273200582 -0.7157038279982932 -0.6715589548470307
    outer loop
      vertex -19.995570139230665 -6.168847487657718 75.61611652351681
      vertex -20.01689154610741 -6.248420061410558 75.70700839479544
      vertex -26.757050923254145 -4.357114171940072 75.61611652351681
    endloop
  endfacet
  facet normal -0.20788540631698213 -0.7758388985270781 -0.595699304492387
    outer loop
      vertex -20.01689154610741 -6.248420061410558 75.70700839479544
      vertex -20.03580447572528 -6.319004075664426 75.8055372087255
      vertex -26.797285259748755 -4.507270759946783 75.8055372087255
    endloop
  endfacet
  facet normal -0.2219964997973812 -0.8285022163462812 -0.5141027441932315
    outer loop
      vertex -20.03580447572528 -6.319004075664426 75.8055372087255
      vertex -20.052126786233202 -6.379919767776924 75.9107540789675
      vertex -26.797285259748755 -4.507270759946783 75.8055372087255
    endloop
  endfacet
  facet normal -0.23396964562911055 -0.8731866049167263 -0.42755509343029624
    outer loop
      vertex -20.052126786233202 -6.379919767776924 75.9107540789675
      vertex -20.06570128485831 -6.430580486333098 76.02164570954363
      vertex -26.82718206888179 -4.618847170615453 76.02164570954363
    endloop
  endfacet
  facet normal -0.2436895358726158 -0.909461729149481 -0.3368898533922104
    outer loop
      vertex -20.06570128485831 -6.430580486333098 76.02164570954363
      vertex -20.07639724175826 -6.470498340919284 76.13714415343192
      vertex -26.82718206888179 -4.618847170615453 76.02164570954363
    endloop
  endfacet
  facet normal -0.251062562671412 -0.9369782397681551 -0.24298017990328577
    outer loop
      vertex -20.07639724175826 -6.470498340919284 76.13714415343192
      vertex -20.08411164902111 -6.499288900774503 76.25613709747984
      vertex -26.845592433044587 -4.687555585056858 76.25613709747984
    endloop
  endfacet
  facet normal -0.25601771974692933 -0.955471137733471 -0.1467304744553405
    outer loop
      vertex -20.08411164902111 -6.499288900774503 76.25613709747984
      vertex -20.088770212687784 -6.516674897068822 76.37747857458805
      vertex -26.85025099671126 -4.704941581351179 76.37747857458805
    endloop
  endfacet
  facet normal -0.2585072862277594 -0.9647623263287493 -0.0490676743273941
    outer loop
      vertex -20.088770212687784 -6.516674897068822 76.37747857458805
      vertex -20.090328068243544 -6.522488893153777 76.5
      vertex -26.85180885226702 -4.710755577436133 76.5
    endloop
  endfacet
  facet normal 0.11574739574416294 0.4319751617609983 0.8944271909999179
    outer loop
      vertex -19.19059532198402 -3.1646405708797545 76.78387434821157
      vertex -26.375776979276687 -2.934180441414023 77.60240158043544
      vertex -19.614296195253207 -4.7459137571316665 77.60240158043544
    endloop
  endfacet
  facet normal 0.11065940101034692 0.41298650690575356 0.9039892931234391
    outer loop
      vertex -19.614296195253207 -4.7459137571316665 77.60240158043544
      vertex -26.404477845212263 -3.041293531306815 77.6548494156391
      vertex -19.642997061188783 -4.85302684702446 77.6548494156391
    endloop
  endfacet
  facet normal 0.08719351015971641 0.32541061000633487 0.9415440651830017
    outer loop
      vertex -19.642997061188783 -4.85302684702446 77.6548494156391
      vertex -26.404477845212263 -3.041293531306815 77.6548494156391
      vertex -19.672890258146776 -4.964589776872354 77.69617541966527
    endloop
  endfacet
  facet normal 0.0628878981413985 0.23470083104491565 0.970031253194547
    outer loop
      vertex -19.672890258146776 -4.964589776872354 77.69617541966527
      vertex -26.434371042170255 -3.152856461154709 77.69617541966527
      vertex -19.703687898299197 -5.079528134674408 77.72598160050404
    endloop
  endfacet
  facet normal 0.03797664128597213 0.1417307547800659 0.9891765099647835
    outer loop
      vertex -19.703687898299197 -5.079528134674408 77.72598160050404
      vertex -26.496574167559153 -3.385001685495647 77.74398090834025
      vertex -19.735093383535673 -5.196735001213292 77.74398090834025
    endloop
  endfacet
  facet normal 0.012699648614819864 0.04739573386877946 0.9987954562051732
    outer loop
      vertex -19.735093383535673 -5.196735001213292 77.74398090834025
      vertex -26.496574167559153 -3.385001685495647 77.74398090834025
      vertex -19.766804261865396 -5.315081610292444 77.75
    endloop
  endfacet
  facet normal -0.012699648614820048 -0.04739573386878015 0.9987954562051731
    outer loop
      vertex -19.798515140195114 -5.433428219371596 77.74398090834025
      vertex -19.766804261865396 -5.315081610292444 77.75
      vertex -26.55999592421859 -3.6216949036539514 77.74398090834025
    endloop
  endfacet
  facet normal -0.03797664128597213 -0.14173075478006592 0.9891765099647835
    outer loop
      vertex -19.798515140195114 -5.433428219371596 77.74398090834025
      vertex -26.55999592421859 -3.6216949036539514 77.74398090834025
      vertex -19.82992062543159 -5.550635085910479 77.72598160050404
    endloop
  endfacet
  facet normal -0.2585072862277594 -0.9647623263287493 0.04906767432739409
    outer loop
      vertex -20.090328068243544 -6.522488893153777 76.5
      vertex -20.088770212687784 -6.516674897068822 76.62252142541195
      vertex -26.85025099671126 -4.704941581351179 76.62252142541195
    endloop
  endfacet
  facet normal -0.2560177197469294 -0.955471137733471 0.1467304744553405
    outer loop
      vertex -20.088770212687784 -6.516674897068822 76.62252142541195
      vertex -20.08411164902111 -6.499288900774503 76.74386290252016
      vertex -26.85025099671126 -4.704941581351179 76.62252142541195
    endloop
  endfacet
  facet normal -0.2510625626714119 -0.9369782397681551 0.24298017990328574
    outer loop
      vertex -20.08411164902111 -6.499288900774503 76.74386290252016
      vertex -20.07639724175826 -6.470498340919284 76.86285584656808
      vertex -26.83787802578174 -4.658765025201639 76.86285584656808
    endloop
  endfacet
  facet normal -0.2436895358726158 -0.909461729149481 0.33688985339221034
    outer loop
      vertex -20.07639724175826 -6.470498340919284 76.86285584656808
      vertex -20.06570128485831 -6.430580486333098 76.97835429045637
      vertex -26.82718206888179 -4.618847170615453 76.97835429045637
    endloop
  endfacet
  facet normal -0.22199649979738112 -0.8285022163462811 0.5141027441932314
    outer loop
      vertex -20.052126786233202 -6.379919767776924 77.0892459210325
      vertex -20.03580447572528 -6.319004075664426 77.1944627912745
      vertex -26.813607570256682 -4.56818645205928 77.0892459210325
    endloop
  endfacet
  facet normal -0.23396964562911055 -0.8731866049167263 0.4275550934302962
    outer loop
      vertex -20.052126786233202 -6.379919767776924 77.0892459210325
      vertex -26.82718206888179 -4.618847170615453 76.97835429045637
      vertex -20.06570128485831 -6.430580486333098 76.97835429045637
    endloop
  endfacet
  facet normal -0.06288789814139854 -0.23470083104491568 0.9700312531945469
    outer loop
      vertex -19.82992062543159 -5.550635085910479 77.72598160050404
      vertex -26.591401409455067 -3.738901770192834 77.72598160050404
      vertex -19.860718265584012 -5.665573443712534 77.69617541966527
    endloop
  endfacet
  facet normal -0.08719351015971642 -0.32541061000633487 0.9415440651830017
    outer loop
      vertex -19.860718265584012 -5.665573443712534 77.69617541966527
      vertex -26.622199049607488 -3.8538401279948893 77.69617541966527
      vertex -19.890611462542005 -5.7771363735604275 77.6548494156391
    endloop
  endfacet
  facet normal -0.15417832515696794 -0.5754013429116795 0.803207531480643
    outer loop
      vertex -19.946544458362293 -5.985881155781279 77.53933701537818
      vertex -26.70802524238577 -4.174147840063636 77.53933701537818
      vertex -19.97204559189875 -6.08105268178995 77.46626306670342
    endloop
  endfacet
  facet normal -0.13305958133667267 -0.4965851179823062 0.8577286100002777
    outer loop
      vertex -19.946544458362293 -5.985881155781279 77.53933701537818
      vertex -19.91931232847758 -5.884249463453221 77.60240158043544
      vertex -26.680793112501057 -4.072516147735577 77.60240158043544
    endloop
  endfacet
  facet normal -0.11065940101034691 -0.41298650690575356 0.9039892931234391
    outer loop
      vertex -19.890611462542005 -5.7771363735604275 77.6548494156391
      vertex -26.680793112501057 -4.072516147735577 77.60240158043544
      vertex -19.91931232847758 -5.884249463453221 77.60240158043544
    endloop
  endfacet
  facet normal -0.1738122474235416 -0.6486761383623898 0.7409511253549963
    outer loop
      vertex -19.995570139230665 -6.168847487657718 77.38388347648319
      vertex -19.97204559189875 -6.08105268178995 77.46626306670342
      vertex -26.757050923254145 -4.357114171940072 77.38388347648319
    endloop
  endfacet
  facet normal -0.1917722627320059 -0.7157038279982931 0.6715589548470307
    outer loop
      vertex -20.01689154610741 -6.248420061410558 77.29299160520456
      vertex -19.995570139230665 -6.168847487657718 77.38388347648319
      vertex -26.778372330130885 -4.436686745692912 77.29299160520456
    endloop
  endfacet
  facet normal -0.2078854063169824 -0.775838898527078 0.595699304492387
    outer loop
      vertex -20.01689154610741 -6.248420061410558 77.29299160520456
      vertex -26.778372330130885 -4.436686745692912 77.29299160520456
      vertex -20.03580447572528 -6.319004075664426 77.1944627912745
    endloop
  endfacet
  facet normal 0.06288789814143016 0.2347008310450339 -0.9700312531945162
    outer loop
      vertex -19.056640285542894 -2.6647135689517363 74.02401839949596
      vertex -25.818121069566374 -0.852980253234092 74.02401839949596
      vertex -22.421981857478425 -1.7013777321918901 74.03892148991535
    endloop
  endfacet
  facet normal -0.06288789814142674 -0.23470083104502115 -0.9700312531945195
    outer loop
      vertex -19.182873012675287 -3.135820520187808 74.02401839949596
      vertex -22.579012224763236 -2.2874230412300136 74.03892148991535
      vertex -25.944353796698767 -1.324087204470164 74.02401839949596
    endloop
  endfacet
  facet normal -0.06288789814136991 -0.23470083104480896 -0.9700312531945745
    outer loop
      vertex -19.21367065282771 -3.2507588779898633 74.05382458033473
      vertex -25.975151436851185 -1.439025562272219 74.05382458033473
      vertex -22.579012224763236 -2.2874230412300136 74.03892148991535
    endloop
  endfacet
  facet normal 0.15417832515696775 0.5754013429116792 -0.8032075314806432
    outer loop
      vertex -18.940016452612195 -2.229467499080936 74.21066298462182
      vertex -25.70149723663567 -0.4177341833632937 74.21066298462182
      vertex -25.675996103099212 -0.32256265735462364 74.28373693329658
    endloop
  endfacet
  facet normal 0.11065940101034831 0.41298650690575883 -0.9039892931234366
    outer loop
      vertex -18.967248582496907 -2.331099191408997 74.14759841956456
      vertex -25.75743023245596 -0.6264789655841447 74.0951505843609
      vertex -25.728729366520383 -0.5193658756913528 74.14759841956456
    endloop
  endfacet
  facet normal 0.13305958133667195 0.4965851179823034 -0.8577286100002794
    outer loop
      vertex -18.967248582496907 -2.331099191408997 74.14759841956456
      vertex -25.728729366520383 -0.5193658756913528 74.14759841956456
      vertex -25.70149723663567 -0.4177341833632937 74.21066298462182
    endloop
  endfacet
  facet normal 0.08719351015971638 0.3254106100063347 -0.9415440651830017
    outer loop
      vertex -19.025842645390476 -2.549775211149683 74.05382458033473
      vertex -25.787323429413952 -0.7380418954320387 74.05382458033473
      vertex -25.75743023245596 -0.6264789655841447 74.0951505843609
    endloop
  endfacet
  facet normal 0.03797664128597189 0.14173075478006508 -0.9891765099647837
    outer loop
      vertex -19.056640285542894 -2.6647135689517363 74.02401839949596
      vertex -25.84952655480285 -0.9701871197729766 74.00601909165975
      vertex -25.818121069566374 -0.852980253234092 74.02401839949596
    endloop
  endfacet
  facet normal -0.012699648614819864 -0.0473957338687795 -0.9987954562051732
    outer loop
      vertex -19.119756649109092 -2.9002670445697714 74
      vertex -25.91294831146229 -1.2068803379312811 74.00601909165975
      vertex -25.88123743313257 -1.0885337288521288 74
    endloop
  endfacet
  facet normal -0.037976641285972355 -0.1417307547800668 -0.9891765099647832
    outer loop
      vertex -19.15146752743881 -3.0186136536489254 74.00601909165975
      vertex -25.944353796698767 -1.324087204470164 74.02401839949596
      vertex -25.91294831146229 -1.2068803379312811 74.00601909165975
    endloop
  endfacet
  facet normal -0.08719351015971755 -0.32541061000633903 -0.9415440651830002
    outer loop
      vertex -19.21367065282771 -3.2507588779898633 74.05382458033473
      vertex -26.005044633809177 -1.5505884921201112 74.0951505843609
      vertex -25.975151436851185 -1.439025562272219 74.05382458033473
    endloop
  endfacet
  facet normal -0.1106594010103455 -0.41298650690574834 -0.9039892931234416
    outer loop
      vertex -19.272264715721278 -3.469434897730551 74.14759841956456
      vertex -26.033745499744754 -1.6577015820129066 74.14759841956456
      vertex -26.005044633809177 -1.5505884921201112 74.0951505843609
    endloop
  endfacet
  facet normal -0.11574739574416408 -0.4319751617610021 -0.894427190999916
    outer loop
      vertex -19.91931232847758 -5.884249463453221 75.39759841956456
      vertex -26.680793112501057 -4.072516147735577 75.39759841956456
      vertex -26.033745499744754 -1.6577015820129066 74.14759841956456
    endloop
  endfacet
  facet normal -0.13305958133667173 -0.49658511798230287 -0.8577286100002798
    outer loop
      vertex -19.946544458362293 -5.985881155781279 75.46066298462182
      vertex -26.70802524238577 -4.174147840063636 75.46066298462182
      vertex -26.680793112501057 -4.072516147735577 75.39759841956456
    endloop
  endfacet
  facet normal -0.15417832515696872 -0.5754013429116824 -0.8032075314806406
    outer loop
      vertex -19.946544458362293 -5.985881155781279 75.46066298462182
      vertex -26.73352637592223 -4.269319366072304 75.53373693329658
      vertex -26.70802524238577 -4.174147840063636 75.46066298462182
    endloop
  endfacet
  facet normal -0.17381224742354248 -0.6486761383623931 -0.7409511253549931
    outer loop
      vertex -19.995570139230665 -6.168847487657718 75.61611652351681
      vertex -26.757050923254145 -4.357114171940072 75.61611652351681
      vertex -26.73352637592223 -4.269319366072304 75.53373693329658
    endloop
  endfacet
  facet normal -0.1917722627320068 -0.7157038279982965 -0.6715589548470269
    outer loop
      vertex -20.01689154610741 -6.248420061410558 75.70700839479544
      vertex -26.778372330130885 -4.436686745692912 75.70700839479544
      vertex -26.757050923254145 -4.357114171940072 75.61611652351681
    endloop
  endfacet
  facet normal -0.2078854063169799 -0.7758388985270687 -0.5956993044923999
    outer loop
      vertex -20.01689154610741 -6.248420061410558 75.70700839479544
      vertex -26.797285259748755 -4.507270759946783 75.8055372087255
      vertex -26.778372330130885 -4.436686745692912 75.70700839479544
    endloop
  endfacet
  facet normal -0.22199649979738112 -0.8285022163462811 -0.5141027441932318
    outer loop
      vertex -20.052126786233202 -6.379919767776924 75.9107540789675
      vertex -26.813607570256682 -4.56818645205928 75.9107540789675
      vertex -26.797285259748755 -4.507270759946783 75.8055372087255
    endloop
  endfacet
  facet normal -0.23396964562911118 -0.8731866049167291 -0.4275550934302902
    outer loop
      vertex -20.052126786233202 -6.379919767776924 75.9107540789675
      vertex -26.82718206888179 -4.618847170615453 76.02164570954363
      vertex -26.813607570256682 -4.56818645205928 75.9107540789675
    endloop
  endfacet
  facet normal -0.24368953587261574 -0.9094617291494808 -0.3368898533922112
    outer loop
      vertex -20.07639724175826 -6.470498340919284 76.13714415343192
      vertex -26.83787802578174 -4.658765025201639 76.13714415343192
      vertex -26.82718206888179 -4.618847170615453 76.02164570954363
    endloop
  endfacet
  facet normal -0.25106256267141236 -0.9369782397681566 -0.24298017990327922
    outer loop
      vertex -20.07639724175826 -6.470498340919284 76.13714415343192
      vertex -26.845592433044587 -4.687555585056858 76.25613709747984
      vertex -26.83787802578174 -4.658765025201639 76.13714415343192
    endloop
  endfacet
  facet normal -0.25601771974692905 -0.9554711377334689 -0.14673047445535448
    outer loop
      vertex -20.08411164902111 -6.499288900774503 76.25613709747984
      vertex -26.85025099671126 -4.704941581351179 76.37747857458805
      vertex -26.845592433044587 -4.687555585056858 76.25613709747984
    endloop
  endfacet
  facet normal -0.2585072862277594 -0.9647623263287493 -0.0490676743273948
    outer loop
      vertex -20.088770212687784 -6.516674897068822 76.37747857458805
      vertex -26.85180885226702 -4.710755577436133 76.5
      vertex -26.85025099671126 -4.704941581351179 76.37747857458805
    endloop
  endfacet
  facet normal 0.11574739574416293 0.43197516176099826 0.8944271909999177
    outer loop
      vertex -19.19059532198402 -3.1646405708797545 76.78387434821157
      vertex -25.952076106007496 -1.352907255162112 76.78387434821157
      vertex -26.375776979276687 -2.934180441414023 77.60240158043544
    endloop
  endfacet
  facet normal 0.11065940101034828 0.41298650690575905 0.9039892931234365
    outer loop
      vertex -19.614296195253207 -4.7459137571316665 77.60240158043544
      vertex -26.375776979276687 -2.934180441414023 77.60240158043544
      vertex -26.404477845212263 -3.041293531306815 77.6548494156391
    endloop
  endfacet
  facet normal 0.0871935101597164 0.32541061000633476 0.9415440651830017
    outer loop
      vertex -19.672890258146776 -4.964589776872354 77.69617541966527
      vertex -26.404477845212263 -3.041293531306815 77.6548494156391
      vertex -26.434371042170255 -3.152856461154709 77.69617541966527
    endloop
  endfacet
  facet normal 0.06288789814139811 0.2347008310449143 0.9700312531945472
    outer loop
      vertex -19.703687898299197 -5.079528134674408 77.72598160050404
      vertex -26.434371042170255 -3.152856461154709 77.69617541966527
      vertex -26.465168682322677 -3.267794818956764 77.72598160050404
    endloop
  endfacet
  facet normal 0.037976641285972355 0.1417307547800668 0.9891765099647832
    outer loop
      vertex -19.703687898299197 -5.079528134674408 77.72598160050404
      vertex -26.465168682322677 -3.267794818956764 77.72598160050404
      vertex -26.496574167559153 -3.385001685495647 77.74398090834025
    endloop
  endfacet
  facet normal 0.01269964861481959 0.0473957338687785 0.9987954562051732
    outer loop
      vertex -19.766804261865396 -5.315081610292444 77.75
      vertex -26.496574167559153 -3.385001685495647 77.74398090834025
      vertex -26.52828504588887 -3.5033482945748027 77.75
    endloop
  endfacet
  facet normal -0.012699648614820301 -0.047395733868781154 0.9987954562051731
    outer loop
      vertex -19.766804261865396 -5.315081610292444 77.75
      vertex -26.52828504588887 -3.5033482945748027 77.75
      vertex -26.55999592421859 -3.6216949036539514 77.74398090834025
    endloop
  endfacet
  facet normal -0.03797664128597245 -0.14173075478006703 0.9891765099647832
    outer loop
      vertex -19.82992062543159 -5.550635085910479 77.72598160050404
      vertex -26.55999592421859 -3.6216949036539514 77.74398090834025
      vertex -26.591401409455067 -3.738901770192834 77.72598160050404
    endloop
  endfacet
  facet normal -0.2585072862277594 -0.9647623263287493 0.04906767432739414
    outer loop
      vertex -20.090328068243544 -6.522488893153777 76.5
      vertex -26.85025099671126 -4.704941581351179 76.62252142541195
      vertex -26.85180885226702 -4.710755577436133 76.5
    endloop
  endfacet
  facet normal -0.25601771974692905 -0.955471137733469 0.14673047445535417
    outer loop
      vertex -20.08411164902111 -6.499288900774503 76.74386290252016
      vertex -26.845592433044587 -4.687555585056858 76.74386290252016
      vertex -26.85025099671126 -4.704941581351179 76.62252142541195
    endloop
  endfacet
  facet normal -0.2510625626714125 -0.9369782397681569 0.24298017990327844
    outer loop
      vertex -20.08411164902111 -6.499288900774503 76.74386290252016
      vertex -26.83787802578174 -4.658765025201639 76.86285584656808
      vertex -26.845592433044587 -4.687555585056858 76.74386290252016
    endloop
  endfacet
  facet normal -0.24368953587261583 -0.9094617291494811 0.33688985339221
    outer loop
      vertex -20.07639724175826 -6.470498340919284 76.86285584656808
      vertex -26.82718206888179 -4.618847170615453 76.97835429045637
      vertex -26.83787802578174 -4.658765025201639 76.86285584656808
    endloop
  endfacet
  facet normal -0.23396964562911116 -0.873186604916729 0.4275550934302905
    outer loop
      vertex -20.052126786233202 -6.379919767776924 77.0892459210325
      vertex -26.813607570256682 -4.56818645205928 77.0892459210325
      vertex -26.82718206888179 -4.618847170615453 76.97835429045637
    endloop
  endfacet
  facet normal -0.06288789814139803 -0.23470083104491388 0.9700312531945473
    outer loop
      vertex -19.860718265584012 -5.665573443712534 77.69617541966527
      vertex -26.591401409455067 -3.738901770192834 77.72598160050404
      vertex -26.622199049607488 -3.8538401279948893 77.69617541966527
    endloop
  endfacet
  facet normal -0.08719351015971759 -0.3254106100063389 0.9415440651830002
    outer loop
      vertex -19.890611462542005 -5.7771363735604275 77.6548494156391
      vertex -26.622199049607488 -3.8538401279948893 77.69617541966527
      vertex -26.65209224656548 -3.9654030578427815 77.6548494156391
    endloop
  endfacet
  facet normal -0.13305958133667178 -0.49658511798230304 0.8577286100002797
    outer loop
      vertex -19.946544458362293 -5.985881155781279 77.53933701537818
      vertex -26.680793112501057 -4.072516147735577 77.60240158043544
      vertex -26.70802524238577 -4.174147840063636 77.53933701537818
    endloop
  endfacet
  facet normal -0.1106594010103456 -0.4129865069057483 0.9039892931234418
    outer loop
      vertex -19.890611462542005 -5.7771363735604275 77.6548494156391
      vertex -26.65209224656548 -3.9654030578427815 77.6548494156391
      vertex -26.680793112501057 -4.072516147735577 77.60240158043544
    endloop
  endfacet
  facet normal -0.19177226273200676 -0.7157038279982967 0.6715589548470267
    outer loop
      vertex -19.995570139230665 -6.168847487657718 77.38388347648319
      vertex -26.757050923254145 -4.357114171940072 77.38388347648319
      vertex -26.778372330130885 -4.436686745692912 77.29299160520456
    endloop
  endfacet
  facet normal -0.22199649979738123 -0.8285022163462813 0.5141027441932313
    outer loop
      vertex -20.03580447572528 -6.319004075664426 77.1944627912745
      vertex -26.797285259748755 -4.507270759946783 77.1944627912745
      vertex -26.813607570256682 -4.56818645205928 77.0892459210325
    endloop
  endfacet
  facet normal -0.20788540631697952 -0.7758388985270682 0.5956993044924008
    outer loop
      vertex -20.03580447572528 -6.319004075664426 77.1944627912745
      vertex -26.778372330130885 -4.436686745692912 77.29299160520456
      vertex -26.797285259748755 -4.507270759946783 77.1944627912745
    endloop
  endfacet
  facet normal -0.1541783251569688 -0.5754013429116825 0.8032075314806406
    outer loop
      vertex -19.97204559189875 -6.08105268178995 77.46626306670342
      vertex -26.70802524238577 -4.174147840063636 77.53933701537818
      vertex -26.73352637592223 -4.269319366072304 77.46626306670342
    endloop
  endfacet
  facet normal -0.17381224742354254 -0.6486761383623937 0.7409511253549926
    outer loop
      vertex -19.97204559189875 -6.08105268178995 77.46626306670342
      vertex -26.73352637592223 -4.269319366072304 77.46626306670342
      vertex -26.757050923254145 -4.357114171940072 77.38388347648319
    endloop
  endfacet
  facet normal -0.9659258262891012 0.25881904510239784 8.487782625282775e-14
    outer loop
      vertex -25.624339523596888 -0.12977767810673235 74.49623797288405
      vertex -25.612237219272686 -0.0846112634801468 74.5555372087255
      vertex -25.625019839236458 -0.13231665063879205 74.4889448610884
    endloop
  endfacet
  facet normal -0.9659258262891304 0.25881904510228876 1.7394789817446036e-13
    outer loop
      vertex -25.624339523596888 -0.12977767810673235 74.49623797288405
      vertex -25.595914908764755 -0.023695571367644774 74.6607540789675
      vertex -25.612237219272686 -0.0846112634801468 74.5555372087255
    endloop
  endfacet
  facet normal -0.9659258262890694 0.2588190451025166 1.7956831558703633e-14
    outer loop
      vertex -25.70149723663567 -0.4177341833632937 74.21066298462182
      vertex -25.728729366520383 -0.5193658756913528 74.14759841956456
      vertex -25.75743023245596 -0.6264789655841447 74.0951505843609
    endloop
  endfacet
  facet normal -0.9659258262890675 0.25881904510252357 4.115921552717342e-15
    outer loop
      vertex -25.624339523596888 -0.12977767810673235 74.49623797288405
      vertex -25.675996103099212 -0.32256265735462364 74.28373693329658
      vertex -25.80534612245475 -0.8053035015495045 74.3082890637862
    endloop
  endfacet
  facet normal -0.9659258262890671 0.25881904510252557 -3.584842966525403e-15
    outer loop
      vertex -25.624339523596888 -0.12977767810673235 74.49623797288405
      vertex -25.80534612245475 -0.8053035015495045 74.3082890637862
      vertex -25.58234041013965 0.026965147188526828 74.77164570954363
    endloop
  endfacet
  facet normal -0.9659258262890572 0.2588190451025619 -1.1869515028020368e-14
    outer loop
      vertex -25.5716444532397 0.06688300177471085 74.88714415343192
      vertex -25.58234041013965 0.026965147188526828 74.77164570954363
      vertex -25.563930045976853 0.0956735616299298 75.00613709747984
    endloop
  endfacet
  facet normal -0.9659258262890213 0.25881904510269643 -1.0784172256369845e-13
    outer loop
      vertex -25.624339523596888 -0.12977767810673235 74.49623797288405
      vertex -25.58234041013965 0.026965147188526828 74.77164570954363
      vertex -25.595914908764755 -0.023695571367644774 74.6607540789675
    endloop
  endfacet
  facet normal -0.965925826289068 0.25881904510252157 7.587494368323933e-16
    outer loop
      vertex -25.58234041013965 0.026965147188526828 74.77164570954363
      vertex -25.55927148231018 0.11305955792424882 75.12747857458805
      vertex -25.563930045976853 0.0956735616299298 75.00613709747984
    endloop
  endfacet
  facet normal -0.9659258262890672 0.25881904510252496 -8.223771987116643e-17
    outer loop
      vertex -25.58234041013965 0.026965147188526828 74.77164570954363
      vertex -25.563930045976853 0.0956735616299298 75.49386290252016
      vertex -25.55927148231018 0.11305955792424882 75.12747857458805
    endloop
  endfacet
  facet normal -0.9659258262890674 0.2588190451025239 -4.3364908738453036e-16
    outer loop
      vertex -25.58234041013965 0.026965147188526828 74.77164570954363
      vertex -25.80534612245475 -0.8053035015495045 74.3082890637862
      vertex -25.652471555767296 -0.23476785148685053 76.13388347648319
    endloop
  endfacet
  facet normal -0.9659258262891407 0.25881904510224973 0
    outer loop
      vertex -25.55927148231018 0.11305955792424882 75.12747857458805
      vertex -25.55927148231018 0.11305955792424882 75.37252142541195
      vertex -25.55771362675442 0.11887355400920363 75.25
    endloop
  endfacet
  facet normal -0.9659258262890668 0.25881904510252657 0
    outer loop
      vertex -25.55927148231018 0.11305955792424882 75.12747857458805
      vertex -25.563930045976853 0.0956735616299298 75.49386290252016
      vertex -25.55927148231018 0.11305955792424882 75.37252142541195
    endloop
  endfacet
  facet normal -0.9659258262890671 0.2588190451025254 -1.3129170315173836e-16
    outer loop
      vertex -25.58234041013965 0.026965147188526828 74.77164570954363
      vertex -25.652471555767296 -0.23476785148685053 76.13388347648319
      vertex -25.563930045976853 0.0956735616299298 75.49386290252016
    endloop
  endfacet
  facet normal -0.9659258262890806 0.25881904510247505 -1.0661713532845743e-14
    outer loop
      vertex -25.563930045976853 0.0956735616299298 75.49386290252016
      vertex -25.595914908764755 -0.023695571367644774 75.8392459210325
      vertex -25.5716444532397 0.06688300177471085 75.61285584656808
    endloop
  endfacet
  facet normal -0.9659258262891249 0.2588190451023098 -8.154214165183583e-14
    outer loop
      vertex -25.5716444532397 0.06688300177471085 75.61285584656808
      vertex -25.595914908764755 -0.023695571367644774 75.8392459210325
      vertex -25.58234041013965 0.026965147188526828 75.72835429045637
    endloop
  endfacet
  facet normal -0.965925826289055 0.2588190451025698 2.4485757253095913e-14
    outer loop
      vertex -25.563930045976853 0.0956735616299298 75.49386290252016
      vertex -25.652471555767296 -0.23476785148685053 76.13388347648319
      vertex -25.595914908764755 -0.023695571367644774 75.8392459210325
    endloop
  endfacet
  facet normal -0.9659258262891498 0.25881904510221676 -2.1875766130584325e-13
    outer loop
      vertex -25.595914908764755 -0.023695571367644774 75.8392459210325
      vertex -25.631150148890555 -0.15519527773401443 76.04299160520456
      vertex -25.612237219272686 -0.0846112634801468 75.9444627912745
    endloop
  endfacet
  facet normal -0.965925826289051 0.25881904510258574 3.6597329790662605e-14
    outer loop
      vertex -25.595914908764755 -0.023695571367644774 75.8392459210325
      vertex -25.652471555767296 -0.23476785148685053 76.13388347648319
      vertex -25.631150148890555 -0.15519527773401443 76.04299160520456
    endloop
  endfacet
  facet normal -0.9659258262890961 0.2588190451024169 -1.1578391995847539e-13
    outer loop
      vertex -25.652471555767296 -0.23476785148685053 76.13388347648319
      vertex -25.70149723663567 -0.4177341833632937 76.28933701537818
      vertex -25.675996103099212 -0.32256265735462364 76.21626306670342
    endloop
  endfacet
  facet normal -0.9659258262890537 0.2588190451025753 8.399094520046857e-14
    outer loop
      vertex -25.652471555767296 -0.23476785148685053 76.13388347648319
      vertex -25.728729366520383 -0.5193658756913528 76.35240158043544
      vertex -25.70149723663567 -0.4177341833632937 76.28933701537818
    endloop
  endfacet
  facet normal -0.9659258262890741 0.2588190451024992 2.4602179076277097e-14
    outer loop
      vertex -25.80534612245475 -0.8053035015495045 74.3082890637862
      vertex -25.91294831146229 -1.2068803379312811 74.00601909165975
      vertex -25.87434357702218 -1.062805507588104 74.32138557908965
    endloop
  endfacet
  facet normal -0.9659258262890714 0.25881904510250875 -2.316796635140521e-14
    outer loop
      vertex -25.91294831146229 -1.2068803379312811 74.00601909165975
      vertex -25.975151436851185 -1.439025562272219 74.05382458033473
      vertex -26.033745499744754 -1.6577015820129066 74.14759841956456
    endloop
  endfacet
  facet normal -0.9659258262890664 0.2588190451025277 2.4009661233425606e-14
    outer loop
      vertex -25.975151436851185 -1.439025562272219 74.05382458033473
      vertex -26.005044633809177 -1.5505884921201112 74.0951505843609
      vertex -26.033745499744754 -1.6577015820129066 74.14759841956456
    endloop
  endfacet
  facet normal -0.965925826289063 0.25881904510254 2.7013086407616794e-13
    outer loop
      vertex -25.87434357702218 -1.062805507588104 74.32138557908965
      vertex -26.110003310497845 -1.9422996062174 74.36611652351681
      vertex -26.112523153939357 -1.9517037899682617 74.38670141256085
    endloop
  endfacet
  facet normal -0.9659258262890743 0.2588190451024985 8.097242353304033e-15
    outer loop
      vertex -25.652471555767296 -0.23476785148685053 76.13388347648319
      vertex -25.80534612245475 -0.8053035015495045 74.3082890637862
      vertex -25.87434357702218 -1.062805507588104 74.32138557908965
    endloop
  endfacet
  facet normal -0.965925826289068 0.2588190451025213 -1.0669232289713064e-15
    outer loop
      vertex -25.87434357702218 -1.062805507588104 74.32138557908965
      vertex -26.112523153939357 -1.9517037899682617 74.38670141256085
      vertex -26.203203383954957 -2.29012701562851 75.12747857458805
    endloop
  endfacet
  facet normal -0.9659258262889657 0.25881904510290366 4.488971031359067e-13
    outer loop
      vertex -26.110003310497845 -1.9422996062174 74.36611652351681
      vertex -26.114781544946396 -1.9601322199498838 74.39100921768996
      vertex -26.112523153939357 -1.9517037899682617 74.38670141256085
    endloop
  endfacet
  facet normal -0.9659258262891032 0.25881904510239045 -9.438156775600371e-14
    outer loop
      vertex -26.11497028120334 -1.9608365932500202 74.39136922577234
      vertex -26.131324717374582 -2.0218721799702433 74.45700839479544
      vertex -26.15646654444542 -2.1157027559937127 74.6023895172057
    endloop
  endfacet
  facet normal -0.9659258262890695 0.2588190451025162 -9.507272828251047e-15
    outer loop
      vertex -25.87434357702218 -1.062805507588104 74.32138557908965
      vertex -26.203203383954957 -2.29012701562851 75.12747857458805
      vertex -26.19083041302544 -2.2439504594789668 75.61285584656808
    endloop
  endfacet
  facet normal -0.9659258262890708 0.2588190451025115 -1.949448521680927e-14
    outer loop
      vertex -26.033745499744754 -1.6577015820129066 74.14759841956456
      vertex -26.757050923254145 -4.357114171940072 75.61611652351681
      vertex -26.060977629629466 -1.7593332743409675 74.21066298462182
    endloop
  endfacet
  facet normal -0.9659258262890849 0.2588190451024591 -1.2301476282255565e-13
    outer loop
      vertex -26.060977629629466 -1.7593332743409675 74.21066298462182
      vertex -26.757050923254145 -4.357114171940072 75.61611652351681
      vertex -26.08647876316593 -1.8545048003496323 74.28373693329658
    endloop
  endfacet
  facet normal -0.9659258262890691 0.2588190451025177 -1.3368459490260127e-15
    outer loop
      vertex -25.652471555767296 -0.23476785148685053 76.13388347648319
      vertex -25.87434357702218 -1.062805507588104 74.32138557908965
      vertex -26.01845759164629 -1.6006463322479956 76.51066391650521
    endloop
  endfacet
  facet normal -0.9659258262890674 0.25881904510252424 3.9254138272483385e-16
    outer loop
      vertex -25.87434357702218 -1.062805507588104 74.32138557908965
      vertex -26.131324717374582 -2.0218721799702433 76.04299160520456
      vertex -26.01845759164629 -1.6006463322479956 76.51066391650521
    endloop
  endfacet
  facet normal -0.9659258262890685 0.2588190451025195 5.925388189208471e-15
    outer loop
      vertex -25.652471555767296 -0.23476785148685053 76.13388347648319
      vertex -26.01845759164629 -1.6006463322479956 76.51066391650521
      vertex -25.728729366520383 -0.5193658756913528 76.35240158043544
    endloop
  endfacet
  facet normal -0.965925826289064 0.2588190451025368 1.0578792627262912e-14
    outer loop
      vertex -25.87434357702218 -1.062805507588104 74.32138557908965
      vertex -26.19083041302544 -2.2439504594789668 75.61285584656808
      vertex -26.153381490215814 -2.1041891768647343 75.91544962572263
    endloop
  endfacet
  facet normal -0.9659258262890712 0.2588190451025096 -8.467752990627728e-15
    outer loop
      vertex -25.87434357702218 -1.062805507588104 74.32138557908965
      vertex -26.153381490215814 -2.1041891768647343 75.91544962572263
      vertex -26.131324717374582 -2.0218721799702433 76.04299160520456
    endloop
  endfacet
  facet normal -0.9659258262890729 0.2588190451025033 -3.4145629876141425e-14
    outer loop
      vertex -26.08647876316593 -1.8545048003496323 74.28373693329658
      vertex -26.757050923254145 -4.357114171940072 75.61611652351681
      vertex -26.110003310497845 -1.9422996062174 74.36611652351681
    endloop
  endfacet
  facet normal -0.9659258262890627 0.25881904510254194 4.583556696167891e-14
    outer loop
      vertex -26.110003310497845 -1.9422996062174 74.36611652351681
      vertex -26.757050923254145 -4.357114171940072 75.61611652351681
      vertex -26.11497028120334 -1.9608365932500202 74.39136922577234
    endloop
  endfacet
  facet normal -0.9659258262890601 0.25881904510255166 6.63211344868455e-14
    outer loop
      vertex -26.11497028120334 -1.9608365932500202 74.39136922577234
      vertex -26.757050923254145 -4.357114171940072 75.61611652351681
      vertex -26.131324717374582 -2.0218721799702433 74.45700839479544
    endloop
  endfacet
  facet normal -0.9659258262890636 0.25881904510253845 3.779141313344488e-14
    outer loop
      vertex -26.131324717374582 -2.0218721799702433 74.45700839479544
      vertex -26.757050923254145 -4.357114171940072 75.61611652351681
      vertex -26.15023764699245 -2.0924561942241144 74.5555372087255
    endloop
  endfacet
  facet normal -0.9659258262890755 0.258819045102494 -6.405329209407105e-14
    outer loop
      vertex -26.15023764699245 -2.0924561942241144 74.5555372087255
      vertex -26.757050923254145 -4.357114171940072 75.61611652351681
      vertex -26.166559957500382 -2.1533718863366094 74.6607540789675
    endloop
  endfacet
  facet normal -0.9659258262890651 0.25881904510253273 3.1820870126645085e-14
    outer loop
      vertex -26.166559957500382 -2.1533718863366094 74.6607540789675
      vertex -26.757050923254145 -4.357114171940072 75.61611652351681
      vertex -26.180134456125487 -2.2040326048927827 74.77164570954363
    endloop
  endfacet
  facet normal -0.9659258262890719 0.2588190451025072 -3.8103176645735005e-14
    outer loop
      vertex -26.180134456125487 -2.2040326048927827 74.77164570954363
      vertex -26.757050923254145 -4.357114171940072 75.61611652351681
      vertex -26.19083041302544 -2.2439504594789668 74.88714415343192
    endloop
  endfacet
  facet normal -0.9659258262890662 0.2588190451025285 2.8187583120834073e-14
    outer loop
      vertex -26.19083041302544 -2.2439504594789668 74.88714415343192
      vertex -26.757050923254145 -4.357114171940072 75.61611652351681
      vertex -26.198544820288284 -2.272741019334184 75.00613709747984
    endloop
  endfacet
  facet normal -0.9659258262890672 0.25881904510252485 1.489721836871128e-14
    outer loop
      vertex -26.198544820288284 -2.272741019334184 75.00613709747984
      vertex -26.757050923254145 -4.357114171940072 75.61611652351681
      vertex -26.203203383954957 -2.29012701562851 75.12747857458805
    endloop
  endfacet
  facet normal -0.9659258262890758 0.25881904510249254 -5.823219494920644e-14
    outer loop
      vertex -26.033745499744754 -1.6577015820129066 74.14759841956456
      vertex -26.680793112501057 -4.072516147735577 75.39759841956456
      vertex -26.70802524238577 -4.174147840063636 75.46066298462182
    endloop
  endfacet
  facet normal -0.9659258262890668 0.25881904510252685 9.915038224641122e-15
    outer loop
      vertex -26.033745499744754 -1.6577015820129066 74.14759841956456
      vertex -26.70802524238577 -4.174147840063636 75.46066298462182
      vertex -26.757050923254145 -4.357114171940072 75.61611652351681
    endloop
  endfacet
  facet normal -0.9659258262890642 0.25881904510253584 1.4548546205789755e-14
    outer loop
      vertex -26.203203383954957 -2.29012701562851 75.12747857458805
      vertex -26.778372330130885 -4.436686745692912 77.29299160520456
      vertex -26.204761239510717 -2.295941011713465 75.25
    endloop
  endfacet
  facet normal -0.9659258262890709 0.258819045102511 -1.3286857417449484e-14
    outer loop
      vertex -26.204761239510717 -2.295941011713465 75.25
      vertex -26.778372330130885 -4.436686745692912 77.29299160520456
      vertex -26.203203383954957 -2.29012701562851 75.37252142541195
    endloop
  endfacet
  facet normal -0.9659258262890709 0.2588190451025114 -1.2829023079502618e-14
    outer loop
      vertex -26.203203383954957 -2.29012701562851 75.37252142541195
      vertex -26.778372330130885 -4.436686745692912 77.29299160520456
      vertex -26.198544820288284 -2.272741019334184 75.49386290252016
    endloop
  endfacet
  facet normal -0.9659258262890726 0.2588190451025043 -2.1928583879271273e-14
    outer loop
      vertex -26.198544820288284 -2.272741019334184 75.49386290252016
      vertex -26.778372330130885 -4.436686745692912 77.29299160520456
      vertex -26.19083041302544 -2.2439504594789668 75.61285584656808
    endloop
  endfacet
  facet normal -0.9659258262890679 0.2588190451025225 3.4306078004953817e-15
    outer loop
      vertex -26.166559957500382 -2.1533718863366094 75.8392459210325
      vertex -26.19083041302544 -2.2439504594789668 75.61285584656808
      vertex -26.778372330130885 -4.436686745692912 77.29299160520456
    endloop
  endfacet
  facet normal -0.9659258262890629 0.2588190451025411 3.47986390993853e-14
    outer loop
      vertex -26.166559957500382 -2.1533718863366094 75.8392459210325
      vertex -26.778372330130885 -4.436686745692912 77.29299160520456
      vertex -26.15023764699245 -2.0924561942241144 75.9444627912745
    endloop
  endfacet
  facet normal -0.9659258262890704 0.25881904510251275 -1.803333447171638e-14
    outer loop
      vertex -26.15023764699245 -2.0924561942241144 75.9444627912745
      vertex -26.778372330130885 -4.436686745692912 77.29299160520456
      vertex -26.131324717374582 -2.0218721799702433 76.04299160520456
    endloop
  endfacet
  facet normal -0.9659258262890681 0.2588190451025214 -7.264154483689288e-16
    outer loop
      vertex -26.203203383954957 -2.29012701562851 75.12747857458805
      vertex -26.757050923254145 -4.357114171940072 75.61611652351681
      vertex -26.778372330130885 -4.436686745692912 77.29299160520456
    endloop
  endfacet
  facet normal -0.9659258262890136 0.2588190451027251 2.6130801552105776e-13
    outer loop
      vertex -26.70802524238577 -4.174147840063636 75.46066298462182
      vertex -26.73352637592223 -4.269319366072304 75.53373693329658
      vertex -26.757050923254145 -4.357114171940072 75.61611652351681
    endloop
  endfacet
  facet normal -0.965925826289008 0.2588190451027452 1.968477920592057e-13
    outer loop
      vertex -26.757050923254145 -4.357114171940072 75.61611652351681
      vertex -26.778372330130885 -4.436686745692912 75.70700839479544
      vertex -26.797285259748755 -4.507270759946783 75.8055372087255
    endloop
  endfacet
  facet normal -0.9659258262890804 0.2588190451024753 -3.2764609041319733e-14
    outer loop
      vertex -26.757050923254145 -4.357114171940072 75.61611652351681
      vertex -26.797285259748755 -4.507270759946783 75.8055372087255
      vertex -26.82718206888179 -4.618847170615453 76.02164570954363
    endloop
  endfacet
  facet normal -0.9659258262890571 0.2588190451025625 1.5477096495796737e-14
    outer loop
      vertex -26.797285259748755 -4.507270759946783 75.8055372087255
      vertex -26.813607570256682 -4.56818645205928 75.9107540789675
      vertex -26.82718206888179 -4.618847170615453 76.02164570954363
    endloop
  endfacet
  facet normal -0.9659258262890671 0.25881904510252507 1.589820410249916e-15
    outer loop
      vertex -26.757050923254145 -4.357114171940072 75.61611652351681
      vertex -26.82718206888179 -4.618847170615453 76.02164570954363
      vertex -26.85025099671126 -4.704941581351179 76.62252142541195
    endloop
  endfacet
  facet normal -0.9659258262890669 0.258819045102526 2.5419919212327637e-15
    outer loop
      vertex -26.82718206888179 -4.618847170615453 76.02164570954363
      vertex -26.83787802578174 -4.658765025201639 76.13714415343192
      vertex -26.845592433044587 -4.687555585056858 76.25613709747984
    endloop
  endfacet
  facet normal -0.9659258262890683 0.2588190451025209 9.711816476770319e-16
    outer loop
      vertex -26.82718206888179 -4.618847170615453 76.02164570954363
      vertex -26.845592433044587 -4.687555585056858 76.25613709747984
      vertex -26.85025099671126 -4.704941581351179 76.62252142541195
    endloop
  endfacet
  facet normal -0.96592582628904 0.2588190451026268 1.916964582396645e-14
    outer loop
      vertex -26.845592433044587 -4.687555585056858 76.25613709747984
      vertex -26.85025099671126 -4.704941581351179 76.37747857458805
      vertex -26.85180885226702 -4.710755577436133 76.5
    endloop
  endfacet
  facet normal -0.9659258262891071 0.2588190451023758 -6.410823719273221e-15
    outer loop
      vertex -26.845592433044587 -4.687555585056858 76.25613709747984
      vertex -26.85180885226702 -4.710755577436133 76.5
      vertex -26.85025099671126 -4.704941581351179 76.62252142541195
    endloop
  endfacet
  facet normal -0.9659258262890689 0.2588190451025185 -2.030636345389877e-15
    outer loop
      vertex -25.728729366520383 -0.5193658756913528 76.35240158043544
      vertex -26.01845759164629 -1.6006463322479956 76.51066391650521
      vertex -25.952076106007496 -1.352907255162112 76.78387434821157
    endloop
  endfacet
  facet normal -0.9659258262890684 0.25881904510252024 -3.68280608186943e-15
    outer loop
      vertex -25.952076106007496 -1.352907255162112 76.78387434821157
      vertex -26.01845759164629 -1.6006463322479956 76.51066391650521
      vertex -26.434371042170255 -3.152856461154709 77.69617541966527
    endloop
  endfacet
  facet normal -0.9659258262890679 0.2588190451025225 2.094585358844723e-15
    outer loop
      vertex -26.131324717374582 -2.0218721799702433 76.04299160520456
      vertex -26.778372330130885 -4.436686745692912 77.29299160520456
      vertex -26.01845759164629 -1.6006463322479956 76.51066391650521
    endloop
  endfacet
  facet normal -0.9659258262890716 0.2588190451025083 -2.8866748856754054e-14
    outer loop
      vertex -25.952076106007496 -1.352907255162112 76.78387434821157
      vertex -26.434371042170255 -3.152856461154709 77.69617541966527
      vertex -26.375776979276687 -2.934180441414023 77.60240158043544
    endloop
  endfacet
  facet normal -0.9659258262890682 0.2588190451025214 -1.9792612348605064e-15
    outer loop
      vertex -26.01845759164629 -1.6006463322479956 76.51066391650521
      vertex -26.778372330130885 -4.436686745692912 77.29299160520456
      vertex -26.434371042170255 -3.152856461154709 77.69617541966527
    endloop
  endfacet
  facet normal -0.9659258262890774 0.25881904510248704 -8.231134476328283e-14
    outer loop
      vertex -26.375776979276687 -2.934180441414023 77.60240158043544
      vertex -26.434371042170255 -3.152856461154709 77.69617541966527
      vertex -26.404477845212263 -3.041293531306815 77.6548494156391
    endloop
  endfacet
  facet normal -0.9659258262890713 0.25881904510250914 -9.37611246331065e-14
    outer loop
      vertex -26.434371042170255 -3.152856461154709 77.69617541966527
      vertex -26.496574167559153 -3.385001685495647 77.74398090834025
      vertex -26.465168682322677 -3.267794818956764 77.72598160050404
    endloop
  endfacet
  facet normal -0.9659258262890769 0.25881904510248893 -1.9756690202512044e-13
    outer loop
      vertex -26.434371042170255 -3.152856461154709 77.69617541966527
      vertex -26.52828504588887 -3.5033482945748027 77.75
      vertex -26.496574167559153 -3.385001685495647 77.74398090834025
    endloop
  endfacet
  facet normal -0.9659258262890685 0.2588190451025198 1.711261685420866e-14
    outer loop
      vertex -26.434371042170255 -3.152856461154709 77.69617541966527
      vertex -26.622199049607488 -3.8538401279948893 77.69617541966527
      vertex -26.52828504588887 -3.5033482945748027 77.75
    endloop
  endfacet
  facet normal -0.9659258262890718 0.2588190451025081 9.996021986936386e-14
    outer loop
      vertex -26.55999592421859 -3.6216949036539514 77.74398090834025
      vertex -26.52828504588887 -3.5033482945748027 77.75
      vertex -26.591401409455067 -3.738901770192834 77.72598160050404
    endloop
  endfacet
  facet normal -0.9659258262890716 0.2588190451025085 9.564035604056959e-14
    outer loop
      vertex -26.591401409455067 -3.738901770192834 77.72598160050404
      vertex -26.52828504588887 -3.5033482945748027 77.75
      vertex -26.622199049607488 -3.8538401279948893 77.69617541966527
    endloop
  endfacet
  facet normal -0.9659258262890689 0.2588190451025183 -8.89410767178334e-16
    outer loop
      vertex -26.757050923254145 -4.357114171940072 75.61611652351681
      vertex -26.85025099671126 -4.704941581351179 76.62252142541195
      vertex -26.778372330130885 -4.436686745692912 77.29299160520456
    endloop
  endfacet
  facet normal -0.9659258262890651 0.2588190451025331 -4.7900977142383894e-15
    outer loop
      vertex -26.85025099671126 -4.704941581351179 76.62252142541195
      vertex -26.845592433044587 -4.687555585056858 76.74386290252016
      vertex -26.82718206888179 -4.618847170615453 76.97835429045637
    endloop
  endfacet
  facet normal -0.9659258262890669 0.25881904510252596 -2.608192617024344e-15
    outer loop
      vertex -26.845592433044587 -4.687555585056858 76.74386290252016
      vertex -26.83787802578174 -4.658765025201639 76.86285584656808
      vertex -26.82718206888179 -4.618847170615453 76.97835429045637
    endloop
  endfacet
  facet normal -0.9659258262890689 0.2588190451025188 -1.0608463108932851e-15
    outer loop
      vertex -26.85025099671126 -4.704941581351179 76.62252142541195
      vertex -26.82718206888179 -4.618847170615453 76.97835429045637
      vertex -26.778372330130885 -4.436686745692912 77.29299160520456
    endloop
  endfacet
  facet normal -0.9659258262890834 0.25881904510246484 3.237747761133699e-14
    outer loop
      vertex -26.813607570256682 -4.56818645205928 77.0892459210325
      vertex -26.778372330130885 -4.436686745692912 77.29299160520456
      vertex -26.82718206888179 -4.618847170615453 76.97835429045637
    endloop
  endfacet
  facet normal -0.9659258262890685 0.25881904510251974 3.595180355669078e-15
    outer loop
      vertex -26.434371042170255 -3.152856461154709 77.69617541966527
      vertex -26.778372330130885 -4.436686745692912 77.29299160520456
      vertex -26.622199049607488 -3.8538401279948893 77.69617541966527
    endloop
  endfacet
  facet normal -0.9659258262890691 0.2588190451025178 6.615811228424868e-15
    outer loop
      vertex -26.622199049607488 -3.8538401279948893 77.69617541966527
      vertex -26.778372330130885 -4.436686745692912 77.29299160520456
      vertex -26.70802524238577 -4.174147840063636 77.53933701537818
    endloop
  endfacet
  facet normal -0.9659258262890664 0.2588190451025278 -2.4304981195462047e-14
    outer loop
      vertex -26.622199049607488 -3.8538401279948893 77.69617541966527
      vertex -26.680793112501057 -4.072516147735577 77.60240158043544
      vertex -26.65209224656548 -3.9654030578427815 77.6548494156391
    endloop
  endfacet
  facet normal -0.9659258262890743 0.2588190451024983 4.978345919546207e-14
    outer loop
      vertex -26.622199049607488 -3.8538401279948893 77.69617541966527
      vertex -26.70802524238577 -4.174147840063636 77.53933701537818
      vertex -26.680793112501057 -4.072516147735577 77.60240158043544
    endloop
  endfacet
  facet normal -0.9659258262890826 0.2588190451024677 6.421889301363674e-14
    outer loop
      vertex -26.70802524238577 -4.174147840063636 77.53933701537818
      vertex -26.778372330130885 -4.436686745692912 77.29299160520456
      vertex -26.757050923254145 -4.357114171940072 77.38388347648319
    endloop
  endfacet
  facet normal -0.9659258262891314 0.2588190451022855 1.5639041897734948e-13
    outer loop
      vertex -26.813607570256682 -4.56818645205928 77.0892459210325
      vertex -26.797285259748755 -4.507270759946783 77.1944627912745
      vertex -26.778372330130885 -4.436686745692912 77.29299160520456
    endloop
  endfacet
  facet normal -0.9659258262890136 0.2588190451027253 -2.60865959230756e-13
    outer loop
      vertex -26.70802524238577 -4.174147840063636 77.53933701537818
      vertex -26.757050923254145 -4.357114171940072 77.38388347648319
      vertex -26.73352637592223 -4.269319366072304 77.46626306670342
    endloop
  endfacet
  facet normal 0.9966552393091807 0.08172107413366347 0
    outer loop
      vertex -13.854059124262077 17.780957811840594 75
      vertex -13.854059124262077 17.780957811840594 75.1063001751932
      vertex -13.825990082903136 17.43863292894663 75.05832896313993
    endloop
  endfacet
  facet normal 0.9838460059270773 0.1790168612766333 0
    outer loop
      vertex -13.854059124262077 17.780957811840594 75
      vertex -13.915546711599747 18.118883059690724 75
      vertex -13.854059124262077 17.780957811840594 75.1063001751932
    endloop
  endfacet
  facet normal 0.9838460059270773 0.1790168612766333 -2.8127287283234565e-17
    outer loop
      vertex -13.854059124262077 17.780957811840594 75.1063001751932
      vertex -13.915546711599747 18.118883059690724 75
      vertex -13.915546711599747 18.118883059690724 75.1523579898807
    endloop
  endfacet
  facet normal 0.9615617976829609 0.27458861818493546 0
    outer loop
      vertex -13.915546711599747 18.118883059690724 75
      vertex -13.98068433529169 18.34698373971176 75.18253983616931
      vertex -13.915546711599747 18.118883059690724 75.1523579898807
    endloop
  endfacet
  facet normal 0.9615617976829623 0.2745886181849307 6.528935828173904e-15
    outer loop
      vertex -13.915546711599747 18.118883059690724 75
      vertex -14.009860685837543 18.449154267631478 75
      vertex -13.98068433529169 18.34698373971176 75.18253983616931
    endloop
  endfacet
  facet normal 0.9615617976829656 0.2745886181849199 4.2261311966686525e-18
    outer loop
      vertex -13.98068433529169 18.34698373971176 75.18253983616931
      vertex -14.009860685837543 18.449154267631478 75
      vertex -14.009860685837543 18.449154267631478 75.20536865573246
    endloop
  endfacet
  facet normal 0.8895160754218578 0.4569038756304173 0
    outer loop
      vertex -14.136092751846302 18.768590743385797 75
      vertex -14.293027225824881 19.074116139070416 75
      vertex -14.136092751846302 18.768590743385797 75.27447316839172
    endloop
  endfacet
  facet normal 0.9300172236840085 0.36751593659471254 0
    outer loop
      vertex -14.009860685837543 18.449154267631478 75
      vertex -14.136092751846302 18.768590743385797 75
      vertex -14.009860685837543 18.449154267631478 75.20536865573246
    endloop
  endfacet
  facet normal 0.9300172236840085 0.36751593659471254 1.1363658044921765e-17
    outer loop
      vertex -14.009860685837543 18.449154267631478 75.20536865573246
      vertex -14.136092751846302 18.768590743385797 75
      vertex -14.136092751846302 18.768590743385797 75.27447316839172
    endloop
  endfacet
  facet normal 0.8895160754218578 0.45690387563041723 -2.728015735417704e-17
    outer loop
      vertex -14.136092751846302 18.768590743385797 75.27447316839172
      vertex -14.293027225824881 19.074116139070416 75
      vertex -14.293027225824881 19.074116139070416 75.33822140831123
    endloop
  endfacet
  facet normal 0.8404484010944389 0.5418915805747503 0
    outer loop
      vertex -14.293027225824881 19.074116139070416 75
      vertex -14.479152742999762 19.362788078107723 75
      vertex -14.293027225824881 19.074116139070416 75.33822140831123
    endloop
  endfacet
  facet normal 0.840448401094439 0.5418915805747504 0
    outer loop
      vertex -14.479152742999762 19.362788078107723 75
      vertex -14.479152742999762 19.362788078107723 75.39599944509224
      vertex -14.293027225824881 19.074116139070416 75.33822140831123
    endloop
  endfacet
  facet normal 0.7832867492286518 0.6216605733700754 0
    outer loop
      vertex -14.479152742999762 19.362788078107723 75
      vertex -14.692676812893993 19.631826491920656 75
      vertex -14.479152742999762 19.362788078107723 75.39599944509224
    endloop
  endfacet
  facet normal 0.7185816177796999 0.6954426350096099 0
    outer loop
      vertex -14.692676812893993 19.631826491920656 75
      vertex -14.931543081990366 19.878640393512843 75
      vertex -14.692676812893993 19.631826491920656 75.46361043172752
    endloop
  endfacet
  facet normal 0 0 -1
    outer loop
      vertex -14.692676812893993 19.631826491920656 75
      vertex -15.585449651750094 16.85824185788588 75
      vertex -15.539515388597557 17.559063285066507 75
    endloop
  endfacet
  facet normal 0.7832867492286598 0.6216605733700654 -1.1091756735666816e-14
    outer loop
      vertex -14.479152742999762 19.362788078107723 75.39599944509224
      vertex -14.692676812893993 19.631826491920656 75
      vertex -14.533594125631598 19.431383732154163 75.40906681054402
    endloop
  endfacet
  facet normal 0.7832867492286488 0.6216605733700794 0
    outer loop
      vertex -14.692676812893993 19.631826491920656 75
      vertex -14.692676812893993 19.631826491920656 75.46361043172752
      vertex -14.533594125631598 19.431383732154163 75.40906681054402
    endloop
  endfacet
  facet normal 0.9998661379095618 -0.016361731626486162 0
    outer loop
      vertex -13.831609907735304 17.095205186764915 75
      vertex -13.827420988933225 17.351190198636846 75.04574509661413
      vertex -13.831609907735304 17.095205186764915 75.03354460529407
    endloop
  endfacet
  facet normal 0.993447779019445 -0.11428696496684193 0
    outer loop
      vertex -13.831609907735304 17.095205186764915 75
      vertex -13.831609907735304 17.095205186764915 75.03354460529407
      vertex -13.870864476773338 16.753981982189355 75.01685345664731
    endloop
  endfacet
  facet normal 0.993447779019445 -0.11428696496684192 -3.9140259385750463e-17
    outer loop
      vertex -13.831609907735304 17.095205186764915 75
      vertex -13.870864476773338 16.753981982189355 75.01685345664731
      vertex -13.870864476773338 16.753981982189355 75
    endloop
  endfacet
  facet normal 0.9774619749435692 -0.21111155235897733 0
    outer loop
      vertex -13.870864476773338 16.753981982189355 75
      vertex -13.870864476773338 16.753981982189355 75.01685345664731
      vertex -13.94337574705868 16.418249481211596 75
    endloop
  endfacet
  facet normal 0.9998661379095617 -0.0163617316264964 -2.275491003903471e-18
    outer loop
      vertex -13.827420988933225 17.351190198636846 75.04574509661413
      vertex -13.825990082903136 17.43863292894663 75
      vertex -13.825990082903136 17.43863292894663 75.05832896313993
    endloop
  endfacet
  facet normal 0.9998661379095617 -0.016361731626488768 1.459197113360667e-14
    outer loop
      vertex -13.831609907735304 17.095205186764915 75
      vertex -13.825990082903136 17.43863292894663 75
      vertex -13.827420988933225 17.351190198636846 75.04574509661413
    endloop
  endfacet
  facet normal 0.9966552393091808 0.08172107413366347 -1.9828412104760647e-17
    outer loop
      vertex -13.854059124262077 17.780957811840594 75
      vertex -13.825990082903136 17.43863292894663 75.05832896313993
      vertex -13.825990082903136 17.43863292894663 75
    endloop
  endfacet
  facet normal 0 0 -1
    outer loop
      vertex -13.831609907735304 17.095205186764915 75
      vertex -14.351908503727389 15.475878661794129 75
      vertex -13.825990082903136 17.43863292894663 75
    endloop
  endfacet
  facet normal 0 0 -1
    outer loop
      vertex -13.870864476773338 16.753981982189355 75
      vertex -13.94337574705868 16.418249481211596 75
      vertex -14.048445395419776 16.0912409713461 75
    endloop
  endfacet
  facet normal 0 0 -1
    outer loop
      vertex -13.831609907735304 17.095205186764915 75
      vertex -13.870864476773338 16.753981982189355 75
      vertex -14.185061543706007 15.776105723303912 75
    endloop
  endfacet
  facet normal 0 0 -1
    outer loop
      vertex -13.870864476773338 16.753981982189355 75
      vertex -14.048445395419776 16.0912409713461 75
      vertex -14.185061543706007 15.776105723303912 75
    endloop
  endfacet
  facet normal 0 0 -1
    outer loop
      vertex -13.831609907735304 17.095205186764915 75
      vertex -14.185061543706007 15.776105723303912 75
      vertex -14.351908503727389 15.475878661794129 75
    endloop
  endfacet
  facet normal 0 0 -1
    outer loop
      vertex -13.825990082903136 17.43863292894663 75
      vertex -14.351908503727389 15.475878661794129 75
      vertex -14.547379448051093 15.193451137539892 75
    endloop
  endfacet
  facet normal 0 0 -1
    outer loop
      vertex -13.854059124262077 17.780957811840594 75
      vertex -13.825990082903136 17.43863292894663 75
      vertex -14.547379448051093 15.193451137539892 75
    endloop
  endfacet
  facet normal 0 0 -1
    outer loop
      vertex -13.854059124262077 17.780957811840594 75
      vertex -14.76959188462799 14.931543081990364 75
      vertex -13.915546711599747 18.118883059690724 75
    endloop
  endfacet
  facet normal 0 0 -1
    outer loop
      vertex -13.854059124262077 17.780957811840594 75
      vertex -14.547379448051093 15.193451137539892 75
      vertex -14.76959188462799 14.931543081990364 75
    endloop
  endfacet
  facet normal 0.9520626777139268 -0.3059030200965454 1.0819407672245278e-18
    outer loop
      vertex -13.94337574705868 16.418249481211596 75
      vertex -14.048445395419776 16.0912409713461 77.5
      vertex -14.048445395419776 16.0912409713461 75
    endloop
  endfacet
  facet normal 0.917494496447491 -0.39774847452701206 -1.79271516718079e-18
    outer loop
      vertex -14.048445395419776 16.0912409713461 75
      vertex -14.185061543706007 15.776105723303912 77.5
      vertex -14.185061543706007 15.776105723303912 75
    endloop
  endfacet
  facet normal 0.8740903416267611 -0.4857633937163359 -3.781161231408712e-18
    outer loop
      vertex -14.185061543706007 15.776105723303912 75
      vertex -14.351908503727389 15.475878661794129 77.5
      vertex -14.351908503727389 15.475878661794129 75
    endloop
  endfacet
  facet normal 0.8222682189897762 -0.5691001458788967 7.947741727331104e-19
    outer loop
      vertex -14.351908503727389 15.475878661794129 75
      vertex -14.547379448051093 15.193451137539892 77.5
      vertex -14.547379448051093 15.193451137539892 75
    endloop
  endfacet
  facet normal 0.762527203906389 -0.6469561525348564 3.8585477885007726e-18
    outer loop
      vertex -14.547379448051093 15.193451137539892 75
      vertex -14.76959188462799 14.931543081990364 77.5
      vertex -14.76959188462799 14.931543081990364 75
    endloop
  endfacet
  facet normal 0 0 -1
    outer loop
      vertex -13.915546711599747 18.118883059690724 75
      vertex -15.016405786220174 14.692676812893994 75
      vertex -14.009860685837543 18.449154267631478 75
    endloop
  endfacet
  facet normal 0 0 -1
    outer loop
      vertex -13.915546711599747 18.118883059690724 75
      vertex -14.76959188462799 14.931543081990364 75
      vertex -15.016405786220174 14.692676812893994 75
    endloop
  endfacet
  facet normal 0 0 -1
    outer loop
      vertex -14.009860685837543 18.449154267631478 75
      vertex -15.285444200033107 14.47915274299976 75
      vertex -14.136092751846302 18.768590743385797 75
    endloop
  endfacet
  facet normal 0 0 -1
    outer loop
      vertex -14.009860685837543 18.449154267631478 75
      vertex -15.016405786220174 14.692676812893994 75
      vertex -15.285444200033107 14.47915274299976 75
    endloop
  endfacet
  facet normal 0 0 -1
    outer loop
      vertex -14.136092751846302 18.768590743385797 75
      vertex -15.285444200033107 14.47915274299976 75
      vertex -15.574116139070417 14.293027225824881 75
    endloop
  endfacet
  facet normal 0.6954426350096097 -0.7185816177797 -2.2524647846006303e-18
    outer loop
      vertex -14.76959188462799 14.931543081990364 75
      vertex -15.016405786220174 14.692676812893994 77.5
      vertex -15.016405786220174 14.692676812893994 75
    endloop
  endfacet
  facet normal 0.6216605733700817 -0.7832867492286468 6.777861595733983e-19
    outer loop
      vertex -15.016405786220174 14.692676812893994 75
      vertex -15.285444200033107 14.47915274299976 77.5
      vertex -15.285444200033107 14.47915274299976 75
    endloop
  endfacet
  facet normal 0.9520626777139268 -0.3059030200965454 0
    outer loop
      vertex -13.94337574705868 16.418249481211596 75
      vertex -13.94337574705868 16.418249481211596 77.5
      vertex -14.048445395419776 16.0912409713461 77.5
    endloop
  endfacet
  facet normal 0.917494496447491 -0.39774847452701206 0
    outer loop
      vertex -14.048445395419776 16.0912409713461 75
      vertex -14.048445395419776 16.0912409713461 77.5
      vertex -14.185061543706007 15.776105723303912 77.5
    endloop
  endfacet
  facet normal 0.8740903416267611 -0.4857633937163359 0
    outer loop
      vertex -14.185061543706007 15.776105723303912 75
      vertex -14.185061543706007 15.776105723303912 77.5
      vertex -14.351908503727389 15.475878661794129 77.5
    endloop
  endfacet
  facet normal 0.8222682189897762 -0.5691001458788967 0
    outer loop
      vertex -14.351908503727389 15.475878661794129 75
      vertex -14.351908503727389 15.475878661794129 77.5
      vertex -14.547379448051093 15.193451137539892 77.5
    endloop
  endfacet
  facet normal 0.762527203906389 -0.6469561525348564 0
    outer loop
      vertex -14.547379448051093 15.193451137539892 75
      vertex -14.547379448051093 15.193451137539892 77.5
      vertex -14.76959188462799 14.931543081990364 77.5
    endloop
  endfacet
  facet normal 0 0 1
    outer loop
      vertex -13.94337574705868 16.418249481211596 77.5
      vertex -15.585449651750094 16.85824185788588 77.5
      vertex -14.048445395419776 16.0912409713461 77.5
    endloop
  endfacet
  facet normal 0 0 1
    outer loop
      vertex -14.048445395419776 16.0912409713461 77.5
      vertex -15.896080126546192 16.228345566854717 77.5
      vertex -14.185061543706007 15.776105723303912 77.5
    endloop
  endfacet
  facet normal 0 0 1
    outer loop
      vertex -14.185061543706007 15.776105723303912 77.5
      vertex -15.896080126546192 16.228345566854717 77.5
      vertex -14.351908503727389 15.475878661794129 77.5
    endloop
  endfacet
  facet normal 0.6954426350096097 -0.7185816177797 0
    outer loop
      vertex -14.76959188462799 14.931543081990364 75
      vertex -14.76959188462799 14.931543081990364 77.5
      vertex -15.016405786220174 14.692676812893994 77.5
    endloop
  endfacet
  facet normal 0.6216605733700817 -0.7832867492286468 0
    outer loop
      vertex -15.016405786220174 14.692676812893994 75
      vertex -15.016405786220174 14.692676812893994 77.5
      vertex -15.285444200033107 14.47915274299976 77.5
    endloop
  endfacet
  facet normal 0.541891580574742 -0.8404484010944443 0
    outer loop
      vertex -15.285444200033107 14.47915274299976 75
      vertex -15.285444200033107 14.47915274299976 77.5
      vertex -15.574116139070417 14.293027225824881 77.5
    endloop
  endfacet
  facet normal 0 0 -1
    outer loop
      vertex -14.136092751846302 18.768590743385797 75
      vertex -15.574116139070417 14.293027225824881 75
      vertex -14.293027225824881 19.074116139070416 75
    endloop
  endfacet
  facet normal 0 0 -1
    outer loop
      vertex -14.293027225824881 19.074116139070416 75
      vertex -15.879641534755034 14.136092751846299 75
      vertex -14.479152742999762 19.362788078107723 75
    endloop
  endfacet
  facet normal 0 0 -1
    outer loop
      vertex -14.293027225824881 19.074116139070416 75
      vertex -15.574116139070417 14.293027225824881 75
      vertex -15.879641534755034 14.136092751846299 75
    endloop
  endfacet
  facet normal 0.541891580574742 -0.8404484010944443 -1.1732811434858422e-18
    outer loop
      vertex -15.285444200033107 14.47915274299976 75
      vertex -15.574116139070417 14.293027225824881 77.5
      vertex -15.574116139070417 14.293027225824881 75
    endloop
  endfacet
  facet normal 0.4569038756304275 -0.8895160754218525 0
    outer loop
      vertex -15.574116139070417 14.293027225824881 75
      vertex -15.574116139070417 14.293027225824881 77.5
      vertex -15.879641534755034 14.136092751846299 75
    endloop
  endfacet
  facet normal 0 0 -1
    outer loop
      vertex -14.479152742999762 19.362788078107723 75
      vertex -16.19907801050935 14.009860685837545 75
      vertex -14.692676812893993 19.631826491920656 75
    endloop
  endfacet
  facet normal 0 0 -1
    outer loop
      vertex -14.692676812893993 19.631826491920656 75
      vertex -16.529349218450108 13.915546711599747 75
      vertex -15.585449651750094 16.85824185788588 75
    endloop
  endfacet
  facet normal 0 0 -1
    outer loop
      vertex -14.479152742999762 19.362788078107723 75
      vertex -15.879641534755034 14.136092751846299 75
      vertex -16.19907801050935 14.009860685837545 75
    endloop
  endfacet
  facet normal 0 0 -1
    outer loop
      vertex -14.692676812893993 19.631826491920656 75
      vertex -16.19907801050935 14.009860685837545 75
      vertex -16.529349218450108 13.915546711599747 75
    endloop
  endfacet
  facet normal 0.36751593659470266 -0.9300172236840124 0
    outer loop
      vertex -15.879641534755034 14.136092751846299 75
      vertex -15.879641534755034 14.136092751846299 77.5
      vertex -16.19907801050935 14.009860685837545 75
    endloop
  endfacet
  facet normal 0 0 1
    outer loop
      vertex -14.048445395419776 16.0912409713461 77.5
      vertex -15.585449651750094 16.85824185788588 77.5
      vertex -15.896080126546192 16.228345566854717 77.5
    endloop
  endfacet
  facet normal 0 0 1
    outer loop
      vertex -14.351908503727389 15.475878661794129 77.5
      vertex -16.424116139070417 15.765270412258428 77.5
      vertex -14.547379448051093 15.193451137539892 77.5
    endloop
  endfacet
  facet normal 0 0 1
    outer loop
      vertex -14.547379448051093 15.193451137539892 77.5
      vertex -16.424116139070417 15.765270412258428 77.5
      vertex -14.76959188462799 14.931543081990364 77.5
    endloop
  endfacet
  facet normal 0 0 1
    outer loop
      vertex -14.76959188462799 14.931543081990364 77.5
      vertex -16.424116139070417 15.765270412258428 77.5
      vertex -15.016405786220174 14.692676812893994 77.5
    endloop
  endfacet
  facet normal 0.4569038756304275 -0.8895160754218525 0
    outer loop
      vertex -15.879641534755034 14.136092751846299 75
      vertex -15.574116139070417 14.293027225824881 77.5
      vertex -15.879641534755034 14.136092751846299 77.5
    endloop
  endfacet
  facet normal 0 0 1
    outer loop
      vertex -14.351908503727389 15.475878661794129 77.5
      vertex -15.896080126546192 16.228345566854717 77.5
      vertex -16.424116139070417 15.765270412258428 77.5
    endloop
  endfacet
  facet normal 0.36751593659470266 -0.9300172236840124 0
    outer loop
      vertex -16.19907801050935 14.009860685837545 75
      vertex -15.879641534755034 14.136092751846299 77.5
      vertex -16.19907801050935 14.009860685837545 77.5
    endloop
  endfacet
  facet normal 0 0 1
    outer loop
      vertex -15.016405786220174 14.692676812893994 77.5
      vertex -17.089168993074324 15.539515388597557 77.5
      vertex -15.285444200033107 14.47915274299976 77.5
    endloop
  endfacet
  facet normal 0 0 1
    outer loop
      vertex -15.285444200033107 14.47915274299976 77.5
      vertex -17.089168993074324 15.539515388597557 77.5
      vertex -15.574116139070417 14.293027225824881 77.5
    endloop
  endfacet
  facet normal 0.27458861818493274 -0.9615617976829619 0
    outer loop
      vertex -16.19907801050935 14.009860685837545 75
      vertex -16.19907801050935 14.009860685837545 77.5
      vertex -16.529349218450108 13.915546711599747 75
    endloop
  endfacet
  facet normal 0.6469561525348559 0.7625272039063893 0
    outer loop
      vertex -14.931543081990366 19.878640393512843 75
      vertex -15.193451137539892 20.10085283008974 75
      vertex -14.931543081990366 19.878640393512843 75.52679204585867
    endloop
  endfacet
  facet normal 0 0 -1
    outer loop
      vertex -14.692676812893993 19.631826491920656 75
      vertex -15.765270412258426 18.224116139070414 75
      vertex -14.931543081990366 19.878640393512843 75
    endloop
  endfacet
  facet normal 0 0 -1
    outer loop
      vertex -14.692676812893993 19.631826491920656 75
      vertex -15.539515388597557 17.559063285066507 75
      vertex -15.765270412258426 18.224116139070414 75
    endloop
  endfacet
  facet normal 0 0 -1
    outer loop
      vertex -14.931543081990366 19.878640393512843 75
      vertex -15.765270412258426 18.224116139070414 75
      vertex -15.193451137539892 20.10085283008974 75
    endloop
  endfacet
  facet normal 0.7185816177796999 0.6954426350096099 -1.4937289731835567e-17
    outer loop
      vertex -14.692676812893993 19.631826491920656 75.46361043172752
      vertex -14.931543081990366 19.878640393512843 75
      vertex -14.931543081990366 19.878640393512843 75.52679204585867
    endloop
  endfacet
  facet normal 0.6469561525348558 0.7625272039063893 0
    outer loop
      vertex -15.193451137539892 20.10085283008974 75
      vertex -15.193451137539892 20.10085283008974 75.57933722527669
      vertex -14.931543081990366 19.878640393512843 75.52679204585867
    endloop
  endfacet
  facet normal 0.5691001458788911 0.8222682189897801 0
    outer loop
      vertex -15.193451137539892 20.10085283008974 75
      vertex -15.475878661794125 20.296323774413437 75
      vertex -15.193451137539892 20.10085283008974 75.57933722527669
    endloop
  endfacet
  facet normal 0.4857633937163452 0.874090341626756 0
    outer loop
      vertex -15.475878661794125 20.296323774413437 75
      vertex -15.776105723303914 20.463170734434826 75
      vertex -15.475878661794125 20.296323774413437 75.62073993117963
    endloop
  endfacet
  facet normal 0.569100145878891 0.82226821898978 -3.6740527703966966e-18
    outer loop
      vertex -15.193451137539892 20.10085283008974 75.57933722527669
      vertex -15.475878661794125 20.296323774413437 75
      vertex -15.475878661794125 20.296323774413437 75.62073993117963
    endloop
  endfacet
  facet normal 0 0 -1
    outer loop
      vertex -15.193451137539892 20.10085283008974 75
      vertex -15.765270412258426 18.224116139070414 75
      vertex -16.228345566854717 18.75215215159464 75
    endloop
  endfacet
  facet normal 0 0 -1
    outer loop
      vertex -15.193451137539892 20.10085283008974 75
      vertex -16.228345566854717 18.75215215159464 75
      vertex -15.475878661794125 20.296323774413437 75
    endloop
  endfacet
  facet normal 0.39774847452701334 0.9174944964474903 0
    outer loop
      vertex -15.776105723303914 20.463170734434826 75
      vertex -16.091240971346096 20.599786882721055 75
      vertex -15.776105723303914 20.463170734434826 75.65060143287666
    endloop
  endfacet
  facet normal 0.48576339371634514 0.874090341626756 -3.2001506948250714e-18
    outer loop
      vertex -15.475878661794125 20.296323774413437 75.62073993117963
      vertex -15.776105723303914 20.463170734434826 75
      vertex -15.776105723303914 20.463170734434826 75.65060143287666
    endloop
  endfacet
  facet normal 0.39774847452701334 0.9174944964474903 -5.508830505410765e-18
    outer loop
      vertex -15.776105723303914 20.463170734434826 75.65060143287666
      vertex -16.091240971346096 20.599786882721055 75
      vertex -16.091240971346096 20.599786882721055 75.66863414778244
    endloop
  endfacet
  facet normal 0 0 -1
    outer loop
      vertex -15.475878661794125 20.296323774413437 75
      vertex -16.858241857885876 19.06278262639074 75
      vertex -15.776105723303914 20.463170734434826 75
    endloop
  endfacet
  facet normal 0 0 -1
    outer loop
      vertex -15.475878661794125 20.296323774413437 75
      vertex -16.228345566854717 18.75215215159464 75
      vertex -16.858241857885876 19.06278262639074 75
    endloop
  endfacet
  facet normal 0.30590302009655007 0.9520626777139253 0
    outer loop
      vertex -16.091240971346096 20.599786882721055 75
      vertex -16.418249481211593 20.704856531082154 75
      vertex -16.091240971346096 20.599786882721055 75.66863414778244
    endloop
  endfacet
  facet normal 0.30590302009655007 0.9520626777139254 4.549439571923468e-18
    outer loop
      vertex -16.091240971346096 20.599786882721055 75.66863414778244
      vertex -16.418249481211593 20.704856531082154 75
      vertex -16.418249481211593 20.704856531082154 75.67466441099478
    endloop
  endfacet
  facet normal 0 0 -1
    outer loop
      vertex -15.776105723303914 20.463170734434826 75
      vertex -16.858241857885876 19.06278262639074 75
      vertex -16.091240971346096 20.599786882721055 75
    endloop
  endfacet
  facet normal 0 0 -1
    outer loop
      vertex -16.091240971346096 20.599786882721055 75
      vertex -16.858241857885876 19.06278262639074 75
      vertex -16.418249481211593 20.704856531082154 75
    endloop
  endfacet
  facet normal 0 0 -1
    outer loop
      vertex -16.529349218450108 13.915546711599747 75
      vertex -15.896080126546192 16.228345566854717 75
      vertex -15.585449651750094 16.85824185788588 75
    endloop
  endfacet
  facet normal 0 0 -1
    outer loop
      vertex -16.529349218450108 13.915546711599747 75
      vertex -16.867274466300234 13.85405912426208 75
      vertex -15.896080126546192 16.228345566854717 75
    endloop
  endfacet
  facet normal 0 0 -1
    outer loop
      vertex -16.867274466300234 13.85405912426208 75
      vertex -16.424116139070417 15.765270412258428 75
      vertex -15.896080126546192 16.228345566854717 75
    endloop
  endfacet
  facet normal 0 0 -1
    outer loop
      vertex -16.867274466300234 13.85405912426208 75
      vertex -17.209599349194196 13.825990082903134 75
      vertex -16.424116139070417 15.765270412258428 75
    endloop
  endfacet
  facet normal 0 0 -1
    outer loop
      vertex -17.209599349194196 13.825990082903134 75
      vertex -17.553027091375917 13.831609907735304 75
      vertex -16.424116139070417 15.765270412258428 75
    endloop
  endfacet
  facet normal 0 0 -1
    outer loop
      vertex -17.553027091375917 13.831609907735304 75
      vertex -17.089168993074324 15.539515388597557 75
      vertex -16.424116139070417 15.765270412258428 75
    endloop
  endfacet
  facet normal 0 0 1
    outer loop
      vertex -15.016405786220174 14.692676812893994 77.5
      vertex -16.424116139070417 15.765270412258428 77.5
      vertex -17.089168993074324 15.539515388597557 77.5
    endloop
  endfacet
  facet normal 0 0 1
    outer loop
      vertex -15.574116139070417 14.293027225824881 77.5
      vertex -17.789990420254956 15.585449651750094 77.5
      vertex -15.879641534755034 14.136092751846299 77.5
    endloop
  endfacet
  facet normal 0 0 1
    outer loop
      vertex -15.879641534755034 14.136092751846299 77.5
      vertex -17.789990420254956 15.585449651750094 77.5
      vertex -16.19907801050935 14.009860685837545 77.5
    endloop
  endfacet
  facet normal 0 0 1
    outer loop
      vertex -15.574116139070417 14.293027225824881 77.5
      vertex -17.089168993074324 15.539515388597557 77.5
      vertex -17.789990420254956 15.585449651750094 77.5
    endloop
  endfacet
  facet normal 0 0 1
    outer loop
      vertex -16.19907801050935 14.009860685837545 77.5
      vertex -18.419886711286114 15.896080126546194 77.5
      vertex -16.529349218450108 13.915546711599747 77.5
    endloop
  endfacet
  facet normal 0.1790168612766301 -0.9838460059270779 0
    outer loop
      vertex -16.529349218450108 13.915546711599747 75
      vertex -16.529349218450108 13.915546711599747 77.5
      vertex -16.867274466300234 13.85405912426208 75
    endloop
  endfacet
  facet normal 0.08172107413367374 -0.9966552393091799 0
    outer loop
      vertex -16.867274466300234 13.85405912426208 75
      vertex -16.867274466300234 13.85405912426208 77.5
      vertex -17.209599349194196 13.825990082903134 75
    endloop
  endfacet
  facet normal -0.01636173162649377 -0.9998661379095617 0
    outer loop
      vertex -17.209599349194196 13.825990082903134 75
      vertex -17.209599349194196 13.825990082903134 77.5
      vertex -17.553027091375917 13.831609907735304 75
    endloop
  endfacet
  facet normal 0.27458861818493274 -0.9615617976829619 4.431368085109061e-19
    outer loop
      vertex -16.19907801050935 14.009860685837545 77.5
      vertex -16.529349218450108 13.915546711599747 77.5
      vertex -16.529349218450108 13.915546711599747 75
    endloop
  endfacet
  facet normal 0.1790168612766301 -0.9838460059270779 0
    outer loop
      vertex -16.867274466300234 13.85405912426208 75
      vertex -16.529349218450108 13.915546711599747 77.5
      vertex -16.867274466300234 13.85405912426208 77.5
    endloop
  endfacet
  facet normal 0.08172107413367374 -0.9966552393091799 0
    outer loop
      vertex -17.209599349194196 13.825990082903134 75
      vertex -16.867274466300234 13.85405912426208 77.5
      vertex -17.209599349194196 13.825990082903134 77.5
    endloop
  endfacet
  facet normal 0 0 -1
    outer loop
      vertex -17.553027091375917 13.831609907735304 75
      vertex -17.894250295951476 13.870864476773338 75
      vertex -17.089168993074324 15.539515388597557 75
    endloop
  endfacet
  facet normal 0 0 -1
    outer loop
      vertex -17.894250295951476 13.870864476773338 75
      vertex -18.22998279692924 13.943375747058678 75
      vertex -17.089168993074324 15.539515388597557 75
    endloop
  endfacet
  facet normal 0 0 -1
    outer loop
      vertex -18.22998279692924 13.943375747058678 75
      vertex -17.789990420254956 15.585449651750094 75
      vertex -17.089168993074324 15.539515388597557 75
    endloop
  endfacet
  facet normal 0 0 1
    outer loop
      vertex -16.19907801050935 14.009860685837545 77.5
      vertex -17.789990420254956 15.585449651750094 77.5
      vertex -18.419886711286114 15.896080126546194 77.5
    endloop
  endfacet
  facet normal -0.11428696496684192 -0.9934477790194449 0
    outer loop
      vertex -17.553027091375917 13.831609907735304 75
      vertex -17.553027091375917 13.831609907735304 77.5
      vertex -17.894250295951476 13.870864476773338 75
    endloop
  endfacet
  facet normal -0.21111155235897025 -0.9774619749435708 0
    outer loop
      vertex -17.894250295951476 13.870864476773338 75
      vertex -17.894250295951476 13.870864476773338 77.5
      vertex -18.22998279692924 13.943375747058678 75
    endloop
  endfacet
  facet normal -0.01636173162649377 -0.9998661379095617 -7.64491669428925e-20
    outer loop
      vertex -17.209599349194196 13.825990082903134 77.5
      vertex -17.553027091375917 13.831609907735304 77.5
      vertex -17.553027091375917 13.831609907735304 75
    endloop
  endfacet
  facet normal -0.11428696496684192 -0.9934477790194449 0
    outer loop
      vertex -17.894250295951476 13.870864476773338 75
      vertex -17.553027091375917 13.831609907735304 77.5
      vertex -17.894250295951476 13.870864476773338 77.5
    endloop
  endfacet
  facet normal -0.21111155235897025 -0.9774619749435708 -1.3874495379704108e-18
    outer loop
      vertex -17.894250295951476 13.870864476773338 77.5
      vertex -18.22998279692924 13.943375747058678 77.5
      vertex -18.22998279692924 13.943375747058678 75
    endloop
  endfacet
  facet normal 0.21111155235897022 0.9774619749435708 0
    outer loop
      vertex -16.418249481211593 20.704856531082154 75
      vertex -16.753981982189355 20.777367801367493 75
      vertex -16.418249481211593 20.704856531082154 75.67466441099478
    endloop
  endfacet
  facet normal 0.21111155235897025 0.9774619749435707 0
    outer loop
      vertex -16.753981982189355 20.777367801367493 75
      vertex -16.753981982189355 20.777367801367493 75.66863414778244
      vertex -16.418249481211593 20.704856531082154 75.67466441099478
    endloop
  endfacet
  facet normal 0 0 -1
    outer loop
      vertex -16.418249481211593 20.704856531082154 75
      vertex -16.858241857885876 19.06278262639074 75
      vertex -17.559063285066507 19.108716889543274 75
    endloop
  endfacet
  facet normal 0 0 -1
    outer loop
      vertex -16.418249481211593 20.704856531082154 75
      vertex -17.559063285066507 19.108716889543274 75
      vertex -16.753981982189355 20.777367801367493 75
    endloop
  endfacet
  facet normal 0.11428696496683681 0.9934477790194456 0
    outer loop
      vertex -16.753981982189355 20.777367801367493 75
      vertex -17.095205186764915 20.816622370405526 75
      vertex -16.753981982189355 20.777367801367493 75.66863414778244
    endloop
  endfacet
  facet normal 0.0163617316264836 0.9998661379095619 0
    outer loop
      vertex -17.095205186764915 20.816622370405526 75
      vertex -17.43863292894663 20.822242195237692 75
      vertex -17.095205186764915 20.816622370405526 75.65060143287666
    endloop
  endfacet
  facet normal 0.11428696496683681 0.9934477790194456 -3.546296706139117e-18
    outer loop
      vertex -16.753981982189355 20.777367801367493 75.66863414778244
      vertex -17.095205186764915 20.816622370405526 75
      vertex -17.095205186764915 20.816622370405526 75.65060143287666
    endloop
  endfacet
  facet normal 0 0 -1
    outer loop
      vertex -16.753981982189355 20.777367801367493 75
      vertex -17.559063285066507 19.108716889543274 75
      vertex -17.095205186764915 20.816622370405526 75
    endloop
  endfacet
  facet normal -0.08172107413365834 0.9966552393091812 0
    outer loop
      vertex -17.43863292894663 20.822242195237692 75
      vertex -17.780957811840594 20.794173153878752 75
      vertex -17.43863292894663 20.822242195237692 75.62073993117963
    endloop
  endfacet
  facet normal 0.0163617316264836 0.9998661379095619 5.009934045064038e-19
    outer loop
      vertex -17.095205186764915 20.816622370405526 75.65060143287666
      vertex -17.43863292894663 20.822242195237692 75
      vertex -17.43863292894663 20.822242195237692 75.62073993117963
    endloop
  endfacet
  facet normal -0.08172107413365831 0.9966552393091812 -2.7171547971784946e-18
    outer loop
      vertex -17.43863292894663 20.822242195237692 75.62073993117963
      vertex -17.780957811840594 20.794173153878752 75
      vertex -17.780957811840594 20.794173153878752 75.57933722527669
    endloop
  endfacet
  facet normal 0 0 -1
    outer loop
      vertex -17.095205186764915 20.816622370405526 75
      vertex -18.224116139070414 18.882961865882404 75
      vertex -17.43863292894663 20.822242195237692 75
    endloop
  endfacet
  facet normal 0 0 -1
    outer loop
      vertex -17.095205186764915 20.816622370405526 75
      vertex -17.559063285066507 19.108716889543274 75
      vertex -18.224116139070414 18.882961865882404 75
    endloop
  endfacet
  facet normal 0 0 -1
    outer loop
      vertex -17.43863292894663 20.822242195237692 75
      vertex -18.224116139070414 18.882961865882404 75
      vertex -17.780957811840594 20.794173153878752 75
    endloop
  endfacet
  facet normal -0.1790168612766351 0.983846005927077 0
    outer loop
      vertex -17.780957811840594 20.794173153878752 75
      vertex -18.11888305969072 20.732685566541083 75
      vertex -17.780957811840594 20.794173153878752 75.57933722527669
    endloop
  endfacet
  facet normal 0 0 -1
    outer loop
      vertex -17.780957811840594 20.794173153878752 75
      vertex -18.224116139070414 18.882961865882404 75
      vertex -18.75215215159464 18.419886711286114 75
    endloop
  endfacet
  facet normal 0 0 -1
    outer loop
      vertex -17.780957811840594 20.794173153878752 75
      vertex -18.75215215159464 18.419886711286114 75
      vertex -18.11888305969072 20.732685566541083 75
    endloop
  endfacet
  facet normal 0 0 -1
    outer loop
      vertex -18.11888305969072 20.732685566541083 75
      vertex -18.75215215159464 18.419886711286114 75
      vertex -19.062782626390735 17.789990420254952 75
    endloop
  endfacet
  facet normal -0.17901686127663513 0.9838460059270769 0
    outer loop
      vertex -18.11888305969072 20.732685566541083 75
      vertex -18.11888305969072 20.732685566541083 75.52679204585867
      vertex -17.780957811840594 20.794173153878752 75.57933722527669
    endloop
  endfacet
  facet normal -0.27458861818493485 0.9615617976829614 0
    outer loop
      vertex -18.11888305969072 20.732685566541083 75
      vertex -18.44915426763148 20.638371592303283 75.46361043172752
      vertex -18.11888305969072 20.732685566541083 75.52679204585867
    endloop
  endfacet
  facet normal 0 0 -1
    outer loop
      vertex -18.22998279692924 13.943375747058678 75
      vertex -18.556991306794735 14.048445395419778 75
      vertex -17.789990420254956 15.585449651750094 75
    endloop
  endfacet
  facet normal 0 0 -1
    outer loop
      vertex -18.556991306794735 14.048445395419778 75
      vertex -18.872126554836917 14.185061543706006 75
      vertex -17.789990420254956 15.585449651750094 75
    endloop
  endfacet
  facet normal 0 0 -1
    outer loop
      vertex -19.172353616346705 14.351908503727392 75
      vertex -18.419886711286114 15.896080126546194 75
      vertex -17.789990420254956 15.585449651750094 75
    endloop
  endfacet
  facet normal 0 0 -1
    outer loop
      vertex -18.872126554836917 14.185061543706006 75
      vertex -19.172353616346705 14.351908503727392 75
      vertex -17.789990420254956 15.585449651750094 75
    endloop
  endfacet
  facet normal 0 0 1
    outer loop
      vertex -16.529349218450108 13.915546711599747 77.5
      vertex -20.704856531082154 18.22998279692924 77.5
      vertex -16.867274466300234 13.85405912426208 77.5
    endloop
  endfacet
  facet normal 0 0 1
    outer loop
      vertex -16.867274466300234 13.85405912426208 77.5
      vertex -20.704856531082154 18.22998279692924 77.5
      vertex -17.209599349194196 13.825990082903134 77.5
    endloop
  endfacet
  facet normal 0 0 1
    outer loop
      vertex -17.209599349194196 13.825990082903134 77.5
      vertex -20.704856531082154 18.22998279692924 77.5
      vertex -17.553027091375917 13.831609907735304 77.5
    endloop
  endfacet
  facet normal 0 0 1
    outer loop
      vertex -16.529349218450108 13.915546711599747 77.5
      vertex -18.419886711286114 15.896080126546194 77.5
      vertex -20.704856531082154 18.22998279692924 77.5
    endloop
  endfacet
  facet normal 0 0 1
    outer loop
      vertex -17.553027091375917 13.831609907735304 77.5
      vertex -20.704856531082154 18.22998279692924 77.5
      vertex -17.894250295951476 13.870864476773338 77.5
    endloop
  endfacet
  facet normal -0.3059030200965548 -0.9520626777139238 0
    outer loop
      vertex -18.22998279692924 13.943375747058678 75
      vertex -18.22998279692924 13.943375747058678 77.5
      vertex -18.556991306794735 14.048445395419778 75
    endloop
  endfacet
  facet normal -0.39774847452700896 -0.9174944964474921 0
    outer loop
      vertex -18.556991306794735 14.048445395419778 75
      vertex -18.556991306794735 14.048445395419778 77.5
      vertex -18.872126554836917 14.185061543706006 75
    endloop
  endfacet
  facet normal -0.4857633937163434 -0.874090341626757 0
    outer loop
      vertex -18.872126554836917 14.185061543706006 75
      vertex -18.872126554836917 14.185061543706006 77.5
      vertex -19.172353616346705 14.351908503727392 75
    endloop
  endfacet
  facet normal -0.3059030200965548 -0.9520626777139238 0
    outer loop
      vertex -18.556991306794735 14.048445395419778 75
      vertex -18.22998279692924 13.943375747058678 77.5
      vertex -18.556991306794735 14.048445395419778 77.5
    endloop
  endfacet
  facet normal -0.39774847452700896 -0.9174944964474921 0
    outer loop
      vertex -18.872126554836917 14.185061543706006 75
      vertex -18.556991306794735 14.048445395419778 77.5
      vertex -18.872126554836917 14.185061543706006 77.5
    endloop
  endfacet
  facet normal 0 0 -1
    outer loop
      vertex -19.172353616346705 14.351908503727392 75
      vertex -19.45478114060094 14.547379448051093 75
      vertex -18.419886711286114 15.896080126546194 75
    endloop
  endfacet
  facet normal 0 0 -1
    outer loop
      vertex -19.45478114060094 14.547379448051093 75
      vertex -18.882961865882404 16.424116139070417 75
      vertex -18.419886711286114 15.896080126546194 75
    endloop
  endfacet
  facet normal 0 0 -1
    outer loop
      vertex -19.45478114060094 14.547379448051093 75
      vertex -19.716689196150465 14.769591884627989 75
      vertex -18.882961865882404 16.424116139070417 75
    endloop
  endfacet
  facet normal 0 0 -1
    outer loop
      vertex -19.95555546524684 15.016405786220176 75
      vertex -19.108716889543274 17.089168993074324 75
      vertex -18.882961865882404 16.424116139070417 75
    endloop
  endfacet
  facet normal 0 0 -1
    outer loop
      vertex -19.716689196150465 14.769591884627989 75
      vertex -19.95555546524684 15.016405786220176 75
      vertex -18.882961865882404 16.424116139070417 75
    endloop
  endfacet
  facet normal 0 0 1
    outer loop
      vertex -17.894250295951476 13.870864476773338 77.5
      vertex -20.704856531082154 18.22998279692924 77.5
      vertex -18.22998279692924 13.943375747058678 77.5
    endloop
  endfacet
  facet normal 0 0 1
    outer loop
      vertex -18.22998279692924 13.943375747058678 77.5
      vertex -20.704856531082154 18.22998279692924 77.5
      vertex -18.556991306794735 14.048445395419778 77.5
    endloop
  endfacet
  facet normal 0 0 1
    outer loop
      vertex -18.556991306794735 14.048445395419778 77.5
      vertex -20.704856531082154 18.22998279692924 77.5
      vertex -18.872126554836917 14.185061543706006 77.5
    endloop
  endfacet
  facet normal 0 0 1
    outer loop
      vertex -18.872126554836917 14.185061543706006 77.5
      vertex -20.704856531082154 18.22998279692924 77.5
      vertex -19.172353616346705 14.351908503727392 77.5
    endloop
  endfacet
  facet normal -0.5691001458788921 -0.8222682189897793 0
    outer loop
      vertex -19.172353616346705 14.351908503727392 75
      vertex -19.172353616346705 14.351908503727392 77.5
      vertex -19.45478114060094 14.547379448051093 75
    endloop
  endfacet
  facet normal -0.6469561525348559 -0.7625272039063894 0
    outer loop
      vertex -19.45478114060094 14.547379448051093 75
      vertex -19.45478114060094 14.547379448051093 77.5
      vertex -19.716689196150465 14.769591884627989 75
    endloop
  endfacet
  facet normal -0.7185816177796998 -0.6954426350096099 0
    outer loop
      vertex -19.716689196150465 14.769591884627989 75
      vertex -19.716689196150465 14.769591884627989 77.5
      vertex -19.95555546524684 15.016405786220176 75
    endloop
  endfacet
  facet normal -0.4857633937163434 -0.874090341626757 3.7809449034677944e-18
    outer loop
      vertex -18.872126554836917 14.185061543706006 77.5
      vertex -19.172353616346705 14.351908503727392 77.5
      vertex -19.172353616346705 14.351908503727392 75
    endloop
  endfacet
  facet normal -0.5691001458788921 -0.8222682189897793 0
    outer loop
      vertex -19.45478114060094 14.547379448051093 75
      vertex -19.172353616346705 14.351908503727392 77.5
      vertex -19.45478114060094 14.547379448051093 77.5
    endloop
  endfacet
  facet normal -0.6469561525348559 -0.7625272039063894 0
    outer loop
      vertex -19.716689196150465 14.769591884627989 75
      vertex -19.45478114060094 14.547379448051093 77.5
      vertex -19.716689196150465 14.769591884627989 77.5
    endloop
  endfacet
  facet normal -0.2745886181849348 0.9615617976829611 -4.661633159548736e-18
    outer loop
      vertex -18.11888305969072 20.732685566541083 75
      vertex -18.44915426763148 20.638371592303283 75
      vertex -18.44915426763148 20.638371592303283 75.46361043172752
    endloop
  endfacet
  facet normal -0.36751593659470266 0.9300172236840124 -7.436790979565951e-15
    outer loop
      vertex -18.44915426763148 20.638371592303283 75
      vertex -18.768590743385797 20.51213952629453 75
      vertex -18.68714529598626 20.54432441397204 75.40906681054402
    endloop
  endfacet
  facet normal -0.3675159365946916 0.9300172236840168 0
    outer loop
      vertex -18.44915426763148 20.638371592303283 75
      vertex -18.68714529598626 20.54432441397204 75.40906681054402
      vertex -18.44915426763148 20.638371592303283 75.46361043172752
    endloop
  endfacet
  facet normal -0.45690387563042123 0.8895160754218556 0
    outer loop
      vertex -18.768590743385797 20.51213952629453 75
      vertex -19.074116139070416 20.35520505231595 75.33822140831123
      vertex -18.768590743385797 20.51213952629453 75.39599944509224
    endloop
  endfacet
  facet normal -0.4569038756304213 0.8895160754218556 -1.9638017852828323e-17
    outer loop
      vertex -18.768590743385797 20.51213952629453 75
      vertex -19.074116139070416 20.35520505231595 75
      vertex -19.074116139070416 20.35520505231595 75.33822140831123
    endloop
  endfacet
  facet normal -0.5418915805747467 0.8404484010944413 0
    outer loop
      vertex -19.074116139070416 20.35520505231595 75
      vertex -19.362788078107723 20.16907953514107 75
      vertex -19.074116139070416 20.35520505231595 75.33822140831123
    endloop
  endfacet
  facet normal -0.36751593659473497 0.9300172236839997 2.301214812433641e-18
    outer loop
      vertex -18.68714529598626 20.54432441397204 75.40906681054402
      vertex -18.768590743385797 20.51213952629453 75
      vertex -18.768590743385797 20.51213952629453 75.39599944509224
    endloop
  endfacet
  facet normal -0.5418915805747467 0.8404484010944413 -3.249270914260287e-17
    outer loop
      vertex -19.074116139070416 20.35520505231595 75.33822140831123
      vertex -19.362788078107723 20.16907953514107 75
      vertex -19.362788078107723 20.16907953514107 75.27447316839172
    endloop
  endfacet
  facet normal -0.6216605733700769 0.7832867492286509 0
    outer loop
      vertex -19.362788078107723 20.16907953514107 75
      vertex -19.63182649192066 19.955555465246835 75
      vertex -19.362788078107723 20.16907953514107 75.27447316839172
    endloop
  endfacet
  facet normal -0.6216605733700767 0.7832867492286508 0
    outer loop
      vertex -19.63182649192066 19.955555465246835 75
      vertex -19.63182649192066 19.955555465246835 75.20536865573246
      vertex -19.362788078107723 20.16907953514107 75.27447316839172
    endloop
  endfacet
  facet normal -0.6954426350096171 0.7185816177796928 0
    outer loop
      vertex -19.63182649192066 19.955555465246835 75
      vertex -19.708179216642947 19.88166136782322 75.18253983616931
      vertex -19.63182649192066 19.955555465246835 75.20536865573246
    endloop
  endfacet
  facet normal -0.6954426350096098 0.7185816177797 6.003067449915151e-15
    outer loop
      vertex -19.63182649192066 19.955555465246835 75
      vertex -19.878640393512843 19.716689196150465 75
      vertex -19.708179216642947 19.88166136782322 75.18253983616931
    endloop
  endfacet
  facet normal -0.6954426350096063 0.7185816177797032 3.464741211473357e-17
    outer loop
      vertex -19.708179216642947 19.88166136782322 75.18253983616931
      vertex -19.878640393512843 19.716689196150465 75
      vertex -19.878640393512843 19.716689196150465 75.1523579898807
    endloop
  endfacet
  facet normal -0.7625272039063893 0.6469561525348558 0
    outer loop
      vertex -19.878640393512843 19.716689196150465 75
      vertex -20.10085283008974 19.45478114060094 75
      vertex -19.878640393512843 19.716689196150465 75.1523579898807
    endloop
  endfacet
  facet normal -0.7625272039063894 0.6469561525348558 -8.691887842819828e-17
    outer loop
      vertex -19.878640393512843 19.716689196150465 75.1523579898807
      vertex -20.10085283008974 19.45478114060094 75
      vertex -20.10085283008974 19.45478114060094 75.1063001751932
    endloop
  endfacet
  facet normal -0.8222682189897802 0.5691001458788908 0
    outer loop
      vertex -20.10085283008974 19.45478114060094 75
      vertex -20.29632377441344 19.1723536163467 75
      vertex -20.10085283008974 19.45478114060094 75.1063001751932
    endloop
  endfacet
  facet normal 0 0 -1
    outer loop
      vertex -18.11888305969072 20.732685566541083 75
      vertex -19.95555546524684 15.016405786220176 75
      vertex -18.44915426763148 20.638371592303283 75
    endloop
  endfacet
  facet normal 0 0 -1
    outer loop
      vertex -18.11888305969072 20.732685566541083 75
      vertex -19.062782626390735 17.789990420254952 75
      vertex -19.95555546524684 15.016405786220176 75
    endloop
  endfacet
  facet normal 0 0 -1
    outer loop
      vertex -18.44915426763148 20.638371592303283 75
      vertex -20.16907953514107 15.285444200033108 75
      vertex -18.768590743385797 20.51213952629453 75
    endloop
  endfacet
  facet normal 0 0 -1
    outer loop
      vertex -19.95555546524684 15.016405786220176 75
      vertex -19.062782626390735 17.789990420254952 75
      vertex -19.108716889543274 17.089168993074324 75
    endloop
  endfacet
  facet normal 0 0 -1
    outer loop
      vertex -18.44915426763148 20.638371592303283 75
      vertex -19.95555546524684 15.016405786220176 75
      vertex -20.16907953514107 15.285444200033108 75
    endloop
  endfacet
  facet normal -0.7832867492286519 -0.6216605733700755 0
    outer loop
      vertex -19.95555546524684 15.016405786220176 75
      vertex -19.95555546524684 15.016405786220176 77.5
      vertex -20.16907953514107 15.285444200033108 75
    endloop
  endfacet
  facet normal 0 0 -1
    outer loop
      vertex -18.768590743385797 20.51213952629453 75
      vertex -20.35520505231595 15.574116139070414 75
      vertex -19.074116139070416 20.35520505231595 75
    endloop
  endfacet
  facet normal 0 0 -1
    outer loop
      vertex -18.768590743385797 20.51213952629453 75
      vertex -20.16907953514107 15.285444200033108 75
      vertex -20.35520505231595 15.574116139070414 75
    endloop
  endfacet
  facet normal 0 0 -1
    outer loop
      vertex -19.074116139070416 20.35520505231595 75
      vertex -20.35520505231595 15.574116139070414 75
      vertex -20.51213952629453 15.879641534755034 75
    endloop
  endfacet
  facet normal -0.8404484010944397 -0.5418915805747491 0
    outer loop
      vertex -20.16907953514107 15.285444200033108 75
      vertex -20.16907953514107 15.285444200033108 77.5
      vertex -20.35520505231595 15.574116139070414 75
    endloop
  endfacet
  facet normal 0 0 1
    outer loop
      vertex -20.704856531082154 18.22998279692924 77.5
      vertex -18.882961865882404 16.424116139070417 77.5
      vertex -19.108716889543274 17.089168993074324 77.5
    endloop
  endfacet
  facet normal 0 0 1
    outer loop
      vertex -20.704856531082154 18.22998279692924 77.5
      vertex -18.419886711286114 15.896080126546194 77.5
      vertex -18.882961865882404 16.424116139070417 77.5
    endloop
  endfacet
  facet normal 0 0 1
    outer loop
      vertex -19.172353616346705 14.351908503727392 77.5
      vertex -20.704856531082154 18.22998279692924 77.5
      vertex -19.45478114060094 14.547379448051093 77.5
    endloop
  endfacet
  facet normal -0.7832867492286519 -0.6216605733700755 0
    outer loop
      vertex -20.16907953514107 15.285444200033108 75
      vertex -19.95555546524684 15.016405786220176 77.5
      vertex -20.16907953514107 15.285444200033108 77.5
    endloop
  endfacet
  facet normal 0 0 1
    outer loop
      vertex -19.45478114060094 14.547379448051093 77.5
      vertex -20.704856531082154 18.22998279692924 77.5
      vertex -19.716689196150465 14.769591884627989 77.5
    endloop
  endfacet
  facet normal 0 0 1
    outer loop
      vertex -20.704856531082154 18.22998279692924 77.5
      vertex -19.108716889543274 17.089168993074324 77.5
      vertex -19.062782626390735 17.789990420254952 77.5
    endloop
  endfacet
  facet normal -0.8404484010944397 -0.5418915805747491 0
    outer loop
      vertex -20.35520505231595 15.574116139070414 75
      vertex -20.16907953514107 15.285444200033108 77.5
      vertex -20.35520505231595 15.574116139070414 77.5
    endloop
  endfacet
  facet normal 0 0 1
    outer loop
      vertex -19.716689196150465 14.769591884627989 77.5
      vertex -20.704856531082154 18.22998279692924 77.5
      vertex -19.95555546524684 15.016405786220176 77.5
    endloop
  endfacet
  facet normal 0 0 1
    outer loop
      vertex -19.95555546524684 15.016405786220176 77.5
      vertex -20.704856531082154 18.22998279692924 77.5
      vertex -20.16907953514107 15.285444200033108 77.5
    endloop
  endfacet
  facet normal -0.8895160754218567 -0.4569038756304192 0
    outer loop
      vertex -20.35520505231595 15.574116139070414 75
      vertex -20.35520505231595 15.574116139070414 77.5
      vertex -20.51213952629453 15.879641534755034 77.5
    endloop
  endfacet
  facet normal -0.7185816177796998 -0.6954426350096099 -3.147538166966946e-18
    outer loop
      vertex -19.716689196150465 14.769591884627989 77.5
      vertex -19.95555546524684 15.016405786220176 77.5
      vertex -19.95555546524684 15.016405786220176 75
    endloop
  endfacet
  facet normal 0 0 -1
    outer loop
      vertex -19.074116139070416 20.35520505231595 75
      vertex -20.51213952629453 15.879641534755034 75
      vertex -19.362788078107723 20.16907953514107 75
    endloop
  endfacet
  facet normal 0 0 -1
    outer loop
      vertex -19.362788078107723 20.16907953514107 75
      vertex -20.638371592303287 16.199078010509353 75
      vertex -19.63182649192066 19.955555465246835 75
    endloop
  endfacet
  facet normal 0 0 -1
    outer loop
      vertex -19.362788078107723 20.16907953514107 75
      vertex -20.51213952629453 15.879641534755034 75
      vertex -20.638371592303287 16.199078010509353 75
    endloop
  endfacet
  facet normal 0 0 -1
    outer loop
      vertex -19.63182649192066 19.955555465246835 75
      vertex -20.732685566541086 16.529349218450108 75
      vertex -19.878640393512843 19.716689196150465 75
    endloop
  endfacet
  facet normal 0 0 -1
    outer loop
      vertex -19.63182649192066 19.955555465246835 75
      vertex -20.638371592303287 16.199078010509353 75
      vertex -20.732685566541086 16.529349218450108 75
    endloop
  endfacet
  facet normal -0.8895160754218567 -0.4569038756304192 1.2408305914584423e-18
    outer loop
      vertex -20.35520505231595 15.574116139070414 75
      vertex -20.51213952629453 15.879641534755034 77.5
      vertex -20.51213952629453 15.879641534755034 75
    endloop
  endfacet
  facet normal -0.9300172236840104 -0.36751593659470816 -5.646202241530488e-19
    outer loop
      vertex -20.51213952629453 15.879641534755034 75
      vertex -20.638371592303287 16.199078010509353 77.5
      vertex -20.638371592303287 16.199078010509353 75
    endloop
  endfacet
  facet normal -0.9615617976829597 -0.2745886181849403 1.4908158506016365e-18
    outer loop
      vertex -20.638371592303287 16.199078010509353 75
      vertex -20.732685566541086 16.529349218450108 77.5
      vertex -20.732685566541086 16.529349218450108 75
    endloop
  endfacet
  facet normal 0 0 -1
    outer loop
      vertex -19.878640393512843 19.716689196150465 75
      vertex -20.794173153878752 16.867274466300238 75
      vertex -20.10085283008974 19.45478114060094 75
    endloop
  endfacet
  facet normal 0 0 -1
    outer loop
      vertex -19.878640393512843 19.716689196150465 75
      vertex -20.732685566541086 16.529349218450108 75
      vertex -20.794173153878752 16.867274466300238 75
    endloop
  endfacet
  facet normal 0 0 -1
    outer loop
      vertex -20.10085283008974 19.45478114060094 75
      vertex -20.794173153878752 16.867274466300238 75
      vertex -20.822242195237695 17.209599349194196 75
    endloop
  endfacet
  facet normal -0.8222682189897802 0.5691001458788908 -5.629246626353624e-17
    outer loop
      vertex -20.10085283008974 19.45478114060094 75.1063001751932
      vertex -20.29632377441344 19.1723536163467 75
      vertex -20.29632377441344 19.1723536163467 75.05832896313993
    endloop
  endfacet
  facet normal -0.8740903416267465 0.48576339371636224 0
    outer loop
      vertex -20.29632377441344 19.1723536163467 75
      vertex -20.33880593859585 19.095910537507113 75.04574509661413
      vertex -20.29632377441344 19.1723536163467 75.05832896313993
    endloop
  endfacet
  facet normal -0.8740903416267568 0.4857633937163438 -4.0223238859804323e-14
    outer loop
      vertex -20.29632377441344 19.1723536163467 75
      vertex -20.463170734434826 18.872126554836917 75
      vertex -20.33880593859585 19.095910537507113 75.04574509661413
    endloop
  endfacet
  facet normal 0 0 -1
    outer loop
      vertex -20.10085283008974 19.45478114060094 75
      vertex -20.822242195237695 17.209599349194196 75
      vertex -20.29632377441344 19.1723536163467 75
    endloop
  endfacet
  facet normal -0.8740903416267602 0.48576339371633753 -3.1184567957210813e-17
    outer loop
      vertex -20.33880593859585 19.095910537507113 75.04574509661413
      vertex -20.463170734434826 18.872126554836917 75
      vertex -20.463170734434826 18.872126554836917 75.03354460529407
    endloop
  endfacet
  facet normal 0 0 -1
    outer loop
      vertex -20.29632377441344 19.1723536163467 75
      vertex -20.816622370405526 17.553027091375917 75
      vertex -20.463170734434826 18.872126554836917 75
    endloop
  endfacet
  facet normal -0.9174944964474958 0.39774847452700085 0
    outer loop
      vertex -20.463170734434826 18.872126554836917 75
      vertex -20.59978688272105 18.556991306794732 75
      vertex -20.463170734434826 18.872126554836917 75.03354460529407
    endloop
  endfacet
  facet normal -0.9174944964474958 0.39774847452700085 -2.6305540762196713e-16
    outer loop
      vertex -20.463170734434826 18.872126554836917 75.03354460529407
      vertex -20.59978688272105 18.556991306794732 75
      vertex -20.59978688272105 18.556991306794732 75.01685345664731
    endloop
  endfacet
  facet normal 0 0 -1
    outer loop
      vertex -20.463170734434826 18.872126554836917 75
      vertex -20.777367801367493 17.894250295951476 75
      vertex -20.59978688272105 18.556991306794732 75
    endloop
  endfacet
  facet normal -0.9520626777139214 0.30590302009656245 0
    outer loop
      vertex -20.59978688272105 18.556991306794732 75
      vertex -20.704856531082154 18.22998279692924 75
      vertex -20.59978688272105 18.556991306794732 75.01685345664731
    endloop
  endfacet
  facet normal 0 0 -1
    outer loop
      vertex -20.29632377441344 19.1723536163467 75
      vertex -20.822242195237695 17.209599349194196 75
      vertex -20.816622370405526 17.553027091375917 75
    endloop
  endfacet
  facet normal 0 0 -1
    outer loop
      vertex -20.59978688272105 18.556991306794732 75
      vertex -20.777367801367493 17.894250295951476 75
      vertex -20.704856531082154 18.22998279692924 75
    endloop
  endfacet
  facet normal 0 0 -1
    outer loop
      vertex -20.463170734434826 18.872126554836917 75
      vertex -20.816622370405526 17.553027091375917 75
      vertex -20.777367801367493 17.894250295951476 75
    endloop
  endfacet
  facet normal -0.9774619749435708 0.21111155235897025 0
    outer loop
      vertex -20.704856531082154 18.22998279692924 75
      vertex -20.777367801367493 17.894250295951476 75
      vertex -20.704856531082154 18.22998279692924 77.5
    endloop
  endfacet
  facet normal -0.9998661379095617 0.01636173162649377 0
    outer loop
      vertex -20.816622370405526 17.553027091375917 75
      vertex -20.822242195237695 17.209599349194196 75
      vertex -20.816622370405526 17.553027091375917 77.5
    endloop
  endfacet
  facet normal -0.9934477790194456 0.11428696496683682 0
    outer loop
      vertex -20.777367801367493 17.894250295951476 75
      vertex -20.816622370405526 17.553027091375917 75
      vertex -20.777367801367493 17.894250295951476 77.5
    endloop
  endfacet
  facet normal -0.9838460059270793 -0.1790168612766233 -1.5709184724264464e-18
    outer loop
      vertex -20.732685566541086 16.529349218450108 75
      vertex -20.794173153878752 16.867274466300238 77.5
      vertex -20.794173153878752 16.867274466300238 75
    endloop
  endfacet
  facet normal -0.9966552393091802 -0.08172107413366946 -5.743123809082556e-19
    outer loop
      vertex -20.794173153878752 16.867274466300238 75
      vertex -20.822242195237695 17.209599349194196 77.5
      vertex -20.822242195237695 17.209599349194196 75
    endloop
  endfacet
  facet normal 0 0 1
    outer loop
      vertex -20.16907953514107 15.285444200033108 77.5
      vertex -20.704856531082154 18.22998279692924 77.5
      vertex -20.35520505231595 15.574116139070414 77.5
    endloop
  endfacet
  facet normal -0.9300172236840104 -0.36751593659470816 0
    outer loop
      vertex -20.51213952629453 15.879641534755034 75
      vertex -20.51213952629453 15.879641534755034 77.5
      vertex -20.638371592303287 16.199078010509353 77.5
    endloop
  endfacet
  facet normal -0.9615617976829597 -0.2745886181849403 0
    outer loop
      vertex -20.638371592303287 16.199078010509353 75
      vertex -20.638371592303287 16.199078010509353 77.5
      vertex -20.732685566541086 16.529349218450108 77.5
    endloop
  endfacet
  facet normal 0 0 1
    outer loop
      vertex -20.35520505231595 15.574116139070414 77.5
      vertex -20.704856531082154 18.22998279692924 77.5
      vertex -20.51213952629453 15.879641534755034 77.5
    endloop
  endfacet
  facet normal 0 0 1
    outer loop
      vertex -20.51213952629453 15.879641534755034 77.5
      vertex -20.704856531082154 18.22998279692924 77.5
      vertex -20.638371592303287 16.199078010509353 77.5
    endloop
  endfacet
  facet normal -0.9774619749435708 0.21111155235897025 0
    outer loop
      vertex -20.777367801367493 17.894250295951476 75
      vertex -20.777367801367493 17.894250295951476 77.5
      vertex -20.704856531082154 18.22998279692924 77.5
    endloop
  endfacet
  facet normal -0.9934477790194456 0.11428696496683682 0
    outer loop
      vertex -20.816622370405526 17.553027091375917 75
      vertex -20.816622370405526 17.553027091375917 77.5
      vertex -20.777367801367493 17.894250295951476 77.5
    endloop
  endfacet
  facet normal 0 0 1
    outer loop
      vertex -20.704856531082154 18.22998279692924 77.5
      vertex -20.822242195237695 17.209599349194196 77.5
      vertex -20.794173153878752 16.867274466300238 77.5
    endloop
  endfacet
  facet normal 0 0 1
    outer loop
      vertex -20.704856531082154 18.22998279692924 77.5
      vertex -20.777367801367493 17.894250295951476 77.5
      vertex -20.816622370405526 17.553027091375917 77.5
    endloop
  endfacet
  facet normal 0 0 1
    outer loop
      vertex -20.704856531082154 18.22998279692924 77.5
      vertex -20.816622370405526 17.553027091375917 77.5
      vertex -20.822242195237695 17.209599349194196 77.5
    endloop
  endfacet
  facet normal -0.9838460059270793 -0.1790168612766233 0
    outer loop
      vertex -20.732685566541086 16.529349218450108 75
      vertex -20.732685566541086 16.529349218450108 77.5
      vertex -20.794173153878752 16.867274466300238 77.5
    endloop
  endfacet
  facet normal -0.9966552393091802 -0.08172107413366946 0
    outer loop
      vertex -20.794173153878752 16.867274466300238 75
      vertex -20.794173153878752 16.867274466300238 77.5
      vertex -20.822242195237695 17.209599349194196 77.5
    endloop
  endfacet
  facet normal 0 0 1
    outer loop
      vertex -20.638371592303287 16.199078010509353 77.5
      vertex -20.704856531082154 18.22998279692924 77.5
      vertex -20.732685566541086 16.529349218450108 77.5
    endloop
  endfacet
  facet normal 0 0 1
    outer loop
      vertex -20.704856531082154 18.22998279692924 77.5
      vertex -20.794173153878752 16.867274466300238 77.5
      vertex -20.732685566541086 16.529349218450108 77.5
    endloop
  endfacet
  facet normal -0.9998661379095617 0.01636173162649377 0
    outer loop
      vertex -20.822242195237695 17.209599349194196 75
      vertex -20.822242195237695 17.209599349194196 77.5
      vertex -20.816622370405526 17.553027091375917 77.5
    endloop
  endfacet
  facet normal -0.9978589232386034 0.06540312923014495 0
    outer loop
      vertex -15.585449651750094 16.85824185788588 77.5
      vertex -15.539515388597557 17.559063285066507 75
      vertex -15.585449651750094 16.85824185788588 75
    endloop
  endfacet
  facet normal -0.8968727415326903 0.4422886902189972 -1.009688544534291e-18
    outer loop
      vertex -15.896080126546192 16.228345566854717 77.5
      vertex -15.585449651750094 16.85824185788588 77.5
      vertex -15.585449651750094 16.85824185788588 75
    endloop
  endfacet
  facet normal -0.7518398074789796 -0.6593458151000664 6.313774810310462e-18
    outer loop
      vertex -16.228345566854717 18.75215215159464 75
      vertex -15.765270412258426 18.224116139070414 75
      vertex -15.765270412258426 18.224116139070414 77.6207315169776
    endloop
  endfacet
  facet normal -0.7518398074789752 -0.6593458151000715 -1.7416070296991768e-15
    outer loop
      vertex -16.228345566854717 18.75215215159464 75
      vertex -15.765270412258426 18.224116139070414 77.6207315169776
      vertex -15.875452156112292 18.349754338615544 77.63450303717738
    endloop
  endfacet
  facet normal -0.4422886902190012 -0.8968727415326884 -7.13061290832883e-18
    outer loop
      vertex -16.858241857885876 19.06278262639074 75
      vertex -16.228345566854717 18.75215215159464 75
      vertex -16.228345566854717 18.75215215159464 77.70898556133254
    endloop
  endfacet
  facet normal -0.7518398074789809 -0.659345815100065 -3.2889192014977336e-18
    outer loop
      vertex -15.875452156112292 18.349754338615544 77.63450303717738
      vertex -16.228345566854717 18.75215215159464 77.70898556133254
      vertex -16.228345566854717 18.75215215159464 75
    endloop
  endfacet
  facet normal -0.4422886902190012 -0.8968727415326883 0
    outer loop
      vertex -16.858241857885876 19.06278262639074 75
      vertex -16.228345566854717 18.75215215159464 77.70898556133254
      vertex -16.858241857885876 19.06278262639074 77.7433064934498
    endloop
  endfacet
  facet normal -0.946930129495106 -0.32143946530316053 2.3045018209696786e-18
    outer loop
      vertex -15.765270412258426 18.224116139070414 75
      vertex -15.539515388597557 17.559063285066507 75
      vertex -15.539515388597557 17.559063285066507 77.53410893288732
    endloop
  endfacet
  facet normal -0.8968727415326903 0.4422886902189972 0
    outer loop
      vertex -15.896080126546192 16.228345566854717 77.5
      vertex -15.585449651750094 16.85824185788588 75
      vertex -15.896080126546192 16.228345566854717 75
    endloop
  endfacet
  facet normal -0.659345815100065 0.7518398074789807 -3.3670906223658287e-18
    outer loop
      vertex -15.896080126546192 16.228345566854717 75
      vertex -16.424116139070417 15.765270412258428 75
      vertex -16.424116139070417 15.765270412258428 77.5
    endloop
  endfacet
  facet normal -0.3214394653031628 0.9469301294951052 6.569908599942128e-18
    outer loop
      vertex -16.424116139070417 15.765270412258428 75
      vertex -17.089168993074324 15.539515388597557 75
      vertex -17.089168993074324 15.539515388597557 77.5
    endloop
  endfacet
  facet normal -0.9978589232386252 0.06540312922981228 3.8472463384617785e-21
    outer loop
      vertex -15.539696116530076 17.55630590965855 77.53370691329462
      vertex -15.539515388597557 17.559063285066507 77.53410893288732
      vertex -15.539515388597557 17.559063285066507 75
    endloop
  endfacet
  facet normal -0.9978589232386033 0.06540312923014624 3.650111654829776e-16
    outer loop
      vertex -15.539696116530076 17.55630590965855 77.53370691329462
      vertex -15.539515388597557 17.559063285066507 75
      vertex -15.585449651750094 16.85824185788588 77.5
    endloop
  endfacet
  facet normal -0.659345815100065 0.7518398074789807 0
    outer loop
      vertex -15.896080126546192 16.228345566854717 75
      vertex -16.424116139070417 15.765270412258428 77.5
      vertex -15.896080126546192 16.228345566854717 77.5
    endloop
  endfacet
  facet normal -0.946930129495106 -0.3214394653031606 2.228331522150453e-18
    outer loop
      vertex -15.539515388597557 17.559063285066507 77.53410893288732
      vertex -15.765270412258426 18.224116139070414 77.6207315169776
      vertex -15.765270412258426 18.224116139070414 75
    endloop
  endfacet
  facet normal -0.3214394653031628 0.9469301294951052 0
    outer loop
      vertex -16.424116139070417 15.765270412258428 75
      vertex -17.089168993074324 15.539515388597557 77.5
      vertex -16.424116139070417 15.765270412258428 77.5
    endloop
  endfacet
  facet normal 0.06540312923014462 0.9978589232386034 1.2125587028491937e-18
    outer loop
      vertex -17.089168993074324 15.539515388597557 75
      vertex -17.789990420254956 15.585449651750094 75
      vertex -17.789990420254956 15.585449651750094 77.5
    endloop
  endfacet
  facet normal 0.06540312923014462 0.9978589232386034 0
    outer loop
      vertex -17.089168993074324 15.539515388597557 75
      vertex -17.789990420254956 15.585449651750094 77.5
      vertex -17.089168993074324 15.539515388597557 77.5
    endloop
  endfacet
  facet normal -0.9978589232386033 0.06540312923014627 9.435643205167532e-19
    outer loop
      vertex -15.539696116530076 17.55630590965855 91.46629308670538
      vertex -15.585449651750094 16.85824185788588 91.5
      vertex -15.585449651750094 16.85824185788588 94
    endloop
  endfacet
  facet normal -0.8968727415326903 0.4422886902189972 0
    outer loop
      vertex -15.585449651750094 16.85824185788588 91.5
      vertex -15.896080126546192 16.228345566854717 93.96615994331609
      vertex -15.585449651750094 16.85824185788588 94
    endloop
  endfacet
  facet normal -0.7518398074789752 -0.6593458151000713 1.1883237483437217e-18
    outer loop
      vertex -15.875452156112292 18.349754338615544 91.36549696282262
      vertex -15.765270412258426 18.224116139070414 91.3792684830224
      vertex -15.765270412258426 18.224116139070414 93.90357897296907
    endloop
  endfacet
  facet normal -0.7518398074789809 -0.659345815100065 5.704875568344046e-16
    outer loop
      vertex -15.875452156112292 18.349754338615544 91.36549696282262
      vertex -15.765270412258426 18.224116139070414 93.90357897296907
      vertex -16.228345566854717 18.75215215159464 91.29101443866746
    endloop
  endfacet
  facet normal -0.7518398074789795 -0.6593458151000665 6.477004996369358e-18
    outer loop
      vertex -15.765270412258426 18.224116139070414 93.90357897296907
      vertex -16.228345566854717 18.75215215159464 93.84569961271859
      vertex -16.228345566854717 18.75215215159464 91.29101443866746
    endloop
  endfacet
  facet normal -0.4422886902190012 -0.8968727415326883 -7.5612946786247e-18
    outer loop
      vertex -16.858241857885876 19.06278262639074 91.2566935065502
      vertex -16.228345566854717 18.75215215159464 91.29101443866746
      vertex -16.228345566854717 18.75215215159464 93.84569961271859
    endloop
  endfacet
  facet normal -0.44228869021900125 -0.8968727415326883 0
    outer loop
      vertex -16.858241857885876 19.06278262639074 93.82537508422831
      vertex -16.858241857885876 19.06278262639074 91.2566935065502
      vertex -16.228345566854717 18.75215215159464 93.84569961271859
    endloop
  endfacet
  facet normal -0.9978589232386251 0.06540312922981227 3.89931715188894e-21
    outer loop
      vertex -15.539696116530076 17.55630590965855 91.46629308670538
      vertex -15.539515388597557 17.559063285066507 93.96615994331609
      vertex -15.539515388597557 17.559063285066507 91.46589106711268
    endloop
  endfacet
  facet normal -0.896872741532691 0.44228869021899586 -4.1631497076501507e-16
    outer loop
      vertex -15.894857953822948 16.230823887972036 91.46629308670538
      vertex -15.896080126546192 16.228345566854717 93.96615994331609
      vertex -15.585449651750094 16.85824185788588 91.5
    endloop
  endfacet
  facet normal -0.8968727415325245 0.4422886902193337 -1.3390660720711113e-20
    outer loop
      vertex -15.894857953822948 16.230823887972036 91.46629308670538
      vertex -15.896080126546192 16.228345566854717 91.46589106711268
      vertex -15.896080126546192 16.228345566854717 93.96615994331609
    endloop
  endfacet
  facet normal -0.946930129495106 -0.32143946530316053 3.8578945588131743e-16
    outer loop
      vertex -15.633199244093339 17.835047023816678 93.95425490338587
      vertex -15.765270412258426 18.224116139070414 91.3792684830224
      vertex -15.539515388597557 17.559063285066507 91.46589106711268
    endloop
  endfacet
  facet normal -0.9978589232386034 0.06540312923014494 -3.696560166407771e-16
    outer loop
      vertex -15.585449651750094 16.85824185788588 94
      vertex -15.539515388597557 17.559063285066507 93.96615994331609
      vertex -15.539696116530076 17.55630590965855 91.46629308670538
    endloop
  endfacet
  facet normal -0.9469301294951071 -0.3214394653031574 1.0109298495185803e-19
    outer loop
      vertex -15.633199244093339 17.835047023816678 93.95425490338587
      vertex -15.539515388597557 17.559063285066507 91.46589106711268
      vertex -15.539515388597557 17.559063285066507 93.96615994331609
    endloop
  endfacet
  facet normal -0.6593458151000554 0.7518398074789892 2.985975938752261e-19
    outer loop
      vertex -16.115204594705098 16.036178565813557 93.95425490338587
      vertex -15.896080126546192 16.228345566854717 93.96615994331609
      vertex -15.896080126546192 16.228345566854717 91.46589106711268
    endloop
  endfacet
  facet normal -0.9469301294951054 -0.32143946530316286 -3.231387240546915e-18
    outer loop
      vertex -15.633199244093339 17.835047023816678 93.95425490338587
      vertex -15.765270412258426 18.224116139070414 93.90357897296907
      vertex -15.765270412258426 18.224116139070414 91.3792684830224
    endloop
  endfacet
  facet normal -0.659345815100065 0.7518398074789808 -3.3346636990334754e-18
    outer loop
      vertex -15.896080126546192 16.228345566854717 91.46589106711268
      vertex -16.424116139070417 15.765270412258428 91.3792684830224
      vertex -16.424116139070417 15.765270412258428 93.90357897296907
    endloop
  endfacet
  facet normal -0.6593458151000716 0.751839807478975 -2.519542682429612e-15
    outer loop
      vertex -16.115204594705098 16.036178565813557 93.95425490338587
      vertex -15.896080126546192 16.228345566854717 91.46589106711268
      vertex -16.424116139070417 15.765270412258428 93.90357897296907
    endloop
  endfacet
  facet normal -0.3214394653031789 0.9469301294950998 -4.823804334087999e-15
    outer loop
      vertex -16.5823554280537 15.711555411693537 91.36549696282262
      vertex -17.089168993074324 15.539515388597557 93.84569961271859
      vertex -16.424116139070417 15.765270412258428 91.3792684830224
    endloop
  endfacet
  facet normal -0.3214394653031628 0.9469301294951052 0
    outer loop
      vertex -16.424116139070417 15.765270412258428 91.3792684830224
      vertex -17.089168993074324 15.539515388597557 93.84569961271859
      vertex -16.424116139070417 15.765270412258428 93.90357897296907
    endloop
  endfacet
  facet normal -0.3214394653031577 0.946930129495107 4.3195246353642985e-18
    outer loop
      vertex -16.5823554280537 15.711555411693537 91.36549696282262
      vertex -17.089168993074324 15.539515388597557 91.29101443866746
      vertex -17.089168993074324 15.539515388597557 93.84569961271859
    endloop
  endfacet
  facet normal 0.06540312923014462 0.9978589232386035 1.1866028690791288e-18
    outer loop
      vertex -17.789990420254956 15.585449651750094 93.82537508422831
      vertex -17.089168993074324 15.539515388597557 93.84569961271859
      vertex -17.089168993074324 15.539515388597557 91.29101443866746
    endloop
  endfacet
  facet normal 0.06540312923014462 0.9978589232386034 1.1801372281663413e-18
    outer loop
      vertex -17.089168993074324 15.539515388597557 91.29101443866746
      vertex -17.789990420254956 15.585449651750094 91.2566935065502
      vertex -17.789990420254956 15.585449651750094 93.82537508422831
    endloop
  endfacet
  facet normal -0.06540312923014209 -0.9978589232386036 -1.0188135574366706e-18
    outer loop
      vertex -17.559063285066507 19.108716889543274 75
      vertex -16.858241857885876 19.06278262639074 75
      vertex -16.858241857885876 19.06278262639074 77.7433064934498
    endloop
  endfacet
  facet normal -0.0654031292301421 -0.9978589232386036 0
    outer loop
      vertex -17.559063285066507 19.108716889543274 75
      vertex -16.858241857885876 19.06278262639074 77.7433064934498
      vertex -17.559063285066507 19.108716889543274 77.70898556133254
    endloop
  endfacet
  facet normal 0.32143946530316286 -0.9469301294951052 6.06307089055729e-18
    outer loop
      vertex -18.224116139070414 18.882961865882404 75
      vertex -17.559063285066507 19.108716889543274 75
      vertex -17.559063285066507 19.108716889543274 77.70898556133254
    endloop
  endfacet
  facet normal 0.32143946530316275 -0.9469301294951054 3.794908434729025e-17
    outer loop
      vertex -18.06587685008713 18.936676866447293 77.63450303717738
      vertex -18.224116139070414 18.882961865882404 75
      vertex -17.559063285066507 19.108716889543274 77.70898556133254
    endloop
  endfacet
  facet normal 0.32143946530316325 -0.9469301294951051 6.482633570069136e-19
    outer loop
      vertex -18.06587685008713 18.936676866447293 77.63450303717738
      vertex -18.224116139070414 18.882961865882404 77.6207315169776
      vertex -18.224116139070414 18.882961865882404 75
    endloop
  endfacet
  facet normal 0.44228869021900125 0.8968727415326883 -7.72669096484569e-18
    outer loop
      vertex -17.789990420254956 15.585449651750094 75
      vertex -18.419886711286114 15.896080126546194 75
      vertex -18.419886711286114 15.896080126546194 77.5
    endloop
  endfacet
  facet normal 0.44228869021900125 0.8968727415326883 -7.72669096484569e-18
    outer loop
      vertex -18.419886711286114 15.896080126546194 77.5
      vertex -17.789990420254956 15.585449651750094 77.5
      vertex -17.789990420254956 15.585449651750094 75
    endloop
  endfacet
  facet normal 0.7518398074789796 0.6593458151000663 -2.3741534794797854e-18
    outer loop
      vertex -18.419886711286114 15.896080126546194 75
      vertex -18.882961865882404 16.424116139070417 75
      vertex -18.882961865882404 16.424116139070417 77.5
    endloop
  endfacet
  facet normal 0.6593458151000651 -0.7518398074789807 -3.2119759316751566e-18
    outer loop
      vertex -18.75215215159464 18.419886711286114 75
      vertex -18.224116139070414 18.882961865882404 75
      vertex -18.224116139070414 18.882961865882404 77.6207315169776
    endloop
  endfacet
  facet normal 0.8968727415326914 -0.4422886902189952 -2.1718450714922769e-16
    outer loop
      vertex -18.75215215159464 18.419886711286114 75
      vertex -18.753374324317882 18.417408390168795 77.53370691329462
      vertex -19.062782626390735 17.789990420254952 75
    endloop
  endfacet
  facet normal 0.9469301294951052 0.3214394653031628 -6.569908599942128e-18
    outer loop
      vertex -18.882961865882404 16.424116139070417 75
      vertex -19.108716889543274 17.089168993074324 75
      vertex -19.108716889543274 17.089168993074324 77.5
    endloop
  endfacet
  facet normal 0.7518398074789796 0.6593458151000663 0
    outer loop
      vertex -18.419886711286114 15.896080126546194 75
      vertex -18.882961865882404 16.424116139070417 77.5
      vertex -18.419886711286114 15.896080126546194 77.5
    endloop
  endfacet
  facet normal 0.6593458151000651 -0.7518398074789807 0
    outer loop
      vertex -18.75215215159464 18.419886711286114 75
      vertex -18.224116139070414 18.882961865882404 77.6207315169776
      vertex -18.75215215159464 18.419886711286114 77.53410893288732
    endloop
  endfacet
  facet normal 0.8968727415327794 -0.4422886902188165 -3.0616761270134367e-21
    outer loop
      vertex -18.753374324317882 18.417408390168795 77.53370691329462
      vertex -18.75215215159464 18.419886711286114 75
      vertex -18.75215215159464 18.419886711286114 77.53410893288732
    endloop
  endfacet
  facet normal 0.9978589232386031 -0.06540312923014746 -1.639596610707398e-18
    outer loop
      vertex -19.062782626390735 17.789990420254952 77.5
      vertex -19.108716889543274 17.089168993074324 77.5
      vertex -19.108716889543274 17.089168993074324 75
    endloop
  endfacet
  facet normal 0.9469301294951052 0.3214394653031628 -6.569908599942128e-18
    outer loop
      vertex -19.108716889543274 17.089168993074324 77.5
      vertex -18.882961865882404 16.424116139070417 77.5
      vertex -18.882961865882404 16.424116139070417 75
    endloop
  endfacet
  facet normal 0.9978589232386031 -0.06540312923014746 0
    outer loop
      vertex -19.062782626390735 17.789990420254952 77.5
      vertex -19.108716889543274 17.089168993074324 75
      vertex -19.062782626390735 17.789990420254952 75
    endloop
  endfacet
  facet normal 0.8968727415326909 -0.44228869021899586 0
    outer loop
      vertex -19.062782626390735 17.789990420254952 75
      vertex -18.753374324317882 18.417408390168795 77.53370691329462
      vertex -19.062782626390735 17.789990420254952 77.5
    endloop
  endfacet
  facet normal -0.0654031292301421 -0.9978589232386035 0
    outer loop
      vertex -16.858241857885876 19.06278262639074 91.2566935065502
      vertex -16.858241857885876 19.06278262639074 93.82537508422831
      vertex -17.559063285066507 19.108716889543274 91.29101443866746
    endloop
  endfacet
  facet normal 0.32143946530316275 -0.9469301294951052 2.592965897695204e-18
    outer loop
      vertex -18.06587685008713 18.936676866447293 91.36549696282262
      vertex -17.559063285066507 19.108716889543274 91.29101443866746
      vertex -17.559063285066507 19.108716889543274 93.84569961271859
    endloop
  endfacet
  facet normal -0.0654031292301421 -0.9978589232386036 0
    outer loop
      vertex -17.559063285066507 19.108716889543274 91.29101443866746
      vertex -16.858241857885876 19.06278262639074 93.82537508422831
      vertex -17.559063285066507 19.108716889543274 93.84569961271859
    endloop
  endfacet
  facet normal 0.32143946530316325 -0.946930129495105 -1.2343717183053628e-16
    outer loop
      vertex -18.06587685008713 18.936676866447293 91.36549696282262
      vertex -17.559063285066507 19.108716889543274 93.84569961271859
      vertex -18.224116139070414 18.882961865882404 91.3792684830224
    endloop
  endfacet
  facet normal 0.3214394653031628 -0.9469301294951052 0
    outer loop
      vertex -18.224116139070414 18.882961865882404 93.90357897296907
      vertex -18.224116139070414 18.882961865882404 91.3792684830224
      vertex -17.559063285066507 19.108716889543274 93.84569961271859
    endloop
  endfacet
  facet normal 0.44228869021900125 0.8968727415326883 0
    outer loop
      vertex -17.789990420254956 15.585449651750094 93.82537508422831
      vertex -17.789990420254956 15.585449651750094 91.2566935065502
      vertex -18.419886711286114 15.896080126546194 93.84569961271859
    endloop
  endfacet
  facet normal 0.4422886902190012 0.8968727415326883 -7.5612946786247e-18
    outer loop
      vertex -17.789990420254956 15.585449651750094 91.2566935065502
      vertex -18.419886711286114 15.896080126546194 91.29101443866746
      vertex -18.419886711286114 15.896080126546194 93.84569961271859
    endloop
  endfacet
  facet normal 0.7518398074789794 0.6593458151000665 -1.0598957597607127e-16
    outer loop
      vertex -18.77278012202854 16.298477939525288 91.36549696282262
      vertex -18.882961865882404 16.424116139070417 93.90357897296907
      vertex -18.419886711286114 15.896080126546194 91.29101443866746
    endloop
  endfacet
  facet normal 0.7518398074789805 0.6593458151000654 -2.3654172080562794e-19
    outer loop
      vertex -18.77278012202854 16.298477939525288 91.36549696282262
      vertex -18.882961865882404 16.424116139070417 91.3792684830224
      vertex -18.882961865882404 16.424116139070417 93.90357897296907
    endloop
  endfacet
  facet normal 0.7518398074789797 0.6593458151000663 -2.3233327374297715e-18
    outer loop
      vertex -18.882961865882404 16.424116139070417 93.90357897296907
      vertex -18.419886711286114 15.896080126546194 93.84569961271859
      vertex -18.419886711286114 15.896080126546194 91.29101443866746
    endloop
  endfacet
  facet normal 0.659345815100065 -0.7518398074789808 0
    outer loop
      vertex -18.224116139070414 18.882961865882404 93.90357897296907
      vertex -18.75215215159464 18.419886711286114 91.46589106711268
      vertex -18.224116139070414 18.882961865882404 91.3792684830224
    endloop
  endfacet
  facet normal 0.8968727415327794 -0.4422886902188165 -3.103114587761405e-21
    outer loop
      vertex -18.753374324317882 18.417408390168795 91.46629308670538
      vertex -18.75215215159464 18.419886711286114 91.46589106711268
      vertex -18.75215215159464 18.419886711286114 93.96615994331609
    endloop
  endfacet
  facet normal 0.896872741532691 -0.4422886902189958 2.2095144063228398e-16
    outer loop
      vertex -18.753374324317882 18.417408390168795 91.46629308670538
      vertex -18.75215215159464 18.419886711286114 93.96615994331609
      vertex -19.062782626390735 17.789990420254952 91.5
    endloop
  endfacet
  facet normal 0.9978589232385832 -0.06540312923045237 5.168406085405486e-21
    outer loop
      vertex -19.108536161610754 17.09192636848228 91.46629308670538
      vertex -19.108716889543274 17.089168993074324 93.96615994331609
      vertex -19.108716889543274 17.089168993074324 91.46589106711268
    endloop
  endfacet
  facet normal 0.6593458151000716 -0.751839807478975 -2.519542682429612e-15
    outer loop
      vertex -18.533027683435733 18.612053712327274 93.95425490338587
      vertex -18.75215215159464 18.419886711286114 91.46589106711268
      vertex -18.224116139070414 18.882961865882404 93.90357897296907
    endloop
  endfacet
  facet normal 0.6593458151000554 -0.7518398074789892 2.985975938752261e-19
    outer loop
      vertex -18.533027683435733 18.612053712327274 93.95425490338587
      vertex -18.75215215159464 18.419886711286114 93.96615994331609
      vertex -18.75215215159464 18.419886711286114 91.46589106711268
    endloop
  endfacet
  facet normal 0.9469301294951052 0.32143946530316286 -1.3447326863728693e-18
    outer loop
      vertex -19.01503303404749 16.813185254324154 93.95425490338587
      vertex -19.108716889543274 17.089168993074324 91.46589106711268
      vertex -19.108716889543274 17.089168993074324 93.96615994331609
    endloop
  endfacet
  facet normal 0.9978589232386031 -0.06540312923014747 3.3657575441853675e-16
    outer loop
      vertex -19.062782626390735 17.789990420254952 94
      vertex -19.108716889543274 17.089168993074324 93.96615994331609
      vertex -19.108536161610754 17.09192636848228 91.46629308670538
    endloop
  endfacet
  facet normal 0.9469301294951052 0.32143946530316286 1.8765823707719659e-19
    outer loop
      vertex -18.882961865882404 16.424116139070417 91.3792684830224
      vertex -19.108716889543274 17.089168993074324 91.46589106711268
      vertex -19.01503303404749 16.813185254324154 93.95425490338587
    endloop
  endfacet
  facet normal 0.9469301294951054 0.32143946530316286 0
    outer loop
      vertex -18.882961865882404 16.424116139070417 91.3792684830224
      vertex -19.01503303404749 16.813185254324154 93.95425490338587
      vertex -18.882961865882404 16.424116139070417 93.90357897296907
    endloop
  endfacet
  facet normal 0.9978589232386033 -0.06540312923014627 0
    outer loop
      vertex -19.062782626390735 17.789990420254952 91.5
      vertex -19.062782626390735 17.789990420254952 94
      vertex -19.108536161610754 17.09192636848228 91.46629308670538
    endloop
  endfacet
  facet normal 0.8968727415326914 -0.44228869021899514 -5.9632687751427835e-18
    outer loop
      vertex -18.75215215159464 18.419886711286114 93.96615994331609
      vertex -19.062782626390735 17.789990420254952 94
      vertex -19.062782626390735 17.789990420254952 91.5
    endloop
  endfacet
endsolid OpenSCAD_Model
