solid OpenSCAD_Model
  facet normal 0 -0.410237 0.911979
    outer loop
      vertex 12.5002 -1.5207e-08 10.9464
      vertex 14.1002 -1.5207e-08 10.9464
      vertex 14.0205 0.809636 11.3106
    endloop
  endfacet
  facet normal 1.82226e-06 -0.41023 0.911982
    outer loop
      vertex 12.376 1.26114 11.5137
      vertex 14.0205 0.809636 11.3106
      vertex 13.9453 1.57327 11.6541
    endloop
  endfacet
  facet normal 0 -0.410228 0.911983
    outer loop
      vertex 14.1002 -1.5207e-08 10.9464
      vertex 12.5002 -1.5207e-08 10.9464
      vertex 14.0249 -0.764751 10.6024
    endloop
  endfacet
  facet normal 1.1934e-05 -0.410272 0.911963
    outer loop
      vertex 12.376 1.26114 11.5137
      vertex 13.9453 1.57327 11.6541
      vertex 13.4864 3.08611 12.3347
    endloop
  endfacet
  facet normal -1.84077e-06 -0.410234 0.91198
    outer loop
      vertex 14.0205 0.809636 11.3106
      vertex 12.4363 0.648915 11.2383
      vertex 12.5002 -1.5207e-08 10.9464
    endloop
  endfacet
  facet normal -2.40421e-05 -0.410267 0.911965
    outer loop
      vertex 12.0082 2.4738 12.0592
      vertex 13.4864 3.08611 12.3347
      vertex 13.1256 3.76099 12.6383
    endloop
  endfacet
  facet normal -4.01591e-05 -0.410139 0.912023
    outer loop
      vertex 12.376 -1.26114 10.3791
      vertex 14.0249 -0.764751 10.6024
      vertex 12.4399 -0.61294 10.6706
    endloop
  endfacet
  facet normal -1.39753e-05 -0.410262 0.911968
    outer loop
      vertex 11.5933 3.25 12.4084
      vertex 13.1256 3.76099 12.6383
      vertex 12.7411 4.48033 12.9619
    endloop
  endfacet
  facet normal 3.10349e-05 -0.410336 0.911935
    outer loop
      vertex 14.0249 -0.764751 10.6024
      vertex 12.376 -1.26114 10.3791
      vertex 13.9453 -1.57327 10.2386
    endloop
  endfacet
  facet normal 5.19188e-05 -0.410248 0.911974
    outer loop
      vertex 13.9453 -1.57327 10.2386
      vertex 12.376 -1.26114 10.3791
      vertex 13.4864 -3.08611 9.55808
    endloop
  endfacet
  facet normal -6.22736e-05 -0.410331 0.911937
    outer loop
      vertex 12.4399 -0.61294 10.6706
      vertex 14.0249 -0.764751 10.6024
      vertex 12.5002 -1.5207e-08 10.9464
    endloop
  endfacet
  facet normal -1.2141e-06 -0.410239 0.911978
    outer loop
      vertex 14.0205 0.809636 11.3106
      vertex 12.376 1.26114 11.5137
      vertex 12.4363 0.648915 11.2383
    endloop
  endfacet
  facet normal 2.51801e-06 -0.410274 0.911962
    outer loop
      vertex 11.4108 3.59142 12.562
      vertex 12.7411 4.48033 12.9619
      vertex 12.2563 5.07115 13.2277
    endloop
  endfacet
  facet normal -3.28697e-05 -0.41025 0.911973
    outer loop
      vertex 13.4864 3.08611 12.3347
      vertex 12.0082 2.4738 12.0592
      vertex 12.376 1.26114 11.5137
    endloop
  endfacet
  facet normal -2.39629e-05 -0.410197 0.911997
    outer loop
      vertex 10.6069 4.571 13.0027
      vertex 12.2563 5.07115 13.2277
      vertex 11.7382 5.70238 13.5116
    endloop
  endfacet
  facet normal 5.40281e-05 -0.410324 0.91194
    outer loop
      vertex 13.1256 3.76099 12.6383
      vertex 11.7188 3.01516 12.3028
      vertex 12.0082 2.4738 12.0592
    endloop
  endfacet
  facet normal -6.27526e-05 -0.410141 0.912022
    outer loop
      vertex 13.1256 3.76099 12.6383
      vertex 11.5933 3.25 12.4084
      vertex 11.7188 3.01516 12.3028
    endloop
  endfacet
  facet normal 4.02116e-06 -0.410276 0.911961
    outer loop
      vertex 12.7411 4.48033 12.9619
      vertex 11.4108 3.59142 12.562
      vertex 11.5933 3.25 12.4084
    endloop
  endfacet
  facet normal -5.31479e-05 -0.410248 0.911974
    outer loop
      vertex 12.2563 5.07115 13.2277
      vertex 10.9959 4.09698 12.7894
      vertex 11.4108 3.59142 12.562
    endloop
  endfacet
  facet normal 2.56795e-05 -0.410333 0.911936
    outer loop
      vertex 12.2563 5.07115 13.2277
      vertex 10.6069 4.571 13.0027
      vertex 10.9959 4.09698 12.7894
    endloop
  endfacet
  facet normal 3.5418e-05 -0.410246 0.911975
    outer loop
      vertex 10.5162 6.70529 13.9628
      vertex 10.6069 4.571 13.0027
      vertex 11.7382 5.70238 13.5116
    endloop
  endfacet
  facet normal 1.97015e-05 -0.410286 0.911957
    outer loop
      vertex 9.62727 5.37494 13.3643
      vertex 10.5162 6.70529 13.9628
      vertex 9.79475 7.0909 14.1363
    endloop
  endfacet
  facet normal -4.67896e-05 -0.410249 0.911974
    outer loop
      vertex 10.5162 6.70529 13.9628
      vertex 9.62727 5.37494 13.3643
      vertex 10.6069 4.571 13.0027
    endloop
  endfacet
  facet normal 2.03291e-05 -0.410272 0.911963
    outer loop
      vertex 8.50967 5.97231 13.6331
      vertex 9.79475 7.0909 14.1363
      vertex 9.12196 7.45052 14.2981
    endloop
  endfacet
  facet normal 6.11752e-05 -0.410289 0.911955
    outer loop
      vertex 9.79475 7.0909 14.1363
      vertex 9.08725 5.66359 13.4942
      vertex 9.62727 5.37494 13.3643
    endloop
  endfacet
  facet normal 2.12047e-05 -0.410273 0.911963
    outer loop
      vertex 9.79475 7.0909 14.1363
      vertex 8.50967 5.97231 13.6331
      vertex 9.08725 5.66359 13.4942
    endloop
  endfacet
  facet normal -7.81458e-05 -0.410238 0.911979
    outer loop
      vertex 9.12196 7.45052 14.2981
      vertex 7.88269 6.1625 13.7186
      vertex 8.50967 5.97231 13.6331
    endloop
  endfacet
  facet normal -3.08746e-05 -0.410276 0.911961
    outer loop
      vertex 7.60913 7.90942 14.5045
      vertex 7.88269 6.1625 13.7186
      vertex 9.12196 7.45052 14.2981
    endloop
  endfacet
  facet normal 2.43126e-05 -0.410269 0.911965
    outer loop
      vertex 7.60913 7.90942 14.5045
      vertex 7.50025 6.27851 13.7708
      vertex 7.88269 6.1625 13.7186
    endloop
  endfacet
  facet normal 0.000287703 -0.410283 0.911958
    outer loop
      vertex 7.60913 7.90942 14.5045
      vertex 7.297 6.34016 13.7986
      vertex 7.50025 6.27851 13.7708
    endloop
  endfacet
  facet normal -0.000125282 -0.410215 0.911989
    outer loop
      vertex 7.60913 7.90942 14.5045
      vertex 6.68804 6.40015 13.8255
      vertex 7.297 6.34016 13.7986
    endloop
  endfacet
  facet normal -7.86928e-06 -0.410275 0.911962
    outer loop
      vertex 6.03586 8.06438 14.5742
      vertex 6.68804 6.40015 13.8255
      vertex 7.60913 7.90942 14.5045
    endloop
  endfacet
  facet normal -2.10625e-07 -0.410272 0.911963
    outer loop
      vertex 6.03586 8.06438 14.5742
      vertex 6.03586 6.46439 13.8544
      vertex 6.68804 6.40015 13.8255
    endloop
  endfacet
  facet normal 0 -0.410272 0.911963
    outer loop
      vertex -6.03586 8.06438 14.5742
      vertex 6.03586 6.46439 13.8544
      vertex 6.03586 8.06438 14.5742
    endloop
  endfacet
  facet normal 0 -0.410272 0.911963
    outer loop
      vertex -6.03586 8.06438 14.5742
      vertex -6.03586 6.46439 13.8544
      vertex 6.03586 6.46439 13.8544
    endloop
  endfacet
  facet normal 2.10625e-07 -0.410272 0.911963
    outer loop
      vertex -6.03586 8.06438 14.5742
      vertex -6.68804 6.40015 13.8255
      vertex -6.03586 6.46439 13.8544
    endloop
  endfacet
  facet normal 7.86928e-06 -0.410275 0.911962
    outer loop
      vertex -7.60913 7.90942 14.5045
      vertex -6.68804 6.40015 13.8255
      vertex -6.03586 8.06438 14.5742
    endloop
  endfacet
  facet normal 0.000125282 -0.410215 0.911989
    outer loop
      vertex -6.68804 6.40015 13.8255
      vertex -7.60913 7.90942 14.5045
      vertex -7.297 6.34016 13.7986
    endloop
  endfacet
  facet normal -0.000287703 -0.410283 0.911958
    outer loop
      vertex -7.297 6.34016 13.7986
      vertex -7.60913 7.90942 14.5045
      vertex -7.50025 6.27851 13.7708
    endloop
  endfacet
  facet normal -2.43126e-05 -0.410269 0.911965
    outer loop
      vertex -7.60913 7.90942 14.5045
      vertex -7.88269 6.1625 13.7186
      vertex -7.50025 6.27851 13.7708
    endloop
  endfacet
  facet normal 3.08746e-05 -0.410276 0.911961
    outer loop
      vertex -9.12196 7.45052 14.2981
      vertex -7.88269 6.1625 13.7186
      vertex -7.60913 7.90942 14.5045
    endloop
  endfacet
  facet normal 7.81458e-05 -0.410238 0.911979
    outer loop
      vertex -7.88269 6.1625 13.7186
      vertex -9.12196 7.45052 14.2981
      vertex -8.50967 5.97231 13.6331
    endloop
  endfacet
  facet normal -2.03291e-05 -0.410272 0.911963
    outer loop
      vertex -9.79475 7.0909 14.1363
      vertex -8.50967 5.97231 13.6331
      vertex -9.12196 7.45052 14.2981
    endloop
  endfacet
  facet normal -2.12047e-05 -0.410273 0.911963
    outer loop
      vertex -8.50967 5.97231 13.6331
      vertex -9.79475 7.0909 14.1363
      vertex -9.08725 5.66359 13.4942
    endloop
  endfacet
  facet normal -6.11752e-05 -0.410289 0.911955
    outer loop
      vertex -9.08725 5.66359 13.4942
      vertex -9.79475 7.0909 14.1363
      vertex -9.62727 5.37494 13.3643
    endloop
  endfacet
  facet normal -1.97015e-05 -0.410286 0.911957
    outer loop
      vertex -10.5162 6.70529 13.9628
      vertex -9.62727 5.37494 13.3643
      vertex -9.79475 7.0909 14.1363
    endloop
  endfacet
  facet normal 4.67896e-05 -0.410249 0.911974
    outer loop
      vertex -10.5162 6.70529 13.9628
      vertex -10.6069 4.571 13.0027
      vertex -9.62727 5.37494 13.3643
    endloop
  endfacet
  facet normal -3.5418e-05 -0.410246 0.911975
    outer loop
      vertex -11.7382 5.70238 13.5116
      vertex -10.6069 4.571 13.0027
      vertex -10.5162 6.70529 13.9628
    endloop
  endfacet
  facet normal 2.39629e-05 -0.410197 0.911997
    outer loop
      vertex -12.2563 5.07115 13.2277
      vertex -10.6069 4.571 13.0027
      vertex -11.7382 5.70238 13.5116
    endloop
  endfacet
  facet normal -2.56795e-05 -0.410333 0.911936
    outer loop
      vertex -10.6069 4.571 13.0027
      vertex -12.2563 5.07115 13.2277
      vertex -10.9959 4.09698 12.7894
    endloop
  endfacet
  facet normal 5.31479e-05 -0.410248 0.911974
    outer loop
      vertex -10.9959 4.09698 12.7894
      vertex -12.2563 5.07115 13.2277
      vertex -11.4108 3.59142 12.562
    endloop
  endfacet
  facet normal -2.51801e-06 -0.410274 0.911962
    outer loop
      vertex -12.7411 4.48033 12.9619
      vertex -11.4108 3.59142 12.562
      vertex -12.2563 5.07115 13.2277
    endloop
  endfacet
  facet normal -4.02116e-06 -0.410276 0.911961
    outer loop
      vertex -11.4108 3.59142 12.562
      vertex -12.7411 4.48033 12.9619
      vertex -11.5933 3.25 12.4084
    endloop
  endfacet
  facet normal 1.39753e-05 -0.410262 0.911968
    outer loop
      vertex -13.1256 3.76099 12.6383
      vertex -11.5933 3.25 12.4084
      vertex -12.7411 4.48033 12.9619
    endloop
  endfacet
  facet normal 6.27526e-05 -0.410141 0.912022
    outer loop
      vertex -11.5933 3.25 12.4084
      vertex -13.1256 3.76099 12.6383
      vertex -11.7188 3.01516 12.3028
    endloop
  endfacet
  facet normal -5.40281e-05 -0.410324 0.91194
    outer loop
      vertex -11.7188 3.01516 12.3028
      vertex -13.1256 3.76099 12.6383
      vertex -12.0082 2.4738 12.0592
    endloop
  endfacet
  facet normal 2.40421e-05 -0.410267 0.911965
    outer loop
      vertex -13.4864 3.08611 12.3347
      vertex -12.0082 2.4738 12.0592
      vertex -13.1256 3.76099 12.6383
    endloop
  endfacet
  facet normal 3.28697e-05 -0.41025 0.911973
    outer loop
      vertex -12.0082 2.4738 12.0592
      vertex -13.4864 3.08611 12.3347
      vertex -12.376 1.26114 11.5137
    endloop
  endfacet
  facet normal -1.39068e-05 -0.410282 0.911959
    outer loop
      vertex 12.0082 -2.4738 9.83353
      vertex 13.4864 -3.08611 9.55808
      vertex 12.376 -1.26114 10.3791
    endloop
  endfacet
  facet normal -1.92661e-06 -0.410258 0.91197
    outer loop
      vertex 13.4864 -3.08611 9.55808
      vertex 12.0082 -2.4738 9.83353
      vertex 13.1044 -3.80071 9.23661
    endloop
  endfacet
  facet normal 3.08473e-06 -0.410254 0.911971
    outer loop
      vertex 11.7018 -3.04701 9.57567
      vertex 13.1044 -3.80071 9.23661
      vertex 12.0082 -2.4738 9.83353
    endloop
  endfacet
  facet normal -5.21215e-06 -0.410267 0.911965
    outer loop
      vertex 11.5933 -3.25 9.48435
      vertex 13.1044 -3.80071 9.23661
      vertex 11.7018 -3.04701 9.57567
    endloop
  endfacet
  facet normal -3.72844e-06 -0.410264 0.911967
    outer loop
      vertex 13.1044 -3.80071 9.23661
      vertex 11.5933 -3.25 9.48435
      vertex 12.7411 -4.48033 8.93087
    endloop
  endfacet
  facet normal 4.07875e-06 -0.410258 0.91197
    outer loop
      vertex 11.4108 -3.59142 9.33076
      vertex 12.7411 -4.48033 8.93087
      vertex 11.5933 -3.25 9.48435
    endloop
  endfacet
  facet normal 8.73944e-06 -0.410252 0.911972
    outer loop
      vertex 12.7411 -4.48033 8.93087
      vertex 11.4108 -3.59142 9.33076
      vertex 12.2277 -5.10597 8.64943
    endloop
  endfacet
  facet normal 5.76174e-07 -0.410256 0.911971
    outer loop
      vertex 11.0188 -4.06904 9.1159
      vertex 12.2277 -5.10597 8.64943
      vertex 11.4108 -3.59142 9.33076
    endloop
  endfacet
  facet normal 1.03993e-07 -0.410256 0.91197
    outer loop
      vertex 10.6069 -4.571 8.89009
      vertex 12.2277 -5.10597 8.64943
      vertex 11.0188 -4.06904 9.1159
    endloop
  endfacet
  facet normal -3.12074e-07 -0.410257 0.91197
    outer loop
      vertex 12.2277 -5.10597 8.64943
      vertex 10.6069 -4.571 8.89009
      vertex 11.7382 -5.70238 8.38113
    endloop
  endfacet
  facet normal -1.31915e-06 -0.410258 0.91197
    outer loop
      vertex 10.6069 -4.571 8.89009
      vertex 10.5162 -6.70529 7.92996
      vertex 11.7382 -5.70238 8.38113
    endloop
  endfacet
  facet normal -1.84934e-07 -0.410258 0.91197
    outer loop
      vertex 9.62727 -5.37494 8.52843
      vertex 10.5162 -6.70529 7.92996
      vertex 10.6069 -4.571 8.89009
    endloop
  endfacet
  facet normal 6.37761e-07 -0.410257 0.91197
    outer loop
      vertex 10.5162 -6.70529 7.92996
      vertex 9.62727 -5.37494 8.52843
      vertex 9.83452 -7.06965 7.76605
    endloop
  endfacet
  facet normal -2.54158e-06 -0.410258 0.91197
    outer loop
      vertex 9.0554 -5.68061 8.39092
      vertex 9.83452 -7.06965 7.76605
      vertex 9.62727 -5.37494 8.52843
    endloop
  endfacet
  facet normal 4.39663e-06 -0.410255 0.911971
    outer loop
      vertex 8.50967 -5.97231 8.2597
      vertex 9.83452 -7.06965 7.76605
      vertex 9.0554 -5.68061 8.39092
    endloop
  endfacet
  facet normal 6.53103e-06 -0.410252 0.911972
    outer loop
      vertex 9.83452 -7.06965 7.76605
      vertex 8.50967 -5.97231 8.2597
      vertex 9.12196 -7.45052 7.59472
    endloop
  endfacet
  facet normal -1.47141e-06 -0.410255 0.911971
    outer loop
      vertex 7.91727 -6.15201 8.17886
      vertex 9.12196 -7.45052 7.59472
      vertex 8.50967 -5.97231 8.2597
    endloop
  endfacet
  facet normal -5.63121e-06 -0.410258 0.911969
    outer loop
      vertex 7.91727 -6.15201 8.17886
      vertex 7.60913 -7.90942 7.38827
      vertex 9.12196 -7.45052 7.59472
    endloop
  endfacet
  facet normal -6.00374e-06 -0.410258 0.911969
    outer loop
      vertex 7.50025 -6.27851 8.12195
      vertex 7.60913 -7.90942 7.38827
      vertex 7.91727 -6.15201 8.17886
    endloop
  endfacet
  facet normal -2.71583e-05 -0.410259 0.911969
    outer loop
      vertex 7.297 -6.34016 8.09421
      vertex 7.60913 -7.90942 7.38827
      vertex 7.50025 -6.27851 8.12195
    endloop
  endfacet
  facet normal 1.29123e-05 -0.410253 0.911972
    outer loop
      vertex 6.65208 -6.40369 8.06564
      vertex 7.60913 -7.90942 7.38827
      vertex 7.297 -6.34016 8.09421
    endloop
  endfacet
  facet normal -5.8226e-06 -0.410253 0.911972
    outer loop
      vertex 6.03586 -8.06438 7.31857
      vertex 6.65208 -6.40369 8.06564
      vertex 6.03586 -6.46439 8.03833
    endloop
  endfacet
  facet normal 5.7511e-06 -0.410257 0.91197
    outer loop
      vertex 6.65208 -6.40369 8.06564
      vertex 6.03586 -8.06438 7.31857
      vertex 7.60913 -7.90942 7.38827
    endloop
  endfacet
  facet normal 0 -0.410253 0.911972
    outer loop
      vertex 5.225 -6.46439 8.03833
      vertex 6.03586 -8.06438 7.31857
      vertex 6.03586 -6.46439 8.03833
    endloop
  endfacet
  facet normal 0 -0.410253 0.911972
    outer loop
      vertex 6.03586 -8.06438 7.31857
      vertex 5.225 -6.46439 8.03833
      vertex 5.225 -8.06438 7.31857
    endloop
  endfacet
  facet normal 0 -0.410253 0.911972
    outer loop
      vertex -6.03586 -6.46439 8.03833
      vertex -5.225 -8.06438 7.31857
      vertex -5.225 -6.46439 8.03833
    endloop
  endfacet
  facet normal 0 -0.410253 0.911972
    outer loop
      vertex -6.03586 -6.46439 8.03833
      vertex -6.03586 -8.06438 7.31857
      vertex -5.225 -8.06438 7.31857
    endloop
  endfacet
  facet normal 5.8226e-06 -0.410253 0.911972
    outer loop
      vertex -6.65208 -6.40369 8.06564
      vertex -6.03586 -8.06438 7.31857
      vertex -6.03586 -6.46439 8.03833
    endloop
  endfacet
  facet normal -1.29123e-05 -0.410253 0.911972
    outer loop
      vertex -7.60913 -7.90942 7.38827
      vertex -6.65208 -6.40369 8.06564
      vertex -7.297 -6.34016 8.09421
    endloop
  endfacet
  facet normal 2.71583e-05 -0.410259 0.911969
    outer loop
      vertex -7.60913 -7.90942 7.38827
      vertex -7.297 -6.34016 8.09421
      vertex -7.50025 -6.27851 8.12195
    endloop
  endfacet
  facet normal -5.7511e-06 -0.410257 0.91197
    outer loop
      vertex -6.65208 -6.40369 8.06564
      vertex -7.60913 -7.90942 7.38827
      vertex -6.03586 -8.06438 7.31857
    endloop
  endfacet
  facet normal 6.00374e-06 -0.410258 0.911969
    outer loop
      vertex -7.91727 -6.15201 8.17886
      vertex -7.60913 -7.90942 7.38827
      vertex -7.50025 -6.27851 8.12195
    endloop
  endfacet
  facet normal 1.47141e-06 -0.410255 0.911971
    outer loop
      vertex -9.12196 -7.45052 7.59472
      vertex -7.91727 -6.15201 8.17886
      vertex -8.50967 -5.97231 8.2597
    endloop
  endfacet
  facet normal -4.39663e-06 -0.410255 0.911971
    outer loop
      vertex -9.83452 -7.06965 7.76605
      vertex -8.50967 -5.97231 8.2597
      vertex -9.0554 -5.68061 8.39092
    endloop
  endfacet
  facet normal 5.63121e-06 -0.410258 0.911969
    outer loop
      vertex -7.91727 -6.15201 8.17886
      vertex -9.12196 -7.45052 7.59472
      vertex -7.60913 -7.90942 7.38827
    endloop
  endfacet
  facet normal 2.54158e-06 -0.410258 0.91197
    outer loop
      vertex -9.83452 -7.06965 7.76605
      vertex -9.0554 -5.68061 8.39092
      vertex -9.62727 -5.37494 8.52843
    endloop
  endfacet
  facet normal -6.53103e-06 -0.410252 0.911972
    outer loop
      vertex -8.50967 -5.97231 8.2597
      vertex -9.83452 -7.06965 7.76605
      vertex -9.12196 -7.45052 7.59472
    endloop
  endfacet
  facet normal -6.37761e-07 -0.410257 0.91197
    outer loop
      vertex -9.62727 -5.37494 8.52843
      vertex -10.5162 -6.70529 7.92996
      vertex -9.83452 -7.06965 7.76605
    endloop
  endfacet
  facet normal 1.84934e-07 -0.410258 0.91197
    outer loop
      vertex -10.6069 -4.571 8.89009
      vertex -10.5162 -6.70529 7.92996
      vertex -9.62727 -5.37494 8.52843
    endloop
  endfacet
  facet normal -1.03993e-07 -0.410256 0.91197
    outer loop
      vertex -12.2277 -5.10597 8.64943
      vertex -10.6069 -4.571 8.89009
      vertex -11.0188 -4.06904 9.1159
    endloop
  endfacet
  facet normal -5.76174e-07 -0.410256 0.911971
    outer loop
      vertex -12.2277 -5.10597 8.64943
      vertex -11.0188 -4.06904 9.1159
      vertex -11.4108 -3.59142 9.33076
    endloop
  endfacet
  facet normal -4.07875e-06 -0.410258 0.91197
    outer loop
      vertex -12.7411 -4.48033 8.93087
      vertex -11.4108 -3.59142 9.33076
      vertex -11.5933 -3.25 9.48435
    endloop
  endfacet
  facet normal 5.21215e-06 -0.410267 0.911965
    outer loop
      vertex -13.1044 -3.80071 9.23661
      vertex -11.5933 -3.25 9.48435
      vertex -11.7018 -3.04701 9.57567
    endloop
  endfacet
  facet normal 1.31915e-06 -0.410258 0.91197
    outer loop
      vertex -10.6069 -4.571 8.89009
      vertex -11.7382 -5.70238 8.38113
      vertex -10.5162 -6.70529 7.92996
    endloop
  endfacet
  facet normal -3.08473e-06 -0.410254 0.911971
    outer loop
      vertex -13.1044 -3.80071 9.23661
      vertex -11.7018 -3.04701 9.57567
      vertex -12.0082 -2.4738 9.83353
    endloop
  endfacet
  facet normal 3.12074e-07 -0.410257 0.91197
    outer loop
      vertex -10.6069 -4.571 8.89009
      vertex -12.2277 -5.10597 8.64943
      vertex -11.7382 -5.70238 8.38113
    endloop
  endfacet
  facet normal 1.39068e-05 -0.410282 0.911959
    outer loop
      vertex -13.4864 -3.08611 9.55808
      vertex -12.0082 -2.4738 9.83353
      vertex -12.376 -1.26114 10.3791
    endloop
  endfacet
  facet normal 4.01591e-05 -0.410139 0.912023
    outer loop
      vertex -14.0249 -0.764751 10.6024
      vertex -12.376 -1.26114 10.3791
      vertex -12.4399 -0.61294 10.6706
    endloop
  endfacet
  facet normal 6.22736e-05 -0.410331 0.911937
    outer loop
      vertex -14.0249 -0.764751 10.6024
      vertex -12.4399 -0.61294 10.6706
      vertex -12.5002 -1.5207e-08 10.9464
    endloop
  endfacet
  facet normal -1.1934e-05 -0.410272 0.911963
    outer loop
      vertex -13.9453 1.57327 11.6541
      vertex -12.376 1.26114 11.5137
      vertex -13.4864 3.08611 12.3347
    endloop
  endfacet
  facet normal -1.82226e-06 -0.41023 0.911982
    outer loop
      vertex -14.0205 0.809636 11.3106
      vertex -12.376 1.26114 11.5137
      vertex -13.9453 1.57327 11.6541
    endloop
  endfacet
  facet normal -8.73944e-06 -0.410252 0.911972
    outer loop
      vertex -11.4108 -3.59142 9.33076
      vertex -12.7411 -4.48033 8.93087
      vertex -12.2277 -5.10597 8.64943
    endloop
  endfacet
  facet normal 3.72844e-06 -0.410264 0.911967
    outer loop
      vertex -11.5933 -3.25 9.48435
      vertex -13.1044 -3.80071 9.23661
      vertex -12.7411 -4.48033 8.93087
    endloop
  endfacet
  facet normal 1.2141e-06 -0.410239 0.911978
    outer loop
      vertex -12.376 1.26114 11.5137
      vertex -14.0205 0.809636 11.3106
      vertex -12.4363 0.648915 11.2383
    endloop
  endfacet
  facet normal 0 -0.410237 0.911979
    outer loop
      vertex -14.1002 -1.5207e-08 10.9464
      vertex -12.5002 -1.5207e-08 10.9464
      vertex -14.0205 0.809636 11.3106
    endloop
  endfacet
  facet normal 1.84077e-06 -0.410234 0.91198
    outer loop
      vertex -12.4363 0.648915 11.2383
      vertex -14.0205 0.809636 11.3106
      vertex -12.5002 -1.5207e-08 10.9464
    endloop
  endfacet
  facet normal -3.10349e-05 -0.410336 0.911935
    outer loop
      vertex -12.376 -1.26114 10.3791
      vertex -14.0249 -0.764751 10.6024
      vertex -13.9453 -1.57327 10.2386
    endloop
  endfacet
  facet normal 1.92661e-06 -0.410258 0.91197
    outer loop
      vertex -12.0082 -2.4738 9.83353
      vertex -13.4864 -3.08611 9.55808
      vertex -13.1044 -3.80071 9.23661
    endloop
  endfacet
  facet normal -5.19188e-05 -0.410248 0.911974
    outer loop
      vertex -12.376 -1.26114 10.3791
      vertex -13.9453 -1.57327 10.2386
      vertex -13.4864 -3.08611 9.55808
    endloop
  endfacet
  facet normal 0 -0.410228 0.911983
    outer loop
      vertex -12.5002 -1.5207e-08 10.9464
      vertex -14.1002 -1.5207e-08 10.9464
      vertex -14.0249 -0.764751 10.6024
    endloop
  endfacet
  facet normal 0.471396 -0.881922 1.4353e-07
    outer loop
      vertex 9.12196 -7.45052 7.59472
      vertex 9.82369 -7.07544 -6.63313e-08
      vertex 9.83452 -7.06965 7.76605
    endloop
  endfacet
  facet normal 0.471394 -0.881923 0
    outer loop
      vertex 9.82369 -7.07544 -6.63313e-08
      vertex 9.12196 -7.45052 7.59472
      vertex 9.12196 -7.45052 -6.64133e-08
    endloop
  endfacet
  facet normal 0.471391 -0.881924 0
    outer loop
      vertex 9.83452 -7.06965 7.76605
      vertex 10.5162 -6.70529 -6.62504e-08
      vertex 10.5162 -6.70529 7.92996
    endloop
  endfacet
  facet normal 0.471392 -0.881924 1.48964e-07
    outer loop
      vertex 10.5162 -6.70529 -6.62504e-08
      vertex 9.83452 -7.06965 7.76605
      vertex 9.82369 -7.07544 -6.63313e-08
    endloop
  endfacet
  facet normal 0.956943 -0.290276 0
    outer loop
      vertex 13.4864 -3.08611 9.55808
      vertex 13.9453 -1.57327 -6.51278e-08
      vertex 13.9453 -1.57327 10.2386
    endloop
  endfacet
  facet normal 0.956943 -0.290276 0
    outer loop
      vertex 13.9453 -1.57327 -6.51278e-08
      vertex 13.4864 -3.08611 9.55808
      vertex 13.4864 -3.08611 -6.54587e-08
    endloop
  endfacet
  facet normal 0.995188 -0.0979797 3.96134e-06
    outer loop
      vertex 13.9453 -1.57327 10.2386
      vertex 14.0233 -0.781431 -6.49547e-08
      vertex 14.0249 -0.764751 10.6024
    endloop
  endfacet
  facet normal 0.995183 -0.0980304 0
    outer loop
      vertex 14.0233 -0.781431 -6.49547e-08
      vertex 13.9453 -1.57327 10.2386
      vertex 13.9453 -1.57327 -6.51278e-08
    endloop
  endfacet
  facet normal 0.881902 -0.471433 1.4144e-06
    outer loop
      vertex 12.7411 -4.48033 8.93087
      vertex 13.1113 -3.78783 -6.56122e-08
      vertex 13.1044 -3.80071 9.23661
    endloop
  endfacet
  facet normal 0.881894 -0.471447 0
    outer loop
      vertex 13.1113 -3.78783 -6.56122e-08
      vertex 12.7411 -4.48033 8.93087
      vertex 12.7411 -4.48033 -6.57637e-08
    endloop
  endfacet
  facet normal -0.772995 0.634412 -2.17221e-06
    outer loop
      vertex -12.2563 5.07115 13.2277
      vertex -11.7382 5.70238 -6.35365e-08
      vertex -12.243 5.08731 -6.3671e-08
    endloop
  endfacet
  facet normal -0.772973 0.634439 0
    outer loop
      vertex -11.7382 5.70238 -6.35365e-08
      vertex -12.2563 5.07115 13.2277
      vertex -11.7382 5.70238 13.5116
    endloop
  endfacet
  facet normal -0.471396 -0.881922 1.4353e-07
    outer loop
      vertex -9.82369 -7.07544 -6.63313e-08
      vertex -9.12196 -7.45052 7.59472
      vertex -9.83452 -7.06965 7.76605
    endloop
  endfacet
  facet normal -0.471394 -0.881923 -0
    outer loop
      vertex -9.12196 -7.45052 7.59472
      vertex -9.82369 -7.07544 -6.63313e-08
      vertex -9.12196 -7.45052 -6.64133e-08
    endloop
  endfacet
  facet normal -0.881909 0.471419 1.3021e-06
    outer loop
      vertex -13.1256 3.76099 12.6383
      vertex -12.7411 4.48033 -6.38038e-08
      vertex -13.1162 3.77861 -6.39573e-08
    endloop
  endfacet
  facet normal -0.881919 0.471401 0
    outer loop
      vertex -12.7411 4.48033 -6.38038e-08
      vertex -13.1256 3.76099 12.6383
      vertex -12.7411 4.48033 12.9619
    endloop
  endfacet
  facet normal 0.471384 0.881928 3.03162e-07
    outer loop
      vertex 10.5162 6.70529 13.9628
      vertex 9.81446 7.08037 -6.32351e-08
      vertex 9.79475 7.0909 14.1363
    endloop
  endfacet
  facet normal 0.471389 0.881925 0
    outer loop
      vertex 9.81446 7.08037 -6.32351e-08
      vertex 10.5162 6.70529 13.9628
      vertex 10.5162 6.70529 -6.33171e-08
    endloop
  endfacet
  facet normal -0.471403 0.881918 0
    outer loop
      vertex -9.12196 7.45052 -6.31541e-08
      vertex -9.79475 7.0909 14.1363
      vertex -9.12196 7.45052 14.2981
    endloop
  endfacet
  facet normal -0.471398 0.881921 3.2716e-07
    outer loop
      vertex -9.79475 7.0909 14.1363
      vertex -9.12196 7.45052 -6.31541e-08
      vertex -9.81446 7.08037 -6.32351e-08
    endloop
  endfacet
  facet normal -0.773033 0.634366 0
    outer loop
      vertex -12.7411 4.48033 12.9619
      vertex -12.243 5.08731 -6.3671e-08
      vertex -12.7411 4.48033 -6.38038e-08
    endloop
  endfacet
  facet normal -0.773057 0.634336 -2.32704e-06
    outer loop
      vertex -12.243 5.08731 -6.3671e-08
      vertex -12.7411 4.48033 12.9619
      vertex -12.2563 5.07115 13.2277
    endloop
  endfacet
  facet normal -0.634409 0.772998 0
    outer loop
      vertex -10.5162 6.70529 -6.33171e-08
      vertex -11.7382 5.70238 13.5116
      vertex -10.5162 6.70529 13.9628
    endloop
  endfacet
  facet normal -0.634409 0.772998 0
    outer loop
      vertex -11.7382 5.70238 13.5116
      vertex -10.5162 6.70529 -6.33171e-08
      vertex -11.7382 5.70238 -6.35365e-08
    endloop
  endfacet
  facet normal 0.995186 0.0980024 0
    outer loop
      vertex 14.0205 0.809636 11.3106
      vertex 13.9453 1.57327 -6.44396e-08
      vertex 13.9453 1.57327 11.6541
    endloop
  endfacet
  facet normal 0.995193 0.0979365 -4.49617e-06
    outer loop
      vertex 13.9453 1.57327 -6.44396e-08
      vertex 14.0205 0.809636 11.3106
      vertex 14.0222 0.791842 -6.46105e-08
    endloop
  endfacet
  facet normal -0.956943 -0.290276 -0
    outer loop
      vertex -13.4864 -3.08611 9.55808
      vertex -13.9453 -1.57327 -6.51278e-08
      vertex -13.4864 -3.08611 -6.54587e-08
    endloop
  endfacet
  facet normal -0.956943 -0.290276 0
    outer loop
      vertex -13.9453 -1.57327 -6.51278e-08
      vertex -13.4864 -3.08611 9.55808
      vertex -13.9453 -1.57327 10.2386
    endloop
  endfacet
  facet normal 0.881902 -0.471434 0
    outer loop
      vertex 13.1044 -3.80071 9.23661
      vertex 13.4864 -3.08611 -6.54587e-08
      vertex 13.4864 -3.08611 9.55808
    endloop
  endfacet
  facet normal 0.881909 -0.471419 1.43957e-06
    outer loop
      vertex 13.4864 -3.08611 -6.54587e-08
      vertex 13.1044 -3.80071 9.23661
      vertex 13.1113 -3.78783 -6.56122e-08
    endloop
  endfacet
  facet normal 0.290278 -0.956942 0
    outer loop
      vertex 7.60913 -7.90942 7.38827
      vertex 9.12196 -7.45052 -6.64133e-08
      vertex 9.12196 -7.45052 7.59472
    endloop
  endfacet
  facet normal 0.290278 -0.956942 0
    outer loop
      vertex 9.12196 -7.45052 -6.64133e-08
      vertex 7.60913 -7.90942 7.38827
      vertex 7.60913 -7.90942 -6.65137e-08
    endloop
  endfacet
  facet normal 0.471403 0.881918 0
    outer loop
      vertex 9.79475 7.0909 14.1363
      vertex 9.12196 7.45052 -6.31541e-08
      vertex 9.12196 7.45052 14.2981
    endloop
  endfacet
  facet normal 0.471398 0.881921 3.2716e-07
    outer loop
      vertex 9.12196 7.45052 -6.31541e-08
      vertex 9.79475 7.0909 14.1363
      vertex 9.81446 7.08037 -6.32351e-08
    endloop
  endfacet
  facet normal -0.881894 0.471447 0
    outer loop
      vertex -13.4864 3.08611 12.3347
      vertex -13.1162 3.77861 -6.39573e-08
      vertex -13.4864 3.08611 -6.41087e-08
    endloop
  endfacet
  facet normal -0.881884 0.471467 1.38709e-06
    outer loop
      vertex -13.1162 3.77861 -6.39573e-08
      vertex -13.4864 3.08611 12.3347
      vertex -13.1256 3.76099 12.6383
    endloop
  endfacet
  facet normal 0 -1 0
    outer loop
      vertex -6.03586 -8.06438 7.31857
      vertex -5.225 -8.06438 3.56296
      vertex -5.225 -8.06438 7.31857
    endloop
  endfacet
  facet normal 0 -1 -0
    outer loop
      vertex -5.225 -8.06438 3.56296
      vertex -6.03586 -8.06438 -6.65476e-08
      vertex 5.225 -8.06438 3.56296
    endloop
  endfacet
  facet normal 0 -1 0
    outer loop
      vertex -6.03586 -8.06438 -6.65476e-08
      vertex -5.225 -8.06438 3.56296
      vertex -6.03586 -8.06438 7.31857
    endloop
  endfacet
  facet normal 0 -1 0
    outer loop
      vertex 5.225 -8.06438 3.56296
      vertex 6.03586 -8.06438 7.31857
      vertex 5.225 -8.06438 7.31857
    endloop
  endfacet
  facet normal 0 -1 0
    outer loop
      vertex 5.225 -8.06438 3.56296
      vertex 6.03586 -8.06438 -6.65476e-08
      vertex 6.03586 -8.06438 7.31857
    endloop
  endfacet
  facet normal 0 -1 0
    outer loop
      vertex 6.03586 -8.06438 -6.65476e-08
      vertex 5.225 -8.06438 3.56296
      vertex -6.03586 -8.06438 -6.65476e-08
    endloop
  endfacet
  facet normal -0.881894 -0.471447 -0
    outer loop
      vertex -12.7411 -4.48033 8.93087
      vertex -13.1113 -3.78783 -6.56122e-08
      vertex -12.7411 -4.48033 -6.57637e-08
    endloop
  endfacet
  facet normal -0.881902 -0.471433 1.4144e-06
    outer loop
      vertex -13.1113 -3.78783 -6.56122e-08
      vertex -12.7411 -4.48033 8.93087
      vertex -13.1044 -3.80071 9.23661
    endloop
  endfacet
  facet normal -0.471391 -0.881924 0
    outer loop
      vertex -10.5162 -6.70529 -6.62504e-08
      vertex -9.83452 -7.06965 7.76605
      vertex -10.5162 -6.70529 7.92996
    endloop
  endfacet
  facet normal -0.471392 -0.881924 1.48964e-07
    outer loop
      vertex -9.83452 -7.06965 7.76605
      vertex -10.5162 -6.70529 -6.62504e-08
      vertex -9.82369 -7.07544 -6.63313e-08
    endloop
  endfacet
  facet normal -0.634409 -0.772998 0
    outer loop
      vertex -11.7382 -5.70238 -6.6031e-08
      vertex -10.5162 -6.70529 7.92996
      vertex -11.7382 -5.70238 8.38113
    endloop
  endfacet
  facet normal -0.634409 -0.772998 -0
    outer loop
      vertex -10.5162 -6.70529 7.92996
      vertex -11.7382 -5.70238 -6.6031e-08
      vertex -10.5162 -6.70529 -6.62504e-08
    endloop
  endfacet
  facet normal -0.290278 0.956942 0
    outer loop
      vertex -7.60913 7.90942 -6.30537e-08
      vertex -9.12196 7.45052 14.2981
      vertex -7.60913 7.90942 14.5045
    endloop
  endfacet
  facet normal -0.290278 0.956942 0
    outer loop
      vertex -9.12196 7.45052 14.2981
      vertex -7.60913 7.90942 -6.30537e-08
      vertex -9.12196 7.45052 -6.31541e-08
    endloop
  endfacet
  facet normal -0.995183 0.09803 1.04578e-10
    outer loop
      vertex -14.1002 -1.5207e-08 10.9464
      vertex -14.0222 0.791842 -6.46105e-08
      vertex -14.1002 -3.52945e-09 -6.47837e-08
    endloop
  endfacet
  facet normal -0.99519 0.0979678 -4.5459e-06
    outer loop
      vertex -14.0222 0.791842 -6.46105e-08
      vertex -14.1002 -1.5207e-08 10.9464
      vertex -14.0205 0.809636 11.3106
    endloop
  endfacet
  facet normal 0.634409 -0.772998 0
    outer loop
      vertex 10.5162 -6.70529 7.92996
      vertex 11.7382 -5.70238 -6.6031e-08
      vertex 11.7382 -5.70238 8.38113
    endloop
  endfacet
  facet normal 0.634409 -0.772998 0
    outer loop
      vertex 11.7382 -5.70238 -6.6031e-08
      vertex 10.5162 -6.70529 7.92996
      vertex 10.5162 -6.70529 -6.62504e-08
    endloop
  endfacet
  facet normal 0.956943 0.290276 0
    outer loop
      vertex 13.9453 1.57327 11.6541
      vertex 13.4864 3.08611 -6.41087e-08
      vertex 13.4864 3.08611 12.3347
    endloop
  endfacet
  facet normal 0.956943 0.290276 0
    outer loop
      vertex 13.4864 3.08611 -6.41087e-08
      vertex 13.9453 1.57327 11.6541
      vertex 13.9453 1.57327 -6.44396e-08
    endloop
  endfacet
  facet normal 0.881919 0.471401 0
    outer loop
      vertex 13.1256 3.76099 12.6383
      vertex 12.7411 4.48033 -6.38038e-08
      vertex 12.7411 4.48033 12.9619
    endloop
  endfacet
  facet normal 0.881909 0.471419 1.3021e-06
    outer loop
      vertex 12.7411 4.48033 -6.38038e-08
      vertex 13.1256 3.76099 12.6383
      vertex 13.1162 3.77861 -6.39573e-08
    endloop
  endfacet
  facet normal -0.995187 -0.0979896 -1.04535e-10
    outer loop
      vertex -14.1002 -3.52945e-09 -6.47837e-08
      vertex -14.0249 -0.764751 10.6024
      vertex -14.1002 -1.5207e-08 10.9464
    endloop
  endfacet
  facet normal -0.995193 -0.0979361 3.89215e-06
    outer loop
      vertex -14.0249 -0.764751 10.6024
      vertex -14.1002 -3.52945e-09 -6.47837e-08
      vertex -14.0233 -0.781431 -6.49547e-08
    endloop
  endfacet
  facet normal -0.995183 -0.0980304 -0
    outer loop
      vertex -13.9453 -1.57327 10.2386
      vertex -14.0233 -0.781431 -6.49547e-08
      vertex -13.9453 -1.57327 -6.51278e-08
    endloop
  endfacet
  facet normal -0.995188 -0.0979797 3.96134e-06
    outer loop
      vertex -14.0233 -0.781431 -6.49547e-08
      vertex -13.9453 -1.57327 10.2386
      vertex -14.0249 -0.764751 10.6024
    endloop
  endfacet
  facet normal -0.956943 0.290276 0
    outer loop
      vertex -13.9453 1.57327 11.6541
      vertex -13.4864 3.08611 -6.41087e-08
      vertex -13.9453 1.57327 -6.44396e-08
    endloop
  endfacet
  facet normal -0.956943 0.290276 0
    outer loop
      vertex -13.4864 3.08611 -6.41087e-08
      vertex -13.9453 1.57327 11.6541
      vertex -13.4864 3.08611 12.3347
    endloop
  endfacet
  facet normal -0.773057 -0.634337 2.38746e-06
    outer loop
      vertex -12.2277 -5.10597 8.64943
      vertex -12.7411 -4.48033 -6.57637e-08
      vertex -12.2364 -5.0954 -6.58982e-08
    endloop
  endfacet
  facet normal -0.77304 -0.634357 0
    outer loop
      vertex -12.7411 -4.48033 -6.57637e-08
      vertex -12.2277 -5.10597 8.64943
      vertex -12.7411 -4.48033 8.93087
    endloop
  endfacet
  facet normal -0.77297 -0.634442 -0
    outer loop
      vertex -11.7382 -5.70238 8.38113
      vertex -12.2364 -5.0954 -6.58982e-08
      vertex -11.7382 -5.70238 -6.6031e-08
    endloop
  endfacet
  facet normal -0.772985 -0.634424 2.20928e-06
    outer loop
      vertex -12.2364 -5.0954 -6.58982e-08
      vertex -11.7382 -5.70238 8.38113
      vertex -12.2277 -5.10597 8.64943
    endloop
  endfacet
  facet normal -0.290278 -0.956942 0
    outer loop
      vertex -9.12196 -7.45052 -6.64133e-08
      vertex -7.60913 -7.90942 7.38827
      vertex -9.12196 -7.45052 7.59472
    endloop
  endfacet
  facet normal -0.290278 -0.956942 -0
    outer loop
      vertex -7.60913 -7.90942 7.38827
      vertex -9.12196 -7.45052 -6.64133e-08
      vertex -7.60913 -7.90942 -6.65137e-08
    endloop
  endfacet
  facet normal 0 1 0
    outer loop
      vertex -2.73059 8.06438 11.6492
      vertex 6.03586 8.06438 14.5742
      vertex 4.06421 8.06438 11.6492
    endloop
  endfacet
  facet normal 0 1 0
    outer loop
      vertex 6.03586 8.06438 14.5742
      vertex 4.06421 8.06438 10.5913
      vertex 4.06421 8.06438 11.6492
    endloop
  endfacet
  facet normal 0 1 0
    outer loop
      vertex 4.06421 8.06438 10.5913
      vertex 4.5592 8.06438 3.06412
      vertex -1.25909 8.06438 10.5913
    endloop
  endfacet
  facet normal 0 1 0
    outer loop
      vertex 6.03586 8.06438 14.5742
      vertex 4.5592 8.06438 3.06412
      vertex 4.06421 8.06438 10.5913
    endloop
  endfacet
  facet normal 0 1 -0
    outer loop
      vertex 6.03586 8.06438 -6.30198e-08
      vertex 4.5592 8.06438 3.06412
      vertex 6.03586 8.06438 14.5742
    endloop
  endfacet
  facet normal 0 1 0
    outer loop
      vertex 4.5592 8.06438 2.09443
      vertex 6.03586 8.06438 -6.30198e-08
      vertex -3.04929 8.06438 2.09443
    endloop
  endfacet
  facet normal 0 1 0
    outer loop
      vertex 4.5592 8.06438 3.06412
      vertex 6.03586 8.06438 -6.30198e-08
      vertex 4.5592 8.06438 2.09443
    endloop
  endfacet
  facet normal 0 1 0
    outer loop
      vertex 6.03586 8.06438 14.5742
      vertex -2.73059 8.06438 11.6492
      vertex -6.03586 8.06438 14.5742
    endloop
  endfacet
  facet normal 0 1 -0
    outer loop
      vertex -2.73059 8.06438 10.7066
      vertex -6.03586 8.06438 14.5742
      vertex -2.73059 8.06438 11.6492
    endloop
  endfacet
  facet normal 0 1 0
    outer loop
      vertex -3.04929 8.06438 3.15232
      vertex -2.73059 8.06438 10.7066
      vertex 3.08771 8.06438 3.15232
    endloop
  endfacet
  facet normal 0 1 0
    outer loop
      vertex -2.73059 8.06438 10.7066
      vertex -3.04929 8.06438 3.15232
      vertex -6.03586 8.06438 14.5742
    endloop
  endfacet
  facet normal 0 1 0
    outer loop
      vertex -6.03586 8.06438 -6.30198e-08
      vertex -3.04929 8.06438 3.15232
      vertex -3.04929 8.06438 2.09443
    endloop
  endfacet
  facet normal 0 1 0
    outer loop
      vertex -3.04929 8.06438 3.15232
      vertex -6.03586 8.06438 -6.30198e-08
      vertex -6.03586 8.06438 14.5742
    endloop
  endfacet
  facet normal 0 1 0
    outer loop
      vertex -6.03586 8.06438 -6.30198e-08
      vertex -3.04929 8.06438 2.09443
      vertex 6.03586 8.06438 -6.30198e-08
    endloop
  endfacet
  facet normal 0.290278 0.956942 0
    outer loop
      vertex 9.12196 7.45052 14.2981
      vertex 7.60913 7.90942 -6.30537e-08
      vertex 7.60913 7.90942 14.5045
    endloop
  endfacet
  facet normal 0.290278 0.956942 0
    outer loop
      vertex 7.60913 7.90942 -6.30537e-08
      vertex 9.12196 7.45052 14.2981
      vertex 9.12196 7.45052 -6.31541e-08
    endloop
  endfacet
  facet normal 0.99519 0.0979678 -4.5459e-06
    outer loop
      vertex 14.1002 -1.5207e-08 10.9464
      vertex 14.0222 0.791842 -6.46105e-08
      vertex 14.0205 0.809636 11.3106
    endloop
  endfacet
  facet normal 0.995183 0.09803 1.04578e-10
    outer loop
      vertex 14.0222 0.791842 -6.46105e-08
      vertex 14.1002 -1.5207e-08 10.9464
      vertex 14.1002 -3.52945e-09 -6.47837e-08
    endloop
  endfacet
  facet normal 0.77304 -0.634357 0
    outer loop
      vertex 12.2277 -5.10597 8.64943
      vertex 12.7411 -4.48033 -6.57637e-08
      vertex 12.7411 -4.48033 8.93087
    endloop
  endfacet
  facet normal 0.773057 -0.634337 2.38746e-06
    outer loop
      vertex 12.7411 -4.48033 -6.57637e-08
      vertex 12.2277 -5.10597 8.64943
      vertex 12.2364 -5.0954 -6.58982e-08
    endloop
  endfacet
  facet normal 0.772985 -0.634424 2.20928e-06
    outer loop
      vertex 11.7382 -5.70238 8.38113
      vertex 12.2364 -5.0954 -6.58982e-08
      vertex 12.2277 -5.10597 8.64943
    endloop
  endfacet
  facet normal 0.77297 -0.634442 0
    outer loop
      vertex 12.2364 -5.0954 -6.58982e-08
      vertex 11.7382 -5.70238 8.38113
      vertex 11.7382 -5.70238 -6.6031e-08
    endloop
  endfacet
  facet normal 0.0980212 -0.995184 0
    outer loop
      vertex 6.03586 -8.06438 7.31857
      vertex 7.60913 -7.90942 -6.65137e-08
      vertex 7.60913 -7.90942 7.38827
    endloop
  endfacet
  facet normal 0.0980212 -0.995184 0
    outer loop
      vertex 7.60913 -7.90942 -6.65137e-08
      vertex 6.03586 -8.06438 7.31857
      vertex 6.03586 -8.06438 -6.65476e-08
    endloop
  endfacet
  facet normal 0.995187 -0.0979896 -1.04535e-10
    outer loop
      vertex 14.0249 -0.764751 10.6024
      vertex 14.1002 -3.52945e-09 -6.47837e-08
      vertex 14.1002 -1.5207e-08 10.9464
    endloop
  endfacet
  facet normal 0.995193 -0.0979361 3.89215e-06
    outer loop
      vertex 14.1002 -3.52945e-09 -6.47837e-08
      vertex 14.0249 -0.764751 10.6024
      vertex 14.0233 -0.781431 -6.49547e-08
    endloop
  endfacet
  facet normal 0.881884 0.471467 1.38709e-06
    outer loop
      vertex 13.4864 3.08611 12.3347
      vertex 13.1162 3.77861 -6.39573e-08
      vertex 13.1256 3.76099 12.6383
    endloop
  endfacet
  facet normal 0.881894 0.471447 0
    outer loop
      vertex 13.1162 3.77861 -6.39573e-08
      vertex 13.4864 3.08611 12.3347
      vertex 13.4864 3.08611 -6.41087e-08
    endloop
  endfacet
  facet normal 0.773057 0.634336 -2.32704e-06
    outer loop
      vertex 12.7411 4.48033 12.9619
      vertex 12.243 5.08731 -6.3671e-08
      vertex 12.2563 5.07115 13.2277
    endloop
  endfacet
  facet normal 0.773033 0.634366 0
    outer loop
      vertex 12.243 5.08731 -6.3671e-08
      vertex 12.7411 4.48033 12.9619
      vertex 12.7411 4.48033 -6.38038e-08
    endloop
  endfacet
  facet normal -0.881909 -0.471419 1.43957e-06
    outer loop
      vertex -13.1044 -3.80071 9.23661
      vertex -13.4864 -3.08611 -6.54587e-08
      vertex -13.1113 -3.78783 -6.56122e-08
    endloop
  endfacet
  facet normal -0.881902 -0.471434 0
    outer loop
      vertex -13.4864 -3.08611 -6.54587e-08
      vertex -13.1044 -3.80071 9.23661
      vertex -13.4864 -3.08611 9.55808
    endloop
  endfacet
  facet normal -0.995186 0.0980024 0
    outer loop
      vertex -13.9453 1.57327 -6.44396e-08
      vertex -14.0205 0.809636 11.3106
      vertex -13.9453 1.57327 11.6541
    endloop
  endfacet
  facet normal -0.995193 0.0979365 -4.49617e-06
    outer loop
      vertex -14.0205 0.809636 11.3106
      vertex -13.9453 1.57327 -6.44396e-08
      vertex -14.0222 0.791842 -6.46105e-08
    endloop
  endfacet
  facet normal 0.0980212 0.995184 0
    outer loop
      vertex 7.60913 7.90942 14.5045
      vertex 6.03586 8.06438 -6.30198e-08
      vertex 6.03586 8.06438 14.5742
    endloop
  endfacet
  facet normal 0.0980212 0.995184 0
    outer loop
      vertex 6.03586 8.06438 -6.30198e-08
      vertex 7.60913 7.90942 14.5045
      vertex 7.60913 7.90942 -6.30537e-08
    endloop
  endfacet
  facet normal -0.471384 0.881928 3.03162e-07
    outer loop
      vertex -9.81446 7.08037 -6.32351e-08
      vertex -10.5162 6.70529 13.9628
      vertex -9.79475 7.0909 14.1363
    endloop
  endfacet
  facet normal -0.471389 0.881925 0
    outer loop
      vertex -10.5162 6.70529 13.9628
      vertex -9.81446 7.08037 -6.32351e-08
      vertex -10.5162 6.70529 -6.33171e-08
    endloop
  endfacet
  facet normal 0.634409 0.772998 0
    outer loop
      vertex 11.7382 5.70238 13.5116
      vertex 10.5162 6.70529 -6.33171e-08
      vertex 10.5162 6.70529 13.9628
    endloop
  endfacet
  facet normal 0.634409 0.772998 0
    outer loop
      vertex 10.5162 6.70529 -6.33171e-08
      vertex 11.7382 5.70238 13.5116
      vertex 11.7382 5.70238 -6.35365e-08
    endloop
  endfacet
  facet normal 0.772973 0.634439 0
    outer loop
      vertex 12.2563 5.07115 13.2277
      vertex 11.7382 5.70238 -6.35365e-08
      vertex 11.7382 5.70238 13.5116
    endloop
  endfacet
  facet normal 0.772995 0.634412 -2.17221e-06
    outer loop
      vertex 11.7382 5.70238 -6.35365e-08
      vertex 12.2563 5.07115 13.2277
      vertex 12.243 5.08731 -6.3671e-08
    endloop
  endfacet
  facet normal -0.0980212 -0.995184 0
    outer loop
      vertex -7.60913 -7.90942 -6.65137e-08
      vertex -6.03586 -8.06438 7.31857
      vertex -7.60913 -7.90942 7.38827
    endloop
  endfacet
  facet normal -0.0980212 -0.995184 -0
    outer loop
      vertex -6.03586 -8.06438 7.31857
      vertex -7.60913 -7.90942 -6.65137e-08
      vertex -6.03586 -8.06438 -6.65476e-08
    endloop
  endfacet
  facet normal -0.0980212 0.995184 0
    outer loop
      vertex -6.03586 8.06438 -6.30198e-08
      vertex -7.60913 7.90942 14.5045
      vertex -6.03586 8.06438 14.5742
    endloop
  endfacet
  facet normal -0.0980212 0.995184 0
    outer loop
      vertex -7.60913 7.90942 14.5045
      vertex -6.03586 8.06438 -6.30198e-08
      vertex -7.60913 7.90942 -6.30537e-08
    endloop
  endfacet
  facet normal 1.3082e-05 -0.410259 0.911969
    outer loop
      vertex -7.91926 -6.1514 9.82392
      vertex -7.50025 -4.60651 10.5189
      vertex -7.87832 -4.49182 10.5705
    endloop
  endfacet
  facet normal -0.000215171 -0.410181 0.912004
    outer loop
      vertex -8.50967 -5.97231 9.90449
      vertex -7.87832 -4.49182 10.5705
      vertex -7.89447 -4.48692 10.5727
    endloop
  endfacet
  facet normal 0.00118678 -0.410663 0.911786
    outer loop
      vertex -8.50967 -5.97231 9.90449
      vertex -7.89447 -4.48692 10.5727
      vertex -7.90935 -4.47897 10.5763
    endloop
  endfacet
  facet normal -2.7305e-06 -0.410256 0.91197
    outer loop
      vertex -7.50025 -4.60651 10.5189
      vertex -7.91926 -6.1514 9.82392
      vertex -7.50025 -6.27851 9.76674
    endloop
  endfacet
  facet normal 6.78865e-06 -0.410259 0.911969
    outer loop
      vertex -7.87832 -4.49182 10.5705
      vertex -8.50967 -5.97231 9.90449
      vertex -7.91926 -6.1514 9.82392
    endloop
  endfacet
  facet normal 8.14343e-07 -0.410252 0.911972
    outer loop
      vertex -9.05356 -5.68159 10.0353
      vertex -7.90935 -4.47897 10.5763
      vertex -8.73404 -4.03816 10.7746
    endloop
  endfacet
  facet normal 3.25345e-05 -0.410278 0.911961
    outer loop
      vertex -7.90935 -4.47897 10.5763
      vertex -9.05356 -5.68159 10.0353
      vertex -8.50967 -5.97231 9.90449
    endloop
  endfacet
  facet normal -1.46499e-05 -0.410271 0.911964
    outer loop
      vertex -9.62727 -5.37494 10.1732
      vertex -8.73404 -4.03816 10.7746
      vertex -9.45699 -3.44486 11.0415
    endloop
  endfacet
  facet normal -0.00122776 -0.409212 0.912439
    outer loop
      vertex -10.6069 -4.571 10.5349
      vertex -9.45699 -3.44486 11.0415
      vertex -9.4649 -3.43837 11.0444
    endloop
  endfacet
  facet normal 0.000601238 -0.410746 0.91175
    outer loop
      vertex -10.6069 -4.571 10.5349
      vertex -9.4649 -3.43837 11.0444
      vertex -9.47003 -3.43416 11.0463
    endloop
  endfacet
  facet normal 0.00130699 -0.411332 0.911485
    outer loop
      vertex -10.6069 -4.571 10.5349
      vertex -9.47003 -3.43416 11.0463
      vertex -9.48073 -3.42112 11.0522
    endloop
  endfacet
  facet normal -0.000243603 -0.41007 0.912054
    outer loop
      vertex -10.6069 -4.571 10.5349
      vertex -9.48073 -3.42112 11.0522
      vertex -9.62117 -3.25 11.1291
    endloop
  endfacet
  facet normal -6.77722e-05 -0.410241 0.911977
    outer loop
      vertex -8.73404 -4.03816 10.7746
      vertex -9.62727 -5.37494 10.1732
      vertex -9.05356 -5.68159 10.0353
    endloop
  endfacet
  facet normal 2.19636e-05 -0.410274 0.911963
    outer loop
      vertex -9.45699 -3.44486 11.0415
      vertex -10.6069 -4.571 10.5349
      vertex -9.62727 -5.37494 10.1732
    endloop
  endfacet
  facet normal -1.81448e-05 -0.41021 0.911991
    outer loop
      vertex -9.62117 -3.25 11.1291
      vertex -11.0201 -4.06742 10.7614
      vertex -10.6069 -4.571 10.5349
    endloop
  endfacet
  facet normal -1.44196e-05 -0.410215 0.911989
    outer loop
      vertex -9.62117 -3.25 11.1291
      vertex -11.4108 -3.59142 10.9755
      vertex -11.0201 -4.06742 10.7614
    endloop
  endfacet
  facet normal 0 -0.410278 0.91196
    outer loop
      vertex -11.4108 -3.59142 10.9755
      vertex -9.62117 -3.25 11.1291
      vertex -11.5933 -3.25 11.1291
    endloop
  endfacet
  facet normal 4.96084e-05 -0.410274 0.911962
    outer loop
      vertex -7.88069 6.1631 15.3637
      vertex -7.50025 4.60651 14.6634
      vertex -7.50025 6.27851 15.4156
    endloop
  endfacet
  facet normal 5.99776e-06 -0.410283 0.911958
    outer loop
      vertex -7.88069 6.1631 15.3637
      vertex -7.89447 4.48692 14.6096
      vertex -7.50025 4.60651 14.6634
    endloop
  endfacet
  facet normal 5.07248e-05 -0.410283 0.911958
    outer loop
      vertex -8.50967 5.97231 15.2779
      vertex -7.89447 4.48692 14.6096
      vertex -7.88069 6.1631 15.3637
    endloop
  endfacet
  facet normal -7.3022e-05 -0.410326 0.911939
    outer loop
      vertex -9.08909 5.6626 15.1385
      vertex -7.89447 4.48692 14.6096
      vertex -8.50967 5.97231 15.2779
    endloop
  endfacet
  facet normal 5.80425e-05 -0.410215 0.911989
    outer loop
      vertex -7.89447 4.48692 14.6096
      vertex -9.08909 5.6626 15.1385
      vertex -8.73404 4.03816 14.4078
    endloop
  endfacet
  facet normal -8.75579e-06 -0.410227 0.911983
    outer loop
      vertex -9.62727 5.37494 15.0091
      vertex -8.73404 4.03816 14.4078
      vertex -9.08909 5.6626 15.1385
    endloop
  endfacet
  facet normal 0.0020648 -0.409074 0.912499
    outer loop
      vertex -8.73404 4.03816 14.4078
      vertex -9.62727 5.37494 15.0091
      vertex -8.73896 4.03412 14.406
    endloop
  endfacet
  facet normal -6.17283e-05 -0.410247 0.911975
    outer loop
      vertex -8.73896 4.03412 14.406
      vertex -9.62727 5.37494 15.0091
      vertex -9.46207 3.44069 14.139
    endloop
  endfacet
  facet normal 3.7508e-05 -0.410239 0.911978
    outer loop
      vertex -10.6069 4.571 14.6475
      vertex -9.46207 3.44069 14.139
      vertex -9.62727 5.37494 15.0091
    endloop
  endfacet
  facet normal 0.00236102 -0.40828 0.912854
    outer loop
      vertex -9.46207 3.44069 14.139
      vertex -10.6069 4.571 14.6475
      vertex -9.47003 3.43416 14.1361
    endloop
  endfacet
  facet normal -0.00130699 -0.411332 0.911485
    outer loop
      vertex -9.47003 3.43416 14.1361
      vertex -10.6069 4.571 14.6475
      vertex -9.48073 3.42112 14.1302
    endloop
  endfacet
  facet normal -5.24837e-05 -0.410311 0.911946
    outer loop
      vertex -9.48073 3.42112 14.1302
      vertex -10.6069 4.571 14.6475
      vertex -9.62116 3.25 14.0532
    endloop
  endfacet
  facet normal 3.80177e-05 -0.410255 0.911971
    outer loop
      vertex -10.9946 4.09859 14.435
      vertex -9.62116 3.25 14.0532
      vertex -10.6069 4.571 14.6475
    endloop
  endfacet
  facet normal -9.32313e-06 -0.410319 0.911942
    outer loop
      vertex -11.4108 3.59142 14.2068
      vertex -9.62116 3.25 14.0532
      vertex -10.9946 4.09859 14.435
    endloop
  endfacet
  facet normal 0 -0.410278 0.91196
    outer loop
      vertex -9.62116 3.25 14.0532
      vertex -11.4108 3.59142 14.2068
      vertex -11.5933 3.25 14.0532
    endloop
  endfacet
  facet normal 0 -0.410278 0.91196
    outer loop
      vertex 9.62117 -3.25 11.1291
      vertex 11.4108 -3.59142 10.9755
      vertex 11.5933 -3.25 11.1291
    endloop
  endfacet
  facet normal 1.44196e-05 -0.410215 0.911989
    outer loop
      vertex 11.4108 -3.59142 10.9755
      vertex 9.62117 -3.25 11.1291
      vertex 11.0201 -4.06742 10.7614
    endloop
  endfacet
  facet normal 1.81448e-05 -0.41021 0.911991
    outer loop
      vertex 11.0201 -4.06742 10.7614
      vertex 9.62117 -3.25 11.1291
      vertex 10.6069 -4.571 10.5349
    endloop
  endfacet
  facet normal 0.000243603 -0.41007 0.912054
    outer loop
      vertex 10.6069 -4.571 10.5349
      vertex 9.62117 -3.25 11.1291
      vertex 9.48073 -3.42112 11.0522
    endloop
  endfacet
  facet normal -0.00130699 -0.411332 0.911485
    outer loop
      vertex 9.47003 -3.43416 11.0463
      vertex 10.6069 -4.571 10.5349
      vertex 9.48073 -3.42112 11.0522
    endloop
  endfacet
  facet normal -0.000601238 -0.410746 0.91175
    outer loop
      vertex 9.4649 -3.43837 11.0444
      vertex 10.6069 -4.571 10.5349
      vertex 9.47003 -3.43416 11.0463
    endloop
  endfacet
  facet normal 0.00122776 -0.409212 0.912439
    outer loop
      vertex 9.45699 -3.44486 11.0415
      vertex 10.6069 -4.571 10.5349
      vertex 9.4649 -3.43837 11.0444
    endloop
  endfacet
  facet normal -2.19636e-05 -0.410274 0.911963
    outer loop
      vertex 10.6069 -4.571 10.5349
      vertex 9.45699 -3.44486 11.0415
      vertex 9.62727 -5.37494 10.1732
    endloop
  endfacet
  facet normal 1.46499e-05 -0.410271 0.911964
    outer loop
      vertex 8.73404 -4.03816 10.7746
      vertex 9.62727 -5.37494 10.1732
      vertex 9.45699 -3.44486 11.0415
    endloop
  endfacet
  facet normal 6.77722e-05 -0.410241 0.911977
    outer loop
      vertex 9.62727 -5.37494 10.1732
      vertex 8.73404 -4.03816 10.7746
      vertex 9.05356 -5.68159 10.0353
    endloop
  endfacet
  facet normal -8.14343e-07 -0.410252 0.911972
    outer loop
      vertex 7.90935 -4.47897 10.5763
      vertex 9.05356 -5.68159 10.0353
      vertex 8.73404 -4.03816 10.7746
    endloop
  endfacet
  facet normal -3.25345e-05 -0.410278 0.911961
    outer loop
      vertex 9.05356 -5.68159 10.0353
      vertex 7.90935 -4.47897 10.5763
      vertex 8.50967 -5.97231 9.90449
    endloop
  endfacet
  facet normal -0.00118678 -0.410663 0.911786
    outer loop
      vertex 7.89447 -4.48692 10.5727
      vertex 8.50967 -5.97231 9.90449
      vertex 7.90935 -4.47897 10.5763
    endloop
  endfacet
  facet normal 0.000215171 -0.410181 0.912004
    outer loop
      vertex 7.87832 -4.49182 10.5705
      vertex 8.50967 -5.97231 9.90449
      vertex 7.89447 -4.48692 10.5727
    endloop
  endfacet
  facet normal -6.78865e-06 -0.410259 0.911969
    outer loop
      vertex 8.50967 -5.97231 9.90449
      vertex 7.87832 -4.49182 10.5705
      vertex 7.91926 -6.1514 9.82392
    endloop
  endfacet
  facet normal -1.3082e-05 -0.410259 0.911969
    outer loop
      vertex 7.50025 -4.60651 10.5189
      vertex 7.91926 -6.1514 9.82392
      vertex 7.87832 -4.49182 10.5705
    endloop
  endfacet
  facet normal 2.7305e-06 -0.410256 0.91197
    outer loop
      vertex 7.91926 -6.1514 9.82392
      vertex 7.50025 -4.60651 10.5189
      vertex 7.50025 -6.27851 9.76674
    endloop
  endfacet
  facet normal 9.32313e-06 -0.410319 0.911942
    outer loop
      vertex 9.62116 3.25 14.0532
      vertex 11.4108 3.59142 14.2068
      vertex 10.9946 4.09859 14.435
    endloop
  endfacet
  facet normal -3.80177e-05 -0.410255 0.911971
    outer loop
      vertex 9.62116 3.25 14.0532
      vertex 10.9946 4.09859 14.435
      vertex 10.6069 4.571 14.6475
    endloop
  endfacet
  facet normal -3.7508e-05 -0.410239 0.911978
    outer loop
      vertex 9.46207 3.44069 14.139
      vertex 10.6069 4.571 14.6475
      vertex 9.62727 5.37494 15.0091
    endloop
  endfacet
  facet normal 5.24837e-05 -0.410311 0.911946
    outer loop
      vertex 9.62116 3.25 14.0532
      vertex 10.6069 4.571 14.6475
      vertex 9.48073 3.42112 14.1302
    endloop
  endfacet
  facet normal 0 -0.410278 0.91196
    outer loop
      vertex 11.4108 3.59142 14.2068
      vertex 9.62116 3.25 14.0532
      vertex 11.5933 3.25 14.0532
    endloop
  endfacet
  facet normal 0.00130699 -0.411332 0.911485
    outer loop
      vertex 10.6069 4.571 14.6475
      vertex 9.47003 3.43416 14.1361
      vertex 9.48073 3.42112 14.1302
    endloop
  endfacet
  facet normal -0.00236102 -0.40828 0.912854
    outer loop
      vertex 10.6069 4.571 14.6475
      vertex 9.46207 3.44069 14.139
      vertex 9.47003 3.43416 14.1361
    endloop
  endfacet
  facet normal 8.75579e-06 -0.410227 0.911983
    outer loop
      vertex 8.73404 4.03816 14.4078
      vertex 9.62727 5.37494 15.0091
      vertex 9.08909 5.6626 15.1385
    endloop
  endfacet
  facet normal 6.17283e-05 -0.410247 0.911975
    outer loop
      vertex 9.62727 5.37494 15.0091
      vertex 8.73896 4.03412 14.406
      vertex 9.46207 3.44069 14.139
    endloop
  endfacet
  facet normal -0.0020648 -0.409074 0.912499
    outer loop
      vertex 9.62727 5.37494 15.0091
      vertex 8.73404 4.03816 14.4078
      vertex 8.73896 4.03412 14.406
    endloop
  endfacet
  facet normal 7.3022e-05 -0.410326 0.911939
    outer loop
      vertex 7.89447 4.48692 14.6096
      vertex 9.08909 5.6626 15.1385
      vertex 8.50967 5.97231 15.2779
    endloop
  endfacet
  facet normal -5.80425e-05 -0.410215 0.911989
    outer loop
      vertex 9.08909 5.6626 15.1385
      vertex 7.89447 4.48692 14.6096
      vertex 8.73404 4.03816 14.4078
    endloop
  endfacet
  facet normal -5.07248e-05 -0.410283 0.911958
    outer loop
      vertex 7.88069 6.1631 15.3637
      vertex 7.89447 4.48692 14.6096
      vertex 8.50967 5.97231 15.2779
    endloop
  endfacet
  facet normal -4.96084e-05 -0.410274 0.911962
    outer loop
      vertex 7.50025 4.60651 14.6634
      vertex 7.88069 6.1631 15.3637
      vertex 7.50025 6.27851 15.4156
    endloop
  endfacet
  facet normal -5.99776e-06 -0.410283 0.911958
    outer loop
      vertex 7.88069 6.1631 15.3637
      vertex 7.50025 4.60651 14.6634
      vertex 7.89447 4.48692 14.6096
    endloop
  endfacet
  facet normal 0.471402 -0.881918 1.88548e-06
    outer loop
      vertex 8.50967 -5.97231 9.90449
      vertex 9.0554 -5.68061 8.39092
      vertex 9.05356 -5.68159 10.0353
    endloop
  endfacet
  facet normal 0.471398 -0.88192 0
    outer loop
      vertex 9.0554 -5.68061 8.39092
      vertex 8.50967 -5.97231 9.90449
      vertex 8.50967 -5.97231 8.2597
    endloop
  endfacet
  facet normal 0.471391 -0.881924 0
    outer loop
      vertex 9.05356 -5.68159 10.0353
      vertex 9.62727 -5.37494 8.52843
      vertex 9.62727 -5.37494 10.1732
    endloop
  endfacet
  facet normal 0.471395 -0.881922 1.87537e-06
    outer loop
      vertex 9.62727 -5.37494 8.52843
      vertex 9.05356 -5.68159 10.0353
      vertex 9.0554 -5.68061 8.39092
    endloop
  endfacet
  facet normal 0.772965 -0.634448 0
    outer loop
      vertex 11.0201 -4.06742 10.7614
      vertex 11.4108 -3.59142 9.33076
      vertex 11.4108 -3.59142 10.9755
    endloop
  endfacet
  facet normal 0.772986 -0.634424 1.39075e-05
    outer loop
      vertex 11.4108 -3.59142 9.33076
      vertex 11.0201 -4.06742 10.7614
      vertex 11.0188 -4.06904 9.1159
    endloop
  endfacet
  facet normal 0.290271 -0.956944 0
    outer loop
      vertex 7.91926 -6.1514 9.82392
      vertex 8.50967 -5.97231 8.2597
      vertex 8.50967 -5.97231 9.90449
    endloop
  endfacet
  facet normal 0.29028 -0.956942 3.69372e-06
    outer loop
      vertex 8.50967 -5.97231 8.2597
      vertex 7.91926 -6.1514 9.82392
      vertex 7.91727 -6.15201 8.17886
    endloop
  endfacet
  facet normal 0.290273 0.956944 3.87749e-06
    outer loop
      vertex 8.50967 5.97231 15.2779
      vertex 7.88269 6.1625 13.7186
      vertex 7.88069 6.1631 15.3637
    endloop
  endfacet
  facet normal 0.290281 0.956941 0
    outer loop
      vertex 7.88269 6.1625 13.7186
      vertex 8.50967 5.97231 15.2779
      vertex 8.50967 5.97231 13.6331
    endloop
  endfacet
  facet normal -0.471402 -0.881918 1.88548e-06
    outer loop
      vertex -9.0554 -5.68061 8.39092
      vertex -8.50967 -5.97231 9.90449
      vertex -9.05356 -5.68159 10.0353
    endloop
  endfacet
  facet normal -0.471398 -0.88192 -0
    outer loop
      vertex -8.50967 -5.97231 9.90449
      vertex -9.0554 -5.68061 8.39092
      vertex -8.50967 -5.97231 8.2597
    endloop
  endfacet
  facet normal -0.995185 -0.0980189 0
    outer loop
      vertex 12.376 1.26114 7.75811
      vertex 12.4363 0.648915 11.2383
      vertex 12.376 1.26114 11.5137
    endloop
  endfacet
  facet normal -0.99518 -0.0980681 -8.74066e-06
    outer loop
      vertex 12.4363 0.648915 11.2383
      vertex 12.376 1.26114 7.75811
      vertex 12.4368 0.644176 7.48057
    endloop
  endfacet
  facet normal -0.995192 -0.0979471 -1.0449e-10
    outer loop
      vertex 12.5002 -1.5207e-08 10.9464
      vertex 12.4368 0.644176 7.48057
      vertex 12.5002 -1.12005e-08 7.19078
    endloop
  endfacet
  facet normal -0.995187 -0.0979941 -8.83492e-06
    outer loop
      vertex 12.4368 0.644176 7.48057
      vertex 12.5002 -1.5207e-08 10.9464
      vertex 12.4363 0.648915 11.2383
    endloop
  endfacet
  facet normal -0.471393 0.881923 3.49096e-06
    outer loop
      vertex -9.08725 5.66359 13.4942
      vertex -9.62727 5.37494 15.0091
      vertex -9.08909 5.6626 15.1385
    endloop
  endfacet
  facet normal -0.471401 0.881919 0
    outer loop
      vertex -9.62727 5.37494 15.0091
      vertex -9.08725 5.66359 13.4942
      vertex -9.62727 5.37494 13.3643
    endloop
  endfacet
  facet normal -0.995196 0.0979057 1.04446e-10
    outer loop
      vertex 12.5002 -1.12005e-08 7.19078
      vertex 12.4399 -0.61294 10.6706
      vertex 12.5002 -1.5207e-08 10.9464
    endloop
  endfacet
  facet normal -0.995191 0.0979556 8.8841e-06
    outer loop
      vertex 12.4399 -0.61294 10.6706
      vertex 12.5002 -1.12005e-08 7.19078
      vertex 12.4394 -0.617679 6.91291
    endloop
  endfacet
  facet normal -0.471401 0.881919 0
    outer loop
      vertex -8.50967 5.97231 13.6331
      vertex -9.08909 5.6626 15.1385
      vertex -8.50967 5.97231 15.2779
    endloop
  endfacet
  facet normal -0.471394 0.881923 3.49011e-06
    outer loop
      vertex -9.08909 5.6626 15.1385
      vertex -8.50967 5.97231 13.6331
      vertex -9.08725 5.66359 13.4942
    endloop
  endfacet
  facet normal -0.0980338 0.995183 0
    outer loop
      vertex 7.297 -6.34016 4.33861
      vertex 6.65208 -6.40369 8.06564
      vertex 7.297 -6.34016 8.09421
    endloop
  endfacet
  facet normal -0.0980291 0.995184 8.19652e-07
    outer loop
      vertex 6.65208 -6.40369 8.06564
      vertex 7.297 -6.34016 4.33861
      vertex 6.65682 -6.40322 4.31024
    endloop
  endfacet
  facet normal -0.471391 -0.881924 0
    outer loop
      vertex -9.62727 -5.37494 8.52843
      vertex -9.05356 -5.68159 10.0353
      vertex -9.62727 -5.37494 10.1732
    endloop
  endfacet
  facet normal -0.471395 -0.881922 1.87537e-06
    outer loop
      vertex -9.05356 -5.68159 10.0353
      vertex -9.62727 -5.37494 8.52843
      vertex -9.0554 -5.68061 8.39092
    endloop
  endfacet
  facet normal 0.290296 0.956937 0
    outer loop
      vertex 7.88069 6.1631 15.3637
      vertex 7.50025 6.27851 13.7708
      vertex 7.50025 6.27851 15.4156
    endloop
  endfacet
  facet normal 0.290281 0.956942 3.88833e-06
    outer loop
      vertex 7.50025 6.27851 13.7708
      vertex 7.88069 6.1631 15.3637
      vertex 7.88269 6.1625 13.7186
    endloop
  endfacet
  facet normal -0.290262 -0.956947 0
    outer loop
      vertex 7.297 6.34016 10.0429
      vertex 7.50025 6.27851 13.7708
      vertex 7.297 6.34016 13.7986
    endloop
  endfacet
  facet normal -0.290262 -0.956947 -0
    outer loop
      vertex 7.50025 6.27851 13.7708
      vertex 7.297 6.34016 10.0429
      vertex 7.50025 6.27851 10.0152
    endloop
  endfacet
  facet normal -0.881914 -0.471411 -0
    outer loop
      vertex -11.4108 -3.59142 10.9755
      vertex -11.5933 -3.25 9.48435
      vertex -11.4108 -3.59142 9.33076
    endloop
  endfacet
  facet normal -0.881914 -0.471411 0
    outer loop
      vertex -11.5933 -3.25 9.48435
      vertex -11.4108 -3.59142 10.9755
      vertex -11.5933 -3.25 11.1291
    endloop
  endfacet
  facet normal 0.881924 0.471392 1.05528e-05
    outer loop
      vertex -11.5933 -3.25 9.48435
      vertex -11.704 -3.04281 5.82195
      vertex -11.7018 -3.04701 9.57567
    endloop
  endfacet
  facet normal 0.882002 0.471247 0
    outer loop
      vertex -11.704 -3.04281 5.82195
      vertex -11.5933 -3.25 9.48435
      vertex -11.5933 -3.25 5.72874
    endloop
  endfacet
  facet normal -0.634383 -0.773019 0
    outer loop
      vertex -10.6069 -4.571 8.89009
      vertex -9.62727 -5.37494 10.1732
      vertex -10.6069 -4.571 10.5349
    endloop
  endfacet
  facet normal -0.634383 -0.773019 -0
    outer loop
      vertex -9.62727 -5.37494 10.1732
      vertex -10.6069 -4.571 8.89009
      vertex -9.62727 -5.37494 8.52843
    endloop
  endfacet
  facet normal 0.290294 -0.956937 3.67566e-06
    outer loop
      vertex 7.50025 -6.27851 9.76674
      vertex 7.91727 -6.15201 8.17886
      vertex 7.91926 -6.1514 9.82392
    endloop
  endfacet
  facet normal 0.290281 -0.956941 0
    outer loop
      vertex 7.91727 -6.15201 8.17886
      vertex 7.50025 -6.27851 9.76674
      vertex 7.50025 -6.27851 8.12195
    endloop
  endfacet
  facet normal -0.290262 0.956947 0
    outer loop
      vertex 7.50025 -6.27851 4.36635
      vertex 7.297 -6.34016 8.09421
      vertex 7.50025 -6.27851 8.12195
    endloop
  endfacet
  facet normal -0.290262 0.956947 0
    outer loop
      vertex 7.297 -6.34016 8.09421
      vertex 7.50025 -6.27851 4.36635
      vertex 7.297 -6.34016 4.33861
    endloop
  endfacet
  facet normal -0.290294 -0.956937 3.67566e-06
    outer loop
      vertex -7.91727 -6.15201 8.17886
      vertex -7.50025 -6.27851 9.76674
      vertex -7.91926 -6.1514 9.82392
    endloop
  endfacet
  facet normal -0.290281 -0.956941 -0
    outer loop
      vertex -7.50025 -6.27851 9.76674
      vertex -7.91727 -6.15201 8.17886
      vertex -7.50025 -6.27851 8.12195
    endloop
  endfacet
  facet normal 0.290262 0.956947 0
    outer loop
      vertex -7.297 -6.34016 8.09421
      vertex -7.50025 -6.27851 4.36635
      vertex -7.50025 -6.27851 8.12195
    endloop
  endfacet
  facet normal 0.290262 0.956947 0
    outer loop
      vertex -7.50025 -6.27851 4.36635
      vertex -7.297 -6.34016 8.09421
      vertex -7.297 -6.34016 4.33861
    endloop
  endfacet
  facet normal -0.0980376 -0.995183 1.8411e-06
    outer loop
      vertex 6.6833 6.40061 10.0701
      vertex 7.297 6.34016 13.7986
      vertex 6.68804 6.40015 13.8255
    endloop
  endfacet
  facet normal -0.0980265 -0.995184 -0
    outer loop
      vertex 7.297 6.34016 13.7986
      vertex 6.6833 6.40061 10.0701
      vertex 7.297 6.34016 10.0429
    endloop
  endfacet
  facet normal 0.995187 -0.0979941 -8.83492e-06
    outer loop
      vertex -12.5002 -1.5207e-08 10.9464
      vertex -12.4368 0.644176 7.48057
      vertex -12.4363 0.648915 11.2383
    endloop
  endfacet
  facet normal 0.995192 -0.0979471 -1.0449e-10
    outer loop
      vertex -12.4368 0.644176 7.48057
      vertex -12.5002 -1.5207e-08 10.9464
      vertex -12.5002 -1.12005e-08 7.19078
    endloop
  endfacet
  facet normal -0.772965 -0.634448 0
    outer loop
      vertex -11.4108 -3.59142 9.33076
      vertex -11.0201 -4.06742 10.7614
      vertex -11.4108 -3.59142 10.9755
    endloop
  endfacet
  facet normal -0.772986 -0.634424 1.39075e-05
    outer loop
      vertex -11.0201 -4.06742 10.7614
      vertex -11.4108 -3.59142 9.33076
      vertex -11.0188 -4.06904 9.1159
    endloop
  endfacet
  facet normal -0.881914 0.471411 0
    outer loop
      vertex -11.5933 3.25 14.0532
      vertex -11.4108 3.59142 12.562
      vertex -11.5933 3.25 12.4084
    endloop
  endfacet
  facet normal -0.881914 0.471411 0
    outer loop
      vertex -11.4108 3.59142 12.562
      vertex -11.5933 3.25 14.0532
      vertex -11.4108 3.59142 14.2068
    endloop
  endfacet
  facet normal 0.88196 -0.471325 0
    outer loop
      vertex -11.7188 3.01516 12.3028
      vertex -11.5933 3.25 8.65281
      vertex -11.5933 3.25 12.4084
    endloop
  endfacet
  facet normal 0.881891 -0.471454 -1.06414e-05
    outer loop
      vertex -11.5933 3.25 8.65281
      vertex -11.7188 3.01516 12.3028
      vertex -11.7166 3.01936 8.54906
    endloop
  endfacet
  facet normal -0.881927 -0.471387 -0
    outer loop
      vertex 12.0082 2.4738 12.0592
      vertex 11.7166 3.01936 8.54906
      vertex 12.0082 2.4738 8.30364
    endloop
  endfacet
  facet normal -0.881898 -0.47144 -1.06219e-05
    outer loop
      vertex 11.7166 3.01936 8.54906
      vertex 12.0082 2.4738 12.0592
      vertex 11.7188 3.01516 12.3028
    endloop
  endfacet
  facet normal -0.881886 0.471463 1.06545e-05
    outer loop
      vertex 11.7018 -3.04701 9.57567
      vertex 12.0082 -2.4738 6.07792
      vertex 11.704 -3.04281 5.82195
    endloop
  endfacet
  facet normal -0.881913 0.471412 0
    outer loop
      vertex 12.0082 -2.4738 6.07792
      vertex 11.7018 -3.04701 9.57567
      vertex 12.0082 -2.4738 9.83353
    endloop
  endfacet
  facet normal -0.290271 -0.956944 0
    outer loop
      vertex -8.50967 -5.97231 8.2597
      vertex -7.91926 -6.1514 9.82392
      vertex -8.50967 -5.97231 9.90449
    endloop
  endfacet
  facet normal -0.29028 -0.956942 3.69372e-06
    outer loop
      vertex -7.91926 -6.1514 9.82392
      vertex -8.50967 -5.97231 8.2597
      vertex -7.91727 -6.15201 8.17886
    endloop
  endfacet
  facet normal 0 1 -0
    outer loop
      vertex -5.225 -6.46439 4.28273
      vertex -6.03586 -6.46439 8.03833
      vertex -5.225 -6.46439 8.03833
    endloop
  endfacet
  facet normal 0 1 0
    outer loop
      vertex -6.03586 -6.46439 8.03833
      vertex -5.225 -6.46439 4.28273
      vertex -6.03586 -6.46439 4.28273
    endloop
  endfacet
  facet normal 0 1 -0
    outer loop
      vertex 6.03586 -6.46439 4.28273
      vertex 5.225 -6.46439 8.03833
      vertex 6.03586 -6.46439 8.03833
    endloop
  endfacet
  facet normal 0 1 0
    outer loop
      vertex 5.225 -6.46439 8.03833
      vertex 6.03586 -6.46439 4.28273
      vertex 5.225 -6.46439 4.28273
    endloop
  endfacet
  facet normal 0.995185 -0.0980189 0
    outer loop
      vertex -12.4363 0.648915 11.2383
      vertex -12.376 1.26114 7.75811
      vertex -12.376 1.26114 11.5137
    endloop
  endfacet
  facet normal 0.99518 -0.0980681 -8.74066e-06
    outer loop
      vertex -12.376 1.26114 7.75811
      vertex -12.4363 0.648915 11.2383
      vertex -12.4368 0.644176 7.48057
    endloop
  endfacet
  facet normal 0.881913 0.471412 0
    outer loop
      vertex -11.7018 -3.04701 9.57567
      vertex -12.0082 -2.4738 6.07792
      vertex -12.0082 -2.4738 9.83353
    endloop
  endfacet
  facet normal 0.881886 0.471463 1.06545e-05
    outer loop
      vertex -12.0082 -2.4738 6.07792
      vertex -11.7018 -3.04701 9.57567
      vertex -11.704 -3.04281 5.82195
    endloop
  endfacet
  facet normal 0.995196 0.0979057 1.04446e-10
    outer loop
      vertex -12.4399 -0.61294 10.6706
      vertex -12.5002 -1.12005e-08 7.19078
      vertex -12.5002 -1.5207e-08 10.9464
    endloop
  endfacet
  facet normal 0.995191 0.0979556 8.8841e-06
    outer loop
      vertex -12.5002 -1.12005e-08 7.19078
      vertex -12.4399 -0.61294 10.6706
      vertex -12.4394 -0.617679 6.91291
    endloop
  endfacet
  facet normal 0.773066 -0.634326 1.37482e-05
    outer loop
      vertex 10.6069 -4.571 10.5349
      vertex 11.0188 -4.06904 9.1159
      vertex 11.0201 -4.06742 10.7614
    endloop
  endfacet
  facet normal 0.773047 -0.634349 0
    outer loop
      vertex 11.0188 -4.06904 9.1159
      vertex 10.6069 -4.571 10.5349
      vertex 10.6069 -4.571 8.89009
    endloop
  endfacet
  facet normal -0.0980294 0.995184 8.19357e-07
    outer loop
      vertex 6.65682 -6.40322 4.31024
      vertex 6.03586 -6.46439 8.03833
      vertex 6.65208 -6.40369 8.06564
    endloop
  endfacet
  facet normal -0.0980342 0.995183 0
    outer loop
      vertex 6.03586 -6.46439 8.03833
      vertex 6.65682 -6.40322 4.31024
      vertex 6.03586 -6.46439 4.28273
    endloop
  endfacet
  facet normal 0.0980294 0.995184 8.19357e-07
    outer loop
      vertex -6.03586 -6.46439 8.03833
      vertex -6.65682 -6.40322 4.31024
      vertex -6.65208 -6.40369 8.06564
    endloop
  endfacet
  facet normal 0.0980342 0.995183 0
    outer loop
      vertex -6.65682 -6.40322 4.31024
      vertex -6.03586 -6.46439 8.03833
      vertex -6.03586 -6.46439 4.28273
    endloop
  endfacet
  facet normal 0.0980338 0.995183 0
    outer loop
      vertex -6.65208 -6.40369 8.06564
      vertex -7.297 -6.34016 4.33861
      vertex -7.297 -6.34016 8.09421
    endloop
  endfacet
  facet normal 0.0980291 0.995184 8.19652e-07
    outer loop
      vertex -7.297 -6.34016 4.33861
      vertex -6.65208 -6.40369 8.06564
      vertex -6.65682 -6.40322 4.31024
    endloop
  endfacet
  facet normal 0 -1 0
    outer loop
      vertex -6.03586 6.46439 10.0988
      vertex 6.03586 6.46439 13.8544
      vertex -6.03586 6.46439 13.8544
    endloop
  endfacet
  facet normal 0 -1 -0
    outer loop
      vertex 6.03586 6.46439 13.8544
      vertex -6.03586 6.46439 10.0988
      vertex 6.03586 6.46439 10.0988
    endloop
  endfacet
  facet normal -0.290273 0.956944 3.87749e-06
    outer loop
      vertex -7.88269 6.1625 13.7186
      vertex -8.50967 5.97231 15.2779
      vertex -7.88069 6.1631 15.3637
    endloop
  endfacet
  facet normal -0.290281 0.956941 0
    outer loop
      vertex -8.50967 5.97231 15.2779
      vertex -7.88269 6.1625 13.7186
      vertex -8.50967 5.97231 13.6331
    endloop
  endfacet
  facet normal -0.290296 0.956937 0
    outer loop
      vertex -7.50025 6.27851 13.7708
      vertex -7.88069 6.1631 15.3637
      vertex -7.50025 6.27851 15.4156
    endloop
  endfacet
  facet normal -0.290281 0.956942 3.88833e-06
    outer loop
      vertex -7.88069 6.1631 15.3637
      vertex -7.50025 6.27851 13.7708
      vertex -7.88269 6.1625 13.7186
    endloop
  endfacet
  facet normal 0.290262 -0.956947 0
    outer loop
      vertex -7.50025 6.27851 13.7708
      vertex -7.297 6.34016 10.0429
      vertex -7.297 6.34016 13.7986
    endloop
  endfacet
  facet normal 0.290262 -0.956947 0
    outer loop
      vertex -7.297 6.34016 10.0429
      vertex -7.50025 6.27851 13.7708
      vertex -7.50025 6.27851 10.0152
    endloop
  endfacet
  facet normal -0.634383 0.773019 0
    outer loop
      vertex -9.62727 5.37494 13.3643
      vertex -10.6069 4.571 14.6475
      vertex -9.62727 5.37494 15.0091
    endloop
  endfacet
  facet normal -0.634383 0.773019 0
    outer loop
      vertex -10.6069 4.571 14.6475
      vertex -9.62727 5.37494 13.3643
      vertex -10.6069 4.571 13.0027
    endloop
  endfacet
  facet normal -0.773047 -0.634349 -0
    outer loop
      vertex -10.6069 -4.571 10.5349
      vertex -11.0188 -4.06904 9.1159
      vertex -10.6069 -4.571 8.89009
    endloop
  endfacet
  facet normal -0.773066 -0.634326 1.37482e-05
    outer loop
      vertex -11.0188 -4.06904 9.1159
      vertex -10.6069 -4.571 10.5349
      vertex -11.0201 -4.06742 10.7614
    endloop
  endfacet
  facet normal 0.881898 -0.47144 -1.06219e-05
    outer loop
      vertex -12.0082 2.4738 12.0592
      vertex -11.7166 3.01936 8.54906
      vertex -11.7188 3.01516 12.3028
    endloop
  endfacet
  facet normal 0.881927 -0.471387 0
    outer loop
      vertex -11.7166 3.01936 8.54906
      vertex -12.0082 2.4738 12.0592
      vertex -12.0082 2.4738 8.30364
    endloop
  endfacet
  facet normal 0.956953 -0.290244 0
    outer loop
      vertex -12.376 1.26114 11.5137
      vertex -12.0082 2.4738 8.30364
      vertex -12.0082 2.4738 12.0592
    endloop
  endfacet
  facet normal 0.956953 -0.290244 0
    outer loop
      vertex -12.0082 2.4738 8.30364
      vertex -12.376 1.26114 11.5137
      vertex -12.376 1.26114 7.75811
    endloop
  endfacet
  facet normal -0.956953 0.290244 0
    outer loop
      vertex 12.0082 -2.4738 9.83353
      vertex 12.376 -1.26114 6.62345
      vertex 12.0082 -2.4738 6.07792
    endloop
  endfacet
  facet normal -0.956953 0.290244 0
    outer loop
      vertex 12.376 -1.26114 6.62345
      vertex 12.0082 -2.4738 9.83353
      vertex 12.376 -1.26114 10.3791
    endloop
  endfacet
  facet normal -0.995181 0.0980549 0
    outer loop
      vertex 12.376 -1.26114 10.3791
      vertex 12.4394 -0.617679 6.91291
      vertex 12.376 -1.26114 6.62345
    endloop
  endfacet
  facet normal -0.995176 0.0981013 8.69852e-06
    outer loop
      vertex 12.4394 -0.617679 6.91291
      vertex 12.376 -1.26114 10.3791
      vertex 12.4399 -0.61294 10.6706
    endloop
  endfacet
  facet normal 0.881914 -0.471411 0
    outer loop
      vertex 11.4108 -3.59142 10.9755
      vertex 11.5933 -3.25 9.48435
      vertex 11.5933 -3.25 11.1291
    endloop
  endfacet
  facet normal 0.881914 -0.471411 0
    outer loop
      vertex 11.5933 -3.25 9.48435
      vertex 11.4108 -3.59142 10.9755
      vertex 11.4108 -3.59142 9.33076
    endloop
  endfacet
  facet normal -0.882002 0.471247 0
    outer loop
      vertex 11.5933 -3.25 9.48435
      vertex 11.704 -3.04281 5.82195
      vertex 11.5933 -3.25 5.72874
    endloop
  endfacet
  facet normal -0.881924 0.471392 1.05528e-05
    outer loop
      vertex 11.704 -3.04281 5.82195
      vertex 11.5933 -3.25 9.48435
      vertex 11.7018 -3.04701 9.57567
    endloop
  endfacet
  facet normal 0.634383 0.773019 0
    outer loop
      vertex 10.6069 4.571 14.6475
      vertex 9.62727 5.37494 13.3643
      vertex 9.62727 5.37494 15.0091
    endloop
  endfacet
  facet normal 0.634383 0.773019 0
    outer loop
      vertex 9.62727 5.37494 13.3643
      vertex 10.6069 4.571 14.6475
      vertex 10.6069 4.571 13.0027
    endloop
  endfacet
  facet normal 0.634383 -0.773019 0
    outer loop
      vertex 9.62727 -5.37494 10.1732
      vertex 10.6069 -4.571 8.89009
      vertex 10.6069 -4.571 10.5349
    endloop
  endfacet
  facet normal 0.634383 -0.773019 0
    outer loop
      vertex 10.6069 -4.571 8.89009
      vertex 9.62727 -5.37494 10.1732
      vertex 9.62727 -5.37494 8.52843
    endloop
  endfacet
  facet normal 0.471393 0.881923 3.49096e-06
    outer loop
      vertex 9.62727 5.37494 15.0091
      vertex 9.08725 5.66359 13.4942
      vertex 9.08909 5.6626 15.1385
    endloop
  endfacet
  facet normal 0.471401 0.881919 0
    outer loop
      vertex 9.08725 5.66359 13.4942
      vertex 9.62727 5.37494 15.0091
      vertex 9.62727 5.37494 13.3643
    endloop
  endfacet
  facet normal 0.471401 0.881919 0
    outer loop
      vertex 9.08909 5.6626 15.1385
      vertex 8.50967 5.97231 13.6331
      vertex 8.50967 5.97231 15.2779
    endloop
  endfacet
  facet normal 0.471394 0.881923 3.49011e-06
    outer loop
      vertex 8.50967 5.97231 13.6331
      vertex 9.08909 5.6626 15.1385
      vertex 9.08725 5.66359 13.4942
    endloop
  endfacet
  facet normal 0.773008 0.634396 0
    outer loop
      vertex 10.9946 4.09859 14.435
      vertex 10.6069 4.571 13.0027
      vertex 10.6069 4.571 14.6475
    endloop
  endfacet
  facet normal 0.773023 0.634378 -9.97776e-06
    outer loop
      vertex 10.6069 4.571 13.0027
      vertex 10.9946 4.09859 14.435
      vertex 10.9959 4.09698 12.7894
    endloop
  endfacet
  facet normal -0.956953 -0.290244 -0
    outer loop
      vertex 12.376 1.26114 11.5137
      vertex 12.0082 2.4738 8.30364
      vertex 12.376 1.26114 7.75811
    endloop
  endfacet
  facet normal -0.956953 -0.290244 0
    outer loop
      vertex 12.0082 2.4738 8.30364
      vertex 12.376 1.26114 11.5137
      vertex 12.0082 2.4738 12.0592
    endloop
  endfacet
  facet normal 0.098026 -0.995184 0
    outer loop
      vertex -6.68804 6.40015 13.8255
      vertex -6.03586 6.46439 10.0988
      vertex -6.03586 6.46439 13.8544
    endloop
  endfacet
  facet normal 0.0980364 -0.995183 1.83964e-06
    outer loop
      vertex -6.03586 6.46439 10.0988
      vertex -6.68804 6.40015 13.8255
      vertex -6.6833 6.40061 10.0701
    endloop
  endfacet
  facet normal -0.098026 -0.995184 0
    outer loop
      vertex 6.03586 6.46439 10.0988
      vertex 6.68804 6.40015 13.8255
      vertex 6.03586 6.46439 13.8544
    endloop
  endfacet
  facet normal -0.0980364 -0.995183 1.83964e-06
    outer loop
      vertex 6.68804 6.40015 13.8255
      vertex 6.03586 6.46439 10.0988
      vertex 6.6833 6.40061 10.0701
    endloop
  endfacet
  facet normal 0.995176 0.0981013 8.69852e-06
    outer loop
      vertex -12.376 -1.26114 10.3791
      vertex -12.4394 -0.617679 6.91291
      vertex -12.4399 -0.61294 10.6706
    endloop
  endfacet
  facet normal 0.995181 0.0980549 0
    outer loop
      vertex -12.4394 -0.617679 6.91291
      vertex -12.376 -1.26114 10.3791
      vertex -12.376 -1.26114 6.62345
    endloop
  endfacet
  facet normal -0.773012 0.634391 0
    outer loop
      vertex -11.4108 3.59142 14.2068
      vertex -10.9959 4.09698 12.7894
      vertex -11.4108 3.59142 12.562
    endloop
  endfacet
  facet normal -0.773026 0.634374 -9.97149e-06
    outer loop
      vertex -10.9959 4.09698 12.7894
      vertex -11.4108 3.59142 14.2068
      vertex -10.9946 4.09859 14.435
    endloop
  endfacet
  facet normal -0.773008 0.634396 0
    outer loop
      vertex -10.6069 4.571 13.0027
      vertex -10.9946 4.09859 14.435
      vertex -10.6069 4.571 14.6475
    endloop
  endfacet
  facet normal -0.773023 0.634378 -9.97776e-06
    outer loop
      vertex -10.9946 4.09859 14.435
      vertex -10.6069 4.571 13.0027
      vertex -10.9959 4.09698 12.7894
    endloop
  endfacet
  facet normal 0.773026 0.634374 -9.97149e-06
    outer loop
      vertex 11.4108 3.59142 14.2068
      vertex 10.9959 4.09698 12.7894
      vertex 10.9946 4.09859 14.435
    endloop
  endfacet
  facet normal 0.773012 0.634391 0
    outer loop
      vertex 10.9959 4.09698 12.7894
      vertex 11.4108 3.59142 14.2068
      vertex 11.4108 3.59142 12.562
    endloop
  endfacet
  facet normal 0.0980376 -0.995183 1.8411e-06
    outer loop
      vertex -7.297 6.34016 13.7986
      vertex -6.6833 6.40061 10.0701
      vertex -6.68804 6.40015 13.8255
    endloop
  endfacet
  facet normal 0.0980265 -0.995184 0
    outer loop
      vertex -6.6833 6.40061 10.0701
      vertex -7.297 6.34016 13.7986
      vertex -7.297 6.34016 10.0429
    endloop
  endfacet
  facet normal 0.956953 0.290244 0
    outer loop
      vertex -12.0082 -2.4738 9.83353
      vertex -12.376 -1.26114 6.62345
      vertex -12.376 -1.26114 10.3791
    endloop
  endfacet
  facet normal 0.956953 0.290244 0
    outer loop
      vertex -12.376 -1.26114 6.62345
      vertex -12.0082 -2.4738 9.83353
      vertex -12.0082 -2.4738 6.07792
    endloop
  endfacet
  facet normal 0.881914 0.471411 0
    outer loop
      vertex 11.5933 3.25 14.0532
      vertex 11.4108 3.59142 12.562
      vertex 11.4108 3.59142 14.2068
    endloop
  endfacet
  facet normal 0.881914 0.471411 0
    outer loop
      vertex 11.4108 3.59142 12.562
      vertex 11.5933 3.25 14.0532
      vertex 11.5933 3.25 12.4084
    endloop
  endfacet
  facet normal -0.881891 -0.471454 -1.06414e-05
    outer loop
      vertex 11.7188 3.01516 12.3028
      vertex 11.5933 3.25 8.65281
      vertex 11.7166 3.01936 8.54906
    endloop
  endfacet
  facet normal -0.88196 -0.471325 0
    outer loop
      vertex 11.5933 3.25 8.65281
      vertex 11.7188 3.01516 12.3028
      vertex 11.5933 3.25 12.4084
    endloop
  endfacet
  facet normal -0.0844456 0.996428 7.35546e-05
    outer loop
      vertex 6.67759 -6.40118 -6.61838e-08
      vertex 6.65729 -6.40317 3.65235
      vertex 6.65788 -6.40312 3.65237
    endloop
  endfacet
  facet normal -0.097831 0.995203 -1.50981e-06
    outer loop
      vertex 6.65729 -6.40317 3.65235
      vertex 6.67759 -6.40118 -6.61838e-08
      vertex 6.63812 -6.40506 -6.61847e-08
    endloop
  endfacet
  facet normal 0.881913 -0.471412 0
    outer loop
      vertex -12.0082 2.4738 7.70055
      vertex -11.4108 3.59141 -6.39982e-08
      vertex -11.4108 3.59141 8.20331
    endloop
  endfacet
  facet normal 0.881915 -0.471408 7.08211e-07
    outer loop
      vertex -11.4108 3.59141 -6.39982e-08
      vertex -12.0082 2.4738 7.70055
      vertex -11.9692 2.54675 -6.42267e-08
    endloop
  endfacet
  facet normal 0 1 -0
    outer loop
      vertex -4.475 -6.46439 -6.61977e-08
      vertex -6.03586 -6.46439 3.62481
      vertex -4.475 -6.46439 3.62481
    endloop
  endfacet
  facet normal 0 1 0
    outer loop
      vertex -6.03586 -6.46439 3.62481
      vertex -4.475 -6.46439 -6.61977e-08
      vertex -6.03586 -6.46439 -6.61977e-08
    endloop
  endfacet
  facet normal 0 1 -0
    outer loop
      vertex 6.03586 -6.46439 -6.61977e-08
      vertex 4.475 -6.46439 3.62481
      vertex 6.03586 -6.46439 3.62481
    endloop
  endfacet
  facet normal 0 1 0
    outer loop
      vertex 4.475 -6.46439 3.62481
      vertex 6.03586 -6.46439 -6.61977e-08
      vertex 4.475 -6.46439 -6.61977e-08
    endloop
  endfacet
  facet normal -0.881915 0.471409 0
    outer loop
      vertex 12.0082 -2.4738 5.47483
      vertex 12.0082 -2.4738 5.42
      vertex 11.4108 -3.59142 4.97206
    endloop
  endfacet
  facet normal -0.471469 -0.881883 0
    outer loop
      vertex 8.59648 5.9259 -6.34876e-08
      vertex 8.50967 5.97231 9.21955
      vertex 8.50967 5.97231 -6.34774e-08
    endloop
  endfacet
  facet normal 0.634383 -0.773019 0
    outer loop
      vertex -10.6069 4.571 8.58916
      vertex -9.62727 5.37494 -6.36081e-08
      vertex -9.62727 5.37494 8.95082
    endloop
  endfacet
  facet normal 0.634383 -0.773019 0
    outer loop
      vertex -9.62727 5.37494 -6.36081e-08
      vertex -10.6069 4.571 8.58916
      vertex -10.6069 4.571 -6.37839e-08
    endloop
  endfacet
  facet normal -0.290287 0.95694 0
    outer loop
      vertex 8.50967 -5.9723 -6.609e-08
      vertex 7.91191 -6.15363 3.76461
      vertex 8.50967 -5.9723 3.901
    endloop
  endfacet
  facet normal -0.290286 0.95694 7.84445e-08
    outer loop
      vertex 7.91191 -6.15363 3.76461
      vertex 8.50967 -5.9723 -6.609e-08
      vertex 7.93093 -6.14786 -6.61284e-08
    endloop
  endfacet
  facet normal -0.956953 0.290244 0
    outer loop
      vertex 12.0082 -2.4738 5.47483
      vertex 12.376 -1.26114 6.02036
      vertex 12.0082 -2.4738 5.42
    endloop
  endfacet
  facet normal -0.881915 -0.471408 7.08211e-07
    outer loop
      vertex 12.0082 2.4738 7.70055
      vertex 11.4108 3.59141 -6.39982e-08
      vertex 11.9692 2.54675 -6.42267e-08
    endloop
  endfacet
  facet normal -0.881913 -0.471412 0
    outer loop
      vertex 11.4108 3.59141 -6.39982e-08
      vertex 12.0082 2.4738 7.70055
      vertex 11.4108 3.59141 8.20331
    endloop
  endfacet
  facet normal 0.0980359 0.995183 0
    outer loop
      vertex -6.65788 -6.40312 3.65237
      vertex -7.297 -6.34016 -6.61705e-08
      vertex -7.297 -6.34016 3.68069
    endloop
  endfacet
  facet normal 0.0980385 0.995183 -4.61363e-07
    outer loop
      vertex -7.297 -6.34016 -6.61705e-08
      vertex -6.65788 -6.40312 3.65237
      vertex -6.67759 -6.40118 -6.61838e-08
    endloop
  endfacet
  facet normal -0.956932 -0.290312 0
    outer loop
      vertex 12.032 2.39535 -6.42598e-08
      vertex 12.0082 2.4738 7.70055
      vertex 12.0082 2.4738 -6.42426e-08
    endloop
  endfacet
  facet normal 0.956953 -0.290244 -7.61621e-07
    outer loop
      vertex -12.376 1.26114 7.15502
      vertex -12.032 2.39535 -6.42598e-08
      vertex -12.0082 2.4738 7.70055
    endloop
  endfacet
  facet normal 0.956954 -0.290239 0
    outer loop
      vertex -12.032 2.39535 -6.42598e-08
      vertex -12.376 1.26114 7.15502
      vertex -12.376 1.26114 -6.45079e-08
    endloop
  endfacet
  facet normal 0.956972 0.290181 0
    outer loop
      vertex -12.376 -1.26114 6.02036
      vertex -12.3574 -1.32248 -6.5073e-08
      vertex -12.376 -1.26114 -6.50596e-08
    endloop
  endfacet
  facet normal -0.956952 0.290247 0
    outer loop
      vertex 12.0082 -2.4738 5.42
      vertex 12.3574 -1.32248 -6.5073e-08
      vertex 12.0082 -2.4738 -6.53248e-08
    endloop
  endfacet
  facet normal -0.956953 0.290244 -7.08246e-07
    outer loop
      vertex 12.3574 -1.32248 -6.5073e-08
      vertex 12.0082 -2.4738 5.42
      vertex 12.376 -1.26114 6.02036
    endloop
  endfacet
  facet normal 0.471469 -0.881883 0
    outer loop
      vertex -8.50967 5.97231 -6.34774e-08
      vertex -8.50967 5.97231 9.21955
      vertex -8.59648 5.9259 -6.34876e-08
    endloop
  endfacet
  facet normal 0.995186 -0.0980082 0
    outer loop
      vertex -12.5002 -1.38435e-07 6.58769
      vertex -12.376 1.26114 -6.45079e-08
      vertex -12.376 1.26114 7.15502
    endloop
  endfacet
  facet normal 0.995182 -0.0980404 -6.23532e-06
    outer loop
      vertex -12.376 1.26114 -6.45079e-08
      vertex -12.5002 -1.38435e-07 6.58769
      vertex -12.4933 0.0704589 -6.47683e-08
    endloop
  endfacet
  facet normal -0.471397 -0.881921 8.68698e-07
    outer loop
      vertex 8.59648 5.9259 -6.34876e-08
      vertex 9.62727 5.37494 8.95082
      vertex 8.50967 5.97231 9.21955
    endloop
  endfacet
  facet normal -0.471391 -0.881924 -0
    outer loop
      vertex 9.62727 5.37494 8.95082
      vertex 8.59648 5.9259 -6.34876e-08
      vertex 9.62727 5.37494 -6.36081e-08
    endloop
  endfacet
  facet normal 0.290283 0.956941 -1.44183e-06
    outer loop
      vertex -7.297 -6.34016 3.68069
      vertex -7.89238 -6.15956 -6.6131e-08
      vertex -7.91191 -6.15363 3.76461
    endloop
  endfacet
  facet normal 0.290275 0.956943 0
    outer loop
      vertex -7.89238 -6.15956 -6.6131e-08
      vertex -7.297 -6.34016 3.68069
      vertex -7.297 -6.34016 -6.61705e-08
    endloop
  endfacet
  facet normal -0.0980287 -0.995184 4.8748e-07
    outer loop
      vertex 6.07571 6.46046 -6.33707e-08
      vertex 6.68254 6.40069 9.46708
      vertex 6.03586 6.46439 9.49574
    endloop
  endfacet
  facet normal -0.0980311 -0.995183 6.4722e-07
    outer loop
      vertex 6.68254 6.40069 9.46708
      vertex 6.07571 6.46046 -6.33707e-08
      vertex 6.6706 6.40186 -6.33835e-08
    endloop
  endfacet
  facet normal -0.290278 -0.956942 0
    outer loop
      vertex 7.297 6.34016 -6.3397e-08
      vertex 8.50967 5.97231 9.21955
      vertex 7.297 6.34016 9.43986
    endloop
  endfacet
  facet normal -0.290278 -0.956942 -0
    outer loop
      vertex 8.50967 5.97231 9.21955
      vertex 7.297 6.34016 -6.3397e-08
      vertex 8.50967 5.97231 -6.34774e-08
    endloop
  endfacet
  facet normal -0.774369 0.632734 2.17905e-05
    outer loop
      vertex 11.4108 -3.59142 4.97206
      vertex 11.3902 -3.61646 -6.55747e-08
      vertex 11.3772 -3.63237 -6.55782e-08
    endloop
  endfacet
  facet normal 0.772251 0.635318 0
    outer loop
      vertex -11.4108 -3.59142 4.97206
      vertex -11.3902 -3.61646 -6.55747e-08
      vertex -11.4108 -3.59142 -6.55693e-08
    endloop
  endfacet
  facet normal -0.290307 -0.956934 -0.000174559
    outer loop
      vertex 8.50967 5.97231 9.21955
      vertex 8.50967 5.9723 9.27437
      vertex 7.297 6.34016 9.43986
    endloop
  endfacet
  facet normal -0.881921 0.471397 -3.39835e-06
    outer loop
      vertex 11.4108 -3.59142 4.97206
      vertex 12.0082 -2.4738 -6.53248e-08
      vertex 11.436 -3.54431 -6.5559e-08
    endloop
  endfacet
  facet normal -0.881915 0.471409 0
    outer loop
      vertex 12.0082 -2.4738 -6.53248e-08
      vertex 11.4108 -3.59142 4.97206
      vertex 12.0082 -2.4738 5.42
    endloop
  endfacet
  facet normal -0.0980359 0.995183 0
    outer loop
      vertex 7.297 -6.34016 -6.61705e-08
      vertex 6.65788 -6.40312 3.65237
      vertex 7.297 -6.34016 3.68069
    endloop
  endfacet
  facet normal -0.0980385 0.995183 -4.61363e-07
    outer loop
      vertex 6.65788 -6.40312 3.65237
      vertex 7.297 -6.34016 -6.61705e-08
      vertex 6.67759 -6.40118 -6.61838e-08
    endloop
  endfacet
  facet normal -0.956972 0.290181 0
    outer loop
      vertex 12.376 -1.26114 6.02036
      vertex 12.376 -1.26114 -6.50596e-08
      vertex 12.3574 -1.32248 -6.5073e-08
    endloop
  endfacet
  facet normal 0.471391 0.881924 0
    outer loop
      vertex -8.50967 -5.9723 3.901
      vertex -9.62727 -5.37494 -6.59594e-08
      vertex -9.62727 -5.37494 4.16973
    endloop
  endfacet
  facet normal 0.471391 0.881924 0
    outer loop
      vertex -9.62727 -5.37494 -6.59594e-08
      vertex -8.50967 -5.9723 3.901
      vertex -8.50967 -5.9723 -6.609e-08
    endloop
  endfacet
  facet normal 0.290291 0.956938 2.15508e-05
    outer loop
      vertex -7.91198 -6.15361 3.81944
      vertex -7.91191 -6.15363 3.76461
      vertex -8.50967 -5.9723 3.901
    endloop
  endfacet
  facet normal 0.773018 0.634384 -9.26669e-07
    outer loop
      vertex -10.6069 -4.571 4.53139
      vertex -11.3772 -3.63237 -6.55782e-08
      vertex -11.4108 -3.59142 4.97206
    endloop
  endfacet
  facet normal 0.773016 0.634387 0
    outer loop
      vertex -11.3772 -3.63237 -6.55782e-08
      vertex -10.6069 -4.571 4.53139
      vertex -10.6069 -4.571 -6.57835e-08
    endloop
  endfacet
  facet normal -0.881772 0.471676 0
    outer loop
      vertex 11.4108 -3.59142 4.97206
      vertex 11.436 -3.54431 -6.5559e-08
      vertex 11.4108 -3.59142 -6.55693e-08
    endloop
  endfacet
  facet normal 0.634383 0.773019 0
    outer loop
      vertex -9.62727 -5.37494 4.16973
      vertex -10.6069 -4.571 -6.57835e-08
      vertex -10.6069 -4.571 4.53139
    endloop
  endfacet
  facet normal 0.634383 0.773019 0
    outer loop
      vertex -10.6069 -4.571 -6.57835e-08
      vertex -9.62727 -5.37494 4.16973
      vertex -9.62727 -5.37494 -6.59594e-08
    endloop
  endfacet
  facet normal 0.881915 0.471409 0
    outer loop
      vertex -11.4108 -3.59142 4.97206
      vertex -12.0082 -2.4738 -6.53248e-08
      vertex -12.0082 -2.4738 5.42
    endloop
  endfacet
  facet normal 0.881921 0.471397 -3.39835e-06
    outer loop
      vertex -12.0082 -2.4738 -6.53248e-08
      vertex -11.4108 -3.59142 4.97206
      vertex -11.436 -3.54431 -6.5559e-08
    endloop
  endfacet
  facet normal 0.881772 0.471676 0
    outer loop
      vertex -11.4108 -3.59142 4.97206
      vertex -11.4108 -3.59142 -6.55693e-08
      vertex -11.436 -3.54431 -6.5559e-08
    endloop
  endfacet
  facet normal -0.956954 -0.290239 -0
    outer loop
      vertex 12.376 1.26114 7.15502
      vertex 12.032 2.39535 -6.42598e-08
      vertex 12.376 1.26114 -6.45079e-08
    endloop
  endfacet
  facet normal -0.956953 -0.290244 -7.61621e-07
    outer loop
      vertex 12.032 2.39535 -6.42598e-08
      vertex 12.376 1.26114 7.15502
      vertex 12.0082 2.4738 7.70055
    endloop
  endfacet
  facet normal -0.290421 0.956899 -6.62655e-07
    outer loop
      vertex 7.91191 -6.15363 3.76461
      vertex 7.93093 -6.14786 -6.61284e-08
      vertex 7.89238 -6.15956 -6.6131e-08
    endloop
  endfacet
  facet normal 0.881915 0.471409 0
    outer loop
      vertex -12.0082 -2.4738 5.47483
      vertex -11.4108 -3.59142 4.97206
      vertex -12.0082 -2.4738 5.42
    endloop
  endfacet
  facet normal -0.290284 0.95694 2.1541e-05
    outer loop
      vertex 7.91198 -6.15361 3.81944
      vertex 7.91191 -6.15363 3.76461
      vertex 7.297 -6.34016 3.73552
    endloop
  endfacet
  facet normal -0.773048 -0.634347 0
    outer loop
      vertex 10.6069 4.571 -6.37839e-08
      vertex 11.061 4.01761 8.34021
      vertex 10.6069 4.571 8.58916
    endloop
  endfacet
  facet normal -0.773022 -0.63438 -0
    outer loop
      vertex 11.4108 3.59141 8.20331
      vertex 10.6069 4.571 -6.37839e-08
      vertex 11.4108 3.59141 -6.39982e-08
    endloop
  endfacet
  facet normal -0.772988 -0.634421 -8.17669e-06
    outer loop
      vertex 10.6069 4.571 -6.37839e-08
      vertex 11.4108 3.59141 8.20331
      vertex 11.061 4.01761 8.34021
    endloop
  endfacet
  facet normal -0.0980794 -0.995179 0
    outer loop
      vertex 7.297 6.34016 -6.3397e-08
      vertex 7.297 6.34016 9.43986
      vertex 7.23612 6.34616 -6.33957e-08
    endloop
  endfacet
  facet normal 0.290287 0.95694 0
    outer loop
      vertex -7.91191 -6.15363 3.76461
      vertex -8.50967 -5.9723 -6.609e-08
      vertex -8.50967 -5.9723 3.901
    endloop
  endfacet
  facet normal 0.290286 0.95694 7.84445e-08
    outer loop
      vertex -8.50967 -5.9723 -6.609e-08
      vertex -7.91191 -6.15363 3.76461
      vertex -7.93093 -6.14786 -6.61284e-08
    endloop
  endfacet
  facet normal 0.290421 0.956899 -6.62655e-07
    outer loop
      vertex -7.91191 -6.15363 3.76461
      vertex -7.89238 -6.15956 -6.6131e-08
      vertex -7.93093 -6.14786 -6.61284e-08
    endloop
  endfacet
  facet normal 0.956932 -0.290312 0
    outer loop
      vertex -12.0082 2.4738 -6.42426e-08
      vertex -12.0082 2.4738 7.70055
      vertex -12.032 2.39535 -6.42598e-08
    endloop
  endfacet
  facet normal 0.881884 -0.471466 0
    outer loop
      vertex -11.9692 2.54675 -6.42267e-08
      vertex -12.0082 2.4738 7.70055
      vertex -12.0082 2.4738 -6.42426e-08
    endloop
  endfacet
  facet normal -0.881884 -0.471466 0
    outer loop
      vertex 12.0082 2.4738 -6.42426e-08
      vertex 12.0082 2.4738 7.70055
      vertex 11.9692 2.54675 -6.42267e-08
    endloop
  endfacet
  facet normal 0 -1 0
    outer loop
      vertex -6.03586 6.46439 -6.33698e-08
      vertex -4.475 6.46439 9.49574
      vertex -6.03586 6.46439 9.49574
    endloop
  endfacet
  facet normal 0 -1 -0
    outer loop
      vertex -4.475 6.46439 9.49574
      vertex -6.03586 6.46439 -6.33698e-08
      vertex -4.475 6.46439 -6.33698e-08
    endloop
  endfacet
  facet normal 0 -1 0
    outer loop
      vertex 4.475 6.46439 -6.33698e-08
      vertex 6.03586 6.46439 9.49574
      vertex 4.475 6.46439 9.49574
    endloop
  endfacet
  facet normal 0 -1 -0
    outer loop
      vertex 6.03586 6.46439 9.49574
      vertex 4.475 6.46439 -6.33698e-08
      vertex 6.03586 6.46439 -6.33698e-08
    endloop
  endfacet
  facet normal 0.0981437 -0.995172 0
    outer loop
      vertex -6.03586 6.46439 -6.33698e-08
      vertex -6.03586 6.46439 9.49574
      vertex -6.07571 6.46046 -6.33707e-08
    endloop
  endfacet
  facet normal -0.995182 -0.0980404 -6.23532e-06
    outer loop
      vertex 12.5002 -1.38435e-07 6.58769
      vertex 12.376 1.26114 -6.45079e-08
      vertex 12.4933 0.0704589 -6.47683e-08
    endloop
  endfacet
  facet normal -0.995186 -0.0980082 0
    outer loop
      vertex 12.376 1.26114 -6.45079e-08
      vertex 12.5002 -1.38435e-07 6.58769
      vertex 12.376 1.26114 7.15502
    endloop
  endfacet
  facet normal -0.634383 -0.773019 0
    outer loop
      vertex 9.62727 5.37494 -6.36081e-08
      vertex 10.6069 4.571 8.58916
      vertex 9.62727 5.37494 8.95082
    endloop
  endfacet
  facet normal -0.634383 -0.773019 -0
    outer loop
      vertex 10.6069 4.571 8.58916
      vertex 9.62727 5.37494 -6.36081e-08
      vertex 10.6069 4.571 -6.37839e-08
    endloop
  endfacet
  facet normal 0.290284 0.95694 2.1541e-05
    outer loop
      vertex -7.297 -6.34016 3.73552
      vertex -7.91191 -6.15363 3.76461
      vertex -7.91198 -6.15361 3.81944
    endloop
  endfacet
  facet normal 0.471397 -0.881921 8.68698e-07
    outer loop
      vertex -9.62727 5.37494 8.95082
      vertex -8.59648 5.9259 -6.34876e-08
      vertex -8.50967 5.97231 9.21955
    endloop
  endfacet
  facet normal 0.471391 -0.881924 0
    outer loop
      vertex -8.59648 5.9259 -6.34876e-08
      vertex -9.62727 5.37494 8.95082
      vertex -9.62727 5.37494 -6.36081e-08
    endloop
  endfacet
  facet normal 0.995097 0.098907 0
    outer loop
      vertex -12.376 -1.26114 6.02036
      vertex -12.376 -1.26114 -6.50596e-08
      vertex -12.3824 -1.19675 -6.50455e-08
    endloop
  endfacet
  facet normal 0.0980794 -0.995179 0
    outer loop
      vertex -7.23612 6.34616 -6.33957e-08
      vertex -7.297 6.34016 9.43986
      vertex -7.297 6.34016 -6.3397e-08
    endloop
  endfacet
  facet normal 0.0980401 0.995182 -4.01423e-07
    outer loop
      vertex -6.03586 -6.46439 3.62481
      vertex -6.63812 -6.40506 -6.61847e-08
      vertex -6.65729 -6.40317 3.65235
    endloop
  endfacet
  facet normal 0.0980377 0.995183 0
    outer loop
      vertex -6.63812 -6.40506 -6.61847e-08
      vertex -6.03586 -6.46439 3.62481
      vertex -6.03586 -6.46439 -6.61977e-08
    endloop
  endfacet
  facet normal 0.0844456 0.996428 7.35546e-05
    outer loop
      vertex -6.65729 -6.40317 3.65235
      vertex -6.67759 -6.40118 -6.61838e-08
      vertex -6.65788 -6.40312 3.65237
    endloop
  endfacet
  facet normal 0.097831 0.995203 -1.50981e-06
    outer loop
      vertex -6.67759 -6.40118 -6.61838e-08
      vertex -6.65729 -6.40317 3.65235
      vertex -6.63812 -6.40506 -6.61847e-08
    endloop
  endfacet
  facet normal -0.0981437 -0.995172 0
    outer loop
      vertex 6.07571 6.46046 -6.33707e-08
      vertex 6.03586 6.46439 9.49574
      vertex 6.03586 6.46439 -6.33698e-08
    endloop
  endfacet
  facet normal 0.0980347 -0.995183 6.51769e-07
    outer loop
      vertex -7.297 6.34016 9.43986
      vertex -6.6706 6.40186 -6.33835e-08
      vertex -6.68254 6.40069 9.46708
    endloop
  endfacet
  facet normal 0.0980191 -0.995185 -3.92226e-07
    outer loop
      vertex -6.6706 6.40186 -6.33835e-08
      vertex -7.297 6.34016 9.43986
      vertex -7.23612 6.34616 -6.33957e-08
    endloop
  endfacet
  facet normal -0.0980347 -0.995183 6.51769e-07
    outer loop
      vertex 6.6706 6.40186 -6.33835e-08
      vertex 7.297 6.34016 9.43986
      vertex 6.68254 6.40069 9.46708
    endloop
  endfacet
  facet normal -0.0980191 -0.995185 -3.92226e-07
    outer loop
      vertex 7.297 6.34016 9.43986
      vertex 6.6706 6.40186 -6.33835e-08
      vertex 7.23612 6.34616 -6.33957e-08
    endloop
  endfacet
  facet normal -0.471415 -0.881911 -0.000160874
    outer loop
      vertex 9.08238 5.66619 9.13666
      vertex 8.50967 5.9723 9.27437
      vertex 8.50967 5.97231 9.21955
    endloop
  endfacet
  facet normal -0.995186 0.0980085 -6.75431e-07
    outer loop
      vertex 12.5002 -1.38435e-07 6.58769
      vertex 12.5002 -5.16299e-07 6.53286
      vertex 12.376 -1.26114 6.02036
    endloop
  endfacet
  facet normal 0.995186 0.0980085 -6.75431e-07
    outer loop
      vertex -12.5002 -1.38435e-07 6.58769
      vertex -12.376 -1.26114 6.02036
      vertex -12.5002 -5.16299e-07 6.53286
    endloop
  endfacet
  facet normal -0.471391 0.881924 0
    outer loop
      vertex 9.62727 -5.37494 -6.59594e-08
      vertex 8.50967 -5.9723 3.901
      vertex 9.62727 -5.37494 4.16973
    endloop
  endfacet
  facet normal -0.471391 0.881924 0
    outer loop
      vertex 8.50967 -5.9723 3.901
      vertex 9.62727 -5.37494 -6.59594e-08
      vertex 8.50967 -5.9723 -6.609e-08
    endloop
  endfacet
  facet normal -0.995097 0.098907 0
    outer loop
      vertex 12.376 -1.26114 6.02036
      vertex 12.3824 -1.19675 -6.50455e-08
      vertex 12.376 -1.26114 -6.50596e-08
    endloop
  endfacet
  facet normal -0.995239 -0.0974631 -5.48381e-10
    outer loop
      vertex 12.5002 -1.01369e-07 -6.47837e-08
      vertex 12.5002 -1.38435e-07 6.58769
      vertex 12.4933 0.0704589 -6.47683e-08
    endloop
  endfacet
  facet normal -0.0980401 0.995182 -4.01423e-07
    outer loop
      vertex 6.63812 -6.40506 -6.61847e-08
      vertex 6.03586 -6.46439 3.62481
      vertex 6.65729 -6.40317 3.65235
    endloop
  endfacet
  facet normal -0.0980377 0.995183 0
    outer loop
      vertex 6.03586 -6.46439 3.62481
      vertex 6.63812 -6.40506 -6.61847e-08
      vertex 6.03586 -6.46439 -6.61977e-08
    endloop
  endfacet
  facet normal -0.290283 0.956941 -1.44183e-06
    outer loop
      vertex 7.89238 -6.15956 -6.6131e-08
      vertex 7.297 -6.34016 3.68069
      vertex 7.91191 -6.15363 3.76461
    endloop
  endfacet
  facet normal -0.290275 0.956943 0
    outer loop
      vertex 7.297 -6.34016 3.68069
      vertex 7.89238 -6.15956 -6.6131e-08
      vertex 7.297 -6.34016 -6.61705e-08
    endloop
  endfacet
  facet normal -0.290291 0.956938 2.15508e-05
    outer loop
      vertex 7.91198 -6.15361 3.81944
      vertex 8.50967 -5.9723 3.901
      vertex 7.91191 -6.15363 3.76461
    endloop
  endfacet
  facet normal -0.772251 0.635318 0
    outer loop
      vertex 11.4108 -3.59142 4.97206
      vertex 11.4108 -3.59142 -6.55693e-08
      vertex 11.3902 -3.61646 -6.55747e-08
    endloop
  endfacet
  facet normal -0.634383 0.773019 0
    outer loop
      vertex 10.6069 -4.571 -6.57835e-08
      vertex 9.62727 -5.37494 4.16973
      vertex 10.6069 -4.571 4.53139
    endloop
  endfacet
  facet normal -0.634383 0.773019 0
    outer loop
      vertex 9.62727 -5.37494 4.16973
      vertex 10.6069 -4.571 -6.57835e-08
      vertex 9.62727 -5.37494 -6.59594e-08
    endloop
  endfacet
  facet normal 0.471415 -0.881911 -0.000160874
    outer loop
      vertex -8.50967 5.97231 9.21955
      vertex -8.50967 5.9723 9.27437
      vertex -9.08238 5.66619 9.13666
    endloop
  endfacet
  facet normal 0.956953 0.290244 0
    outer loop
      vertex -12.0082 -2.4738 5.47483
      vertex -12.0082 -2.4738 5.42
      vertex -12.376 -1.26114 6.02036
    endloop
  endfacet
  facet normal 0.956953 0.290244 -7.08246e-07
    outer loop
      vertex -12.0082 -2.4738 5.42
      vertex -12.3574 -1.32248 -6.5073e-08
      vertex -12.376 -1.26114 6.02036
    endloop
  endfacet
  facet normal 0.956952 0.290247 0
    outer loop
      vertex -12.3574 -1.32248 -6.5073e-08
      vertex -12.0082 -2.4738 5.42
      vertex -12.0082 -2.4738 -6.53248e-08
    endloop
  endfacet
  facet normal 0.773048 -0.634347 0
    outer loop
      vertex -11.061 4.01761 8.34021
      vertex -10.6069 4.571 -6.37839e-08
      vertex -10.6069 4.571 8.58916
    endloop
  endfacet
  facet normal 0.772988 -0.634421 -8.17669e-06
    outer loop
      vertex -11.4108 3.59141 8.20331
      vertex -10.6069 4.571 -6.37839e-08
      vertex -11.061 4.01761 8.34021
    endloop
  endfacet
  facet normal 0.773022 -0.63438 0
    outer loop
      vertex -10.6069 4.571 -6.37839e-08
      vertex -11.4108 3.59141 8.20331
      vertex -11.4108 3.59141 -6.39982e-08
    endloop
  endfacet
  facet normal 0.290307 -0.956934 -0.000174559
    outer loop
      vertex -7.297 6.34016 9.43986
      vertex -8.50967 5.9723 9.27437
      vertex -8.50967 5.97231 9.21955
    endloop
  endfacet
  facet normal 0.290278 -0.956942 0
    outer loop
      vertex -8.50967 5.97231 9.21955
      vertex -7.297 6.34016 -6.3397e-08
      vertex -7.297 6.34016 9.43986
    endloop
  endfacet
  facet normal 0.290278 -0.956942 0
    outer loop
      vertex -7.297 6.34016 -6.3397e-08
      vertex -8.50967 5.97231 9.21955
      vertex -8.50967 5.97231 -6.34774e-08
    endloop
  endfacet
  facet normal -0.99519 0.0979599 -1.0229e-05
    outer loop
      vertex 12.376 -1.26114 6.02036
      vertex 12.5002 -4.79542e-07 -6.47837e-08
      vertex 12.3824 -1.19675 -6.50455e-08
    endloop
  endfacet
  facet normal -0.995186 0.0980082 5.51441e-10
    outer loop
      vertex 12.5002 -4.79542e-07 -6.47837e-08
      vertex 12.376 -1.26114 6.02036
      vertex 12.5002 -5.16299e-07 6.53286
    endloop
  endfacet
  facet normal -1 0 0
    outer loop
      vertex 12.5002 -5.16299e-07 6.53286
      vertex 12.5002 -1.01369e-07 -6.47837e-08
      vertex 12.5002 -4.79542e-07 -6.47837e-08
    endloop
  endfacet
  facet normal -1 0 0
    outer loop
      vertex 12.5002 -1.01369e-07 -6.47837e-08
      vertex 12.5002 -5.16299e-07 6.53286
      vertex 12.5002 -1.38435e-07 6.58769
    endloop
  endfacet
  facet normal -0.773016 0.634387 0
    outer loop
      vertex 10.6069 -4.571 4.53139
      vertex 11.3772 -3.63237 -6.55782e-08
      vertex 10.6069 -4.571 -6.57835e-08
    endloop
  endfacet
  facet normal -0.773018 0.634384 -9.26669e-07
    outer loop
      vertex 11.3772 -3.63237 -6.55782e-08
      vertex 10.6069 -4.571 4.53139
      vertex 11.4108 -3.59142 4.97206
    endloop
  endfacet
  facet normal 0.0980287 -0.995184 4.8748e-07
    outer loop
      vertex -6.68254 6.40069 9.46708
      vertex -6.07571 6.46046 -6.33707e-08
      vertex -6.03586 6.46439 9.49574
    endloop
  endfacet
  facet normal 0.0980311 -0.995183 6.4722e-07
    outer loop
      vertex -6.07571 6.46046 -6.33707e-08
      vertex -6.68254 6.40069 9.46708
      vertex -6.6706 6.40186 -6.33835e-08
    endloop
  endfacet
  facet normal 0.995239 -0.0974631 -5.48381e-10
    outer loop
      vertex -12.4933 0.0704589 -6.47683e-08
      vertex -12.5002 -1.38435e-07 6.58769
      vertex -12.5002 -1.01369e-07 -6.47837e-08
    endloop
  endfacet
  facet normal 1 -0 0
    outer loop
      vertex -12.5002 -5.16299e-07 6.53286
      vertex -12.5002 -1.01369e-07 -6.47837e-08
      vertex -12.5002 -1.38435e-07 6.58769
    endloop
  endfacet
  facet normal 1 0 0
    outer loop
      vertex -12.5002 -1.01369e-07 -6.47837e-08
      vertex -12.5002 -5.16299e-07 6.53286
      vertex -12.5002 -4.79542e-07 -6.47837e-08
    endloop
  endfacet
  facet normal 0.995186 0.0980082 5.51441e-10
    outer loop
      vertex -12.376 -1.26114 6.02036
      vertex -12.5002 -4.79542e-07 -6.47837e-08
      vertex -12.5002 -5.16299e-07 6.53286
    endloop
  endfacet
  facet normal 0.99519 0.0979599 -1.0229e-05
    outer loop
      vertex -12.5002 -4.79542e-07 -6.47837e-08
      vertex -12.376 -1.26114 6.02036
      vertex -12.3824 -1.19675 -6.50455e-08
    endloop
  endfacet
  facet normal 0.774369 0.632734 2.17905e-05
    outer loop
      vertex -11.3772 -3.63237 -6.55782e-08
      vertex -11.3902 -3.61646 -6.55747e-08
      vertex -11.4108 -3.59142 4.97206
    endloop
  endfacet
  facet normal 0.937138 0.0621945 -0.343371
    outer loop
      vertex -12.2792 -1.43821e-07 7.19078
      vertex -12.376 1.26114 7.15502
      vertex -12.1721 1.08773 7.6801
    endloop
  endfacet
  facet normal 0.937126 0.0621926 -0.343406
    outer loop
      vertex -12.376 1.26114 7.15502
      vertex -12.2792 -1.43821e-07 7.19078
      vertex -12.5002 -1.38435e-07 6.58769
    endloop
  endfacet
  facet normal 0.533549 0.78816 -0.306805
    outer loop
      vertex -9.62727 -5.37494 4.16973
      vertex -9.4696 -3.43451 9.42876
      vertex -8.73404 -4.03816 9.1572
    endloop
  endfacet
  facet normal 0.538609 0.785093 -0.305824
    outer loop
      vertex -9.46986 -3.4343 9.42885
      vertex -9.62727 -5.37494 4.16973
      vertex -9.47003 -3.43416 9.42891
    endloop
  endfacet
  facet normal 0.531322 0.789497 -0.307231
    outer loop
      vertex -9.4696 -3.43451 9.42876
      vertex -9.62727 -5.37494 4.16973
      vertex -9.46986 -3.4343 9.42885
    endloop
  endfacet
  facet normal -0.0803313 0.950811 -0.299174
    outer loop
      vertex 7.25387 -6.12335 4.43615
      vertex 7.297 -6.34016 3.73552
      vertex 7.11278 -6.13724 4.42989
    endloop
  endfacet
  facet normal 0.796453 -0.473112 -0.376601
    outer loop
      vertex -10.8998 3.25 9.72631
      vertex -9.47003 3.43416 12.5187
      vertex -9.47038 3.43373 12.5185
    endloop
  endfacet
  facet normal 0.792388 -0.481966 -0.373937
    outer loop
      vertex -10.8998 3.25 9.72631
      vertex -9.47038 3.43373 12.5185
      vertex -9.62116 3.25 12.4358
    endloop
  endfacet
  facet normal 0.792352 -0.482047 -0.373912
    outer loop
      vertex -9.47003 3.43416 12.5187
      vertex -10.8998 3.25 9.72631
      vertex -11.4108 3.59141 8.20331
    endloop
  endfacet
  facet normal -0.666373 -0.639623 -0.383184
    outer loop
      vertex 9.62727 5.37494 9.00564
      vertex 9.09028 3.7458 12.6589
      vertex 8.73404 4.03816 12.7904
    endloop
  endfacet
  facet normal 0.769168 0.554182 -0.318217
    outer loop
      vertex -11.8039 -2.3892 6.11598
      vertex -11.7422 -2.50466 6.06404
      vertex -12.0082 -2.4738 5.47483
    endloop
  endfacet
  facet normal 0.773022 -0.63438 0
    outer loop
      vertex -10.6069 4.571 8.58916
      vertex -10.6069 4.571 8.64398
      vertex -11.4108 3.59141 8.20331
    endloop
  endfacet
  facet normal -0.0804085 0.950799 -0.299191
    outer loop
      vertex 6.65758 -6.40315 3.70719
      vertex 7.11278 -6.13724 4.42989
      vertex 7.297 -6.34016 3.73552
    endloop
  endfacet
  facet normal -0.080413 0.9508 -0.299188
    outer loop
      vertex 7.11278 -6.13724 4.42989
      vertex 6.65758 -6.40315 3.70719
      vertex 6.56128 -6.19157 4.40546
    endloop
  endfacet
  facet normal 0.0980366 0.995183 0
    outer loop
      vertex -7.297 -6.34016 3.73552
      vertex -6.65758 -6.40315 3.70719
      vertex -7.297 -6.34016 3.68069
    endloop
  endfacet
  facet normal 0.10729 -0.9104 -0.399576
    outer loop
      vertex -7.11278 6.13724 9.95166
      vertex -7.18565 6.13007 9.94843
      vertex -7.297 6.34016 9.43986
    endloop
  endfacet
  facet normal 0.772832 -0.63461 0.000978081
    outer loop
      vertex -11.061 4.01761 8.34021
      vertex -10.6069 4.571 8.58916
      vertex -11.4108 3.59141 8.20331
    endloop
  endfacet
  facet normal 0.0803313 0.950811 -0.299174
    outer loop
      vertex -7.25387 -6.12335 4.43615
      vertex -7.11278 -6.13724 4.42989
      vertex -7.297 -6.34016 3.73552
    endloop
  endfacet
  facet normal -0.660866 0.682639 -0.311866
    outer loop
      vertex 9.47003 -3.43416 9.42891
      vertex 11.4108 -3.59142 4.97206
      vertex 10.6069 -4.571 4.53139
    endloop
  endfacet
  facet normal -0.769168 0.554182 -0.318217
    outer loop
      vertex 11.8039 -2.3892 6.11598
      vertex 12.0082 -2.4738 5.47483
      vertex 11.7422 -2.50466 6.06404
    endloop
  endfacet
  facet normal 0.666374 -0.639622 -0.383183
    outer loop
      vertex -9.47003 3.43416 12.5187
      vertex -10.6069 4.571 8.64398
      vertex -9.62727 5.37494 9.00564
    endloop
  endfacet
  facet normal 0.792355 -0.48204 -0.373913
    outer loop
      vertex -10.6069 4.571 8.64398
      vertex -9.47003 3.43416 12.5187
      vertex -11.4108 3.59141 8.20331
    endloop
  endfacet
  facet normal 0.0803812 0.9508 -0.299197
    outer loop
      vertex -6.03586 -6.46439 3.67964
      vertex -6.56128 -6.19157 4.40546
      vertex -6.02505 -6.24438 4.3817
    endloop
  endfacet
  facet normal 0.0803971 0.950802 -0.299186
    outer loop
      vertex -6.56128 -6.19157 4.40546
      vertex -6.03586 -6.46439 3.67964
      vertex -6.65758 -6.40315 3.70719
    endloop
  endfacet
  facet normal -0.0803971 0.950802 -0.299186
    outer loop
      vertex 6.03586 -6.46439 3.67964
      vertex 6.56128 -6.19157 4.40546
      vertex 6.65758 -6.40315 3.70719
    endloop
  endfacet
  facet normal -0.0803812 0.9508 -0.299197
    outer loop
      vertex 6.56128 -6.19157 4.40546
      vertex 6.03586 -6.46439 3.67964
      vertex 6.02505 -6.24438 4.3817
    endloop
  endfacet
  facet normal -0.927298 -0.122667 -0.353653
    outer loop
      vertex 12.0082 2.4738 7.70055
      vertex 11.8235 2.3247 8.23656
      vertex 11.8039 2.3892 8.26558
    endloop
  endfacet
  facet normal -0 -0.916519 -0.399991
    outer loop
      vertex -4.475 6.46439 9.49574
      vertex -6.02505 6.24438 9.99986
      vertex -6.03586 6.46439 9.49574
    endloop
  endfacet
  facet normal 0 -0.916519 -0.399991
    outer loop
      vertex -6.02505 6.24438 9.99986
      vertex -4.475 6.46439 9.49574
      vertex -4.475 6.24438 9.99986
    endloop
  endfacet
  facet normal 0 -0.916519 -0.399991
    outer loop
      vertex 4.475 6.46439 9.49574
      vertex 6.02505 6.24438 9.99986
      vertex 4.475 6.24438 9.99986
    endloop
  endfacet
  facet normal 0 -0.916519 -0.399991
    outer loop
      vertex 6.02505 6.24438 9.99986
      vertex 4.475 6.46439 9.49574
      vertex 6.03586 6.46439 9.49574
    endloop
  endfacet
  facet normal 0.505239 -0.769335 -0.39097
    outer loop
      vertex -7.89447 4.48692 12.9923
      vertex -8.73404 4.03816 12.7904
      vertex -9.62727 5.37494 9.00564
    endloop
  endfacet
  facet normal 0.391542 0.868843 -0.302996
    outer loop
      vertex -7.89447 -4.48692 8.95532
      vertex -8.50967 -5.9723 3.901
      vertex -9.62727 -5.37494 4.16973
    endloop
  endfacet
  facet normal 0.0980343 0.995183 5.63456e-05
    outer loop
      vertex -6.65758 -6.40315 3.70719
      vertex -6.65765 -6.40314 3.65236
      vertex -7.297 -6.34016 3.68069
    endloop
  endfacet
  facet normal -0.666373 -0.639623 -0.383184
    outer loop
      vertex 9.62727 5.37494 9.00564
      vertex 9.46977 3.43437 12.5188
      vertex 9.09028 3.7458 12.6589
    endloop
  endfacet
  facet normal -0.665053 -0.640681 -0.383709
    outer loop
      vertex 9.46977 3.43437 12.5188
      vertex 9.62727 5.37494 9.00564
      vertex 9.47003 3.43416 12.5187
    endloop
  endfacet
  facet normal -0.471397 -0.881921 0
    outer loop
      vertex 9.62727 5.37494 8.95082
      vertex 9.62727 5.37494 9.00564
      vertex 9.08238 5.66619 9.13666
    endloop
  endfacet
  facet normal 0.911349 0.240503 -0.334067
    outer loop
      vertex -12.1721 -1.08773 6.70145
      vertex -12.1592 -1.21801 6.64285
      vertex -12.376 -1.26114 6.02036
    endloop
  endfacet
  facet normal 0.080413 0.9508 -0.299188
    outer loop
      vertex -6.65758 -6.40315 3.70719
      vertex -7.11278 -6.13724 4.42989
      vertex -6.56128 -6.19157 4.40546
    endloop
  endfacet
  facet normal 0.0804085 0.950799 -0.299191
    outer loop
      vertex -7.11278 -6.13724 4.42989
      vertex -6.65758 -6.40315 3.70719
      vertex -7.297 -6.34016 3.73552
    endloop
  endfacet
  facet normal 0 1 -0
    outer loop
      vertex 6.03586 -6.46439 3.62481
      vertex 4.475 -6.46439 3.67964
      vertex 6.03586 -6.46439 3.67964
    endloop
  endfacet
  facet normal 0 1 0
    outer loop
      vertex 4.475 -6.46439 3.67964
      vertex 6.03586 -6.46439 3.62481
      vertex 4.475 -6.46439 3.62481
    endloop
  endfacet
  facet normal 0 1 -0
    outer loop
      vertex -4.475 -6.46439 3.62481
      vertex -6.03586 -6.46439 3.67964
      vertex -4.475 -6.46439 3.67964
    endloop
  endfacet
  facet normal 0 1 0
    outer loop
      vertex -6.03586 -6.46439 3.67964
      vertex -4.475 -6.46439 3.62481
      vertex -6.03586 -6.46439 3.62481
    endloop
  endfacet
  facet normal -0.471397 -0.881921 8.73767e-07
    outer loop
      vertex 9.62727 5.37494 8.95082
      vertex 9.08238 5.66619 9.13666
      vertex 8.50967 5.97231 9.21955
    endloop
  endfacet
  facet normal -0.533545 0.788163 -0.306805
    outer loop
      vertex 9.47003 -3.43416 9.42891
      vertex 10.6069 -4.571 4.53139
      vertex 9.62727 -5.37494 4.16973
    endloop
  endfacet
  facet normal -0.239153 0.92333 -0.300446
    outer loop
      vertex 7.37915 -6.08534 4.45324
      vertex 7.297 -6.34016 3.73552
      vertex 7.25387 -6.12335 4.43615
    endloop
  endfacet
  facet normal -0.239107 0.923339 -0.300454
    outer loop
      vertex 7.89394 -4.48708 8.95525
      vertex 7.50025 -5.70971 5.51123
      vertex 7.50025 -4.60651 8.90153
    endloop
  endfacet
  facet normal -0.239063 0.923348 -0.300462
    outer loop
      vertex 7.50025 -5.70971 5.51123
      vertex 7.89394 -4.48708 8.95525
      vertex 7.89447 -4.48692 8.95532
    endloop
  endfacet
  facet normal 0.927298 -0.122667 -0.353653
    outer loop
      vertex -11.8039 2.3892 8.26558
      vertex -11.8235 2.3247 8.23656
      vertex -12.0082 2.4738 7.70055
    endloop
  endfacet
  facet normal 0.666373 -0.639623 -0.383184
    outer loop
      vertex -9.46977 3.43437 12.5188
      vertex -9.62727 5.37494 9.00564
      vertex -9.09028 3.7458 12.6589
    endloop
  endfacet
  facet normal 0.665053 -0.640681 -0.383709
    outer loop
      vertex -9.62727 5.37494 9.00564
      vertex -9.46977 3.43437 12.5188
      vertex -9.47003 3.43416 12.5187
    endloop
  endfacet
  facet normal 0 0.954241 -0.299038
    outer loop
      vertex 4.475 -6.46439 3.67964
      vertex 6.02505 -6.24438 4.3817
      vertex 6.03586 -6.46439 3.67964
    endloop
  endfacet
  facet normal 0 0.954241 -0.299038
    outer loop
      vertex 6.02505 -6.24438 4.3817
      vertex 4.475 -6.46439 3.67964
      vertex 4.475 -6.24438 4.3817
    endloop
  endfacet
  facet normal 0 0.954241 -0.299038
    outer loop
      vertex -4.475 -6.46439 3.67964
      vertex -6.02505 -6.24438 4.3817
      vertex -4.475 -6.24438 4.3817
    endloop
  endfacet
  facet normal 0 0.954241 -0.299038
    outer loop
      vertex -6.02505 -6.24438 4.3817
      vertex -4.475 -6.46439 3.67964
      vertex -6.03586 -6.46439 3.67964
    endloop
  endfacet
  facet normal -0.879641 -0.306246 -0.36393
    outer loop
      vertex 12.0082 2.4738 7.70055
      vertex 11.7721 2.4487 8.29234
      vertex 11.7422 2.50466 8.31752
    endloop
  endfacet
  facet normal 0.660726 0.682814 -0.311779
    outer loop
      vertex -10.8998 -3.25 6.80224
      vertex -9.47038 -3.43373 9.42911
      vertex -9.47003 -3.43416 9.42891
    endloop
  endfacet
  facet normal 0.660851 0.682658 -0.311857
    outer loop
      vertex -9.47038 -3.43373 9.42911
      vertex -10.8998 -3.25 6.80224
      vertex -9.62117 -3.25 9.51176
    endloop
  endfacet
  facet normal 0.660862 0.682643 -0.311865
    outer loop
      vertex -10.8998 -3.25 6.80224
      vertex -9.47003 -3.43416 9.42891
      vertex -11.4108 -3.59142 4.97206
    endloop
  endfacet
  facet normal 0.107397 -0.910381 -0.39959
    outer loop
      vertex -7.11278 6.13724 9.95166
      vertex -6.68254 6.40069 9.46708
      vertex -6.58281 6.18945 9.97515
    endloop
  endfacet
  facet normal 0.107383 -0.910378 -0.399601
    outer loop
      vertex -6.68254 6.40069 9.46708
      vertex -7.11278 6.13724 9.95166
      vertex -7.297 6.34016 9.43986
    endloop
  endfacet
  facet normal 0.634383 -0.773019 0
    outer loop
      vertex -10.6069 4.571 8.64398
      vertex -9.62727 5.37494 8.95082
      vertex -9.62727 5.37494 9.00564
    endloop
  endfacet
  facet normal 0.634383 -0.773019 0
    outer loop
      vertex -9.62727 5.37494 8.95082
      vertex -10.6069 4.571 8.64398
      vertex -10.6069 4.571 8.58916
    endloop
  endfacet
  facet normal 0.505231 -0.769341 -0.390968
    outer loop
      vertex -9.08238 5.66619 9.13666
      vertex -7.89447 4.48692 12.9923
      vertex -9.62727 5.37494 9.00564
    endloop
  endfacet
  facet normal 0.0980265 0.995184 0
    outer loop
      vertex -6.03586 -6.46439 3.67964
      vertex -6.03586 -6.46439 3.62481
      vertex -6.65758 -6.40315 3.70719
    endloop
  endfacet
  facet normal -0.531322 0.789497 -0.307231
    outer loop
      vertex 9.62727 -5.37494 4.16973
      vertex 9.4696 -3.43451 9.42876
      vertex 9.46986 -3.4343 9.42885
    endloop
  endfacet
  facet normal -0.533549 0.78816 -0.306805
    outer loop
      vertex 9.4696 -3.43451 9.42876
      vertex 9.62727 -5.37494 4.16973
      vertex 8.73404 -4.03816 9.1572
    endloop
  endfacet
  facet normal -0.538609 0.785093 -0.305824
    outer loop
      vertex 9.62727 -5.37494 4.16973
      vertex 9.46986 -3.4343 9.42885
      vertex 9.47003 -3.43416 9.42891
    endloop
  endfacet
  facet normal 0.911499 0.240009 -0.334015
    outer loop
      vertex -12.1721 -1.08773 6.70145
      vertex -12.5002 -1.38435e-07 6.58769
      vertex -12.2792 -1.43821e-07 7.19078
    endloop
  endfacet
  facet normal 0.911506 0.240014 -0.33399
    outer loop
      vertex -12.5002 -1.38435e-07 6.58769
      vertex -12.1721 -1.08773 6.70145
      vertex -12.376 -1.26114 6.02036
    endloop
  endfacet
  facet normal 0.85408 0.405574 -0.325665
    outer loop
      vertex -11.8419 -2.26393 6.17233
      vertex -11.8039 -2.3892 6.11598
      vertex -12.0082 -2.4738 5.47483
    endloop
  endfacet
  facet normal -0.937117 0.0617467 -0.343511
    outer loop
      vertex 12.376 1.26114 7.15502
      vertex 12.1721 1.08773 7.6801
      vertex 12.1592 1.21801 7.73871
    endloop
  endfacet
  facet normal 0.239153 0.92333 -0.300446
    outer loop
      vertex -7.25387 -6.12335 4.43615
      vertex -7.297 -6.34016 3.73552
      vertex -7.37915 -6.08534 4.45324
    endloop
  endfacet
  facet normal 0.239063 0.923348 -0.300462
    outer loop
      vertex -7.89394 -4.48708 8.95525
      vertex -7.50025 -5.70971 5.51123
      vertex -7.89447 -4.48692 8.95532
    endloop
  endfacet
  facet normal 0.239107 0.923339 -0.300454
    outer loop
      vertex -7.50025 -5.70971 5.51123
      vertex -7.89394 -4.48708 8.95525
      vertex -7.50025 -4.60651 8.90153
    endloop
  endfacet
  facet normal -0.0980265 0.995184 0
    outer loop
      vertex 6.03586 -6.46439 3.67964
      vertex 6.65758 -6.40315 3.70719
      vertex 6.03586 -6.46439 3.62481
    endloop
  endfacet
  facet normal -0.391542 0.868843 -0.302996
    outer loop
      vertex 8.50967 -5.9723 3.901
      vertex 7.89447 -4.48692 8.95532
      vertex 9.62727 -5.37494 4.16973
    endloop
  endfacet
  facet normal 0.879584 -0.306427 -0.363915
    outer loop
      vertex -11.7721 2.4487 8.29234
      vertex -11.8039 2.3892 8.26558
      vertex -12.0082 2.4738 7.70055
    endloop
  endfacet
  facet normal 0.533545 0.788163 -0.306805
    outer loop
      vertex -9.47003 -3.43416 9.42891
      vertex -9.62727 -5.37494 4.16973
      vertex -10.6069 -4.571 4.53139
    endloop
  endfacet
  facet normal 0.505221 -0.769348 -0.390967
    outer loop
      vertex -8.50967 5.9723 9.27437
      vertex -7.89447 4.48692 12.9923
      vertex -9.08238 5.66619 9.13666
    endloop
  endfacet
  facet normal -0.92741 -0.122257 -0.353502
    outer loop
      vertex 12.1592 1.21801 7.73871
      vertex 12.0082 2.4738 7.70055
      vertex 12.376 1.26114 7.15502
    endloop
  endfacet
  facet normal -0.927364 -0.122255 -0.353625
    outer loop
      vertex 12.0082 2.4738 7.70055
      vertex 12.1592 1.21801 7.73871
      vertex 11.8419 2.26393 8.20922
    endloop
  endfacet
  facet normal -0.911349 0.240503 -0.334067
    outer loop
      vertex 12.1721 -1.08773 6.70145
      vertex 12.376 -1.26114 6.02036
      vertex 12.1592 -1.21801 6.64285
    endloop
  endfacet
  facet normal -0.39155 0.868839 -0.302997
    outer loop
      vertex 9.62727 -5.37494 4.16973
      vertex 7.89496 -4.48666 8.95544
      vertex 8.73404 -4.03816 9.1572
    endloop
  endfacet
  facet normal -0.388042 0.870731 -0.302079
    outer loop
      vertex 7.89496 -4.48666 8.95544
      vertex 9.62727 -5.37494 4.16973
      vertex 7.89447 -4.48692 8.95532
    endloop
  endfacet
  facet normal -0.505231 -0.769341 -0.390968
    outer loop
      vertex 9.08238 5.66619 9.13666
      vertex 9.62727 5.37494 9.00564
      vertex 7.89447 4.48692 12.9923
    endloop
  endfacet
  facet normal 0.10736 -0.910376 -0.399612
    outer loop
      vertex -6.58281 6.18945 9.97515
      vertex -6.03586 6.46439 9.49574
      vertex -6.02505 6.24438 9.99986
    endloop
  endfacet
  facet normal 0.107385 -0.910383 -0.399588
    outer loop
      vertex -6.03586 6.46439 9.49574
      vertex -6.58281 6.18945 9.97515
      vertex -6.68254 6.40069 9.46708
    endloop
  endfacet
  facet normal 0.388042 0.870731 -0.302079
    outer loop
      vertex -9.62727 -5.37494 4.16973
      vertex -7.89496 -4.48666 8.95544
      vertex -7.89447 -4.48692 8.95532
    endloop
  endfacet
  facet normal 0.39155 0.868839 -0.302997
    outer loop
      vertex -7.89496 -4.48666 8.95544
      vertex -9.62727 -5.37494 4.16973
      vertex -8.73404 -4.03816 9.1572
    endloop
  endfacet
  facet normal -0.660851 0.682658 -0.311857
    outer loop
      vertex 10.8998 -3.25 6.80224
      vertex 9.47038 -3.43373 9.42911
      vertex 9.62117 -3.25 9.51176
    endloop
  endfacet
  facet normal -0.660726 0.682814 -0.311779
    outer loop
      vertex 9.47038 -3.43373 9.42911
      vertex 10.8998 -3.25 6.80224
      vertex 9.47003 -3.43416 9.42891
    endloop
  endfacet
  facet normal -0.660862 0.682643 -0.311865
    outer loop
      vertex 9.47003 -3.43416 9.42891
      vertex 10.8998 -3.25 6.80224
      vertex 11.4108 -3.59142 4.97206
    endloop
  endfacet
  facet normal 0.854115 0.405574 -0.325571
    outer loop
      vertex -11.8419 -2.26393 6.17233
      vertex -12.376 -1.26114 6.02036
      vertex -12.1592 -1.21801 6.64285
    endloop
  endfacet
  facet normal 0.854093 0.405549 -0.325661
    outer loop
      vertex -12.376 -1.26114 6.02036
      vertex -11.8419 -2.26393 6.17233
      vertex -12.0082 -2.4738 5.47483
    endloop
  endfacet
  facet normal -0.10729 -0.9104 -0.399576
    outer loop
      vertex 7.297 6.34016 9.43986
      vertex 7.18565 6.13007 9.94843
      vertex 7.11278 6.13724 9.95166
    endloop
  endfacet
  facet normal -0.879584 -0.306427 -0.363915
    outer loop
      vertex 12.0082 2.4738 7.70055
      vertex 11.8039 2.3892 8.26558
      vertex 11.7721 2.4487 8.29234
    endloop
  endfacet
  facet normal -0.792355 -0.48204 -0.373913
    outer loop
      vertex 9.47003 3.43416 12.5187
      vertex 10.6069 4.571 8.64398
      vertex 11.4108 3.59141 8.20331
    endloop
  endfacet
  facet normal 0.769217 0.554154 -0.318149
    outer loop
      vertex -10.8998 -3.25 6.80224
      vertex -11.4108 -3.59142 4.97206
      vertex -11.3438 -3.25 5.72874
    endloop
  endfacet
  facet normal 0.769125 0.554256 -0.318193
    outer loop
      vertex -11.3438 -3.25 5.72874
      vertex -12.0082 -2.4738 5.47483
      vertex -11.7422 -2.50466 6.06404
    endloop
  endfacet
  facet normal 0.769125 0.554259 -0.318188
    outer loop
      vertex -12.0082 -2.4738 5.47483
      vertex -11.3438 -3.25 5.72874
      vertex -11.4108 -3.59142 4.97206
    endloop
  endfacet
  facet normal 0.660866 0.682639 -0.311866
    outer loop
      vertex -9.47003 -3.43416 9.42891
      vertex -10.6069 -4.571 4.53139
      vertex -11.4108 -3.59142 4.97206
    endloop
  endfacet
  facet normal 0.0980339 0.995183 5.63461e-05
    outer loop
      vertex -6.65758 -6.40315 3.70719
      vertex -6.03586 -6.46439 3.62481
      vertex -6.65765 -6.40314 3.65236
    endloop
  endfacet
  facet normal -0.773022 -0.63438 0
    outer loop
      vertex 11.4108 3.59141 8.20331
      vertex 10.6069 4.571 8.64398
      vertex 10.6069 4.571 8.58916
    endloop
  endfacet
  facet normal 0.290283 0.956941 0
    outer loop
      vertex -7.297 -6.34016 3.73552
      vertex -7.297 -6.34016 3.68069
      vertex -7.91191 -6.15363 3.76461
    endloop
  endfacet
  facet normal -0.769125 0.554256 -0.318193
    outer loop
      vertex 12.0082 -2.4738 5.47483
      vertex 11.3438 -3.25 5.72874
      vertex 11.7422 -2.50466 6.06404
    endloop
  endfacet
  facet normal -0.769217 0.554154 -0.318149
    outer loop
      vertex 11.3438 -3.25 5.72874
      vertex 11.4108 -3.59142 4.97206
      vertex 10.8998 -3.25 6.80224
    endloop
  endfacet
  facet normal -0.769125 0.554259 -0.318188
    outer loop
      vertex 11.4108 -3.59142 4.97206
      vertex 11.3438 -3.25 5.72874
      vertex 12.0082 -2.4738 5.47483
    endloop
  endfacet
  facet normal 0.87964 -0.306379 -0.36382
    outer loop
      vertex -11.3438 3.25 8.65281
      vertex -11.4108 3.59141 8.20331
      vertex -10.8998 3.25 9.72631
    endloop
  endfacet
  facet normal 0.879586 -0.306467 -0.363878
    outer loop
      vertex -11.7422 2.50466 8.31752
      vertex -11.4108 3.59141 8.20331
      vertex -11.3438 3.25 8.65281
    endloop
  endfacet
  facet normal 0.87958 -0.306467 -0.363892
    outer loop
      vertex -11.4108 3.59141 8.20331
      vertex -11.7422 2.50466 8.31752
      vertex -12.0082 2.4738 7.70055
    endloop
  endfacet
  facet normal 0.315591 -0.862031 -0.396617
    outer loop
      vertex -8.50967 5.9723 9.27437
      vertex -7.50025 5.70971 10.6483
      vertex -7.89447 4.48692 12.9923
    endloop
  endfacet
  facet normal 0.315617 -0.862023 -0.396613
    outer loop
      vertex -7.50025 6.04861 9.91179
      vertex -8.50967 5.9723 9.27437
      vertex -7.297 6.34016 9.43986
    endloop
  endfacet
  facet normal 0.315635 -0.862002 -0.396644
    outer loop
      vertex -7.50025 5.70971 10.6483
      vertex -8.50967 5.9723 9.27437
      vertex -7.50025 6.04861 9.91179
    endloop
  endfacet
  facet normal 0.315564 -0.86203 -0.39664
    outer loop
      vertex -7.37915 6.08534 9.92831
      vertex -7.50025 6.04861 9.91179
      vertex -7.297 6.34016 9.43986
    endloop
  endfacet
  facet normal -0.290283 0.956941 0
    outer loop
      vertex 7.297 -6.34016 3.73552
      vertex 7.91191 -6.15363 3.76461
      vertex 7.297 -6.34016 3.68069
    endloop
  endfacet
  facet normal 0.315628 -0.862022 -0.396607
    outer loop
      vertex -7.50025 5.70971 10.6483
      vertex -7.50025 4.60651 13.0461
      vertex -7.89447 4.48692 12.9923
    endloop
  endfacet
  facet normal 0.315668 -0.862006 -0.39661
    outer loop
      vertex -7.297 6.34016 9.43986
      vertex -7.25387 6.12335 9.94541
      vertex -7.37915 6.08534 9.92831
    endloop
  endfacet
  facet normal -0.854115 0.405574 -0.325571
    outer loop
      vertex 12.376 -1.26114 6.02036
      vertex 11.8419 -2.26393 6.17233
      vertex 12.1592 -1.21801 6.64285
    endloop
  endfacet
  facet normal -0.854093 0.405549 -0.325661
    outer loop
      vertex 11.8419 -2.26393 6.17233
      vertex 12.376 -1.26114 6.02036
      vertex 12.0082 -2.4738 5.47483
    endloop
  endfacet
  facet normal -0.85408 0.405574 -0.325665
    outer loop
      vertex 11.8419 -2.26393 6.17233
      vertex 12.0082 -2.4738 5.47483
      vertex 11.8039 -2.3892 6.11598
    endloop
  endfacet
  facet normal -0.505239 -0.769335 -0.39097
    outer loop
      vertex 9.62727 5.37494 9.00564
      vertex 8.73404 4.03816 12.7904
      vertex 7.89447 4.48692 12.9923
    endloop
  endfacet
  facet normal -0.772832 -0.63461 0.000978081
    outer loop
      vertex 11.061 4.01761 8.34021
      vertex 11.4108 3.59141 8.20331
      vertex 10.6069 4.571 8.58916
    endloop
  endfacet
  facet normal -0.792352 -0.482047 -0.373912
    outer loop
      vertex 10.8998 3.25 9.72631
      vertex 9.47003 3.43416 12.5187
      vertex 11.4108 3.59141 8.20331
    endloop
  endfacet
  facet normal -0.796453 -0.473112 -0.376601
    outer loop
      vertex 9.47003 3.43416 12.5187
      vertex 10.8998 3.25 9.72631
      vertex 9.47038 3.43373 12.5185
    endloop
  endfacet
  facet normal -0.792388 -0.481966 -0.373937
    outer loop
      vertex 9.47038 3.43373 12.5185
      vertex 10.8998 3.25 9.72631
      vertex 9.62116 3.25 12.4358
    endloop
  endfacet
  facet normal 0.23911 0.923336 -0.300461
    outer loop
      vertex -7.91198 -6.15361 3.81944
      vertex -7.50025 -5.70971 5.51123
      vertex -7.50025 -6.04861 4.46977
    endloop
  endfacet
  facet normal 0.239086 0.923343 -0.300458
    outer loop
      vertex -7.50025 -5.70971 5.51123
      vertex -7.91198 -6.15361 3.81944
      vertex -7.89447 -4.48692 8.95532
    endloop
  endfacet
  facet normal 0.239042 0.923352 -0.300467
    outer loop
      vertex -7.297 -6.34016 3.73552
      vertex -7.50025 -6.04861 4.46977
      vertex -7.37915 -6.08534 4.45324
    endloop
  endfacet
  facet normal 0.239091 0.923344 -0.300451
    outer loop
      vertex -7.50025 -6.04861 4.46977
      vertex -7.297 -6.34016 3.73552
      vertex -7.91198 -6.15361 3.81944
    endloop
  endfacet
  facet normal -0.927481 -0.121798 -0.353474
    outer loop
      vertex 12.0082 2.4738 7.70055
      vertex 11.8419 2.26393 8.20922
      vertex 11.8235 2.3247 8.23656
    endloop
  endfacet
  facet normal -0.0980366 0.995183 0
    outer loop
      vertex 7.297 -6.34016 3.73552
      vertex 7.297 -6.34016 3.68069
      vertex 6.65758 -6.40315 3.70719
    endloop
  endfacet
  facet normal -0.239097 0.923341 -0.300457
    outer loop
      vertex 7.89447 -4.48692 8.95532
      vertex 8.50967 -5.9723 3.901
      vertex 7.91198 -6.15361 3.81944
    endloop
  endfacet
  facet normal -0.239086 0.923343 -0.300458
    outer loop
      vertex 7.91198 -6.15361 3.81944
      vertex 7.50025 -5.70971 5.51123
      vertex 7.89447 -4.48692 8.95532
    endloop
  endfacet
  facet normal -0.23911 0.923336 -0.300461
    outer loop
      vertex 7.50025 -5.70971 5.51123
      vertex 7.91198 -6.15361 3.81944
      vertex 7.50025 -6.04861 4.46977
    endloop
  endfacet
  facet normal -0.239091 0.923344 -0.300451
    outer loop
      vertex 7.297 -6.34016 3.73552
      vertex 7.50025 -6.04861 4.46977
      vertex 7.91198 -6.15361 3.81944
    endloop
  endfacet
  facet normal -0.239042 0.923352 -0.300467
    outer loop
      vertex 7.50025 -6.04861 4.46977
      vertex 7.297 -6.34016 3.73552
      vertex 7.37915 -6.08534 4.45324
    endloop
  endfacet
  facet normal -0.937126 0.0621926 -0.343406
    outer loop
      vertex 12.2792 -1.43821e-07 7.19078
      vertex 12.376 1.26114 7.15502
      vertex 12.5002 -1.38435e-07 6.58769
    endloop
  endfacet
  facet normal -0.937138 0.0621945 -0.343371
    outer loop
      vertex 12.376 1.26114 7.15502
      vertex 12.2792 -1.43821e-07 7.19078
      vertex 12.1721 1.08773 7.6801
    endloop
  endfacet
  facet normal 0.666373 -0.639623 -0.383184
    outer loop
      vertex -8.73404 4.03816 12.7904
      vertex -9.09028 3.7458 12.6589
      vertex -9.62727 5.37494 9.00564
    endloop
  endfacet
  facet normal -0.315668 -0.862006 -0.39661
    outer loop
      vertex 7.297 6.34016 9.43986
      vertex 7.37915 6.08534 9.92831
      vertex 7.25387 6.12335 9.94541
    endloop
  endfacet
  facet normal -0.315628 -0.862022 -0.396607
    outer loop
      vertex 7.50025 5.70971 10.6483
      vertex 7.89447 4.48692 12.9923
      vertex 7.50025 4.60651 13.0461
    endloop
  endfacet
  facet normal -0.911499 0.240009 -0.334015
    outer loop
      vertex 12.5002 -1.38435e-07 6.58769
      vertex 12.1721 -1.08773 6.70145
      vertex 12.2792 -1.43821e-07 7.19078
    endloop
  endfacet
  facet normal -0.911506 0.240014 -0.33399
    outer loop
      vertex 12.1721 -1.08773 6.70145
      vertex 12.5002 -1.38435e-07 6.58769
      vertex 12.376 -1.26114 6.02036
    endloop
  endfacet
  facet normal -0.315564 -0.86203 -0.39664
    outer loop
      vertex 7.37915 6.08534 9.92831
      vertex 7.297 6.34016 9.43986
      vertex 7.50025 6.04861 9.91179
    endloop
  endfacet
  facet normal -0.315635 -0.862002 -0.396644
    outer loop
      vertex 8.50967 5.9723 9.27437
      vertex 7.50025 5.70971 10.6483
      vertex 7.50025 6.04861 9.91179
    endloop
  endfacet
  facet normal -0.315591 -0.862031 -0.396617
    outer loop
      vertex 7.50025 5.70971 10.6483
      vertex 8.50967 5.9723 9.27437
      vertex 7.89447 4.48692 12.9923
    endloop
  endfacet
  facet normal -0.315617 -0.862023 -0.396613
    outer loop
      vertex 8.50967 5.9723 9.27437
      vertex 7.50025 6.04861 9.91179
      vertex 7.297 6.34016 9.43986
    endloop
  endfacet
  facet normal -0.666374 -0.639622 -0.383183
    outer loop
      vertex 10.6069 4.571 8.64398
      vertex 9.47003 3.43416 12.5187
      vertex 9.62727 5.37494 9.00564
    endloop
  endfacet
  facet normal -0.505221 -0.769348 -0.390967
    outer loop
      vertex 8.50967 5.9723 9.27437
      vertex 9.08238 5.66619 9.13666
      vertex 7.89447 4.48692 12.9923
    endloop
  endfacet
  facet normal -0.879586 -0.306467 -0.363878
    outer loop
      vertex 11.4108 3.59141 8.20331
      vertex 11.7422 2.50466 8.31752
      vertex 11.3438 3.25 8.65281
    endloop
  endfacet
  facet normal -0.87958 -0.306467 -0.363892
    outer loop
      vertex 11.7422 2.50466 8.31752
      vertex 11.4108 3.59141 8.20331
      vertex 12.0082 2.4738 7.70055
    endloop
  endfacet
  facet normal -0.87964 -0.306379 -0.36382
    outer loop
      vertex 11.4108 3.59141 8.20331
      vertex 11.3438 3.25 8.65281
      vertex 10.8998 3.25 9.72631
    endloop
  endfacet
  facet normal 0.471397 -0.881921 8.73767e-07
    outer loop
      vertex -8.50967 5.97231 9.21955
      vertex -9.08238 5.66619 9.13666
      vertex -9.62727 5.37494 8.95082
    endloop
  endfacet
  facet normal 0.471397 -0.881921 0
    outer loop
      vertex -9.08238 5.66619 9.13666
      vertex -9.62727 5.37494 9.00564
      vertex -9.62727 5.37494 8.95082
    endloop
  endfacet
  facet normal 0.107367 -0.910386 -0.399587
    outer loop
      vertex -7.18565 6.13007 9.94843
      vertex -7.25387 6.12335 9.94541
      vertex -7.297 6.34016 9.43986
    endloop
  endfacet
  facet normal 0.927364 -0.122255 -0.353625
    outer loop
      vertex -12.1592 1.21801 7.73871
      vertex -12.0082 2.4738 7.70055
      vertex -11.8419 2.26393 8.20922
    endloop
  endfacet
  facet normal 0.92741 -0.122257 -0.353502
    outer loop
      vertex -12.0082 2.4738 7.70055
      vertex -12.1592 1.21801 7.73871
      vertex -12.376 1.26114 7.15502
    endloop
  endfacet
  facet normal 0.937117 0.0617467 -0.343511
    outer loop
      vertex -12.1592 1.21801 7.73871
      vertex -12.1721 1.08773 7.6801
      vertex -12.376 1.26114 7.15502
    endloop
  endfacet
  facet normal -0.107367 -0.910386 -0.399587
    outer loop
      vertex 7.297 6.34016 9.43986
      vertex 7.25387 6.12335 9.94541
      vertex 7.18565 6.13007 9.94843
    endloop
  endfacet
  facet normal 0.879641 -0.306246 -0.36393
    outer loop
      vertex -11.7422 2.50466 8.31752
      vertex -11.7721 2.4487 8.29234
      vertex -12.0082 2.4738 7.70055
    endloop
  endfacet
  facet normal -0.10736 -0.910376 -0.399612
    outer loop
      vertex 6.03586 6.46439 9.49574
      vertex 6.58281 6.18945 9.97515
      vertex 6.02505 6.24438 9.99986
    endloop
  endfacet
  facet normal -0.107385 -0.910383 -0.399588
    outer loop
      vertex 6.58281 6.18945 9.97515
      vertex 6.03586 6.46439 9.49574
      vertex 6.68254 6.40069 9.46708
    endloop
  endfacet
  facet normal -0.107397 -0.910381 -0.39959
    outer loop
      vertex 6.68254 6.40069 9.46708
      vertex 7.11278 6.13724 9.95166
      vertex 6.58281 6.18945 9.97515
    endloop
  endfacet
  facet normal -0.107383 -0.910378 -0.399601
    outer loop
      vertex 7.11278 6.13724 9.95166
      vertex 6.68254 6.40069 9.46708
      vertex 7.297 6.34016 9.43986
    endloop
  endfacet
  facet normal 0.239097 0.923341 -0.300457
    outer loop
      vertex -7.89447 -4.48692 8.95532
      vertex -7.91198 -6.15361 3.81944
      vertex -8.50967 -5.9723 3.901
    endloop
  endfacet
  facet normal -0.0980339 0.995183 5.63461e-05
    outer loop
      vertex 6.65758 -6.40315 3.70719
      vertex 6.65765 -6.40314 3.65236
      vertex 6.03586 -6.46439 3.62481
    endloop
  endfacet
  facet normal -0.0425696 -0.736036 0.675603
    outer loop
      vertex -6.65729 -6.40317 3.65235
      vertex -6.65765 -6.40314 3.65236
      vertex -6.03586 -6.46439 3.62481
    endloop
  endfacet
  facet normal -0.0747435 -0.971666 0.224231
    outer loop
      vertex -6.65788 -6.40312 3.65237
      vertex -6.65765 -6.40314 3.65236
      vertex -6.65729 -6.40317 3.65235
    endloop
  endfacet
  facet normal -0.0370897 0.0718319 -0.996727
    outer loop
      vertex -6.65788 -6.40312 3.65237
      vertex -7.297 -6.34016 3.68069
      vertex -6.65765 -6.40314 3.65236
    endloop
  endfacet
  facet normal 0.0370897 0.0718319 -0.996727
    outer loop
      vertex 6.65788 -6.40312 3.65237
      vertex 6.65765 -6.40314 3.65236
      vertex 7.297 -6.34016 3.68069
    endloop
  endfacet
  facet normal 0.0747435 -0.971666 0.224231
    outer loop
      vertex 6.65729 -6.40317 3.65235
      vertex 6.65765 -6.40314 3.65236
      vertex 6.65788 -6.40312 3.65237
    endloop
  endfacet
  facet normal 0.0425696 -0.736036 0.675603
    outer loop
      vertex 6.65729 -6.40317 3.65235
      vertex 6.03586 -6.46439 3.62481
      vertex 6.65765 -6.40314 3.65236
    endloop
  endfacet
  facet normal -0.0980343 0.995183 5.63456e-05
    outer loop
      vertex 7.297 -6.34016 3.68069
      vertex 6.65765 -6.40314 3.65236
      vertex 6.65758 -6.40315 3.70719
    endloop
  endfacet
  facet normal -0.634383 -0.773019 0
    outer loop
      vertex 9.62727 5.37494 8.95082
      vertex 10.6069 4.571 8.64398
      vertex 9.62727 5.37494 9.00564
    endloop
  endfacet
  facet normal -0.634383 -0.773019 -0
    outer loop
      vertex 10.6069 4.571 8.64398
      vertex 9.62727 5.37494 8.95082
      vertex 10.6069 4.571 8.58916
    endloop
  endfacet
  facet normal 0.927481 -0.121798 -0.353474
    outer loop
      vertex -11.8235 2.3247 8.23656
      vertex -11.8419 2.26393 8.20922
      vertex -12.0082 2.4738 7.70055
    endloop
  endfacet
  facet normal 0.290293 0.956938 9.29577e-07
    outer loop
      vertex -7.50025 -4.60651 10.5189
      vertex -7.89394 -4.48708 8.95525
      vertex -7.87832 -4.49182 10.5705
    endloop
  endfacet
  facet normal 0.290297 0.956937 0
    outer loop
      vertex -7.89394 -4.48708 8.95525
      vertex -7.50025 -4.60651 10.5189
      vertex -7.50025 -4.60651 8.90153
    endloop
  endfacet
  facet normal -0.634386 0.773017 0
    outer loop
      vertex 9.47003 -3.43416 9.42891
      vertex 9.4649 -3.43837 11.0444
      vertex 9.47003 -3.43416 11.0463
    endloop
  endfacet
  facet normal -0.635706 0.771931 -7.01906e-06
    outer loop
      vertex 9.4649 -3.43837 11.0444
      vertex 9.47003 -3.43416 9.42891
      vertex 9.46986 -3.4343 9.42885
    endloop
  endfacet
  facet normal 0.773059 0.634334 1.3562e-06
    outer loop
      vertex -9.47003 -3.43416 11.0463
      vertex -9.47038 -3.43373 9.42911
      vertex -9.48073 -3.42112 11.0522
    endloop
  endfacet
  facet normal 0.775562 0.631271 -0
    outer loop
      vertex -9.47003 -3.43416 9.42891
      vertex -9.47038 -3.43373 9.42911
      vertex -9.47003 -3.43416 11.0463
    endloop
  endfacet
  facet normal -0.772998 0.634408 0
    outer loop
      vertex 9.62117 -3.25 9.51176
      vertex 9.48073 -3.42112 11.0522
      vertex 9.62117 -3.25 11.1291
    endloop
  endfacet
  facet normal -0.772997 0.63441 3.73534e-07
    outer loop
      vertex 9.48073 -3.42112 11.0522
      vertex 9.62117 -3.25 9.51176
      vertex 9.47038 -3.43373 9.42911
    endloop
  endfacet
  facet normal 0.471397 -0.881921 0
    outer loop
      vertex -8.73404 4.03816 14.4078
      vertex -7.89447 4.48692 12.9923
      vertex -7.89447 4.48692 14.6096
    endloop
  endfacet
  facet normal 0.471397 -0.881921 0
    outer loop
      vertex -7.89447 4.48692 12.9923
      vertex -8.73404 4.03816 14.4078
      vertex -8.73404 4.03816 12.7904
    endloop
  endfacet
  facet normal -0.290295 -0.956937 0
    outer loop
      vertex 7.50025 4.60651 13.0461
      vertex 7.89447 4.48692 14.6096
      vertex 7.50025 4.60651 14.6634
    endloop
  endfacet
  facet normal -0.290295 -0.956937 -0
    outer loop
      vertex 7.89447 4.48692 14.6096
      vertex 7.50025 4.60651 13.0461
      vertex 7.89447 4.48692 12.9923
    endloop
  endfacet
  facet normal 0.773058 -0.634335 0
    outer loop
      vertex -9.48073 3.42112 14.1302
      vertex -9.47003 3.43416 12.5187
      vertex -9.47003 3.43416 14.1361
    endloop
  endfacet
  facet normal 0.775553 -0.631283 4.12556e-05
    outer loop
      vertex -9.47003 3.43416 12.5187
      vertex -9.48073 3.42112 14.1302
      vertex -9.47038 3.43373 12.5185
    endloop
  endfacet
  facet normal 0.634302 0.773086 1.99414e-07
    outer loop
      vertex -9.45699 -3.44486 11.0415
      vertex -9.46986 -3.4343 9.42885
      vertex -9.4649 -3.43837 11.0444
    endloop
  endfacet
  facet normal 0.628354 0.777928 7.93752e-05
    outer loop
      vertex -9.46986 -3.4343 9.42885
      vertex -9.45699 -3.44486 11.0415
      vertex -9.4696 -3.43451 9.42876
    endloop
  endfacet
  facet normal 0.290336 0.956925 0
    outer loop
      vertex -7.87832 -4.49182 10.5705
      vertex -7.89447 -4.48692 8.95532
      vertex -7.89447 -4.48692 10.5727
    endloop
  endfacet
  facet normal 0.289006 0.957327 1.45189e-05
    outer loop
      vertex -7.89447 -4.48692 8.95532
      vertex -7.87832 -4.49182 10.5705
      vertex -7.89394 -4.48708 8.95525
    endloop
  endfacet
  facet normal 0.634387 0.773015 6.73986e-07
    outer loop
      vertex -8.73404 -4.03816 10.7746
      vertex -9.4696 -3.43451 9.42876
      vertex -9.45699 -3.44486 11.0415
    endloop
  endfacet
  facet normal 0.634388 0.773015 0
    outer loop
      vertex -9.4696 -3.43451 9.42876
      vertex -8.73404 -4.03816 10.7746
      vertex -8.73404 -4.03816 9.1572
    endloop
  endfacet
  facet normal 0.634386 -0.773016 -1.1162e-06
    outer loop
      vertex -9.46207 3.44069 14.139
      vertex -8.73404 4.03816 12.7904
      vertex -8.73896 4.03412 14.406
    endloop
  endfacet
  facet normal 0.634394 -0.77301 5.55177e-06
    outer loop
      vertex -9.46207 3.44069 14.139
      vertex -9.09028 3.7458 12.6589
      vertex -8.73404 4.03816 12.7904
    endloop
  endfacet
  facet normal 0.634382 -0.77302 4.6071e-07
    outer loop
      vertex -9.09028 3.7458 12.6589
      vertex -9.46207 3.44069 14.139
      vertex -9.46977 3.43437 12.5188
    endloop
  endfacet
  facet normal -0.634242 -0.773135 1.57336e-06
    outer loop
      vertex 9.46977 3.43437 12.5188
      vertex 9.47003 3.43416 14.1361
      vertex 9.46207 3.44069 14.139
    endloop
  endfacet
  facet normal -0.628337 -0.777941 -0
    outer loop
      vertex 9.47003 3.43416 14.1361
      vertex 9.46977 3.43437 12.5188
      vertex 9.47003 3.43416 12.5187
    endloop
  endfacet
  facet normal 0.77302 -0.634381 7.53287e-07
    outer loop
      vertex -9.62116 3.25 14.0532
      vertex -9.47038 3.43373 12.5185
      vertex -9.48073 3.42112 14.1302
    endloop
  endfacet
  facet normal 0.773017 -0.634385 0
    outer loop
      vertex -9.47038 3.43373 12.5185
      vertex -9.62116 3.25 14.0532
      vertex -9.62116 3.25 12.4358
    endloop
  endfacet
  facet normal 0.634242 -0.773135 1.57336e-06
    outer loop
      vertex -9.47003 3.43416 14.1361
      vertex -9.46977 3.43437 12.5188
      vertex -9.46207 3.44069 14.139
    endloop
  endfacet
  facet normal 0.628337 -0.777941 0
    outer loop
      vertex -9.46977 3.43437 12.5188
      vertex -9.47003 3.43416 14.1361
      vertex -9.47003 3.43416 12.5187
    endloop
  endfacet
  facet normal -0.471234 0.882008 -9.78519e-07
    outer loop
      vertex 7.89496 -4.48666 8.95544
      vertex 7.89447 -4.48692 10.5727
      vertex 7.90935 -4.47897 10.5763
    endloop
  endfacet
  facet normal -0.468716 0.883349 0
    outer loop
      vertex 7.89496 -4.48666 8.95544
      vertex 7.89447 -4.48692 8.95532
      vertex 7.89447 -4.48692 10.5727
    endloop
  endfacet
  facet normal -0.634302 0.773086 1.99414e-07
    outer loop
      vertex 9.46986 -3.4343 9.42885
      vertex 9.45699 -3.44486 11.0415
      vertex 9.4649 -3.43837 11.0444
    endloop
  endfacet
  facet normal -0.628354 0.777928 7.93752e-05
    outer loop
      vertex 9.45699 -3.44486 11.0415
      vertex 9.46986 -3.4343 9.42885
      vertex 9.4696 -3.43451 9.42876
    endloop
  endfacet
  facet normal 0.4714 0.881919 0
    outer loop
      vertex -7.90935 -4.47897 10.5763
      vertex -8.73404 -4.03816 9.1572
      vertex -8.73404 -4.03816 10.7746
    endloop
  endfacet
  facet normal 0.471399 0.88192 9.03152e-07
    outer loop
      vertex -8.73404 -4.03816 9.1572
      vertex -7.90935 -4.47897 10.5763
      vertex -7.89496 -4.48666 8.95544
    endloop
  endfacet
  facet normal -0.290336 0.956925 0
    outer loop
      vertex 7.89447 -4.48692 8.95532
      vertex 7.87832 -4.49182 10.5705
      vertex 7.89447 -4.48692 10.5727
    endloop
  endfacet
  facet normal -0.289006 0.957327 1.45189e-05
    outer loop
      vertex 7.87832 -4.49182 10.5705
      vertex 7.89447 -4.48692 8.95532
      vertex 7.89394 -4.48708 8.95525
    endloop
  endfacet
  facet normal 0.772998 0.634408 0
    outer loop
      vertex -9.48073 -3.42112 11.0522
      vertex -9.62117 -3.25 9.51176
      vertex -9.62117 -3.25 11.1291
    endloop
  endfacet
  facet normal 0.772997 0.63441 3.73534e-07
    outer loop
      vertex -9.62117 -3.25 9.51176
      vertex -9.48073 -3.42112 11.0522
      vertex -9.47038 -3.43373 9.42911
    endloop
  endfacet
  facet normal -0.290293 0.956938 9.29577e-07
    outer loop
      vertex 7.89394 -4.48708 8.95525
      vertex 7.50025 -4.60651 10.5189
      vertex 7.87832 -4.49182 10.5705
    endloop
  endfacet
  facet normal -0.290297 0.956937 0
    outer loop
      vertex 7.50025 -4.60651 10.5189
      vertex 7.89394 -4.48708 8.95525
      vertex 7.50025 -4.60651 8.90153
    endloop
  endfacet
  facet normal 0.290295 -0.956937 0
    outer loop
      vertex -7.89447 4.48692 14.6096
      vertex -7.50025 4.60651 13.0461
      vertex -7.50025 4.60651 14.6634
    endloop
  endfacet
  facet normal 0.290295 -0.956937 0
    outer loop
      vertex -7.50025 4.60651 13.0461
      vertex -7.89447 4.48692 14.6096
      vertex -7.89447 4.48692 12.9923
    endloop
  endfacet
  facet normal 0.634386 0.773017 0
    outer loop
      vertex -9.4649 -3.43837 11.0444
      vertex -9.47003 -3.43416 9.42891
      vertex -9.47003 -3.43416 11.0463
    endloop
  endfacet
  facet normal 0.635706 0.771931 -7.01906e-06
    outer loop
      vertex -9.47003 -3.43416 9.42891
      vertex -9.4649 -3.43837 11.0444
      vertex -9.46986 -3.4343 9.42885
    endloop
  endfacet
  facet normal -0.634386 -0.773016 -1.1162e-06
    outer loop
      vertex 8.73404 4.03816 12.7904
      vertex 9.46207 3.44069 14.139
      vertex 8.73896 4.03412 14.406
    endloop
  endfacet
  facet normal -0.634394 -0.77301 5.55177e-06
    outer loop
      vertex 9.09028 3.7458 12.6589
      vertex 9.46207 3.44069 14.139
      vertex 8.73404 4.03816 12.7904
    endloop
  endfacet
  facet normal -0.634382 -0.77302 4.6071e-07
    outer loop
      vertex 9.46207 3.44069 14.139
      vertex 9.09028 3.7458 12.6589
      vertex 9.46977 3.43437 12.5188
    endloop
  endfacet
  facet normal -0.775553 -0.631283 4.12556e-05
    outer loop
      vertex 9.48073 3.42112 14.1302
      vertex 9.47003 3.43416 12.5187
      vertex 9.47038 3.43373 12.5185
    endloop
  endfacet
  facet normal -0.773058 -0.634335 0
    outer loop
      vertex 9.47003 3.43416 12.5187
      vertex 9.48073 3.42112 14.1302
      vertex 9.47003 3.43416 14.1361
    endloop
  endfacet
  facet normal -0.634605 -0.772836 0
    outer loop
      vertex 8.73896 4.03412 14.406
      vertex 8.73404 4.03816 14.4078
      vertex 8.73404 4.03816 12.7904
    endloop
  endfacet
  facet normal -0.634387 0.773015 6.73986e-07
    outer loop
      vertex 9.4696 -3.43451 9.42876
      vertex 8.73404 -4.03816 10.7746
      vertex 9.45699 -3.44486 11.0415
    endloop
  endfacet
  facet normal -0.634388 0.773015 0
    outer loop
      vertex 8.73404 -4.03816 10.7746
      vertex 9.4696 -3.43451 9.42876
      vertex 8.73404 -4.03816 9.1572
    endloop
  endfacet
  facet normal 0.471234 0.882008 -9.78519e-07
    outer loop
      vertex -7.89447 -4.48692 10.5727
      vertex -7.89496 -4.48666 8.95544
      vertex -7.90935 -4.47897 10.5763
    endloop
  endfacet
  facet normal 0.468716 0.883349 -0
    outer loop
      vertex -7.89447 -4.48692 8.95532
      vertex -7.89496 -4.48666 8.95544
      vertex -7.89447 -4.48692 10.5727
    endloop
  endfacet
  facet normal -0.773017 -0.634385 -0
    outer loop
      vertex 9.62116 3.25 14.0532
      vertex 9.47038 3.43373 12.5185
      vertex 9.62116 3.25 12.4358
    endloop
  endfacet
  facet normal -0.77302 -0.634381 7.53287e-07
    outer loop
      vertex 9.47038 3.43373 12.5185
      vertex 9.62116 3.25 14.0532
      vertex 9.48073 3.42112 14.1302
    endloop
  endfacet
  facet normal 0.634605 -0.772836 0
    outer loop
      vertex -8.73404 4.03816 12.7904
      vertex -8.73404 4.03816 14.4078
      vertex -8.73896 4.03412 14.406
    endloop
  endfacet
  facet normal -0.4714 0.881919 0
    outer loop
      vertex 8.73404 -4.03816 9.1572
      vertex 7.90935 -4.47897 10.5763
      vertex 8.73404 -4.03816 10.7746
    endloop
  endfacet
  facet normal -0.471399 0.88192 9.03152e-07
    outer loop
      vertex 7.90935 -4.47897 10.5763
      vertex 8.73404 -4.03816 9.1572
      vertex 7.89496 -4.48666 8.95544
    endloop
  endfacet
  facet normal -0.471397 -0.881921 0
    outer loop
      vertex 7.89447 4.48692 12.9923
      vertex 8.73404 4.03816 14.4078
      vertex 7.89447 4.48692 14.6096
    endloop
  endfacet
  facet normal -0.471397 -0.881921 -0
    outer loop
      vertex 8.73404 4.03816 14.4078
      vertex 7.89447 4.48692 12.9923
      vertex 8.73404 4.03816 12.7904
    endloop
  endfacet
  facet normal -0.775562 0.631271 0
    outer loop
      vertex 9.47038 -3.43373 9.42911
      vertex 9.47003 -3.43416 9.42891
      vertex 9.47003 -3.43416 11.0463
    endloop
  endfacet
  facet normal -0.773059 0.634334 1.3562e-06
    outer loop
      vertex 9.47038 -3.43373 9.42911
      vertex 9.47003 -3.43416 11.0463
      vertex 9.48073 -3.42112 11.0522
    endloop
  endfacet
  facet normal 1 0 0
    outer loop
      vertex 4.475 6.46439 9.49574
      vertex 4.475 2 5.76653
      vertex 4.475 6 0.766532
    endloop
  endfacet
  facet normal 1 0 0
    outer loop
      vertex 4.475 6.24438 9.99986
      vertex 4.475 -2 5.76653
      vertex 4.475 2 5.76653
    endloop
  endfacet
  facet normal 1 0 0
    outer loop
      vertex 4.475 -6.24438 4.3817
      vertex 4.475 -2 5.76653
      vertex 4.475 6.24438 9.99986
    endloop
  endfacet
  facet normal 1 0 0
    outer loop
      vertex 4.475 -6.46439 3.62481
      vertex 4.475 -2 5.76653
      vertex 4.475 -6.24438 4.3817
    endloop
  endfacet
  facet normal 1 0 0
    outer loop
      vertex 4.475 -2 5.76653
      vertex 4.475 -6.46439 3.62481
      vertex 4.475 -6 0.766532
    endloop
  endfacet
  facet normal 1 0 0
    outer loop
      vertex 4.475 -6.46439 3.62481
      vertex 4.475 -6.24438 4.3817
      vertex 4.475 -6.46439 3.67964
    endloop
  endfacet
  facet normal 1 0 0
    outer loop
      vertex 4.475 -6.46439 -6.61977e-08
      vertex 4.475 -6 0.766532
      vertex 4.475 -6.46439 3.62481
    endloop
  endfacet
  facet normal 1 0 0
    outer loop
      vertex 4.475 -6 0.766532
      vertex 4.475 -6.46439 -6.61977e-08
      vertex 4.475 -6 -6.60961e-08
    endloop
  endfacet
  facet normal 1 0 0
    outer loop
      vertex 4.475 2 5.76653
      vertex 4.475 6.46439 9.49574
      vertex 4.475 6.24438 9.99986
    endloop
  endfacet
  facet normal 1 0 0
    outer loop
      vertex 4.475 6.46439 9.49574
      vertex 4.475 6 0.766532
      vertex 4.475 6.46439 -6.33698e-08
    endloop
  endfacet
  facet normal 1 0 0
    outer loop
      vertex 4.475 6.46439 -6.33698e-08
      vertex 4.475 6 0.766532
      vertex 4.475 6 -6.34714e-08
    endloop
  endfacet
  facet normal -9.86973e-06 -0.410216 0.911988
    outer loop
      vertex 7.50025 6.27851 10.0152
      vertex 7.37915 6.08534 9.92831
      vertex 7.50025 6.04861 9.91179
    endloop
  endfacet
  facet normal -0.000116315 -0.410161 0.912013
    outer loop
      vertex 7.297 6.34016 10.0429
      vertex 7.37915 6.08534 9.92831
      vertex 7.50025 6.27851 10.0152
    endloop
  endfacet
  facet normal 5.8776e-05 -0.410114 0.912034
    outer loop
      vertex 7.297 6.34016 10.0429
      vertex 7.25387 6.12335 9.94541
      vertex 7.37915 6.08534 9.92831
    endloop
  endfacet
  facet normal -2.21711e-05 -0.4101 0.91204
    outer loop
      vertex 7.297 6.34016 10.0429
      vertex 7.18565 6.13007 9.94843
      vertex 7.25387 6.12335 9.94541
    endloop
  endfacet
  facet normal 7.02547e-05 -0.410141 0.912022
    outer loop
      vertex 7.297 6.34016 10.0429
      vertex 7.11278 6.13724 9.95166
      vertex 7.18565 6.13007 9.94843
    endloop
  endfacet
  facet normal 2.66617e-05 -0.410108 0.912037
    outer loop
      vertex 6.6833 6.40061 10.0701
      vertex 7.11278 6.13724 9.95166
      vertex 7.297 6.34016 10.0429
    endloop
  endfacet
  facet normal 2.18669e-05 -0.410115 0.912034
    outer loop
      vertex 6.6833 6.40061 10.0701
      vertex 6.58281 6.18945 9.97515
      vertex 7.11278 6.13724 9.95166
    endloop
  endfacet
  facet normal 2.79174e-05 -0.410117 0.912033
    outer loop
      vertex 6.03586 6.46439 10.0988
      vertex 6.58281 6.18945 9.97515
      vertex 6.6833 6.40061 10.0701
    endloop
  endfacet
  facet normal 1.23734e-05 -0.410143 0.912021
    outer loop
      vertex 6.03586 6.46439 10.0988
      vertex 6.02505 6.24438 9.99986
      vertex 6.58281 6.18945 9.97515
    endloop
  endfacet
  facet normal 0 -0.410142 0.912022
    outer loop
      vertex 6.03586 6.46439 10.0988
      vertex 4.475 6.24438 9.99986
      vertex 6.02505 6.24438 9.99986
    endloop
  endfacet
  facet normal 0 -0.410256 0.91197
    outer loop
      vertex 4.475 6.24438 9.99986
      vertex -4.475 6.24438 9.99986
      vertex 4.475 -6.24438 4.3817
    endloop
  endfacet
  facet normal 0 -0.410142 0.912022
    outer loop
      vertex 6.03586 6.46439 10.0988
      vertex -4.475 6.24438 9.99986
      vertex 4.475 6.24438 9.99986
    endloop
  endfacet
  facet normal 0 -0.410142 0.912022
    outer loop
      vertex -6.03586 6.46439 10.0988
      vertex -4.475 6.24438 9.99986
      vertex 6.03586 6.46439 10.0988
    endloop
  endfacet
  facet normal 0 -0.410142 0.912022
    outer loop
      vertex -4.475 6.24438 9.99986
      vertex -6.03586 6.46439 10.0988
      vertex -6.02505 6.24438 9.99986
    endloop
  endfacet
  facet normal -1.23734e-05 -0.410143 0.912021
    outer loop
      vertex -6.03586 6.46439 10.0988
      vertex -6.58281 6.18945 9.97515
      vertex -6.02505 6.24438 9.99986
    endloop
  endfacet
  facet normal -2.79174e-05 -0.410117 0.912033
    outer loop
      vertex -6.6833 6.40061 10.0701
      vertex -6.58281 6.18945 9.97515
      vertex -6.03586 6.46439 10.0988
    endloop
  endfacet
  facet normal -2.18669e-05 -0.410115 0.912034
    outer loop
      vertex -6.6833 6.40061 10.0701
      vertex -7.11278 6.13724 9.95166
      vertex -6.58281 6.18945 9.97515
    endloop
  endfacet
  facet normal -2.66617e-05 -0.410108 0.912037
    outer loop
      vertex -7.297 6.34016 10.0429
      vertex -7.11278 6.13724 9.95166
      vertex -6.6833 6.40061 10.0701
    endloop
  endfacet
  facet normal -7.02547e-05 -0.410141 0.912022
    outer loop
      vertex -7.11278 6.13724 9.95166
      vertex -7.297 6.34016 10.0429
      vertex -7.18565 6.13007 9.94843
    endloop
  endfacet
  facet normal 2.21711e-05 -0.4101 0.91204
    outer loop
      vertex -7.18565 6.13007 9.94843
      vertex -7.297 6.34016 10.0429
      vertex -7.25387 6.12335 9.94541
    endloop
  endfacet
  facet normal -5.8776e-05 -0.410114 0.912034
    outer loop
      vertex -7.297 6.34016 10.0429
      vertex -7.37915 6.08534 9.92831
      vertex -7.25387 6.12335 9.94541
    endloop
  endfacet
  facet normal 0.000116315 -0.410161 0.912013
    outer loop
      vertex -7.50025 6.27851 10.0152
      vertex -7.37915 6.08534 9.92831
      vertex -7.297 6.34016 10.0429
    endloop
  endfacet
  facet normal 9.86973e-06 -0.410216 0.911988
    outer loop
      vertex -7.37915 6.08534 9.92831
      vertex -7.50025 6.27851 10.0152
      vertex -7.50025 6.04861 9.91179
    endloop
  endfacet
  facet normal -5.34064e-05 -0.410249 0.911973
    outer loop
      vertex 7.37915 -6.08534 4.45324
      vertex 7.50025 -6.27851 4.36635
      vertex 7.50025 -6.04861 4.46977
    endloop
  endfacet
  facet normal -3.44922e-05 -0.410239 0.911978
    outer loop
      vertex 7.37915 -6.08534 4.45324
      vertex 7.297 -6.34016 4.33861
      vertex 7.50025 -6.27851 4.36635
    endloop
  endfacet
  facet normal 7.00566e-05 -0.410267 0.911965
    outer loop
      vertex 7.25387 -6.12335 4.43615
      vertex 7.297 -6.34016 4.33861
      vertex 7.37915 -6.08534 4.45324
    endloop
  endfacet
  facet normal -7.01756e-05 -0.410291 0.911955
    outer loop
      vertex 7.11278 -6.13724 4.42989
      vertex 7.297 -6.34016 4.33861
      vertex 7.25387 -6.12335 4.43615
    endloop
  endfacet
  facet normal -4.66292e-06 -0.410241 0.911977
    outer loop
      vertex 7.11278 -6.13724 4.42989
      vertex 6.65682 -6.40322 4.31024
      vertex 7.297 -6.34016 4.33861
    endloop
  endfacet
  facet normal 2.01451e-05 -0.410276 0.911961
    outer loop
      vertex 6.56128 -6.19157 4.40546
      vertex 6.65682 -6.40322 4.31024
      vertex 7.11278 -6.13724 4.42989
    endloop
  endfacet
  facet normal 1.40571e-05 -0.410279 0.91196
    outer loop
      vertex 6.56128 -6.19157 4.40546
      vertex 6.03586 -6.46439 4.28273
      vertex 6.65682 -6.40322 4.31024
    endloop
  endfacet
  facet normal -6.39977e-06 -0.410246 0.911975
    outer loop
      vertex 6.02505 -6.24438 4.3817
      vertex 6.03586 -6.46439 4.28273
      vertex 6.56128 -6.19157 4.40546
    endloop
  endfacet
  facet normal 0 -0.410246 0.911975
    outer loop
      vertex 6.02505 -6.24438 4.3817
      vertex 5.225 -6.46439 4.28273
      vertex 6.03586 -6.46439 4.28273
    endloop
  endfacet
  facet normal 0 -0.410246 0.911975
    outer loop
      vertex 4.475 -6.24438 4.3817
      vertex 5.225 -6.46439 4.28273
      vertex 6.02505 -6.24438 4.3817
    endloop
  endfacet
  facet normal 0 -0.410256 0.91197
    outer loop
      vertex -4.475 -6.24438 4.3817
      vertex 4.475 -6.24438 4.3817
      vertex -4.475 6.24438 9.99986
    endloop
  endfacet
  facet normal 0 -0.410246 0.911975
    outer loop
      vertex -4.475 -6.24438 4.3817
      vertex 5.225 -6.46439 4.28273
      vertex 4.475 -6.24438 4.3817
    endloop
  endfacet
  facet normal 0 -0.410246 0.911975
    outer loop
      vertex -4.475 -6.24438 4.3817
      vertex -5.225 -6.46439 4.28273
      vertex 5.225 -6.46439 4.28273
    endloop
  endfacet
  facet normal 0 -0.410246 0.911975
    outer loop
      vertex -6.02505 -6.24438 4.3817
      vertex -5.225 -6.46439 4.28273
      vertex -4.475 -6.24438 4.3817
    endloop
  endfacet
  facet normal 0 -0.410246 0.911975
    outer loop
      vertex -6.02505 -6.24438 4.3817
      vertex -6.03586 -6.46439 4.28273
      vertex -5.225 -6.46439 4.28273
    endloop
  endfacet
  facet normal 6.39977e-06 -0.410246 0.911975
    outer loop
      vertex -6.56128 -6.19157 4.40546
      vertex -6.03586 -6.46439 4.28273
      vertex -6.02505 -6.24438 4.3817
    endloop
  endfacet
  facet normal -1.40571e-05 -0.410279 0.91196
    outer loop
      vertex -6.56128 -6.19157 4.40546
      vertex -6.65682 -6.40322 4.31024
      vertex -6.03586 -6.46439 4.28273
    endloop
  endfacet
  facet normal -2.01451e-05 -0.410276 0.911961
    outer loop
      vertex -7.11278 -6.13724 4.42989
      vertex -6.65682 -6.40322 4.31024
      vertex -6.56128 -6.19157 4.40546
    endloop
  endfacet
  facet normal 7.01756e-05 -0.410291 0.911955
    outer loop
      vertex -7.297 -6.34016 4.33861
      vertex -7.11278 -6.13724 4.42989
      vertex -7.25387 -6.12335 4.43615
    endloop
  endfacet
  facet normal 4.66292e-06 -0.410241 0.911977
    outer loop
      vertex -7.11278 -6.13724 4.42989
      vertex -7.297 -6.34016 4.33861
      vertex -6.65682 -6.40322 4.31024
    endloop
  endfacet
  facet normal -7.00566e-05 -0.410267 0.911965
    outer loop
      vertex -7.37915 -6.08534 4.45324
      vertex -7.297 -6.34016 4.33861
      vertex -7.25387 -6.12335 4.43615
    endloop
  endfacet
  facet normal 5.34064e-05 -0.410249 0.911973
    outer loop
      vertex -7.50025 -6.27851 4.36635
      vertex -7.37915 -6.08534 4.45324
      vertex -7.50025 -6.04861 4.46977
    endloop
  endfacet
  facet normal 3.44922e-05 -0.410239 0.911978
    outer loop
      vertex -7.37915 -6.08534 4.45324
      vertex -7.50025 -6.27851 4.36635
      vertex -7.297 -6.34016 4.33861
    endloop
  endfacet
  facet normal 0 -0.41024 0.911978
    outer loop
      vertex -11.7166 3.01936 8.54906
      vertex -11.3438 3.25 8.65281
      vertex -11.5933 3.25 8.65281
    endloop
  endfacet
  facet normal 1.10853e-05 -0.410255 0.911971
    outer loop
      vertex -11.7166 3.01936 8.54906
      vertex -11.7422 2.50466 8.31752
      vertex -11.3438 3.25 8.65281
    endloop
  endfacet
  facet normal 8.63196e-06 -0.410255 0.911971
    outer loop
      vertex -12.0082 2.4738 8.30364
      vertex -11.7422 2.50466 8.31752
      vertex -11.7166 3.01936 8.54906
    endloop
  endfacet
  facet normal 2.1553e-05 -0.410347 0.911929
    outer loop
      vertex -11.7422 2.50466 8.31752
      vertex -12.0082 2.4738 8.30364
      vertex -11.7721 2.4487 8.29234
    endloop
  endfacet
  facet normal 4.14039e-05 -0.410192 0.911999
    outer loop
      vertex -11.7721 2.4487 8.29234
      vertex -12.0082 2.4738 8.30364
      vertex -11.8039 2.3892 8.26558
    endloop
  endfacet
  facet normal -1.36465e-05 -0.410302 0.91195
    outer loop
      vertex -11.8039 2.3892 8.26558
      vertex -12.0082 2.4738 8.30364
      vertex -11.8235 2.3247 8.23656
    endloop
  endfacet
  facet normal 3.76074e-06 -0.410285 0.911958
    outer loop
      vertex -11.8235 2.3247 8.23656
      vertex -12.0082 2.4738 8.30364
      vertex -11.8419 2.26393 8.20922
    endloop
  endfacet
  facet normal 2.93553e-05 -0.410268 0.911965
    outer loop
      vertex -12.376 1.26114 7.75811
      vertex -11.8419 2.26393 8.20922
      vertex -12.0082 2.4738 8.30364
    endloop
  endfacet
  facet normal 7.69378e-06 -0.41025 0.911973
    outer loop
      vertex -12.4368 0.644176 7.48057
      vertex -12.1721 1.08773 7.6801
      vertex -12.376 1.26114 7.75811
    endloop
  endfacet
  facet normal -1.32135e-05 -0.41027 0.911964
    outer loop
      vertex -12.1592 1.21801 7.73871
      vertex -12.376 1.26114 7.75811
      vertex -12.1721 1.08773 7.6801
    endloop
  endfacet
  facet normal -8.52763e-06 -0.410251 0.911973
    outer loop
      vertex -11.8419 2.26393 8.20922
      vertex -12.376 1.26114 7.75811
      vertex -12.1592 1.21801 7.73871
    endloop
  endfacet
  facet normal 0 -0.410271 0.911964
    outer loop
      vertex -11.3438 -3.25 5.72874
      vertex -11.704 -3.04281 5.82195
      vertex -11.5933 -3.25 5.72874
    endloop
  endfacet
  facet normal 1.14502e-05 -0.410255 0.911971
    outer loop
      vertex -11.7422 -2.50466 6.06404
      vertex -11.704 -3.04281 5.82195
      vertex -11.3438 -3.25 5.72874
    endloop
  endfacet
  facet normal -8.97778e-06 -0.410257 0.91197
    outer loop
      vertex -12.0082 -2.4738 6.07792
      vertex -11.7422 -2.50466 6.06404
      vertex -11.8039 -2.3892 6.11598
    endloop
  endfacet
  facet normal -1.79246e-05 -0.410239 0.911978
    outer loop
      vertex -12.0082 -2.4738 6.07792
      vertex -11.8039 -2.3892 6.11598
      vertex -11.8419 -2.26393 6.17233
    endloop
  endfacet
  facet normal -8.83519e-06 -0.410256 0.91197
    outer loop
      vertex -11.7422 -2.50466 6.06404
      vertex -12.0082 -2.4738 6.07792
      vertex -11.704 -3.04281 5.82195
    endloop
  endfacet
  facet normal 1.01635e-05 -0.410258 0.91197
    outer loop
      vertex -12.376 -1.26114 6.62345
      vertex -11.8419 -2.26393 6.17233
      vertex -12.1592 -1.21801 6.64285
    endloop
  endfacet
  facet normal 1.03034e-05 -0.410258 0.91197
    outer loop
      vertex -11.8419 -2.26393 6.17233
      vertex -12.376 -1.26114 6.62345
      vertex -12.0082 -2.4738 6.07792
    endloop
  endfacet
  facet normal -4.43312e-07 -0.410213 0.91199
    outer loop
      vertex -12.1721 -1.08773 6.70145
      vertex -12.376 -1.26114 6.62345
      vertex -12.1592 -1.21801 6.64285
    endloop
  endfacet
  facet normal 4.92977e-06 -0.410261 0.911968
    outer loop
      vertex -12.4394 -0.617679 6.91291
      vertex -12.1721 -1.08773 6.70145
      vertex -12.2792 -1.43821e-07 7.19078
    endloop
  endfacet
  facet normal 1.91473e-05 -0.410256 0.911971
    outer loop
      vertex -12.1721 1.08773 7.6801
      vertex -12.4368 0.644176 7.48057
      vertex -12.2792 -1.43821e-07 7.19078
    endloop
  endfacet
  facet normal -2.46194e-07 -0.41026 0.911969
    outer loop
      vertex -12.5002 -1.12005e-08 7.19078
      vertex -12.2792 -1.43821e-07 7.19078
      vertex -12.4368 0.644176 7.48057
    endloop
  endfacet
  facet normal 3.39954e-05 -0.410247 0.911974
    outer loop
      vertex -12.1721 -1.08773 6.70145
      vertex -12.4394 -0.617679 6.91291
      vertex -12.376 -1.26114 6.62345
    endloop
  endfacet
  facet normal -2.46194e-07 -0.41026 0.911969
    outer loop
      vertex -12.2792 -1.43821e-07 7.19078
      vertex -12.5002 -1.12005e-08 7.19078
      vertex -12.4394 -0.617679 6.91291
    endloop
  endfacet
  facet normal 2.46194e-07 -0.41026 0.911969
    outer loop
      vertex 12.2792 -1.43821e-07 7.19078
      vertex 12.5002 -1.12005e-08 7.19078
      vertex 12.4368 0.644176 7.48057
    endloop
  endfacet
  facet normal -7.69378e-06 -0.41025 0.911973
    outer loop
      vertex 12.1721 1.08773 7.6801
      vertex 12.4368 0.644176 7.48057
      vertex 12.376 1.26114 7.75811
    endloop
  endfacet
  facet normal 2.46194e-07 -0.41026 0.911969
    outer loop
      vertex 12.5002 -1.12005e-08 7.19078
      vertex 12.2792 -1.43821e-07 7.19078
      vertex 12.4394 -0.617679 6.91291
    endloop
  endfacet
  facet normal -4.92977e-06 -0.410261 0.911968
    outer loop
      vertex 12.1721 -1.08773 6.70145
      vertex 12.4394 -0.617679 6.91291
      vertex 12.2792 -1.43821e-07 7.19078
    endloop
  endfacet
  facet normal -1.91473e-05 -0.410256 0.911971
    outer loop
      vertex 12.4368 0.644176 7.48057
      vertex 12.1721 1.08773 7.6801
      vertex 12.2792 -1.43821e-07 7.19078
    endloop
  endfacet
  facet normal 1.32135e-05 -0.41027 0.911964
    outer loop
      vertex 12.376 1.26114 7.75811
      vertex 12.1592 1.21801 7.73871
      vertex 12.1721 1.08773 7.6801
    endloop
  endfacet
  facet normal -2.93553e-05 -0.410268 0.911965
    outer loop
      vertex 11.8419 2.26393 8.20922
      vertex 12.376 1.26114 7.75811
      vertex 12.0082 2.4738 8.30364
    endloop
  endfacet
  facet normal 8.52763e-06 -0.410251 0.911973
    outer loop
      vertex 12.376 1.26114 7.75811
      vertex 11.8419 2.26393 8.20922
      vertex 12.1592 1.21801 7.73871
    endloop
  endfacet
  facet normal -3.76074e-06 -0.410285 0.911958
    outer loop
      vertex 12.0082 2.4738 8.30364
      vertex 11.8235 2.3247 8.23656
      vertex 11.8419 2.26393 8.20922
    endloop
  endfacet
  facet normal 1.36465e-05 -0.410302 0.91195
    outer loop
      vertex 12.0082 2.4738 8.30364
      vertex 11.8039 2.3892 8.26558
      vertex 11.8235 2.3247 8.23656
    endloop
  endfacet
  facet normal -4.14039e-05 -0.410192 0.911999
    outer loop
      vertex 12.0082 2.4738 8.30364
      vertex 11.7721 2.4487 8.29234
      vertex 11.8039 2.3892 8.26558
    endloop
  endfacet
  facet normal -2.1553e-05 -0.410347 0.911929
    outer loop
      vertex 12.0082 2.4738 8.30364
      vertex 11.7422 2.50466 8.31752
      vertex 11.7721 2.4487 8.29234
    endloop
  endfacet
  facet normal -8.63196e-06 -0.410255 0.911971
    outer loop
      vertex 11.7166 3.01936 8.54906
      vertex 11.7422 2.50466 8.31752
      vertex 12.0082 2.4738 8.30364
    endloop
  endfacet
  facet normal 0 -0.41024 0.911978
    outer loop
      vertex 11.3438 3.25 8.65281
      vertex 11.7166 3.01936 8.54906
      vertex 11.5933 3.25 8.65281
    endloop
  endfacet
  facet normal -1.10853e-05 -0.410255 0.911971
    outer loop
      vertex 11.7166 3.01936 8.54906
      vertex 11.3438 3.25 8.65281
      vertex 11.7422 2.50466 8.31752
    endloop
  endfacet
  facet normal -3.39954e-05 -0.410247 0.911974
    outer loop
      vertex 12.4394 -0.617679 6.91291
      vertex 12.1721 -1.08773 6.70145
      vertex 12.376 -1.26114 6.62345
    endloop
  endfacet
  facet normal 4.43312e-07 -0.410213 0.91199
    outer loop
      vertex 12.1592 -1.21801 6.64285
      vertex 12.376 -1.26114 6.62345
      vertex 12.1721 -1.08773 6.70145
    endloop
  endfacet
  facet normal -1.01635e-05 -0.410258 0.91197
    outer loop
      vertex 11.8419 -2.26393 6.17233
      vertex 12.376 -1.26114 6.62345
      vertex 12.1592 -1.21801 6.64285
    endloop
  endfacet
  facet normal -1.03034e-05 -0.410258 0.91197
    outer loop
      vertex 12.376 -1.26114 6.62345
      vertex 11.8419 -2.26393 6.17233
      vertex 12.0082 -2.4738 6.07792
    endloop
  endfacet
  facet normal 1.79246e-05 -0.410239 0.911978
    outer loop
      vertex 11.8039 -2.3892 6.11598
      vertex 12.0082 -2.4738 6.07792
      vertex 11.8419 -2.26393 6.17233
    endloop
  endfacet
  facet normal 8.97778e-06 -0.410257 0.91197
    outer loop
      vertex 11.7422 -2.50466 6.06404
      vertex 12.0082 -2.4738 6.07792
      vertex 11.8039 -2.3892 6.11598
    endloop
  endfacet
  facet normal 8.83519e-06 -0.410256 0.91197
    outer loop
      vertex 11.7422 -2.50466 6.06404
      vertex 11.704 -3.04281 5.82195
      vertex 12.0082 -2.4738 6.07792
    endloop
  endfacet
  facet normal -1.14502e-05 -0.410255 0.911971
    outer loop
      vertex 11.3438 -3.25 5.72874
      vertex 11.704 -3.04281 5.82195
      vertex 11.7422 -2.50466 6.06404
    endloop
  endfacet
  facet normal 0 -0.410271 0.911964
    outer loop
      vertex 11.704 -3.04281 5.82195
      vertex 11.3438 -3.25 5.72874
      vertex 11.5933 -3.25 5.72874
    endloop
  endfacet
  facet normal 0 -0.410258 0.91197
    outer loop
      vertex -5.225 -6.46439 4.28273
      vertex 5.225 -8.06438 3.56296
      vertex 5.225 -6.46439 4.28273
    endloop
  endfacet
  facet normal 0 -0.410258 0.91197
    outer loop
      vertex 5.225 -8.06438 3.56296
      vertex -5.225 -6.46439 4.28273
      vertex -5.225 -8.06438 3.56296
    endloop
  endfacet
  facet normal -1 0 0
    outer loop
      vertex -4.475 -6.46439 -6.61977e-08
      vertex -4.475 -6 0.766532
      vertex -4.475 -6 -6.60961e-08
    endloop
  endfacet
  facet normal -1 -0 0
    outer loop
      vertex -4.475 -6 0.766532
      vertex -4.475 -6.46439 -6.61977e-08
      vertex -4.475 -6.46439 3.62481
    endloop
  endfacet
  facet normal -1 0 0
    outer loop
      vertex -4.475 -6 0.766532
      vertex -4.475 -6.46439 3.62481
      vertex -4.475 -6.24438 4.3817
    endloop
  endfacet
  facet normal -1 0 0
    outer loop
      vertex -4.475 -6.46439 3.62481
      vertex -4.475 -6.46439 3.67964
      vertex -4.475 -6.24438 4.3817
    endloop
  endfacet
  facet normal -1 0 0
    outer loop
      vertex -4.475 6 0.766532
      vertex -4.475 6.46439 9.49574
      vertex -4.475 6.46439 -6.33698e-08
    endloop
  endfacet
  facet normal -1 0 0
    outer loop
      vertex -4.475 6 0.766532
      vertex -4.475 6.46439 -6.33698e-08
      vertex -4.475 6 -6.34714e-08
    endloop
  endfacet
  facet normal -1 0 0
    outer loop
      vertex -4.475 2 5.76653
      vertex -4.475 6.46439 9.49574
      vertex -4.475 6 0.766532
    endloop
  endfacet
  facet normal -1 -0 0
    outer loop
      vertex -4.475 6.46439 9.49574
      vertex -4.475 2 5.76653
      vertex -4.475 6.24438 9.99986
    endloop
  endfacet
  facet normal -1 0 0
    outer loop
      vertex -4.475 -2 5.76653
      vertex -4.475 6.24438 9.99986
      vertex -4.475 2 5.76653
    endloop
  endfacet
  facet normal -1 -0 0
    outer loop
      vertex -4.475 -2 5.76653
      vertex -4.475 -6.24438 4.3817
      vertex -4.475 6.24438 9.99986
    endloop
  endfacet
  facet normal -1 0 0
    outer loop
      vertex -4.475 -6.24438 4.3817
      vertex -4.475 -2 5.76653
      vertex -4.475 -6 0.766532
    endloop
  endfacet
  facet normal -1 0 0
    outer loop
      vertex 7.50025 5.70971 10.6483
      vertex 7.50025 6.27851 13.7708
      vertex 7.50025 6.27851 10.0152
    endloop
  endfacet
  facet normal -1 0 0
    outer loop
      vertex 7.50025 5.70971 10.6483
      vertex 7.50025 6.27851 10.0152
      vertex 7.50025 6.04861 9.91179
    endloop
  endfacet
  facet normal -1 0 0
    outer loop
      vertex 7.50025 4.60651 13.0461
      vertex 7.50025 6.27851 13.7708
      vertex 7.50025 5.70971 10.6483
    endloop
  endfacet
  facet normal -1 0 0
    outer loop
      vertex 7.50025 4.60651 14.6634
      vertex 7.50025 6.27851 13.7708
      vertex 7.50025 4.60651 13.0461
    endloop
  endfacet
  facet normal -1 0 0
    outer loop
      vertex 7.50025 6.27851 13.7708
      vertex 7.50025 4.60651 14.6634
      vertex 7.50025 6.27851 15.4156
    endloop
  endfacet
  facet normal -1 0 0
    outer loop
      vertex 7.50025 -6.27851 8.12195
      vertex 7.50025 -4.60651 8.90153
      vertex 7.50025 -5.70971 5.51123
    endloop
  endfacet
  facet normal -1 0 0
    outer loop
      vertex 7.50025 -6.27851 4.36635
      vertex 7.50025 -5.70971 5.51123
      vertex 7.50025 -6.04861 4.46977
    endloop
  endfacet
  facet normal -1 -0 0
    outer loop
      vertex 7.50025 -5.70971 5.51123
      vertex 7.50025 -6.27851 4.36635
      vertex 7.50025 -6.27851 8.12195
    endloop
  endfacet
  facet normal -1 0 0
    outer loop
      vertex 7.50025 -6.27851 9.76674
      vertex 7.50025 -4.60651 8.90153
      vertex 7.50025 -6.27851 8.12195
    endloop
  endfacet
  facet normal -1 0 0
    outer loop
      vertex 7.50025 -4.60651 8.90153
      vertex 7.50025 -6.27851 9.76674
      vertex 7.50025 -4.60651 10.5189
    endloop
  endfacet
  facet normal 1 -0 0
    outer loop
      vertex -7.50025 4.60651 14.6634
      vertex -7.50025 6.27851 13.7708
      vertex -7.50025 6.27851 15.4156
    endloop
  endfacet
  facet normal 1 0 0
    outer loop
      vertex -7.50025 6.27851 13.7708
      vertex -7.50025 5.70971 10.6483
      vertex -7.50025 6.27851 10.0152
    endloop
  endfacet
  facet normal 1 0 0
    outer loop
      vertex -7.50025 6.27851 10.0152
      vertex -7.50025 5.70971 10.6483
      vertex -7.50025 6.04861 9.91179
    endloop
  endfacet
  facet normal 1 0 0
    outer loop
      vertex -7.50025 6.27851 13.7708
      vertex -7.50025 4.60651 14.6634
      vertex -7.50025 4.60651 13.0461
    endloop
  endfacet
  facet normal 1 0 0
    outer loop
      vertex -7.50025 6.27851 13.7708
      vertex -7.50025 4.60651 13.0461
      vertex -7.50025 5.70971 10.6483
    endloop
  endfacet
  facet normal 1 -0 0
    outer loop
      vertex -7.50025 -6.27851 9.76674
      vertex -7.50025 -4.60651 8.90153
      vertex -7.50025 -4.60651 10.5189
    endloop
  endfacet
  facet normal 1 0 0
    outer loop
      vertex -7.50025 -4.60651 8.90153
      vertex -7.50025 -6.27851 8.12195
      vertex -7.50025 -5.70971 5.51123
    endloop
  endfacet
  facet normal 1 0 0
    outer loop
      vertex -7.50025 -4.60651 8.90153
      vertex -7.50025 -6.27851 9.76674
      vertex -7.50025 -6.27851 8.12195
    endloop
  endfacet
  facet normal 1 0 0
    outer loop
      vertex -7.50025 -6.27851 4.36635
      vertex -7.50025 -5.70971 5.51123
      vertex -7.50025 -6.27851 8.12195
    endloop
  endfacet
  facet normal 1 0 0
    outer loop
      vertex -7.50025 -5.70971 5.51123
      vertex -7.50025 -6.27851 4.36635
      vertex -7.50025 -6.04861 4.46977
    endloop
  endfacet
  facet normal 0 -1 0
    outer loop
      vertex -11.5933 3.25 14.0532
      vertex -9.62116 3.25 12.4358
      vertex -9.62116 3.25 14.0532
    endloop
  endfacet
  facet normal 0 -1 0
    outer loop
      vertex -11.5933 3.25 12.4084
      vertex -9.62116 3.25 12.4358
      vertex -11.5933 3.25 14.0532
    endloop
  endfacet
  facet normal 0 -1 0
    outer loop
      vertex -11.5933 3.25 12.4084
      vertex -10.8998 3.25 9.72631
      vertex -9.62116 3.25 12.4358
    endloop
  endfacet
  facet normal 0 -1 0
    outer loop
      vertex -11.5933 3.25 8.65281
      vertex -10.8998 3.25 9.72631
      vertex -11.5933 3.25 12.4084
    endloop
  endfacet
  facet normal 0 -1 0
    outer loop
      vertex -10.8998 3.25 9.72631
      vertex -11.5933 3.25 8.65281
      vertex -11.3438 3.25 8.65281
    endloop
  endfacet
  facet normal 0 -1 0
    outer loop
      vertex 9.62116 3.25 12.4358
      vertex 11.5933 3.25 14.0532
      vertex 9.62116 3.25 14.0532
    endloop
  endfacet
  facet normal 0 -1 0
    outer loop
      vertex 9.62116 3.25 12.4358
      vertex 11.5933 3.25 12.4084
      vertex 11.5933 3.25 14.0532
    endloop
  endfacet
  facet normal 0 -1 0
    outer loop
      vertex 10.8998 3.25 9.72631
      vertex 11.5933 3.25 12.4084
      vertex 9.62116 3.25 12.4358
    endloop
  endfacet
  facet normal 0 -1 0
    outer loop
      vertex 11.5933 3.25 8.65281
      vertex 10.8998 3.25 9.72631
      vertex 11.3438 3.25 8.65281
    endloop
  endfacet
  facet normal 0 -1 0
    outer loop
      vertex 10.8998 3.25 9.72631
      vertex 11.5933 3.25 8.65281
      vertex 11.5933 3.25 12.4084
    endloop
  endfacet
  facet normal 0 1 -0
    outer loop
      vertex -9.62117 -3.25 9.51176
      vertex -11.5933 -3.25 11.1291
      vertex -9.62117 -3.25 11.1291
    endloop
  endfacet
  facet normal 0 1 0
    outer loop
      vertex -9.62117 -3.25 9.51176
      vertex -11.5933 -3.25 9.48435
      vertex -11.5933 -3.25 11.1291
    endloop
  endfacet
  facet normal 0 1 -0
    outer loop
      vertex -10.8998 -3.25 6.80224
      vertex -11.5933 -3.25 9.48435
      vertex -9.62117 -3.25 9.51176
    endloop
  endfacet
  facet normal 0 1 0
    outer loop
      vertex -11.5933 -3.25 5.72874
      vertex -10.8998 -3.25 6.80224
      vertex -11.3438 -3.25 5.72874
    endloop
  endfacet
  facet normal 0 1 0
    outer loop
      vertex -10.8998 -3.25 6.80224
      vertex -11.5933 -3.25 5.72874
      vertex -11.5933 -3.25 9.48435
    endloop
  endfacet
  facet normal 0 1 0
    outer loop
      vertex 11.5933 -3.25 11.1291
      vertex 9.62117 -3.25 9.51176
      vertex 9.62117 -3.25 11.1291
    endloop
  endfacet
  facet normal 0 1 -0
    outer loop
      vertex 11.5933 -3.25 9.48435
      vertex 9.62117 -3.25 9.51176
      vertex 11.5933 -3.25 11.1291
    endloop
  endfacet
  facet normal 0 1 0
    outer loop
      vertex 11.5933 -3.25 9.48435
      vertex 10.8998 -3.25 6.80224
      vertex 9.62117 -3.25 9.51176
    endloop
  endfacet
  facet normal 0 1 -0
    outer loop
      vertex 11.5933 -3.25 5.72874
      vertex 10.8998 -3.25 6.80224
      vertex 11.5933 -3.25 9.48435
    endloop
  endfacet
  facet normal 0 1 0
    outer loop
      vertex 10.8998 -3.25 6.80224
      vertex 11.5933 -3.25 5.72874
      vertex 11.3438 -3.25 5.72874
    endloop
  endfacet
  facet normal -1 0 0
    outer loop
      vertex 5.225 -8.06438 7.31857
      vertex 5.225 -6.46439 4.28273
      vertex 5.225 -8.06438 3.56296
    endloop
  endfacet
  facet normal -1 0 0
    outer loop
      vertex 5.225 -6.46439 4.28273
      vertex 5.225 -8.06438 7.31857
      vertex 5.225 -6.46439 8.03833
    endloop
  endfacet
  facet normal 1 -0 0
    outer loop
      vertex -5.225 -8.06438 7.31857
      vertex -5.225 -6.46439 4.28273
      vertex -5.225 -6.46439 8.03833
    endloop
  endfacet
  facet normal 1 0 0
    outer loop
      vertex -5.225 -6.46439 4.28273
      vertex -5.225 -8.06438 7.31857
      vertex -5.225 -8.06438 3.56296
    endloop
  endfacet
  facet normal -0.471396 -0.881922 0
    outer loop
      vertex -2.69728 2.67412 -6.41988e-08
      vertex -2.00573 2.30448 0.766532
      vertex -2.69728 2.67412 0.766532
    endloop
  endfacet
  facet normal -0.471396 -0.881922 -0
    outer loop
      vertex -2.00573 2.30448 0.766532
      vertex -2.69728 2.67412 -6.41988e-08
      vertex -2.00573 2.30448 -6.42797e-08
    endloop
  endfacet
  facet normal 0.956941 -0.290282 0
    outer loop
      vertex 4.17052 4.46927 0.766532
      vertex 4.39814 5.21964 -6.36421e-08
      vertex 4.39814 5.21964 0.766532
    endloop
  endfacet
  facet normal 0.956941 -0.290282 0
    outer loop
      vertex 4.39814 5.21964 -6.36421e-08
      vertex 4.17052 4.46927 0.766532
      vertex 4.17052 4.46927 -6.38062e-08
    endloop
  endfacet
  facet normal 0.290282 -0.956941 0
    outer loop
      vertex 1.25536 2.07686 0.766532
      vertex 2.00573 2.30448 -6.42797e-08
      vertex 2.00573 2.30448 0.766532
    endloop
  endfacet
  facet normal 0.290282 -0.956941 0
    outer loop
      vertex 2.00573 2.30448 -6.42797e-08
      vertex 1.25536 2.07686 0.766532
      vertex 1.25536 2.07686 -6.43295e-08
    endloop
  endfacet
  facet normal -0.63439 -0.773013 0
    outer loop
      vertex -3.30343 3.17157 -6.409e-08
      vertex -2.69728 2.67412 0.766532
      vertex -3.30343 3.17157 0.766532
    endloop
  endfacet
  facet normal -0.63439 -0.773013 -0
    outer loop
      vertex -2.69728 2.67412 0.766532
      vertex -3.30343 3.17157 -6.409e-08
      vertex -2.69728 2.67412 -6.41988e-08
    endloop
  endfacet
  facet normal 0.881922 -0.471396 0
    outer loop
      vertex 3.80088 3.77772 0.766532
      vertex 4.17052 4.46927 -6.38062e-08
      vertex 4.17052 4.46927 0.766532
    endloop
  endfacet
  facet normal 0.881922 -0.471396 0
    outer loop
      vertex 4.17052 4.46927 -6.38062e-08
      vertex 3.80088 3.77772 0.766532
      vertex 3.80088 3.77772 -6.39575e-08
    endloop
  endfacet
  facet normal 0.773013 -0.63439 0
    outer loop
      vertex 3.30343 3.17157 0.766532
      vertex 3.80088 3.77772 -6.39575e-08
      vertex 3.80088 3.77772 0.766532
    endloop
  endfacet
  facet normal 0.773013 -0.63439 0
    outer loop
      vertex 3.80088 3.77772 -6.39575e-08
      vertex 3.30343 3.17157 0.766532
      vertex 3.30343 3.17157 -6.409e-08
    endloop
  endfacet
  facet normal -0.995185 -0.0980187 0
    outer loop
      vertex -4.39814 5.21964 -6.36421e-08
      vertex -4.475 6 0.766532
      vertex -4.475 6 -6.34714e-08
    endloop
  endfacet
  facet normal -0.995185 -0.0980187 0
    outer loop
      vertex -4.475 6 0.766532
      vertex -4.39814 5.21964 -6.36421e-08
      vertex -4.39814 5.21964 0.766532
    endloop
  endfacet
  facet normal 0.995185 -0.0980187 0
    outer loop
      vertex 4.39814 5.21964 0.766532
      vertex 4.475 6 -6.34714e-08
      vertex 4.475 6 0.766532
    endloop
  endfacet
  facet normal 0.995185 -0.0980187 0
    outer loop
      vertex 4.475 6 -6.34714e-08
      vertex 4.39814 5.21964 0.766532
      vertex 4.39814 5.21964 -6.36421e-08
    endloop
  endfacet
  facet normal -0.881922 -0.471396 0
    outer loop
      vertex -3.80088 3.77772 -6.39575e-08
      vertex -4.17052 4.46927 0.766532
      vertex -4.17052 4.46927 -6.38062e-08
    endloop
  endfacet
  facet normal -0.881922 -0.471396 0
    outer loop
      vertex -4.17052 4.46927 0.766532
      vertex -3.80088 3.77772 -6.39575e-08
      vertex -3.80088 3.77772 0.766532
    endloop
  endfacet
  facet normal -0.290282 -0.956941 0
    outer loop
      vertex -2.00573 2.30448 -6.42797e-08
      vertex -1.25536 2.07686 0.766532
      vertex -2.00573 2.30448 0.766532
    endloop
  endfacet
  facet normal -0.290282 -0.956941 -0
    outer loop
      vertex -1.25536 2.07686 0.766532
      vertex -2.00573 2.30448 -6.42797e-08
      vertex -1.25536 2.07686 -6.43295e-08
    endloop
  endfacet
  facet normal 0.471396 -0.881922 0
    outer loop
      vertex 2.00573 2.30448 0.766532
      vertex 2.69728 2.67412 -6.41988e-08
      vertex 2.69728 2.67412 0.766532
    endloop
  endfacet
  facet normal 0.471396 -0.881922 0
    outer loop
      vertex 2.69728 2.67412 -6.41988e-08
      vertex 2.00573 2.30448 0.766532
      vertex 2.00573 2.30448 -6.42797e-08
    endloop
  endfacet
  facet normal 0.63439 -0.773013 0
    outer loop
      vertex 2.69728 2.67412 0.766532
      vertex 3.30343 3.17157 -6.409e-08
      vertex 3.30343 3.17157 0.766532
    endloop
  endfacet
  facet normal 0.63439 -0.773013 0
    outer loop
      vertex 3.30343 3.17157 -6.409e-08
      vertex 2.69728 2.67412 0.766532
      vertex 2.69728 2.67412 -6.41988e-08
    endloop
  endfacet
  facet normal -0.956941 -0.290282 0
    outer loop
      vertex -4.17052 4.46927 -6.38062e-08
      vertex -4.39814 5.21964 0.766532
      vertex -4.39814 5.21964 -6.36421e-08
    endloop
  endfacet
  facet normal -0.956941 -0.290282 0
    outer loop
      vertex -4.39814 5.21964 0.766532
      vertex -4.17052 4.46927 -6.38062e-08
      vertex -4.17052 4.46927 0.766532
    endloop
  endfacet
  facet normal 0.0980186 -0.995185 0
    outer loop
      vertex 0.474999 2 0.766532
      vertex 1.25536 2.07686 -6.43295e-08
      vertex 1.25536 2.07686 0.766532
    endloop
  endfacet
  facet normal 0.0980186 -0.995185 0
    outer loop
      vertex 1.25536 2.07686 -6.43295e-08
      vertex 0.474999 2 0.766532
      vertex 0.474999 2 -6.43463e-08
    endloop
  endfacet
  facet normal -0.773013 -0.63439 0
    outer loop
      vertex -3.30343 3.17157 -6.409e-08
      vertex -3.80088 3.77772 0.766532
      vertex -3.80088 3.77772 -6.39575e-08
    endloop
  endfacet
  facet normal -0.773013 -0.63439 0
    outer loop
      vertex -3.80088 3.77772 0.766532
      vertex -3.30343 3.17157 -6.409e-08
      vertex -3.30343 3.17157 0.766532
    endloop
  endfacet
  facet normal -0.0980186 -0.995185 0
    outer loop
      vertex -1.25536 2.07686 -6.43295e-08
      vertex -0.474999 2 0.766532
      vertex -1.25536 2.07686 0.766532
    endloop
  endfacet
  facet normal -0.0980186 -0.995185 -0
    outer loop
      vertex -0.474999 2 0.766532
      vertex -1.25536 2.07686 -6.43295e-08
      vertex -0.474999 2 -6.43463e-08
    endloop
  endfacet
  facet normal 0 -1 0
    outer loop
      vertex -1.475 2 2.76653
      vertex -0.474999 2 0.766532
      vertex 1.475 2 2.76653
    endloop
  endfacet
  facet normal 0 -1 0
    outer loop
      vertex -2.06027 2 2.82418
      vertex -0.474999 2 0.766532
      vertex -1.475 2 2.76653
    endloop
  endfacet
  facet normal 0 -1 0
    outer loop
      vertex -2.62305 2 2.99489
      vertex -0.474999 2 0.766532
      vertex -2.06027 2 2.82418
    endloop
  endfacet
  facet normal 0 -1 0
    outer loop
      vertex -3.14171 2 3.27212
      vertex -0.474999 2 0.766532
      vertex -2.62305 2 2.99489
    endloop
  endfacet
  facet normal 0 -1 0
    outer loop
      vertex -0.474999 2 0.766532
      vertex -3.14171 2 3.27212
      vertex -3.59632 2 3.64521
    endloop
  endfacet
  facet normal 0 -1 0
    outer loop
      vertex 0.474999 2 0.766532
      vertex 1.475 2 2.76653
      vertex -0.474999 2 0.766532
    endloop
  endfacet
  facet normal 0 -1 -0
    outer loop
      vertex 1.475 2 2.76653
      vertex 0.474999 2 0.766532
      vertex 2.06027 2 2.82418
    endloop
  endfacet
  facet normal 0 -1 -0
    outer loop
      vertex 2.06027 2 2.82418
      vertex 0.474999 2 0.766532
      vertex 2.62305 2 2.99489
    endloop
  endfacet
  facet normal 0 -1 -0
    outer loop
      vertex 3.14171 2 3.27212
      vertex 0.474999 2 0.766532
      vertex 3.59632 2 3.64521
    endloop
  endfacet
  facet normal 0 -1 -0
    outer loop
      vertex 2.62305 2 2.99489
      vertex 0.474999 2 0.766532
      vertex 3.14171 2 3.27212
    endloop
  endfacet
  facet normal 0 -1 0
    outer loop
      vertex -0.474999 2 -6.43463e-08
      vertex 0.474999 2 0.766532
      vertex -0.474999 2 0.766532
    endloop
  endfacet
  facet normal 0 -1 -0
    outer loop
      vertex 0.474999 2 0.766532
      vertex -0.474999 2 -6.43463e-08
      vertex 0.474999 2 -6.43463e-08
    endloop
  endfacet
  facet normal 0.935395 -0.283746 -0.211007
    outer loop
      vertex 4.41736 2 5.18126
      vertex 4.17052 4.46927 0.766532
      vertex 4.39814 5.21964 0.766532
    endloop
  endfacet
  facet normal 0.0974697 -0.989611 -0.105685
    outer loop
      vertex 3.59632 2 3.64521
      vertex 0.474999 2 0.766532
      vertex 1.25536 2.07686 0.766532
    endloop
  endfacet
  facet normal -0.675336 -0.643132 -0.360975
    outer loop
      vertex -3.96941 2 4.09982
      vertex -4.24664 2 4.61848
      vertex -3.30343 3.17157 0.766532
    endloop
  endfacet
  facet normal -0.987076 -0.127403 -0.0972116
    outer loop
      vertex -4.41736 2 5.18126
      vertex -4.475 2 5.76653
      vertex -4.39814 5.21964 0.766532
    endloop
  endfacet
  facet normal -0.881227 -0.389844 -0.267321
    outer loop
      vertex -4.24664 2 4.61848
      vertex -4.41736 2 5.18126
      vertex -4.17052 4.46927 0.766532
    endloop
  endfacet
  facet normal 0.589332 -0.718109 -0.370145
    outer loop
      vertex 3.96941 2 4.09982
      vertex 2.69728 2.67412 0.766532
      vertex 3.30343 3.17157 0.766532
    endloop
  endfacet
  facet normal 0.280831 -0.925785 -0.253092
    outer loop
      vertex 3.59632 2 3.64521
      vertex 1.25536 2.07686 0.766532
      vertex 2.00573 2.30448 0.766532
    endloop
  endfacet
  facet normal 0.675336 -0.643132 -0.360975
    outer loop
      vertex 3.96941 2 4.09982
      vertex 3.30343 3.17157 0.766532
      vertex 4.24664 2 4.61848
    endloop
  endfacet
  facet normal 0.722063 -0.592577 -0.357041
    outer loop
      vertex 4.24664 2 4.61848
      vertex 3.30343 3.17157 0.766532
      vertex 3.80088 3.77772 0.766532
    endloop
  endfacet
  facet normal -0.992139 -0.0977187 -0.078175
    outer loop
      vertex -4.39814 5.21964 0.766532
      vertex -4.475 2 5.76653
      vertex -4.475 6 0.766532
    endloop
  endfacet
  facet normal 0.987076 -0.127403 -0.0972116
    outer loop
      vertex 4.41736 2 5.18126
      vertex 4.39814 5.21964 0.766532
      vertex 4.475 2 5.76653
    endloop
  endfacet
  facet normal 0.992139 -0.0977187 -0.078175
    outer loop
      vertex 4.475 2 5.76653
      vertex 4.39814 5.21964 0.766532
      vertex 4.475 6 0.766532
    endloop
  endfacet
  facet normal 0.840058 -0.449019 -0.304442
    outer loop
      vertex 4.24664 2 4.61848
      vertex 3.80088 3.77772 0.766532
      vertex 4.17052 4.46927 0.766532
    endloop
  endfacet
  facet normal 0.881227 -0.389844 -0.267321
    outer loop
      vertex 4.24664 2 4.61848
      vertex 4.17052 4.46927 0.766532
      vertex 4.41736 2 5.18126
    endloop
  endfacet
  facet normal -0.443775 -0.830248 -0.337272
    outer loop
      vertex -2.00573 2.30448 0.766532
      vertex -3.96941 2 4.09982
      vertex -2.69728 2.67412 0.766532
    endloop
  endfacet
  facet normal -0.589332 -0.718109 -0.370145
    outer loop
      vertex -2.69728 2.67412 0.766532
      vertex -3.96941 2 4.09982
      vertex -3.30343 3.17157 0.766532
    endloop
  endfacet
  facet normal 0.443775 -0.830248 -0.337272
    outer loop
      vertex 3.96941 2 4.09982
      vertex 2.00573 2.30448 0.766532
      vertex 2.69728 2.67412 0.766532
    endloop
  endfacet
  facet normal -0.280831 -0.925785 -0.253092
    outer loop
      vertex -1.25536 2.07686 0.766532
      vertex -3.59632 2 3.64521
      vertex -2.00573 2.30448 0.766532
    endloop
  endfacet
  facet normal 0.351359 -0.89073 -0.288353
    outer loop
      vertex 3.59632 2 3.64521
      vertex 2.00573 2.30448 0.766532
      vertex 3.96941 2 4.09982
    endloop
  endfacet
  facet normal -0.935395 -0.283746 -0.211007
    outer loop
      vertex -4.17052 4.46927 0.766532
      vertex -4.41736 2 5.18126
      vertex -4.39814 5.21964 0.766532
    endloop
  endfacet
  facet normal -0.840058 -0.449019 -0.304442
    outer loop
      vertex -3.80088 3.77772 0.766532
      vertex -4.24664 2 4.61848
      vertex -4.17052 4.46927 0.766532
    endloop
  endfacet
  facet normal -0.722063 -0.592577 -0.357041
    outer loop
      vertex -3.30343 3.17157 0.766532
      vertex -4.24664 2 4.61848
      vertex -3.80088 3.77772 0.766532
    endloop
  endfacet
  facet normal -0.351359 -0.89073 -0.288353
    outer loop
      vertex -3.59632 2 3.64521
      vertex -3.96941 2 4.09982
      vertex -2.00573 2.30448 0.766532
    endloop
  endfacet
  facet normal -0.0974697 -0.989611 -0.105685
    outer loop
      vertex -0.474999 2 0.766532
      vertex -3.59632 2 3.64521
      vertex -1.25536 2.07686 0.766532
    endloop
  endfacet
  facet normal -0.956939 0 -0.290289
    outer loop
      vertex -4.24664 -2 4.61848
      vertex -4.41736 2 5.18126
      vertex -4.24664 2 4.61848
    endloop
  endfacet
  facet normal -0.956939 -0 -0.290289
    outer loop
      vertex -4.41736 2 5.18126
      vertex -4.24664 -2 4.61848
      vertex -4.41736 -2 5.18126
    endloop
  endfacet
  facet normal 0.881921 0 -0.471397
    outer loop
      vertex 4.24664 -2 4.61848
      vertex 3.96941 2 4.09982
      vertex 4.24664 2 4.61848
    endloop
  endfacet
  facet normal 0.881921 0 -0.471397
    outer loop
      vertex 3.96941 2 4.09982
      vertex 4.24664 -2 4.61848
      vertex 3.96941 -2 4.09982
    endloop
  endfacet
  facet normal 0.290273 0 -0.956944
    outer loop
      vertex 2.06027 -2 2.82418
      vertex 2.62305 2 2.99489
      vertex 2.62305 -2 2.99489
    endloop
  endfacet
  facet normal 0.290273 0 -0.956944
    outer loop
      vertex 2.62305 2 2.99489
      vertex 2.06027 -2 2.82418
      vertex 2.06027 2 2.82418
    endloop
  endfacet
  facet normal -0.995185 0 -0.0980103
    outer loop
      vertex -4.41736 -2 5.18126
      vertex -4.475 2 5.76653
      vertex -4.41736 2 5.18126
    endloop
  endfacet
  facet normal -0.995185 -0 -0.0980103
    outer loop
      vertex -4.475 2 5.76653
      vertex -4.41736 -2 5.18126
      vertex -4.475 -2 5.76653
    endloop
  endfacet
  facet normal 0.956939 0 -0.290289
    outer loop
      vertex 4.41736 -2 5.18126
      vertex 4.24664 2 4.61848
      vertex 4.41736 2 5.18126
    endloop
  endfacet
  facet normal 0.956939 0 -0.290289
    outer loop
      vertex 4.24664 2 4.61848
      vertex 4.41736 -2 5.18126
      vertex 4.24664 -2 4.61848
    endloop
  endfacet
  facet normal -0.634395 0 -0.773009
    outer loop
      vertex -3.59632 -2 3.64521
      vertex -3.14171 2 3.27212
      vertex -3.14171 -2 3.27212
    endloop
  endfacet
  facet normal -0.634395 0 -0.773009
    outer loop
      vertex -3.14171 2 3.27212
      vertex -3.59632 -2 3.64521
      vertex -3.59632 2 3.64521
    endloop
  endfacet
  facet normal 0.995185 0 -0.0980103
    outer loop
      vertex 4.475 -2 5.76653
      vertex 4.41736 2 5.18126
      vertex 4.475 2 5.76653
    endloop
  endfacet
  facet normal 0.995185 0 -0.0980103
    outer loop
      vertex 4.41736 2 5.18126
      vertex 4.475 -2 5.76653
      vertex 4.41736 -2 5.18126
    endloop
  endfacet
  facet normal 0.634395 0 -0.773009
    outer loop
      vertex 3.14171 -2 3.27212
      vertex 3.59632 2 3.64521
      vertex 3.59632 -2 3.64521
    endloop
  endfacet
  facet normal 0.634395 0 -0.773009
    outer loop
      vertex 3.59632 2 3.64521
      vertex 3.14171 -2 3.27212
      vertex 3.14171 2 3.27212
    endloop
  endfacet
  facet normal 0.0980271 0 -0.995184
    outer loop
      vertex 1.475 -2 2.76653
      vertex 2.06027 2 2.82418
      vertex 2.06027 -2 2.82418
    endloop
  endfacet
  facet normal 0.0980271 0 -0.995184
    outer loop
      vertex 2.06027 2 2.82418
      vertex 1.475 -2 2.76653
      vertex 1.475 2 2.76653
    endloop
  endfacet
  facet normal -0.471397 0 -0.881921
    outer loop
      vertex -3.14171 -2 3.27212
      vertex -2.62305 2 2.99489
      vertex -2.62305 -2 2.99489
    endloop
  endfacet
  facet normal -0.471397 0 -0.881921
    outer loop
      vertex -2.62305 2 2.99489
      vertex -3.14171 -2 3.27212
      vertex -3.14171 2 3.27212
    endloop
  endfacet
  facet normal -0.881921 0 -0.471397
    outer loop
      vertex -3.96941 -2 4.09982
      vertex -4.24664 2 4.61848
      vertex -3.96941 2 4.09982
    endloop
  endfacet
  facet normal -0.881921 -0 -0.471397
    outer loop
      vertex -4.24664 2 4.61848
      vertex -3.96941 -2 4.09982
      vertex -4.24664 -2 4.61848
    endloop
  endfacet
  facet normal -0.290273 0 -0.956944
    outer loop
      vertex -2.62305 -2 2.99489
      vertex -2.06027 2 2.82418
      vertex -2.06027 -2 2.82418
    endloop
  endfacet
  facet normal -0.290273 0 -0.956944
    outer loop
      vertex -2.06027 2 2.82418
      vertex -2.62305 -2 2.99489
      vertex -2.62305 2 2.99489
    endloop
  endfacet
  facet normal 0.471397 0 -0.881921
    outer loop
      vertex 2.62305 -2 2.99489
      vertex 3.14171 2 3.27212
      vertex 3.14171 -2 3.27212
    endloop
  endfacet
  facet normal 0.471397 0 -0.881921
    outer loop
      vertex 3.14171 2 3.27212
      vertex 2.62305 -2 2.99489
      vertex 2.62305 2 2.99489
    endloop
  endfacet
  facet normal -0.0980271 0 -0.995184
    outer loop
      vertex -2.06027 -2 2.82418
      vertex -1.475 2 2.76653
      vertex -1.475 -2 2.76653
    endloop
  endfacet
  facet normal -0.0980271 0 -0.995184
    outer loop
      vertex -1.475 2 2.76653
      vertex -2.06027 -2 2.82418
      vertex -2.06027 2 2.82418
    endloop
  endfacet
  facet normal 0 0 -1
    outer loop
      vertex -1.475 -2 2.76653
      vertex 1.475 2 2.76653
      vertex 1.475 -2 2.76653
    endloop
  endfacet
  facet normal -0 0 -1
    outer loop
      vertex 1.475 2 2.76653
      vertex -1.475 -2 2.76653
      vertex -1.475 2 2.76653
    endloop
  endfacet
  facet normal 0.773009 0 -0.634395
    outer loop
      vertex 3.96941 -2 4.09982
      vertex 3.59632 2 3.64521
      vertex 3.96941 2 4.09982
    endloop
  endfacet
  facet normal 0.773009 0 -0.634395
    outer loop
      vertex 3.59632 2 3.64521
      vertex 3.96941 -2 4.09982
      vertex 3.59632 -2 3.64521
    endloop
  endfacet
  facet normal -0.773009 0 -0.634395
    outer loop
      vertex -3.59632 -2 3.64521
      vertex -3.96941 2 4.09982
      vertex -3.59632 2 3.64521
    endloop
  endfacet
  facet normal -0.773009 -0 -0.634395
    outer loop
      vertex -3.96941 2 4.09982
      vertex -3.59632 -2 3.64521
      vertex -3.96941 -2 4.09982
    endloop
  endfacet
  facet normal -0.471396 0.881922 0
    outer loop
      vertex -2.00573 -2.30448 -6.52878e-08
      vertex -2.69728 -2.67412 0.766532
      vertex -2.00573 -2.30448 0.766532
    endloop
  endfacet
  facet normal -0.471396 0.881922 0
    outer loop
      vertex -2.69728 -2.67412 0.766532
      vertex -2.00573 -2.30448 -6.52878e-08
      vertex -2.69728 -2.67412 -6.53686e-08
    endloop
  endfacet
  facet normal 0.956941 0.290282 0
    outer loop
      vertex 4.39814 -5.21964 0.766532
      vertex 4.17052 -4.46927 -6.57613e-08
      vertex 4.17052 -4.46927 0.766532
    endloop
  endfacet
  facet normal 0.956941 0.290282 0
    outer loop
      vertex 4.17052 -4.46927 -6.57613e-08
      vertex 4.39814 -5.21964 0.766532
      vertex 4.39814 -5.21964 -6.59254e-08
    endloop
  endfacet
  facet normal 0.290282 0.956941 0
    outer loop
      vertex 2.00573 -2.30448 0.766532
      vertex 1.25536 -2.07686 -6.5238e-08
      vertex 1.25536 -2.07686 0.766532
    endloop
  endfacet
  facet normal 0.290282 0.956941 0
    outer loop
      vertex 1.25536 -2.07686 -6.5238e-08
      vertex 2.00573 -2.30448 0.766532
      vertex 2.00573 -2.30448 -6.52878e-08
    endloop
  endfacet
  facet normal -0.63439 0.773013 0
    outer loop
      vertex -2.69728 -2.67412 -6.53686e-08
      vertex -3.30343 -3.17157 0.766532
      vertex -2.69728 -2.67412 0.766532
    endloop
  endfacet
  facet normal -0.63439 0.773013 0
    outer loop
      vertex -3.30343 -3.17157 0.766532
      vertex -2.69728 -2.67412 -6.53686e-08
      vertex -3.30343 -3.17157 -6.54774e-08
    endloop
  endfacet
  facet normal 0.881922 0.471396 0
    outer loop
      vertex 4.17052 -4.46927 0.766532
      vertex 3.80088 -3.77772 -6.561e-08
      vertex 3.80088 -3.77772 0.766532
    endloop
  endfacet
  facet normal 0.881922 0.471396 0
    outer loop
      vertex 3.80088 -3.77772 -6.561e-08
      vertex 4.17052 -4.46927 0.766532
      vertex 4.17052 -4.46927 -6.57613e-08
    endloop
  endfacet
  facet normal 0.773013 0.63439 0
    outer loop
      vertex 3.80088 -3.77772 0.766532
      vertex 3.30343 -3.17157 -6.54774e-08
      vertex 3.30343 -3.17157 0.766532
    endloop
  endfacet
  facet normal 0.773013 0.63439 0
    outer loop
      vertex 3.30343 -3.17157 -6.54774e-08
      vertex 3.80088 -3.77772 0.766532
      vertex 3.80088 -3.77772 -6.561e-08
    endloop
  endfacet
  facet normal -0.995185 0.0980187 0
    outer loop
      vertex -4.475 -6 -6.60961e-08
      vertex -4.39814 -5.21964 0.766532
      vertex -4.39814 -5.21964 -6.59254e-08
    endloop
  endfacet
  facet normal -0.995185 0.0980187 0
    outer loop
      vertex -4.39814 -5.21964 0.766532
      vertex -4.475 -6 -6.60961e-08
      vertex -4.475 -6 0.766532
    endloop
  endfacet
  facet normal 0.995185 0.0980187 0
    outer loop
      vertex 4.475 -6 0.766532
      vertex 4.39814 -5.21964 -6.59254e-08
      vertex 4.39814 -5.21964 0.766532
    endloop
  endfacet
  facet normal 0.995185 0.0980187 0
    outer loop
      vertex 4.39814 -5.21964 -6.59254e-08
      vertex 4.475 -6 0.766532
      vertex 4.475 -6 -6.60961e-08
    endloop
  endfacet
  facet normal -0.881922 0.471396 0
    outer loop
      vertex -4.17052 -4.46927 -6.57613e-08
      vertex -3.80088 -3.77772 0.766532
      vertex -3.80088 -3.77772 -6.561e-08
    endloop
  endfacet
  facet normal -0.881922 0.471396 0
    outer loop
      vertex -3.80088 -3.77772 0.766532
      vertex -4.17052 -4.46927 -6.57613e-08
      vertex -4.17052 -4.46927 0.766532
    endloop
  endfacet
  facet normal -0.290282 0.956941 0
    outer loop
      vertex -1.25536 -2.07686 -6.5238e-08
      vertex -2.00573 -2.30448 0.766532
      vertex -1.25536 -2.07686 0.766532
    endloop
  endfacet
  facet normal -0.290282 0.956941 0
    outer loop
      vertex -2.00573 -2.30448 0.766532
      vertex -1.25536 -2.07686 -6.5238e-08
      vertex -2.00573 -2.30448 -6.52878e-08
    endloop
  endfacet
  facet normal 0.471396 0.881922 0
    outer loop
      vertex 2.69728 -2.67412 0.766532
      vertex 2.00573 -2.30448 -6.52878e-08
      vertex 2.00573 -2.30448 0.766532
    endloop
  endfacet
  facet normal 0.471396 0.881922 0
    outer loop
      vertex 2.00573 -2.30448 -6.52878e-08
      vertex 2.69728 -2.67412 0.766532
      vertex 2.69728 -2.67412 -6.53686e-08
    endloop
  endfacet
  facet normal 0.63439 0.773013 0
    outer loop
      vertex 3.30343 -3.17157 0.766532
      vertex 2.69728 -2.67412 -6.53686e-08
      vertex 2.69728 -2.67412 0.766532
    endloop
  endfacet
  facet normal 0.63439 0.773013 0
    outer loop
      vertex 2.69728 -2.67412 -6.53686e-08
      vertex 3.30343 -3.17157 0.766532
      vertex 3.30343 -3.17157 -6.54774e-08
    endloop
  endfacet
  facet normal -0.956941 0.290282 0
    outer loop
      vertex -4.39814 -5.21964 -6.59254e-08
      vertex -4.17052 -4.46927 0.766532
      vertex -4.17052 -4.46927 -6.57613e-08
    endloop
  endfacet
  facet normal -0.956941 0.290282 0
    outer loop
      vertex -4.17052 -4.46927 0.766532
      vertex -4.39814 -5.21964 -6.59254e-08
      vertex -4.39814 -5.21964 0.766532
    endloop
  endfacet
  facet normal 0.0980186 0.995185 0
    outer loop
      vertex 1.25536 -2.07686 0.766532
      vertex 0.474999 -2 -6.52212e-08
      vertex 0.474999 -2 0.766532
    endloop
  endfacet
  facet normal 0.0980186 0.995185 0
    outer loop
      vertex 0.474999 -2 -6.52212e-08
      vertex 1.25536 -2.07686 0.766532
      vertex 1.25536 -2.07686 -6.5238e-08
    endloop
  endfacet
  facet normal -0.773013 0.63439 0
    outer loop
      vertex -3.80088 -3.77772 -6.561e-08
      vertex -3.30343 -3.17157 0.766532
      vertex -3.30343 -3.17157 -6.54774e-08
    endloop
  endfacet
  facet normal -0.773013 0.63439 0
    outer loop
      vertex -3.30343 -3.17157 0.766532
      vertex -3.80088 -3.77772 -6.561e-08
      vertex -3.80088 -3.77772 0.766532
    endloop
  endfacet
  facet normal -0.0980186 0.995185 0
    outer loop
      vertex -0.474999 -2 -6.52212e-08
      vertex -1.25536 -2.07686 0.766532
      vertex -0.474999 -2 0.766532
    endloop
  endfacet
  facet normal -0.0980186 0.995185 0
    outer loop
      vertex -1.25536 -2.07686 0.766532
      vertex -0.474999 -2 -6.52212e-08
      vertex -1.25536 -2.07686 -6.5238e-08
    endloop
  endfacet
  facet normal 0 1 0
    outer loop
      vertex 1.475 -2 2.76653
      vertex 0.474999 -2 0.766532
      vertex -1.475 -2 2.76653
    endloop
  endfacet
  facet normal 0 1 0
    outer loop
      vertex 2.06027 -2 2.82418
      vertex 0.474999 -2 0.766532
      vertex 1.475 -2 2.76653
    endloop
  endfacet
  facet normal 0 1 0
    outer loop
      vertex 2.62305 -2 2.99489
      vertex 0.474999 -2 0.766532
      vertex 2.06027 -2 2.82418
    endloop
  endfacet
  facet normal 0 1 0
    outer loop
      vertex 3.14171 -2 3.27212
      vertex 0.474999 -2 0.766532
      vertex 2.62305 -2 2.99489
    endloop
  endfacet
  facet normal 0 1 0
    outer loop
      vertex 0.474999 -2 0.766532
      vertex 3.14171 -2 3.27212
      vertex 3.59632 -2 3.64521
    endloop
  endfacet
  facet normal 0 1 -0
    outer loop
      vertex -0.474999 -2 0.766532
      vertex -1.475 -2 2.76653
      vertex 0.474999 -2 0.766532
    endloop
  endfacet
  facet normal 0 1 0
    outer loop
      vertex -1.475 -2 2.76653
      vertex -0.474999 -2 0.766532
      vertex -2.06027 -2 2.82418
    endloop
  endfacet
  facet normal 0 1 0
    outer loop
      vertex -2.06027 -2 2.82418
      vertex -0.474999 -2 0.766532
      vertex -2.62305 -2 2.99489
    endloop
  endfacet
  facet normal 0 1 0
    outer loop
      vertex -3.14171 -2 3.27212
      vertex -0.474999 -2 0.766532
      vertex -3.59632 -2 3.64521
    endloop
  endfacet
  facet normal 0 1 0
    outer loop
      vertex -2.62305 -2 2.99489
      vertex -0.474999 -2 0.766532
      vertex -3.14171 -2 3.27212
    endloop
  endfacet
  facet normal 0 1 -0
    outer loop
      vertex 0.474999 -2 -6.52212e-08
      vertex -0.474999 -2 0.766532
      vertex 0.474999 -2 0.766532
    endloop
  endfacet
  facet normal 0 1 0
    outer loop
      vertex -0.474999 -2 0.766532
      vertex 0.474999 -2 -6.52212e-08
      vertex -0.474999 -2 -6.52212e-08
    endloop
  endfacet
  facet normal 0.935395 0.283746 -0.211007
    outer loop
      vertex 4.41736 -2 5.18126
      vertex 4.39814 -5.21964 0.766532
      vertex 4.17052 -4.46927 0.766532
    endloop
  endfacet
  facet normal 0.0974697 0.989611 -0.105685
    outer loop
      vertex 3.59632 -2 3.64521
      vertex 1.25536 -2.07686 0.766532
      vertex 0.474999 -2 0.766532
    endloop
  endfacet
  facet normal -0.675336 0.643132 -0.360975
    outer loop
      vertex -3.96941 -2 4.09982
      vertex -3.30343 -3.17157 0.766532
      vertex -4.24664 -2 4.61848
    endloop
  endfacet
  facet normal -0.987076 0.127403 -0.0972116
    outer loop
      vertex -4.41736 -2 5.18126
      vertex -4.39814 -5.21964 0.766532
      vertex -4.475 -2 5.76653
    endloop
  endfacet
  facet normal -0.881227 0.389844 -0.267321
    outer loop
      vertex -4.24664 -2 4.61848
      vertex -4.17052 -4.46927 0.766532
      vertex -4.41736 -2 5.18126
    endloop
  endfacet
  facet normal 0.589332 0.718109 -0.370145
    outer loop
      vertex 3.96941 -2 4.09982
      vertex 3.30343 -3.17157 0.766532
      vertex 2.69728 -2.67412 0.766532
    endloop
  endfacet
  facet normal 0.280831 0.925785 -0.253092
    outer loop
      vertex 3.59632 -2 3.64521
      vertex 2.00573 -2.30448 0.766532
      vertex 1.25536 -2.07686 0.766532
    endloop
  endfacet
  facet normal 0.675336 0.643132 -0.360975
    outer loop
      vertex 3.96941 -2 4.09982
      vertex 4.24664 -2 4.61848
      vertex 3.30343 -3.17157 0.766532
    endloop
  endfacet
  facet normal 0.722063 0.592577 -0.357041
    outer loop
      vertex 4.24664 -2 4.61848
      vertex 3.80088 -3.77772 0.766532
      vertex 3.30343 -3.17157 0.766532
    endloop
  endfacet
  facet normal -0.992139 0.0977187 -0.078175
    outer loop
      vertex -4.475 -2 5.76653
      vertex -4.39814 -5.21964 0.766532
      vertex -4.475 -6 0.766532
    endloop
  endfacet
  facet normal 0.987076 0.127403 -0.0972116
    outer loop
      vertex 4.41736 -2 5.18126
      vertex 4.475 -2 5.76653
      vertex 4.39814 -5.21964 0.766532
    endloop
  endfacet
  facet normal 0.992139 0.0977187 -0.078175
    outer loop
      vertex 4.475 -2 5.76653
      vertex 4.475 -6 0.766532
      vertex 4.39814 -5.21964 0.766532
    endloop
  endfacet
  facet normal 0.840058 0.449019 -0.304442
    outer loop
      vertex 4.24664 -2 4.61848
      vertex 4.17052 -4.46927 0.766532
      vertex 3.80088 -3.77772 0.766532
    endloop
  endfacet
  facet normal 0.881227 0.389844 -0.267321
    outer loop
      vertex 4.24664 -2 4.61848
      vertex 4.41736 -2 5.18126
      vertex 4.17052 -4.46927 0.766532
    endloop
  endfacet
  facet normal -0.443775 0.830248 -0.337272
    outer loop
      vertex -2.00573 -2.30448 0.766532
      vertex -2.69728 -2.67412 0.766532
      vertex -3.96941 -2 4.09982
    endloop
  endfacet
  facet normal -0.589332 0.718109 -0.370145
    outer loop
      vertex -2.69728 -2.67412 0.766532
      vertex -3.30343 -3.17157 0.766532
      vertex -3.96941 -2 4.09982
    endloop
  endfacet
  facet normal 0.443775 0.830248 -0.337272
    outer loop
      vertex 3.96941 -2 4.09982
      vertex 2.69728 -2.67412 0.766532
      vertex 2.00573 -2.30448 0.766532
    endloop
  endfacet
  facet normal -0.280831 0.925785 -0.253092
    outer loop
      vertex -1.25536 -2.07686 0.766532
      vertex -2.00573 -2.30448 0.766532
      vertex -3.59632 -2 3.64521
    endloop
  endfacet
  facet normal 0.351359 0.89073 -0.288353
    outer loop
      vertex 3.59632 -2 3.64521
      vertex 3.96941 -2 4.09982
      vertex 2.00573 -2.30448 0.766532
    endloop
  endfacet
  facet normal -0.935395 0.283746 -0.211007
    outer loop
      vertex -4.17052 -4.46927 0.766532
      vertex -4.39814 -5.21964 0.766532
      vertex -4.41736 -2 5.18126
    endloop
  endfacet
  facet normal -0.840058 0.449019 -0.304442
    outer loop
      vertex -3.80088 -3.77772 0.766532
      vertex -4.17052 -4.46927 0.766532
      vertex -4.24664 -2 4.61848
    endloop
  endfacet
  facet normal -0.722063 0.592577 -0.357041
    outer loop
      vertex -3.30343 -3.17157 0.766532
      vertex -3.80088 -3.77772 0.766532
      vertex -4.24664 -2 4.61848
    endloop
  endfacet
  facet normal -0.351359 0.89073 -0.288353
    outer loop
      vertex -3.59632 -2 3.64521
      vertex -2.00573 -2.30448 0.766532
      vertex -3.96941 -2 4.09982
    endloop
  endfacet
  facet normal -0.0974697 0.989611 -0.105685
    outer loop
      vertex -0.474999 -2 0.766532
      vertex -1.25536 -2.07686 0.766532
      vertex -3.59632 -2 3.64521
    endloop
  endfacet
  facet normal -2.24008e-14 2.18747e-10 -1
    outer loop
      vertex -0.474999 -2 -6.52212e-08
      vertex -4.475 -6 -6.60961e-08
      vertex -4.39814 -5.21964 -6.59254e-08
    endloop
  endfacet
  facet normal -2.24008e-14 2.18747e-10 -1
    outer loop
      vertex 0.474999 2 -6.43463e-08
      vertex 4.475 6 -6.34714e-08
      vertex 4.39814 5.21964 -6.36421e-08
    endloop
  endfacet
  facet normal -6.51034e-17 2.18829e-10 -1
    outer loop
      vertex 12.5002 -4.79542e-07 -6.47837e-08
      vertex 14.1002 -3.52945e-09 -6.47837e-08
      vertex 14.0233 -0.781431 -6.49547e-08
    endloop
  endfacet
  facet normal 5.73219e-15 2.18604e-10 -1
    outer loop
      vertex 12.3824 -1.19675 -6.50455e-08
      vertex 14.0233 -0.781431 -6.49547e-08
      vertex 13.9453 -1.57327 -6.51278e-08
    endloop
  endfacet
  facet normal 0 0 -1
    outer loop
      vertex 12.5002 -1.01369e-07 -6.47837e-08
      vertex 14.1002 -3.52945e-09 -6.47837e-08
      vertex 12.5002 -4.79542e-07 -6.47837e-08
    endloop
  endfacet
  facet normal 3.28837e-14 2.18718e-10 -1
    outer loop
      vertex 12.3574 -1.32248 -6.5073e-08
      vertex 13.9453 -1.57327 -6.51278e-08
      vertex 13.4864 -3.08611 -6.54587e-08
    endloop
  endfacet
  facet normal -3.42892e-14 2.18763e-10 -1
    outer loop
      vertex 14.0233 -0.781431 -6.49547e-08
      vertex 12.3824 -1.19675 -6.50455e-08
      vertex 12.5002 -4.79542e-07 -6.47837e-08
    endloop
  endfacet
  facet normal 2.16888e-14 2.187e-10 -1
    outer loop
      vertex 12.376 1.26114 -6.45079e-08
      vertex 14.0222 0.791842 -6.46105e-08
      vertex 12.4933 0.0704589 -6.47683e-08
    endloop
  endfacet
  facet normal 2.31081e-14 2.18736e-10 -1
    outer loop
      vertex 12.0082 -2.4738 -6.53248e-08
      vertex 13.4864 -3.08611 -6.54587e-08
      vertex 13.1113 -3.78783 -6.56122e-08
    endloop
  endfacet
  facet normal 4.18141e-14 2.1875e-10 -1
    outer loop
      vertex 11.436 -3.54431 -6.5559e-08
      vertex 13.1113 -3.78783 -6.56122e-08
      vertex 12.7411 -4.48033 -6.57637e-08
    endloop
  endfacet
  facet normal 7.19483e-15 2.18731e-10 -1
    outer loop
      vertex 14.1002 -3.52945e-09 -6.47837e-08
      vertex 12.4933 0.0704589 -6.47683e-08
      vertex 14.0222 0.791842 -6.46105e-08
    endloop
  endfacet
  facet normal 2.28069e-14 2.18704e-10 -1
    outer loop
      vertex 14.0222 0.791842 -6.46105e-08
      vertex 12.376 1.26114 -6.45079e-08
      vertex 13.9453 1.57327 -6.44396e-08
    endloop
  endfacet
  facet normal -1.33653e-17 2.18567e-10 -1
    outer loop
      vertex 12.4933 0.0704589 -6.47683e-08
      vertex 14.1002 -3.52945e-09 -6.47837e-08
      vertex 12.5002 -1.01369e-07 -6.47837e-08
    endloop
  endfacet
  facet normal 9.3503e-14 2.18969e-10 -1
    outer loop
      vertex 13.9453 -1.57327 -6.51278e-08
      vertex 12.376 -1.26114 -6.50596e-08
      vertex 12.3824 -1.19675 -6.50455e-08
    endloop
  endfacet
  facet normal -8.28872e-15 2.18457e-10 -1
    outer loop
      vertex 13.9453 -1.57327 -6.51278e-08
      vertex 12.3574 -1.32248 -6.5073e-08
      vertex 12.376 -1.26114 -6.50596e-08
    endloop
  endfacet
  facet normal -3.54143e-14 2.18703e-10 -1
    outer loop
      vertex 11.3772 -3.63237 -6.55782e-08
      vertex 12.7411 -4.48033 -6.57637e-08
      vertex 12.2364 -5.0954 -6.58982e-08
    endloop
  endfacet
  facet normal 9.34906e-15 2.18703e-10 -1
    outer loop
      vertex 13.4864 -3.08611 -6.54587e-08
      vertex 12.0082 -2.4738 -6.53248e-08
      vertex 12.3574 -1.32248 -6.5073e-08
    endloop
  endfacet
  facet normal 1.5767e-14 2.18775e-10 -1
    outer loop
      vertex 10.6069 -4.571 -6.57835e-08
      vertex 12.2364 -5.0954 -6.58982e-08
      vertex 11.7382 -5.70238 -6.6031e-08
    endloop
  endfacet
  facet normal 4.20392e-14 2.18752e-10 -1
    outer loop
      vertex 13.1113 -3.78783 -6.56122e-08
      vertex 11.436 -3.54431 -6.5559e-08
      vertex 12.0082 -2.4738 -6.53248e-08
    endloop
  endfacet
  facet normal -2.8341e-14 2.18652e-10 -1
    outer loop
      vertex 12.7411 -4.48033 -6.57637e-08
      vertex 11.4108 -3.59142 -6.55693e-08
      vertex 11.436 -3.54431 -6.5559e-08
    endloop
  endfacet
  facet normal -1.31071e-12 2.16733e-10 -1
    outer loop
      vertex 12.7411 -4.48033 -6.57637e-08
      vertex 11.3902 -3.61646 -6.55747e-08
      vertex 11.4108 -3.59142 -6.55693e-08
    endloop
  endfacet
  facet normal 5.05911e-13 2.19574e-10 -1
    outer loop
      vertex 12.7411 -4.48033 -6.57637e-08
      vertex 11.3772 -3.63237 -6.55782e-08
      vertex 11.3902 -3.61646 -6.55747e-08
    endloop
  endfacet
  facet normal -7.97024e-16 2.18724e-10 -1
    outer loop
      vertex 12.2364 -5.0954 -6.58982e-08
      vertex 10.6069 -4.571 -6.57835e-08
      vertex 11.3772 -3.63237 -6.55782e-08
    endloop
  endfacet
  facet normal 1.80642e-15 2.18761e-10 -1
    outer loop
      vertex 10.5162 -6.70529 -6.62504e-08
      vertex 10.6069 -4.571 -6.57835e-08
      vertex 11.7382 -5.70238 -6.6031e-08
    endloop
  endfacet
  facet normal -7.065e-14 2.18692e-10 -1
    outer loop
      vertex 9.62727 -5.37494 -6.59594e-08
      vertex 10.5162 -6.70529 -6.62504e-08
      vertex 9.82369 -7.07544 -6.63313e-08
    endloop
  endfacet
  facet normal 3.07374e-14 2.1876e-10 -1
    outer loop
      vertex 10.5162 -6.70529 -6.62504e-08
      vertex 9.62727 -5.37494 -6.59594e-08
      vertex 10.6069 -4.571 -6.57835e-08
    endloop
  endfacet
  facet normal -3.89307e-14 2.18693e-10 -1
    outer loop
      vertex 8.50967 -5.9723 -6.609e-08
      vertex 9.82369 -7.07544 -6.63313e-08
      vertex 9.12196 -7.45052 -6.64133e-08
    endloop
  endfacet
  facet normal -3.61203e-14 2.18696e-10 -1
    outer loop
      vertex 9.82369 -7.07544 -6.63313e-08
      vertex 8.50967 -5.9723 -6.609e-08
      vertex 9.62727 -5.37494 -6.59594e-08
    endloop
  endfacet
  facet normal 5.29596e-15 2.18711e-10 -1
    outer loop
      vertex 9.12196 -7.45052 -6.64133e-08
      vertex 7.93093 -6.14786 -6.61284e-08
      vertex 8.50967 -5.9723 -6.609e-08
    endloop
  endfacet
  facet normal 8.3529e-13 2.1947e-10 -1
    outer loop
      vertex 9.12196 -7.45052 -6.64133e-08
      vertex 7.89238 -6.15956 -6.6131e-08
      vertex 7.93093 -6.14786 -6.61284e-08
    endloop
  endfacet
  facet normal 2.57876e-14 2.18699e-10 -1
    outer loop
      vertex 7.60913 -7.90942 -6.65137e-08
      vertex 7.89238 -6.15956 -6.6131e-08
      vertex 9.12196 -7.45052 -6.64133e-08
    endloop
  endfacet
  facet normal 3.88623e-15 2.18703e-10 -1
    outer loop
      vertex 7.60913 -7.90942 -6.65137e-08
      vertex 7.297 -6.34016 -6.61705e-08
      vertex 7.89238 -6.15956 -6.6131e-08
    endloop
  endfacet
  facet normal -7.15455e-14 2.18688e-10 -1
    outer loop
      vertex 7.60913 -7.90942 -6.65137e-08
      vertex 6.67759 -6.40118 -6.61838e-08
      vertex 7.297 -6.34016 -6.61705e-08
    endloop
  endfacet
  facet normal 1.22582e-12 2.19489e-10 -1
    outer loop
      vertex 7.60913 -7.90942 -6.65137e-08
      vertex 6.63812 -6.40506 -6.61847e-08
      vertex 6.67759 -6.40118 -6.61838e-08
    endloop
  endfacet
  facet normal 6.34189e-15 2.18702e-10 -1
    outer loop
      vertex 6.03586 -8.06438 -6.65476e-08
      vertex 6.63812 -6.40506 -6.61847e-08
      vertex 7.60913 -7.90942 -6.65137e-08
    endloop
  endfacet
  facet normal 4.1825e-14 2.18689e-10 -1
    outer loop
      vertex 6.03586 -8.06438 -6.65476e-08
      vertex 6.03586 -6.46439 -6.61977e-08
      vertex 6.63812 -6.40506 -6.61847e-08
    endloop
  endfacet
  facet normal 0 2.18689e-10 -1
    outer loop
      vertex 6.03586 -8.06438 -6.65476e-08
      vertex 4.475 -6.46439 -6.61977e-08
      vertex 6.03586 -6.46439 -6.61977e-08
    endloop
  endfacet
  facet normal 5.66275e-14 2.18782e-10 -1
    outer loop
      vertex 0.474999 -2 -6.52212e-08
      vertex 4.475 -6 -6.60961e-08
      vertex 4.475 -6.46439 -6.61977e-08
    endloop
  endfacet
  facet normal 2.24008e-14 2.18747e-10 -1
    outer loop
      vertex 4.475 -6 -6.60961e-08
      vertex 0.474999 -2 -6.52212e-08
      vertex 4.39814 -5.21964 -6.59254e-08
    endloop
  endfacet
  facet normal -3.97028e-13 2.18572e-10 -1
    outer loop
      vertex 4.39814 -5.21964 -6.59254e-08
      vertex 3.80088 -3.77772 -6.561e-08
      vertex 4.17052 -4.46927 -6.57613e-08
    endloop
  endfacet
  facet normal -5.31507e-14 2.18714e-10 -1
    outer loop
      vertex 4.39814 -5.21964 -6.59254e-08
      vertex 3.30343 -3.17157 -6.54774e-08
      vertex 3.80088 -3.77772 -6.561e-08
    endloop
  endfacet
  facet normal 3.95825e-14 2.18764e-10 -1
    outer loop
      vertex 4.39814 -5.21964 -6.59254e-08
      vertex 2.69728 -2.67412 -6.53686e-08
      vertex 3.30343 -3.17157 -6.54774e-08
    endloop
  endfacet
  facet normal 1.21536e-13 2.18818e-10 -1
    outer loop
      vertex 4.39814 -5.21964 -6.59254e-08
      vertex 2.00573 -2.30448 -6.52878e-08
      vertex 2.69728 -2.67412 -6.53686e-08
    endloop
  endfacet
  facet normal -2.70597e-14 2.18696e-10 -1
    outer loop
      vertex 4.39814 -5.21964 -6.59254e-08
      vertex 1.25536 -2.07686 -6.5238e-08
      vertex 2.00573 -2.30448 -6.52878e-08
    endloop
  endfacet
  facet normal 1.5767e-14 2.18739e-10 -1
    outer loop
      vertex 4.39814 -5.21964 -6.59254e-08
      vertex 0.474999 -2 -6.52212e-08
      vertex 1.25536 -2.07686 -6.5238e-08
    endloop
  endfacet
  facet normal 0 2.18731e-10 -1
    outer loop
      vertex 4.475 -6.46439 -6.61977e-08
      vertex -0.474999 -2 -6.52212e-08
      vertex 0.474999 -2 -6.52212e-08
    endloop
  endfacet
  facet normal 0 2.18689e-10 -1
    outer loop
      vertex -4.475 -6.46439 -6.61977e-08
      vertex 4.475 -6.46439 -6.61977e-08
      vertex 6.03586 -8.06438 -6.65476e-08
    endloop
  endfacet
  facet normal 0 2.18731e-10 -1
    outer loop
      vertex 4.475 -6.46439 -6.61977e-08
      vertex -4.475 -6.46439 -6.61977e-08
      vertex -0.474999 -2 -6.52212e-08
    endloop
  endfacet
  facet normal -5.66275e-14 2.18782e-10 -1
    outer loop
      vertex -4.475 -6 -6.60961e-08
      vertex -0.474999 -2 -6.52212e-08
      vertex -4.475 -6.46439 -6.61977e-08
    endloop
  endfacet
  facet normal -1.5767e-14 2.18739e-10 -1
    outer loop
      vertex -0.474999 -2 -6.52212e-08
      vertex -4.39814 -5.21964 -6.59254e-08
      vertex -1.25536 -2.07686 -6.5238e-08
    endloop
  endfacet
  facet normal 2.70597e-14 2.18696e-10 -1
    outer loop
      vertex -1.25536 -2.07686 -6.5238e-08
      vertex -4.39814 -5.21964 -6.59254e-08
      vertex -2.00573 -2.30448 -6.52878e-08
    endloop
  endfacet
  facet normal -1.21536e-13 2.18818e-10 -1
    outer loop
      vertex -2.00573 -2.30448 -6.52878e-08
      vertex -4.39814 -5.21964 -6.59254e-08
      vertex -2.69728 -2.67412 -6.53686e-08
    endloop
  endfacet
  facet normal -3.95825e-14 2.18764e-10 -1
    outer loop
      vertex -2.69728 -2.67412 -6.53686e-08
      vertex -4.39814 -5.21964 -6.59254e-08
      vertex -3.30343 -3.17157 -6.54774e-08
    endloop
  endfacet
  facet normal 5.31507e-14 2.18714e-10 -1
    outer loop
      vertex -3.30343 -3.17157 -6.54774e-08
      vertex -4.39814 -5.21964 -6.59254e-08
      vertex -3.80088 -3.77772 -6.561e-08
    endloop
  endfacet
  facet normal 3.97028e-13 2.18572e-10 -1
    outer loop
      vertex -3.80088 -3.77772 -6.561e-08
      vertex -4.39814 -5.21964 -6.59254e-08
      vertex -4.17052 -4.46927 -6.57613e-08
    endloop
  endfacet
  facet normal 0 2.18689e-10 -1
    outer loop
      vertex -6.03586 -8.06438 -6.65476e-08
      vertex -4.475 -6.46439 -6.61977e-08
      vertex 6.03586 -8.06438 -6.65476e-08
    endloop
  endfacet
  facet normal 0 2.18689e-10 -1
    outer loop
      vertex -6.03586 -8.06438 -6.65476e-08
      vertex -6.03586 -6.46439 -6.61977e-08
      vertex -4.475 -6.46439 -6.61977e-08
    endloop
  endfacet
  facet normal -4.1825e-14 2.18689e-10 -1
    outer loop
      vertex -6.03586 -8.06438 -6.65476e-08
      vertex -6.63812 -6.40506 -6.61847e-08
      vertex -6.03586 -6.46439 -6.61977e-08
    endloop
  endfacet
  facet normal -1.35118e-12 2.18214e-10 -1
    outer loop
      vertex -6.03586 -8.06438 -6.65476e-08
      vertex -6.67759 -6.40118 -6.61838e-08
      vertex -6.63812 -6.40506 -6.61847e-08
    endloop
  endfacet
  facet normal -3.19082e-15 2.18734e-10 -1
    outer loop
      vertex -7.60913 -7.90942 -6.65137e-08
      vertex -6.67759 -6.40118 -6.61838e-08
      vertex -6.03586 -8.06438 -6.65476e-08
    endloop
  endfacet
  facet normal 7.15455e-14 2.18688e-10 -1
    outer loop
      vertex -6.67759 -6.40118 -6.61838e-08
      vertex -7.60913 -7.90942 -6.65137e-08
      vertex -7.297 -6.34016 -6.61705e-08
    endloop
  endfacet
  facet normal -3.88623e-15 2.18703e-10 -1
    outer loop
      vertex -7.60913 -7.90942 -6.65137e-08
      vertex -7.89238 -6.15956 -6.6131e-08
      vertex -7.297 -6.34016 -6.61705e-08
    endloop
  endfacet
  facet normal -1.12321e-12 2.18521e-10 -1
    outer loop
      vertex -7.60913 -7.90942 -6.65137e-08
      vertex -7.93093 -6.14786 -6.61284e-08
      vertex -7.89238 -6.15956 -6.6131e-08
    endloop
  endfacet
  facet normal -1.84541e-14 2.18723e-10 -1
    outer loop
      vertex -9.12196 -7.45052 -6.64133e-08
      vertex -7.93093 -6.14786 -6.61284e-08
      vertex -7.60913 -7.90942 -6.65137e-08
    endloop
  endfacet
  facet normal -5.29596e-15 2.18711e-10 -1
    outer loop
      vertex -7.93093 -6.14786 -6.61284e-08
      vertex -9.12196 -7.45052 -6.64133e-08
      vertex -8.50967 -5.9723 -6.609e-08
    endloop
  endfacet
  facet normal 3.89307e-14 2.18693e-10 -1
    outer loop
      vertex -9.82369 -7.07544 -6.63313e-08
      vertex -8.50967 -5.9723 -6.609e-08
      vertex -9.12196 -7.45052 -6.64133e-08
    endloop
  endfacet
  facet normal 3.61203e-14 2.18696e-10 -1
    outer loop
      vertex -8.50967 -5.9723 -6.609e-08
      vertex -9.82369 -7.07544 -6.63313e-08
      vertex -9.62727 -5.37494 -6.59594e-08
    endloop
  endfacet
  facet normal 7.065e-14 2.18692e-10 -1
    outer loop
      vertex -10.5162 -6.70529 -6.62504e-08
      vertex -9.62727 -5.37494 -6.59594e-08
      vertex -9.82369 -7.07544 -6.63313e-08
    endloop
  endfacet
  facet normal -3.07374e-14 2.1876e-10 -1
    outer loop
      vertex -10.5162 -6.70529 -6.62504e-08
      vertex -10.6069 -4.571 -6.57835e-08
      vertex -9.62727 -5.37494 -6.59594e-08
    endloop
  endfacet
  facet normal -1.80642e-15 2.18761e-10 -1
    outer loop
      vertex -11.7382 -5.70238 -6.6031e-08
      vertex -10.6069 -4.571 -6.57835e-08
      vertex -10.5162 -6.70529 -6.62504e-08
    endloop
  endfacet
  facet normal -1.5767e-14 2.18775e-10 -1
    outer loop
      vertex -12.2364 -5.0954 -6.58982e-08
      vertex -10.6069 -4.571 -6.57835e-08
      vertex -11.7382 -5.70238 -6.6031e-08
    endloop
  endfacet
  facet normal 7.97024e-16 2.18724e-10 -1
    outer loop
      vertex -10.6069 -4.571 -6.57835e-08
      vertex -12.2364 -5.0954 -6.58982e-08
      vertex -11.3772 -3.63237 -6.55782e-08
    endloop
  endfacet
  facet normal 3.54143e-14 2.18703e-10 -1
    outer loop
      vertex -12.7411 -4.48033 -6.57637e-08
      vertex -11.3772 -3.63237 -6.55782e-08
      vertex -12.2364 -5.0954 -6.58982e-08
    endloop
  endfacet
  facet normal -5.05911e-13 2.19574e-10 -1
    outer loop
      vertex -11.3772 -3.63237 -6.55782e-08
      vertex -12.7411 -4.48033 -6.57637e-08
      vertex -11.3902 -3.61646 -6.55747e-08
    endloop
  endfacet
  facet normal 1.31071e-12 2.16733e-10 -1
    outer loop
      vertex -11.3902 -3.61646 -6.55747e-08
      vertex -12.7411 -4.48033 -6.57637e-08
      vertex -11.4108 -3.59142 -6.55693e-08
    endloop
  endfacet
  facet normal 2.8341e-14 2.18652e-10 -1
    outer loop
      vertex -11.4108 -3.59142 -6.55693e-08
      vertex -12.7411 -4.48033 -6.57637e-08
      vertex -11.436 -3.54431 -6.5559e-08
    endloop
  endfacet
  facet normal -4.18141e-14 2.1875e-10 -1
    outer loop
      vertex -13.1113 -3.78783 -6.56122e-08
      vertex -11.436 -3.54431 -6.5559e-08
      vertex -12.7411 -4.48033 -6.57637e-08
    endloop
  endfacet
  facet normal -4.20392e-14 2.18752e-10 -1
    outer loop
      vertex -11.436 -3.54431 -6.5559e-08
      vertex -13.1113 -3.78783 -6.56122e-08
      vertex -12.0082 -2.4738 -6.53248e-08
    endloop
  endfacet
  facet normal -2.31081e-14 2.18736e-10 -1
    outer loop
      vertex -13.4864 -3.08611 -6.54587e-08
      vertex -12.0082 -2.4738 -6.53248e-08
      vertex -13.1113 -3.78783 -6.56122e-08
    endloop
  endfacet
  facet normal -9.34906e-15 2.18703e-10 -1
    outer loop
      vertex -12.0082 -2.4738 -6.53248e-08
      vertex -13.4864 -3.08611 -6.54587e-08
      vertex -12.3574 -1.32248 -6.5073e-08
    endloop
  endfacet
  facet normal 8.28872e-15 2.18457e-10 -1
    outer loop
      vertex -12.3574 -1.32248 -6.5073e-08
      vertex -13.9453 -1.57327 -6.51278e-08
      vertex -12.376 -1.26114 -6.50596e-08
    endloop
  endfacet
  facet normal -3.28837e-14 2.18718e-10 -1
    outer loop
      vertex -13.9453 -1.57327 -6.51278e-08
      vertex -12.3574 -1.32248 -6.5073e-08
      vertex -13.4864 -3.08611 -6.54587e-08
    endloop
  endfacet
  facet normal 1.43539e-14 2.18747e-10 -1
    outer loop
      vertex 12.032 2.39535 -6.42598e-08
      vertex 13.9453 1.57327 -6.44396e-08
      vertex 12.376 1.26114 -6.45079e-08
    endloop
  endfacet
  facet normal 7.00761e-15 2.1873e-10 -1
    outer loop
      vertex 13.9453 1.57327 -6.44396e-08
      vertex 12.032 2.39535 -6.42598e-08
      vertex 13.4864 3.08611 -6.41087e-08
    endloop
  endfacet
  facet normal -2.08959e-13 2.19185e-10 -1
    outer loop
      vertex 12.0082 2.4738 -6.42426e-08
      vertex 13.4864 3.08611 -6.41087e-08
      vertex 12.032 2.39535 -6.42598e-08
    endloop
  endfacet
  facet normal 2.45045e-13 2.18089e-10 -1
    outer loop
      vertex 11.9692 2.54675 -6.42267e-08
      vertex 13.4864 3.08611 -6.41087e-08
      vertex 12.0082 2.4738 -6.42426e-08
    endloop
  endfacet
  facet normal 4.47049e-14 2.18652e-10 -1
    outer loop
      vertex 13.4864 3.08611 -6.41087e-08
      vertex 11.9692 2.54675 -6.42267e-08
      vertex 13.1162 3.77861 -6.39573e-08
    endloop
  endfacet
  facet normal -2.57707e-14 2.18718e-10 -1
    outer loop
      vertex 11.4108 3.59141 -6.39982e-08
      vertex 13.1162 3.77861 -6.39573e-08
      vertex 11.9692 2.54675 -6.42267e-08
    endloop
  endfacet
  facet normal -2.7509e-14 2.18734e-10 -1
    outer loop
      vertex 13.1162 3.77861 -6.39573e-08
      vertex 11.4108 3.59141 -6.39982e-08
      vertex 12.7411 4.48033 -6.38038e-08
    endloop
  endfacet
  facet normal -4.13234e-14 2.18754e-10 -1
    outer loop
      vertex 12.7411 4.48033 -6.38038e-08
      vertex 11.4108 3.59141 -6.39982e-08
      vertex 12.243 5.08731 -6.3671e-08
    endloop
  endfacet
  facet normal -2.4543e-14 2.18745e-10 -1
    outer loop
      vertex 10.6069 4.571 -6.37839e-08
      vertex 12.243 5.08731 -6.3671e-08
      vertex 11.4108 3.59141 -6.39982e-08
    endloop
  endfacet
  facet normal -1.80907e-15 2.18673e-10 -1
    outer loop
      vertex 12.243 5.08731 -6.3671e-08
      vertex 10.6069 4.571 -6.37839e-08
      vertex 11.7382 5.70238 -6.35365e-08
    endloop
  endfacet
  facet normal -4.16497e-14 2.18713e-10 -1
    outer loop
      vertex 10.6069 4.571 -6.37839e-08
      vertex 10.5162 6.70529 -6.33171e-08
      vertex 11.7382 5.70238 -6.35365e-08
    endloop
  endfacet
  facet normal 3.51901e-14 2.18716e-10 -1
    outer loop
      vertex 9.62727 5.37494 -6.36081e-08
      vertex 10.5162 6.70529 -6.33171e-08
      vertex 10.6069 4.571 -6.37839e-08
    endloop
  endfacet
  facet normal 4.70252e-14 2.18708e-10 -1
    outer loop
      vertex 10.5162 6.70529 -6.33171e-08
      vertex 9.62727 5.37494 -6.36081e-08
      vertex 9.81446 7.08037 -6.32351e-08
    endloop
  endfacet
  facet normal 2.02302e-15 2.18713e-10 -1
    outer loop
      vertex 8.59648 5.9259 -6.34876e-08
      vertex 9.81446 7.08037 -6.32351e-08
      vertex 9.62727 5.37494 -6.36081e-08
    endloop
  endfacet
  facet normal -3.93464e-14 2.18757e-10 -1
    outer loop
      vertex 9.81446 7.08037 -6.32351e-08
      vertex 8.59648 5.9259 -6.34876e-08
      vertex 9.12196 7.45052 -6.31541e-08
    endloop
  endfacet
  facet normal -4.68222e-13 2.18904e-10 -1
    outer loop
      vertex 8.50967 5.97231 -6.34774e-08
      vertex 9.12196 7.45052 -6.31541e-08
      vertex 8.59648 5.9259 -6.34876e-08
    endloop
  endfacet
  facet normal -1.98287e-14 2.18719e-10 -1
    outer loop
      vertex 8.50967 5.97231 -6.34774e-08
      vertex 7.60913 7.90942 -6.30537e-08
      vertex 9.12196 7.45052 -6.31541e-08
    endloop
  endfacet
  facet normal 5.66956e-14 2.18754e-10 -1
    outer loop
      vertex 7.297 6.34016 -6.3397e-08
      vertex 7.60913 7.90942 -6.30537e-08
      vertex 8.50967 5.97231 -6.34774e-08
    endloop
  endfacet
  facet normal 2.02876e-13 2.18725e-10 -1
    outer loop
      vertex 7.23612 6.34616 -6.33957e-08
      vertex 7.60913 7.90942 -6.30537e-08
      vertex 7.297 6.34016 -6.3397e-08
    endloop
  endfacet
  facet normal -2.4725e-14 2.18779e-10 -1
    outer loop
      vertex 6.6706 6.40186 -6.33835e-08
      vertex 7.60913 7.90942 -6.30537e-08
      vertex 7.23612 6.34616 -6.33957e-08
    endloop
  endfacet
  facet normal 3.42123e-14 2.18777e-10 -1
    outer loop
      vertex 6.03586 8.06438 -6.30198e-08
      vertex 6.6706 6.40186 -6.33835e-08
      vertex 6.07571 6.46046 -6.33707e-08
    endloop
  endfacet
  facet normal -1.01147e-12 2.18751e-10 -1
    outer loop
      vertex 6.03586 8.06438 -6.30198e-08
      vertex 6.07571 6.46046 -6.33707e-08
      vertex 6.03586 6.46439 -6.33698e-08
    endloop
  endfacet
  facet normal -1.89096e-16 2.18764e-10 -1
    outer loop
      vertex 6.6706 6.40186 -6.33835e-08
      vertex 6.03586 8.06438 -6.30198e-08
      vertex 7.60913 7.90942 -6.30537e-08
    endloop
  endfacet
  facet normal 0 2.18751e-10 -1
    outer loop
      vertex 4.475 6.46439 -6.33698e-08
      vertex 6.03586 8.06438 -6.30198e-08
      vertex 6.03586 6.46439 -6.33698e-08
    endloop
  endfacet
  facet normal 3.97028e-13 2.18572e-10 -1
    outer loop
      vertex 3.80088 3.77772 -6.39575e-08
      vertex 4.39814 5.21964 -6.36421e-08
      vertex 4.17052 4.46927 -6.38062e-08
    endloop
  endfacet
  facet normal -3.52734e-13 2.18882e-10 -1
    outer loop
      vertex 3.30343 3.17157 -6.409e-08
      vertex 4.39814 5.21964 -6.36421e-08
      vertex 3.80088 3.77772 -6.39575e-08
    endloop
  endfacet
  facet normal 3.18006e-14 2.18677e-10 -1
    outer loop
      vertex 2.69728 2.67412 -6.41988e-08
      vertex 4.39814 5.21964 -6.36421e-08
      vertex 3.30343 3.17157 -6.409e-08
    endloop
  endfacet
  facet normal 1.36067e-13 2.18607e-10 -1
    outer loop
      vertex 2.00573 2.30448 -6.42797e-08
      vertex 4.39814 5.21964 -6.36421e-08
      vertex 2.69728 2.67412 -6.41988e-08
    endloop
  endfacet
  facet normal 2.70597e-14 2.18696e-10 -1
    outer loop
      vertex 1.25536 2.07686 -6.43295e-08
      vertex 4.39814 5.21964 -6.36421e-08
      vertex 2.00573 2.30448 -6.42797e-08
    endloop
  endfacet
  facet normal -1.5767e-14 2.18739e-10 -1
    outer loop
      vertex 0.474999 2 -6.43463e-08
      vertex 4.39814 5.21964 -6.36421e-08
      vertex 1.25536 2.07686 -6.43295e-08
    endloop
  endfacet
  facet normal -5.66275e-14 2.18782e-10 -1
    outer loop
      vertex 4.475 6 -6.34714e-08
      vertex 0.474999 2 -6.43463e-08
      vertex 4.475 6.46439 -6.33698e-08
    endloop
  endfacet
  facet normal 0 2.18731e-10 -1
    outer loop
      vertex -0.474999 2 -6.43463e-08
      vertex 4.475 6.46439 -6.33698e-08
      vertex 0.474999 2 -6.43463e-08
    endloop
  endfacet
  facet normal 0 2.18731e-10 -1
    outer loop
      vertex -4.475 6.46439 -6.33698e-08
      vertex 4.475 6.46439 -6.33698e-08
      vertex -0.474999 2 -6.43463e-08
    endloop
  endfacet
  facet normal 1.59254e-14 2.18741e-10 -1
    outer loop
      vertex -4.475 6 -6.34714e-08
      vertex -0.474999 2 -6.43463e-08
      vertex -1.25536 2.07686 -6.43295e-08
    endloop
  endfacet
  facet normal -2.3361e-14 2.18709e-10 -1
    outer loop
      vertex -4.475 6 -6.34714e-08
      vertex -1.25536 2.07686 -6.43295e-08
      vertex -2.00573 2.30448 -6.42797e-08
    endloop
  endfacet
  facet normal -1.14162e-13 2.18648e-10 -1
    outer loop
      vertex -4.475 6 -6.34714e-08
      vertex -2.00573 2.30448 -6.42797e-08
      vertex -2.69728 2.67412 -6.41988e-08
    endloop
  endfacet
  facet normal -9.37918e-15 2.18704e-10 -1
    outer loop
      vertex -4.475 6 -6.34714e-08
      vertex -2.69728 2.67412 -6.41988e-08
      vertex -3.30343 3.17157 -6.409e-08
    endloop
  endfacet
  facet normal 2.83294e-13 2.18825e-10 -1
    outer loop
      vertex -4.475 6 -6.34714e-08
      vertex -3.30343 3.17157 -6.409e-08
      vertex -3.80088 3.77772 -6.39575e-08
    endloop
  endfacet
  facet normal -1.92844e-13 2.18681e-10 -1
    outer loop
      vertex -4.475 6 -6.34714e-08
      vertex -3.80088 3.77772 -6.39575e-08
      vertex -4.17052 4.46927 -6.38062e-08
    endloop
  endfacet
  facet normal 2.59128e-13 2.18771e-10 -1
    outer loop
      vertex -4.475 6 -6.34714e-08
      vertex -4.17052 4.46927 -6.38062e-08
      vertex -4.39814 5.21964 -6.36421e-08
    endloop
  endfacet
  facet normal 5.66275e-14 2.18782e-10 -1
    outer loop
      vertex -0.474999 2 -6.43463e-08
      vertex -4.475 6 -6.34714e-08
      vertex -4.475 6.46439 -6.33698e-08
    endloop
  endfacet
  facet normal 0 2.18751e-10 -1
    outer loop
      vertex 4.475 6.46439 -6.33698e-08
      vertex -4.475 6.46439 -6.33698e-08
      vertex 6.03586 8.06438 -6.30198e-08
    endloop
  endfacet
  facet normal 0 2.18751e-10 -1
    outer loop
      vertex -6.03586 8.06438 -6.30198e-08
      vertex -4.475 6.46439 -6.33698e-08
      vertex -6.03586 6.46439 -6.33698e-08
    endloop
  endfacet
  facet normal 0 2.18751e-10 -1
    outer loop
      vertex -4.475 6.46439 -6.33698e-08
      vertex -6.03586 8.06438 -6.30198e-08
      vertex 6.03586 8.06438 -6.30198e-08
    endloop
  endfacet
  facet normal 1.01147e-12 2.18751e-10 -1
    outer loop
      vertex -6.07571 6.46046 -6.33707e-08
      vertex -6.03586 8.06438 -6.30198e-08
      vertex -6.03586 6.46439 -6.33698e-08
    endloop
  endfacet
  facet normal -3.42123e-14 2.18777e-10 -1
    outer loop
      vertex -6.6706 6.40186 -6.33835e-08
      vertex -6.03586 8.06438 -6.30198e-08
      vertex -6.07571 6.46046 -6.33707e-08
    endloop
  endfacet
  facet normal 2.4725e-14 2.18779e-10 -1
    outer loop
      vertex -7.60913 7.90942 -6.30537e-08
      vertex -6.6706 6.40186 -6.33835e-08
      vertex -7.23612 6.34616 -6.33957e-08
    endloop
  endfacet
  facet normal -2.02876e-13 2.18725e-10 -1
    outer loop
      vertex -7.60913 7.90942 -6.30537e-08
      vertex -7.23612 6.34616 -6.33957e-08
      vertex -7.297 6.34016 -6.3397e-08
    endloop
  endfacet
  facet normal 1.89096e-16 2.18764e-10 -1
    outer loop
      vertex -6.6706 6.40186 -6.33835e-08
      vertex -7.60913 7.90942 -6.30537e-08
      vertex -6.03586 8.06438 -6.30198e-08
    endloop
  endfacet
  facet normal -5.66956e-14 2.18754e-10 -1
    outer loop
      vertex -8.50967 5.97231 -6.34774e-08
      vertex -7.60913 7.90942 -6.30537e-08
      vertex -7.297 6.34016 -6.3397e-08
    endloop
  endfacet
  facet normal 4.68222e-13 2.18904e-10 -1
    outer loop
      vertex -9.12196 7.45052 -6.31541e-08
      vertex -8.50967 5.97231 -6.34774e-08
      vertex -8.59648 5.9259 -6.34876e-08
    endloop
  endfacet
  facet normal 1.98287e-14 2.18719e-10 -1
    outer loop
      vertex -8.50967 5.97231 -6.34774e-08
      vertex -9.12196 7.45052 -6.31541e-08
      vertex -7.60913 7.90942 -6.30537e-08
    endloop
  endfacet
  facet normal -2.02302e-15 2.18713e-10 -1
    outer loop
      vertex -9.81446 7.08037 -6.32351e-08
      vertex -8.59648 5.9259 -6.34876e-08
      vertex -9.62727 5.37494 -6.36081e-08
    endloop
  endfacet
  facet normal 3.93464e-14 2.18757e-10 -1
    outer loop
      vertex -8.59648 5.9259 -6.34876e-08
      vertex -9.81446 7.08037 -6.32351e-08
      vertex -9.12196 7.45052 -6.31541e-08
    endloop
  endfacet
  facet normal -4.70252e-14 2.18708e-10 -1
    outer loop
      vertex -9.62727 5.37494 -6.36081e-08
      vertex -10.5162 6.70529 -6.33171e-08
      vertex -9.81446 7.08037 -6.32351e-08
    endloop
  endfacet
  facet normal -3.51901e-14 2.18716e-10 -1
    outer loop
      vertex -10.6069 4.571 -6.37839e-08
      vertex -10.5162 6.70529 -6.33171e-08
      vertex -9.62727 5.37494 -6.36081e-08
    endloop
  endfacet
  facet normal 2.4543e-14 2.18745e-10 -1
    outer loop
      vertex -12.243 5.08731 -6.3671e-08
      vertex -10.6069 4.571 -6.37839e-08
      vertex -11.4108 3.59141 -6.39982e-08
    endloop
  endfacet
  facet normal 4.16497e-14 2.18713e-10 -1
    outer loop
      vertex -10.6069 4.571 -6.37839e-08
      vertex -11.7382 5.70238 -6.35365e-08
      vertex -10.5162 6.70529 -6.33171e-08
    endloop
  endfacet
  facet normal 2.57707e-14 2.18718e-10 -1
    outer loop
      vertex -13.1162 3.77861 -6.39573e-08
      vertex -11.4108 3.59141 -6.39982e-08
      vertex -11.9692 2.54675 -6.42267e-08
    endloop
  endfacet
  facet normal -2.45045e-13 2.18089e-10 -1
    outer loop
      vertex -13.4864 3.08611 -6.41087e-08
      vertex -11.9692 2.54675 -6.42267e-08
      vertex -12.0082 2.4738 -6.42426e-08
    endloop
  endfacet
  facet normal 2.08959e-13 2.19185e-10 -1
    outer loop
      vertex -13.4864 3.08611 -6.41087e-08
      vertex -12.0082 2.4738 -6.42426e-08
      vertex -12.032 2.39535 -6.42598e-08
    endloop
  endfacet
  facet normal 1.80907e-15 2.18673e-10 -1
    outer loop
      vertex -10.6069 4.571 -6.37839e-08
      vertex -12.243 5.08731 -6.3671e-08
      vertex -11.7382 5.70238 -6.35365e-08
    endloop
  endfacet
  facet normal -1.43539e-14 2.18747e-10 -1
    outer loop
      vertex -13.9453 1.57327 -6.44396e-08
      vertex -12.032 2.39535 -6.42598e-08
      vertex -12.376 1.26114 -6.45079e-08
    endloop
  endfacet
  facet normal -2.16888e-14 2.187e-10 -1
    outer loop
      vertex -14.0222 0.791842 -6.46105e-08
      vertex -12.376 1.26114 -6.45079e-08
      vertex -12.4933 0.0704589 -6.47683e-08
    endloop
  endfacet
  facet normal 1.33653e-17 2.18567e-10 -1
    outer loop
      vertex -14.1002 -3.52945e-09 -6.47837e-08
      vertex -12.4933 0.0704589 -6.47683e-08
      vertex -12.5002 -1.01369e-07 -6.47837e-08
    endloop
  endfacet
  facet normal -9.3503e-14 2.18969e-10 -1
    outer loop
      vertex -12.376 -1.26114 -6.50596e-08
      vertex -13.9453 -1.57327 -6.51278e-08
      vertex -12.3824 -1.19675 -6.50455e-08
    endloop
  endfacet
  facet normal -5.73219e-15 2.18604e-10 -1
    outer loop
      vertex -14.0233 -0.781431 -6.49547e-08
      vertex -12.3824 -1.19675 -6.50455e-08
      vertex -13.9453 -1.57327 -6.51278e-08
    endloop
  endfacet
  facet normal 2.7509e-14 2.18734e-10 -1
    outer loop
      vertex -11.4108 3.59141 -6.39982e-08
      vertex -13.1162 3.77861 -6.39573e-08
      vertex -12.7411 4.48033 -6.38038e-08
    endloop
  endfacet
  facet normal 4.13234e-14 2.18754e-10 -1
    outer loop
      vertex -11.4108 3.59141 -6.39982e-08
      vertex -12.7411 4.48033 -6.38038e-08
      vertex -12.243 5.08731 -6.3671e-08
    endloop
  endfacet
  facet normal 3.42892e-14 2.18763e-10 -1
    outer loop
      vertex -12.3824 -1.19675 -6.50455e-08
      vertex -14.0233 -0.781431 -6.49547e-08
      vertex -12.5002 -4.79542e-07 -6.47837e-08
    endloop
  endfacet
  facet normal 0 0 -1
    outer loop
      vertex -12.5002 -4.79542e-07 -6.47837e-08
      vertex -14.1002 -3.52945e-09 -6.47837e-08
      vertex -12.5002 -1.01369e-07 -6.47837e-08
    endloop
  endfacet
  facet normal 6.51034e-17 2.18829e-10 -1
    outer loop
      vertex -14.1002 -3.52945e-09 -6.47837e-08
      vertex -12.5002 -4.79542e-07 -6.47837e-08
      vertex -14.0233 -0.781431 -6.49547e-08
    endloop
  endfacet
  facet normal -2.28069e-14 2.18704e-10 -1
    outer loop
      vertex -12.376 1.26114 -6.45079e-08
      vertex -14.0222 0.791842 -6.46105e-08
      vertex -13.9453 1.57327 -6.44396e-08
    endloop
  endfacet
  facet normal -7.00761e-15 2.1873e-10 -1
    outer loop
      vertex -12.032 2.39535 -6.42598e-08
      vertex -13.9453 1.57327 -6.44396e-08
      vertex -13.4864 3.08611 -6.41087e-08
    endloop
  endfacet
  facet normal -4.47049e-14 2.18652e-10 -1
    outer loop
      vertex -11.9692 2.54675 -6.42267e-08
      vertex -13.4864 3.08611 -6.41087e-08
      vertex -13.1162 3.77861 -6.39573e-08
    endloop
  endfacet
  facet normal -7.19483e-15 2.18731e-10 -1
    outer loop
      vertex -12.4933 0.0704589 -6.47683e-08
      vertex -14.1002 -3.52945e-09 -6.47837e-08
      vertex -14.0222 0.791842 -6.46105e-08
    endloop
  endfacet
  facet normal 0 1 0
    outer loop
      vertex -1.25909 8.56439 10.5913
      vertex 4.06421 8.56439 11.6492
      vertex 4.06421 8.56439 10.5913
    endloop
  endfacet
  facet normal 0 1 0
    outer loop
      vertex 4.06421 8.56439 11.6492
      vertex -1.25909 8.56439 10.5913
      vertex -2.73059 8.56439 11.6492
    endloop
  endfacet
  facet normal 0 1 0
    outer loop
      vertex -3.04929 8.56439 2.09443
      vertex 3.08771 8.56439 3.15232
      vertex 4.5592 8.56439 2.09443
    endloop
  endfacet
  facet normal 0 1 0
    outer loop
      vertex 3.08771 8.56439 3.15232
      vertex -3.04929 8.56439 2.09443
      vertex -3.04929 8.56439 3.15232
    endloop
  endfacet
  facet normal 0 1 0
    outer loop
      vertex 4.5592 8.56439 3.06412
      vertex 4.5592 8.56439 2.09443
      vertex 3.08771 8.56439 3.15232
    endloop
  endfacet
  facet normal 0 1 0
    outer loop
      vertex -1.25909 8.56439 10.5913
      vertex 3.08771 8.56439 3.15232
      vertex -2.73059 8.56439 10.7066
    endloop
  endfacet
  facet normal 0 1 0
    outer loop
      vertex -2.73059 8.56439 11.6492
      vertex -1.25909 8.56439 10.5913
      vertex -2.73059 8.56439 10.7066
    endloop
  endfacet
  facet normal 0 1 0
    outer loop
      vertex 4.5592 8.56439 3.06412
      vertex 3.08771 8.56439 3.15232
      vertex -1.25909 8.56439 10.5913
    endloop
  endfacet
  facet normal -0 0 1
    outer loop
      vertex -3.04929 8.56439 3.15232
      vertex 3.08771 8.06438 3.15232
      vertex 3.08771 8.56439 3.15232
    endloop
  endfacet
  facet normal 0 0 1
    outer loop
      vertex 3.08771 8.06438 3.15232
      vertex -3.04929 8.56439 3.15232
      vertex -3.04929 8.06438 3.15232
    endloop
  endfacet
  facet normal -0.792253 0 -0.610193
    outer loop
      vertex 3.08771 8.06438 3.15232
      vertex -2.73059 8.56439 10.7066
      vertex 3.08771 8.56439 3.15232
    endloop
  endfacet
  facet normal -0.792253 -0 -0.610193
    outer loop
      vertex -2.73059 8.56439 10.7066
      vertex 3.08771 8.06438 3.15232
      vertex -2.73059 8.06438 10.7066
    endloop
  endfacet
  facet normal -1 0 0
    outer loop
      vertex -2.73059 8.06438 10.7066
      vertex -2.73059 8.56439 11.6492
      vertex -2.73059 8.56439 10.7066
    endloop
  endfacet
  facet normal -1 -0 0
    outer loop
      vertex -2.73059 8.56439 11.6492
      vertex -2.73059 8.06438 10.7066
      vertex -2.73059 8.06438 11.6492
    endloop
  endfacet
  facet normal -0 0 1
    outer loop
      vertex -2.73059 8.56439 11.6492
      vertex 4.06421 8.06438 11.6492
      vertex 4.06421 8.56439 11.6492
    endloop
  endfacet
  facet normal 0 0 1
    outer loop
      vertex 4.06421 8.06438 11.6492
      vertex -2.73059 8.56439 11.6492
      vertex -2.73059 8.06438 11.6492
    endloop
  endfacet
  facet normal 1 -0 0
    outer loop
      vertex 4.06421 8.06438 11.6492
      vertex 4.06421 8.56439 10.5913
      vertex 4.06421 8.56439 11.6492
    endloop
  endfacet
  facet normal 1 0 0
    outer loop
      vertex 4.06421 8.56439 10.5913
      vertex 4.06421 8.06438 11.6492
      vertex 4.06421 8.06438 10.5913
    endloop
  endfacet
  facet normal 0 0 -1
    outer loop
      vertex -1.25909 8.06438 10.5913
      vertex 4.06421 8.56439 10.5913
      vertex 4.06421 8.06438 10.5913
    endloop
  endfacet
  facet normal -0 0 -1
    outer loop
      vertex 4.06421 8.56439 10.5913
      vertex -1.25909 8.06438 10.5913
      vertex -1.25909 8.56439 10.5913
    endloop
  endfacet
  facet normal 0.791192 -0 0.611568
    outer loop
      vertex -1.25909 8.06438 10.5913
      vertex 4.5592 8.56439 3.06412
      vertex -1.25909 8.56439 10.5913
    endloop
  endfacet
  facet normal 0.791192 0 0.611568
    outer loop
      vertex 4.5592 8.56439 3.06412
      vertex -1.25909 8.06438 10.5913
      vertex 4.5592 8.06438 3.06412
    endloop
  endfacet
  facet normal 1 -0 0
    outer loop
      vertex 4.5592 8.06438 3.06412
      vertex 4.5592 8.56439 2.09443
      vertex 4.5592 8.56439 3.06412
    endloop
  endfacet
  facet normal 1 0 0
    outer loop
      vertex 4.5592 8.56439 2.09443
      vertex 4.5592 8.06438 3.06412
      vertex 4.5592 8.06438 2.09443
    endloop
  endfacet
  facet normal 0 0 -1
    outer loop
      vertex -3.04929 8.06438 2.09443
      vertex 4.5592 8.56439 2.09443
      vertex 4.5592 8.06438 2.09443
    endloop
  endfacet
  facet normal -0 0 -1
    outer loop
      vertex 4.5592 8.56439 2.09443
      vertex -3.04929 8.06438 2.09443
      vertex -3.04929 8.56439 2.09443
    endloop
  endfacet
  facet normal -1 0 0
    outer loop
      vertex -3.04929 8.06438 2.09443
      vertex -3.04929 8.56439 3.15232
      vertex -3.04929 8.56439 2.09443
    endloop
  endfacet
  facet normal -1 -0 0
    outer loop
      vertex -3.04929 8.56439 3.15232
      vertex -3.04929 8.06438 2.09443
      vertex -3.04929 8.06438 3.15232
    endloop
  endfacet
endsolid OpenSCAD_Model
