solid OpenSCAD_Model
  facet normal 0 0 1
    outer loop
      vertex -26.811733315717646 6.761480784023478 8
      vertex -26.15701769743577 1.3788799976141604 8
      vertex -26.215537243668514 6.893654271085456 8
    endloop
  endfacet
  facet normal 0 0 1
    outer loop
      vertex -26.811733315717646 6.761480784023478 8
      vertex -26.272792206135787 1.2727922061357857 8
      vertex -26.15701769743577 1.3788799976141604 8
    endloop
  endfacet
  facet normal 0 0 1
    outer loop
      vertex -26.811733315717646 6.761480784023478 8
      vertex -26.37887999761416 1.1570176974357707 8
      vertex -26.272792206135787 1.2727922061357857 8
    endloop
  endfacet
  facet normal 0 0 1
    outer loop
      vertex -26.215537243668514 6.893654271085456 8
      vertex -26.15701769743577 1.3788799976141604 8
      vertex -26.032437585431882 1.4744736797201852 8
    endloop
  endfacet
  facet normal 0 0 1
    outer loop
      vertex -26.215537243668514 6.893654271085456 8
      vertex -26.032437585431882 1.4744736797201852 8
      vertex -25.9 1.5588457268119895 8
    endloop
  endfacet
  facet normal 0 0 1
    outer loop
      vertex -26.811733315717646 6.761480784023478 8
      vertex -26.474473679720184 1.032437585431883 8
      vertex -26.37887999761416 1.1570176974357707 8
    endloop
  endfacet
  facet normal 0 0 1
    outer loop
      vertex -26.811733315717646 6.761480784023478 8
      vertex -26.558845726811988 0.9 8
      vertex -26.474473679720184 1.032437585431883 8
    endloop
  endfacet
  facet normal 0 0 1
    outer loop
      vertex -26.811733315717646 6.761480784023478 8
      vertex -26.63135401666597 0.760712871133259 8
      vertex -26.558845726811988 0.9 8
    endloop
  endfacet
  facet normal 0 0 1
    outer loop
      vertex -26.811733315717646 6.761480784023478 8
      vertex -26.691446717414635 0.6156362579862037 8
      vertex -26.63135401666597 0.760712871133259 8
    endloop
  endfacet
  facet normal 0 0 1
    outer loop
      vertex -26.811733315717646 6.761480784023478 8
      vertex -26.772653955421973 0.3125667198004746 8
      vertex -26.738666487320323 0.46587428118453733 8
    endloop
  endfacet
  facet normal 0 0 1
    outer loop
      vertex -26.811733315717646 6.761480784023478 8
      vertex -26.793150456565144 0.1568803369457847 8
      vertex -26.772653955421973 0.3125667198004746 8
    endloop
  endfacet
  facet normal 0 0 1
    outer loop
      vertex -26.811733315717646 6.761480784023478 8
      vertex -26.8 0 8
      vertex -26.793150456565144 0.1568803369457847 8
    endloop
  endfacet
  facet normal 0 0 1
    outer loop
      vertex -26.811733315717646 6.761480784023478 8
      vertex -26.738666487320323 0.46587428118453733 8
      vertex -26.691446717414635 0.6156362579862037 8
    endloop
  endfacet
  facet normal 0 0 1
    outer loop
      vertex -26.215537243668514 6.893654271085456 8
      vertex -25.465874281184536 1.738666487320323 8
      vertex -25.610090199233607 6.973362886642219 8
    endloop
  endfacet
  facet normal 0 0 1
    outer loop
      vertex -25.610090199233607 6.973362886642219 8
      vertex -25 1.8 8
      vertex -25 7 8
    endloop
  endfacet
  facet normal 0 0 1
    outer loop
      vertex -25 7 8
      vertex -24.687433280199524 1.7726539554219745 8
      vertex -24.389909800766393 6.973362886642219 8
    endloop
  endfacet
  facet normal 0 0 1
    outer loop
      vertex -24.389909800766393 6.973362886642219 8
      vertex -24.1 1.5588457268119895 8
      vertex -23.784462756331486 6.893654271085456 8
    endloop
  endfacet
  facet normal 0 0 1
    outer loop
      vertex -26.215537243668514 6.893654271085456 8
      vertex -25.615636257986203 1.6914467174146353 8
      vertex -25.465874281184536 1.738666487320323 8
    endloop
  endfacet
  facet normal 0 0 1
    outer loop
      vertex -26.215537243668514 6.893654271085456 8
      vertex -25.9 1.5588457268119895 8
      vertex -25.760712871133258 1.63135401666597 8
    endloop
  endfacet
  facet normal 0 0 1
    outer loop
      vertex -26.215537243668514 6.893654271085456 8
      vertex -25.760712871133258 1.63135401666597 8
      vertex -25.615636257986203 1.6914467174146353 8
    endloop
  endfacet
  facet normal 0 0 1
    outer loop
      vertex -25.610090199233607 6.973362886642219 8
      vertex -25.465874281184536 1.738666487320323 8
      vertex -25.312566719800476 1.7726539554219745 8
    endloop
  endfacet
  facet normal 0 0 1
    outer loop
      vertex -25.610090199233607 6.973362886642219 8
      vertex -25.156880336945786 1.793150456565142 8
      vertex -25 1.8 8
    endloop
  endfacet
  facet normal 0 0 1
    outer loop
      vertex -25.610090199233607 6.973362886642219 8
      vertex -25.312566719800476 1.7726539554219745 8
      vertex -25.156880336945786 1.793150456565142 8
    endloop
  endfacet
  facet normal 0 0 1
    outer loop
      vertex -25 7 8
      vertex -25 1.8 8
      vertex -24.843119663054214 1.793150456565142 8
    endloop
  endfacet
  facet normal 0 0 1
    outer loop
      vertex -25 7 8
      vertex -24.843119663054214 1.793150456565142 8
      vertex -24.687433280199524 1.7726539554219745 8
    endloop
  endfacet
  facet normal 0 0 1
    outer loop
      vertex -24.389909800766393 6.973362886642219 8
      vertex -24.687433280199524 1.7726539554219745 8
      vertex -24.534125718815464 1.738666487320323 8
    endloop
  endfacet
  facet normal 0 0 1
    outer loop
      vertex -24.389909800766393 6.973362886642219 8
      vertex -24.534125718815464 1.738666487320323 8
      vertex -24.384363742013797 1.6914467174146353 8
    endloop
  endfacet
  facet normal 0 0 1
    outer loop
      vertex -24.389909800766393 6.973362886642219 8
      vertex -24.384363742013797 1.6914467174146353 8
      vertex -24.239287128866742 1.63135401666597 8
    endloop
  endfacet
  facet normal 0 0 1
    outer loop
      vertex -24.389909800766393 6.973362886642219 8
      vertex -24.239287128866742 1.63135401666597 8
      vertex -24.1 1.5588457268119895 8
    endloop
  endfacet
  facet normal 0 0 1
    outer loop
      vertex -31.57784834550136 2.394141003279681 8
      vertex -31.344154509256548 -2.9583278321848963 8
      vertex -31.344154509256548 2.9583278321848963 8
    endloop
  endfacet
  facet normal 0 0 1
    outer loop
      vertex -31.06217782649107 3.5 8
      vertex -31.344154509256548 2.9583278321848963 8
      vertex -31.06217782649107 -3.5 8
    endloop
  endfacet
  facet normal 0 0 1
    outer loop
      vertex -30.362311101832844 4.499513267805774 8
      vertex -29.949747468305834 -4.949747468305833 8
      vertex -29.949747468305834 4.949747468305833 8
    endloop
  endfacet
  facet normal 0 0 1
    outer loop
      vertex -30.734064310022944 4.015035054457322 8
      vertex -31.06217782649107 3.5 8
      vertex -30.734064310022944 -4.015035054457322 8
    endloop
  endfacet
  facet normal 0 0 1
    outer loop
      vertex -30.734064310022944 4.015035054457322 8
      vertex -30.362311101832844 -4.499513267805774 8
      vertex -30.362311101832844 4.499513267805774 8
    endloop
  endfacet
  facet normal 0 0 1
    outer loop
      vertex -31.761480784023476 1.8117333157176452 8
      vertex -31.893654271085456 1.2155372436685123 8
      vertex -31.761480784023476 -1.8117333157176452 8
    endloop
  endfacet
  facet normal 0 0 1
    outer loop
      vertex -31.57784834550136 2.394141003279681 8
      vertex -31.761480784023476 1.8117333157176452 8
      vertex -31.57784834550136 -2.394141003279681 8
    endloop
  endfacet
  facet normal 0 0 1
    outer loop
      vertex -31.893654271085456 1.2155372436685123 8
      vertex -31.97336288664222 0.6100901992336072 8
      vertex -31.893654271085456 -1.2155372436685123 8
    endloop
  endfacet
  facet normal 0 0 1
    outer loop
      vertex -31.97336288664222 0.6100901992336072 8
      vertex -32 0 8
      vertex -31.97336288664222 -0.6100901992336072 8
    endloop
  endfacet
  facet normal 0 0 1
    outer loop
      vertex -31.97336288664222 0.6100901992336072 8
      vertex -31.97336288664222 -0.6100901992336072 8
      vertex -31.893654271085456 -1.2155372436685123 8
    endloop
  endfacet
  facet normal 0 0 1
    outer loop
      vertex -31.893654271085456 1.2155372436685123 8
      vertex -31.893654271085456 -1.2155372436685123 8
      vertex -31.761480784023476 -1.8117333157176452 8
    endloop
  endfacet
  facet normal 0 0 1
    outer loop
      vertex -31.761480784023476 1.8117333157176452 8
      vertex -31.761480784023476 -1.8117333157176452 8
      vertex -31.57784834550136 -2.394141003279681 8
    endloop
  endfacet
  facet normal 0 0 1
    outer loop
      vertex -29.949747468305834 4.949747468305833 8
      vertex -29.499513267805774 -5.362311101832846 8
      vertex -29.499513267805774 5.362311101832846 8
    endloop
  endfacet
  facet normal 0 0 1
    outer loop
      vertex -29.01503505445732 5.7340643100229425 8
      vertex -29.499513267805774 5.362311101832846 8
      vertex -29.01503505445732 -5.7340643100229425 8
    endloop
  endfacet
  facet normal 0 0 1
    outer loop
      vertex -29.01503505445732 5.7340643100229425 8
      vertex -28.5 -6.06217782649107 8
      vertex -28.5 6.06217782649107 8
    endloop
  endfacet
  facet normal 0 0 1
    outer loop
      vertex -28.5 6.06217782649107 8
      vertex -27.958327832184896 -6.3441545092565494 8
      vertex -27.958327832184896 6.3441545092565494 8
    endloop
  endfacet
  facet normal 0 0 1
    outer loop
      vertex -31.57784834550136 2.394141003279681 8
      vertex -31.57784834550136 -2.394141003279681 8
      vertex -31.344154509256548 -2.9583278321848963 8
    endloop
  endfacet
  facet normal 0 0 1
    outer loop
      vertex -31.344154509256548 2.9583278321848963 8
      vertex -31.344154509256548 -2.9583278321848963 8
      vertex -31.06217782649107 -3.5 8
    endloop
  endfacet
  facet normal 0 0 1
    outer loop
      vertex -31.06217782649107 3.5 8
      vertex -31.06217782649107 -3.5 8
      vertex -30.734064310022944 -4.015035054457322 8
    endloop
  endfacet
  facet normal 0 0 1
    outer loop
      vertex -30.734064310022944 4.015035054457322 8
      vertex -30.734064310022944 -4.015035054457322 8
      vertex -30.362311101832844 -4.499513267805774 8
    endloop
  endfacet
  facet normal 0 0 1
    outer loop
      vertex -30.362311101832844 4.499513267805774 8
      vertex -30.362311101832844 -4.499513267805774 8
      vertex -29.949747468305834 -4.949747468305833 8
    endloop
  endfacet
  facet normal 0 0 1
    outer loop
      vertex -29.949747468305834 4.949747468305833 8
      vertex -29.949747468305834 -4.949747468305833 8
      vertex -29.499513267805774 -5.362311101832846 8
    endloop
  endfacet
  facet normal 0 0 1
    outer loop
      vertex -29.499513267805774 5.362311101832846 8
      vertex -29.499513267805774 -5.362311101832846 8
      vertex -29.01503505445732 -5.7340643100229425 8
    endloop
  endfacet
  facet normal 0 0 1
    outer loop
      vertex -29.01503505445732 5.7340643100229425 8
      vertex -29.01503505445732 -5.7340643100229425 8
      vertex -28.5 -6.06217782649107 8
    endloop
  endfacet
  facet normal 0 0 1
    outer loop
      vertex -28.5 6.06217782649107 8
      vertex -28.5 -6.06217782649107 8
      vertex -27.958327832184896 -6.3441545092565494 8
    endloop
  endfacet
  facet normal 0 0 1
    outer loop
      vertex -27.958327832184896 6.3441545092565494 8
      vertex -27.39414100327968 -6.5778483455013586 8
      vertex -27.39414100327968 6.5778483455013586 8
    endloop
  endfacet
  facet normal 0 0 1
    outer loop
      vertex -27.39414100327968 6.5778483455013586 8
      vertex -26.811733315717646 -6.761480784023478 8
      vertex -26.811733315717646 6.761480784023478 8
    endloop
  endfacet
  facet normal 0 0 1
    outer loop
      vertex -26.811733315717646 6.761480784023478 8
      vertex -26.811733315717646 -6.761480784023478 8
      vertex -26.8 0 8
    endloop
  endfacet
  facet normal 0 0 1
    outer loop
      vertex -27.958327832184896 6.3441545092565494 8
      vertex -27.958327832184896 -6.3441545092565494 8
      vertex -27.39414100327968 -6.5778483455013586 8
    endloop
  endfacet
  facet normal 0 0 1
    outer loop
      vertex -27.39414100327968 6.5778483455013586 8
      vertex -27.39414100327968 -6.5778483455013586 8
      vertex -26.811733315717646 -6.761480784023478 8
    endloop
  endfacet
  facet normal 0 0 1
    outer loop
      vertex -26.8 0 8
      vertex -26.811733315717646 -6.761480784023478 8
      vertex -26.793150456565144 -0.1568803369457847 8
    endloop
  endfacet
  facet normal 0 0 1
    outer loop
      vertex -26.793150456565144 -0.1568803369457847 8
      vertex -26.811733315717646 -6.761480784023478 8
      vertex -26.772653955421973 -0.3125667198004746 8
    endloop
  endfacet
  facet normal 0 0 1
    outer loop
      vertex -26.772653955421973 -0.3125667198004746 8
      vertex -26.811733315717646 -6.761480784023478 8
      vertex -26.738666487320323 -0.46587428118453733 8
    endloop
  endfacet
  facet normal 0 0 1
    outer loop
      vertex -26.738666487320323 -0.46587428118453733 8
      vertex -26.811733315717646 -6.761480784023478 8
      vertex -26.691446717414635 -0.6156362579862037 8
    endloop
  endfacet
  facet normal 0 0 1
    outer loop
      vertex -26.691446717414635 -0.6156362579862037 8
      vertex -26.811733315717646 -6.761480784023478 8
      vertex -26.63135401666597 -0.760712871133259 8
    endloop
  endfacet
  facet normal 0 0 1
    outer loop
      vertex -26.63135401666597 -0.760712871133259 8
      vertex -26.811733315717646 -6.761480784023478 8
      vertex -26.558845726811988 -0.9 8
    endloop
  endfacet
  facet normal 0 0 1
    outer loop
      vertex -26.558845726811988 -0.9 8
      vertex -26.811733315717646 -6.761480784023478 8
      vertex -26.474473679720184 -1.032437585431883 8
    endloop
  endfacet
  facet normal 0 0 1
    outer loop
      vertex -26.474473679720184 -1.032437585431883 8
      vertex -26.215537243668514 -6.893654271085456 8
      vertex -26.37887999761416 -1.1570176974357707 8
    endloop
  endfacet
  facet normal 0 0 1
    outer loop
      vertex -26.37887999761416 -1.1570176974357707 8
      vertex -26.215537243668514 -6.893654271085456 8
      vertex -26.272792206135787 -1.2727922061357857 8
    endloop
  endfacet
  facet normal 0 0 1
    outer loop
      vertex -26.272792206135787 -1.2727922061357857 8
      vertex -26.215537243668514 -6.893654271085456 8
      vertex -26.15701769743577 -1.3788799976141604 8
    endloop
  endfacet
  facet normal 0 0 1
    outer loop
      vertex -26.15701769743577 -1.3788799976141604 8
      vertex -26.215537243668514 -6.893654271085456 8
      vertex -26.032437585431882 -1.4744736797201852 8
    endloop
  endfacet
  facet normal 0 0 1
    outer loop
      vertex -26.032437585431882 -1.4744736797201852 8
      vertex -26.215537243668514 -6.893654271085456 8
      vertex -25.9 -1.5588457268119895 8
    endloop
  endfacet
  facet normal 0 0 1
    outer loop
      vertex -25.9 -1.5588457268119895 8
      vertex -25.610090199233607 -6.973362886642219 8
      vertex -25.760712871133258 -1.63135401666597 8
    endloop
  endfacet
  facet normal 0 0 1
    outer loop
      vertex -25.760712871133258 -1.63135401666597 8
      vertex -25.610090199233607 -6.973362886642219 8
      vertex -25.615636257986203 -1.6914467174146353 8
    endloop
  endfacet
  facet normal 0 0 1
    outer loop
      vertex -25.615636257986203 -1.6914467174146353 8
      vertex -25.610090199233607 -6.973362886642219 8
      vertex -25.465874281184536 -1.738666487320323 8
    endloop
  endfacet
  facet normal 0 0 1
    outer loop
      vertex -25.465874281184536 -1.738666487320323 8
      vertex -25.610090199233607 -6.973362886642219 8
      vertex -25.312566719800476 -1.7726539554219745 8
    endloop
  endfacet
  facet normal 0 0 1
    outer loop
      vertex -25.312566719800476 -1.7726539554219745 8
      vertex -25 -7 8
      vertex -25.156880336945786 -1.793150456565142 8
    endloop
  endfacet
  facet normal 0 0 1
    outer loop
      vertex -25.156880336945786 -1.793150456565142 8
      vertex -25 -7 8
      vertex -25 -1.8 8
    endloop
  endfacet
  facet normal 0 0 1
    outer loop
      vertex -25 -1.8 8
      vertex -24.389909800766393 -6.973362886642219 8
      vertex -24.843119663054214 -1.793150456565142 8
    endloop
  endfacet
  facet normal 0 0 1
    outer loop
      vertex -24.843119663054214 -1.793150456565142 8
      vertex -24.389909800766393 -6.973362886642219 8
      vertex -24.687433280199524 -1.7726539554219745 8
    endloop
  endfacet
  facet normal 0 0 1
    outer loop
      vertex -24.687433280199524 -1.7726539554219745 8
      vertex -24.389909800766393 -6.973362886642219 8
      vertex -24.534125718815464 -1.738666487320323 8
    endloop
  endfacet
  facet normal 0 0 1
    outer loop
      vertex -24.239287128866742 -1.63135401666597 8
      vertex -24.384363742013797 -1.6914467174146353 8
      vertex -23.784462756331486 -6.893654271085456 8
    endloop
  endfacet
  facet normal 0 0 1
    outer loop
      vertex -24.239287128866742 -1.63135401666597 8
      vertex -23.784462756331486 -6.893654271085456 8
      vertex -24.1 -1.5588457268119895 8
    endloop
  endfacet
  facet normal 0 0 1
    outer loop
      vertex -24.534125718815464 -1.738666487320323 8
      vertex -23.784462756331486 -6.893654271085456 8
      vertex -24.384363742013797 -1.6914467174146353 8
    endloop
  endfacet
  facet normal 0 0 1
    outer loop
      vertex -23.784462756331486 6.893654271085456 8
      vertex -23.525526320279816 1.032437585431883 8
      vertex -23.188266684282354 6.761480784023478 8
    endloop
  endfacet
  facet normal 0 0 1
    outer loop
      vertex -24.1 1.5588457268119895 8
      vertex -23.967562414568118 1.4744736797201852 8
      vertex -23.784462756331486 6.893654271085456 8
    endloop
  endfacet
  facet normal 0 0 1
    outer loop
      vertex -23.784462756331486 6.893654271085456 8
      vertex -23.967562414568118 1.4744736797201852 8
      vertex -23.84298230256423 1.3788799976141604 8
    endloop
  endfacet
  facet normal 0 0 1
    outer loop
      vertex -23.784462756331486 6.893654271085456 8
      vertex -23.84298230256423 1.3788799976141604 8
      vertex -23.727207793864213 1.2727922061357857 8
    endloop
  endfacet
  facet normal 0 0 1
    outer loop
      vertex -23.784462756331486 6.893654271085456 8
      vertex -23.727207793864213 1.2727922061357857 8
      vertex -23.62112000238584 1.1570176974357707 8
    endloop
  endfacet
  facet normal 0 0 1
    outer loop
      vertex -23.784462756331486 6.893654271085456 8
      vertex -23.62112000238584 1.1570176974357707 8
      vertex -23.525526320279816 1.032437585431883 8
    endloop
  endfacet
  facet normal 0 0 1
    outer loop
      vertex -23.188266684282354 6.761480784023478 8
      vertex -23.525526320279816 1.032437585431883 8
      vertex -23.441154273188012 0.9 8
    endloop
  endfacet
  facet normal 0 0 1
    outer loop
      vertex -23.188266684282354 6.761480784023478 8
      vertex -23.441154273188012 0.9 8
      vertex -23.36864598333403 0.760712871133259 8
    endloop
  endfacet
  facet normal 0 0 1
    outer loop
      vertex -23.188266684282354 6.761480784023478 8
      vertex -23.36864598333403 0.760712871133259 8
      vertex -23.308553282585365 0.6156362579862037 8
    endloop
  endfacet
  facet normal 0 0 1
    outer loop
      vertex -23.188266684282354 6.761480784023478 8
      vertex -23.308553282585365 0.6156362579862037 8
      vertex -23.261333512679677 0.46587428118453733 8
    endloop
  endfacet
  facet normal 0 0 1
    outer loop
      vertex -23.188266684282354 6.761480784023478 8
      vertex -23.261333512679677 0.46587428118453733 8
      vertex -23.227346044578027 0.3125667198004746 8
    endloop
  endfacet
  facet normal 0 0 1
    outer loop
      vertex -23.188266684282354 6.761480784023478 8
      vertex -23.227346044578027 0.3125667198004746 8
      vertex -23.206849543434856 0.1568803369457847 8
    endloop
  endfacet
  facet normal 0 0 1
    outer loop
      vertex -23.188266684282354 6.761480784023478 8
      vertex -23.206849543434856 0.1568803369457847 8
      vertex -23.2 0 8
    endloop
  endfacet
  facet normal 0 0 1
    outer loop
      vertex -23.188266684282354 6.761480784023478 8
      vertex -22.60585899672032 -6.5778483455013586 8
      vertex -22.60585899672032 6.5778483455013586 8
    endloop
  endfacet
  facet normal 0 0 1
    outer loop
      vertex -20.500486732194226 5.362311101832846 8
      vertex -20.284442352070435 0.4140812714214235 8
      vertex -20.334351153532268 5.210075891991471 8
    endloop
  endfacet
  facet normal 0 0 1
    outer loop
      vertex -20.334351153532268 5.210075891991471 8
      vertex -20.284442352070435 0.4140812714214235 8
      vertex -20.2721236321513 5.153054874268254 8
    endloop
  endfacet
  facet normal 0 0 1
    outer loop
      vertex -22.60585899672032 6.5778483455013586 8
      vertex -22.041672167815104 -6.3441545092565494 8
      vertex -22.041672167815104 6.3441545092565494 8
    endloop
  endfacet
  facet normal 0 0 1
    outer loop
      vertex -23.188266684282354 6.761480784023478 8
      vertex -23.2 0 8
      vertex -23.188266684282354 -6.761480784023478 8
    endloop
  endfacet
  facet normal 0 0 1
    outer loop
      vertex -22.041672167815104 6.3441545092565494 8
      vertex -21.5 -6.06217782649107 8
      vertex -21.5 6.06217782649107 8
    endloop
  endfacet
  facet normal 0 0 1
    outer loop
      vertex -21.5 6.06217782649107 8
      vertex -20.98496494554268 -5.7340643100229425 8
      vertex -20.98496494554268 5.7340643100229425 8
    endloop
  endfacet
  facet normal 0 0 1
    outer loop
      vertex -20.98496494554268 5.7340643100229425 8
      vertex -20.500486732194226 -5.362311101832846 8
      vertex -20.500486732194226 5.362311101832846 8
    endloop
  endfacet
  facet normal 0 0 1
    outer loop
      vertex -20.2721236321513 5.153054874268254 8
      vertex -20.284442352070435 0.4140812714214235 8
      vertex -20.050252531694166 0.07137120742567404 8
    endloop
  endfacet
  facet normal 0 0 1
    outer loop
      vertex -20.500486732194226 5.362311101832846 8
      vertex -20.500486732194226 -5.362311101832846 8
      vertex -20.284442352070435 0.4140812714214235 8
    endloop
  endfacet
  facet normal 0 0 1
    outer loop
      vertex -23.2 0 8
      vertex -23.206849543434856 -0.1568803369457847 8
      vertex -23.188266684282354 -6.761480784023478 8
    endloop
  endfacet
  facet normal 0 0 1
    outer loop
      vertex -23.206849543434856 -0.1568803369457847 8
      vertex -23.227346044578027 -0.3125667198004746 8
      vertex -23.188266684282354 -6.761480784023478 8
    endloop
  endfacet
  facet normal 0 0 1
    outer loop
      vertex -23.188266684282354 6.761480784023478 8
      vertex -23.188266684282354 -6.761480784023478 8
      vertex -22.60585899672032 -6.5778483455013586 8
    endloop
  endfacet
  facet normal 0 0 1
    outer loop
      vertex -22.60585899672032 6.5778483455013586 8
      vertex -22.60585899672032 -6.5778483455013586 8
      vertex -22.041672167815104 -6.3441545092565494 8
    endloop
  endfacet
  facet normal 0 0 1
    outer loop
      vertex -23.62112000238584 -1.1570176974357707 8
      vertex -23.727207793864213 -1.2727922061357857 8
      vertex -23.188266684282354 -6.761480784023478 8
    endloop
  endfacet
  facet normal 0 0 1
    outer loop
      vertex -23.84298230256423 -1.3788799976141604 8
      vertex -23.188266684282354 -6.761480784023478 8
      vertex -23.727207793864213 -1.2727922061357857 8
    endloop
  endfacet
  facet normal 0 0 1
    outer loop
      vertex -23.261333512679677 -0.46587428118453733 8
      vertex -23.308553282585365 -0.6156362579862037 8
      vertex -23.188266684282354 -6.761480784023478 8
    endloop
  endfacet
  facet normal 0 0 1
    outer loop
      vertex -23.308553282585365 -0.6156362579862037 8
      vertex -23.36864598333403 -0.760712871133259 8
      vertex -23.188266684282354 -6.761480784023478 8
    endloop
  endfacet
  facet normal 0 0 1
    outer loop
      vertex -23.36864598333403 -0.760712871133259 8
      vertex -23.441154273188012 -0.9 8
      vertex -23.188266684282354 -6.761480784023478 8
    endloop
  endfacet
  facet normal 0 0 1
    outer loop
      vertex -23.261333512679677 -0.46587428118453733 8
      vertex -23.188266684282354 -6.761480784023478 8
      vertex -23.227346044578027 -0.3125667198004746 8
    endloop
  endfacet
  facet normal 0 0 1
    outer loop
      vertex -23.525526320279816 -1.032437585431883 8
      vertex -23.188266684282354 -6.761480784023478 8
      vertex -23.441154273188012 -0.9 8
    endloop
  endfacet
  facet normal 0 0 1
    outer loop
      vertex -23.525526320279816 -1.032437585431883 8
      vertex -23.62112000238584 -1.1570176974357707 8
      vertex -23.188266684282354 -6.761480784023478 8
    endloop
  endfacet
  facet normal 0 0 1
    outer loop
      vertex -24.1 -1.5588457268119895 8
      vertex -23.784462756331486 -6.893654271085456 8
      vertex -23.967562414568118 -1.4744736797201852 8
    endloop
  endfacet
  facet normal 0 0 1
    outer loop
      vertex -23.84298230256423 -1.3788799976141604 8
      vertex -23.967562414568118 -1.4744736797201852 8
      vertex -23.784462756331486 -6.893654271085456 8
    endloop
  endfacet
  facet normal 0 0 1
    outer loop
      vertex -22.041672167815104 6.3441545092565494 8
      vertex -22.041672167815104 -6.3441545092565494 8
      vertex -21.5 -6.06217782649107 8
    endloop
  endfacet
  facet normal 0 0 1
    outer loop
      vertex -21.5 6.06217782649107 8
      vertex -21.5 -6.06217782649107 8
      vertex -20.98496494554268 -5.7340643100229425 8
    endloop
  endfacet
  facet normal 0 0 1
    outer loop
      vertex -20.98496494554268 5.7340643100229425 8
      vertex -20.98496494554268 -5.7340643100229425 8
      vertex -20.500486732194226 -5.362311101832846 8
    endloop
  endfacet
  facet normal 0 0 1
    outer loop
      vertex -20.284442352070435 0.4140812714214235 8
      vertex -20.500486732194226 -5.362311101832846 8
      vertex -20.334351153532268 -5.210075891991471 8
    endloop
  endfacet
  facet normal 0 0 1
    outer loop
      vertex -20.284442352070435 0.4140812714214235 8
      vertex -20.334351153532268 -5.210075891991471 8
      vertex -20.295813298584836 -5.174762454123377 8
    endloop
  endfacet
  facet normal 0 0 1
    outer loop
      vertex -20.050252531694166 0.07137120742567404 8
      vertex -19.840996304129575 -4.721384368262905 8
      vertex -19.733545036504076 -2.304046748958955 8
    endloop
  endfacet
  facet normal -0.6087614290087204 0.7933533402912353 0
    outer loop
      vertex -29.01503505445732 5.7340643100229425 8
      vertex -29.01503505445732 5.7340643100229425 0
      vertex -29.499513267805774 5.362311101832846 8
    endloop
  endfacet
  facet normal -0.4617486132350336 0.8870108331782219 1.371187051568724e-19
    outer loop
      vertex -28.5 6.06217782649107 8
      vertex -27.958327832184896 6.3441545092565494 8
      vertex -27.958327832184896 6.3441545092565494 0
    endloop
  endfacet
  facet normal -0.5372996083468247 0.8433914458128852 2.1856881045223635e-18
    outer loop
      vertex -29.01503505445732 5.7340643100229425 8
      vertex -28.5 6.06217782649107 8
      vertex -28.5 6.06217782649107 0
    endloop
  endfacet
  facet normal -0.737277336810127 0.675590207615657 0
    outer loop
      vertex -30.362311101832844 4.499513267805774 8
      vertex -29.949747468305834 4.949747468305833 8
      vertex -30.362311101832844 4.499513267805774 0
    endloop
  endfacet
  facet normal -0.793353340291232 0.6087614290087248 0
    outer loop
      vertex -30.734064310022944 4.015035054457322 8
      vertex -30.362311101832844 4.499513267805774 8
      vertex -30.734064310022944 4.015035054457322 0
    endloop
  endfacet
  facet normal -0.8870108331782223 0.4617486132350327 1.0169558667865677e-18
    outer loop
      vertex -31.06217782649107 3.5 8
      vertex -31.344154509256548 2.9583278321848963 0
      vertex -31.344154509256548 2.9583278321848963 8
    endloop
  endfacet
  facet normal -0.9238795325112857 0.38268343236509217 0
    outer loop
      vertex -31.57784834550136 2.394141003279681 8
      vertex -31.344154509256548 2.9583278321848963 8
      vertex -31.57784834550136 2.394141003279681 0
    endloop
  endfacet
  facet normal -0.8433914458128876 0.5372996083468209 2.5053631407016976e-18
    outer loop
      vertex -30.734064310022944 4.015035054457322 8
      vertex -31.06217782649107 3.5 0
      vertex -31.06217782649107 3.5 8
    endloop
  endfacet
  facet normal -0.6755902076156587 0.7372773368101254 -2.1584819137415344e-18
    outer loop
      vertex -29.949747468305834 4.949747468305833 8
      vertex -29.499513267805774 5.362311101832846 8
      vertex -29.499513267805774 5.362311101832846 0
    endloop
  endfacet
  facet normal -0.38268343236509045 0.9238795325112864 5.363353238997208e-19
    outer loop
      vertex -27.958327832184896 6.3441545092565494 8
      vertex -27.39414100327968 6.5778483455013586 8
      vertex -27.39414100327968 6.5778483455013586 0
    endloop
  endfacet
  facet normal -0.3007057995042731 0.9537169507482268 1.0240404508102023e-18
    outer loop
      vertex -27.39414100327968 6.5778483455013586 8
      vertex -26.811733315717646 6.761480784023478 8
      vertex -26.811733315717646 6.761480784023478 0
    endloop
  endfacet
  facet normal -0.21643961393810285 0.9762960071199334 -1.384527487729166e-18
    outer loop
      vertex -26.811733315717646 6.761480784023478 8
      vertex -26.215537243668514 6.893654271085456 8
      vertex -26.215537243668514 6.893654271085456 0
    endloop
  endfacet
  facet normal -0.1305261922200523 0.9914448613738103 -4.770771138027338e-21
    outer loop
      vertex -26.215537243668514 6.893654271085456 8
      vertex -25.610090199233607 6.973362886642219 8
      vertex -25.610090199233607 6.973362886642219 0
    endloop
  endfacet
  facet normal -0.04361938736533551 0.9990482215818579 2.9833684822903246e-21
    outer loop
      vertex -25.610090199233607 6.973362886642219 8
      vertex -25 7 8
      vertex -25 7 0
    endloop
  endfacet
  facet normal 0.04361938736533551 0.9990482215818579 -2.9833684822903246e-21
    outer loop
      vertex -25 7 8
      vertex -24.389909800766393 6.973362886642219 8
      vertex -24.389909800766393 6.973362886642219 0
    endloop
  endfacet
  facet normal -0.6087614290087204 0.7933533402912353 0
    outer loop
      vertex -29.499513267805774 5.362311101832846 8
      vertex -29.01503505445732 5.7340643100229425 0
      vertex -29.499513267805774 5.362311101832846 0
    endloop
  endfacet
  facet normal -0.5372996083468247 0.8433914458128852 0
    outer loop
      vertex -29.01503505445732 5.7340643100229425 8
      vertex -28.5 6.06217782649107 0
      vertex -29.01503505445732 5.7340643100229425 0
    endloop
  endfacet
  facet normal -0.4617486132350336 0.8870108331782219 0
    outer loop
      vertex -28.5 6.06217782649107 8
      vertex -27.958327832184896 6.3441545092565494 0
      vertex -28.5 6.06217782649107 0
    endloop
  endfacet
  facet normal -0.737277336810127 0.675590207615657 0
    outer loop
      vertex -29.949747468305834 4.949747468305833 8
      vertex -29.949747468305834 4.949747468305833 0
      vertex -30.362311101832844 4.499513267805774 0
    endloop
  endfacet
  facet normal -0.8433914458128876 0.5372996083468209 0
    outer loop
      vertex -30.734064310022944 4.015035054457322 8
      vertex -30.734064310022944 4.015035054457322 0
      vertex -31.06217782649107 3.5 0
    endloop
  endfacet
  facet normal -0.793353340291232 0.6087614290087248 0
    outer loop
      vertex -30.362311101832844 4.499513267805774 8
      vertex -30.362311101832844 4.499513267805774 0
      vertex -30.734064310022944 4.015035054457322 0
    endloop
  endfacet
  facet normal -0.8870108331782223 0.4617486132350327 0
    outer loop
      vertex -31.06217782649107 3.5 8
      vertex -31.06217782649107 3.5 0
      vertex -31.344154509256548 2.9583278321848963 0
    endloop
  endfacet
  facet normal -0.9238795325112857 0.38268343236509217 0
    outer loop
      vertex -31.344154509256548 2.9583278321848963 8
      vertex -31.344154509256548 2.9583278321848963 0
      vertex -31.57784834550136 2.394141003279681 0
    endloop
  endfacet
  facet normal -0.6755902076156587 0.7372773368101254 0
    outer loop
      vertex -29.949747468305834 4.949747468305833 8
      vertex -29.499513267805774 5.362311101832846 0
      vertex -29.949747468305834 4.949747468305833 0
    endloop
  endfacet
  facet normal 0 0 -1
    outer loop
      vertex -28.5 6.06217782649107 0
      vertex -27.958327832184896 6.3441545092565494 0
      vertex -28.194954910672088 1.1628684873072737 0
    endloop
  endfacet
  facet normal 0 0 -1
    outer loop
      vertex -28.5 6.06217782649107 0
      vertex -28.194954910672088 1.1628684873072737 0
      vertex -28.284147809382834 0.8799847533485705 0
    endloop
  endfacet
  facet normal 0 0 -1
    outer loop
      vertex -27.958327832184896 6.3441545092565494 0
      vertex -28.081446475924608 1.436902089918378 0
      vertex -28.194954910672088 1.1628684873072737 0
    endloop
  endfacet
  facet normal 0 0 -1
    outer loop
      vertex -28.5 6.06217782649107 0
      vertex -28.284147809382834 0.8799847533485705 0
      vertex -28.348346360241507 0.5904038040675631 0
    endloop
  endfacet
  facet normal 0 0 -1
    outer loop
      vertex -28.5 6.06217782649107 0
      vertex -28.348346360241507 0.5904038040675631 0
      vertex -28.387061973511933 0.29632952534203777 0
    endloop
  endfacet
  facet normal -0.38268343236509045 0.9238795325112864 0
    outer loop
      vertex -27.958327832184896 6.3441545092565494 8
      vertex -27.39414100327968 6.5778483455013586 0
      vertex -27.958327832184896 6.3441545092565494 0
    endloop
  endfacet
  facet normal -0.3007057995042731 0.9537169507482268 0
    outer loop
      vertex -27.39414100327968 6.5778483455013586 8
      vertex -26.811733315717646 6.761480784023478 0
      vertex -27.39414100327968 6.5778483455013586 0
    endloop
  endfacet
  facet normal -0.21643961393810285 0.9762960071199334 0
    outer loop
      vertex -26.811733315717646 6.761480784023478 8
      vertex -26.215537243668514 6.893654271085456 0
      vertex -26.811733315717646 6.761480784023478 0
    endloop
  endfacet
  facet normal -0.1305261922200523 0.9914448613738103 0
    outer loop
      vertex -26.215537243668514 6.893654271085456 8
      vertex -25.610090199233607 6.973362886642219 0
      vertex -26.215537243668514 6.893654271085456 0
    endloop
  endfacet
  facet normal -0.04361938736533551 0.9990482215818579 0
    outer loop
      vertex -25.610090199233607 6.973362886642219 8
      vertex -25 7 0
      vertex -25.610090199233607 6.973362886642219 0
    endloop
  endfacet
  facet normal 0.04361938736533551 0.9990482215818579 0
    outer loop
      vertex -25 7 8
      vertex -24.389909800766393 6.973362886642219 0
      vertex -25 7 0
    endloop
  endfacet
  facet normal 0.1305261922200523 0.9914448613738103 0
    outer loop
      vertex -24.389909800766393 6.973362886642219 8
      vertex -23.784462756331486 6.893654271085456 0
      vertex -24.389909800766393 6.973362886642219 0
    endloop
  endfacet
  facet normal 0 0 -1
    outer loop
      vertex -26.811733315717646 6.761480784023478 0
      vertex -26.215537243668514 6.893654271085456 0
      vertex -26.436902089918377 3.0814464759246096 0
    endloop
  endfacet
  facet normal 0 0 -1
    outer loop
      vertex -26.215537243668514 6.893654271085456 0
      vertex -25.610090199233607 6.973362886642219 0
      vertex -25.87998475334857 3.2841478093828322 0
    endloop
  endfacet
  facet normal 0 0 -1
    outer loop
      vertex -25.610090199233607 6.973362886642219 0
      vertex -25 7 0
      vertex -25.29632952534204 3.3870619735119347 0
    endloop
  endfacet
  facet normal 0 0 -1
    outer loop
      vertex -25 7 0
      vertex -24.389909800766393 6.973362886642219 0
      vertex -24.70367047465796 3.3870619735119347 0
    endloop
  endfacet
  facet normal 0 0 -1
    outer loop
      vertex -24.389909800766393 6.973362886642219 0
      vertex -23.784462756331486 6.893654271085456 0
      vertex -24.409596195932437 3.348346360241507 0
    endloop
  endfacet
  facet normal 0 0 -1
    outer loop
      vertex -27.958327832184896 6.3441545092565494 0
      vertex -27.39414100327968 6.5778483455013586 0
      vertex -27.604551106604525 2.1854778729342335 0
    endloop
  endfacet
  facet normal 0 0 -1
    outer loop
      vertex -27.39414100327968 6.5778483455013586 0
      vertex -26.811733315717646 6.761480784023478 0
      vertex -27.185477872934232 2.604551106604525 0
    endloop
  endfacet
  facet normal 0 0 -1
    outer loop
      vertex -27.39414100327968 6.5778483455013586 0
      vertex -27.185477872934232 2.604551106604525 0
      vertex -27.40416305603426 2.4041630560342617 0
    endloop
  endfacet
  facet normal 0 0 -1
    outer loop
      vertex -26.811733315717646 6.761480784023478 0
      vertex -26.436902089918377 3.0814464759246096 0
      vertex -26.7 2.9444863728670914 0
    endloop
  endfacet
  facet normal 0 0 -1
    outer loop
      vertex -26.811733315717646 6.761480784023478 0
      vertex -26.950159883593557 2.785116950582572 0
      vertex -27.185477872934232 2.604551106604525 0
    endloop
  endfacet
  facet normal 0 0 -1
    outer loop
      vertex -26.811733315717646 6.761480784023478 0
      vertex -26.7 2.9444863728670914 0
      vertex -26.950159883593557 2.785116950582572 0
    endloop
  endfacet
  facet normal 0 0 -1
    outer loop
      vertex -26.215537243668514 6.893654271085456 0
      vertex -26.162868487307275 3.1949549106720885 0
      vertex -26.436902089918377 3.0814464759246096 0
    endloop
  endfacet
  facet normal 0 0 -1
    outer loop
      vertex -26.215537243668514 6.893654271085456 0
      vertex -25.87998475334857 3.2841478093828322 0
      vertex -26.162868487307275 3.1949549106720885 0
    endloop
  endfacet
  facet normal 0 0 -1
    outer loop
      vertex -27.958327832184896 6.3441545092565494 0
      vertex -27.604551106604525 2.1854778729342335 0
      vertex -27.785116950582573 1.9501598835935565 0
    endloop
  endfacet
  facet normal 0 0 -1
    outer loop
      vertex -27.958327832184896 6.3441545092565494 0
      vertex -27.785116950582573 1.9501598835935565 0
      vertex -27.94448637286709 1.7 0
    endloop
  endfacet
  facet normal 0 0 -1
    outer loop
      vertex -27.958327832184896 6.3441545092565494 0
      vertex -27.94448637286709 1.7 0
      vertex -28.081446475924608 1.436902089918378 0
    endloop
  endfacet
  facet normal 0 0 -1
    outer loop
      vertex -27.39414100327968 6.5778483455013586 0
      vertex -27.40416305603426 2.4041630560342617 0
      vertex -27.604551106604525 2.1854778729342335 0
    endloop
  endfacet
  facet normal 0 0 -1
    outer loop
      vertex -25 7 0
      vertex -25 3.4 0
      vertex -25.29632952534204 3.3870619735119347 0
    endloop
  endfacet
  facet normal 0 0 -1
    outer loop
      vertex -25.610090199233607 6.973362886642219 0
      vertex -25.590403804067563 3.348346360241507 0
      vertex -25.87998475334857 3.2841478093828322 0
    endloop
  endfacet
  facet normal 0 0 -1
    outer loop
      vertex -25.610090199233607 6.973362886642219 0
      vertex -25.29632952534204 3.3870619735119347 0
      vertex -25.590403804067563 3.348346360241507 0
    endloop
  endfacet
  facet normal 0 0 -1
    outer loop
      vertex -25 7 0
      vertex -24.70367047465796 3.3870619735119347 0
      vertex -25 3.4 0
    endloop
  endfacet
  facet normal 0 0 -1
    outer loop
      vertex -24.389909800766393 6.973362886642219 0
      vertex -24.409596195932437 3.348346360241507 0
      vertex -24.70367047465796 3.3870619735119347 0
    endloop
  endfacet
  facet normal 0 0 -1
    outer loop
      vertex -24.409596195932437 3.348346360241507 0
      vertex -23.784462756331486 6.893654271085456 0
      vertex -24.12001524665143 3.2841478093828322 0
    endloop
  endfacet
  facet normal -0.9537169507482277 0.3007057995042705 -5.331761336490517e-19
    outer loop
      vertex -31.57784834550136 2.394141003279681 8
      vertex -31.761480784023476 1.8117333157176452 0
      vertex -31.761480784023476 1.8117333157176452 8
    endloop
  endfacet
  facet normal -0.9762960071199329 0.21643961393810532 8.09048470420974e-19
    outer loop
      vertex -31.761480784023476 1.8117333157176452 8
      vertex -31.893654271085456 1.2155372436685123 0
      vertex -31.893654271085456 1.2155372436685123 8
    endloop
  endfacet
  facet normal -0.9914448613738099 0.1305261922200556 4.971649013241787e-20
    outer loop
      vertex -31.893654271085456 1.2155372436685123 8
      vertex -31.97336288664222 0.6100901992336072 0
      vertex -31.97336288664222 0.6100901992336072 8
    endloop
  endfacet
  facet normal -0.9990482215818579 0.043619387365332586 2.434423258898841e-19
    outer loop
      vertex -31.97336288664222 0.6100901992336072 8
      vertex -32 0 0
      vertex -32 0 8
    endloop
  endfacet
  facet normal -0.9990482215818579 -0.043619387365332586 -2.434423258898841e-19
    outer loop
      vertex -32 0 8
      vertex -31.97336288664222 -0.6100901992336072 0
      vertex -31.97336288664222 -0.6100901992336072 8
    endloop
  endfacet
  facet normal -0.9914448613738099 -0.1305261922200556 -4.971649013241787e-20
    outer loop
      vertex -31.97336288664222 -0.6100901992336072 8
      vertex -31.893654271085456 -1.2155372436685123 0
      vertex -31.893654271085456 -1.2155372436685123 8
    endloop
  endfacet
  facet normal -0.9762960071199329 -0.21643961393810532 -8.09048470420974e-19
    outer loop
      vertex -31.893654271085456 -1.2155372436685123 8
      vertex -31.761480784023476 -1.8117333157176452 0
      vertex -31.761480784023476 -1.8117333157176452 8
    endloop
  endfacet
  facet normal -0.9537169507482277 -0.3007057995042705 5.331761336490517e-19
    outer loop
      vertex -31.761480784023476 -1.8117333157176452 8
      vertex -31.57784834550136 -2.394141003279681 0
      vertex -31.57784834550136 -2.394141003279681 8
    endloop
  endfacet
  facet normal -0.9238795325112857 -0.38268343236509217 -2.3842627041992237e-18
    outer loop
      vertex -31.57784834550136 -2.394141003279681 8
      vertex -31.344154509256548 -2.9583278321848963 0
      vertex -31.344154509256548 -2.9583278321848963 8
    endloop
  endfacet
  facet normal -0.8870108331782223 -0.4617486132350327 -1.0169558667865677e-18
    outer loop
      vertex -31.344154509256548 -2.9583278321848963 8
      vertex -31.06217782649107 -3.5 0
      vertex -31.06217782649107 -3.5 8
    endloop
  endfacet
  facet normal -0.8433914458128876 -0.5372996083468209 -2.5053631407016976e-18
    outer loop
      vertex -31.06217782649107 -3.5 8
      vertex -30.734064310022944 -4.015035054457322 0
      vertex -30.734064310022944 -4.015035054457322 8
    endloop
  endfacet
  facet normal -0.9537169507482277 0.3007057995042705 0
    outer loop
      vertex -31.57784834550136 2.394141003279681 8
      vertex -31.57784834550136 2.394141003279681 0
      vertex -31.761480784023476 1.8117333157176452 0
    endloop
  endfacet
  facet normal -0.9762960071199329 0.21643961393810532 0
    outer loop
      vertex -31.761480784023476 1.8117333157176452 8
      vertex -31.761480784023476 1.8117333157176452 0
      vertex -31.893654271085456 1.2155372436685123 0
    endloop
  endfacet
  facet normal -0.9914448613738099 0.1305261922200556 0
    outer loop
      vertex -31.893654271085456 1.2155372436685123 8
      vertex -31.893654271085456 1.2155372436685123 0
      vertex -31.97336288664222 0.6100901992336072 0
    endloop
  endfacet
  facet normal -0.9990482215818579 0.043619387365332586 0
    outer loop
      vertex -31.97336288664222 0.6100901992336072 8
      vertex -31.97336288664222 0.6100901992336072 0
      vertex -32 0 0
    endloop
  endfacet
  facet normal -0.9990482215818579 -0.043619387365332586 0
    outer loop
      vertex -32 0 8
      vertex -32 0 0
      vertex -31.97336288664222 -0.6100901992336072 0
    endloop
  endfacet
  facet normal -0.9914448613738099 -0.1305261922200556 0
    outer loop
      vertex -31.97336288664222 -0.6100901992336072 8
      vertex -31.97336288664222 -0.6100901992336072 0
      vertex -31.893654271085456 -1.2155372436685123 0
    endloop
  endfacet
  facet normal 0 0 -1
    outer loop
      vertex -31.57784834550136 2.394141003279681 0
      vertex -31.761480784023476 -1.8117333157176452 0
      vertex -31.761480784023476 1.8117333157176452 0
    endloop
  endfacet
  facet normal 0 0 -1
    outer loop
      vertex -31.06217782649107 3.5 0
      vertex -31.344154509256548 -2.9583278321848963 0
      vertex -31.344154509256548 2.9583278321848963 0
    endloop
  endfacet
  facet normal 0 0 -1
    outer loop
      vertex -31.57784834550136 2.394141003279681 0
      vertex -31.344154509256548 2.9583278321848963 0
      vertex -31.57784834550136 -2.394141003279681 0
    endloop
  endfacet
  facet normal 0 0 -1
    outer loop
      vertex -30.734064310022944 4.015035054457322 0
      vertex -30.362311101832844 4.499513267805774 0
      vertex -30.734064310022944 -4.015035054457322 0
    endloop
  endfacet
  facet normal 0 0 -1
    outer loop
      vertex -30.362311101832844 4.499513267805774 0
      vertex -29.949747468305834 4.949747468305833 0
      vertex -30.362311101832844 -4.499513267805774 0
    endloop
  endfacet
  facet normal 0 0 -1
    outer loop
      vertex -30.734064310022944 4.015035054457322 0
      vertex -31.06217782649107 -3.5 0
      vertex -31.06217782649107 3.5 0
    endloop
  endfacet
  facet normal 0 0 -1
    outer loop
      vertex -31.761480784023476 1.8117333157176452 0
      vertex -31.893654271085456 -1.2155372436685123 0
      vertex -31.893654271085456 1.2155372436685123 0
    endloop
  endfacet
  facet normal 0 0 -1
    outer loop
      vertex -31.893654271085456 1.2155372436685123 0
      vertex -31.97336288664222 -0.6100901992336072 0
      vertex -31.97336288664222 0.6100901992336072 0
    endloop
  endfacet
  facet normal 0 0 -1
    outer loop
      vertex -31.97336288664222 0.6100901992336072 0
      vertex -31.97336288664222 -0.6100901992336072 0
      vertex -32 0 0
    endloop
  endfacet
  facet normal 0 0 -1
    outer loop
      vertex -31.893654271085456 1.2155372436685123 0
      vertex -31.893654271085456 -1.2155372436685123 0
      vertex -31.97336288664222 -0.6100901992336072 0
    endloop
  endfacet
  facet normal 0 0 -1
    outer loop
      vertex -31.761480784023476 1.8117333157176452 0
      vertex -31.761480784023476 -1.8117333157176452 0
      vertex -31.893654271085456 -1.2155372436685123 0
    endloop
  endfacet
  facet normal 0 0 -1
    outer loop
      vertex -31.57784834550136 2.394141003279681 0
      vertex -31.57784834550136 -2.394141003279681 0
      vertex -31.761480784023476 -1.8117333157176452 0
    endloop
  endfacet
  facet normal 0 0 -1
    outer loop
      vertex -31.344154509256548 2.9583278321848963 0
      vertex -31.344154509256548 -2.9583278321848963 0
      vertex -31.57784834550136 -2.394141003279681 0
    endloop
  endfacet
  facet normal 0 0 -1
    outer loop
      vertex -29.949747468305834 4.949747468305833 0
      vertex -29.499513267805774 5.362311101832846 0
      vertex -29.949747468305834 -4.949747468305833 0
    endloop
  endfacet
  facet normal 0 0 -1
    outer loop
      vertex -29.01503505445732 5.7340643100229425 0
      vertex -29.499513267805774 -5.362311101832846 0
      vertex -29.499513267805774 5.362311101832846 0
    endloop
  endfacet
  facet normal 0 0 -1
    outer loop
      vertex -29.01503505445732 5.7340643100229425 0
      vertex -28.5 6.06217782649107 0
      vertex -29.01503505445732 -5.7340643100229425 0
    endloop
  endfacet
  facet normal 0 0 -1
    outer loop
      vertex -28.5 6.06217782649107 0
      vertex -28.387061973511933 0.29632952534203777 0
      vertex -28.4 0 0
    endloop
  endfacet
  facet normal 0 0 -1
    outer loop
      vertex -28.5 6.06217782649107 0
      vertex -28.4 0 0
      vertex -28.5 -6.06217782649107 0
    endloop
  endfacet
  facet normal -0.9762960071199329 -0.21643961393810532 0
    outer loop
      vertex -31.893654271085456 -1.2155372436685123 8
      vertex -31.893654271085456 -1.2155372436685123 0
      vertex -31.761480784023476 -1.8117333157176452 0
    endloop
  endfacet
  facet normal -0.9537169507482277 -0.3007057995042705 0
    outer loop
      vertex -31.761480784023476 -1.8117333157176452 8
      vertex -31.761480784023476 -1.8117333157176452 0
      vertex -31.57784834550136 -2.394141003279681 0
    endloop
  endfacet
  facet normal -0.9238795325112857 -0.38268343236509217 0
    outer loop
      vertex -31.57784834550136 -2.394141003279681 8
      vertex -31.57784834550136 -2.394141003279681 0
      vertex -31.344154509256548 -2.9583278321848963 0
    endloop
  endfacet
  facet normal -0.8870108331782223 -0.4617486132350327 0
    outer loop
      vertex -31.344154509256548 -2.9583278321848963 8
      vertex -31.344154509256548 -2.9583278321848963 0
      vertex -31.06217782649107 -3.5 0
    endloop
  endfacet
  facet normal -0.8433914458128876 -0.5372996083468209 0
    outer loop
      vertex -31.06217782649107 -3.5 8
      vertex -31.06217782649107 -3.5 0
      vertex -30.734064310022944 -4.015035054457322 0
    endloop
  endfacet
  facet normal 0 0 -1
    outer loop
      vertex -31.06217782649107 3.5 0
      vertex -31.06217782649107 -3.5 0
      vertex -31.344154509256548 -2.9583278321848963 0
    endloop
  endfacet
  facet normal 0 0 -1
    outer loop
      vertex -30.734064310022944 4.015035054457322 0
      vertex -30.734064310022944 -4.015035054457322 0
      vertex -31.06217782649107 -3.5 0
    endloop
  endfacet
  facet normal 0 0 -1
    outer loop
      vertex -30.362311101832844 4.499513267805774 0
      vertex -30.362311101832844 -4.499513267805774 0
      vertex -30.734064310022944 -4.015035054457322 0
    endloop
  endfacet
  facet normal 0 0 -1
    outer loop
      vertex -29.949747468305834 4.949747468305833 0
      vertex -29.949747468305834 -4.949747468305833 0
      vertex -30.362311101832844 -4.499513267805774 0
    endloop
  endfacet
  facet normal 0 0 -1
    outer loop
      vertex -29.499513267805774 5.362311101832846 0
      vertex -29.499513267805774 -5.362311101832846 0
      vertex -29.949747468305834 -4.949747468305833 0
    endloop
  endfacet
  facet normal 0 0 -1
    outer loop
      vertex -29.01503505445732 5.7340643100229425 0
      vertex -29.01503505445732 -5.7340643100229425 0
      vertex -29.499513267805774 -5.362311101832846 0
    endloop
  endfacet
  facet normal 0 0 -1
    outer loop
      vertex -28.5 6.06217782649107 0
      vertex -28.5 -6.06217782649107 0
      vertex -29.01503505445732 -5.7340643100229425 0
    endloop
  endfacet
  facet normal 0 0 -1
    outer loop
      vertex -28.4 0 0
      vertex -28.387061973511933 -0.29632952534203777 0
      vertex -28.5 -6.06217782649107 0
    endloop
  endfacet
  facet normal 0 0 -1
    outer loop
      vertex -28.387061973511933 -0.29632952534203777 0
      vertex -28.348346360241507 -0.5904038040675631 0
      vertex -28.5 -6.06217782649107 0
    endloop
  endfacet
  facet normal 0 0 -1
    outer loop
      vertex -28.348346360241507 -0.5904038040675631 0
      vertex -28.284147809382834 -0.8799847533485705 0
      vertex -28.5 -6.06217782649107 0
    endloop
  endfacet
  facet normal 0 0 -1
    outer loop
      vertex -28.284147809382834 -0.8799847533485705 0
      vertex -28.194954910672088 -1.1628684873072737 0
      vertex -28.5 -6.06217782649107 0
    endloop
  endfacet
  facet normal 0 0 -1
    outer loop
      vertex -28.194954910672088 -1.1628684873072737 0
      vertex -28.081446475924608 -1.436902089918378 0
      vertex -28.5 -6.06217782649107 0
    endloop
  endfacet
  facet normal 0 0 -1
    outer loop
      vertex -28.081446475924608 -1.436902089918378 0
      vertex -27.94448637286709 -1.7 0
      vertex -28.5 -6.06217782649107 0
    endloop
  endfacet
  facet normal 0 0 -1
    outer loop
      vertex -27.94448637286709 -1.7 0
      vertex -27.785116950582573 -1.9501598835935565 0
      vertex -27.958327832184896 -6.3441545092565494 0
    endloop
  endfacet
  facet normal 0 0 -1
    outer loop
      vertex -27.785116950582573 -1.9501598835935565 0
      vertex -27.604551106604525 -2.1854778729342335 0
      vertex -27.958327832184896 -6.3441545092565494 0
    endloop
  endfacet
  facet normal 0 0 -1
    outer loop
      vertex -27.604551106604525 -2.1854778729342335 0
      vertex -27.40416305603426 -2.4041630560342617 0
      vertex -27.958327832184896 -6.3441545092565494 0
    endloop
  endfacet
  facet normal 0 0 -1
    outer loop
      vertex -27.40416305603426 -2.4041630560342617 0
      vertex -27.185477872934232 -2.604551106604525 0
      vertex -27.958327832184896 -6.3441545092565494 0
    endloop
  endfacet
  facet normal 0 0 -1
    outer loop
      vertex -27.185477872934232 -2.604551106604525 0
      vertex -26.950159883593557 -2.785116950582572 0
      vertex -27.39414100327968 -6.5778483455013586 0
    endloop
  endfacet
  facet normal 0.1305261922200523 0.9914448613738103 4.770771138027338e-21
    outer loop
      vertex -24.389909800766393 6.973362886642219 8
      vertex -23.784462756331486 6.893654271085456 8
      vertex -23.784462756331486 6.893654271085456 0
    endloop
  endfacet
  facet normal 0.21643961393810285 0.9762960071199334 1.384527487729166e-18
    outer loop
      vertex -23.784462756331486 6.893654271085456 8
      vertex -23.188266684282354 6.761480784023478 8
      vertex -23.188266684282354 6.761480784023478 0
    endloop
  endfacet
  facet normal 0.3007057995042731 0.9537169507482268 -1.0240404508102023e-18
    outer loop
      vertex -23.188266684282354 6.761480784023478 8
      vertex -22.60585899672032 6.5778483455013586 8
      vertex -22.60585899672032 6.5778483455013586 0
    endloop
  endfacet
  facet normal 0.38268343236509045 0.9238795325112864 -5.363353238997208e-19
    outer loop
      vertex -22.60585899672032 6.5778483455013586 8
      vertex -22.041672167815104 6.3441545092565494 8
      vertex -22.041672167815104 6.3441545092565494 0
    endloop
  endfacet
  facet normal 0.4617486132350336 0.8870108331782219 -1.371187051568724e-19
    outer loop
      vertex -22.041672167815104 6.3441545092565494 8
      vertex -21.5 6.06217782649107 8
      vertex -21.5 6.06217782649107 0
    endloop
  endfacet
  facet normal 0.5372996083468247 0.8433914458128852 -2.1856881045223635e-18
    outer loop
      vertex -21.5 6.06217782649107 8
      vertex -20.98496494554268 5.7340643100229425 8
      vertex -20.98496494554268 5.7340643100229425 0
    endloop
  endfacet
  facet normal 0.6087614290087204 0.7933533402912353 2.3199025271228747e-18
    outer loop
      vertex -20.98496494554268 5.7340643100229425 8
      vertex -20.500486732194226 5.362311101832846 8
      vertex -20.500486732194226 5.362311101832846 0
    endloop
  endfacet
  facet normal 0.675590207615659 0.7372773368101252 0
    outer loop
      vertex -20.500486732194226 5.362311101832846 8
      vertex -20.334351153532268 5.210075891991471 8
      vertex -20.500486732194226 5.362311101832846 0
    endloop
  endfacet
  facet normal 0.21643961393810285 0.9762960071199334 0
    outer loop
      vertex -23.784462756331486 6.893654271085456 8
      vertex -23.188266684282354 6.761480784023478 0
      vertex -23.784462756331486 6.893654271085456 0
    endloop
  endfacet
  facet normal 0.3007057995042731 0.9537169507482268 0
    outer loop
      vertex -23.188266684282354 6.761480784023478 8
      vertex -22.60585899672032 6.5778483455013586 0
      vertex -23.188266684282354 6.761480784023478 0
    endloop
  endfacet
  facet normal 0.38268343236509045 0.9238795325112864 0
    outer loop
      vertex -22.60585899672032 6.5778483455013586 8
      vertex -22.041672167815104 6.3441545092565494 0
      vertex -22.60585899672032 6.5778483455013586 0
    endloop
  endfacet
  facet normal 0.4617486132350336 0.8870108331782219 0
    outer loop
      vertex -22.041672167815104 6.3441545092565494 8
      vertex -21.5 6.06217782649107 0
      vertex -22.041672167815104 6.3441545092565494 0
    endloop
  endfacet
  facet normal 0.5372996083468247 0.8433914458128852 0
    outer loop
      vertex -21.5 6.06217782649107 8
      vertex -20.98496494554268 5.7340643100229425 0
      vertex -21.5 6.06217782649107 0
    endloop
  endfacet
  facet normal 0.6087614290087204 0.7933533402912353 0
    outer loop
      vertex -20.98496494554268 5.7340643100229425 8
      vertex -20.500486732194226 5.362311101832846 0
      vertex -20.98496494554268 5.7340643100229425 0
    endloop
  endfacet
  facet normal 0 0 -1
    outer loop
      vertex -23.784462756331486 6.893654271085456 0
      vertex -23.188266684282354 6.761480784023478 0
      vertex -23.837131512692725 3.1949549106720885 0
    endloop
  endfacet
  facet normal 0 0 -1
    outer loop
      vertex -23.188266684282354 6.761480784023478 0
      vertex -22.60585899672032 6.5778483455013586 0
      vertex -23.3 2.9444863728670914 0
    endloop
  endfacet
  facet normal 0.675590207615659 0.7372773368101252 0
    outer loop
      vertex -20.334351153532268 5.210075891991471 8
      vertex -20.334351153532268 5.210075891991471 0
      vertex -20.500486732194226 5.362311101832846 0
    endloop
  endfacet
  facet normal 0 0 -1
    outer loop
      vertex -24.12001524665143 3.2841478093828322 0
      vertex -23.784462756331486 6.893654271085456 0
      vertex -23.837131512692725 3.1949549106720885 0
    endloop
  endfacet
  facet normal 0 0 -1
    outer loop
      vertex -23.188266684282354 6.761480784023478 0
      vertex -23.563097910081623 3.0814464759246096 0
      vertex -23.837131512692725 3.1949549106720885 0
    endloop
  endfacet
  facet normal 0 0 -1
    outer loop
      vertex -23.188266684282354 6.761480784023478 0
      vertex -23.3 2.9444863728670914 0
      vertex -23.563097910081623 3.0814464759246096 0
    endloop
  endfacet
  facet normal 0 0 -1
    outer loop
      vertex -22.60585899672032 6.5778483455013586 0
      vertex -22.041672167815104 6.3441545092565494 0
      vertex -22.814522127065768 2.604551106604525 0
    endloop
  endfacet
  facet normal 0 0 -1
    outer loop
      vertex -22.60585899672032 6.5778483455013586 0
      vertex -23.049840116406443 2.785116950582572 0
      vertex -23.3 2.9444863728670914 0
    endloop
  endfacet
  facet normal 0 0 -1
    outer loop
      vertex -22.60585899672032 6.5778483455013586 0
      vertex -22.814522127065768 2.604551106604525 0
      vertex -23.049840116406443 2.785116950582572 0
    endloop
  endfacet
  facet normal 0 0 -1
    outer loop
      vertex -22.041672167815104 6.3441545092565494 0
      vertex -22.59583694396574 2.4041630560342617 0
      vertex -22.814522127065768 2.604551106604525 0
    endloop
  endfacet
  facet normal 0 0 -1
    outer loop
      vertex -22.041672167815104 6.3441545092565494 0
      vertex -22.395448893395475 2.1854778729342335 0
      vertex -22.59583694396574 2.4041630560342617 0
    endloop
  endfacet
  facet normal 0 0 -1
    outer loop
      vertex -22.041672167815104 6.3441545092565494 0
      vertex -22.214883049417427 1.9501598835935565 0
      vertex -22.395448893395475 2.1854778729342335 0
    endloop
  endfacet
  facet normal 0 0 -1
    outer loop
      vertex -22.041672167815104 6.3441545092565494 0
      vertex -22.05551362713291 1.7 0
      vertex -22.214883049417427 1.9501598835935565 0
    endloop
  endfacet
  facet normal 0 0 -1
    outer loop
      vertex -22.041672167815104 6.3441545092565494 0
      vertex -21.5 6.06217782649107 0
      vertex -22.05551362713291 1.7 0
    endloop
  endfacet
  facet normal 0 0 -1
    outer loop
      vertex -20.98496494554268 5.7340643100229425 0
      vertex -20.500486732194226 5.362311101832846 0
      vertex -20.500486732194226 0.4869701167414622 0
    endloop
  endfacet
  facet normal 0 0 -1
    outer loop
      vertex -21.5 6.06217782649107 0
      vertex -21.918553524075392 1.436902089918378 0
      vertex -22.05551362713291 1.7 0
    endloop
  endfacet
  facet normal 0 0 -1
    outer loop
      vertex -21.5 6.06217782649107 0
      vertex -21.805045089327912 1.1628684873072737 0
      vertex -21.918553524075392 1.436902089918378 0
    endloop
  endfacet
  facet normal 0 0 -1
    outer loop
      vertex -21.5 6.06217782649107 0
      vertex -21.715852190617166 0.8799847533485705 0
      vertex -21.805045089327912 1.1628684873072737 0
    endloop
  endfacet
  facet normal 0 0 -1
    outer loop
      vertex -21.5 6.06217782649107 0
      vertex -21.651653639758493 0.5904038040675631 0
      vertex -21.715852190617166 0.8799847533485705 0
    endloop
  endfacet
  facet normal 0 0 -1
    outer loop
      vertex -21.5 6.06217782649107 0
      vertex -21.612938026488067 0.29632952534203777 0
      vertex -21.651653639758493 0.5904038040675631 0
    endloop
  endfacet
  facet normal 0 0 -1
    outer loop
      vertex -20.500486732194226 5.362311101832846 0
      vertex -20.334351153532268 5.210075891991471 0
      vertex -20.500486732194226 0.4869701167414622 0
    endloop
  endfacet
  facet normal 0 0 -1
    outer loop
      vertex -21.5 6.06217782649107 0
      vertex -21.6 0 0
      vertex -21.612938026488067 0.29632952534203777 0
    endloop
  endfacet
  facet normal 0 0 -1
    outer loop
      vertex -21.5 6.06217782649107 0
      vertex -20.98496494554268 5.7340643100229425 0
      vertex -21.5 -6.06217782649107 0
    endloop
  endfacet
  facet normal 0 0 -1
    outer loop
      vertex -21.5 6.06217782649107 0
      vertex -21.5 -6.06217782649107 0
      vertex -21.6 0 0
    endloop
  endfacet
  facet normal 0 0 -1
    outer loop
      vertex -20.98496494554268 5.7340643100229425 0
      vertex -20.500486732194226 0.4869701167414622 0
      vertex -20.98496494554268 -5.7340643100229425 0
    endloop
  endfacet
  facet normal 0 0 -1
    outer loop
      vertex -22.05551362713291 -1.7 0
      vertex -21.918553524075392 -1.436902089918378 0
      vertex -22.041672167815104 -6.3441545092565494 0
    endloop
  endfacet
  facet normal 0 0 -1
    outer loop
      vertex -22.59583694396574 -2.4041630560342617 0
      vertex -22.395448893395475 -2.1854778729342335 0
      vertex -22.60585899672032 -6.5778483455013586 0
    endloop
  endfacet
  facet normal 0 0 -1
    outer loop
      vertex -22.59583694396574 -2.4041630560342617 0
      vertex -22.60585899672032 -6.5778483455013586 0
      vertex -22.814522127065768 -2.604551106604525 0
    endloop
  endfacet
  facet normal 0 0 -1
    outer loop
      vertex -22.05551362713291 -1.7 0
      vertex -22.041672167815104 -6.3441545092565494 0
      vertex -22.214883049417427 -1.9501598835935565 0
    endloop
  endfacet
  facet normal 0 0 -1
    outer loop
      vertex -22.214883049417427 -1.9501598835935565 0
      vertex -22.041672167815104 -6.3441545092565494 0
      vertex -22.395448893395475 -2.1854778729342335 0
    endloop
  endfacet
  facet normal 0 0 -1
    outer loop
      vertex -21.6 0 0
      vertex -21.5 -6.06217782649107 0
      vertex -21.612938026488067 -0.29632952534203777 0
    endloop
  endfacet
  facet normal 0 0 -1
    outer loop
      vertex -21.612938026488067 -0.29632952534203777 0
      vertex -21.5 -6.06217782649107 0
      vertex -21.651653639758493 -0.5904038040675631 0
    endloop
  endfacet
  facet normal 0 0 -1
    outer loop
      vertex -20.98496494554268 5.7340643100229425 0
      vertex -20.98496494554268 -5.7340643100229425 0
      vertex -21.5 -6.06217782649107 0
    endloop
  endfacet
  facet normal 0 0 -1
    outer loop
      vertex -21.651653639758493 -0.5904038040675631 0
      vertex -21.5 -6.06217782649107 0
      vertex -21.715852190617166 -0.8799847533485705 0
    endloop
  endfacet
  facet normal 0 0 -1
    outer loop
      vertex -21.805045089327912 -1.1628684873072737 0
      vertex -21.715852190617166 -0.8799847533485705 0
      vertex -21.5 -6.06217782649107 0
    endloop
  endfacet
  facet normal 0 0 -1
    outer loop
      vertex -21.805045089327912 -1.1628684873072737 0
      vertex -22.041672167815104 -6.3441545092565494 0
      vertex -21.918553524075392 -1.436902089918378 0
    endloop
  endfacet
  facet normal 0 0 -1
    outer loop
      vertex -20.500486732194226 0.4869701167414622 0
      vertex -20.500486732194226 -4.4606867245601505 0
      vertex -20.98496494554268 -5.7340643100229425 0
    endloop
  endfacet
  facet normal 0 0 1
    outer loop
      vertex -26.474473679720184 -1.032437585431883 8
      vertex -26.811733315717646 -6.761480784023478 8
      vertex -26.215537243668514 -6.893654271085456 8
    endloop
  endfacet
  facet normal 0 0 1
    outer loop
      vertex -25.9 -1.5588457268119895 8
      vertex -26.215537243668514 -6.893654271085456 8
      vertex -25.610090199233607 -6.973362886642219 8
    endloop
  endfacet
  facet normal 0 0 1
    outer loop
      vertex -25.312566719800476 -1.7726539554219745 8
      vertex -25.610090199233607 -6.973362886642219 8
      vertex -25 -7 8
    endloop
  endfacet
  facet normal 0 0 1
    outer loop
      vertex -25 -1.8 8
      vertex -25 -7 8
      vertex -24.389909800766393 -6.973362886642219 8
    endloop
  endfacet
  facet normal 0 0 1
    outer loop
      vertex -24.534125718815464 -1.738666487320323 8
      vertex -24.389909800766393 -6.973362886642219 8
      vertex -23.784462756331486 -6.893654271085456 8
    endloop
  endfacet
  facet normal 0 0 1
    outer loop
      vertex -23.84298230256423 -1.3788799976141604 8
      vertex -23.784462756331486 -6.893654271085456 8
      vertex -23.188266684282354 -6.761480784023478 8
    endloop
  endfacet
  facet normal -0.793353340291232 -0.6087614290087248 1.6545656187087818e-18
    outer loop
      vertex -30.734064310022944 -4.015035054457322 8
      vertex -30.362311101832844 -4.499513267805774 0
      vertex -30.362311101832844 -4.499513267805774 8
    endloop
  endfacet
  facet normal -0.737277336810127 -0.675590207615657 -1.1110324579031885e-18
    outer loop
      vertex -30.362311101832844 -4.499513267805774 8
      vertex -29.949747468305834 -4.949747468305833 0
      vertex -29.949747468305834 -4.949747468305833 8
    endloop
  endfacet
  facet normal -0.6755902076156587 -0.7372773368101254 0
    outer loop
      vertex -29.949747468305834 -4.949747468305833 8
      vertex -29.949747468305834 -4.949747468305833 0
      vertex -29.499513267805774 -5.362311101832846 8
    endloop
  endfacet
  facet normal -0.6087614290087204 -0.7933533402912353 0
    outer loop
      vertex -29.499513267805774 -5.362311101832846 8
      vertex -29.499513267805774 -5.362311101832846 0
      vertex -29.01503505445732 -5.7340643100229425 8
    endloop
  endfacet
  facet normal -0.5372996083468247 -0.8433914458128852 0
    outer loop
      vertex -29.01503505445732 -5.7340643100229425 8
      vertex -29.01503505445732 -5.7340643100229425 0
      vertex -28.5 -6.06217782649107 8
    endloop
  endfacet
  facet normal -0.4617486132350336 -0.8870108331782219 0
    outer loop
      vertex -28.5 -6.06217782649107 8
      vertex -28.5 -6.06217782649107 0
      vertex -27.958327832184896 -6.3441545092565494 8
    endloop
  endfacet
  facet normal -0.38268343236509045 -0.9238795325112864 0
    outer loop
      vertex -27.958327832184896 -6.3441545092565494 8
      vertex -27.958327832184896 -6.3441545092565494 0
      vertex -27.39414100327968 -6.5778483455013586 8
    endloop
  endfacet
  facet normal -0.3007057995042731 -0.9537169507482268 0
    outer loop
      vertex -27.39414100327968 -6.5778483455013586 8
      vertex -27.39414100327968 -6.5778483455013586 0
      vertex -26.811733315717646 -6.761480784023478 8
    endloop
  endfacet
  facet normal -0.21643961393810285 -0.9762960071199334 0
    outer loop
      vertex -26.811733315717646 -6.761480784023478 8
      vertex -26.811733315717646 -6.761480784023478 0
      vertex -26.215537243668514 -6.893654271085456 8
    endloop
  endfacet
  facet normal -0.1305261922200523 -0.9914448613738103 0
    outer loop
      vertex -26.215537243668514 -6.893654271085456 8
      vertex -26.215537243668514 -6.893654271085456 0
      vertex -25.610090199233607 -6.973362886642219 8
    endloop
  endfacet
  facet normal -0.04361938736533551 -0.9990482215818579 0
    outer loop
      vertex -25.610090199233607 -6.973362886642219 8
      vertex -25.610090199233607 -6.973362886642219 0
      vertex -25 -7 8
    endloop
  endfacet
  facet normal 0.04361938736533551 -0.9990482215818579 0
    outer loop
      vertex -25 -7 8
      vertex -25 -7 0
      vertex -24.389909800766393 -6.973362886642219 8
    endloop
  endfacet
  facet normal 0.1305261922200523 -0.9914448613738103 0
    outer loop
      vertex -24.389909800766393 -6.973362886642219 8
      vertex -24.389909800766393 -6.973362886642219 0
      vertex -23.784462756331486 -6.893654271085456 8
    endloop
  endfacet
  facet normal -0.793353340291232 -0.6087614290087248 0
    outer loop
      vertex -30.734064310022944 -4.015035054457322 8
      vertex -30.734064310022944 -4.015035054457322 0
      vertex -30.362311101832844 -4.499513267805774 0
    endloop
  endfacet
  facet normal -0.737277336810127 -0.675590207615657 0
    outer loop
      vertex -30.362311101832844 -4.499513267805774 8
      vertex -30.362311101832844 -4.499513267805774 0
      vertex -29.949747468305834 -4.949747468305833 0
    endloop
  endfacet
  facet normal -0.6755902076156587 -0.7372773368101254 0
    outer loop
      vertex -29.499513267805774 -5.362311101832846 8
      vertex -29.949747468305834 -4.949747468305833 0
      vertex -29.499513267805774 -5.362311101832846 0
    endloop
  endfacet
  facet normal -0.6087614290087204 -0.7933533402912353 0
    outer loop
      vertex -29.01503505445732 -5.7340643100229425 8
      vertex -29.499513267805774 -5.362311101832846 0
      vertex -29.01503505445732 -5.7340643100229425 0
    endloop
  endfacet
  facet normal -0.5372996083468247 -0.8433914458128852 0
    outer loop
      vertex -28.5 -6.06217782649107 8
      vertex -29.01503505445732 -5.7340643100229425 0
      vertex -28.5 -6.06217782649107 0
    endloop
  endfacet
  facet normal -0.4617486132350336 -0.8870108331782219 0
    outer loop
      vertex -27.958327832184896 -6.3441545092565494 8
      vertex -28.5 -6.06217782649107 0
      vertex -27.958327832184896 -6.3441545092565494 0
    endloop
  endfacet
  facet normal 0 0 -1
    outer loop
      vertex -27.94448637286709 -1.7 0
      vertex -27.958327832184896 -6.3441545092565494 0
      vertex -28.5 -6.06217782649107 0
    endloop
  endfacet
  facet normal -0.38268343236509045 -0.9238795325112864 0
    outer loop
      vertex -27.39414100327968 -6.5778483455013586 8
      vertex -27.958327832184896 -6.3441545092565494 0
      vertex -27.39414100327968 -6.5778483455013586 0
    endloop
  endfacet
  facet normal -0.3007057995042731 -0.9537169507482268 0
    outer loop
      vertex -26.811733315717646 -6.761480784023478 8
      vertex -27.39414100327968 -6.5778483455013586 0
      vertex -26.811733315717646 -6.761480784023478 0
    endloop
  endfacet
  facet normal -0.21643961393810285 -0.9762960071199334 0
    outer loop
      vertex -26.215537243668514 -6.893654271085456 8
      vertex -26.811733315717646 -6.761480784023478 0
      vertex -26.215537243668514 -6.893654271085456 0
    endloop
  endfacet
  facet normal -0.1305261922200523 -0.9914448613738103 0
    outer loop
      vertex -25.610090199233607 -6.973362886642219 8
      vertex -26.215537243668514 -6.893654271085456 0
      vertex -25.610090199233607 -6.973362886642219 0
    endloop
  endfacet
  facet normal -0.04361938736533551 -0.9990482215818579 0
    outer loop
      vertex -25 -7 8
      vertex -25.610090199233607 -6.973362886642219 0
      vertex -25 -7 0
    endloop
  endfacet
  facet normal 0.04361938736533551 -0.9990482215818579 0
    outer loop
      vertex -24.389909800766393 -6.973362886642219 8
      vertex -25 -7 0
      vertex -24.389909800766393 -6.973362886642219 0
    endloop
  endfacet
  facet normal 0 0 -1
    outer loop
      vertex -26.950159883593557 -2.785116950582572 0
      vertex -26.7 -2.9444863728670914 0
      vertex -27.39414100327968 -6.5778483455013586 0
    endloop
  endfacet
  facet normal 0 0 -1
    outer loop
      vertex -27.185477872934232 -2.604551106604525 0
      vertex -27.39414100327968 -6.5778483455013586 0
      vertex -27.958327832184896 -6.3441545092565494 0
    endloop
  endfacet
  facet normal 0 0 -1
    outer loop
      vertex -26.7 -2.9444863728670914 0
      vertex -26.436902089918377 -3.0814464759246096 0
      vertex -26.811733315717646 -6.761480784023478 0
    endloop
  endfacet
  facet normal 0 0 -1
    outer loop
      vertex -26.436902089918377 -3.0814464759246096 0
      vertex -26.162868487307275 -3.1949549106720885 0
      vertex -26.811733315717646 -6.761480784023478 0
    endloop
  endfacet
  facet normal 0 0 -1
    outer loop
      vertex -26.162868487307275 -3.1949549106720885 0
      vertex -25.87998475334857 -3.2841478093828322 0
      vertex -26.215537243668514 -6.893654271085456 0
    endloop
  endfacet
  facet normal 0 0 -1
    outer loop
      vertex -26.7 -2.9444863728670914 0
      vertex -26.811733315717646 -6.761480784023478 0
      vertex -27.39414100327968 -6.5778483455013586 0
    endloop
  endfacet
  facet normal 0 0 -1
    outer loop
      vertex -26.162868487307275 -3.1949549106720885 0
      vertex -26.215537243668514 -6.893654271085456 0
      vertex -26.811733315717646 -6.761480784023478 0
    endloop
  endfacet
  facet normal 0 0 -1
    outer loop
      vertex -25.87998475334857 -3.2841478093828322 0
      vertex -25.590403804067563 -3.348346360241507 0
      vertex -26.215537243668514 -6.893654271085456 0
    endloop
  endfacet
  facet normal 0 0 -1
    outer loop
      vertex -25.590403804067563 -3.348346360241507 0
      vertex -25.29632952534204 -3.3870619735119347 0
      vertex -25.610090199233607 -6.973362886642219 0
    endloop
  endfacet
  facet normal 0 0 -1
    outer loop
      vertex -25.29632952534204 -3.3870619735119347 0
      vertex -25 -3.4 0
      vertex -25 -7 0
    endloop
  endfacet
  facet normal 0 0 -1
    outer loop
      vertex -25 -3.4 0
      vertex -24.70367047465796 -3.3870619735119347 0
      vertex -25 -7 0
    endloop
  endfacet
  facet normal 0 0 -1
    outer loop
      vertex -24.70367047465796 -3.3870619735119347 0
      vertex -24.409596195932437 -3.348346360241507 0
      vertex -24.389909800766393 -6.973362886642219 0
    endloop
  endfacet
  facet normal 0 0 -1
    outer loop
      vertex -24.409596195932437 -3.348346360241507 0
      vertex -24.12001524665143 -3.2841478093828322 0
      vertex -24.389909800766393 -6.973362886642219 0
    endloop
  endfacet
  facet normal 0 0 -1
    outer loop
      vertex -25.590403804067563 -3.348346360241507 0
      vertex -25.610090199233607 -6.973362886642219 0
      vertex -26.215537243668514 -6.893654271085456 0
    endloop
  endfacet
  facet normal 0 0 -1
    outer loop
      vertex -25.29632952534204 -3.3870619735119347 0
      vertex -25 -7 0
      vertex -25.610090199233607 -6.973362886642219 0
    endloop
  endfacet
  facet normal 0 0 -1
    outer loop
      vertex -24.70367047465796 -3.3870619735119347 0
      vertex -24.389909800766393 -6.973362886642219 0
      vertex -25 -7 0
    endloop
  endfacet
  facet normal 0 0 -1
    outer loop
      vertex -24.12001524665143 -3.2841478093828322 0
      vertex -23.784462756331486 -6.893654271085456 0
      vertex -24.389909800766393 -6.973362886642219 0
    endloop
  endfacet
  facet normal 0.21643961393810285 -0.9762960071199334 0
    outer loop
      vertex -23.784462756331486 -6.893654271085456 8
      vertex -23.784462756331486 -6.893654271085456 0
      vertex -23.188266684282354 -6.761480784023478 8
    endloop
  endfacet
  facet normal 0.3007057995042731 -0.9537169507482268 0
    outer loop
      vertex -23.188266684282354 -6.761480784023478 8
      vertex -23.188266684282354 -6.761480784023478 0
      vertex -22.60585899672032 -6.5778483455013586 8
    endloop
  endfacet
  facet normal 0.38268343236509045 -0.9238795325112864 0
    outer loop
      vertex -22.60585899672032 -6.5778483455013586 8
      vertex -22.60585899672032 -6.5778483455013586 0
      vertex -22.041672167815104 -6.3441545092565494 8
    endloop
  endfacet
  facet normal 0.675590207615659 -0.7372773368101252 6.210746359793766e-21
    outer loop
      vertex -20.500486732194226 -5.362311101832846 8
      vertex -20.334351153532268 -5.210075891991471 0
      vertex -20.334351153532268 -5.210075891991471 8
    endloop
  endfacet
  facet normal 0.4617486132350336 -0.8870108331782219 0
    outer loop
      vertex -22.041672167815104 -6.3441545092565494 8
      vertex -22.041672167815104 -6.3441545092565494 0
      vertex -21.5 -6.06217782649107 8
    endloop
  endfacet
  facet normal 0.5372996083468247 -0.8433914458128852 0
    outer loop
      vertex -21.5 -6.06217782649107 8
      vertex -21.5 -6.06217782649107 0
      vertex -20.98496494554268 -5.7340643100229425 8
    endloop
  endfacet
  facet normal 0.6087614290087204 -0.7933533402912353 -2.3199025271228747e-18
    outer loop
      vertex -20.500486732194226 -5.362311101832846 8
      vertex -20.98496494554268 -5.7340643100229425 8
      vertex -20.98496494554268 -5.7340643100229425 0
    endloop
  endfacet
  facet normal 0.1305261922200523 -0.9914448613738103 0
    outer loop
      vertex -23.784462756331486 -6.893654271085456 8
      vertex -24.389909800766393 -6.973362886642219 0
      vertex -23.784462756331486 -6.893654271085456 0
    endloop
  endfacet
  facet normal 0.21643961393810285 -0.9762960071199334 0
    outer loop
      vertex -23.188266684282354 -6.761480784023478 8
      vertex -23.784462756331486 -6.893654271085456 0
      vertex -23.188266684282354 -6.761480784023478 0
    endloop
  endfacet
  facet normal 0.3007057995042731 -0.9537169507482268 0
    outer loop
      vertex -22.60585899672032 -6.5778483455013586 8
      vertex -23.188266684282354 -6.761480784023478 0
      vertex -22.60585899672032 -6.5778483455013586 0
    endloop
  endfacet
  facet normal 0.38268343236509045 -0.9238795325112864 0
    outer loop
      vertex -22.041672167815104 -6.3441545092565494 8
      vertex -22.60585899672032 -6.5778483455013586 0
      vertex -22.041672167815104 -6.3441545092565494 0
    endloop
  endfacet
  facet normal 0.6087614290087204 -0.7933533402912353 0
    outer loop
      vertex -20.500486732194226 -5.362311101832846 8
      vertex -20.98496494554268 -5.7340643100229425 0
      vertex -20.500486732194226 -5.362311101832846 0
    endloop
  endfacet
  facet normal 0.675590207615659 -0.7372773368101252 0
    outer loop
      vertex -20.500486732194226 -5.362311101832846 8
      vertex -20.500486732194226 -5.362311101832846 0
      vertex -20.334351153532268 -5.210075891991471 0
    endloop
  endfacet
  facet normal 0.4617486132350336 -0.8870108331782219 0
    outer loop
      vertex -21.5 -6.06217782649107 8
      vertex -22.041672167815104 -6.3441545092565494 0
      vertex -21.5 -6.06217782649107 0
    endloop
  endfacet
  facet normal 0.5372996083468247 -0.8433914458128852 0
    outer loop
      vertex -20.98496494554268 -5.7340643100229425 8
      vertex -21.5 -6.06217782649107 0
      vertex -20.98496494554268 -5.7340643100229425 0
    endloop
  endfacet
  facet normal 0 0 -1
    outer loop
      vertex -23.837131512692725 -3.1949549106720885 0
      vertex -23.563097910081623 -3.0814464759246096 0
      vertex -23.784462756331486 -6.893654271085456 0
    endloop
  endfacet
  facet normal 0 0 -1
    outer loop
      vertex -24.12001524665143 -3.2841478093828322 0
      vertex -23.837131512692725 -3.1949549106720885 0
      vertex -23.784462756331486 -6.893654271085456 0
    endloop
  endfacet
  facet normal 0 0 -1
    outer loop
      vertex -23.563097910081623 -3.0814464759246096 0
      vertex -23.3 -2.9444863728670914 0
      vertex -23.188266684282354 -6.761480784023478 0
    endloop
  endfacet
  facet normal 0 0 -1
    outer loop
      vertex -23.049840116406443 -2.785116950582572 0
      vertex -23.188266684282354 -6.761480784023478 0
      vertex -23.3 -2.9444863728670914 0
    endloop
  endfacet
  facet normal 0 0 -1
    outer loop
      vertex -23.049840116406443 -2.785116950582572 0
      vertex -22.814522127065768 -2.604551106604525 0
      vertex -23.188266684282354 -6.761480784023478 0
    endloop
  endfacet
  facet normal 0 0 -1
    outer loop
      vertex -22.814522127065768 -2.604551106604525 0
      vertex -22.60585899672032 -6.5778483455013586 0
      vertex -23.188266684282354 -6.761480784023478 0
    endloop
  endfacet
  facet normal 0 0 -1
    outer loop
      vertex -22.395448893395475 -2.1854778729342335 0
      vertex -22.041672167815104 -6.3441545092565494 0
      vertex -22.60585899672032 -6.5778483455013586 0
    endloop
  endfacet
  facet normal 0 0 -1
    outer loop
      vertex -23.563097910081623 -3.0814464759246096 0
      vertex -23.188266684282354 -6.761480784023478 0
      vertex -23.784462756331486 -6.893654271085456 0
    endloop
  endfacet
  facet normal 0 0 -1
    outer loop
      vertex -21.805045089327912 -1.1628684873072737 0
      vertex -21.5 -6.06217782649107 0
      vertex -22.041672167815104 -6.3441545092565494 0
    endloop
  endfacet
  facet normal 0 0 -1
    outer loop
      vertex -20.500486732194226 -4.4606867245601505 0
      vertex -20.500486732194226 -5.362311101832846 0
      vertex -20.98496494554268 -5.7340643100229425 0
    endloop
  endfacet
  facet normal 0 0 -1
    outer loop
      vertex -20.500486732194226 -4.4606867245601505 0
      vertex -20.334351153532268 -5.210075891991471 0
      vertex -20.500486732194226 -5.362311101832846 0
    endloop
  endfacet
  facet normal 0 0 1
    outer loop
      vertex 19.733545036504076 4.604121886452528 8
      vertex 19.733545036504076 2.304046748958955 8
      vertex 19.840996304129575 4.721384368262905 8
    endloop
  endfacet
  facet normal 0 0 1
    outer loop
      vertex 19.24601846536146 3.9837712742420117 8
      vertex 19.03246352776965 3.64855716878192 8
      vertex 19.265935689977056 3.5275918312709598 8
    endloop
  endfacet
  facet normal 0 0 1
    outer loop
      vertex 19.03246352776965 3.64855716878192 8
      vertex 19.03246352776965 1.33235661082644 8
      vertex 19.265935689977056 3.5275918312709598 8
    endloop
  endfacet
  facet normal 0 0 1
    outer loop
      vertex 19.840996304129575 4.721384368262905 8
      vertex 19.733545036504076 2.304046748958955 8
      vertex 20.050252531694166 -0.07137120742567404 8
    endloop
  endfacet
  facet normal 0 0 1
    outer loop
      vertex 20.334351153532268 5.210075891991471 8
      vertex 20.284442352070435 -0.4140812714214235 8
      vertex 20.500486732194226 5.362311101832846 8
    endloop
  endfacet
  facet normal 0 0 1
    outer loop
      vertex 20.334351153532268 5.210075891991471 8
      vertex 20.284442352070435 5.164342901354148 8
      vertex 20.284442352070435 -0.4140812714214235 8
    endloop
  endfacet
  facet normal 0 0 1
    outer loop
      vertex 23.188266684282354 6.761480784023478 8
      vertex 23.84298230256423 1.3788799976141604 8
      vertex 23.784462756331486 6.893654271085456 8
    endloop
  endfacet
  facet normal 0 0 1
    outer loop
      vertex 23.188266684282354 6.761480784023478 8
      vertex 23.727207793864213 1.2727922061357857 8
      vertex 23.84298230256423 1.3788799976141604 8
    endloop
  endfacet
  facet normal 0 0 1
    outer loop
      vertex 23.188266684282354 6.761480784023478 8
      vertex 23.62112000238584 1.1570176974357707 8
      vertex 23.727207793864213 1.2727922061357857 8
    endloop
  endfacet
  facet normal 0 0 1
    outer loop
      vertex 23.784462756331486 6.893654271085456 8
      vertex 23.84298230256423 1.3788799976141604 8
      vertex 23.967562414568118 1.4744736797201852 8
    endloop
  endfacet
  facet normal 0 0 1
    outer loop
      vertex 23.784462756331486 6.893654271085456 8
      vertex 23.967562414568118 1.4744736797201852 8
      vertex 24.1 1.5588457268119895 8
    endloop
  endfacet
  facet normal 0 0 1
    outer loop
      vertex 23.188266684282354 6.761480784023478 8
      vertex 23.525526320279816 1.032437585431883 8
      vertex 23.62112000238584 1.1570176974357707 8
    endloop
  endfacet
  facet normal 0 0 1
    outer loop
      vertex 23.188266684282354 6.761480784023478 8
      vertex 23.441154273188012 0.9 8
      vertex 23.525526320279816 1.032437585431883 8
    endloop
  endfacet
  facet normal 0 0 1
    outer loop
      vertex 23.188266684282354 6.761480784023478 8
      vertex 23.36864598333403 0.760712871133259 8
      vertex 23.441154273188012 0.9 8
    endloop
  endfacet
  facet normal 0 0 1
    outer loop
      vertex 23.188266684282354 6.761480784023478 8
      vertex 23.308553282585365 0.6156362579862037 8
      vertex 23.36864598333403 0.760712871133259 8
    endloop
  endfacet
  facet normal 0 0 1
    outer loop
      vertex 23.188266684282354 6.761480784023478 8
      vertex 23.227346044578027 0.3125667198004746 8
      vertex 23.261333512679677 0.46587428118453733 8
    endloop
  endfacet
  facet normal 0 0 1
    outer loop
      vertex 23.188266684282354 6.761480784023478 8
      vertex 23.206849543434856 0.1568803369457847 8
      vertex 23.227346044578027 0.3125667198004746 8
    endloop
  endfacet
  facet normal 0 0 1
    outer loop
      vertex 23.188266684282354 6.761480784023478 8
      vertex 23.2 0 8
      vertex 23.206849543434856 0.1568803369457847 8
    endloop
  endfacet
  facet normal 0 0 1
    outer loop
      vertex 23.188266684282354 6.761480784023478 8
      vertex 23.261333512679677 0.46587428118453733 8
      vertex 23.308553282585365 0.6156362579862037 8
    endloop
  endfacet
  facet normal 0 0 1
    outer loop
      vertex 20.98496494554268 5.7340643100229425 8
      vertex 20.500486732194226 5.362311101832846 8
      vertex 20.98496494554268 -5.7340643100229425 8
    endloop
  endfacet
  facet normal 0 0 1
    outer loop
      vertex 20.98496494554268 5.7340643100229425 8
      vertex 21.5 -6.06217782649107 8
      vertex 21.5 6.06217782649107 8
    endloop
  endfacet
  facet normal 0 0 1
    outer loop
      vertex 21.5 6.06217782649107 8
      vertex 22.041672167815104 -6.3441545092565494 8
      vertex 22.041672167815104 6.3441545092565494 8
    endloop
  endfacet
  facet normal 0 0 1
    outer loop
      vertex 20.500486732194226 5.362311101832846 8
      vertex 20.284442352070435 -0.4140812714214235 8
      vertex 20.500486732194226 -5.362311101832846 8
    endloop
  endfacet
  facet normal 0 0 1
    outer loop
      vertex 22.041672167815104 6.3441545092565494 8
      vertex 22.60585899672032 -6.5778483455013586 8
      vertex 22.60585899672032 6.5778483455013586 8
    endloop
  endfacet
  facet normal 0 0 1
    outer loop
      vertex 22.60585899672032 6.5778483455013586 8
      vertex 23.188266684282354 -6.761480784023478 8
      vertex 23.188266684282354 6.761480784023478 8
    endloop
  endfacet
  facet normal 0 0 1
    outer loop
      vertex 23.188266684282354 6.761480784023478 8
      vertex 23.188266684282354 -6.761480784023478 8
      vertex 23.2 0 8
    endloop
  endfacet
  facet normal 0 0 1
    outer loop
      vertex 20.050252531694166 -0.07137120742567404 8
      vertex 20.2721236321513 -5.153054874268254 8
      vertex 20.284442352070435 -0.4140812714214235 8
    endloop
  endfacet
  facet normal 0 0 1
    outer loop
      vertex 20.500486732194226 5.362311101832846 8
      vertex 20.500486732194226 -5.362311101832846 8
      vertex 20.98496494554268 -5.7340643100229425 8
    endloop
  endfacet
  facet normal 0 0 1
    outer loop
      vertex 20.98496494554268 5.7340643100229425 8
      vertex 20.98496494554268 -5.7340643100229425 8
      vertex 21.5 -6.06217782649107 8
    endloop
  endfacet
  facet normal 0 0 1
    outer loop
      vertex 21.5 6.06217782649107 8
      vertex 21.5 -6.06217782649107 8
      vertex 22.041672167815104 -6.3441545092565494 8
    endloop
  endfacet
  facet normal 0 0 1
    outer loop
      vertex 20.284442352070435 -0.4140812714214235 8
      vertex 20.334351153532268 -5.210075891991471 8
      vertex 20.500486732194226 -5.362311101832846 8
    endloop
  endfacet
  facet normal 0 0 1
    outer loop
      vertex 22.041672167815104 6.3441545092565494 8
      vertex 22.041672167815104 -6.3441545092565494 8
      vertex 22.60585899672032 -6.5778483455013586 8
    endloop
  endfacet
  facet normal 0 0 1
    outer loop
      vertex 22.60585899672032 6.5778483455013586 8
      vertex 22.60585899672032 -6.5778483455013586 8
      vertex 23.188266684282354 -6.761480784023478 8
    endloop
  endfacet
  facet normal 0 0 1
    outer loop
      vertex 23.2 0 8
      vertex 23.188266684282354 -6.761480784023478 8
      vertex 23.206849543434856 -0.1568803369457847 8
    endloop
  endfacet
  facet normal 0 0 1
    outer loop
      vertex 23.206849543434856 -0.1568803369457847 8
      vertex 23.188266684282354 -6.761480784023478 8
      vertex 23.227346044578027 -0.3125667198004746 8
    endloop
  endfacet
  facet normal 0 0 1
    outer loop
      vertex 23.227346044578027 -0.3125667198004746 8
      vertex 23.188266684282354 -6.761480784023478 8
      vertex 23.261333512679677 -0.46587428118453733 8
    endloop
  endfacet
  facet normal 0 0 1
    outer loop
      vertex 23.261333512679677 -0.46587428118453733 8
      vertex 23.188266684282354 -6.761480784023478 8
      vertex 23.308553282585365 -0.6156362579862037 8
    endloop
  endfacet
  facet normal 0 0 1
    outer loop
      vertex 23.308553282585365 -0.6156362579862037 8
      vertex 23.188266684282354 -6.761480784023478 8
      vertex 23.36864598333403 -0.760712871133259 8
    endloop
  endfacet
  facet normal 0 0 1
    outer loop
      vertex 23.36864598333403 -0.760712871133259 8
      vertex 23.188266684282354 -6.761480784023478 8
      vertex 23.441154273188012 -0.9 8
    endloop
  endfacet
  facet normal 0 0 1
    outer loop
      vertex 23.441154273188012 -0.9 8
      vertex 23.188266684282354 -6.761480784023478 8
      vertex 23.525526320279816 -1.032437585431883 8
    endloop
  endfacet
  facet normal 0 0 1
    outer loop
      vertex 23.525526320279816 -1.032437585431883 8
      vertex 23.784462756331486 -6.893654271085456 8
      vertex 23.62112000238584 -1.1570176974357707 8
    endloop
  endfacet
  facet normal 0 0 1
    outer loop
      vertex 23.62112000238584 -1.1570176974357707 8
      vertex 23.784462756331486 -6.893654271085456 8
      vertex 23.727207793864213 -1.2727922061357857 8
    endloop
  endfacet
  facet normal 0 0 1
    outer loop
      vertex 23.727207793864213 -1.2727922061357857 8
      vertex 23.784462756331486 -6.893654271085456 8
      vertex 23.84298230256423 -1.3788799976141604 8
    endloop
  endfacet
  facet normal 0 0 1
    outer loop
      vertex 23.84298230256423 -1.3788799976141604 8
      vertex 23.784462756331486 -6.893654271085456 8
      vertex 23.967562414568118 -1.4744736797201852 8
    endloop
  endfacet
  facet normal 0 0 1
    outer loop
      vertex 23.967562414568118 -1.4744736797201852 8
      vertex 23.784462756331486 -6.893654271085456 8
      vertex 24.1 -1.5588457268119895 8
    endloop
  endfacet
  facet normal 0 0 1
    outer loop
      vertex 23.784462756331486 6.893654271085456 8
      vertex 24.534125718815464 1.738666487320323 8
      vertex 24.389909800766393 6.973362886642219 8
    endloop
  endfacet
  facet normal 0 0 1
    outer loop
      vertex 24.389909800766393 6.973362886642219 8
      vertex 25 1.8 8
      vertex 25 7 8
    endloop
  endfacet
  facet normal 0 0 1
    outer loop
      vertex 25 7 8
      vertex 25.312566719800476 1.7726539554219745 8
      vertex 25.610090199233607 6.973362886642219 8
    endloop
  endfacet
  facet normal 0 0 1
    outer loop
      vertex 25.610090199233607 6.973362886642219 8
      vertex 25.9 1.5588457268119895 8
      vertex 26.215537243668514 6.893654271085456 8
    endloop
  endfacet
  facet normal 0 0 1
    outer loop
      vertex 23.784462756331486 6.893654271085456 8
      vertex 24.384363742013797 1.6914467174146353 8
      vertex 24.534125718815464 1.738666487320323 8
    endloop
  endfacet
  facet normal 0 0 1
    outer loop
      vertex 23.784462756331486 6.893654271085456 8
      vertex 24.1 1.5588457268119895 8
      vertex 24.239287128866742 1.63135401666597 8
    endloop
  endfacet
  facet normal 0 0 1
    outer loop
      vertex 23.784462756331486 6.893654271085456 8
      vertex 24.239287128866742 1.63135401666597 8
      vertex 24.384363742013797 1.6914467174146353 8
    endloop
  endfacet
  facet normal 0 0 1
    outer loop
      vertex 24.389909800766393 6.973362886642219 8
      vertex 24.534125718815464 1.738666487320323 8
      vertex 24.687433280199524 1.7726539554219745 8
    endloop
  endfacet
  facet normal 0 0 1
    outer loop
      vertex 24.389909800766393 6.973362886642219 8
      vertex 24.843119663054214 1.793150456565142 8
      vertex 25 1.8 8
    endloop
  endfacet
  facet normal 0 0 1
    outer loop
      vertex 24.389909800766393 6.973362886642219 8
      vertex 24.687433280199524 1.7726539554219745 8
      vertex 24.843119663054214 1.793150456565142 8
    endloop
  endfacet
  facet normal 0 0 1
    outer loop
      vertex 25 7 8
      vertex 25 1.8 8
      vertex 25.156880336945786 1.793150456565142 8
    endloop
  endfacet
  facet normal 0 0 1
    outer loop
      vertex 25 7 8
      vertex 25.156880336945786 1.793150456565142 8
      vertex 25.312566719800476 1.7726539554219745 8
    endloop
  endfacet
  facet normal 0 0 1
    outer loop
      vertex 25.610090199233607 6.973362886642219 8
      vertex 25.312566719800476 1.7726539554219745 8
      vertex 25.465874281184536 1.738666487320323 8
    endloop
  endfacet
  facet normal 0 0 1
    outer loop
      vertex 25.610090199233607 6.973362886642219 8
      vertex 25.465874281184536 1.738666487320323 8
      vertex 25.615636257986203 1.6914467174146353 8
    endloop
  endfacet
  facet normal 0 0 1
    outer loop
      vertex 25.610090199233607 6.973362886642219 8
      vertex 25.615636257986203 1.6914467174146353 8
      vertex 25.760712871133258 1.63135401666597 8
    endloop
  endfacet
  facet normal 0 0 1
    outer loop
      vertex 25.610090199233607 6.973362886642219 8
      vertex 25.760712871133258 1.63135401666597 8
      vertex 25.9 1.5588457268119895 8
    endloop
  endfacet
  facet normal 0 0 1
    outer loop
      vertex 26.215537243668514 6.893654271085456 8
      vertex 26.474473679720184 1.032437585431883 8
      vertex 26.811733315717646 6.761480784023478 8
    endloop
  endfacet
  facet normal 0 0 1
    outer loop
      vertex 26.215537243668514 6.893654271085456 8
      vertex 25.9 1.5588457268119895 8
      vertex 26.032437585431882 1.4744736797201852 8
    endloop
  endfacet
  facet normal 0 0 1
    outer loop
      vertex 26.215537243668514 6.893654271085456 8
      vertex 26.032437585431882 1.4744736797201852 8
      vertex 26.15701769743577 1.3788799976141604 8
    endloop
  endfacet
  facet normal 0 0 1
    outer loop
      vertex 26.215537243668514 6.893654271085456 8
      vertex 26.15701769743577 1.3788799976141604 8
      vertex 26.272792206135787 1.2727922061357857 8
    endloop
  endfacet
  facet normal 0 0 1
    outer loop
      vertex 26.215537243668514 6.893654271085456 8
      vertex 26.272792206135787 1.2727922061357857 8
      vertex 26.37887999761416 1.1570176974357707 8
    endloop
  endfacet
  facet normal 0 0 1
    outer loop
      vertex 26.215537243668514 6.893654271085456 8
      vertex 26.37887999761416 1.1570176974357707 8
      vertex 26.474473679720184 1.032437585431883 8
    endloop
  endfacet
  facet normal 0 0 1
    outer loop
      vertex 26.811733315717646 6.761480784023478 8
      vertex 26.474473679720184 1.032437585431883 8
      vertex 26.558845726811988 0.9 8
    endloop
  endfacet
  facet normal 0 0 1
    outer loop
      vertex 26.811733315717646 6.761480784023478 8
      vertex 26.558845726811988 0.9 8
      vertex 26.63135401666597 0.760712871133259 8
    endloop
  endfacet
  facet normal 0 0 1
    outer loop
      vertex 26.811733315717646 6.761480784023478 8
      vertex 26.63135401666597 0.760712871133259 8
      vertex 26.691446717414635 0.6156362579862037 8
    endloop
  endfacet
  facet normal 0 0 1
    outer loop
      vertex 26.811733315717646 6.761480784023478 8
      vertex 26.691446717414635 0.6156362579862037 8
      vertex 26.738666487320323 0.46587428118453733 8
    endloop
  endfacet
  facet normal 0 0 1
    outer loop
      vertex 26.811733315717646 6.761480784023478 8
      vertex 26.738666487320323 0.46587428118453733 8
      vertex 26.772653955421973 0.3125667198004746 8
    endloop
  endfacet
  facet normal 0 0 1
    outer loop
      vertex 26.811733315717646 6.761480784023478 8
      vertex 26.772653955421973 0.3125667198004746 8
      vertex 26.793150456565144 0.1568803369457847 8
    endloop
  endfacet
  facet normal 0 0 1
    outer loop
      vertex 26.811733315717646 6.761480784023478 8
      vertex 26.793150456565144 0.1568803369457847 8
      vertex 26.8 0 8
    endloop
  endfacet
  facet normal 0 0 1
    outer loop
      vertex 26.811733315717646 6.761480784023478 8
      vertex 27.39414100327968 -6.5778483455013586 8
      vertex 27.39414100327968 6.5778483455013586 8
    endloop
  endfacet
  facet normal 0 0 1
    outer loop
      vertex 27.39414100327968 6.5778483455013586 8
      vertex 27.958327832184896 -6.3441545092565494 8
      vertex 27.958327832184896 6.3441545092565494 8
    endloop
  endfacet
  facet normal 0 0 1
    outer loop
      vertex 26.811733315717646 6.761480784023478 8
      vertex 26.8 0 8
      vertex 26.811733315717646 -6.761480784023478 8
    endloop
  endfacet
  facet normal 0 0 1
    outer loop
      vertex 24.1 -1.5588457268119895 8
      vertex 24.389909800766393 -6.973362886642219 8
      vertex 24.239287128866742 -1.63135401666597 8
    endloop
  endfacet
  facet normal 0 0 1
    outer loop
      vertex 24.239287128866742 -1.63135401666597 8
      vertex 24.389909800766393 -6.973362886642219 8
      vertex 24.384363742013797 -1.6914467174146353 8
    endloop
  endfacet
  facet normal 0 0 1
    outer loop
      vertex 24.384363742013797 -1.6914467174146353 8
      vertex 24.389909800766393 -6.973362886642219 8
      vertex 24.534125718815464 -1.738666487320323 8
    endloop
  endfacet
  facet normal 0 0 1
    outer loop
      vertex 24.534125718815464 -1.738666487320323 8
      vertex 24.389909800766393 -6.973362886642219 8
      vertex 24.687433280199524 -1.7726539554219745 8
    endloop
  endfacet
  facet normal 0 0 1
    outer loop
      vertex 24.687433280199524 -1.7726539554219745 8
      vertex 25 -7 8
      vertex 24.843119663054214 -1.793150456565142 8
    endloop
  endfacet
  facet normal 0 0 1
    outer loop
      vertex 24.843119663054214 -1.793150456565142 8
      vertex 25 -7 8
      vertex 25 -1.8 8
    endloop
  endfacet
  facet normal 0 0 1
    outer loop
      vertex 25 -1.8 8
      vertex 25.610090199233607 -6.973362886642219 8
      vertex 25.156880336945786 -1.793150456565142 8
    endloop
  endfacet
  facet normal 0 0 1
    outer loop
      vertex 25.156880336945786 -1.793150456565142 8
      vertex 25.610090199233607 -6.973362886642219 8
      vertex 25.312566719800476 -1.7726539554219745 8
    endloop
  endfacet
  facet normal 0 0 1
    outer loop
      vertex 25.312566719800476 -1.7726539554219745 8
      vertex 25.610090199233607 -6.973362886642219 8
      vertex 25.465874281184536 -1.738666487320323 8
    endloop
  endfacet
  facet normal 0 0 1
    outer loop
      vertex 25.760712871133258 -1.63135401666597 8
      vertex 25.615636257986203 -1.6914467174146353 8
      vertex 26.215537243668514 -6.893654271085456 8
    endloop
  endfacet
  facet normal 0 0 1
    outer loop
      vertex 25.760712871133258 -1.63135401666597 8
      vertex 26.215537243668514 -6.893654271085456 8
      vertex 25.9 -1.5588457268119895 8
    endloop
  endfacet
  facet normal 0 0 1
    outer loop
      vertex 25.465874281184536 -1.738666487320323 8
      vertex 26.215537243668514 -6.893654271085456 8
      vertex 25.615636257986203 -1.6914467174146353 8
    endloop
  endfacet
  facet normal 0 0 1
    outer loop
      vertex 26.8 0 8
      vertex 26.793150456565144 -0.1568803369457847 8
      vertex 26.811733315717646 -6.761480784023478 8
    endloop
  endfacet
  facet normal 0 0 1
    outer loop
      vertex 26.793150456565144 -0.1568803369457847 8
      vertex 26.772653955421973 -0.3125667198004746 8
      vertex 26.811733315717646 -6.761480784023478 8
    endloop
  endfacet
  facet normal 0 0 1
    outer loop
      vertex 26.811733315717646 6.761480784023478 8
      vertex 26.811733315717646 -6.761480784023478 8
      vertex 27.39414100327968 -6.5778483455013586 8
    endloop
  endfacet
  facet normal 0 0 1
    outer loop
      vertex 27.39414100327968 6.5778483455013586 8
      vertex 27.39414100327968 -6.5778483455013586 8
      vertex 27.958327832184896 -6.3441545092565494 8
    endloop
  endfacet
  facet normal 0 0 1
    outer loop
      vertex 26.37887999761416 -1.1570176974357707 8
      vertex 26.272792206135787 -1.2727922061357857 8
      vertex 26.811733315717646 -6.761480784023478 8
    endloop
  endfacet
  facet normal 0 0 1
    outer loop
      vertex 26.15701769743577 -1.3788799976141604 8
      vertex 26.811733315717646 -6.761480784023478 8
      vertex 26.272792206135787 -1.2727922061357857 8
    endloop
  endfacet
  facet normal 0 0 1
    outer loop
      vertex 26.738666487320323 -0.46587428118453733 8
      vertex 26.691446717414635 -0.6156362579862037 8
      vertex 26.811733315717646 -6.761480784023478 8
    endloop
  endfacet
  facet normal 0 0 1
    outer loop
      vertex 26.691446717414635 -0.6156362579862037 8
      vertex 26.63135401666597 -0.760712871133259 8
      vertex 26.811733315717646 -6.761480784023478 8
    endloop
  endfacet
  facet normal 0 0 1
    outer loop
      vertex 26.63135401666597 -0.760712871133259 8
      vertex 26.558845726811988 -0.9 8
      vertex 26.811733315717646 -6.761480784023478 8
    endloop
  endfacet
  facet normal 0 0 1
    outer loop
      vertex 26.738666487320323 -0.46587428118453733 8
      vertex 26.811733315717646 -6.761480784023478 8
      vertex 26.772653955421973 -0.3125667198004746 8
    endloop
  endfacet
  facet normal 0 0 1
    outer loop
      vertex 26.474473679720184 -1.032437585431883 8
      vertex 26.811733315717646 -6.761480784023478 8
      vertex 26.558845726811988 -0.9 8
    endloop
  endfacet
  facet normal 0 0 1
    outer loop
      vertex 26.474473679720184 -1.032437585431883 8
      vertex 26.37887999761416 -1.1570176974357707 8
      vertex 26.811733315717646 -6.761480784023478 8
    endloop
  endfacet
  facet normal 0 0 1
    outer loop
      vertex 25.9 -1.5588457268119895 8
      vertex 26.215537243668514 -6.893654271085456 8
      vertex 26.032437585431882 -1.4744736797201852 8
    endloop
  endfacet
  facet normal 0 0 1
    outer loop
      vertex 26.15701769743577 -1.3788799976141604 8
      vertex 26.032437585431882 -1.4744736797201852 8
      vertex 26.215537243668514 -6.893654271085456 8
    endloop
  endfacet
  facet normal 0 0 1
    outer loop
      vertex 27.958327832184896 6.3441545092565494 8
      vertex 28.5 -6.06217782649107 8
      vertex 28.5 6.06217782649107 8
    endloop
  endfacet
  facet normal 0 0 1
    outer loop
      vertex 28.5 6.06217782649107 8
      vertex 29.01503505445732 -5.7340643100229425 8
      vertex 29.01503505445732 5.7340643100229425 8
    endloop
  endfacet
  facet normal 0 0 1
    outer loop
      vertex 29.01503505445732 5.7340643100229425 8
      vertex 29.499513267805774 -5.362311101832846 8
      vertex 29.499513267805774 5.362311101832846 8
    endloop
  endfacet
  facet normal 0 0 1
    outer loop
      vertex 29.499513267805774 5.362311101832846 8
      vertex 29.949747468305834 -4.949747468305833 8
      vertex 29.949747468305834 4.949747468305833 8
    endloop
  endfacet
  facet normal 0 0 1
    outer loop
      vertex 29.949747468305834 4.949747468305833 8
      vertex 30.362311101832844 -4.499513267805774 8
      vertex 30.362311101832844 4.499513267805774 8
    endloop
  endfacet
  facet normal 0 0 1
    outer loop
      vertex 30.362311101832844 4.499513267805774 8
      vertex 30.734064310022944 -4.015035054457322 8
      vertex 30.734064310022944 4.015035054457322 8
    endloop
  endfacet
  facet normal 0 0 1
    outer loop
      vertex 30.734064310022944 4.015035054457322 8
      vertex 31.06217782649107 -3.5 8
      vertex 31.06217782649107 3.5 8
    endloop
  endfacet
  facet normal 0 0 1
    outer loop
      vertex 31.06217782649107 3.5 8
      vertex 31.344154509256548 -2.9583278321848963 8
      vertex 31.344154509256548 2.9583278321848963 8
    endloop
  endfacet
  facet normal 0 0 1
    outer loop
      vertex 31.344154509256548 2.9583278321848963 8
      vertex 31.57784834550136 -2.394141003279681 8
      vertex 31.57784834550136 2.394141003279681 8
    endloop
  endfacet
  facet normal 0 0 1
    outer loop
      vertex 31.57784834550136 2.394141003279681 8
      vertex 31.761480784023476 -1.8117333157176452 8
      vertex 31.761480784023476 1.8117333157176452 8
    endloop
  endfacet
  facet normal 0 0 1
    outer loop
      vertex 31.761480784023476 1.8117333157176452 8
      vertex 31.893654271085456 -1.2155372436685123 8
      vertex 31.893654271085456 1.2155372436685123 8
    endloop
  endfacet
  facet normal 0 0 1
    outer loop
      vertex 31.893654271085456 1.2155372436685123 8
      vertex 31.97336288664222 -0.6100901992336072 8
      vertex 31.97336288664222 0.6100901992336072 8
    endloop
  endfacet
  facet normal 0 0 1
    outer loop
      vertex 31.97336288664222 0.6100901992336072 8
      vertex 31.97336288664222 -0.6100901992336072 8
      vertex 32 0 8
    endloop
  endfacet
  facet normal 0 0 1
    outer loop
      vertex 31.344154509256548 2.9583278321848963 8
      vertex 31.344154509256548 -2.9583278321848963 8
      vertex 31.57784834550136 -2.394141003279681 8
    endloop
  endfacet
  facet normal 0 0 1
    outer loop
      vertex 31.893654271085456 1.2155372436685123 8
      vertex 31.893654271085456 -1.2155372436685123 8
      vertex 31.97336288664222 -0.6100901992336072 8
    endloop
  endfacet
  facet normal 0 0 1
    outer loop
      vertex 31.761480784023476 1.8117333157176452 8
      vertex 31.761480784023476 -1.8117333157176452 8
      vertex 31.893654271085456 -1.2155372436685123 8
    endloop
  endfacet
  facet normal 0 0 1
    outer loop
      vertex 31.57784834550136 2.394141003279681 8
      vertex 31.57784834550136 -2.394141003279681 8
      vertex 31.761480784023476 -1.8117333157176452 8
    endloop
  endfacet
  facet normal 0 0 1
    outer loop
      vertex 27.958327832184896 6.3441545092565494 8
      vertex 27.958327832184896 -6.3441545092565494 8
      vertex 28.5 -6.06217782649107 8
    endloop
  endfacet
  facet normal 0 0 1
    outer loop
      vertex 28.5 6.06217782649107 8
      vertex 28.5 -6.06217782649107 8
      vertex 29.01503505445732 -5.7340643100229425 8
    endloop
  endfacet
  facet normal 0 0 1
    outer loop
      vertex 29.499513267805774 5.362311101832846 8
      vertex 29.499513267805774 -5.362311101832846 8
      vertex 29.949747468305834 -4.949747468305833 8
    endloop
  endfacet
  facet normal 0 0 1
    outer loop
      vertex 29.01503505445732 5.7340643100229425 8
      vertex 29.01503505445732 -5.7340643100229425 8
      vertex 29.499513267805774 -5.362311101832846 8
    endloop
  endfacet
  facet normal 0 0 1
    outer loop
      vertex 29.949747468305834 4.949747468305833 8
      vertex 29.949747468305834 -4.949747468305833 8
      vertex 30.362311101832844 -4.499513267805774 8
    endloop
  endfacet
  facet normal 0 0 1
    outer loop
      vertex 30.362311101832844 4.499513267805774 8
      vertex 30.362311101832844 -4.499513267805774 8
      vertex 30.734064310022944 -4.015035054457322 8
    endloop
  endfacet
  facet normal 0 0 1
    outer loop
      vertex 30.734064310022944 4.015035054457322 8
      vertex 30.734064310022944 -4.015035054457322 8
      vertex 31.06217782649107 -3.5 8
    endloop
  endfacet
  facet normal 0 0 1
    outer loop
      vertex 31.06217782649107 3.5 8
      vertex 31.06217782649107 -3.5 8
      vertex 31.344154509256548 -2.9583278321848963 8
    endloop
  endfacet
  facet normal -0.6087614290087204 0.7933533402912353 0
    outer loop
      vertex 20.98496494554268 5.7340643100229425 8
      vertex 20.98496494554268 5.7340643100229425 0
      vertex 20.500486732194226 5.362311101832846 8
    endloop
  endfacet
  facet normal -0.4617486132350336 0.8870108331782219 1.371187051568724e-19
    outer loop
      vertex 21.5 6.06217782649107 8
      vertex 22.041672167815104 6.3441545092565494 8
      vertex 22.041672167815104 6.3441545092565494 0
    endloop
  endfacet
  facet normal -0.5372996083468247 0.8433914458128852 2.1856881045223635e-18
    outer loop
      vertex 20.98496494554268 5.7340643100229425 8
      vertex 21.5 6.06217782649107 8
      vertex 21.5 6.06217782649107 0
    endloop
  endfacet
  facet normal -0.38268343236509045 0.9238795325112864 5.363353238997208e-19
    outer loop
      vertex 22.041672167815104 6.3441545092565494 8
      vertex 22.60585899672032 6.5778483455013586 8
      vertex 22.60585899672032 6.5778483455013586 0
    endloop
  endfacet
  facet normal -0.3007057995042731 0.9537169507482268 1.0240404508102023e-18
    outer loop
      vertex 22.60585899672032 6.5778483455013586 8
      vertex 23.188266684282354 6.761480784023478 8
      vertex 23.188266684282354 6.761480784023478 0
    endloop
  endfacet
  facet normal -0.21643961393810285 0.9762960071199334 -1.384527487729166e-18
    outer loop
      vertex 23.188266684282354 6.761480784023478 8
      vertex 23.784462756331486 6.893654271085456 8
      vertex 23.784462756331486 6.893654271085456 0
    endloop
  endfacet
  facet normal -0.675590207615659 0.7372773368101252 0
    outer loop
      vertex 20.334351153532268 5.210075891991471 8
      vertex 20.500486732194226 5.362311101832846 8
      vertex 20.334351153532268 5.210075891991471 0
    endloop
  endfacet
  facet normal -0.6087614290087204 0.7933533402912353 0
    outer loop
      vertex 20.500486732194226 5.362311101832846 8
      vertex 20.98496494554268 5.7340643100229425 0
      vertex 20.500486732194226 5.362311101832846 0
    endloop
  endfacet
  facet normal -0.5372996083468247 0.8433914458128852 0
    outer loop
      vertex 20.98496494554268 5.7340643100229425 8
      vertex 21.5 6.06217782649107 0
      vertex 20.98496494554268 5.7340643100229425 0
    endloop
  endfacet
  facet normal -0.4617486132350336 0.8870108331782219 0
    outer loop
      vertex 21.5 6.06217782649107 8
      vertex 22.041672167815104 6.3441545092565494 0
      vertex 21.5 6.06217782649107 0
    endloop
  endfacet
  facet normal -0.38268343236509045 0.9238795325112864 0
    outer loop
      vertex 22.041672167815104 6.3441545092565494 8
      vertex 22.60585899672032 6.5778483455013586 0
      vertex 22.041672167815104 6.3441545092565494 0
    endloop
  endfacet
  facet normal -0.3007057995042731 0.9537169507482268 0
    outer loop
      vertex 22.60585899672032 6.5778483455013586 8
      vertex 23.188266684282354 6.761480784023478 0
      vertex 22.60585899672032 6.5778483455013586 0
    endloop
  endfacet
  facet normal -0.21643961393810285 0.9762960071199334 0
    outer loop
      vertex 23.188266684282354 6.761480784023478 8
      vertex 23.784462756331486 6.893654271085456 0
      vertex 23.188266684282354 6.761480784023478 0
    endloop
  endfacet
  facet normal -0.1305261922200523 0.9914448613738103 0
    outer loop
      vertex 23.784462756331486 6.893654271085456 8
      vertex 24.389909800766393 6.973362886642219 0
      vertex 23.784462756331486 6.893654271085456 0
    endloop
  endfacet
  facet normal 0 0 -1
    outer loop
      vertex 23.188266684282354 6.761480784023478 0
      vertex 23.784462756331486 6.893654271085456 0
      vertex 23.563097910081623 3.0814464759246096 0
    endloop
  endfacet
  facet normal -0.675590207615659 0.7372773368101252 0
    outer loop
      vertex 20.500486732194226 5.362311101832846 8
      vertex 20.500486732194226 5.362311101832846 0
      vertex 20.334351153532268 5.210075891991471 0
    endloop
  endfacet
  facet normal 0 0 -1
    outer loop
      vertex 20.334351153532268 5.210075891991471 0
      vertex 20.500486732194226 5.362311101832846 0
      vertex 20.467598106442754 4.609037728411069 0
    endloop
  endfacet
  facet normal 0 0 -1
    outer loop
      vertex 21.5 6.06217782649107 0
      vertex 22.041672167815104 6.3441545092565494 0
      vertex 21.805045089327912 1.1628684873072737 0
    endloop
  endfacet
  facet normal 0 0 -1
    outer loop
      vertex 20.467598106442754 4.609037728411069 0
      vertex 20.500486732194226 5.362311101832846 0
      vertex 20.500486732194226 -0.4869701167414622 0
    endloop
  endfacet
  facet normal 0 0 -1
    outer loop
      vertex 20.98496494554268 5.7340643100229425 0
      vertex 20.680962813256368 -1.2287292540858745 0
      vertex 20.500486732194226 5.362311101832846 0
    endloop
  endfacet
  facet normal 0 0 -1
    outer loop
      vertex 21.5 6.06217782649107 0
      vertex 21.805045089327912 1.1628684873072737 0
      vertex 21.715852190617166 0.8799847533485705 0
    endloop
  endfacet
  facet normal 0 0 -1
    outer loop
      vertex 22.041672167815104 6.3441545092565494 0
      vertex 21.918553524075392 1.436902089918378 0
      vertex 21.805045089327912 1.1628684873072737 0
    endloop
  endfacet
  facet normal 0 0 -1
    outer loop
      vertex 21.5 6.06217782649107 0
      vertex 21.715852190617166 0.8799847533485705 0
      vertex 21.651653639758493 0.5904038040675631 0
    endloop
  endfacet
  facet normal 0 0 -1
    outer loop
      vertex 21.5 6.06217782649107 0
      vertex 21.651653639758493 0.5904038040675631 0
      vertex 21.612938026488067 0.29632952534203777 0
    endloop
  endfacet
  facet normal 0 0 -1
    outer loop
      vertex 22.041672167815104 6.3441545092565494 0
      vertex 22.60585899672032 6.5778483455013586 0
      vertex 22.395448893395475 2.1854778729342335 0
    endloop
  endfacet
  facet normal 0 0 -1
    outer loop
      vertex 22.60585899672032 6.5778483455013586 0
      vertex 23.188266684282354 6.761480784023478 0
      vertex 22.814522127065768 2.604551106604525 0
    endloop
  endfacet
  facet normal 0 0 -1
    outer loop
      vertex 22.60585899672032 6.5778483455013586 0
      vertex 22.814522127065768 2.604551106604525 0
      vertex 22.59583694396574 2.4041630560342617 0
    endloop
  endfacet
  facet normal 0 0 -1
    outer loop
      vertex 23.188266684282354 6.761480784023478 0
      vertex 23.563097910081623 3.0814464759246096 0
      vertex 23.3 2.9444863728670914 0
    endloop
  endfacet
  facet normal 0 0 -1
    outer loop
      vertex 23.188266684282354 6.761480784023478 0
      vertex 23.049840116406443 2.785116950582572 0
      vertex 22.814522127065768 2.604551106604525 0
    endloop
  endfacet
  facet normal 0 0 -1
    outer loop
      vertex 23.188266684282354 6.761480784023478 0
      vertex 23.3 2.9444863728670914 0
      vertex 23.049840116406443 2.785116950582572 0
    endloop
  endfacet
  facet normal 0 0 -1
    outer loop
      vertex 23.784462756331486 6.893654271085456 0
      vertex 23.837131512692725 3.1949549106720885 0
      vertex 23.563097910081623 3.0814464759246096 0
    endloop
  endfacet
  facet normal 0 0 -1
    outer loop
      vertex 23.784462756331486 6.893654271085456 0
      vertex 24.12001524665143 3.2841478093828322 0
      vertex 23.837131512692725 3.1949549106720885 0
    endloop
  endfacet
  facet normal 0 0 -1
    outer loop
      vertex 22.041672167815104 6.3441545092565494 0
      vertex 22.395448893395475 2.1854778729342335 0
      vertex 22.214883049417427 1.9501598835935565 0
    endloop
  endfacet
  facet normal 0 0 -1
    outer loop
      vertex 22.041672167815104 6.3441545092565494 0
      vertex 22.214883049417427 1.9501598835935565 0
      vertex 22.05551362713291 1.7 0
    endloop
  endfacet
  facet normal 0 0 -1
    outer loop
      vertex 22.041672167815104 6.3441545092565494 0
      vertex 22.05551362713291 1.7 0
      vertex 21.918553524075392 1.436902089918378 0
    endloop
  endfacet
  facet normal 0 0 -1
    outer loop
      vertex 22.60585899672032 6.5778483455013586 0
      vertex 22.59583694396574 2.4041630560342617 0
      vertex 22.395448893395475 2.1854778729342335 0
    endloop
  endfacet
  facet normal 0 0 -1
    outer loop
      vertex 20.500486732194226 5.362311101832846 0
      vertex 20.680962813256368 -1.2287292540858745 0
      vertex 20.500486732194226 -0.4869701167414622 0
    endloop
  endfacet
  facet normal 0 0 -1
    outer loop
      vertex 20.98496494554268 5.7340643100229425 0
      vertex 21.5 6.06217782649107 0
      vertex 20.98496494554268 -5.7340643100229425 0
    endloop
  endfacet
  facet normal 0 0 -1
    outer loop
      vertex 21.5 6.06217782649107 0
      vertex 21.612938026488067 0.29632952534203777 0
      vertex 21.6 0 0
    endloop
  endfacet
  facet normal 0 0 -1
    outer loop
      vertex 20.98496494554268 5.7340643100229425 0
      vertex 20.98496494554268 -5.7340643100229425 0
      vertex 20.680962813256368 -1.2287292540858745 0
    endloop
  endfacet
  facet normal 0 0 -1
    outer loop
      vertex 21.5 6.06217782649107 0
      vertex 21.6 0 0
      vertex 21.5 -6.06217782649107 0
    endloop
  endfacet
  facet normal 0 0 -1
    outer loop
      vertex 21.5 6.06217782649107 0
      vertex 21.5 -6.06217782649107 0
      vertex 20.98496494554268 -5.7340643100229425 0
    endloop
  endfacet
  facet normal 0 0 -1
    outer loop
      vertex 21.6 0 0
      vertex 21.612938026488067 -0.29632952534203777 0
      vertex 21.5 -6.06217782649107 0
    endloop
  endfacet
  facet normal 0 0 -1
    outer loop
      vertex 21.612938026488067 -0.29632952534203777 0
      vertex 21.651653639758493 -0.5904038040675631 0
      vertex 21.5 -6.06217782649107 0
    endloop
  endfacet
  facet normal 0 0 -1
    outer loop
      vertex 20.680962813256368 -1.2287292540858745 0
      vertex 20.98496494554268 -5.7340643100229425 0
      vertex 20.54950655391707 -4.239572597866915 0
    endloop
  endfacet
  facet normal 0 0 -1
    outer loop
      vertex 21.651653639758493 -0.5904038040675631 0
      vertex 21.715852190617166 -0.8799847533485705 0
      vertex 21.5 -6.06217782649107 0
    endloop
  endfacet
  facet normal 0 0 -1
    outer loop
      vertex 21.715852190617166 -0.8799847533485705 0
      vertex 21.805045089327912 -1.1628684873072737 0
      vertex 21.5 -6.06217782649107 0
    endloop
  endfacet
  facet normal 0 0 -1
    outer loop
      vertex 21.805045089327912 -1.1628684873072737 0
      vertex 21.918553524075392 -1.436902089918378 0
      vertex 21.5 -6.06217782649107 0
    endloop
  endfacet
  facet normal 0 0 -1
    outer loop
      vertex 21.918553524075392 -1.436902089918378 0
      vertex 22.05551362713291 -1.7 0
      vertex 21.5 -6.06217782649107 0
    endloop
  endfacet
  facet normal 0 0 -1
    outer loop
      vertex 22.05551362713291 -1.7 0
      vertex 22.214883049417427 -1.9501598835935565 0
      vertex 22.041672167815104 -6.3441545092565494 0
    endloop
  endfacet
  facet normal 0 0 -1
    outer loop
      vertex 22.214883049417427 -1.9501598835935565 0
      vertex 22.395448893395475 -2.1854778729342335 0
      vertex 22.041672167815104 -6.3441545092565494 0
    endloop
  endfacet
  facet normal 0 0 -1
    outer loop
      vertex 22.395448893395475 -2.1854778729342335 0
      vertex 22.59583694396574 -2.4041630560342617 0
      vertex 22.041672167815104 -6.3441545092565494 0
    endloop
  endfacet
  facet normal 0 0 -1
    outer loop
      vertex 22.59583694396574 -2.4041630560342617 0
      vertex 22.814522127065768 -2.604551106604525 0
      vertex 22.041672167815104 -6.3441545092565494 0
    endloop
  endfacet
  facet normal 0 0 -1
    outer loop
      vertex 22.814522127065768 -2.604551106604525 0
      vertex 23.049840116406443 -2.785116950582572 0
      vertex 22.60585899672032 -6.5778483455013586 0
    endloop
  endfacet
  facet normal -0.1305261922200523 0.9914448613738103 -4.770771138027338e-21
    outer loop
      vertex 23.784462756331486 6.893654271085456 8
      vertex 24.389909800766393 6.973362886642219 8
      vertex 24.389909800766393 6.973362886642219 0
    endloop
  endfacet
  facet normal -0.04361938736533551 0.9990482215818579 2.9833684822903246e-21
    outer loop
      vertex 24.389909800766393 6.973362886642219 8
      vertex 25 7 8
      vertex 25 7 0
    endloop
  endfacet
  facet normal 0.04361938736533551 0.9990482215818579 -2.9833684822903246e-21
    outer loop
      vertex 25 7 8
      vertex 25.610090199233607 6.973362886642219 8
      vertex 25.610090199233607 6.973362886642219 0
    endloop
  endfacet
  facet normal 0.1305261922200523 0.9914448613738103 4.770771138027338e-21
    outer loop
      vertex 25.610090199233607 6.973362886642219 8
      vertex 26.215537243668514 6.893654271085456 8
      vertex 26.215537243668514 6.893654271085456 0
    endloop
  endfacet
  facet normal 0.21643961393810285 0.9762960071199334 1.384527487729166e-18
    outer loop
      vertex 26.215537243668514 6.893654271085456 8
      vertex 26.811733315717646 6.761480784023478 8
      vertex 26.811733315717646 6.761480784023478 0
    endloop
  endfacet
  facet normal 0.3007057995042731 0.9537169507482268 -1.0240404508102023e-18
    outer loop
      vertex 26.811733315717646 6.761480784023478 8
      vertex 27.39414100327968 6.5778483455013586 8
      vertex 27.39414100327968 6.5778483455013586 0
    endloop
  endfacet
  facet normal 0.38268343236509045 0.9238795325112864 -5.363353238997208e-19
    outer loop
      vertex 27.39414100327968 6.5778483455013586 8
      vertex 27.958327832184896 6.3441545092565494 8
      vertex 27.958327832184896 6.3441545092565494 0
    endloop
  endfacet
  facet normal 0.4617486132350336 0.8870108331782219 -1.371187051568724e-19
    outer loop
      vertex 27.958327832184896 6.3441545092565494 8
      vertex 28.5 6.06217782649107 8
      vertex 28.5 6.06217782649107 0
    endloop
  endfacet
  facet normal 0.5372996083468247 0.8433914458128852 -2.1856881045223635e-18
    outer loop
      vertex 28.5 6.06217782649107 8
      vertex 29.01503505445732 5.7340643100229425 8
      vertex 29.01503505445732 5.7340643100229425 0
    endloop
  endfacet
  facet normal 0.6087614290087204 0.7933533402912353 2.3199025271228747e-18
    outer loop
      vertex 29.01503505445732 5.7340643100229425 8
      vertex 29.499513267805774 5.362311101832846 8
      vertex 29.499513267805774 5.362311101832846 0
    endloop
  endfacet
  facet normal 0.6755902076156587 0.7372773368101254 2.1584819137415344e-18
    outer loop
      vertex 29.499513267805774 5.362311101832846 8
      vertex 29.949747468305834 4.949747468305833 8
      vertex 29.949747468305834 4.949747468305833 0
    endloop
  endfacet
  facet normal 0.737277336810127 0.675590207615657 0
    outer loop
      vertex 29.949747468305834 4.949747468305833 8
      vertex 30.362311101832844 4.499513267805774 8
      vertex 29.949747468305834 4.949747468305833 0
    endloop
  endfacet
  facet normal 0.793353340291232 0.6087614290087248 0
    outer loop
      vertex 30.362311101832844 4.499513267805774 8
      vertex 30.734064310022944 4.015035054457322 8
      vertex 30.362311101832844 4.499513267805774 0
    endloop
  endfacet
  facet normal 0.8433914458128876 0.5372996083468209 0
    outer loop
      vertex 30.734064310022944 4.015035054457322 8
      vertex 31.06217782649107 3.5 8
      vertex 30.734064310022944 4.015035054457322 0
    endloop
  endfacet
  facet normal 0.8870108331782223 0.4617486132350327 0
    outer loop
      vertex 31.06217782649107 3.5 8
      vertex 31.344154509256548 2.9583278321848963 8
      vertex 31.06217782649107 3.5 0
    endloop
  endfacet
  facet normal 0.9238795325112857 0.38268343236509217 0
    outer loop
      vertex 31.344154509256548 2.9583278321848963 8
      vertex 31.57784834550136 2.394141003279681 8
      vertex 31.344154509256548 2.9583278321848963 0
    endloop
  endfacet
  facet normal -0.04361938736533551 0.9990482215818579 0
    outer loop
      vertex 24.389909800766393 6.973362886642219 8
      vertex 25 7 0
      vertex 24.389909800766393 6.973362886642219 0
    endloop
  endfacet
  facet normal 0.04361938736533551 0.9990482215818579 0
    outer loop
      vertex 25 7 8
      vertex 25.610090199233607 6.973362886642219 0
      vertex 25 7 0
    endloop
  endfacet
  facet normal 0.1305261922200523 0.9914448613738103 0
    outer loop
      vertex 25.610090199233607 6.973362886642219 8
      vertex 26.215537243668514 6.893654271085456 0
      vertex 25.610090199233607 6.973362886642219 0
    endloop
  endfacet
  facet normal 0.21643961393810285 0.9762960071199334 0
    outer loop
      vertex 26.215537243668514 6.893654271085456 8
      vertex 26.811733315717646 6.761480784023478 0
      vertex 26.215537243668514 6.893654271085456 0
    endloop
  endfacet
  facet normal 0.3007057995042731 0.9537169507482268 0
    outer loop
      vertex 26.811733315717646 6.761480784023478 8
      vertex 27.39414100327968 6.5778483455013586 0
      vertex 26.811733315717646 6.761480784023478 0
    endloop
  endfacet
  facet normal 0.38268343236509045 0.9238795325112864 0
    outer loop
      vertex 27.39414100327968 6.5778483455013586 8
      vertex 27.958327832184896 6.3441545092565494 0
      vertex 27.39414100327968 6.5778483455013586 0
    endloop
  endfacet
  facet normal 0 0 -1
    outer loop
      vertex 23.784462756331486 6.893654271085456 0
      vertex 24.389909800766393 6.973362886642219 0
      vertex 24.12001524665143 3.2841478093828322 0
    endloop
  endfacet
  facet normal 0 0 -1
    outer loop
      vertex 24.389909800766393 6.973362886642219 0
      vertex 25 7 0
      vertex 24.70367047465796 3.3870619735119347 0
    endloop
  endfacet
  facet normal 0 0 -1
    outer loop
      vertex 25 7 0
      vertex 25.610090199233607 6.973362886642219 0
      vertex 25.29632952534204 3.3870619735119347 0
    endloop
  endfacet
  facet normal 0 0 -1
    outer loop
      vertex 25.610090199233607 6.973362886642219 0
      vertex 26.215537243668514 6.893654271085456 0
      vertex 25.590403804067563 3.348346360241507 0
    endloop
  endfacet
  facet normal 0 0 -1
    outer loop
      vertex 26.215537243668514 6.893654271085456 0
      vertex 26.811733315717646 6.761480784023478 0
      vertex 26.162868487307275 3.1949549106720885 0
    endloop
  endfacet
  facet normal 0 0 -1
    outer loop
      vertex 26.811733315717646 6.761480784023478 0
      vertex 27.39414100327968 6.5778483455013586 0
      vertex 26.7 2.9444863728670914 0
    endloop
  endfacet
  facet normal 0 0 -1
    outer loop
      vertex 25 7 0
      vertex 25 3.4 0
      vertex 24.70367047465796 3.3870619735119347 0
    endloop
  endfacet
  facet normal 0 0 -1
    outer loop
      vertex 24.389909800766393 6.973362886642219 0
      vertex 24.409596195932437 3.348346360241507 0
      vertex 24.12001524665143 3.2841478093828322 0
    endloop
  endfacet
  facet normal 0 0 -1
    outer loop
      vertex 24.389909800766393 6.973362886642219 0
      vertex 24.70367047465796 3.3870619735119347 0
      vertex 24.409596195932437 3.348346360241507 0
    endloop
  endfacet
  facet normal 0 0 -1
    outer loop
      vertex 25 7 0
      vertex 25.29632952534204 3.3870619735119347 0
      vertex 25 3.4 0
    endloop
  endfacet
  facet normal 0 0 -1
    outer loop
      vertex 25.610090199233607 6.973362886642219 0
      vertex 25.590403804067563 3.348346360241507 0
      vertex 25.29632952534204 3.3870619735119347 0
    endloop
  endfacet
  facet normal 0 0 -1
    outer loop
      vertex 26.215537243668514 6.893654271085456 0
      vertex 25.87998475334857 3.2841478093828322 0
      vertex 25.590403804067563 3.348346360241507 0
    endloop
  endfacet
  facet normal 0 0 -1
    outer loop
      vertex 26.215537243668514 6.893654271085456 0
      vertex 26.162868487307275 3.1949549106720885 0
      vertex 25.87998475334857 3.2841478093828322 0
    endloop
  endfacet
  facet normal 0 0 -1
    outer loop
      vertex 26.811733315717646 6.761480784023478 0
      vertex 26.436902089918377 3.0814464759246096 0
      vertex 26.162868487307275 3.1949549106720885 0
    endloop
  endfacet
  facet normal 0 0 -1
    outer loop
      vertex 26.811733315717646 6.761480784023478 0
      vertex 26.7 2.9444863728670914 0
      vertex 26.436902089918377 3.0814464759246096 0
    endloop
  endfacet
  facet normal 0 0 -1
    outer loop
      vertex 27.39414100327968 6.5778483455013586 0
      vertex 27.958327832184896 6.3441545092565494 0
      vertex 27.185477872934232 2.604551106604525 0
    endloop
  endfacet
  facet normal 0 0 -1
    outer loop
      vertex 27.39414100327968 6.5778483455013586 0
      vertex 26.950159883593557 2.785116950582572 0
      vertex 26.7 2.9444863728670914 0
    endloop
  endfacet
  facet normal 0 0 -1
    outer loop
      vertex 27.39414100327968 6.5778483455013586 0
      vertex 27.185477872934232 2.604551106604525 0
      vertex 26.950159883593557 2.785116950582572 0
    endloop
  endfacet
  facet normal 0 0 -1
    outer loop
      vertex 27.958327832184896 6.3441545092565494 0
      vertex 27.40416305603426 2.4041630560342617 0
      vertex 27.185477872934232 2.604551106604525 0
    endloop
  endfacet
  facet normal 0 0 -1
    outer loop
      vertex 27.958327832184896 6.3441545092565494 0
      vertex 27.604551106604525 2.1854778729342335 0
      vertex 27.40416305603426 2.4041630560342617 0
    endloop
  endfacet
  facet normal 0 0 -1
    outer loop
      vertex 27.958327832184896 6.3441545092565494 0
      vertex 27.785116950582573 1.9501598835935565 0
      vertex 27.604551106604525 2.1854778729342335 0
    endloop
  endfacet
  facet normal 0 0 -1
    outer loop
      vertex 27.958327832184896 6.3441545092565494 0
      vertex 27.94448637286709 1.7 0
      vertex 27.785116950582573 1.9501598835935565 0
    endloop
  endfacet
  facet normal 0.4617486132350336 0.8870108331782219 0
    outer loop
      vertex 27.958327832184896 6.3441545092565494 8
      vertex 28.5 6.06217782649107 0
      vertex 27.958327832184896 6.3441545092565494 0
    endloop
  endfacet
  facet normal 0.5372996083468247 0.8433914458128852 0
    outer loop
      vertex 28.5 6.06217782649107 8
      vertex 29.01503505445732 5.7340643100229425 0
      vertex 28.5 6.06217782649107 0
    endloop
  endfacet
  facet normal 0.6087614290087204 0.7933533402912353 0
    outer loop
      vertex 29.01503505445732 5.7340643100229425 8
      vertex 29.499513267805774 5.362311101832846 0
      vertex 29.01503505445732 5.7340643100229425 0
    endloop
  endfacet
  facet normal 0.6755902076156587 0.7372773368101254 0
    outer loop
      vertex 29.499513267805774 5.362311101832846 8
      vertex 29.949747468305834 4.949747468305833 0
      vertex 29.499513267805774 5.362311101832846 0
    endloop
  endfacet
  facet normal 0.737277336810127 0.675590207615657 0
    outer loop
      vertex 30.362311101832844 4.499513267805774 8
      vertex 30.362311101832844 4.499513267805774 0
      vertex 29.949747468305834 4.949747468305833 0
    endloop
  endfacet
  facet normal 0.793353340291232 0.6087614290087248 0
    outer loop
      vertex 30.734064310022944 4.015035054457322 8
      vertex 30.734064310022944 4.015035054457322 0
      vertex 30.362311101832844 4.499513267805774 0
    endloop
  endfacet
  facet normal 0.8433914458128876 0.5372996083468209 0
    outer loop
      vertex 31.06217782649107 3.5 8
      vertex 31.06217782649107 3.5 0
      vertex 30.734064310022944 4.015035054457322 0
    endloop
  endfacet
  facet normal 0.8870108331782223 0.4617486132350327 0
    outer loop
      vertex 31.344154509256548 2.9583278321848963 8
      vertex 31.344154509256548 2.9583278321848963 0
      vertex 31.06217782649107 3.5 0
    endloop
  endfacet
  facet normal 0.9238795325112857 0.38268343236509217 0
    outer loop
      vertex 31.57784834550136 2.394141003279681 8
      vertex 31.57784834550136 2.394141003279681 0
      vertex 31.344154509256548 2.9583278321848963 0
    endloop
  endfacet
  facet normal 0 0 -1
    outer loop
      vertex 27.958327832184896 6.3441545092565494 0
      vertex 28.5 6.06217782649107 0
      vertex 27.94448637286709 1.7 0
    endloop
  endfacet
  facet normal 0 0 -1
    outer loop
      vertex 28.5 6.06217782649107 0
      vertex 28.081446475924608 1.436902089918378 0
      vertex 27.94448637286709 1.7 0
    endloop
  endfacet
  facet normal 0 0 -1
    outer loop
      vertex 28.5 6.06217782649107 0
      vertex 28.194954910672088 1.1628684873072737 0
      vertex 28.081446475924608 1.436902089918378 0
    endloop
  endfacet
  facet normal 0 0 -1
    outer loop
      vertex 28.5 6.06217782649107 0
      vertex 28.284147809382834 0.8799847533485705 0
      vertex 28.194954910672088 1.1628684873072737 0
    endloop
  endfacet
  facet normal 0 0 -1
    outer loop
      vertex 28.5 6.06217782649107 0
      vertex 28.348346360241507 0.5904038040675631 0
      vertex 28.284147809382834 0.8799847533485705 0
    endloop
  endfacet
  facet normal 0 0 -1
    outer loop
      vertex 28.5 6.06217782649107 0
      vertex 28.387061973511933 0.29632952534203777 0
      vertex 28.348346360241507 0.5904038040675631 0
    endloop
  endfacet
  facet normal 0.9537169507482277 0.3007057995042705 0
    outer loop
      vertex 31.57784834550136 2.394141003279681 8
      vertex 31.761480784023476 1.8117333157176452 8
      vertex 31.57784834550136 2.394141003279681 0
    endloop
  endfacet
  facet normal 0.9762960071199329 0.21643961393810532 0
    outer loop
      vertex 31.761480784023476 1.8117333157176452 8
      vertex 31.893654271085456 1.2155372436685123 8
      vertex 31.761480784023476 1.8117333157176452 0
    endloop
  endfacet
  facet normal 0.9914448613738099 0.1305261922200556 0
    outer loop
      vertex 31.893654271085456 1.2155372436685123 8
      vertex 31.97336288664222 0.6100901992336072 8
      vertex 31.893654271085456 1.2155372436685123 0
    endloop
  endfacet
  facet normal 0.9990482215818579 0.043619387365332586 0
    outer loop
      vertex 31.97336288664222 0.6100901992336072 8
      vertex 32 0 8
      vertex 31.97336288664222 0.6100901992336072 0
    endloop
  endfacet
  facet normal 0.9990482215818579 -0.043619387365332586 0
    outer loop
      vertex 32 0 8
      vertex 31.97336288664222 -0.6100901992336072 8
      vertex 32 0 0
    endloop
  endfacet
  facet normal 0.9914448613738099 -0.1305261922200556 0
    outer loop
      vertex 31.97336288664222 -0.6100901992336072 8
      vertex 31.893654271085456 -1.2155372436685123 8
      vertex 31.97336288664222 -0.6100901992336072 0
    endloop
  endfacet
  facet normal 0.9762960071199329 -0.21643961393810532 0
    outer loop
      vertex 31.893654271085456 -1.2155372436685123 8
      vertex 31.761480784023476 -1.8117333157176452 8
      vertex 31.893654271085456 -1.2155372436685123 0
    endloop
  endfacet
  facet normal 0.9537169507482277 -0.3007057995042705 0
    outer loop
      vertex 31.761480784023476 -1.8117333157176452 8
      vertex 31.57784834550136 -2.394141003279681 8
      vertex 31.761480784023476 -1.8117333157176452 0
    endloop
  endfacet
  facet normal 0.8433914458128876 -0.5372996083468209 0
    outer loop
      vertex 31.06217782649107 -3.5 8
      vertex 30.734064310022944 -4.015035054457322 8
      vertex 31.06217782649107 -3.5 0
    endloop
  endfacet
  facet normal 0.9238795325112857 -0.38268343236509217 0
    outer loop
      vertex 31.57784834550136 -2.394141003279681 8
      vertex 31.344154509256548 -2.9583278321848963 8
      vertex 31.57784834550136 -2.394141003279681 0
    endloop
  endfacet
  facet normal 0.8870108331782223 -0.4617486132350327 0
    outer loop
      vertex 31.344154509256548 -2.9583278321848963 8
      vertex 31.06217782649107 -3.5 8
      vertex 31.344154509256548 -2.9583278321848963 0
    endloop
  endfacet
  facet normal 0 0 -1
    outer loop
      vertex 27.94448637286709 -1.7 0
      vertex 28.081446475924608 -1.436902089918378 0
      vertex 27.958327832184896 -6.3441545092565494 0
    endloop
  endfacet
  facet normal 0 0 -1
    outer loop
      vertex 27.40416305603426 -2.4041630560342617 0
      vertex 27.604551106604525 -2.1854778729342335 0
      vertex 27.39414100327968 -6.5778483455013586 0
    endloop
  endfacet
  facet normal 0 0 -1
    outer loop
      vertex 27.40416305603426 -2.4041630560342617 0
      vertex 27.39414100327968 -6.5778483455013586 0
      vertex 27.185477872934232 -2.604551106604525 0
    endloop
  endfacet
  facet normal 0 0 -1
    outer loop
      vertex 27.94448637286709 -1.7 0
      vertex 27.958327832184896 -6.3441545092565494 0
      vertex 27.785116950582573 -1.9501598835935565 0
    endloop
  endfacet
  facet normal 0 0 -1
    outer loop
      vertex 27.785116950582573 -1.9501598835935565 0
      vertex 27.958327832184896 -6.3441545092565494 0
      vertex 27.604551106604525 -2.1854778729342335 0
    endloop
  endfacet
  facet normal 0.9537169507482277 0.3007057995042705 0
    outer loop
      vertex 31.761480784023476 1.8117333157176452 8
      vertex 31.761480784023476 1.8117333157176452 0
      vertex 31.57784834550136 2.394141003279681 0
    endloop
  endfacet
  facet normal 0.9762960071199329 0.21643961393810532 0
    outer loop
      vertex 31.893654271085456 1.2155372436685123 8
      vertex 31.893654271085456 1.2155372436685123 0
      vertex 31.761480784023476 1.8117333157176452 0
    endloop
  endfacet
  facet normal 0.9914448613738099 0.1305261922200556 0
    outer loop
      vertex 31.97336288664222 0.6100901992336072 8
      vertex 31.97336288664222 0.6100901992336072 0
      vertex 31.893654271085456 1.2155372436685123 0
    endloop
  endfacet
  facet normal 0.9990482215818579 0.043619387365332586 0
    outer loop
      vertex 32 0 8
      vertex 32 0 0
      vertex 31.97336288664222 0.6100901992336072 0
    endloop
  endfacet
  facet normal 0.9990482215818579 -0.043619387365332586 0
    outer loop
      vertex 31.97336288664222 -0.6100901992336072 8
      vertex 31.97336288664222 -0.6100901992336072 0
      vertex 32 0 0
    endloop
  endfacet
  facet normal 0 0 -1
    outer loop
      vertex 28.5 6.06217782649107 0
      vertex 28.4 0 0
      vertex 28.387061973511933 0.29632952534203777 0
    endloop
  endfacet
  facet normal 0 0 -1
    outer loop
      vertex 28.5 6.06217782649107 0
      vertex 29.01503505445732 5.7340643100229425 0
      vertex 28.5 -6.06217782649107 0
    endloop
  endfacet
  facet normal 0 0 -1
    outer loop
      vertex 29.01503505445732 5.7340643100229425 0
      vertex 29.499513267805774 5.362311101832846 0
      vertex 29.01503505445732 -5.7340643100229425 0
    endloop
  endfacet
  facet normal 0 0 -1
    outer loop
      vertex 29.499513267805774 5.362311101832846 0
      vertex 29.949747468305834 4.949747468305833 0
      vertex 29.499513267805774 -5.362311101832846 0
    endloop
  endfacet
  facet normal 0 0 -1
    outer loop
      vertex 28.5 6.06217782649107 0
      vertex 28.5 -6.06217782649107 0
      vertex 28.4 0 0
    endloop
  endfacet
  facet normal 0 0 -1
    outer loop
      vertex 29.949747468305834 4.949747468305833 0
      vertex 30.362311101832844 4.499513267805774 0
      vertex 29.949747468305834 -4.949747468305833 0
    endloop
  endfacet
  facet normal 0 0 -1
    outer loop
      vertex 30.362311101832844 4.499513267805774 0
      vertex 30.734064310022944 4.015035054457322 0
      vertex 30.362311101832844 -4.499513267805774 0
    endloop
  endfacet
  facet normal 0 0 -1
    outer loop
      vertex 30.734064310022944 4.015035054457322 0
      vertex 31.06217782649107 3.5 0
      vertex 30.734064310022944 -4.015035054457322 0
    endloop
  endfacet
  facet normal 0 0 -1
    outer loop
      vertex 31.06217782649107 3.5 0
      vertex 31.344154509256548 2.9583278321848963 0
      vertex 31.06217782649107 -3.5 0
    endloop
  endfacet
  facet normal 0 0 -1
    outer loop
      vertex 31.344154509256548 2.9583278321848963 0
      vertex 31.57784834550136 2.394141003279681 0
      vertex 31.344154509256548 -2.9583278321848963 0
    endloop
  endfacet
  facet normal 0 0 -1
    outer loop
      vertex 31.57784834550136 2.394141003279681 0
      vertex 31.761480784023476 1.8117333157176452 0
      vertex 31.57784834550136 -2.394141003279681 0
    endloop
  endfacet
  facet normal 0 0 -1
    outer loop
      vertex 31.761480784023476 1.8117333157176452 0
      vertex 31.893654271085456 1.2155372436685123 0
      vertex 31.761480784023476 -1.8117333157176452 0
    endloop
  endfacet
  facet normal 0 0 -1
    outer loop
      vertex 31.893654271085456 1.2155372436685123 0
      vertex 31.97336288664222 0.6100901992336072 0
      vertex 31.893654271085456 -1.2155372436685123 0
    endloop
  endfacet
  facet normal 0 0 -1
    outer loop
      vertex 31.97336288664222 0.6100901992336072 0
      vertex 32 0 0
      vertex 31.97336288664222 -0.6100901992336072 0
    endloop
  endfacet
  facet normal 0 0 -1
    outer loop
      vertex 31.97336288664222 0.6100901992336072 0
      vertex 31.97336288664222 -0.6100901992336072 0
      vertex 31.893654271085456 -1.2155372436685123 0
    endloop
  endfacet
  facet normal 0 0 -1
    outer loop
      vertex 31.761480784023476 1.8117333157176452 0
      vertex 31.761480784023476 -1.8117333157176452 0
      vertex 31.57784834550136 -2.394141003279681 0
    endloop
  endfacet
  facet normal 0 0 -1
    outer loop
      vertex 31.893654271085456 1.2155372436685123 0
      vertex 31.893654271085456 -1.2155372436685123 0
      vertex 31.761480784023476 -1.8117333157176452 0
    endloop
  endfacet
  facet normal 0.9914448613738099 -0.1305261922200556 0
    outer loop
      vertex 31.893654271085456 -1.2155372436685123 8
      vertex 31.893654271085456 -1.2155372436685123 0
      vertex 31.97336288664222 -0.6100901992336072 0
    endloop
  endfacet
  facet normal 0.9762960071199329 -0.21643961393810532 0
    outer loop
      vertex 31.761480784023476 -1.8117333157176452 8
      vertex 31.761480784023476 -1.8117333157176452 0
      vertex 31.893654271085456 -1.2155372436685123 0
    endloop
  endfacet
  facet normal 0.9537169507482277 -0.3007057995042705 0
    outer loop
      vertex 31.57784834550136 -2.394141003279681 8
      vertex 31.57784834550136 -2.394141003279681 0
      vertex 31.761480784023476 -1.8117333157176452 0
    endloop
  endfacet
  facet normal 0.8433914458128876 -0.5372996083468209 2.5053631407016976e-18
    outer loop
      vertex 31.06217782649107 -3.5 0
      vertex 30.734064310022944 -4.015035054457322 8
      vertex 30.734064310022944 -4.015035054457322 0
    endloop
  endfacet
  facet normal 0.9238795325112857 -0.38268343236509217 0
    outer loop
      vertex 31.344154509256548 -2.9583278321848963 8
      vertex 31.344154509256548 -2.9583278321848963 0
      vertex 31.57784834550136 -2.394141003279681 0
    endloop
  endfacet
  facet normal 0.8870108331782223 -0.4617486132350327 0
    outer loop
      vertex 31.06217782649107 -3.5 8
      vertex 31.06217782649107 -3.5 0
      vertex 31.344154509256548 -2.9583278321848963 0
    endloop
  endfacet
  facet normal 0 0 -1
    outer loop
      vertex 28.4 0 0
      vertex 28.5 -6.06217782649107 0
      vertex 28.387061973511933 -0.29632952534203777 0
    endloop
  endfacet
  facet normal 0 0 -1
    outer loop
      vertex 28.387061973511933 -0.29632952534203777 0
      vertex 28.5 -6.06217782649107 0
      vertex 28.348346360241507 -0.5904038040675631 0
    endloop
  endfacet
  facet normal 0 0 -1
    outer loop
      vertex 29.01503505445732 5.7340643100229425 0
      vertex 29.01503505445732 -5.7340643100229425 0
      vertex 28.5 -6.06217782649107 0
    endloop
  endfacet
  facet normal 0 0 -1
    outer loop
      vertex 29.499513267805774 5.362311101832846 0
      vertex 29.499513267805774 -5.362311101832846 0
      vertex 29.01503505445732 -5.7340643100229425 0
    endloop
  endfacet
  facet normal 0 0 -1
    outer loop
      vertex 29.949747468305834 4.949747468305833 0
      vertex 29.949747468305834 -4.949747468305833 0
      vertex 29.499513267805774 -5.362311101832846 0
    endloop
  endfacet
  facet normal 0 0 -1
    outer loop
      vertex 28.348346360241507 -0.5904038040675631 0
      vertex 28.5 -6.06217782649107 0
      vertex 28.284147809382834 -0.8799847533485705 0
    endloop
  endfacet
  facet normal 0 0 -1
    outer loop
      vertex 28.194954910672088 -1.1628684873072737 0
      vertex 28.284147809382834 -0.8799847533485705 0
      vertex 28.5 -6.06217782649107 0
    endloop
  endfacet
  facet normal 0 0 -1
    outer loop
      vertex 28.194954910672088 -1.1628684873072737 0
      vertex 27.958327832184896 -6.3441545092565494 0
      vertex 28.081446475924608 -1.436902089918378 0
    endloop
  endfacet
  facet normal 0 0 -1
    outer loop
      vertex 30.362311101832844 4.499513267805774 0
      vertex 30.362311101832844 -4.499513267805774 0
      vertex 29.949747468305834 -4.949747468305833 0
    endloop
  endfacet
  facet normal 0 0 -1
    outer loop
      vertex 30.734064310022944 4.015035054457322 0
      vertex 30.734064310022944 -4.015035054457322 0
      vertex 30.362311101832844 -4.499513267805774 0
    endloop
  endfacet
  facet normal 0 0 -1
    outer loop
      vertex 31.06217782649107 3.5 0
      vertex 31.06217782649107 -3.5 0
      vertex 30.734064310022944 -4.015035054457322 0
    endloop
  endfacet
  facet normal 0 0 -1
    outer loop
      vertex 31.57784834550136 2.394141003279681 0
      vertex 31.57784834550136 -2.394141003279681 0
      vertex 31.344154509256548 -2.9583278321848963 0
    endloop
  endfacet
  facet normal 0 0 -1
    outer loop
      vertex 31.344154509256548 2.9583278321848963 0
      vertex 31.344154509256548 -2.9583278321848963 0
      vertex 31.06217782649107 -3.5 0
    endloop
  endfacet
  facet normal 0 0 1
    outer loop
      vertex 23.525526320279816 -1.032437585431883 8
      vertex 23.188266684282354 -6.761480784023478 8
      vertex 23.784462756331486 -6.893654271085456 8
    endloop
  endfacet
  facet normal 0 0 1
    outer loop
      vertex 24.1 -1.5588457268119895 8
      vertex 23.784462756331486 -6.893654271085456 8
      vertex 24.389909800766393 -6.973362886642219 8
    endloop
  endfacet
  facet normal 0 0 1
    outer loop
      vertex 24.687433280199524 -1.7726539554219745 8
      vertex 24.389909800766393 -6.973362886642219 8
      vertex 25 -7 8
    endloop
  endfacet
  facet normal 0 0 1
    outer loop
      vertex 25 -1.8 8
      vertex 25 -7 8
      vertex 25.610090199233607 -6.973362886642219 8
    endloop
  endfacet
  facet normal 0 0 1
    outer loop
      vertex 25.465874281184536 -1.738666487320323 8
      vertex 25.610090199233607 -6.973362886642219 8
      vertex 26.215537243668514 -6.893654271085456 8
    endloop
  endfacet
  facet normal 0 0 1
    outer loop
      vertex 26.15701769743577 -1.3788799976141604 8
      vertex 26.215537243668514 -6.893654271085456 8
      vertex 26.811733315717646 -6.761480784023478 8
    endloop
  endfacet
  facet normal -0.675590207615659 -0.7372773368101252 -6.210746359793766e-21
    outer loop
      vertex 20.334351153532268 -5.210075891991471 8
      vertex 20.500486732194226 -5.362311101832846 0
      vertex 20.500486732194226 -5.362311101832846 8
    endloop
  endfacet
  facet normal -0.6087614290087204 -0.7933533402912353 0
    outer loop
      vertex 20.500486732194226 -5.362311101832846 8
      vertex 20.500486732194226 -5.362311101832846 0
      vertex 20.98496494554268 -5.7340643100229425 8
    endloop
  endfacet
  facet normal -0.5372996083468247 -0.8433914458128852 0
    outer loop
      vertex 20.98496494554268 -5.7340643100229425 8
      vertex 20.98496494554268 -5.7340643100229425 0
      vertex 21.5 -6.06217782649107 8
    endloop
  endfacet
  facet normal -0.4617486132350336 -0.8870108331782219 0
    outer loop
      vertex 21.5 -6.06217782649107 8
      vertex 21.5 -6.06217782649107 0
      vertex 22.041672167815104 -6.3441545092565494 8
    endloop
  endfacet
  facet normal -0.38268343236509045 -0.9238795325112864 0
    outer loop
      vertex 22.041672167815104 -6.3441545092565494 8
      vertex 22.041672167815104 -6.3441545092565494 0
      vertex 22.60585899672032 -6.5778483455013586 8
    endloop
  endfacet
  facet normal -0.3007057995042731 -0.9537169507482268 0
    outer loop
      vertex 22.60585899672032 -6.5778483455013586 8
      vertex 22.60585899672032 -6.5778483455013586 0
      vertex 23.188266684282354 -6.761480784023478 8
    endloop
  endfacet
  facet normal -0.21643961393810285 -0.9762960071199334 0
    outer loop
      vertex 23.188266684282354 -6.761480784023478 8
      vertex 23.188266684282354 -6.761480784023478 0
      vertex 23.784462756331486 -6.893654271085456 8
    endloop
  endfacet
  facet normal -0.1305261922200523 -0.9914448613738103 0
    outer loop
      vertex 23.784462756331486 -6.893654271085456 8
      vertex 23.784462756331486 -6.893654271085456 0
      vertex 24.389909800766393 -6.973362886642219 8
    endloop
  endfacet
  facet normal -0.675590207615659 -0.7372773368101252 0
    outer loop
      vertex 20.334351153532268 -5.210075891991471 8
      vertex 20.334351153532268 -5.210075891991471 0
      vertex 20.500486732194226 -5.362311101832846 0
    endloop
  endfacet
  facet normal -0.6087614290087204 -0.7933533402912353 0
    outer loop
      vertex 20.98496494554268 -5.7340643100229425 8
      vertex 20.500486732194226 -5.362311101832846 0
      vertex 20.98496494554268 -5.7340643100229425 0
    endloop
  endfacet
  facet normal -0.5372996083468247 -0.8433914458128852 0
    outer loop
      vertex 21.5 -6.06217782649107 8
      vertex 20.98496494554268 -5.7340643100229425 0
      vertex 21.5 -6.06217782649107 0
    endloop
  endfacet
  facet normal -0.4617486132350336 -0.8870108331782219 0
    outer loop
      vertex 22.041672167815104 -6.3441545092565494 8
      vertex 21.5 -6.06217782649107 0
      vertex 22.041672167815104 -6.3441545092565494 0
    endloop
  endfacet
  facet normal -0.38268343236509045 -0.9238795325112864 0
    outer loop
      vertex 22.60585899672032 -6.5778483455013586 8
      vertex 22.041672167815104 -6.3441545092565494 0
      vertex 22.60585899672032 -6.5778483455013586 0
    endloop
  endfacet
  facet normal -0.3007057995042731 -0.9537169507482268 0
    outer loop
      vertex 23.188266684282354 -6.761480784023478 8
      vertex 22.60585899672032 -6.5778483455013586 0
      vertex 23.188266684282354 -6.761480784023478 0
    endloop
  endfacet
  facet normal -0.21643961393810285 -0.9762960071199334 0
    outer loop
      vertex 23.784462756331486 -6.893654271085456 8
      vertex 23.188266684282354 -6.761480784023478 0
      vertex 23.784462756331486 -6.893654271085456 0
    endloop
  endfacet
  facet normal 0 0 -1
    outer loop
      vertex 20.54950655391707 -4.239572597866915 0
      vertex 20.500486732194226 -5.362311101832846 0
      vertex 20.334351153532268 -5.210075891991471 0
    endloop
  endfacet
  facet normal 0 0 -1
    outer loop
      vertex 20.54950655391707 -4.239572597866915 0
      vertex 20.98496494554268 -5.7340643100229425 0
      vertex 20.500486732194226 -5.362311101832846 0
    endloop
  endfacet
  facet normal 0 0 -1
    outer loop
      vertex 22.05551362713291 -1.7 0
      vertex 22.041672167815104 -6.3441545092565494 0
      vertex 21.5 -6.06217782649107 0
    endloop
  endfacet
  facet normal 0 0 -1
    outer loop
      vertex 23.049840116406443 -2.785116950582572 0
      vertex 23.3 -2.9444863728670914 0
      vertex 22.60585899672032 -6.5778483455013586 0
    endloop
  endfacet
  facet normal 0 0 -1
    outer loop
      vertex 22.814522127065768 -2.604551106604525 0
      vertex 22.60585899672032 -6.5778483455013586 0
      vertex 22.041672167815104 -6.3441545092565494 0
    endloop
  endfacet
  facet normal 0 0 -1
    outer loop
      vertex 23.3 -2.9444863728670914 0
      vertex 23.563097910081623 -3.0814464759246096 0
      vertex 23.188266684282354 -6.761480784023478 0
    endloop
  endfacet
  facet normal 0 0 -1
    outer loop
      vertex 23.563097910081623 -3.0814464759246096 0
      vertex 23.837131512692725 -3.1949549106720885 0
      vertex 23.188266684282354 -6.761480784023478 0
    endloop
  endfacet
  facet normal 0 0 -1
    outer loop
      vertex 23.837131512692725 -3.1949549106720885 0
      vertex 24.12001524665143 -3.2841478093828322 0
      vertex 23.784462756331486 -6.893654271085456 0
    endloop
  endfacet
  facet normal 0 0 -1
    outer loop
      vertex 23.3 -2.9444863728670914 0
      vertex 23.188266684282354 -6.761480784023478 0
      vertex 22.60585899672032 -6.5778483455013586 0
    endloop
  endfacet
  facet normal 0 0 -1
    outer loop
      vertex 23.837131512692725 -3.1949549106720885 0
      vertex 23.784462756331486 -6.893654271085456 0
      vertex 23.188266684282354 -6.761480784023478 0
    endloop
  endfacet
  facet normal -0.04361938736533551 -0.9990482215818579 0
    outer loop
      vertex 24.389909800766393 -6.973362886642219 8
      vertex 24.389909800766393 -6.973362886642219 0
      vertex 25 -7 8
    endloop
  endfacet
  facet normal 0.04361938736533551 -0.9990482215818579 0
    outer loop
      vertex 25 -7 8
      vertex 25 -7 0
      vertex 25.610090199233607 -6.973362886642219 8
    endloop
  endfacet
  facet normal 0.1305261922200523 -0.9914448613738103 0
    outer loop
      vertex 25.610090199233607 -6.973362886642219 8
      vertex 25.610090199233607 -6.973362886642219 0
      vertex 26.215537243668514 -6.893654271085456 8
    endloop
  endfacet
  facet normal 0.21643961393810285 -0.9762960071199334 0
    outer loop
      vertex 26.215537243668514 -6.893654271085456 8
      vertex 26.215537243668514 -6.893654271085456 0
      vertex 26.811733315717646 -6.761480784023478 8
    endloop
  endfacet
  facet normal 0.3007057995042731 -0.9537169507482268 0
    outer loop
      vertex 26.811733315717646 -6.761480784023478 8
      vertex 26.811733315717646 -6.761480784023478 0
      vertex 27.39414100327968 -6.5778483455013586 8
    endloop
  endfacet
  facet normal 0.38268343236509045 -0.9238795325112864 0
    outer loop
      vertex 27.39414100327968 -6.5778483455013586 8
      vertex 27.39414100327968 -6.5778483455013586 0
      vertex 27.958327832184896 -6.3441545092565494 8
    endloop
  endfacet
  facet normal 0.6755902076156587 -0.7372773368101254 0
    outer loop
      vertex 29.499513267805774 -5.362311101832846 8
      vertex 29.499513267805774 -5.362311101832846 0
      vertex 29.949747468305834 -4.949747468305833 8
    endloop
  endfacet
  facet normal 0.4617486132350336 -0.8870108331782219 0
    outer loop
      vertex 27.958327832184896 -6.3441545092565494 8
      vertex 27.958327832184896 -6.3441545092565494 0
      vertex 28.5 -6.06217782649107 8
    endloop
  endfacet
  facet normal 0.5372996083468247 -0.8433914458128852 0
    outer loop
      vertex 28.5 -6.06217782649107 8
      vertex 28.5 -6.06217782649107 0
      vertex 29.01503505445732 -5.7340643100229425 8
    endloop
  endfacet
  facet normal 0.6087614290087204 -0.7933533402912353 -2.3199025271228747e-18
    outer loop
      vertex 29.499513267805774 -5.362311101832846 8
      vertex 29.01503505445732 -5.7340643100229425 8
      vertex 29.01503505445732 -5.7340643100229425 0
    endloop
  endfacet
  facet normal 0.737277336810127 -0.675590207615657 1.1110324579031885e-18
    outer loop
      vertex 29.949747468305834 -4.949747468305833 8
      vertex 30.362311101832844 -4.499513267805774 0
      vertex 30.362311101832844 -4.499513267805774 8
    endloop
  endfacet
  facet normal 0.793353340291232 -0.6087614290087248 -1.6545656187087818e-18
    outer loop
      vertex 30.362311101832844 -4.499513267805774 8
      vertex 30.734064310022944 -4.015035054457322 0
      vertex 30.734064310022944 -4.015035054457322 8
    endloop
  endfacet
  facet normal -0.1305261922200523 -0.9914448613738103 0
    outer loop
      vertex 24.389909800766393 -6.973362886642219 8
      vertex 23.784462756331486 -6.893654271085456 0
      vertex 24.389909800766393 -6.973362886642219 0
    endloop
  endfacet
  facet normal -0.04361938736533551 -0.9990482215818579 0
    outer loop
      vertex 25 -7 8
      vertex 24.389909800766393 -6.973362886642219 0
      vertex 25 -7 0
    endloop
  endfacet
  facet normal 0.04361938736533551 -0.9990482215818579 0
    outer loop
      vertex 25.610090199233607 -6.973362886642219 8
      vertex 25 -7 0
      vertex 25.610090199233607 -6.973362886642219 0
    endloop
  endfacet
  facet normal 0.1305261922200523 -0.9914448613738103 0
    outer loop
      vertex 26.215537243668514 -6.893654271085456 8
      vertex 25.610090199233607 -6.973362886642219 0
      vertex 26.215537243668514 -6.893654271085456 0
    endloop
  endfacet
  facet normal 0.21643961393810285 -0.9762960071199334 0
    outer loop
      vertex 26.811733315717646 -6.761480784023478 8
      vertex 26.215537243668514 -6.893654271085456 0
      vertex 26.811733315717646 -6.761480784023478 0
    endloop
  endfacet
  facet normal 0.3007057995042731 -0.9537169507482268 0
    outer loop
      vertex 27.39414100327968 -6.5778483455013586 8
      vertex 26.811733315717646 -6.761480784023478 0
      vertex 27.39414100327968 -6.5778483455013586 0
    endloop
  endfacet
  facet normal 0.38268343236509045 -0.9238795325112864 0
    outer loop
      vertex 27.958327832184896 -6.3441545092565494 8
      vertex 27.39414100327968 -6.5778483455013586 0
      vertex 27.958327832184896 -6.3441545092565494 0
    endloop
  endfacet
  facet normal 0 0 -1
    outer loop
      vertex 24.12001524665143 -3.2841478093828322 0
      vertex 24.409596195932437 -3.348346360241507 0
      vertex 23.784462756331486 -6.893654271085456 0
    endloop
  endfacet
  facet normal 0 0 -1
    outer loop
      vertex 24.409596195932437 -3.348346360241507 0
      vertex 24.70367047465796 -3.3870619735119347 0
      vertex 24.389909800766393 -6.973362886642219 0
    endloop
  endfacet
  facet normal 0 0 -1
    outer loop
      vertex 24.70367047465796 -3.3870619735119347 0
      vertex 25 -3.4 0
      vertex 25 -7 0
    endloop
  endfacet
  facet normal 0 0 -1
    outer loop
      vertex 25 -3.4 0
      vertex 25.29632952534204 -3.3870619735119347 0
      vertex 25 -7 0
    endloop
  endfacet
  facet normal 0 0 -1
    outer loop
      vertex 25.29632952534204 -3.3870619735119347 0
      vertex 25.590403804067563 -3.348346360241507 0
      vertex 25.610090199233607 -6.973362886642219 0
    endloop
  endfacet
  facet normal 0 0 -1
    outer loop
      vertex 25.590403804067563 -3.348346360241507 0
      vertex 25.87998475334857 -3.2841478093828322 0
      vertex 25.610090199233607 -6.973362886642219 0
    endloop
  endfacet
  facet normal 0 0 -1
    outer loop
      vertex 24.409596195932437 -3.348346360241507 0
      vertex 24.389909800766393 -6.973362886642219 0
      vertex 23.784462756331486 -6.893654271085456 0
    endloop
  endfacet
  facet normal 0 0 -1
    outer loop
      vertex 24.70367047465796 -3.3870619735119347 0
      vertex 25 -7 0
      vertex 24.389909800766393 -6.973362886642219 0
    endloop
  endfacet
  facet normal 0 0 -1
    outer loop
      vertex 25.29632952534204 -3.3870619735119347 0
      vertex 25.610090199233607 -6.973362886642219 0
      vertex 25 -7 0
    endloop
  endfacet
  facet normal 0 0 -1
    outer loop
      vertex 25.87998475334857 -3.2841478093828322 0
      vertex 26.215537243668514 -6.893654271085456 0
      vertex 25.610090199233607 -6.973362886642219 0
    endloop
  endfacet
  facet normal 0 0 -1
    outer loop
      vertex 26.162868487307275 -3.1949549106720885 0
      vertex 26.436902089918377 -3.0814464759246096 0
      vertex 26.215537243668514 -6.893654271085456 0
    endloop
  endfacet
  facet normal 0 0 -1
    outer loop
      vertex 25.87998475334857 -3.2841478093828322 0
      vertex 26.162868487307275 -3.1949549106720885 0
      vertex 26.215537243668514 -6.893654271085456 0
    endloop
  endfacet
  facet normal 0 0 -1
    outer loop
      vertex 26.436902089918377 -3.0814464759246096 0
      vertex 26.7 -2.9444863728670914 0
      vertex 26.811733315717646 -6.761480784023478 0
    endloop
  endfacet
  facet normal 0 0 -1
    outer loop
      vertex 26.950159883593557 -2.785116950582572 0
      vertex 26.811733315717646 -6.761480784023478 0
      vertex 26.7 -2.9444863728670914 0
    endloop
  endfacet
  facet normal 0 0 -1
    outer loop
      vertex 26.950159883593557 -2.785116950582572 0
      vertex 27.185477872934232 -2.604551106604525 0
      vertex 26.811733315717646 -6.761480784023478 0
    endloop
  endfacet
  facet normal 0 0 -1
    outer loop
      vertex 27.185477872934232 -2.604551106604525 0
      vertex 27.39414100327968 -6.5778483455013586 0
      vertex 26.811733315717646 -6.761480784023478 0
    endloop
  endfacet
  facet normal 0 0 -1
    outer loop
      vertex 27.604551106604525 -2.1854778729342335 0
      vertex 27.958327832184896 -6.3441545092565494 0
      vertex 27.39414100327968 -6.5778483455013586 0
    endloop
  endfacet
  facet normal 0 0 -1
    outer loop
      vertex 26.436902089918377 -3.0814464759246096 0
      vertex 26.811733315717646 -6.761480784023478 0
      vertex 26.215537243668514 -6.893654271085456 0
    endloop
  endfacet
  facet normal 0.6087614290087204 -0.7933533402912353 0
    outer loop
      vertex 29.499513267805774 -5.362311101832846 8
      vertex 29.01503505445732 -5.7340643100229425 0
      vertex 29.499513267805774 -5.362311101832846 0
    endloop
  endfacet
  facet normal 0.6755902076156587 -0.7372773368101254 0
    outer loop
      vertex 29.949747468305834 -4.949747468305833 8
      vertex 29.499513267805774 -5.362311101832846 0
      vertex 29.949747468305834 -4.949747468305833 0
    endloop
  endfacet
  facet normal 0.4617486132350336 -0.8870108331782219 0
    outer loop
      vertex 28.5 -6.06217782649107 8
      vertex 27.958327832184896 -6.3441545092565494 0
      vertex 28.5 -6.06217782649107 0
    endloop
  endfacet
  facet normal 0.5372996083468247 -0.8433914458128852 0
    outer loop
      vertex 29.01503505445732 -5.7340643100229425 8
      vertex 28.5 -6.06217782649107 0
      vertex 29.01503505445732 -5.7340643100229425 0
    endloop
  endfacet
  facet normal 0.793353340291232 -0.6087614290087248 0
    outer loop
      vertex 30.362311101832844 -4.499513267805774 8
      vertex 30.362311101832844 -4.499513267805774 0
      vertex 30.734064310022944 -4.015035054457322 0
    endloop
  endfacet
  facet normal 0.737277336810127 -0.675590207615657 0
    outer loop
      vertex 29.949747468305834 -4.949747468305833 8
      vertex 29.949747468305834 -4.949747468305833 0
      vertex 30.362311101832844 -4.499513267805774 0
    endloop
  endfacet
  facet normal 0 0 -1
    outer loop
      vertex 28.194954910672088 -1.1628684873072737 0
      vertex 28.5 -6.06217782649107 0
      vertex 27.958327832184896 -6.3441545092565494 0
    endloop
  endfacet
  facet normal 0 0 1
    outer loop
      vertex -16.086933305498537 13.498539803417325 8
      vertex -17.20219293006883 12.045105163371968 8
      vertex -16.086933305498537 8.042436441472217 8
    endloop
  endfacet
  facet normal -0.793353340291234 0.6087614290087221 -2.27275121015473e-20
    outer loop
      vertex -16.086933305498537 13.498539803417325 8
      vertex -17.20219293006883 12.045105163371968 0
      vertex -17.20219293006883 12.045105163371968 8
    endloop
  endfacet
  facet normal -0.8870108331782217 0.4617486132350339 4.1999325859417085e-18
    outer loop
      vertex -18.186533479473212 10.5 8
      vertex -19.03246352776965 8.874983496554687 0
      vertex -19.03246352776965 8.874983496554687 8
    endloop
  endfacet
  facet normal -0.8433914458128859 0.5372996083468234 1.921497155411749e-18
    outer loop
      vertex -17.20219293006883 12.045105163371968 8
      vertex -18.186533479473212 10.5 0
      vertex -18.186533479473212 10.5 8
    endloop
  endfacet
  facet normal -0.793353340291234 0.6087614290087221 0
    outer loop
      vertex -16.086933305498537 13.498539803417325 8
      vertex -16.086933305498537 13.498539803417325 0
      vertex -17.20219293006883 12.045105163371968 0
    endloop
  endfacet
  facet normal -0.8870108331782217 0.4617486132350339 0
    outer loop
      vertex -18.186533479473212 10.5 8
      vertex -18.186533479473212 10.5 0
      vertex -19.03246352776965 8.874983496554687 0
    endloop
  endfacet
  facet normal -0.8433914458128859 0.5372996083468234 0
    outer loop
      vertex -17.20219293006883 12.045105163371968 8
      vertex -17.20219293006883 12.045105163371968 0
      vertex -18.186533479473212 10.5 0
    endloop
  endfacet
  facet normal 0 0 1
    outer loop
      vertex -20.284442352070435 5.4351999471529355 8
      vertex -20.2721236321513 5.153054874268254 8
      vertex -19.733545036504076 7.182423009839043 8
    endloop
  endfacet
  facet normal 0 0 1
    outer loop
      vertex -20.284442352070435 5.4351999471529355 8
      vertex -20.334351153532268 5.210075891991471 8
      vertex -20.2721236321513 5.153054874268254 8
    endloop
  endfacet
  facet normal 0 0 1
    outer loop
      vertex -20.2721236321513 5.153054874268254 8
      vertex -20.050252531694166 0.07137120742567404 8
      vertex -19.733545036504076 7.182423009839043 8
    endloop
  endfacet
  facet normal 0 0 1
    outer loop
      vertex -19.03246352776965 8.874983496554687 8
      vertex -19.733545036504076 7.182423009839043 8
      vertex -20.050252531694166 0.07137120742567404 8
    endloop
  endfacet
  facet normal 0 0 1
    outer loop
      vertex -17.20219293006883 12.045105163371968 8
      vertex -16.086933305498537 2.4169782916314384 8
      vertex -16.086933305498537 8.042436441472217 8
    endloop
  endfacet
  facet normal 0 0 1
    outer loop
      vertex -17.20219293006883 12.045105163371968 8
      vertex -18.186533479473212 10.5 8
      vertex -19.03246352776965 -8.874983496554687 8
    endloop
  endfacet
  facet normal 0 0 1
    outer loop
      vertex -18.186533479473212 10.5 8
      vertex -19.03246352776965 8.874983496554687 8
      vertex -19.03246352776965 -8.874983496554687 8
    endloop
  endfacet
  facet normal 0 0 1
    outer loop
      vertex -20.284442352070435 0.4140812714214235 8
      vertex -19.840996304129575 -4.721384368262905 8
      vertex -20.050252531694166 0.07137120742567404 8
    endloop
  endfacet
  facet normal 0 0 1
    outer loop
      vertex -20.284442352070435 0.4140812714214235 8
      vertex -20.295813298584836 -5.174762454123377 8
      vertex -20.284442352070435 -5.4351999471529355 8
    endloop
  endfacet
  facet normal 0 0 1
    outer loop
      vertex -20.284442352070435 0.4140812714214235 8
      vertex -20.284442352070435 -5.4351999471529355 8
      vertex -19.840996304129575 -4.721384368262905 8
    endloop
  endfacet
  facet normal 0 0 1
    outer loop
      vertex -19.03246352776965 8.874983496554687 8
      vertex -20.050252531694166 0.07137120742567404 8
      vertex -19.733545036504076 -2.304046748958955 8
    endloop
  endfacet
  facet normal 0 0 1
    outer loop
      vertex -19.03246352776965 8.874983496554687 8
      vertex -19.733545036504076 -2.304046748958955 8
      vertex -19.733545036504076 -7.182423009839043 8
    endloop
  endfacet
  facet normal 0 0 1
    outer loop
      vertex -17.20219293006883 12.045105163371968 8
      vertex -16.086933305498537 -13.498539803417325 8
      vertex -16.086933305498537 2.4169782916314384 8
    endloop
  endfacet
  facet normal 0 0 1
    outer loop
      vertex -19.03246352776965 8.874983496554687 8
      vertex -19.733545036504076 -7.182423009839043 8
      vertex -19.03246352776965 -8.874983496554687 8
    endloop
  endfacet
  facet normal 0 0 1
    outer loop
      vertex -17.20219293006883 12.045105163371968 8
      vertex -19.03246352776965 -8.874983496554687 8
      vertex -17.20219293006883 -12.045105163371968 8
    endloop
  endfacet
  facet normal -0.9537169507482266 0.3007057995042739 0
    outer loop
      vertex -20.284442352070435 5.4351999471529355 8
      vertex -19.733545036504076 7.182423009839043 8
      vertex -20.284442352070435 5.4351999471529355 0
    endloop
  endfacet
  facet normal -0.9762960071199326 0.216439613938106 0
    outer loop
      vertex -20.284442352070435 5.4351999471529355 8
      vertex -20.284442352070435 5.4351999471529355 0
      vertex -20.334351153532268 5.210075891991471 8
    endloop
  endfacet
  facet normal -0.923879532511287 0.3826834323650893 -4.933378026427293e-18
    outer loop
      vertex -19.03246352776965 8.874983496554687 8
      vertex -19.733545036504076 7.182423009839043 0
      vertex -19.733545036504076 7.182423009839043 8
    endloop
  endfacet
  facet normal -0.9762960071199326 0.216439613938106 0
    outer loop
      vertex -20.334351153532268 5.210075891991471 8
      vertex -20.284442352070435 5.4351999471529355 0
      vertex -20.334351153532268 5.210075891991471 0
    endloop
  endfacet
  facet normal 0 0 -1
    outer loop
      vertex -20.284442352070435 5.4351999471529355 0
      vertex -20.500486732194226 0.4869701167414622 0
      vertex -20.334351153532268 5.210075891991471 0
    endloop
  endfacet
  facet normal 0 0 -1
    outer loop
      vertex -20.284442352070435 5.4351999471529355 0
      vertex -19.733545036504076 7.182423009839043 0
      vertex -20.284442352070435 -5.4351999471529355 0
    endloop
  endfacet
  facet normal -0.923879532511287 0.3826834323650893 0
    outer loop
      vertex -19.03246352776965 8.874983496554687 8
      vertex -19.03246352776965 8.874983496554687 0
      vertex -19.733545036504076 7.182423009839043 0
    endloop
  endfacet
  facet normal -0.9537169507482266 0.3007057995042739 0
    outer loop
      vertex -19.733545036504076 7.182423009839043 8
      vertex -19.733545036504076 7.182423009839043 0
      vertex -20.284442352070435 5.4351999471529355 0
    endloop
  endfacet
  facet normal 0 0 -1
    outer loop
      vertex -19.03246352776965 8.874983496554687 0
      vertex -19.733545036504076 -7.182423009839043 0
      vertex -19.733545036504076 7.182423009839043 0
    endloop
  endfacet
  facet normal 0 0 -1
    outer loop
      vertex -18.186533479473212 10.5 0
      vertex -19.03246352776965 -8.874983496554687 0
      vertex -19.03246352776965 8.874983496554687 0
    endloop
  endfacet
  facet normal 0 0 -1
    outer loop
      vertex -17.20219293006883 12.045105163371968 0
      vertex -18.186533479473212 -10.5 0
      vertex -18.186533479473212 10.5 0
    endloop
  endfacet
  facet normal 0 0 -1
    outer loop
      vertex -16.086933305498537 13.498539803417325 0
      vertex -17.20219293006883 -12.045105163371968 0
      vertex -17.20219293006883 12.045105163371968 0
    endloop
  endfacet
  facet normal 0 0 -1
    outer loop
      vertex -20.284442352070435 5.4351999471529355 0
      vertex -20.284442352070435 -5.4351999471529355 0
      vertex -20.500486732194226 0.4869701167414622 0
    endloop
  endfacet
  facet normal 0 0 -1
    outer loop
      vertex -20.500486732194226 0.4869701167414622 0
      vertex -20.334351153532268 -5.210075891991471 0
      vertex -20.500486732194226 -4.4606867245601505 0
    endloop
  endfacet
  facet normal 0 0 -1
    outer loop
      vertex -20.500486732194226 0.4869701167414622 0
      vertex -20.284442352070435 -5.4351999471529355 0
      vertex -20.334351153532268 -5.210075891991471 0
    endloop
  endfacet
  facet normal 0 0 -1
    outer loop
      vertex -19.733545036504076 7.182423009839043 0
      vertex -19.733545036504076 -7.182423009839043 0
      vertex -20.284442352070435 -5.4351999471529355 0
    endloop
  endfacet
  facet normal 0 0 -1
    outer loop
      vertex -19.03246352776965 8.874983496554687 0
      vertex -19.03246352776965 -8.874983496554687 0
      vertex -19.733545036504076 -7.182423009839043 0
    endloop
  endfacet
  facet normal 0 0 -1
    outer loop
      vertex -18.186533479473212 10.5 0
      vertex -18.186533479473212 -10.5 0
      vertex -19.03246352776965 -8.874983496554687 0
    endloop
  endfacet
  facet normal 0 0 -1
    outer loop
      vertex -17.20219293006883 12.045105163371968 0
      vertex -17.20219293006883 -12.045105163371968 0
      vertex -18.186533479473212 -10.5 0
    endloop
  endfacet
  facet normal 0 0 1
    outer loop
      vertex -12.045105163371968 17.20219293006883 8
      vertex -13.498539803417325 16.086933305498537 8
      vertex -12.156370969358703 13.25165214450038 8
    endloop
  endfacet
  facet normal 0 0 1
    outer loop
      vertex -12.045105163371968 17.20219293006883 8
      vertex -10.550848282994604 14.57095839064579 8
      vertex -10.5 18.186533479473212 8
    endloop
  endfacet
  facet normal 0 0 1
    outer loop
      vertex -12.045105163371968 17.20219293006883 8
      vertex -11.339282776954702 13.965971325176671 8
      vertex -10.550848282994604 14.57095839064579 8
    endloop
  endfacet
  facet normal 0 0 1
    outer loop
      vertex -10.5 18.186533479473212 8
      vertex -10.550848282994604 14.57095839064579 8
      vertex -10.07891877852705 14.901110200493566 8
    endloop
  endfacet
  facet normal 0 0 1
    outer loop
      vertex -10.5 18.186533479473212 8
      vertex -9.240756418807663 15.435078513599018 8
      vertex -8.874983496554687 19.03246352776965 8
    endloop
  endfacet
  facet normal 0 0 1
    outer loop
      vertex -8.874983496554687 19.03246352776965 8
      vertex -9.240756418807663 15.435078513599018 8
      vertex -8.741848122377256 15.722842629648362 8
    endloop
  endfacet
  facet normal 0 0 1
    outer loop
      vertex -10.5 18.186533479473212 8
      vertex -10.07891877852705 14.901110200493566 8
      vertex -9.240756418807663 15.435078513599018 8
    endloop
  endfacet
  facet normal 0 0 1
    outer loop
      vertex -8.874983496554687 19.03246352776965 8
      vertex -8.741848122377256 15.722842629648362 8
      vertex -7.60712871133259 13.461136168013867 8
    endloop
  endfacet
  facet normal 0 0 1
    outer loop
      vertex -16.086933305498537 13.498539803417325 8
      vertex -14.882034666289963 10.108861369442257 8
      vertex -14.849242404917499 14.849242404917499 8
    endloop
  endfacet
  facet normal 0 0 1
    outer loop
      vertex -14.849242404917499 14.849242404917499 8
      vertex -14.882034666289963 10.108861369442257 8
      vertex -14.819996943546503 10.20624108806988 8
    endloop
  endfacet
  facet normal 0 0 1
    outer loop
      vertex -14.849242404917499 14.849242404917499 8
      vertex -13.540386810842183 11.841272373426493 8
      vertex -13.498539803417325 16.086933305498537 8
    endloop
  endfacet
  facet normal 0 0 1
    outer loop
      vertex -13.498539803417325 16.086933305498537 8
      vertex -13.540386810842183 11.841272373426493 8
      vertex -12.920777561344938 12.51745721474399 8
    endloop
  endfacet
  facet normal 0 0 1
    outer loop
      vertex -13.498539803417325 16.086933305498537 8
      vertex -12.920777561344938 12.51745721474399 8
      vertex -12.156370969358703 13.25165214450038 8
    endloop
  endfacet
  facet normal 0 0 1
    outer loop
      vertex -12.156370969358703 13.25165214450038 8
      vertex -12.920777561344938 12.51745721474399 8
      vertex -12.64410196276235 10.80812617487998 8
    endloop
  endfacet
  facet normal 0 0 1
    outer loop
      vertex -16.086933305498537 13.498539803417325 8
      vertex -15.653134903589295 8.875755418248525 8
      vertex -14.882034666289963 10.108861369442257 8
    endloop
  endfacet
  facet normal 0 0 1
    outer loop
      vertex -16.086933305498537 13.498539803417325 8
      vertex -16.086933305498537 8.042436441472217 8
      vertex -15.653134903589295 8.875755418248525 8
    endloop
  endfacet
  facet normal 0 0 1
    outer loop
      vertex -14.849242404917499 14.849242404917499 8
      vertex -13.788799976141604 7.656394078675714 8
      vertex -13.540386810842183 11.841272373426493 8
    endloop
  endfacet
  facet normal 0 0 1
    outer loop
      vertex -14.849242404917499 14.849242404917499 8
      vertex -14.520896439855694 10.616090287478185 8
      vertex -13.788799976141604 7.656394078675714 8
    endloop
  endfacet
  facet normal 0 0 1
    outer loop
      vertex -14.849242404917499 14.849242404917499 8
      vertex -14.566201620185458 6.2352480177876535 8
      vertex -14.520896439855694 10.616090287478185 8
    endloop
  endfacet
  facet normal 0 0 1
    outer loop
      vertex -14.849242404917499 14.849242404917499 8
      vertex -14.819996943546503 10.20624108806988 8
      vertex -14.566201620185458 6.2352480177876535 8
    endloop
  endfacet
  facet normal 0 0 1
    outer loop
      vertex -14.882034666289963 10.108861369442257 8
      vertex -15.653134903589295 8.875755418248525 8
      vertex -15.522035474503632 7.478690811706834 8
    endloop
  endfacet
  facet normal 0 0 1
    outer loop
      vertex -13.540386810842183 11.841272373426493 8
      vertex -13.788799976141604 7.656394078675714 8
      vertex -13.588317560985587 6.978374741041043 8
    endloop
  endfacet
  facet normal 0 0 1
    outer loop
      vertex -12.045105163371968 17.20219293006883 8
      vertex -12.156370969358703 13.25165214450038 8
      vertex -11.570176974357707 10.726024884215464 8
    endloop
  endfacet
  facet normal 0 0 1
    outer loop
      vertex -12.045105163371968 17.20219293006883 8
      vertex -11.570176974357707 10.726024884215464 8
      vertex -11.339282776954702 13.965971325176671 8
    endloop
  endfacet
  facet normal 0 0 1
    outer loop
      vertex -10.07891877852705 14.901110200493566 8
      vertex -10.550848282994604 14.57095839064579 8
      vertex -10.161508223352103 11.014454762111534 8
    endloop
  endfacet
  facet normal 0 0 1
    outer loop
      vertex -10.550848282994604 14.57095839064579 8
      vertex -10.324375854318829 10.865214074618358 8
      vertex -10.161508223352103 11.014454762111534 8
    endloop
  endfacet
  facet normal 0 0 1
    outer loop
      vertex -9.240756418807663 15.435078513599018 8
      vertex -8.847691470056324 12.100018407263729 8
      vertex -8.741848122377256 15.722842629648362 8
    endloop
  endfacet
  facet normal 0 0 1
    outer loop
      vertex -9.240756418807663 15.435078513599018 8
      vertex -9 11.983147961738544 8
      vertex -8.847691470056324 12.100018407263729 8
    endloop
  endfacet
  facet normal 0 0 1
    outer loop
      vertex -11.339282776954702 13.965971325176671 8
      vertex -11.570176974357707 10.726024884215464 8
      vertex -11.393734254551434 9.747597288971198 8
    endloop
  endfacet
  facet normal 0 0 1
    outer loop
      vertex -8.874983496554687 19.03246352776965 8
      vertex -7.338246723543959 16.424914732679586 8
      vertex -7.182423009839043 19.733545036504076 8
    endloop
  endfacet
  facet normal 0 0 1
    outer loop
      vertex -7.182423009839043 19.733545036504076 8
      vertex -5.878796836189972 17.001983316960448 8
      vertex -5.4351999471529355 20.284442352070435 8
    endloop
  endfacet
  facet normal 0 0 1
    outer loop
      vertex -5.4351999471529355 20.284442352070435 8
      vertex -3.764448703771674 17.584925103796195 8
      vertex -3.646611731005537 20.680962813256368 8
    endloop
  endfacet
  facet normal 0 0 1
    outer loop
      vertex -5.4351999471529355 20.284442352070435 8
      vertex -5.878796836189972 17.001983316960448 8
      vertex -4.658742811845373 17.38666487320323 8
    endloop
  endfacet
  facet normal 0 0 1
    outer loop
      vertex -5.4351999471529355 20.284442352070435 8
      vertex -4.658742811845373 17.38666487320323 8
      vertex -3.764448703771674 17.584925103796195 8
    endloop
  endfacet
  facet normal 0 0 1
    outer loop
      vertex -7.182423009839043 19.733545036504076 8
      vertex -7.338246723543959 16.424914732679586 8
      vertex -6.760848467974768 16.664080921026912 8
    endloop
  endfacet
  facet normal 0 0 1
    outer loop
      vertex -7.182423009839043 19.733545036504076 8
      vertex -6.760848467974768 16.664080921026912 8
      vertex -5.878796836189972 17.001983316960448 8
    endloop
  endfacet
  facet normal 0 0 1
    outer loop
      vertex -8.874983496554687 19.03246352776965 8
      vertex -7.60712871133259 13.461136168013867 8
      vertex -7.338246723543959 16.424914732679586 8
    endloop
  endfacet
  facet normal 0 0 1
    outer loop
      vertex -6.760848467974768 16.664080921026912 8
      vertex -6.156362579862037 14.948095641753318 8
      vertex -5.878796836189972 17.001983316960448 8
    endloop
  endfacet
  facet normal 0 0 1
    outer loop
      vertex -4.658742811845373 17.38666487320323 8
      vertex -3.875600297875468 14.664538414170977 8
      vertex -3.764448703771674 17.584925103796195 8
    endloop
  endfacet
  facet normal 0 0 1
    outer loop
      vertex -3.646611731005537 20.680962813256368 8
      vertex -2.2174966313523883 17.846102477554886 8
      vertex -1.8302705977008216 20.920088659926655 8
    endloop
  endfacet
  facet normal 0 0 1
    outer loop
      vertex -3.646611731005537 20.680962813256368 8
      vertex -3.764448703771674 17.584925103796195 8
      vertex -3.125667198004746 17.726539554219745 8
    endloop
  endfacet
  facet normal 0 0 1
    outer loop
      vertex -3.646611731005537 20.680962813256368 8
      vertex -3.125667198004746 17.726539554219745 8
      vertex -2.2174966313523883 17.846102477554886 8
    endloop
  endfacet
  facet normal 0 0 1
    outer loop
      vertex -1.8302705977008216 20.920088659926655 8
      vertex -0.9151352988504108 17.960044329963328 8
      vertex 0 21 8
    endloop
  endfacet
  facet normal 0 0 1
    outer loop
      vertex -1.8302705977008216 20.920088659926655 8
      vertex -2.2174966313523883 17.846102477554886 8
      vertex -1.568803369457847 17.93150456565142 8
    endloop
  endfacet
  facet normal 0 0 1
    outer loop
      vertex -1.8302705977008216 20.920088659926655 8
      vertex -1.568803369457847 17.93150456565142 8
      vertex -0.9151352988504108 17.960044329963328 8
    endloop
  endfacet
  facet normal 0 0 1
    outer loop
      vertex -0.9151352988504108 17.960044329963328 8
      vertex 0 18 8
      vertex 0 21 8
    endloop
  endfacet
  facet normal 0 0 1
    outer loop
      vertex -3.125667198004746 17.726539554219745 8
      vertex -2.5417778270742404 15.271802641741315 8
      vertex -2.2174966313523883 17.846102477554886 8
    endloop
  endfacet
  facet normal 0 0 1
    outer loop
      vertex -1.568803369457847 17.93150456565142 8
      vertex -1.0061310024090704 14.956071371745335 8
      vertex -0.9151352988504108 17.960044329963328 8
    endloop
  endfacet
  facet normal 0 0 1
    outer loop
      vertex -7.338246723543959 16.424914732679586 8
      vertex -7.60712871133259 13.461136168013867 8
      vertex -7.48029975687703 13.408679529056894 8
    endloop
  endfacet
  facet normal -0.6087614290087221 0.793353340291234 0
    outer loop
      vertex -12.045105163371968 17.20219293006883 8
      vertex -12.045105163371968 17.20219293006883 0
      vertex -13.498539803417325 16.086933305498537 8
    endloop
  endfacet
  facet normal -0.6755902076156588 0.7372773368101253 9.256961809317415e-19
    outer loop
      vertex -14.849242404917499 14.849242404917499 8
      vertex -13.498539803417325 16.086933305498537 8
      vertex -13.498539803417325 16.086933305498537 0
    endloop
  endfacet
  facet normal -0.4617486132350339 0.8870108331782217 4.1999325859417085e-18
    outer loop
      vertex -10.5 18.186533479473212 8
      vertex -8.874983496554687 19.03246352776965 8
      vertex -8.874983496554687 19.03246352776965 0
    endloop
  endfacet
  facet normal -0.5372996083468234 0.8433914458128859 1.921497155411749e-18
    outer loop
      vertex -12.045105163371968 17.20219293006883 8
      vertex -10.5 18.186533479473212 8
      vertex -10.5 18.186533479473212 0
    endloop
  endfacet
  facet normal -0.6755902076156588 0.7372773368101253 0
    outer loop
      vertex -14.849242404917499 14.849242404917499 8
      vertex -13.498539803417325 16.086933305498537 0
      vertex -14.849242404917499 14.849242404917499 0
    endloop
  endfacet
  facet normal -0.6087614290087221 0.793353340291234 0
    outer loop
      vertex -13.498539803417325 16.086933305498537 8
      vertex -12.045105163371968 17.20219293006883 0
      vertex -13.498539803417325 16.086933305498537 0
    endloop
  endfacet
  facet normal -0.4617486132350339 0.8870108331782217 0
    outer loop
      vertex -10.5 18.186533479473212 8
      vertex -8.874983496554687 19.03246352776965 0
      vertex -10.5 18.186533479473212 0
    endloop
  endfacet
  facet normal -0.3826834323650893 0.923879532511287 0
    outer loop
      vertex -8.874983496554687 19.03246352776965 8
      vertex -7.182423009839043 19.733545036504076 0
      vertex -8.874983496554687 19.03246352776965 0
    endloop
  endfacet
  facet normal -0.5372996083468234 0.8433914458128859 0
    outer loop
      vertex -12.045105163371968 17.20219293006883 8
      vertex -10.5 18.186533479473212 0
      vertex -12.045105163371968 17.20219293006883 0
    endloop
  endfacet
  facet normal 0 0 -1
    outer loop
      vertex -10.5 18.186533479473212 0
      vertex -8.874983496554687 19.03246352776965 0
      vertex -9.491477490352215 7.964295261481999 0
    endloop
  endfacet
  facet normal 0 0 -1
    outer loop
      vertex -8.874983496554687 19.03246352776965 0
      vertex -7.182423009839043 19.733545036504076 0
      vertex -7.963556979344609 9.501148552988568 0
    endloop
  endfacet
  facet normal -0.7372773368101253 0.6755902076156588 0
    outer loop
      vertex -16.086933305498537 13.498539803417325 8
      vertex -14.849242404917499 14.849242404917499 8
      vertex -16.086933305498537 13.498539803417325 0
    endloop
  endfacet
  facet normal -0.7372773368101253 0.6755902076156588 9.256961809317415e-19
    outer loop
      vertex -16.086933305498537 13.498539803417325 0
      vertex -14.849242404917499 14.849242404917499 8
      vertex -14.849242404917499 14.849242404917499 0
    endloop
  endfacet
  facet normal 0 0 -1
    outer loop
      vertex -12.045105163371968 17.20219293006883 0
      vertex -10.5 18.186533479473212 0
      vertex -11.229374532063858 5.2363433405920805 0
    endloop
  endfacet
  facet normal 0 0 -1
    outer loop
      vertex -8.874983496554687 19.03246352776965 0
      vertex -8.761225483969907 8.761225483969907 0
      vertex -9.491477490352215 7.964295261481999 0
    endloop
  endfacet
  facet normal 0 0 -1
    outer loop
      vertex -8.874983496554687 19.03246352776965 0
      vertex -8.037585180230295 9.424319653061946 0
      vertex -8.039777080108674 9.422311146873064 0
    endloop
  endfacet
  facet normal 0 0 -1
    outer loop
      vertex -8.874983496554687 19.03246352776965 0
      vertex -7.963556979344609 9.501148552988568 0
      vertex -7.965073603582489 9.499631928750688 0
    endloop
  endfacet
  facet normal 0 0 -1
    outer loop
      vertex -8.874983496554687 19.03246352776965 0
      vertex -7.965073603582489 9.499631928750688 0
      vertex -8.037585180230295 9.424319653061946 0
    endloop
  endfacet
  facet normal 0 0 -1
    outer loop
      vertex -8.874983496554687 19.03246352776965 0
      vertex -8.039777080108674 9.422311146873064 0
      vertex -8.761225483969907 8.761225483969907 0
    endloop
  endfacet
  facet normal 0 0 -1
    outer loop
      vertex -10.5 18.186533479473212 0
      vertex -9.491477490352215 7.964295261481999 0
      vertex -10.149493621922144 7.106751943081254 0
    endloop
  endfacet
  facet normal 0 0 -1
    outer loop
      vertex -10.5 18.186533479473212 0
      vertex -10.149493621922144 7.106751943081254 0
      vertex -10.730265978597435 6.195121951219512 0
    endloop
  endfacet
  facet normal 0 0 -1
    outer loop
      vertex -12.045105163371968 17.20219293006883 0
      vertex -11.229374532063858 5.2363433405920805 0
      vertex -11.643020764859548 4.2377129953521875 0
    endloop
  endfacet
  facet normal 0 0 -1
    outer loop
      vertex -10.5 18.186533479473212 0
      vertex -10.730265978597435 6.195121951219512 0
      vertex -11.229374532063858 5.2363433405920805 0
    endloop
  endfacet
  facet normal 0 0 -1
    outer loop
      vertex -7.965073603582489 9.499631928750688 0
      vertex -8.03705811398845 9.424802620290121 0
      vertex -8.037585180230295 9.424319653061946 0
    endloop
  endfacet
  facet normal -0.3826834323650893 0.923879532511287 -4.933378026427293e-18
    outer loop
      vertex -8.874983496554687 19.03246352776965 8
      vertex -7.182423009839043 19.733545036504076 8
      vertex -7.182423009839043 19.733545036504076 0
    endloop
  endfacet
  facet normal -0.3007057995042739 0.9537169507482266 1.3862474641816604e-19
    outer loop
      vertex -7.182423009839043 19.733545036504076 8
      vertex -5.4351999471529355 20.284442352070435 8
      vertex -5.4351999471529355 20.284442352070435 0
    endloop
  endfacet
  facet normal -0.21643961393810163 0.9762960071199337 -3.024281654719197e-18
    outer loop
      vertex -5.4351999471529355 20.284442352070435 8
      vertex -3.646611731005537 20.680962813256368 8
      vertex -3.646611731005537 20.680962813256368 0
    endloop
  endfacet
  facet normal -0.13052619222005177 0.9914448613738104 6.541657232638564e-19
    outer loop
      vertex -3.646611731005537 20.680962813256368 8
      vertex -1.8302705977008216 20.920088659926655 8
      vertex -1.8302705977008216 20.920088659926655 0
    endloop
  endfacet
  facet normal -0.04361938736533646 0.9990482215818578 8.236396238164078e-19
    outer loop
      vertex -1.8302705977008216 20.920088659926655 8
      vertex 0 21 8
      vertex 0 21 0
    endloop
  endfacet
  facet normal -0.3007057995042739 0.9537169507482266 0
    outer loop
      vertex -7.182423009839043 19.733545036504076 8
      vertex -5.4351999471529355 20.284442352070435 0
      vertex -7.182423009839043 19.733545036504076 0
    endloop
  endfacet
  facet normal -0.21643961393810163 0.9762960071199337 0
    outer loop
      vertex -5.4351999471529355 20.284442352070435 8
      vertex -3.646611731005537 20.680962813256368 0
      vertex -5.4351999471529355 20.284442352070435 0
    endloop
  endfacet
  facet normal 0 0 -1
    outer loop
      vertex -7.182423009839043 19.733545036504076 0
      vertex -5.4351999471529355 20.284442352070435 0
      vertex -6.195121951219512 10.730265978597435 0
    endloop
  endfacet
  facet normal 0 0 -1
    outer loop
      vertex -5.4351999471529355 20.284442352070435 0
      vertex -3.646611731005537 20.680962813256368 0
      vertex -4.2377129953521875 11.643020764859548 0
    endloop
  endfacet
  facet normal -0.13052619222005177 0.9914448613738104 0
    outer loop
      vertex -3.646611731005537 20.680962813256368 8
      vertex -1.8302705977008216 20.920088659926655 0
      vertex -3.646611731005537 20.680962813256368 0
    endloop
  endfacet
  facet normal -0.04361938736533646 0.9990482215818578 0
    outer loop
      vertex -1.8302705977008216 20.920088659926655 8
      vertex 0 21 0
      vertex -1.8302705977008216 20.920088659926655 0
    endloop
  endfacet
  facet normal 0 0 -1
    outer loop
      vertex -1.8302705977008216 20.920088659926655 0
      vertex 0 21 0
      vertex -1.0798809101417157 12.343095283673335 0
    endloop
  endfacet
  facet normal 0 0 -1
    outer loop
      vertex -3.646611731005537 20.680962813256368 0
      vertex -1.8302705977008216 20.920088659926655 0
      vertex -3.2068310954165984 11.968056579386506 0
    endloop
  endfacet
  facet normal 0 0 -1
    outer loop
      vertex -3.646611731005537 20.680962813256368 0
      vertex -3.2068310954165984 11.968056579386506 0
      vertex -4.2377129953521875 11.643020764859548 0
    endloop
  endfacet
  facet normal 0 0 -1
    outer loop
      vertex -1.8302705977008216 20.920088659926655 0
      vertex -2.151543274507332 12.202008256834187 0
      vertex -3.2068310954165984 11.968056579386506 0
    endloop
  endfacet
  facet normal 0 0 -1
    outer loop
      vertex -1.8302705977008216 20.920088659926655 0
      vertex -1.0798809101417157 12.343095283673335 0
      vertex -2.151543274507332 12.202008256834187 0
    endloop
  endfacet
  facet normal 0 0 -1
    outer loop
      vertex -1.0798809101417157 12.343095283673335 0
      vertex 0 21 0
      vertex 0 12.390243902439025 0
    endloop
  endfacet
  facet normal 0 0 -1
    outer loop
      vertex -7.182423009839043 19.733545036504076 0
      vertex -6.195121951219512 10.730265978597435 0
      vertex -7.106751943081254 10.149493621922144 0
    endloop
  endfacet
  facet normal 0 0 -1
    outer loop
      vertex -7.182423009839043 19.733545036504076 0
      vertex -7.950835833113783 9.501805272981917 0
      vertex -7.963556979344609 9.501148552988568 0
    endloop
  endfacet
  facet normal 0 0 -1
    outer loop
      vertex -7.182423009839043 19.733545036504076 0
      vertex -7.899718964061869 9.541028626146437 0
      vertex -7.950835833113783 9.501805272981917 0
    endloop
  endfacet
  facet normal 0 0 -1
    outer loop
      vertex -7.182423009839043 19.733545036504076 0
      vertex -7.106751943081254 10.149493621922144 0
      vertex -7.899718964061869 9.541028626146437 0
    endloop
  endfacet
  facet normal 0 0 -1
    outer loop
      vertex -5.4351999471529355 20.284442352070435 0
      vertex -5.2363433405920805 11.229374532063858 0
      vertex -6.195121951219512 10.730265978597435 0
    endloop
  endfacet
  facet normal 0 0 -1
    outer loop
      vertex -5.4351999471529355 20.284442352070435 0
      vertex -4.2377129953521875 11.643020764859548 0
      vertex -5.2363433405920805 11.229374532063858 0
    endloop
  endfacet
  facet normal 0 0 1
    outer loop
      vertex -14.819996943546503 10.20624108806988 8
      vertex -14.744736797201853 2.728223599374061 8
      vertex -14.566201620185458 6.2352480177876535 8
    endloop
  endfacet
  facet normal 0 0 1
    outer loop
      vertex -16.086933305498537 2.4169782916314384 8
      vertex -15.06902725160705 -9.815341805242111 8
      vertex -15.588457268119894 2.081561511785843 8
    endloop
  endfacet
  facet normal 0 0 -1
    outer loop
      vertex -12.045105163371968 17.20219293006883 0
      vertex -11.968056579386506 3.2068310954165984 0
      vertex -12.202008256834187 2.151543274507332 0
    endloop
  endfacet
  facet normal 0 0 -1
    outer loop
      vertex -12.045105163371968 17.20219293006883 0
      vertex -13.498539803417325 -16.086933305498537 0
      vertex -13.498539803417325 16.086933305498537 0
    endloop
  endfacet
  facet normal 0 0 -1
    outer loop
      vertex -12.045105163371968 17.20219293006883 0
      vertex -12.202008256834187 2.151543274507332 0
      vertex -12.343095283673335 1.0798809101417157 0
    endloop
  endfacet
  facet normal 0 0 -1
    outer loop
      vertex -16.086933305498537 13.498539803417325 0
      vertex -14.849242404917499 14.849242404917499 0
      vertex -16.086933305498537 -13.498539803417325 0
    endloop
  endfacet
  facet normal 0 0 -1
    outer loop
      vertex -14.849242404917499 14.849242404917499 0
      vertex -13.498539803417325 16.086933305498537 0
      vertex -14.849242404917499 -14.849242404917499 0
    endloop
  endfacet
  facet normal 0 0 -1
    outer loop
      vertex -12.045105163371968 17.20219293006883 0
      vertex -11.643020764859548 4.2377129953521875 0
      vertex -11.968056579386506 3.2068310954165984 0
    endloop
  endfacet
  facet normal 0 0 -1
    outer loop
      vertex -12.045105163371968 17.20219293006883 0
      vertex -12.343095283673335 1.0798809101417157 0
      vertex -13.498539803417325 -16.086933305498537 0
    endloop
  endfacet
  facet normal 0 0 1
    outer loop
      vertex -20.334351153532268 -5.210075891991471 8
      vertex -20.284442352070435 -5.4351999471529355 8
      vertex -20.295813298584836 -5.174762454123377 8
    endloop
  endfacet
  facet normal 0 0 1
    outer loop
      vertex -19.733545036504076 -2.304046748958955 8
      vertex -19.840996304129575 -4.721384368262905 8
      vertex -19.733545036504076 -7.182423009839043 8
    endloop
  endfacet
  facet normal 0 0 1
    outer loop
      vertex -20.284442352070435 -5.4351999471529355 8
      vertex -19.733545036504076 -7.182423009839043 8
      vertex -19.840996304129575 -4.721384368262905 8
    endloop
  endfacet
  facet normal 0 0 1
    outer loop
      vertex -17.20219293006883 12.045105163371968 8
      vertex -17.20219293006883 -12.045105163371968 8
      vertex -16.086933305498537 -13.498539803417325 8
    endloop
  endfacet
  facet normal 0 0 1
    outer loop
      vertex -19.03246352776965 -8.874983496554687 8
      vertex -18.186533479473212 -10.5 8
      vertex -17.20219293006883 -12.045105163371968 8
    endloop
  endfacet
  facet normal -0.9762960071199326 -0.216439613938106 0
    outer loop
      vertex -20.334351153532268 -5.210075891991471 8
      vertex -20.334351153532268 -5.210075891991471 0
      vertex -20.284442352070435 -5.4351999471529355 8
    endloop
  endfacet
  facet normal -0.9537169507482266 -0.3007057995042739 -1.3862474641816604e-19
    outer loop
      vertex -20.284442352070435 -5.4351999471529355 8
      vertex -19.733545036504076 -7.182423009839043 0
      vertex -19.733545036504076 -7.182423009839043 8
    endloop
  endfacet
  facet normal -0.923879532511287 -0.3826834323650893 4.933378026427293e-18
    outer loop
      vertex -19.733545036504076 -7.182423009839043 8
      vertex -19.03246352776965 -8.874983496554687 0
      vertex -19.03246352776965 -8.874983496554687 8
    endloop
  endfacet
  facet normal -0.8870108331782217 -0.4617486132350339 -4.1999325859417085e-18
    outer loop
      vertex -19.03246352776965 -8.874983496554687 8
      vertex -18.186533479473212 -10.5 0
      vertex -18.186533479473212 -10.5 8
    endloop
  endfacet
  facet normal -0.9762960071199326 -0.216439613938106 0
    outer loop
      vertex -20.284442352070435 -5.4351999471529355 8
      vertex -20.334351153532268 -5.210075891991471 0
      vertex -20.284442352070435 -5.4351999471529355 0
    endloop
  endfacet
  facet normal -0.9537169507482266 -0.3007057995042739 0
    outer loop
      vertex -20.284442352070435 -5.4351999471529355 8
      vertex -20.284442352070435 -5.4351999471529355 0
      vertex -19.733545036504076 -7.182423009839043 0
    endloop
  endfacet
  facet normal 0 0 -1
    outer loop
      vertex -16.086933305498537 13.498539803417325 0
      vertex -16.086933305498537 -13.498539803417325 0
      vertex -17.20219293006883 -12.045105163371968 0
    endloop
  endfacet
  facet normal -0.923879532511287 -0.3826834323650893 0
    outer loop
      vertex -19.733545036504076 -7.182423009839043 8
      vertex -19.733545036504076 -7.182423009839043 0
      vertex -19.03246352776965 -8.874983496554687 0
    endloop
  endfacet
  facet normal -0.8870108331782217 -0.4617486132350339 0
    outer loop
      vertex -19.03246352776965 -8.874983496554687 8
      vertex -19.03246352776965 -8.874983496554687 0
      vertex -18.186533479473212 -10.5 0
    endloop
  endfacet
  facet normal -0.8433914458128859 -0.5372996083468234 -1.921497155411749e-18
    outer loop
      vertex -18.186533479473212 -10.5 8
      vertex -17.20219293006883 -12.045105163371968 0
      vertex -17.20219293006883 -12.045105163371968 8
    endloop
  endfacet
  facet normal -0.793353340291234 -0.6087614290087221 2.27275121015473e-20
    outer loop
      vertex -17.20219293006883 -12.045105163371968 8
      vertex -16.086933305498537 -13.498539803417325 0
      vertex -16.086933305498537 -13.498539803417325 8
    endloop
  endfacet
  facet normal -0.8433914458128859 -0.5372996083468234 0
    outer loop
      vertex -18.186533479473212 -10.5 8
      vertex -18.186533479473212 -10.5 0
      vertex -17.20219293006883 -12.045105163371968 0
    endloop
  endfacet
  facet normal -0.793353340291234 -0.6087614290087221 0
    outer loop
      vertex -17.20219293006883 -12.045105163371968 8
      vertex -17.20219293006883 -12.045105163371968 0
      vertex -16.086933305498537 -13.498539803417325 0
    endloop
  endfacet
  facet normal 0 0 1
    outer loop
      vertex -16.086933305498537 2.4169782916314384 8
      vertex -16.086933305498537 -13.498539803417325 8
      vertex -15.06902725160705 -9.815341805242111 8
    endloop
  endfacet
  facet normal 0 0 1
    outer loop
      vertex -14.744736797201853 -2.728223599374061 8
      vertex -14.811158590818115 -8.803066666025668 8
      vertex -14.702377120275369 -10.37958006007478 8
    endloop
  endfacet
  facet normal 0 0 1
    outer loop
      vertex -14.90611213225678 -6.628273014921214 8
      vertex -14.849242404917499 -14.849242404917499 8
      vertex -14.811158590818115 -8.803066666025668 8
    endloop
  endfacet
  facet normal 0 0 1
    outer loop
      vertex -13.788799976141604 -7.656394078675714 8
      vertex -13.92063648028648 -8.55062459269869 8
      vertex -13.540386810842183 -11.841272373426493 8
    endloop
  endfacet
  facet normal 0 0 1
    outer loop
      vertex -14.90611213225678 -6.628273014921214 8
      vertex -15.06902725160705 -9.815341805242111 8
      vertex -14.849242404917499 -14.849242404917499 8
    endloop
  endfacet
  facet normal 0 0 1
    outer loop
      vertex -14.811158590818115 -8.803066666025668 8
      vertex -14.849242404917499 -14.849242404917499 8
      vertex -14.702377120275369 -10.37958006007478 8
    endloop
  endfacet
  facet normal 0 0 1
    outer loop
      vertex -13.92063648028648 -8.55062459269869 8
      vertex -14.520896439855694 -10.616090287478185 8
      vertex -14.849242404917499 -14.849242404917499 8
    endloop
  endfacet
  facet normal 0 0 1
    outer loop
      vertex -13.92063648028648 -8.55062459269869 8
      vertex -14.849242404917499 -14.849242404917499 8
      vertex -13.540386810842183 -11.841272373426493 8
    endloop
  endfacet
  facet normal 0 0 1
    outer loop
      vertex -16.086933305498537 -13.498539803417325 8
      vertex -14.849242404917499 -14.849242404917499 8
      vertex -15.06902725160705 -9.815341805242111 8
    endloop
  endfacet
  facet normal 0 0 1
    outer loop
      vertex -14.702377120275369 -10.37958006007478 8
      vertex -14.849242404917499 -14.849242404917499 8
      vertex -14.520896439855694 -10.616090287478185 8
    endloop
  endfacet
  facet normal 0 0 1
    outer loop
      vertex -13.540386810842183 -11.841272373426493 8
      vertex -13.498539803417325 -16.086933305498537 8
      vertex -13.26506989299908 -12.141728066356864 8
    endloop
  endfacet
  facet normal 0 0 1
    outer loop
      vertex -12.776128948417675 -11.623802822320076 8
      vertex -13.26506989299908 -12.141728066356864 8
      vertex -13.498539803417325 -16.086933305498537 8
    endloop
  endfacet
  facet normal 0 0 1
    outer loop
      vertex -12.727922061357857 -11.325975587794481 8
      vertex -12.776128948417675 -11.623802822320076 8
      vertex -12.156370969358703 -13.25165214450038 8
    endloop
  endfacet
  facet normal 0 0 1
    outer loop
      vertex -13.540386810842183 -11.841272373426493 8
      vertex -14.849242404917499 -14.849242404917499 8
      vertex -13.498539803417325 -16.086933305498537 8
    endloop
  endfacet
  facet normal 0 0 1
    outer loop
      vertex -12.776128948417675 -11.623802822320076 8
      vertex -13.498539803417325 -16.086933305498537 8
      vertex -12.156370969358703 -13.25165214450038 8
    endloop
  endfacet
  facet normal 0 0 1
    outer loop
      vertex -12.156370969358703 -13.25165214450038 8
      vertex -13.498539803417325 -16.086933305498537 8
      vertex -12.045105163371968 -17.20219293006883 8
    endloop
  endfacet
  facet normal 0 0 1
    outer loop
      vertex -11.570176974357707 -10.726024884215464 8
      vertex -11.653997072953214 -11.869004089663726 8
      vertex -11.339282776954702 -13.965971325176671 8
    endloop
  endfacet
  facet normal 0 0 1
    outer loop
      vertex -10.500818574125102 -10.70353411003145 8
      vertex -10.550848282994604 -14.57095839064579 8
      vertex -10.324375854318829 -10.865214074618358 8
    endloop
  endfacet
  facet normal 0 0 1
    outer loop
      vertex -12.156370969358703 -13.25165214450038 8
      vertex -12.045105163371968 -17.20219293006883 8
      vertex -11.653997072953214 -11.869004089663726 8
    endloop
  endfacet
  facet normal 0 0 1
    outer loop
      vertex -11.653997072953214 -11.869004089663726 8
      vertex -12.045105163371968 -17.20219293006883 8
      vertex -11.339282776954702 -13.965971325176671 8
    endloop
  endfacet
  facet normal 0 0 1
    outer loop
      vertex -10.324375854318829 -10.865214074618358 8
      vertex -10.550848282994604 -14.57095839064579 8
      vertex -10.07891877852705 -14.901110200493566 8
    endloop
  endfacet
  facet normal 0 0 1
    outer loop
      vertex -11.339282776954702 -13.965971325176671 8
      vertex -12.045105163371968 -17.20219293006883 8
      vertex -10.550848282994604 -14.57095839064579 8
    endloop
  endfacet
  facet normal 0 0 1
    outer loop
      vertex -10.550848282994604 -14.57095839064579 8
      vertex -10.5 -18.186533479473212 8
      vertex -10.07891877852705 -14.901110200493566 8
    endloop
  endfacet
  facet normal 0 0 1
    outer loop
      vertex -9.079500888826296 -13.767587549550537 8
      vertex -8.741848122377256 -15.722842629648362 8
      vertex -9 -13.520272977974413 8
    endloop
  endfacet
  facet normal 0 0 1
    outer loop
      vertex -10.07891877852705 -14.901110200493566 8
      vertex -10.5 -18.186533479473212 8
      vertex -9.079500888826296 -13.767587549550537 8
    endloop
  endfacet
  facet normal 0 0 1
    outer loop
      vertex -9.079500888826296 -13.767587549550537 8
      vertex -10.5 -18.186533479473212 8
      vertex -8.741848122377256 -15.722842629648362 8
    endloop
  endfacet
  facet normal 0 0 1
    outer loop
      vertex -8.741848122377256 -15.722842629648362 8
      vertex -8.874983496554687 -19.03246352776965 8
      vertex -7.71161979932358 -13.920300785413547 8
    endloop
  endfacet
  facet normal 0 0 1
    outer loop
      vertex -7.71161979932358 -13.920300785413547 8
      vertex -8.874983496554687 -19.03246352776965 8
      vertex -7.60712871133259 -16.3135401666597 8
    endloop
  endfacet
  facet normal 0 0 1
    outer loop
      vertex -7.60712871133259 -13.461136168013867 8
      vertex -7.71161979932358 -13.920300785413547 8
      vertex -7.60712871133259 -16.3135401666597 8
    endloop
  endfacet
  facet normal 0 0 1
    outer loop
      vertex -6.300611162949849 -13.610631446409707 8
      vertex -6.760848467974768 -16.664080921026912 8
      vertex -6.156362579862037 -13.670381165877782 8
    endloop
  endfacet
  facet normal 0 0 1
    outer loop
      vertex -6.156362579862037 -13.670381165877782 8
      vertex -6.760848467974768 -16.664080921026912 8
      vertex -6.156362579862037 -16.914467174146353 8
    endloop
  endfacet
  facet normal 0 0 1
    outer loop
      vertex -4.797866618108904 -14.20020583233798 8
      vertex -5.204772217920141 -15.607040773729857 8
      vertex -4.25 -14.76296508846783 8
    endloop
  endfacet
  facet normal 0 0 1
    outer loop
      vertex -5.209813966975204 -15.709382124166579 8
      vertex -6.156362579862037 -16.914467174146353 8
      vertex -5.259204552563787 -16.711950711533987 8
    endloop
  endfacet
  facet normal 0 0 1
    outer loop
      vertex -4.25 -14.76296508846783 8
      vertex -5.209813966975204 -15.709382124166579 8
      vertex -4.25 -15.3 8
    endloop
  endfacet
  facet normal 0 0 1
    outer loop
      vertex -4.25 -14.76296508846783 8
      vertex -5.204772217920141 -15.607040773729857 8
      vertex -5.209813966975204 -15.709382124166579 8
    endloop
  endfacet
  facet normal 0 0 1
    outer loop
      vertex -5.209813966975204 -15.709382124166579 8
      vertex -5.259204552563787 -16.711950711533987 8
      vertex -4.25 -15.3 8
    endloop
  endfacet
  facet normal 0 0 1
    outer loop
      vertex -4.25 -15.3 8
      vertex -5.259204552563787 -16.711950711533987 8
      vertex -4.0996226441961765 -15.3 8
    endloop
  endfacet
  facet normal 0 0 -1
    outer loop
      vertex -14.849242404917499 14.849242404917499 0
      vertex -14.849242404917499 -14.849242404917499 0
      vertex -16.086933305498537 -13.498539803417325 0
    endloop
  endfacet
  facet normal 0 0 -1
    outer loop
      vertex -13.498539803417325 16.086933305498537 0
      vertex -13.498539803417325 -16.086933305498537 0
      vertex -14.849242404917499 -14.849242404917499 0
    endloop
  endfacet
  facet normal 0 0 -1
    outer loop
      vertex -12.343095283673335 1.0798809101417157 0
      vertex -12.390243902439025 0 0
      vertex -13.498539803417325 -16.086933305498537 0
    endloop
  endfacet
  facet normal 0 0 -1
    outer loop
      vertex -12.390243902439025 0 0
      vertex -12.343095283673335 -1.0798809101417157 0
      vertex -13.498539803417325 -16.086933305498537 0
    endloop
  endfacet
  facet normal 0 0 -1
    outer loop
      vertex -12.343095283673335 -1.0798809101417157 0
      vertex -12.202008256834187 -2.151543274507332 0
      vertex -13.498539803417325 -16.086933305498537 0
    endloop
  endfacet
  facet normal 0 0 -1
    outer loop
      vertex -12.202008256834187 -2.151543274507332 0
      vertex -11.968056579386506 -3.2068310954165984 0
      vertex -13.498539803417325 -16.086933305498537 0
    endloop
  endfacet
  facet normal 0 0 -1
    outer loop
      vertex -11.968056579386506 -3.2068310954165984 0
      vertex -11.643020764859548 -4.2377129953521875 0
      vertex -12.045105163371968 -17.20219293006883 0
    endloop
  endfacet
  facet normal 0 0 -1
    outer loop
      vertex -11.643020764859548 -4.2377129953521875 0
      vertex -11.229374532063858 -5.2363433405920805 0
      vertex -12.045105163371968 -17.20219293006883 0
    endloop
  endfacet
  facet normal 0 0 -1
    outer loop
      vertex -11.229374532063858 -5.2363433405920805 0
      vertex -10.730265978597435 -6.195121951219512 0
      vertex -12.045105163371968 -17.20219293006883 0
    endloop
  endfacet
  facet normal 0 0 -1
    outer loop
      vertex -10.730265978597435 -6.195121951219512 0
      vertex -10.149493621922144 -7.106751943081254 0
      vertex -12.045105163371968 -17.20219293006883 0
    endloop
  endfacet
  facet normal -0.7372773368101253 -0.6755902076156588 -9.256961809317415e-19
    outer loop
      vertex -16.086933305498537 -13.498539803417325 8
      vertex -14.849242404917499 -14.849242404917499 0
      vertex -14.849242404917499 -14.849242404917499 8
    endloop
  endfacet
  facet normal -0.6755902076156588 -0.7372773368101253 0
    outer loop
      vertex -14.849242404917499 -14.849242404917499 8
      vertex -14.849242404917499 -14.849242404917499 0
      vertex -13.498539803417325 -16.086933305498537 8
    endloop
  endfacet
  facet normal -0.6087614290087221 -0.793353340291234 0
    outer loop
      vertex -13.498539803417325 -16.086933305498537 8
      vertex -13.498539803417325 -16.086933305498537 0
      vertex -12.045105163371968 -17.20219293006883 8
    endloop
  endfacet
  facet normal 0 0 -1
    outer loop
      vertex -11.968056579386506 -3.2068310954165984 0
      vertex -12.045105163371968 -17.20219293006883 0
      vertex -13.498539803417325 -16.086933305498537 0
    endloop
  endfacet
  facet normal -0.7372773368101253 -0.6755902076156588 0
    outer loop
      vertex -16.086933305498537 -13.498539803417325 8
      vertex -16.086933305498537 -13.498539803417325 0
      vertex -14.849242404917499 -14.849242404917499 0
    endloop
  endfacet
  facet normal -0.6755902076156588 -0.7372773368101253 0
    outer loop
      vertex -13.498539803417325 -16.086933305498537 8
      vertex -14.849242404917499 -14.849242404917499 0
      vertex -13.498539803417325 -16.086933305498537 0
    endloop
  endfacet
  facet normal 0 0 -1
    outer loop
      vertex -10.149493621922144 -7.106751943081254 0
      vertex -9.491477490352215 -7.964295261481999 0
      vertex -10.5 -18.186533479473212 0
    endloop
  endfacet
  facet normal 0 0 -1
    outer loop
      vertex -9.491477490352215 -7.964295261481999 0
      vertex -8.761225483969907 -8.761225483969907 0
      vertex -10.5 -18.186533479473212 0
    endloop
  endfacet
  facet normal 0 0 -1
    outer loop
      vertex -8.761225483969907 -8.761225483969907 0
      vertex -7.964295261481999 -9.491477490352215 0
      vertex -8.874983496554687 -19.03246352776965 0
    endloop
  endfacet
  facet normal 0 0 -1
    outer loop
      vertex -10.149493621922144 -7.106751943081254 0
      vertex -10.5 -18.186533479473212 0
      vertex -12.045105163371968 -17.20219293006883 0
    endloop
  endfacet
  facet normal 0 0 -1
    outer loop
      vertex -8.761225483969907 -8.761225483969907 0
      vertex -8.874983496554687 -19.03246352776965 0
      vertex -10.5 -18.186533479473212 0
    endloop
  endfacet
  facet normal 0 0 -1
    outer loop
      vertex -7.964295261481999 -9.491477490352215 0
      vertex -7.106751943081254 -10.149493621922144 0
      vertex -8.874983496554687 -19.03246352776965 0
    endloop
  endfacet
  facet normal 0 0 -1
    outer loop
      vertex -6.195121951219512 -10.730265978597435 0
      vertex -5.2363433405920805 -11.229374532063858 0
      vertex -5.4351999471529355 -16.136830260159496 0
    endloop
  endfacet
  facet normal 0 0 -1
    outer loop
      vertex -5.2363433405920805 -11.229374532063858 0
      vertex -5 -11.327271149113662 0
      vertex -5.241744647759736 -15.853587530667044 0
    endloop
  endfacet
  facet normal 0 0 -1
    outer loop
      vertex -7.106751943081254 -10.149493621922144 0
      vertex -6.195121951219512 -10.730265978597435 0
      vertex -7.182423009839043 -19.733545036504076 0
    endloop
  endfacet
  facet normal 0 0 -1
    outer loop
      vertex -7.106751943081254 -10.149493621922144 0
      vertex -7.182423009839043 -19.733545036504076 0
      vertex -8.874983496554687 -19.03246352776965 0
    endloop
  endfacet
  facet normal 0 0 -1
    outer loop
      vertex -6.195121951219512 -10.730265978597435 0
      vertex -5.4351999471529355 -16.136830260159496 0
      vertex -7.182423009839043 -19.733545036504076 0
    endloop
  endfacet
  facet normal 0 0 -1
    outer loop
      vertex -5.2363433405920805 -11.229374532063858 0
      vertex -5.241744647759736 -15.853587530667044 0
      vertex -5.4351999471529355 -16.136830260159496 0
    endloop
  endfacet
  facet normal 0 0 -1
    outer loop
      vertex -5 -11.327271149113662 0
      vertex -5 -15.9 0
      vertex -5.241744647759736 -15.853587530667044 0
    endloop
  endfacet
  facet normal 0 0 1
    outer loop
      vertex -10.550848282994604 -14.57095839064579 8
      vertex -12.045105163371968 -17.20219293006883 8
      vertex -10.5 -18.186533479473212 8
    endloop
  endfacet
  facet normal 0 0 1
    outer loop
      vertex -8.741848122377256 -15.722842629648362 8
      vertex -10.5 -18.186533479473212 8
      vertex -8.874983496554687 -19.03246352776965 8
    endloop
  endfacet
  facet normal 0 0 1
    outer loop
      vertex -7.60712871133259 -16.3135401666597 8
      vertex -8.874983496554687 -19.03246352776965 8
      vertex -6.760848467974768 -16.664080921026912 8
    endloop
  endfacet
  facet normal 0 0 1
    outer loop
      vertex -6.760848467974768 -16.664080921026912 8
      vertex -7.182423009839043 -19.733545036504076 8
      vertex -6.156362579862037 -16.914467174146353 8
    endloop
  endfacet
  facet normal 0 0 1
    outer loop
      vertex -8.874983496554687 -19.03246352776965 8
      vertex -7.182423009839043 -19.733545036504076 8
      vertex -6.760848467974768 -16.664080921026912 8
    endloop
  endfacet
  facet normal 0 0 1
    outer loop
      vertex -6.156362579862037 -16.914467174146353 8
      vertex -7.182423009839043 -19.733545036504076 8
      vertex -6 -20.10636157944897 8
    endloop
  endfacet
  facet normal 0 0 1
    outer loop
      vertex -6.156362579862037 -16.914467174146353 8
      vertex -6 -20.10636157944897 8
      vertex -5.259204552563787 -16.711950711533987 8
    endloop
  endfacet
  facet normal 0 0 1
    outer loop
      vertex -4.0996226441961765 -15.3 8
      vertex -5.259204552563787 -16.711950711533987 8
      vertex -4.868937849241783 -18.171123432265475 8
    endloop
  endfacet
  facet normal -0.5372996083468234 -0.8433914458128859 0
    outer loop
      vertex -12.045105163371968 -17.20219293006883 8
      vertex -12.045105163371968 -17.20219293006883 0
      vertex -10.5 -18.186533479473212 8
    endloop
  endfacet
  facet normal -0.4617486132350339 -0.8870108331782217 0
    outer loop
      vertex -10.5 -18.186533479473212 8
      vertex -10.5 -18.186533479473212 0
      vertex -8.874983496554687 -19.03246352776965 8
    endloop
  endfacet
  facet normal -0.3826834323650893 -0.923879532511287 0
    outer loop
      vertex -8.874983496554687 -19.03246352776965 8
      vertex -8.874983496554687 -19.03246352776965 0
      vertex -7.182423009839043 -19.733545036504076 8
    endloop
  endfacet
  facet normal -0.6087614290087221 -0.793353340291234 2.27275121015473e-20
    outer loop
      vertex -13.498539803417325 -16.086933305498537 0
      vertex -12.045105163371968 -17.20219293006883 0
      vertex -12.045105163371968 -17.20219293006883 8
    endloop
  endfacet
  facet normal -0.5372996083468234 -0.8433914458128859 0
    outer loop
      vertex -10.5 -18.186533479473212 8
      vertex -12.045105163371968 -17.20219293006883 0
      vertex -10.5 -18.186533479473212 0
    endloop
  endfacet
  facet normal -0.4617486132350339 -0.8870108331782217 0
    outer loop
      vertex -8.874983496554687 -19.03246352776965 8
      vertex -10.5 -18.186533479473212 0
      vertex -8.874983496554687 -19.03246352776965 0
    endloop
  endfacet
  facet normal -0.3007057995042732 -0.9537169507482269 0
    outer loop
      vertex -7.182423009839043 -19.733545036504076 8
      vertex -7.182423009839043 -19.733545036504076 0
      vertex -6 -20.10636157944897 8
    endloop
  endfacet
  facet normal -0.3826834323650893 -0.923879532511287 0
    outer loop
      vertex -7.182423009839043 -19.733545036504076 8
      vertex -8.874983496554687 -19.03246352776965 0
      vertex -7.182423009839043 -19.733545036504076 0
    endloop
  endfacet
  facet normal 0 0 -1
    outer loop
      vertex -5.4351999471529355 -16.136830260159496 0
      vertex -6 -20.10636157944897 0
      vertex -7.182423009839043 -19.733545036504076 0
    endloop
  endfacet
  facet normal 0 0 -1
    outer loop
      vertex -5.241744647759736 -15.853587530667044 0
      vertex -5 -15.9 0
      vertex -5.170633176342054 -20.343095393071884 0
    endloop
  endfacet
  facet normal 0 0 -1
    outer loop
      vertex -5 -15.9 0
      vertex -3.825517984007952 -15.9 0
      vertex -5.170633176342054 -20.343095393071884 0
    endloop
  endfacet
  facet normal -0.3007057995042732 -0.9537169507482269 0
    outer loop
      vertex -6 -20.10636157944897 8
      vertex -7.182423009839043 -19.733545036504076 0
      vertex -6 -20.10636157944897 0
    endloop
  endfacet
  facet normal 0 0 1
    outer loop
      vertex 0 21 8
      vertex 1.568803369457847 17.93150456565142 8
      vertex 1.8302705977008216 20.920088659926655 8
    endloop
  endfacet
  facet normal 0 0 1
    outer loop
      vertex 0 21 8
      vertex 0 18 8
      vertex 1.568803369457847 17.93150456565142 8
    endloop
  endfacet
  facet normal 0 0 1
    outer loop
      vertex 1.8302705977008216 20.920088659926655 8
      vertex 3.125667198004746 17.726539554219745 8
      vertex 3.646611731005537 20.680962813256368 8
    endloop
  endfacet
  facet normal 0 0 1
    outer loop
      vertex 1.8302705977008216 20.920088659926655 8
      vertex 1.568803369457847 17.93150456565142 8
      vertex 3.125667198004746 17.726539554219745 8
    endloop
  endfacet
  facet normal 0 0 1
    outer loop
      vertex 3.646611731005537 20.680962813256368 8
      vertex 3.125667198004746 17.726539554219745 8
      vertex 4.658742811845373 17.38666487320323 8
    endloop
  endfacet
  facet normal 0 0 1
    outer loop
      vertex 3.646611731005537 20.680962813256368 8
      vertex 4.658742811845373 17.38666487320323 8
      vertex 5.4351999471529355 20.284442352070435 8
    endloop
  endfacet
  facet normal 0 0 1
    outer loop
      vertex 5.4351999471529355 20.284442352070435 8
      vertex 4.658742811845373 17.38666487320323 8
      vertex 6.156362579862037 16.914467174146353 8
    endloop
  endfacet
  facet normal 0 0 1
    outer loop
      vertex 5.4351999471529355 20.284442352070435 8
      vertex 6.156362579862037 16.914467174146353 8
      vertex 7.182423009839043 19.733545036504076 8
    endloop
  endfacet
  facet normal 0 0 1
    outer loop
      vertex 7.182423009839043 19.733545036504076 8
      vertex 7.60712871133259 16.3135401666597 8
      vertex 8.874983496554687 19.03246352776965 8
    endloop
  endfacet
  facet normal 0 0 1
    outer loop
      vertex 7.182423009839043 19.733545036504076 8
      vertex 6.156362579862037 16.914467174146353 8
      vertex 7.60712871133259 16.3135401666597 8
    endloop
  endfacet
  facet normal 0 0 1
    outer loop
      vertex 7.60712871133259 16.3135401666597 8
      vertex 8.741848122377256 15.722842629648362 8
      vertex 8.874983496554687 19.03246352776965 8
    endloop
  endfacet
  facet normal 0 0 1
    outer loop
      vertex 8.874983496554687 19.03246352776965 8
      vertex 8.741848122377256 15.722842629648362 8
      vertex 10.5 18.186533479473212 8
    endloop
  endfacet
  facet normal 0 0 1
    outer loop
      vertex 10.5 18.186533479473212 8
      vertex 8.741848122377256 15.722842629648362 8
      vertex 9.551823272632845 15.236907071904044 8
    endloop
  endfacet
  facet normal 0 0 1
    outer loop
      vertex 8.741848122377256 15.722842629648362 8
      vertex 9 13.520272977974413 8
      vertex 9.551823272632845 15.236907071904044 8
    endloop
  endfacet
  facet normal 0 0 1
    outer loop
      vertex 10.5 18.186533479473212 8
      vertex 10.550848282994604 14.57095839064579 8
      vertex 12.045105163371968 17.20219293006883 8
    endloop
  endfacet
  facet normal 0 0 1
    outer loop
      vertex 10.5 18.186533479473212 8
      vertex 9.551823272632845 15.236907071904044 8
      vertex 10.07891877852705 14.901110200493566 8
    endloop
  endfacet
  facet normal 0 0 1
    outer loop
      vertex 10.5 18.186533479473212 8
      vertex 10.07891877852705 14.901110200493566 8
      vertex 10.550848282994604 14.57095839064579 8
    endloop
  endfacet
  facet normal 0 0 1
    outer loop
      vertex 12.045105163371968 17.20219293006883 8
      vertex 10.550848282994604 14.57095839064579 8
      vertex 11.339282776954702 13.965971325176671 8
    endloop
  endfacet
  facet normal 0 0 1
    outer loop
      vertex 12.045105163371968 17.20219293006883 8
      vertex 11.339282776954702 13.965971325176671 8
      vertex 11.780641820971576 13.595944476154521 8
    endloop
  endfacet
  facet normal 0 0 1
    outer loop
      vertex 12.045105163371968 17.20219293006883 8
      vertex 12.156370969358703 13.25165214450038 8
      vertex 13.498539803417325 16.086933305498537 8
    endloop
  endfacet
  facet normal 0 0 1
    outer loop
      vertex 10.07891877852705 14.901110200493566 8
      vertex 10.324375854318829 10.865214074618358 8
      vertex 10.550848282994604 14.57095839064579 8
    endloop
  endfacet
  facet normal 0 0 1
    outer loop
      vertex 12.045105163371968 17.20219293006883 8
      vertex 11.780641820971576 13.595944476154521 8
      vertex 12.156370969358703 13.25165214450038 8
    endloop
  endfacet
  facet normal 0 0 1
    outer loop
      vertex 10.550848282994604 14.57095839064579 8
      vertex 10.324375854318829 10.865214074618358 8
      vertex 10.500818574125102 10.70353411003145 8
    endloop
  endfacet
  facet normal 0 0 1
    outer loop
      vertex 11.339282776954702 13.965971325176671 8
      vertex 11.570176974357707 10.726024884215464 8
      vertex 11.780641820971576 13.595944476154521 8
    endloop
  endfacet
  facet normal 0 0 1
    outer loop
      vertex 13.498539803417325 16.086933305498537 8
      vertex 12.156370969358703 13.25165214450038 8
      vertex 12.920777561344938 12.51745721474399 8
    endloop
  endfacet
  facet normal 0 0 1
    outer loop
      vertex 13.498539803417325 16.086933305498537 8
      vertex 13.540386810842183 11.841272373426493 8
      vertex 14.849242404917499 14.849242404917499 8
    endloop
  endfacet
  facet normal 0 0 1
    outer loop
      vertex 13.498539803417325 16.086933305498537 8
      vertex 12.920777561344938 12.51745721474399 8
      vertex 13.540386810842183 11.841272373426493 8
    endloop
  endfacet
  facet normal 0 0 1
    outer loop
      vertex 12.156370969358703 13.25165214450038 8
      vertex 12.727922061357857 11.325975587794481 8
      vertex 12.920777561344938 12.51745721474399 8
    endloop
  endfacet
  facet normal 0 0 1
    outer loop
      vertex 14.849242404917499 14.849242404917499 8
      vertex 13.540386810842183 11.841272373426493 8
      vertex 14.272813625085542 10.939398106252511 8
    endloop
  endfacet
  facet normal 0 0 1
    outer loop
      vertex 14.849242404917499 14.849242404917499 8
      vertex 14.272813625085542 10.939398106252511 8
      vertex 14.702377120275369 10.37958006007478 8
    endloop
  endfacet
  facet normal 0 0 1
    outer loop
      vertex 14.849242404917499 14.849242404917499 8
      vertex 14.702377120275369 10.37958006007478 8
      vertex 14.819996943546503 10.20624108806988 8
    endloop
  endfacet
  facet normal 0 0 1
    outer loop
      vertex 14.849242404917499 14.849242404917499 8
      vertex 15.06902725160705 9.815341805242111 8
      vertex 16.086933305498537 13.498539803417325 8
    endloop
  endfacet
  facet normal 0 0 1
    outer loop
      vertex 13.540386810842183 11.841272373426493 8
      vertex 13.788799976141604 7.656394078675714 8
      vertex 14.272813625085542 10.939398106252511 8
    endloop
  endfacet
  facet normal 0 0 1
    outer loop
      vertex 14.849242404917499 14.849242404917499 8
      vertex 14.819996943546503 10.20624108806988 8
      vertex 15.06902725160705 9.815341805242111 8
    endloop
  endfacet
  facet normal 0 0 1
    outer loop
      vertex 14.702377120275369 10.37958006007478 8
      vertex 14.811158590818115 8.803066666025668 8
      vertex 14.819996943546503 10.20624108806988 8
    endloop
  endfacet
  facet normal 0.04361938736533646 0.9990482215818578 -8.236396238164078e-19
    outer loop
      vertex 0 21 8
      vertex 1.8302705977008216 20.920088659926655 8
      vertex 1.8302705977008216 20.920088659926655 0
    endloop
  endfacet
  facet normal 0.13052619222005177 0.9914448613738104 -6.541657232638564e-19
    outer loop
      vertex 1.8302705977008216 20.920088659926655 8
      vertex 3.646611731005537 20.680962813256368 8
      vertex 3.646611731005537 20.680962813256368 0
    endloop
  endfacet
  facet normal 0.21643961393810163 0.9762960071199337 3.024281654719197e-18
    outer loop
      vertex 3.646611731005537 20.680962813256368 8
      vertex 5.4351999471529355 20.284442352070435 8
      vertex 5.4351999471529355 20.284442352070435 0
    endloop
  endfacet
  facet normal 0.3007057995042739 0.9537169507482266 -1.3862474641816604e-19
    outer loop
      vertex 5.4351999471529355 20.284442352070435 8
      vertex 7.182423009839043 19.733545036504076 8
      vertex 7.182423009839043 19.733545036504076 0
    endloop
  endfacet
  facet normal 0.04361938736533646 0.9990482215818578 0
    outer loop
      vertex 0 21 8
      vertex 1.8302705977008216 20.920088659926655 0
      vertex 0 21 0
    endloop
  endfacet
  facet normal 0.13052619222005177 0.9914448613738104 0
    outer loop
      vertex 1.8302705977008216 20.920088659926655 8
      vertex 3.646611731005537 20.680962813256368 0
      vertex 1.8302705977008216 20.920088659926655 0
    endloop
  endfacet
  facet normal 0 0 -1
    outer loop
      vertex 0 21 0
      vertex 1.8302705977008216 20.920088659926655 0
      vertex 0 12.390243902439025 0
    endloop
  endfacet
  facet normal 0 0 -1
    outer loop
      vertex 1.8302705977008216 20.920088659926655 0
      vertex 3.646611731005537 20.680962813256368 0
      vertex 1.0798809101417157 12.343095283673335 0
    endloop
  endfacet
  facet normal 0 0 -1
    outer loop
      vertex 1.8302705977008216 20.920088659926655 0
      vertex 1.0798809101417157 12.343095283673335 0
      vertex 0 12.390243902439025 0
    endloop
  endfacet
  facet normal 0 0 -1
    outer loop
      vertex 3.646611731005537 20.680962813256368 0
      vertex 5.4351999471529355 20.284442352070435 0
      vertex 2.151543274507332 12.202008256834187 0
    endloop
  endfacet
  facet normal 0 0 -1
    outer loop
      vertex 3.646611731005537 20.680962813256368 0
      vertex 2.151543274507332 12.202008256834187 0
      vertex 1.0798809101417157 12.343095283673335 0
    endloop
  endfacet
  facet normal 0 0 -1
    outer loop
      vertex 5.4351999471529355 20.284442352070435 0
      vertex 3.2068310954165984 11.968056579386506 0
      vertex 2.151543274507332 12.202008256834187 0
    endloop
  endfacet
  facet normal 0.21643961393810163 0.9762960071199337 0
    outer loop
      vertex 3.646611731005537 20.680962813256368 8
      vertex 5.4351999471529355 20.284442352070435 0
      vertex 3.646611731005537 20.680962813256368 0
    endloop
  endfacet
  facet normal 0.3007057995042739 0.9537169507482266 0
    outer loop
      vertex 5.4351999471529355 20.284442352070435 8
      vertex 7.182423009839043 19.733545036504076 0
      vertex 5.4351999471529355 20.284442352070435 0
    endloop
  endfacet
  facet normal 0.3826834323650893 0.923879532511287 0
    outer loop
      vertex 7.182423009839043 19.733545036504076 8
      vertex 8.874983496554687 19.03246352776965 0
      vertex 7.182423009839043 19.733545036504076 0
    endloop
  endfacet
  facet normal 0 0 -1
    outer loop
      vertex 5.4351999471529355 20.284442352070435 0
      vertex 7.182423009839043 19.733545036504076 0
      vertex 5.2363433405920805 11.229374532063858 0
    endloop
  endfacet
  facet normal 0 0 -1
    outer loop
      vertex 7.182423009839043 19.733545036504076 0
      vertex 8.874983496554687 19.03246352776965 0
      vertex 7.106751943081254 10.149493621922144 0
    endloop
  endfacet
  facet normal 0 0 -1
    outer loop
      vertex 5.4351999471529355 20.284442352070435 0
      vertex 4.2377129953521875 11.643020764859548 0
      vertex 3.2068310954165984 11.968056579386506 0
    endloop
  endfacet
  facet normal 0 0 -1
    outer loop
      vertex 5.4351999471529355 20.284442352070435 0
      vertex 5.2363433405920805 11.229374532063858 0
      vertex 4.2377129953521875 11.643020764859548 0
    endloop
  endfacet
  facet normal 0 0 -1
    outer loop
      vertex 7.182423009839043 19.733545036504076 0
      vertex 6.195121951219512 10.730265978597435 0
      vertex 5.2363433405920805 11.229374532063858 0
    endloop
  endfacet
  facet normal 0 0 -1
    outer loop
      vertex 7.182423009839043 19.733545036504076 0
      vertex 7.106751943081254 10.149493621922144 0
      vertex 6.195121951219512 10.730265978597435 0
    endloop
  endfacet
  facet normal 0 0 -1
    outer loop
      vertex 7.106751943081254 10.149493621922144 0
      vertex 8.874983496554687 19.03246352776965 0
      vertex 7.965073603582489 9.499631928750688 0
    endloop
  endfacet
  facet normal 0 0 -1
    outer loop
      vertex 7.106751943081254 10.149493621922144 0
      vertex 7.965073603582489 9.499631928750688 0
      vertex 7.899718964061869 9.541028626146437 0
    endloop
  endfacet
  facet normal 0 0 -1
    outer loop
      vertex 7.965073603582489 9.499631928750688 0
      vertex 7.946787059416266 9.504912006308242 0
      vertex 7.899718964061869 9.541028626146437 0
    endloop
  endfacet
  facet normal 0 0 -1
    outer loop
      vertex 7.946787059416266 9.504912006308242 0
      vertex 7.965073603582489 9.499631928750688 0
      vertex 7.948565417155461 9.503547424420676 0
    endloop
  endfacet
  facet normal 0.3826834323650893 0.923879532511287 4.933378026427293e-18
    outer loop
      vertex 7.182423009839043 19.733545036504076 8
      vertex 8.874983496554687 19.03246352776965 8
      vertex 8.874983496554687 19.03246352776965 0
    endloop
  endfacet
  facet normal 0.4617486132350339 0.8870108331782217 -4.1999325859417085e-18
    outer loop
      vertex 8.874983496554687 19.03246352776965 8
      vertex 10.5 18.186533479473212 8
      vertex 10.5 18.186533479473212 0
    endloop
  endfacet
  facet normal 0.5372996083468234 0.8433914458128859 -1.921497155411749e-18
    outer loop
      vertex 10.5 18.186533479473212 8
      vertex 12.045105163371968 17.20219293006883 8
      vertex 12.045105163371968 17.20219293006883 0
    endloop
  endfacet
  facet normal 0.6087614290087221 0.793353340291234 2.27275121015473e-20
    outer loop
      vertex 12.045105163371968 17.20219293006883 8
      vertex 13.498539803417325 16.086933305498537 8
      vertex 13.498539803417325 16.086933305498537 0
    endloop
  endfacet
  facet normal 0.6755902076156588 0.7372773368101253 -9.256961809317415e-19
    outer loop
      vertex 13.498539803417325 16.086933305498537 8
      vertex 14.849242404917499 14.849242404917499 8
      vertex 14.849242404917499 14.849242404917499 0
    endloop
  endfacet
  facet normal 0.4617486132350339 0.8870108331782217 0
    outer loop
      vertex 8.874983496554687 19.03246352776965 8
      vertex 10.5 18.186533479473212 0
      vertex 8.874983496554687 19.03246352776965 0
    endloop
  endfacet
  facet normal 0.5372996083468234 0.8433914458128859 0
    outer loop
      vertex 10.5 18.186533479473212 8
      vertex 12.045105163371968 17.20219293006883 0
      vertex 10.5 18.186533479473212 0
    endloop
  endfacet
  facet normal 0 0 -1
    outer loop
      vertex 8.874983496554687 19.03246352776965 0
      vertex 10.5 18.186533479473212 0
      vertex 8.761225483969907 8.761225483969907 0
    endloop
  endfacet
  facet normal 0.6087614290087221 0.793353340291234 0
    outer loop
      vertex 12.045105163371968 17.20219293006883 8
      vertex 13.498539803417325 16.086933305498537 0
      vertex 12.045105163371968 17.20219293006883 0
    endloop
  endfacet
  facet normal 0.6755902076156588 0.7372773368101253 0
    outer loop
      vertex 13.498539803417325 16.086933305498537 8
      vertex 14.849242404917499 14.849242404917499 0
      vertex 13.498539803417325 16.086933305498537 0
    endloop
  endfacet
  facet normal 0.7372773368101253 0.6755902076156588 0
    outer loop
      vertex 14.849242404917499 14.849242404917499 8
      vertex 16.086933305498537 13.498539803417325 8
      vertex 14.849242404917499 14.849242404917499 0
    endloop
  endfacet
  facet normal 0 0 -1
    outer loop
      vertex 8.874983496554687 19.03246352776965 0
      vertex 8.036664647111639 9.425163166255286 0
      vertex 7.965073603582489 9.499631928750688 0
    endloop
  endfacet
  facet normal 0 0 -1
    outer loop
      vertex 8.874983496554687 19.03246352776965 0
      vertex 8.039777080108674 9.422311146873064 0
      vertex 8.036664647111639 9.425163166255286 0
    endloop
  endfacet
  facet normal 0 0 -1
    outer loop
      vertex 8.874983496554687 19.03246352776965 0
      vertex 8.761225483969907 8.761225483969907 0
      vertex 8.039777080108674 9.422311146873064 0
    endloop
  endfacet
  facet normal 0 0 -1
    outer loop
      vertex 10.5 18.186533479473212 0
      vertex 9.491477490352215 7.964295261481999 0
      vertex 8.761225483969907 8.761225483969907 0
    endloop
  endfacet
  facet normal 0 0 -1
    outer loop
      vertex 10.5 18.186533479473212 0
      vertex 12.045105163371968 17.20219293006883 0
      vertex 10.149493621922144 7.106751943081254 0
    endloop
  endfacet
  facet normal 0 0 -1
    outer loop
      vertex 10.5 18.186533479473212 0
      vertex 10.149493621922144 7.106751943081254 0
      vertex 9.491477490352215 7.964295261481999 0
    endloop
  endfacet
  facet normal 0 0 -1
    outer loop
      vertex 12.045105163371968 17.20219293006883 0
      vertex 10.730265978597435 6.195121951219512 0
      vertex 10.149493621922144 7.106751943081254 0
    endloop
  endfacet
  facet normal 0 0 -1
    outer loop
      vertex 12.045105163371968 17.20219293006883 0
      vertex 11.229374532063858 5.2363433405920805 0
      vertex 10.730265978597435 6.195121951219512 0
    endloop
  endfacet
  facet normal 0 0 -1
    outer loop
      vertex 12.045105163371968 17.20219293006883 0
      vertex 11.643020764859548 4.2377129953521875 0
      vertex 11.229374532063858 5.2363433405920805 0
    endloop
  endfacet
  facet normal 0.7372773368101253 0.6755902076156588 -9.256961809317415e-19
    outer loop
      vertex 14.849242404917499 14.849242404917499 0
      vertex 16.086933305498537 13.498539803417325 8
      vertex 16.086933305498537 13.498539803417325 0
    endloop
  endfacet
  facet normal 0 0 -1
    outer loop
      vertex 12.045105163371968 17.20219293006883 0
      vertex 13.498539803417325 16.086933305498537 0
      vertex 11.968056579386506 3.2068310954165984 0
    endloop
  endfacet
  facet normal 0 0 1
    outer loop
      vertex 14.702377120275369 10.37958006007478 8
      vertex 14.744736797201853 2.728223599374061 8
      vertex 14.811158590818115 8.803066666025668 8
    endloop
  endfacet
  facet normal 0 0 1
    outer loop
      vertex 15.06902725160705 9.815341805242111 8
      vertex 15.588457268119894 -2.081561511785843 8
      vertex 16.086933305498537 13.498539803417325 8
    endloop
  endfacet
  facet normal 0 0 1
    outer loop
      vertex 15.588457268119894 -2.081561511785843 8
      vertex 16.086933305498537 -2.4169782916314384 8
      vertex 16.086933305498537 13.498539803417325 8
    endloop
  endfacet
  facet normal 0 0 -1
    outer loop
      vertex 12.045105163371968 17.20219293006883 0
      vertex 11.968056579386506 3.2068310954165984 0
      vertex 11.643020764859548 4.2377129953521875 0
    endloop
  endfacet
  facet normal 0 0 -1
    outer loop
      vertex 13.498539803417325 16.086933305498537 0
      vertex 12.202008256834187 2.151543274507332 0
      vertex 11.968056579386506 3.2068310954165984 0
    endloop
  endfacet
  facet normal 0 0 -1
    outer loop
      vertex 13.498539803417325 16.086933305498537 0
      vertex 12.343095283673335 1.0798809101417157 0
      vertex 12.202008256834187 2.151543274507332 0
    endloop
  endfacet
  facet normal 0 0 -1
    outer loop
      vertex 13.498539803417325 16.086933305498537 0
      vertex 12.390243902439025 0 0
      vertex 12.343095283673335 1.0798809101417157 0
    endloop
  endfacet
  facet normal 0 0 -1
    outer loop
      vertex 13.498539803417325 16.086933305498537 0
      vertex 12.343095283673335 -1.0798809101417157 0
      vertex 12.390243902439025 0 0
    endloop
  endfacet
  facet normal 0 0 -1
    outer loop
      vertex 13.498539803417325 16.086933305498537 0
      vertex 14.849242404917499 14.849242404917499 0
      vertex 13.498539803417325 -16.086933305498537 0
    endloop
  endfacet
  facet normal 0 0 -1
    outer loop
      vertex 14.849242404917499 14.849242404917499 0
      vertex 16.086933305498537 13.498539803417325 0
      vertex 14.849242404917499 -14.849242404917499 0
    endloop
  endfacet
  facet normal 0 0 -1
    outer loop
      vertex 13.498539803417325 16.086933305498537 0
      vertex 12.045105163371968 -17.20219293006883 0
      vertex 12.343095283673335 -1.0798809101417157 0
    endloop
  endfacet
  facet normal 0.793353340291234 0.6087614290087221 0
    outer loop
      vertex 16.086933305498537 13.498539803417325 8
      vertex 17.20219293006883 12.045105163371968 8
      vertex 16.086933305498537 13.498539803417325 0
    endloop
  endfacet
  facet normal 0.8433914458128859 0.5372996083468234 0
    outer loop
      vertex 17.20219293006883 12.045105163371968 8
      vertex 18.186533479473212 10.5 8
      vertex 17.20219293006883 12.045105163371968 0
    endloop
  endfacet
  facet normal 0.8870108331782217 0.4617486132350339 0
    outer loop
      vertex 18.186533479473212 10.5 8
      vertex 19.03246352776965 8.874983496554687 8
      vertex 18.186533479473212 10.5 0
    endloop
  endfacet
  facet normal 0.793353340291234 0.6087614290087221 0
    outer loop
      vertex 17.20219293006883 12.045105163371968 8
      vertex 17.20219293006883 12.045105163371968 0
      vertex 16.086933305498537 13.498539803417325 0
    endloop
  endfacet
  facet normal 0.8433914458128859 0.5372996083468234 0
    outer loop
      vertex 18.186533479473212 10.5 8
      vertex 18.186533479473212 10.5 0
      vertex 17.20219293006883 12.045105163371968 0
    endloop
  endfacet
  facet normal 0.8870108331782217 0.4617486132350339 0
    outer loop
      vertex 19.03246352776965 8.874983496554687 8
      vertex 19.03246352776965 8.874983496554687 0
      vertex 18.186533479473212 10.5 0
    endloop
  endfacet
  facet normal 0 0 1
    outer loop
      vertex 16.086933305498537 13.498539803417325 8
      vertex 16.086933305498537 -2.4169782916314384 8
      vertex 17.20219293006883 12.045105163371968 8
    endloop
  endfacet
  facet normal 0 0 1
    outer loop
      vertex 17.20219293006883 12.045105163371968 8
      vertex 16.086933305498537 -2.4169782916314384 8
      vertex 18.186533479473212 10.5 8
    endloop
  endfacet
  facet normal 0 0 1
    outer loop
      vertex 18.186533479473212 10.5 8
      vertex 19.03246352776965 3.64855716878192 8
      vertex 19.03246352776965 8.874983496554687 8
    endloop
  endfacet
  facet normal 0 0 1
    outer loop
      vertex 19.03246352776965 8.874983496554687 8
      vertex 19.24601846536146 3.9837712742420117 8
      vertex 19.733545036504076 7.182423009839043 8
    endloop
  endfacet
  facet normal 0 0 1
    outer loop
      vertex 19.03246352776965 8.874983496554687 8
      vertex 19.03246352776965 3.64855716878192 8
      vertex 19.24601846536146 3.9837712742420117 8
    endloop
  endfacet
  facet normal 0 0 1
    outer loop
      vertex 19.733545036504076 7.182423009839043 8
      vertex 19.840996304129575 4.721384368262905 8
      vertex 20.284442352070435 5.164342901354148 8
    endloop
  endfacet
  facet normal 0 0 1
    outer loop
      vertex 19.733545036504076 7.182423009839043 8
      vertex 19.733545036504076 4.604121886452528 8
      vertex 19.840996304129575 4.721384368262905 8
    endloop
  endfacet
  facet normal 0 0 1
    outer loop
      vertex 18.186533479473212 10.5 8
      vertex 19.03246352776965 1.33235661082644 8
      vertex 19.03246352776965 3.64855716878192 8
    endloop
  endfacet
  facet normal 0 0 1
    outer loop
      vertex 19.733545036504076 7.182423009839043 8
      vertex 19.24601846536146 3.9837712742420117 8
      vertex 19.733545036504076 4.604121886452528 8
    endloop
  endfacet
  facet normal 0 0 1
    outer loop
      vertex 19.24601846536146 3.9837712742420117 8
      vertex 19.265935689977056 3.5275918312709598 8
      vertex 19.733545036504076 2.304046748958955 8
    endloop
  endfacet
  facet normal 0 0 1
    outer loop
      vertex 19.733545036504076 4.604121886452528 8
      vertex 19.24601846536146 3.9837712742420117 8
      vertex 19.733545036504076 2.304046748958955 8
    endloop
  endfacet
  facet normal 0 0 1
    outer loop
      vertex 19.733545036504076 7.182423009839043 8
      vertex 20.284442352070435 5.164342901354148 8
      vertex 20.284442352070435 5.4351999471529355 8
    endloop
  endfacet
  facet normal 0 0 1
    outer loop
      vertex 20.284442352070435 5.4351999471529355 8
      vertex 20.284442352070435 5.164342901354148 8
      vertex 20.334351153532268 5.210075891991471 8
    endloop
  endfacet
  facet normal 0 0 1
    outer loop
      vertex 19.840996304129575 4.721384368262905 8
      vertex 20.050252531694166 -0.07137120742567404 8
      vertex 20.284442352070435 5.164342901354148 8
    endloop
  endfacet
  facet normal 0 0 1
    outer loop
      vertex 18.186533479473212 10.5 8
      vertex 19.03246352776965 -8.874983496554687 8
      vertex 19.03246352776965 1.33235661082644 8
    endloop
  endfacet
  facet normal 0 0 1
    outer loop
      vertex 19.265935689977056 3.5275918312709598 8
      vertex 19.03246352776965 1.33235661082644 8
      vertex 19.733545036504076 -7.182423009839043 8
    endloop
  endfacet
  facet normal 0 0 1
    outer loop
      vertex 19.265935689977056 3.5275918312709598 8
      vertex 19.733545036504076 -7.182423009839043 8
      vertex 19.733545036504076 2.304046748958955 8
    endloop
  endfacet
  facet normal 0 0 1
    outer loop
      vertex 18.186533479473212 10.5 8
      vertex 16.086933305498537 -2.4169782916314384 8
      vertex 16.086933305498537 -13.498539803417325 8
    endloop
  endfacet
  facet normal 0 0 1
    outer loop
      vertex 19.733545036504076 2.304046748958955 8
      vertex 19.733545036504076 -7.182423009839043 8
      vertex 20.050252531694166 -0.07137120742567404 8
    endloop
  endfacet
  facet normal 0 0 1
    outer loop
      vertex 18.186533479473212 10.5 8
      vertex 18.186533479473212 -10.5 8
      vertex 19.03246352776965 -8.874983496554687 8
    endloop
  endfacet
  facet normal 0 0 1
    outer loop
      vertex 20.284442352070435 5.164342901354148 8
      vertex 20.050252531694166 -0.07137120742567404 8
      vertex 20.284442352070435 -0.4140812714214235 8
    endloop
  endfacet
  facet normal 0 0 1
    outer loop
      vertex 20.284442352070435 -0.4140812714214235 8
      vertex 20.2721236321513 -5.153054874268254 8
      vertex 20.284442352070435 -5.4351999471529355 8
    endloop
  endfacet
  facet normal 0 0 1
    outer loop
      vertex 20.284442352070435 -0.4140812714214235 8
      vertex 20.284442352070435 -5.4351999471529355 8
      vertex 20.334351153532268 -5.210075891991471 8
    endloop
  endfacet
  facet normal 0.923879532511287 0.3826834323650893 0
    outer loop
      vertex 19.03246352776965 8.874983496554687 8
      vertex 19.733545036504076 7.182423009839043 8
      vertex 19.03246352776965 8.874983496554687 0
    endloop
  endfacet
  facet normal 0.9537169507482266 0.3007057995042739 0
    outer loop
      vertex 19.733545036504076 7.182423009839043 8
      vertex 20.284442352070435 5.4351999471529355 8
      vertex 19.733545036504076 7.182423009839043 0
    endloop
  endfacet
  facet normal 0.9762960071199326 0.216439613938106 -1.5473221435236414e-19
    outer loop
      vertex 20.284442352070435 5.4351999471529355 8
      vertex 20.334351153532268 5.210075891991471 8
      vertex 20.334351153532268 5.210075891991471 0
    endloop
  endfacet
  facet normal 0.923879532511287 0.3826834323650893 4.933378026427293e-18
    outer loop
      vertex 19.03246352776965 8.874983496554687 0
      vertex 19.733545036504076 7.182423009839043 8
      vertex 19.733545036504076 7.182423009839043 0
    endloop
  endfacet
  facet normal 0 0 -1
    outer loop
      vertex 16.086933305498537 13.498539803417325 0
      vertex 17.20219293006883 12.045105163371968 0
      vertex 16.086933305498537 -13.498539803417325 0
    endloop
  endfacet
  facet normal 0 0 -1
    outer loop
      vertex 17.20219293006883 12.045105163371968 0
      vertex 18.186533479473212 10.5 0
      vertex 17.20219293006883 -12.045105163371968 0
    endloop
  endfacet
  facet normal 0 0 -1
    outer loop
      vertex 18.186533479473212 10.5 0
      vertex 19.03246352776965 8.874983496554687 0
      vertex 18.186533479473212 -10.5 0
    endloop
  endfacet
  facet normal 0 0 -1
    outer loop
      vertex 19.03246352776965 8.874983496554687 0
      vertex 19.733545036504076 7.182423009839043 0
      vertex 19.03246352776965 -8.874983496554687 0
    endloop
  endfacet
  facet normal 0.9537169507482266 0.3007057995042739 0
    outer loop
      vertex 20.284442352070435 5.4351999471529355 8
      vertex 20.284442352070435 5.4351999471529355 0
      vertex 19.733545036504076 7.182423009839043 0
    endloop
  endfacet
  facet normal 0.9762960071199326 0.216439613938106 0
    outer loop
      vertex 20.284442352070435 5.4351999471529355 8
      vertex 20.334351153532268 5.210075891991471 0
      vertex 20.284442352070435 5.4351999471529355 0
    endloop
  endfacet
  facet normal 0 0 -1
    outer loop
      vertex 20.284442352070435 5.4351999471529355 0
      vertex 20.334351153532268 5.210075891991471 0
      vertex 20.500486732194226 -0.4869701167414622 0
    endloop
  endfacet
  facet normal 0 0 -1
    outer loop
      vertex 20.334351153532268 5.210075891991471 0
      vertex 20.467598106442754 4.609037728411069 0
      vertex 20.500486732194226 -0.4869701167414622 0
    endloop
  endfacet
  facet normal 0 0 -1
    outer loop
      vertex 19.733545036504076 7.182423009839043 0
      vertex 20.284442352070435 5.4351999471529355 0
      vertex 19.733545036504076 -7.182423009839043 0
    endloop
  endfacet
  facet normal 0 0 -1
    outer loop
      vertex 19.03246352776965 8.874983496554687 0
      vertex 19.03246352776965 -8.874983496554687 0
      vertex 18.186533479473212 -10.5 0
    endloop
  endfacet
  facet normal 0 0 -1
    outer loop
      vertex 19.733545036504076 7.182423009839043 0
      vertex 19.733545036504076 -7.182423009839043 0
      vertex 19.03246352776965 -8.874983496554687 0
    endloop
  endfacet
  facet normal 0 0 -1
    outer loop
      vertex 20.284442352070435 5.4351999471529355 0
      vertex 20.500486732194226 -0.4869701167414622 0
      vertex 20.284442352070435 -5.4351999471529355 0
    endloop
  endfacet
  facet normal 0 0 -1
    outer loop
      vertex 20.284442352070435 5.4351999471529355 0
      vertex 20.284442352070435 -5.4351999471529355 0
      vertex 19.733545036504076 -7.182423009839043 0
    endloop
  endfacet
  facet normal 0 0 -1
    outer loop
      vertex 20.500486732194226 -0.4869701167414622 0
      vertex 20.680962813256368 -1.2287292540858745 0
      vertex 20.334351153532268 -5.210075891991471 0
    endloop
  endfacet
  facet normal 0 0 -1
    outer loop
      vertex 20.500486732194226 -0.4869701167414622 0
      vertex 20.334351153532268 -5.210075891991471 0
      vertex 20.284442352070435 -5.4351999471529355 0
    endloop
  endfacet
  facet normal 0 0 -1
    outer loop
      vertex 20.680962813256368 -1.2287292540858745 0
      vertex 20.54950655391707 -4.239572597866915 0
      vertex 20.334351153532268 -5.210075891991471 0
    endloop
  endfacet
  facet normal 0 0 1
    outer loop
      vertex 4.427304080231561 -14.317043751734628 8
      vertex 4.25 -14.613787101924785 8
      vertex 4.25 -15.3 8
    endloop
  endfacet
  facet normal 0 0 1
    outer loop
      vertex 4.427304080231561 -14.317043751734628 8
      vertex 5.209554990137313 -15.704125210537576 8
      vertex 4.658742811845373 -14.244071399957106 8
    endloop
  endfacet
  facet normal 0 0 1
    outer loop
      vertex 4.427304080231561 -14.317043751734628 8
      vertex 4.25 -15.3 8
      vertex 5.209554990137313 -15.704125210537576 8
    endloop
  endfacet
  facet normal 0 0 1
    outer loop
      vertex 4.0996226441961765 -15.3 8
      vertex 5.014647112652703 -18.71491780644846 8
      vertex 4.25 -15.3 8
    endloop
  endfacet
  facet normal 0 0 1
    outer loop
      vertex 7.48029975687703 -13.408679529056894 8
      vertex 8.187491748277344 -16.011422292268115 8
      vertex 7.60712871133259 -13.461136168013867 8
    endloop
  endfacet
  facet normal 0 0 1
    outer loop
      vertex 6.156362579862037 -14.948095641753318 8
      vertex 5.9031286739075 -16.82193638126144 8
      vertex 6.760848467974768 -16.664080921026912 8
    endloop
  endfacet
  facet normal 0 0 1
    outer loop
      vertex 7.48029975687703 -13.408679529056894 8
      vertex 7.182423009839043 -19.733545036504076 8
      vertex 8.187491748277344 -16.011422292268115 8
    endloop
  endfacet
  facet normal 0 0 1
    outer loop
      vertex 14.744736797201853 -2.728223599374061 8
      vertex 14.566201620185458 -6.2352480177876535 8
      vertex 14.819996943546503 -10.20624108806988 8
    endloop
  endfacet
  facet normal 0 0 1
    outer loop
      vertex 13.588317560985587 -6.978374741041043 8
      vertex 14.272813625085542 -10.939398106252511 8
      vertex 13.788799976141604 -7.656394078675714 8
    endloop
  endfacet
  facet normal 0 0 1
    outer loop
      vertex 15.522035474503632 -7.478690811706834 8
      vertex 14.882034666289963 -10.108861369442257 8
      vertex 15.653134903589295 -8.875755418248525 8
    endloop
  endfacet
  facet normal 0 0 1
    outer loop
      vertex 8.847691470056324 -12.100018407263729 8
      vertex 9.240756418807663 -15.435078513599018 8
      vertex 9 -11.983147961738544 8
    endloop
  endfacet
  facet normal 0 0 1
    outer loop
      vertex 11.393734254551434 -9.747597288971198 8
      vertex 11.339282776954702 -13.965971325176671 8
      vertex 11.570176974357707 -10.726024884215464 8
    endloop
  endfacet
  facet normal 0 0 1
    outer loop
      vertex 10.161508223352103 -11.014454762111534 8
      vertex 10.550848282994604 -14.57095839064579 8
      vertex 10.324375854318829 -10.865214074618358 8
    endloop
  endfacet
  facet normal 0 0 1
    outer loop
      vertex 11.570176974357707 -10.726024884215464 8
      vertex 11.339282776954702 -13.965971325176671 8
      vertex 11.780641820971576 -13.595944476154521 8
    endloop
  endfacet
  facet normal 0 0 1
    outer loop
      vertex 8.847691470056324 -12.100018407263729 8
      vertex 8.741848122377256 -15.722842629648362 8
      vertex 9.240756418807663 -15.435078513599018 8
    endloop
  endfacet
  facet normal 0 0 1
    outer loop
      vertex 9.240756418807663 -15.435078513599018 8
      vertex 10.5 -18.186533479473212 8
      vertex 10.07891877852705 -14.901110200493566 8
    endloop
  endfacet
  facet normal 0 0 1
    outer loop
      vertex 10.161508223352103 -11.014454762111534 8
      vertex 10.07891877852705 -14.901110200493566 8
      vertex 10.550848282994604 -14.57095839064579 8
    endloop
  endfacet
  facet normal 0 0 1
    outer loop
      vertex 11.339282776954702 -13.965971325176671 8
      vertex 12.045105163371968 -17.20219293006883 8
      vertex 11.780641820971576 -13.595944476154521 8
    endloop
  endfacet
  facet normal 0 0 1
    outer loop
      vertex 11.780641820971576 -13.595944476154521 8
      vertex 12.045105163371968 -17.20219293006883 8
      vertex 12.156370969358703 -13.25165214450038 8
    endloop
  endfacet
  facet normal 0 0 1
    outer loop
      vertex 10.07891877852705 -14.901110200493566 8
      vertex 10.5 -18.186533479473212 8
      vertex 10.550848282994604 -14.57095839064579 8
    endloop
  endfacet
  facet normal 0 0 1
    outer loop
      vertex 10.550848282994604 -14.57095839064579 8
      vertex 12.045105163371968 -17.20219293006883 8
      vertex 11.339282776954702 -13.965971325176671 8
    endloop
  endfacet
  facet normal 0 0 1
    outer loop
      vertex 13.588317560985587 -6.978374741041043 8
      vertex 13.26506989299908 -12.141728066356864 8
      vertex 13.498539803417325 -16.086933305498537 8
    endloop
  endfacet
  facet normal 0 0 1
    outer loop
      vertex 13.588317560985587 -6.978374741041043 8
      vertex 13.498539803417325 -16.086933305498537 8
      vertex 14.272813625085542 -10.939398106252511 8
    endloop
  endfacet
  facet normal 0 0 1
    outer loop
      vertex 12.64410196276235 -10.80812617487998 8
      vertex 12.156370969358703 -13.25165214450038 8
      vertex 12.920777561344938 -12.51745721474399 8
    endloop
  endfacet
  facet normal 0 0 1
    outer loop
      vertex 14.566201620185458 -6.2352480177876535 8
      vertex 14.849242404917499 -14.849242404917499 8
      vertex 14.819996943546503 -10.20624108806988 8
    endloop
  endfacet
  facet normal 0 0 1
    outer loop
      vertex 14.566201620185458 -6.2352480177876535 8
      vertex 14.520896439855694 -10.616090287478185 8
      vertex 14.849242404917499 -14.849242404917499 8
    endloop
  endfacet
  facet normal 0 0 1
    outer loop
      vertex 14.819996943546503 -10.20624108806988 8
      vertex 14.849242404917499 -14.849242404917499 8
      vertex 14.882034666289963 -10.108861369442257 8
    endloop
  endfacet
  facet normal 0 0 1
    outer loop
      vertex 15.867148458808986 -8.464639203741942 8
      vertex 15.653134903589295 -8.875755418248525 8
      vertex 16.086933305498537 -13.498539803417325 8
    endloop
  endfacet
  facet normal 0 0 1
    outer loop
      vertex 14.882034666289963 -10.108861369442257 8
      vertex 16.086933305498537 -13.498539803417325 8
      vertex 15.653134903589295 -8.875755418248525 8
    endloop
  endfacet
  facet normal 0 0 1
    outer loop
      vertex 14.272813625085542 -10.939398106252511 8
      vertex 14.849242404917499 -14.849242404917499 8
      vertex 14.520896439855694 -10.616090287478185 8
    endloop
  endfacet
  facet normal 0 0 1
    outer loop
      vertex 14.882034666289963 -10.108861369442257 8
      vertex 14.849242404917499 -14.849242404917499 8
      vertex 16.086933305498537 -13.498539803417325 8
    endloop
  endfacet
  facet normal 0 0 1
    outer loop
      vertex 12.920777561344938 -12.51745721474399 8
      vertex 12.156370969358703 -13.25165214450038 8
      vertex 13.498539803417325 -16.086933305498537 8
    endloop
  endfacet
  facet normal 0 0 1
    outer loop
      vertex 12.920777561344938 -12.51745721474399 8
      vertex 13.498539803417325 -16.086933305498537 8
      vertex 13.26506989299908 -12.141728066356864 8
    endloop
  endfacet
  facet normal 0 0 1
    outer loop
      vertex 12.156370969358703 -13.25165214450038 8
      vertex 12.045105163371968 -17.20219293006883 8
      vertex 13.498539803417325 -16.086933305498537 8
    endloop
  endfacet
  facet normal 0 0 1
    outer loop
      vertex 14.272813625085542 -10.939398106252511 8
      vertex 13.498539803417325 -16.086933305498537 8
      vertex 14.849242404917499 -14.849242404917499 8
    endloop
  endfacet
  facet normal 0 0 -1
    outer loop
      vertex -1.7112529106055854 -15.9 0
      vertex 5 -15.9 0
      vertex 0.19722764966464787 -16.48274415241278 0
    endloop
  endfacet
  facet normal 0 0 -1
    outer loop
      vertex 5 -11.327271149113662 0
      vertex 5.2363433405920805 -11.229374532063858 0
      vertex 5 -15.9 0
    endloop
  endfacet
  facet normal 0 0 -1
    outer loop
      vertex 5.2363433405920805 -11.229374532063858 0
      vertex 6.195121951219512 -10.730265978597435 0
      vertex 5 -15.9 0
    endloop
  endfacet
  facet normal 0 0 -1
    outer loop
      vertex 7.106751943081254 -10.149493621922144 0
      vertex 5.586323336693689 -16.823147669144785 0
      vertex 6.195121951219512 -10.730265978597435 0
    endloop
  endfacet
  facet normal 0 0 -1
    outer loop
      vertex 7.106751943081254 -10.149493621922144 0
      vertex 7.964295261481999 -9.491477490352215 0
      vertex 5.586323336693689 -16.823147669144785 0
    endloop
  endfacet
  facet normal 0 0 -1
    outer loop
      vertex 6.195121951219512 -10.730265978597435 0
      vertex 5.4351999471529355 -16.77177654050275 0
      vertex 5 -15.9 0
    endloop
  endfacet
  facet normal 0 0 -1
    outer loop
      vertex 6.195121951219512 -10.730265978597435 0
      vertex 5.586323336693689 -16.823147669144785 0
      vertex 5.4351999471529355 -16.77177654050275 0
    endloop
  endfacet
  facet normal 0 0 -1
    outer loop
      vertex 7.964295261481999 -9.491477490352215 0
      vertex 7.182423009839043 -19.733545036504076 0
      vertex 5.586323336693689 -16.823147669144785 0
    endloop
  endfacet
  facet normal 0 0 -1
    outer loop
      vertex 11.968056579386506 -3.2068310954165984 0
      vertex 12.045105163371968 -17.20219293006883 0
      vertex 11.643020764859548 -4.2377129953521875 0
    endloop
  endfacet
  facet normal 0 0 -1
    outer loop
      vertex 11.229374532063858 -5.2363433405920805 0
      vertex 10.5 -18.186533479473212 0
      vertex 10.730265978597435 -6.195121951219512 0
    endloop
  endfacet
  facet normal 0 0 -1
    outer loop
      vertex 11.643020764859548 -4.2377129953521875 0
      vertex 12.045105163371968 -17.20219293006883 0
      vertex 11.229374532063858 -5.2363433405920805 0
    endloop
  endfacet
  facet normal 0 0 -1
    outer loop
      vertex 12.343095283673335 -1.0798809101417157 0
      vertex 12.045105163371968 -17.20219293006883 0
      vertex 12.202008256834187 -2.151543274507332 0
    endloop
  endfacet
  facet normal 0 0 -1
    outer loop
      vertex 13.498539803417325 16.086933305498537 0
      vertex 13.498539803417325 -16.086933305498537 0
      vertex 12.045105163371968 -17.20219293006883 0
    endloop
  endfacet
  facet normal 0 0 -1
    outer loop
      vertex 14.849242404917499 14.849242404917499 0
      vertex 14.849242404917499 -14.849242404917499 0
      vertex 13.498539803417325 -16.086933305498537 0
    endloop
  endfacet
  facet normal 0 0 -1
    outer loop
      vertex 16.086933305498537 13.498539803417325 0
      vertex 16.086933305498537 -13.498539803417325 0
      vertex 14.849242404917499 -14.849242404917499 0
    endloop
  endfacet
  facet normal 0 0 -1
    outer loop
      vertex 11.968056579386506 -3.2068310954165984 0
      vertex 12.202008256834187 -2.151543274507332 0
      vertex 12.045105163371968 -17.20219293006883 0
    endloop
  endfacet
  facet normal 0.6755902076156588 -0.7372773368101253 0
    outer loop
      vertex 13.498539803417325 -16.086933305498537 8
      vertex 13.498539803417325 -16.086933305498537 0
      vertex 14.849242404917499 -14.849242404917499 8
    endloop
  endfacet
  facet normal 0.7372773368101253 -0.6755902076156588 9.256961809317415e-19
    outer loop
      vertex 14.849242404917499 -14.849242404917499 8
      vertex 16.086933305498537 -13.498539803417325 0
      vertex 16.086933305498537 -13.498539803417325 8
    endloop
  endfacet
  facet normal 0 0 -1
    outer loop
      vertex 7.964295261481999 -9.491477490352215 0
      vertex 8.761225483969907 -8.761225483969907 0
      vertex 8.874983496554687 -19.03246352776965 0
    endloop
  endfacet
  facet normal 0 0 -1
    outer loop
      vertex 9.491477490352215 -7.964295261481999 0
      vertex 8.874983496554687 -19.03246352776965 0
      vertex 8.761225483969907 -8.761225483969907 0
    endloop
  endfacet
  facet normal 0 0 -1
    outer loop
      vertex 10.730265978597435 -6.195121951219512 0
      vertex 10.5 -18.186533479473212 0
      vertex 10.149493621922144 -7.106751943081254 0
    endloop
  endfacet
  facet normal 0 0 -1
    outer loop
      vertex 10.149493621922144 -7.106751943081254 0
      vertex 10.5 -18.186533479473212 0
      vertex 9.491477490352215 -7.964295261481999 0
    endloop
  endfacet
  facet normal 0 0 -1
    outer loop
      vertex 7.964295261481999 -9.491477490352215 0
      vertex 8.874983496554687 -19.03246352776965 0
      vertex 7.182423009839043 -19.733545036504076 0
    endloop
  endfacet
  facet normal 0 0 -1
    outer loop
      vertex 9.491477490352215 -7.964295261481999 0
      vertex 10.5 -18.186533479473212 0
      vertex 8.874983496554687 -19.03246352776965 0
    endloop
  endfacet
  facet normal 0 0 -1
    outer loop
      vertex 11.229374532063858 -5.2363433405920805 0
      vertex 12.045105163371968 -17.20219293006883 0
      vertex 10.5 -18.186533479473212 0
    endloop
  endfacet
  facet normal 0.6087614290087221 -0.793353340291234 0
    outer loop
      vertex 13.498539803417325 -16.086933305498537 8
      vertex 12.045105163371968 -17.20219293006883 0
      vertex 13.498539803417325 -16.086933305498537 0
    endloop
  endfacet
  facet normal 0.7372773368101253 -0.6755902076156588 0
    outer loop
      vertex 14.849242404917499 -14.849242404917499 8
      vertex 14.849242404917499 -14.849242404917499 0
      vertex 16.086933305498537 -13.498539803417325 0
    endloop
  endfacet
  facet normal 0.6755902076156588 -0.7372773368101253 0
    outer loop
      vertex 14.849242404917499 -14.849242404917499 8
      vertex 13.498539803417325 -16.086933305498537 0
      vertex 14.849242404917499 -14.849242404917499 0
    endloop
  endfacet
  facet normal 0 0 1
    outer loop
      vertex 4.25 -15.3 8
      vertex 5.014647112652703 -18.71491780644846 8
      vertex 5.209554990137313 -15.704125210537576 8
    endloop
  endfacet
  facet normal 0 0 1
    outer loop
      vertex 5.209554990137313 -15.704125210537576 8
      vertex 5.014647112652703 -18.71491780644846 8
      vertex 5.214988200564573 -15.814412748901695 8
    endloop
  endfacet
  facet normal 0 0 1
    outer loop
      vertex 5.9031286739075 -16.82193638126144 8
      vertex 7.182423009839043 -19.733545036504076 8
      vertex 6.760848467974768 -16.664080921026912 8
    endloop
  endfacet
  facet normal 0 0 1
    outer loop
      vertex 7.48029975687703 -13.408679529056894 8
      vertex 6.760848467974768 -16.664080921026912 8
      vertex 7.182423009839043 -19.733545036504076 8
    endloop
  endfacet
  facet normal 0 0 1
    outer loop
      vertex 5.9031286739075 -16.82193638126144 8
      vertex 6 -20.10636157944897 8
      vertex 7.182423009839043 -19.733545036504076 8
    endloop
  endfacet
  facet normal 0 0 1
    outer loop
      vertex 8.741848122377256 -15.722842629648362 8
      vertex 8.874983496554687 -19.03246352776965 8
      vertex 9.240756418807663 -15.435078513599018 8
    endloop
  endfacet
  facet normal 0 0 1
    outer loop
      vertex 8.187491748277344 -16.011422292268115 8
      vertex 8.874983496554687 -19.03246352776965 8
      vertex 8.741848122377256 -15.722842629648362 8
    endloop
  endfacet
  facet normal 0 0 1
    outer loop
      vertex 9.240756418807663 -15.435078513599018 8
      vertex 8.874983496554687 -19.03246352776965 8
      vertex 10.5 -18.186533479473212 8
    endloop
  endfacet
  facet normal 0 0 1
    outer loop
      vertex 8.187491748277344 -16.011422292268115 8
      vertex 7.182423009839043 -19.733545036504076 8
      vertex 8.874983496554687 -19.03246352776965 8
    endloop
  endfacet
  facet normal 0 0 1
    outer loop
      vertex 10.550848282994604 -14.57095839064579 8
      vertex 10.5 -18.186533479473212 8
      vertex 12.045105163371968 -17.20219293006883 8
    endloop
  endfacet
  facet normal 0.3826834323650893 -0.923879532511287 0
    outer loop
      vertex 7.182423009839043 -19.733545036504076 8
      vertex 7.182423009839043 -19.733545036504076 0
      vertex 8.874983496554687 -19.03246352776965 8
    endloop
  endfacet
  facet normal 0.3007057995042732 -0.9537169507482269 0
    outer loop
      vertex 6 -20.10636157944897 8
      vertex 6 -20.10636157944897 0
      vertex 7.182423009839043 -19.733545036504076 8
    endloop
  endfacet
  facet normal 0 0 -1
    outer loop
      vertex 0.19722764966464787 -16.48274415241278 0
      vertex 5 -15.9 0
      vertex 0.6488103678011706 -19.4 0
    endloop
  endfacet
  facet normal 0 0 -1
    outer loop
      vertex 5 -15.9 0
      vertex 3.781650136179221 -17.588074841124243 0
      vertex 2.2285714285714313 -19.4 0
    endloop
  endfacet
  facet normal 0 0 -1
    outer loop
      vertex 5 -15.9 0
      vertex 2.2285714285714313 -19.4 0
      vertex 0.6488103678011706 -19.4 0
    endloop
  endfacet
  facet normal 0 0 -1
    outer loop
      vertex 5 -15.9 0
      vertex 5.4351999471529355 -16.77177654050275 0
      vertex 3.781650136179221 -17.588074841124243 0
    endloop
  endfacet
  facet normal 0 0 -1
    outer loop
      vertex 3.781650136179221 -17.588074841124243 0
      vertex 5.4351999471529355 -16.77177654050275 0
      vertex 5.097491167125749 -20.35931058613012 0
    endloop
  endfacet
  facet normal 0 0 -1
    outer loop
      vertex 3.781650136179221 -17.588074841124243 0
      vertex 5.097491167125749 -20.35931058613012 0
      vertex 4.358887137773854 -20.523055157244006 0
    endloop
  endfacet
  facet normal 0 0 -1
    outer loop
      vertex 5.586323336693689 -16.823147669144785 0
      vertex 7.182423009839043 -19.733545036504076 0
      vertex 6 -20.10636157944897 0
    endloop
  endfacet
  facet normal 0.3007057995042732 -0.9537169507482269 0
    outer loop
      vertex 7.182423009839043 -19.733545036504076 8
      vertex 6 -20.10636157944897 0
      vertex 7.182423009839043 -19.733545036504076 0
    endloop
  endfacet
  facet normal 0.4617486132350339 -0.8870108331782217 0
    outer loop
      vertex 8.874983496554687 -19.03246352776965 8
      vertex 8.874983496554687 -19.03246352776965 0
      vertex 10.5 -18.186533479473212 8
    endloop
  endfacet
  facet normal 0.5372996083468234 -0.8433914458128859 0
    outer loop
      vertex 10.5 -18.186533479473212 8
      vertex 10.5 -18.186533479473212 0
      vertex 12.045105163371968 -17.20219293006883 8
    endloop
  endfacet
  facet normal 0.6087614290087221 -0.793353340291234 -2.27275121015473e-20
    outer loop
      vertex 13.498539803417325 -16.086933305498537 8
      vertex 12.045105163371968 -17.20219293006883 8
      vertex 12.045105163371968 -17.20219293006883 0
    endloop
  endfacet
  facet normal 0.3826834323650893 -0.923879532511287 0
    outer loop
      vertex 8.874983496554687 -19.03246352776965 8
      vertex 7.182423009839043 -19.733545036504076 0
      vertex 8.874983496554687 -19.03246352776965 0
    endloop
  endfacet
  facet normal 0.4617486132350339 -0.8870108331782217 0
    outer loop
      vertex 10.5 -18.186533479473212 8
      vertex 8.874983496554687 -19.03246352776965 0
      vertex 10.5 -18.186533479473212 0
    endloop
  endfacet
  facet normal 0.5372996083468234 -0.8433914458128859 0
    outer loop
      vertex 12.045105163371968 -17.20219293006883 8
      vertex 10.5 -18.186533479473212 0
      vertex 12.045105163371968 -17.20219293006883 0
    endloop
  endfacet
  facet normal 0 0 1
    outer loop
      vertex 18.186533479473212 10.5 8
      vertex 17.20219293006883 -12.045105163371968 8
      vertex 18.186533479473212 -10.5 8
    endloop
  endfacet
  facet normal 0 0 1
    outer loop
      vertex 18.186533479473212 10.5 8
      vertex 16.086933305498537 -13.498539803417325 8
      vertex 17.20219293006883 -12.045105163371968 8
    endloop
  endfacet
  facet normal 0 0 1
    outer loop
      vertex 19.03246352776965 1.33235661082644 8
      vertex 19.03246352776965 -8.874983496554687 8
      vertex 19.733545036504076 -7.182423009839043 8
    endloop
  endfacet
  facet normal 0 0 1
    outer loop
      vertex 16.086933305498537 -2.4169782916314384 8
      vertex 15.867148458808986 -8.464639203741942 8
      vertex 16.086933305498537 -13.498539803417325 8
    endloop
  endfacet
  facet normal 0 0 1
    outer loop
      vertex 20.050252531694166 -0.07137120742567404 8
      vertex 19.733545036504076 -7.182423009839043 8
      vertex 20.2721236321513 -5.153054874268254 8
    endloop
  endfacet
  facet normal 0 0 1
    outer loop
      vertex 19.733545036504076 -7.182423009839043 8
      vertex 20.284442352070435 -5.4351999471529355 8
      vertex 20.2721236321513 -5.153054874268254 8
    endloop
  endfacet
  facet normal 0.923879532511287 -0.3826834323650893 0
    outer loop
      vertex 19.733545036504076 -7.182423009839043 8
      vertex 19.03246352776965 -8.874983496554687 8
      vertex 19.733545036504076 -7.182423009839043 0
    endloop
  endfacet
  facet normal 0.8870108331782217 -0.4617486132350339 0
    outer loop
      vertex 19.03246352776965 -8.874983496554687 8
      vertex 18.186533479473212 -10.5 8
      vertex 19.03246352776965 -8.874983496554687 0
    endloop
  endfacet
  facet normal 0.9762960071199326 -0.216439613938106 1.5473221435236414e-19
    outer loop
      vertex 20.334351153532268 -5.210075891991471 8
      vertex 20.284442352070435 -5.4351999471529355 8
      vertex 20.284442352070435 -5.4351999471529355 0
    endloop
  endfacet
  facet normal 0.9537169507482266 -0.3007057995042739 1.3862474641816604e-19
    outer loop
      vertex 19.733545036504076 -7.182423009839043 8
      vertex 20.284442352070435 -5.4351999471529355 0
      vertex 20.284442352070435 -5.4351999471529355 8
    endloop
  endfacet
  facet normal 0.9537169507482266 -0.3007057995042739 0
    outer loop
      vertex 19.733545036504076 -7.182423009839043 8
      vertex 19.733545036504076 -7.182423009839043 0
      vertex 20.284442352070435 -5.4351999471529355 0
    endloop
  endfacet
  facet normal 0 0 -1
    outer loop
      vertex 17.20219293006883 12.045105163371968 0
      vertex 17.20219293006883 -12.045105163371968 0
      vertex 16.086933305498537 -13.498539803417325 0
    endloop
  endfacet
  facet normal 0 0 -1
    outer loop
      vertex 18.186533479473212 10.5 0
      vertex 18.186533479473212 -10.5 0
      vertex 17.20219293006883 -12.045105163371968 0
    endloop
  endfacet
  facet normal 0.923879532511287 -0.3826834323650893 0
    outer loop
      vertex 19.03246352776965 -8.874983496554687 8
      vertex 19.03246352776965 -8.874983496554687 0
      vertex 19.733545036504076 -7.182423009839043 0
    endloop
  endfacet
  facet normal 0.8870108331782217 -0.4617486132350339 0
    outer loop
      vertex 18.186533479473212 -10.5 8
      vertex 18.186533479473212 -10.5 0
      vertex 19.03246352776965 -8.874983496554687 0
    endloop
  endfacet
  facet normal 0.9762960071199326 -0.216439613938106 0
    outer loop
      vertex 20.334351153532268 -5.210075891991471 8
      vertex 20.284442352070435 -5.4351999471529355 0
      vertex 20.334351153532268 -5.210075891991471 0
    endloop
  endfacet
  facet normal 0.8433914458128859 -0.5372996083468234 1.921497155411749e-18
    outer loop
      vertex 17.20219293006883 -12.045105163371968 8
      vertex 18.186533479473212 -10.5 0
      vertex 18.186533479473212 -10.5 8
    endloop
  endfacet
  facet normal 0.793353340291234 -0.6087614290087221 0
    outer loop
      vertex 17.20219293006883 -12.045105163371968 8
      vertex 16.086933305498537 -13.498539803417325 8
      vertex 17.20219293006883 -12.045105163371968 0
    endloop
  endfacet
  facet normal 0.8433914458128859 -0.5372996083468234 0
    outer loop
      vertex 17.20219293006883 -12.045105163371968 8
      vertex 17.20219293006883 -12.045105163371968 0
      vertex 18.186533479473212 -10.5 0
    endloop
  endfacet
  facet normal 0.793353340291234 -0.6087614290087221 0
    outer loop
      vertex 16.086933305498537 -13.498539803417325 8
      vertex 16.086933305498537 -13.498539803417325 0
      vertex 17.20219293006883 -12.045105163371968 0
    endloop
  endfacet
  facet normal 0 0 1
    outer loop
      vertex -10.606601717798213 10.606601717798213 28
      vertex -11.49066664678467 9.641814145298088 28
      vertex -10.392304845413264 6 28
    endloop
  endfacet
  facet normal 0 0 1
    outer loop
      vertex -8.60364654526569 12.287280664334878 28
      vertex -9.641814145298088 11.49066664678467 28
      vertex -8.485281374238571 8.485281374238571 28
    endloop
  endfacet
  facet normal 0 0 1
    outer loop
      vertex -10.606601717798213 10.606601717798213 28
      vertex -9.192533317427737 7.713451316238471 28
      vertex -9.641814145298088 11.49066664678467 28
    endloop
  endfacet
  facet normal 0 0 1
    outer loop
      vertex -9.641814145298088 11.49066664678467 28
      vertex -9.192533317427737 7.713451316238471 28
      vertex -8.485281374238571 8.485281374238571 28
    endloop
  endfacet
  facet normal 0 0 1
    outer loop
      vertex -8.60364654526569 12.287280664334878 28
      vertex -8.485281374238571 8.485281374238571 28
      vertex -7.713451316238471 9.192533317427737 28
    endloop
  endfacet
  facet normal -0.7933533402912344 0.6087614290087215 0
    outer loop
      vertex -12.287280664334878 8.60364654526569 28
      vertex -11.49066664678467 9.641814145298088 28
      vertex -12.287280664334878 8.60364654526569 8
    endloop
  endfacet
  facet normal -0.6087614290087215 0.7933533402912344 -4.2959680304347455e-19
    outer loop
      vertex -8.60364654526569 12.287280664334878 28
      vertex -9.641814145298088 11.49066664678467 8
      vertex -9.641814145298088 11.49066664678467 28
    endloop
  endfacet
  facet normal -0.5372996083468231 0.8433914458128862 0
    outer loop
      vertex -8.60364654526569 12.287280664334878 28
      vertex -7.5 12.990381056766578 28
      vertex -8.60364654526569 12.287280664334878 8
    endloop
  endfacet
  facet normal -0.6755902076156589 0.7372773368101253 0
    outer loop
      vertex -10.606601717798213 10.606601717798213 28
      vertex -9.641814145298088 11.49066664678467 28
      vertex -10.606601717798213 10.606601717798213 8
    endloop
  endfacet
  facet normal -0.7372773368101253 0.6755902076156589 1.4023124086061702e-18
    outer loop
      vertex -10.606601717798213 10.606601717798213 28
      vertex -11.49066664678467 9.641814145298088 8
      vertex -11.49066664678467 9.641814145298088 28
    endloop
  endfacet
  facet normal -0.13052619222005177 0.9914448613738103 0
    outer loop
      vertex -2.6047226650039548 14.772116295183121 28
      vertex -1.3073361412148725 14.942920471376183 28
      vertex -2.6047226650039548 14.772116295183121 8
    endloop
  endfacet
  facet normal -0.04361938736533569 0.9990482215818578 0
    outer loop
      vertex -1.3073361412148725 14.942920471376183 28
      vertex 0 15 28
      vertex -1.3073361412148725 14.942920471376183 8
    endloop
  endfacet
  facet normal 0 0 1
    outer loop
      vertex -8.60364654526569 12.287280664334878 28
      vertex -6.882917236212553 9.829824531467901 28
      vertex -7.5 12.990381056766578 28
    endloop
  endfacet
  facet normal 0 0 1
    outer loop
      vertex -6.339273926110492 13.59461680554975 28
      vertex -7.5 12.990381056766578 28
      vertex -6 10.392304845413264 28
    endloop
  endfacet
  facet normal 0 0 1
    outer loop
      vertex -5.130302149885031 14.095389311788626 28
      vertex -3.105828541230249 11.59110991546882 28
      vertex -3.882285676537811 14.488887394336025 28
    endloop
  endfacet
  facet normal 0 0 1
    outer loop
      vertex -6.339273926110492 13.59461680554975 28
      vertex -5.071419140888393 10.875693444439799 28
      vertex -5.130302149885031 14.095389311788626 28
    endloop
  endfacet
  facet normal 0 0 1
    outer loop
      vertex -5.130302149885031 14.095389311788626 28
      vertex -5.071419140888393 10.875693444439799 28
      vertex -4.104241719908025 11.276311449430901 28
    endloop
  endfacet
  facet normal 0 0 1
    outer loop
      vertex -5.130302149885031 14.095389311788626 28
      vertex -4.104241719908025 11.276311449430901 28
      vertex -3.105828541230249 11.59110991546882 28
    endloop
  endfacet
  facet normal 0 0 1
    outer loop
      vertex -8.60364654526569 12.287280664334878 28
      vertex -7.713451316238471 9.192533317427737 28
      vertex -6.882917236212553 9.829824531467901 28
    endloop
  endfacet
  facet normal 0 0 1
    outer loop
      vertex -7.5 12.990381056766578 28
      vertex -6.882917236212553 9.829824531467901 28
      vertex -6 10.392304845413264 28
    endloop
  endfacet
  facet normal 0 0 1
    outer loop
      vertex -6.339273926110492 13.59461680554975 28
      vertex -6 10.392304845413264 28
      vertex -5.071419140888393 10.875693444439799 28
    endloop
  endfacet
  facet normal 0 0 1
    outer loop
      vertex -2.6047226650039548 14.772116295183121 28
      vertex -3.882285676537811 14.488887394336025 28
      vertex -2.083778132003164 11.817693036146496 28
    endloop
  endfacet
  facet normal 0 0 1
    outer loop
      vertex -3.882285676537811 14.488887394336025 28
      vertex -3.105828541230249 11.59110991546882 28
      vertex -2.083778132003164 11.817693036146496 28
    endloop
  endfacet
  facet normal 0 0 1
    outer loop
      vertex -2.6047226650039548 14.772116295183121 28
      vertex -1.045868912971898 11.954336377100947 28
      vertex -1.3073361412148725 14.942920471376183 28
    endloop
  endfacet
  facet normal 0 0 1
    outer loop
      vertex -1.3073361412148725 14.942920471376183 28
      vertex 0 12 28
      vertex 0 15 28
    endloop
  endfacet
  facet normal 0 0 1
    outer loop
      vertex -2.6047226650039548 14.772116295183121 28
      vertex -2.083778132003164 11.817693036146496 28
      vertex -1.045868912971898 11.954336377100947 28
    endloop
  endfacet
  facet normal 0 0 1
    outer loop
      vertex -1.3073361412148725 14.942920471376183 28
      vertex -1.045868912971898 11.954336377100947 28
      vertex 0 12 28
    endloop
  endfacet
  facet normal -0.461748613235035 0.887010833178221 4.1949847875171015e-19
    outer loop
      vertex -6.339273926110492 13.59461680554975 28
      vertex -7.5 12.990381056766578 8
      vertex -7.5 12.990381056766578 28
    endloop
  endfacet
  facet normal -0.38268343236508956 0.9238795325112868 0
    outer loop
      vertex -6.339273926110492 13.59461680554975 28
      vertex -5.130302149885031 14.095389311788626 28
      vertex -6.339273926110492 13.59461680554975 8
    endloop
  endfacet
  facet normal -0.30070579950427356 0.9537169507482267 0
    outer loop
      vertex -5.130302149885031 14.095389311788626 28
      vertex -3.882285676537811 14.488887394336025 28
      vertex -5.130302149885031 14.095389311788626 8
    endloop
  endfacet
  facet normal -0.21643961393810235 0.9762960071199336 9.60004697868327e-19
    outer loop
      vertex -2.6047226650039548 14.772116295183121 28
      vertex -3.882285676537811 14.488887394336025 8
      vertex -3.882285676537811 14.488887394336025 28
    endloop
  endfacet
  facet normal -0.6087614290087217 0.7933533402912344 8.045897036001608e-18
    outer loop
      vertex -8.60364654526569 12.287280664334878 28
      vertex -9 11.983147961738544 8
      vertex -9.641814145298088 11.49066664678467 8
    endloop
  endfacet
  facet normal -0.6087614290087235 0.793353340291233 6.648360790511477e-17
    outer loop
      vertex -8.60364654526569 12.287280664334878 28
      vertex -8.847691470056324 12.100018407263729 8
      vertex -9 11.983147961738544 8
    endloop
  endfacet
  facet normal -0.6087614290087201 0.7933533402912356 0
    outer loop
      vertex -8.60364654526569 12.287280664334878 28
      vertex -8.60364654526569 12.287280664334878 8
      vertex -8.847691470056324 12.100018407263729 8
    endloop
  endfacet
  facet normal -0.6755902076156584 0.7372773368101257 -3.587628254829276e-17
    outer loop
      vertex -9.641814145298088 11.49066664678467 28
      vertex -10.161508223352103 11.014454762111534 8
      vertex -10.324375854318829 10.865214074618358 8
    endloop
  endfacet
  facet normal -0.6755902076156589 0.7372773368101253 2.264533519453534e-19
    outer loop
      vertex -9.641814145298088 11.49066664678467 28
      vertex -10.324375854318829 10.865214074618358 8
      vertex -10.606601717798213 10.606601717798213 8
    endloop
  endfacet
  facet normal -0.7372773368101259 0.6755902076156585 0
    outer loop
      vertex -10.606601717798213 10.606601717798213 28
      vertex -10.606601717798213 10.606601717798213 8
      vertex -11.393734254551434 9.747597288971198 8
    endloop
  endfacet
  facet normal -0.7933533402912344 0.6087614290087215 0
    outer loop
      vertex -11.49066664678467 9.641814145298088 28
      vertex -11.49066664678467 9.641814145298088 8
      vertex -12.287280664334878 8.60364654526569 8
    endloop
  endfacet
  facet normal -0.7372773368101214 0.675590207615663 -3.8488750583448303e-16
    outer loop
      vertex -10.606601717798213 10.606601717798213 28
      vertex -11.393734254551434 9.747597288971198 8
      vertex -11.49066664678467 9.641814145298088 8
    endloop
  endfacet
  facet normal -0.675590207615659 0.7372773368101252 0
    outer loop
      vertex -9.641814145298088 11.49066664678467 28
      vertex -9.641814145298088 11.49066664678467 8
      vertex -10.161508223352103 11.014454762111534 8
    endloop
  endfacet
  facet normal -0.13052619222005177 0.9914448613738103 0
    outer loop
      vertex -1.3073361412148725 14.942920471376183 28
      vertex -1.3073361412148725 14.942920471376183 8
      vertex -2.6047226650039548 14.772116295183121 8
    endloop
  endfacet
  facet normal -0.043619387365338165 0.9990482215818577 1.6200284607079163e-16
    outer loop
      vertex -1.3073361412148725 14.942920471376183 8
      vertex 0 15 28
      vertex -1.0061310024090704 14.956071371745335 8
    endloop
  endfacet
  facet normal -0.043619387365334945 0.9990482215818578 -4.4254975429596256e-20
    outer loop
      vertex -1.0061310024090704 14.956071371745335 8
      vertex 0 15 28
      vertex 0 15 8
    endloop
  endfacet
  facet normal -0.461748613235035 0.887010833178221 0
    outer loop
      vertex -6.339273926110492 13.59461680554975 28
      vertex -6.339273926110492 13.59461680554975 8
      vertex -7.5 12.990381056766578 8
    endloop
  endfacet
  facet normal -0.5372996083468231 0.8433914458128862 0
    outer loop
      vertex -7.5 12.990381056766578 28
      vertex -7.5 12.990381056766578 8
      vertex -8.60364654526569 12.287280664334878 8
    endloop
  endfacet
  facet normal -0.38268343236508956 0.9238795325112868 0
    outer loop
      vertex -5.130302149885031 14.095389311788626 28
      vertex -5.130302149885031 14.095389311788626 8
      vertex -6.339273926110492 13.59461680554975 8
    endloop
  endfacet
  facet normal -0.30070579950427356 0.9537169507482267 0
    outer loop
      vertex -3.882285676537811 14.488887394336025 28
      vertex -3.882285676537811 14.488887394336025 8
      vertex -5.130302149885031 14.095389311788626 8
    endloop
  endfacet
  facet normal -0.21643961393810235 0.9762960071199336 0
    outer loop
      vertex -2.6047226650039548 14.772116295183121 28
      vertex -2.6047226650039548 14.772116295183121 8
      vertex -3.882285676537811 14.488887394336025 8
    endloop
  endfacet
  facet normal 0 0 1
    outer loop
      vertex -12.287280664334878 8.60364654526569 28
      vertex -11.954336377100947 1.045868912971898 28
      vertex -11.817693036146496 2.083778132003164 28
    endloop
  endfacet
  facet normal 0 0 1
    outer loop
      vertex -12.287280664334878 8.60364654526569 28
      vertex -12 0 28
      vertex -11.954336377100947 1.045868912971898 28
    endloop
  endfacet
  facet normal 0 0 1
    outer loop
      vertex -12.287280664334878 8.60364654526569 28
      vertex -12.990381056766578 7.5 28
      vertex -12.287280664334878 -8.60364654526569 28
    endloop
  endfacet
  facet normal 0 0 1
    outer loop
      vertex -12.287280664334878 8.60364654526569 28
      vertex -11.276311449430901 4.104241719908025 28
      vertex -11.49066664678467 9.641814145298088 28
    endloop
  endfacet
  facet normal 0 0 1
    outer loop
      vertex -10.606601717798213 10.606601717798213 28
      vertex -10.392304845413264 6 28
      vertex -9.829824531467901 6.882917236212553 28
    endloop
  endfacet
  facet normal 0 0 1
    outer loop
      vertex -11.49066664678467 9.641814145298088 28
      vertex -11.276311449430901 4.104241719908025 28
      vertex -10.875693444439799 5.071419140888393 28
    endloop
  endfacet
  facet normal 0 0 1
    outer loop
      vertex -11.49066664678467 9.641814145298088 28
      vertex -10.875693444439799 5.071419140888393 28
      vertex -10.392304845413264 6 28
    endloop
  endfacet
  facet normal 0 0 1
    outer loop
      vertex -10.606601717798213 10.606601717798213 28
      vertex -9.829824531467901 6.882917236212553 28
      vertex -9.192533317427737 7.713451316238471 28
    endloop
  endfacet
  facet normal 0 0 1
    outer loop
      vertex -12.287280664334878 8.60364654526569 28
      vertex -11.59110991546882 3.105828541230249 28
      vertex -11.276311449430901 4.104241719908025 28
    endloop
  endfacet
  facet normal 0 0 1
    outer loop
      vertex -12.287280664334878 8.60364654526569 28
      vertex -11.817693036146496 2.083778132003164 28
      vertex -11.59110991546882 3.105828541230249 28
    endloop
  endfacet
  facet normal -0.8433914458128862 0.5372996083468231 5.374033917691008e-19
    outer loop
      vertex -12.287280664334878 8.60364654526569 28
      vertex -12.990381056766578 7.5 8
      vertex -12.990381056766578 7.5 28
    endloop
  endfacet
  facet normal -0.887010833178221 0.461748613235035 4.1949847875171015e-19
    outer loop
      vertex -12.990381056766578 7.5 28
      vertex -13.59461680554975 6.339273926110492 8
      vertex -13.59461680554975 6.339273926110492 28
    endloop
  endfacet
  facet normal -0.9238795325112868 0.38268343236508956 2.0944328774114732e-18
    outer loop
      vertex -13.59461680554975 6.339273926110492 28
      vertex -14.095389311788626 5.130302149885031 8
      vertex -14.095389311788626 5.130302149885031 28
    endloop
  endfacet
  facet normal -0.9537169507482267 0.30070579950427356 1.213589813145282e-19
    outer loop
      vertex -14.095389311788626 5.130302149885031 28
      vertex -14.488887394336025 3.882285676537811 8
      vertex -14.488887394336025 3.882285676537811 28
    endloop
  endfacet
  facet normal -0.9762960071199336 0.21643961393810235 9.60004697868327e-19
    outer loop
      vertex -14.488887394336025 3.882285676537811 28
      vertex -14.772116295183121 2.6047226650039548 8
      vertex -14.772116295183121 2.6047226650039548 28
    endloop
  endfacet
  facet normal 0 0 1
    outer loop
      vertex -14.488887394336025 3.882285676537811 28
      vertex -14.772116295183121 2.6047226650039548 28
      vertex -14.488887394336025 -3.882285676537811 28
    endloop
  endfacet
  facet normal 0 0 1
    outer loop
      vertex -14.095389311788626 5.130302149885031 28
      vertex -14.488887394336025 3.882285676537811 28
      vertex -14.095389311788626 -5.130302149885031 28
    endloop
  endfacet
  facet normal 0 0 1
    outer loop
      vertex -14.772116295183121 2.6047226650039548 28
      vertex -14.942920471376183 1.3073361412148725 28
      vertex -14.772116295183121 -2.6047226650039548 28
    endloop
  endfacet
  facet normal 0 0 1
    outer loop
      vertex -14.942920471376183 1.3073361412148725 28
      vertex -15 0 28
      vertex -14.942920471376183 -1.3073361412148725 28
    endloop
  endfacet
  facet normal 0 0 1
    outer loop
      vertex -14.942920471376183 1.3073361412148725 28
      vertex -14.942920471376183 -1.3073361412148725 28
      vertex -14.772116295183121 -2.6047226650039548 28
    endloop
  endfacet
  facet normal 0 0 1
    outer loop
      vertex -13.59461680554975 6.339273926110492 28
      vertex -14.095389311788626 5.130302149885031 28
      vertex -13.59461680554975 -6.339273926110492 28
    endloop
  endfacet
  facet normal 0 0 1
    outer loop
      vertex -12.990381056766578 7.5 28
      vertex -13.59461680554975 6.339273926110492 28
      vertex -12.990381056766578 -7.5 28
    endloop
  endfacet
  facet normal 0 0 1
    outer loop
      vertex -12.287280664334878 8.60364654526569 28
      vertex -12.287280664334878 -8.60364654526569 28
      vertex -12 0 28
    endloop
  endfacet
  facet normal 0 0 1
    outer loop
      vertex -14.772116295183121 2.6047226650039548 28
      vertex -14.772116295183121 -2.6047226650039548 28
      vertex -14.488887394336025 -3.882285676537811 28
    endloop
  endfacet
  facet normal 0 0 1
    outer loop
      vertex -14.488887394336025 3.882285676537811 28
      vertex -14.488887394336025 -3.882285676537811 28
      vertex -14.095389311788626 -5.130302149885031 28
    endloop
  endfacet
  facet normal 0 0 1
    outer loop
      vertex -14.095389311788626 5.130302149885031 28
      vertex -14.095389311788626 -5.130302149885031 28
      vertex -13.59461680554975 -6.339273926110492 28
    endloop
  endfacet
  facet normal 0 0 1
    outer loop
      vertex -13.59461680554975 6.339273926110492 28
      vertex -13.59461680554975 -6.339273926110492 28
      vertex -12.990381056766578 -7.5 28
    endloop
  endfacet
  facet normal 0 0 1
    outer loop
      vertex -12.990381056766578 7.5 28
      vertex -12.990381056766578 -7.5 28
      vertex -12.287280664334878 -8.60364654526569 28
    endloop
  endfacet
  facet normal 0 0 1
    outer loop
      vertex -12 0 28
      vertex -12.287280664334878 -8.60364654526569 28
      vertex -11.954336377100947 -1.045868912971898 28
    endloop
  endfacet
  facet normal -0.9914448613738103 0.13052619222005177 -1.1513279768429215e-19
    outer loop
      vertex -14.772116295183121 2.6047226650039548 28
      vertex -14.942920471376183 1.3073361412148725 8
      vertex -14.942920471376183 1.3073361412148725 28
    endloop
  endfacet
  facet normal -0.9990482215818578 0.04361938736533569 -3.397796792941724e-20
    outer loop
      vertex -14.942920471376183 1.3073361412148725 28
      vertex -15 0 8
      vertex -15 0 28
    endloop
  endfacet
  facet normal -0.9990482215818578 -0.04361938736533569 3.397796792941724e-20
    outer loop
      vertex -15 0 28
      vertex -14.942920471376183 -1.3073361412148725 8
      vertex -14.942920471376183 -1.3073361412148725 28
    endloop
  endfacet
  facet normal -0.9914448613738103 -0.13052619222005177 1.1513279768429215e-19
    outer loop
      vertex -14.942920471376183 -1.3073361412148725 28
      vertex -14.772116295183121 -2.6047226650039548 8
      vertex -14.772116295183121 -2.6047226650039548 28
    endloop
  endfacet
  facet normal -0.9762960071199336 -0.21643961393810235 -9.60004697868327e-19
    outer loop
      vertex -14.772116295183121 -2.6047226650039548 28
      vertex -14.488887394336025 -3.882285676537811 8
      vertex -14.488887394336025 -3.882285676537811 28
    endloop
  endfacet
  facet normal -0.887010833178221 0.461748613235035 0
    outer loop
      vertex -12.990381056766578 7.5 28
      vertex -12.990381056766578 7.5 8
      vertex -13.59461680554975 6.339273926110492 8
    endloop
  endfacet
  facet normal -0.8433914458128862 0.5372996083468231 0
    outer loop
      vertex -12.287280664334878 8.60364654526569 28
      vertex -12.287280664334878 8.60364654526569 8
      vertex -12.990381056766578 7.5 8
    endloop
  endfacet
  facet normal -0.9238795325112868 0.38268343236508956 0
    outer loop
      vertex -13.59461680554975 6.339273926110492 28
      vertex -13.59461680554975 6.339273926110492 8
      vertex -14.095389311788626 5.130302149885031 8
    endloop
  endfacet
  facet normal -0.9537169507482267 0.30070579950427356 0
    outer loop
      vertex -14.095389311788626 5.130302149885031 28
      vertex -14.095389311788626 5.130302149885031 8
      vertex -14.488887394336025 3.882285676537811 8
    endloop
  endfacet
  facet normal -0.9762960071199335 0.21643961393810227 0
    outer loop
      vertex -14.488887394336025 3.882285676537811 28
      vertex -14.488887394336025 3.882285676537811 8
      vertex -14.744736797201853 2.728223599374061 8
    endloop
  endfacet
  facet normal -0.9762960071199336 0.21643961393810252 -1.8304339824104055e-17
    outer loop
      vertex -14.488887394336025 3.882285676537811 28
      vertex -14.744736797201853 2.728223599374061 8
      vertex -14.772116295183121 2.6047226650039548 8
    endloop
  endfacet
  facet normal -0.9914448613738103 0.13052619222005177 0
    outer loop
      vertex -14.772116295183121 2.6047226650039548 28
      vertex -14.772116295183121 2.6047226650039548 8
      vertex -14.942920471376183 1.3073361412148725 8
    endloop
  endfacet
  facet normal -0.9990482215818578 0.04361938736533569 0
    outer loop
      vertex -14.942920471376183 1.3073361412148725 28
      vertex -14.942920471376183 1.3073361412148725 8
      vertex -15 0 8
    endloop
  endfacet
  facet normal -0.9990482215818578 -0.04361938736533569 0
    outer loop
      vertex -15 0 28
      vertex -15 0 8
      vertex -14.942920471376183 -1.3073361412148725 8
    endloop
  endfacet
  facet normal -0.9914448613738103 -0.13052619222005177 0
    outer loop
      vertex -14.942920471376183 -1.3073361412148725 28
      vertex -14.942920471376183 -1.3073361412148725 8
      vertex -14.772116295183121 -2.6047226650039548 8
    endloop
  endfacet
  facet normal -0.9762960071199336 -0.21643961393810252 0
    outer loop
      vertex -14.772116295183121 -2.6047226650039548 28
      vertex -14.772116295183121 -2.6047226650039548 8
      vertex -14.744736797201853 -2.728223599374061 8
    endloop
  endfacet
  facet normal -0.9762960071199335 -0.21643961393810227 -1.260543318528651e-18
    outer loop
      vertex -14.772116295183121 -2.6047226650039548 28
      vertex -14.744736797201853 -2.728223599374061 8
      vertex -14.488887394336025 -3.882285676537811 8
    endloop
  endfacet
  facet normal 0 0 1
    outer loop
      vertex -11.954336377100947 -1.045868912971898 28
      vertex -11.49066664678467 -9.641814145298088 28
      vertex -11.817693036146496 -2.083778132003164 28
    endloop
  endfacet
  facet normal 0 0 1
    outer loop
      vertex -11.817693036146496 -2.083778132003164 28
      vertex -11.49066664678467 -9.641814145298088 28
      vertex -11.59110991546882 -3.105828541230249 28
    endloop
  endfacet
  facet normal 0 0 1
    outer loop
      vertex -11.59110991546882 -3.105828541230249 28
      vertex -11.49066664678467 -9.641814145298088 28
      vertex -11.276311449430901 -4.104241719908025 28
    endloop
  endfacet
  facet normal 0 0 1
    outer loop
      vertex -11.276311449430901 -4.104241719908025 28
      vertex -11.49066664678467 -9.641814145298088 28
      vertex -10.875693444439799 -5.071419140888393 28
    endloop
  endfacet
  facet normal 0 0 1
    outer loop
      vertex -11.954336377100947 -1.045868912971898 28
      vertex -12.287280664334878 -8.60364654526569 28
      vertex -11.49066664678467 -9.641814145298088 28
    endloop
  endfacet
  facet normal 0 0 1
    outer loop
      vertex -10.875693444439799 -5.071419140888393 28
      vertex -10.606601717798213 -10.606601717798213 28
      vertex -10.392304845413264 -6 28
    endloop
  endfacet
  facet normal 0 0 1
    outer loop
      vertex -10.875693444439799 -5.071419140888393 28
      vertex -11.49066664678467 -9.641814145298088 28
      vertex -10.606601717798213 -10.606601717798213 28
    endloop
  endfacet
  facet normal 0 0 1
    outer loop
      vertex -10.392304845413264 -6 28
      vertex -10.606601717798213 -10.606601717798213 28
      vertex -9.641814145298088 -11.49066664678467 28
    endloop
  endfacet
  facet normal 0 0 1
    outer loop
      vertex -10.392304845413264 -6 28
      vertex -9.641814145298088 -11.49066664678467 28
      vertex -9.829824531467901 -6.882917236212553 28
    endloop
  endfacet
  facet normal 0 0 1
    outer loop
      vertex -9.829824531467901 -6.882917236212553 28
      vertex -9.641814145298088 -11.49066664678467 28
      vertex -9.192533317427737 -7.713451316238471 28
    endloop
  endfacet
  facet normal 0 0 1
    outer loop
      vertex -9.192533317427737 -7.713451316238471 28
      vertex -8.60364654526569 -12.287280664334878 28
      vertex -8.485281374238571 -8.485281374238571 28
    endloop
  endfacet
  facet normal 0 0 1
    outer loop
      vertex -8.485281374238571 -8.485281374238571 28
      vertex -8.60364654526569 -12.287280664334878 28
      vertex -7.713451316238471 -9.192533317427737 28
    endloop
  endfacet
  facet normal -0.9537169507482267 -0.30070579950427356 -1.213589813145282e-19
    outer loop
      vertex -14.488887394336025 -3.882285676537811 28
      vertex -14.095389311788626 -5.130302149885031 8
      vertex -14.095389311788626 -5.130302149885031 28
    endloop
  endfacet
  facet normal -0.9238795325112868 -0.38268343236508956 -2.0944328774114732e-18
    outer loop
      vertex -14.095389311788626 -5.130302149885031 28
      vertex -13.59461680554975 -6.339273926110492 8
      vertex -13.59461680554975 -6.339273926110492 28
    endloop
  endfacet
  facet normal -0.887010833178221 -0.461748613235035 -4.1949847875171015e-19
    outer loop
      vertex -13.59461680554975 -6.339273926110492 28
      vertex -12.990381056766578 -7.5 8
      vertex -12.990381056766578 -7.5 28
    endloop
  endfacet
  facet normal -0.8433914458128862 -0.5372996083468231 -5.374033917691008e-19
    outer loop
      vertex -12.990381056766578 -7.5 28
      vertex -12.287280664334878 -8.60364654526569 8
      vertex -12.287280664334878 -8.60364654526569 28
    endloop
  endfacet
  facet normal -0.7933533402912344 -0.6087614290087215 4.2959680304347455e-19
    outer loop
      vertex -12.287280664334878 -8.60364654526569 28
      vertex -11.49066664678467 -9.641814145298088 8
      vertex -11.49066664678467 -9.641814145298088 28
    endloop
  endfacet
  facet normal 0 0 1
    outer loop
      vertex -9.192533317427737 -7.713451316238471 28
      vertex -9.641814145298088 -11.49066664678467 28
      vertex -8.60364654526569 -12.287280664334878 28
    endloop
  endfacet
  facet normal -0.7372773368101253 -0.6755902076156589 -1.4023124086061702e-18
    outer loop
      vertex -11.49066664678467 -9.641814145298088 28
      vertex -10.606601717798213 -10.606601717798213 8
      vertex -10.606601717798213 -10.606601717798213 28
    endloop
  endfacet
  facet normal -0.6755902076156589 -0.7372773368101253 -1.4023124086061702e-18
    outer loop
      vertex -10.606601717798213 -10.606601717798213 28
      vertex -9.641814145298088 -11.49066664678467 8
      vertex -9.641814145298088 -11.49066664678467 28
    endloop
  endfacet
  facet normal -0.6087614290087215 -0.7933533402912344 4.2959680304347455e-19
    outer loop
      vertex -9.641814145298088 -11.49066664678467 28
      vertex -8.60364654526569 -12.287280664334878 8
      vertex -8.60364654526569 -12.287280664334878 28
    endloop
  endfacet
  facet normal 0 0 1
    outer loop
      vertex -7.713451316238471 -9.192533317427737 28
      vertex -7.5 -12.990381056766578 28
      vertex -6.882917236212553 -9.829824531467901 28
    endloop
  endfacet
  facet normal 0 0 1
    outer loop
      vertex -8.60364654526569 -12.287280664334878 28
      vertex -7.5 -12.990381056766578 28
      vertex -7.713451316238471 -9.192533317427737 28
    endloop
  endfacet
  facet normal 0 0 1
    outer loop
      vertex -6.882917236212553 -9.829824531467901 28
      vertex -6.339273926110492 -13.59461680554975 28
      vertex -6 -10.392304845413264 28
    endloop
  endfacet
  facet normal 0 0 1
    outer loop
      vertex -6.882917236212553 -9.829824531467901 28
      vertex -7.5 -12.990381056766578 28
      vertex -6.339273926110492 -13.59461680554975 28
    endloop
  endfacet
  facet normal 0 0 1
    outer loop
      vertex -6 -10.392304845413264 28
      vertex -5.130302149885031 -14.095389311788626 28
      vertex -5.071419140888393 -10.875693444439799 28
    endloop
  endfacet
  facet normal 0 0 1
    outer loop
      vertex -6 -10.392304845413264 28
      vertex -6.339273926110492 -13.59461680554975 28
      vertex -5.130302149885031 -14.095389311788626 28
    endloop
  endfacet
  facet normal 0 0 1
    outer loop
      vertex -5.071419140888393 -10.875693444439799 28
      vertex -5.130302149885031 -14.095389311788626 28
      vertex -4.104241719908025 -11.276311449430901 28
    endloop
  endfacet
  facet normal 0 0 1
    outer loop
      vertex -4.104241719908025 -11.276311449430901 28
      vertex -5.130302149885031 -14.095389311788626 28
      vertex -3.882285676537811 -14.488887394336025 28
    endloop
  endfacet
  facet normal 0 0 1
    outer loop
      vertex -4.104241719908025 -11.276311449430901 28
      vertex -3.882285676537811 -14.488887394336025 28
      vertex -3.105828541230249 -11.59110991546882 28
    endloop
  endfacet
  facet normal 0 0 1
    outer loop
      vertex -3.105828541230249 -11.59110991546882 28
      vertex -2.6047226650039548 -14.772116295183121 28
      vertex -2.083778132003164 -11.817693036146496 28
    endloop
  endfacet
  facet normal 0 0 1
    outer loop
      vertex -2.083778132003164 -11.817693036146496 28
      vertex -1.3073361412148725 -14.942920471376183 28
      vertex -1.045868912971898 -11.954336377100947 28
    endloop
  endfacet
  facet normal 0 0 1
    outer loop
      vertex -1.045868912971898 -11.954336377100947 28
      vertex 0 -15 28
      vertex 0 -12 28
    endloop
  endfacet
  facet normal 0 0 1
    outer loop
      vertex -3.105828541230249 -11.59110991546882 28
      vertex -3.882285676537811 -14.488887394336025 28
      vertex -2.6047226650039548 -14.772116295183121 28
    endloop
  endfacet
  facet normal 0 0 1
    outer loop
      vertex -2.083778132003164 -11.817693036146496 28
      vertex -2.6047226650039548 -14.772116295183121 28
      vertex -1.3073361412148725 -14.942920471376183 28
    endloop
  endfacet
  facet normal 0 0 1
    outer loop
      vertex -1.045868912971898 -11.954336377100947 28
      vertex -1.3073361412148725 -14.942920471376183 28
      vertex 0 -15 28
    endloop
  endfacet
  facet normal -0.5372996083468231 -0.8433914458128862 -5.374033917691008e-19
    outer loop
      vertex -8.60364654526569 -12.287280664334878 28
      vertex -7.5 -12.990381056766578 8
      vertex -7.5 -12.990381056766578 28
    endloop
  endfacet
  facet normal -0.461748613235035 -0.887010833178221 -4.1949847875171015e-19
    outer loop
      vertex -7.5 -12.990381056766578 28
      vertex -6.339273926110492 -13.59461680554975 8
      vertex -6.339273926110492 -13.59461680554975 28
    endloop
  endfacet
  facet normal -0.38268343236508956 -0.9238795325112868 -2.0944328774114732e-18
    outer loop
      vertex -6.339273926110492 -13.59461680554975 28
      vertex -5.130302149885031 -14.095389311788626 8
      vertex -5.130302149885031 -14.095389311788626 28
    endloop
  endfacet
  facet normal -0.30070579950427356 -0.9537169507482268 -1.2148046177630451e-19
    outer loop
      vertex -5.130302149885031 -14.095389311788626 28
      vertex -3.882285676537811 -14.488887394336025 8.02
      vertex -3.882285676537811 -14.488887394336025 28
    endloop
  endfacet
  facet normal -0.2164396139381023 -0.9762960071199335 -9.609656635318589e-19
    outer loop
      vertex -3.882285676537811 -14.488887394336025 28
      vertex -2.6047226650039548 -14.772116295183121 8.02
      vertex -2.6047226650039548 -14.772116295183121 28
    endloop
  endfacet
  facet normal -0.1305261922200518 -0.9914448613738104 1.152480457300222e-19
    outer loop
      vertex -2.6047226650039548 -14.772116295183121 28
      vertex -1.3073361412148725 -14.942920471376183 8.02
      vertex -1.3073361412148725 -14.942920471376183 28
    endloop
  endfacet
  facet normal -0.04361938736533568 -0.9990482215818578 3.4011979909326566e-20
    outer loop
      vertex -1.3073361412148725 -14.942920471376183 28
      vertex 0 -15 8.02
      vertex 0 -15 28
    endloop
  endfacet
  facet normal -0.9537169507482267 -0.30070579950427356 0
    outer loop
      vertex -14.488887394336025 -3.882285676537811 28
      vertex -14.488887394336025 -3.882285676537811 8
      vertex -14.095389311788626 -5.130302149885031 8
    endloop
  endfacet
  facet normal -0.9238795325112868 -0.38268343236508956 0
    outer loop
      vertex -14.095389311788626 -5.130302149885031 28
      vertex -14.095389311788626 -5.130302149885031 8
      vertex -13.59461680554975 -6.339273926110492 8
    endloop
  endfacet
  facet normal -0.887010833178221 -0.461748613235035 0
    outer loop
      vertex -13.59461680554975 -6.339273926110492 28
      vertex -13.59461680554975 -6.339273926110492 8
      vertex -12.990381056766578 -7.5 8
    endloop
  endfacet
  facet normal -0.8433914458128862 -0.5372996083468231 0
    outer loop
      vertex -12.990381056766578 -7.5 28
      vertex -12.990381056766578 -7.5 8
      vertex -12.287280664334878 -8.60364654526569 8
    endloop
  endfacet
  facet normal -0.7933533402912344 -0.6087614290087215 0
    outer loop
      vertex -12.287280664334878 -8.60364654526569 28
      vertex -12.287280664334878 -8.60364654526569 8
      vertex -11.49066664678467 -9.641814145298088 8
    endloop
  endfacet
  facet normal -0.7372773368101253 -0.6755902076156589 0
    outer loop
      vertex -11.49066664678467 -9.641814145298088 28
      vertex -11.49066664678467 -9.641814145298088 8
      vertex -10.606601717798213 -10.606601717798213 8
    endloop
  endfacet
  facet normal -0.6755902076156636 -0.737277336810121 0
    outer loop
      vertex -10.606601717798213 -10.606601717798213 28
      vertex -10.606601717798213 -10.606601717798213 8
      vertex -10.500818574125102 -10.70353411003145 8
    endloop
  endfacet
  facet normal -0.675590207615656 -0.7372773368101279 7.320231756603899e-17
    outer loop
      vertex -10.606601717798213 -10.606601717798213 28
      vertex -10.500818574125102 -10.70353411003145 8
      vertex -10.324375854318829 -10.865214074618358 8
    endloop
  endfacet
  facet normal -0.6755902076156589 -0.7372773368101253 -3.894808992444474e-19
    outer loop
      vertex -10.606601717798213 -10.606601717798213 28
      vertex -10.324375854318829 -10.865214074618358 8
      vertex -9.641814145298088 -11.49066664678467 8
    endloop
  endfacet
  facet normal -0.6087614290087215 -0.7933533402912344 0
    outer loop
      vertex -9.641814145298088 -11.49066664678467 28
      vertex -9.641814145298088 -11.49066664678467 8
      vertex -8.60364654526569 -12.287280664334878 8
    endloop
  endfacet
  facet normal -0.5372996083468231 -0.8433914458128862 0
    outer loop
      vertex -8.60364654526569 -12.287280664334878 28
      vertex -8.60364654526569 -12.287280664334878 8
      vertex -7.5 -12.990381056766578 8
    endloop
  endfacet
  facet normal -0.461748613235035 -0.887010833178221 0
    outer loop
      vertex -7.5 -12.990381056766578 28
      vertex -7.5 -12.990381056766578 8
      vertex -6.339273926110492 -13.59461680554975 8
    endloop
  endfacet
  facet normal -0.38268343236509467 -0.9238795325112847 0
    outer loop
      vertex -6.339273926110492 -13.59461680554975 28
      vertex -6.339273926110492 -13.59461680554975 8
      vertex -6.300611162949849 -13.610631446409707 8
    endloop
  endfacet
  facet normal -0.38268343236509267 -0.9238795325112857 4.559082040917431e-18
    outer loop
      vertex -6.339273926110492 -13.59461680554975 28
      vertex -6.300611162949849 -13.610631446409707 8
      vertex -6.156362579862037 -13.670381165877782 8
    endloop
  endfacet
  facet normal -0.382683432365089 -0.9238795325112871 4.3221110079354156e-17
    outer loop
      vertex -6.339273926110492 -13.59461680554975 28
      vertex -6.156362579862037 -13.670381165877782 8
      vertex -5.130302149885031 -14.095389311788626 8
    endloop
  endfacet
  facet normal -0.30070579950427445 -0.9537169507482265 0
    outer loop
      vertex -5.130302149885031 -14.095389311788626 28
      vertex -5.130302149885031 -14.095389311788626 8
      vertex -4.797866618108904 -14.20020583233798 8
    endloop
  endfacet
  facet normal -0.3007057995042736 -0.9537169507482267 1.4766673956844403e-17
    outer loop
      vertex -5.130302149885031 -14.095389311788626 28
      vertex -4.797866618108904 -14.20020583233798 8
      vertex -4.25 -14.372947513494942 8.02
    endloop
  endfacet
  facet normal -0.30070579950427273 -0.9537169507482269 6.22304716426197e-17
    outer loop
      vertex -5.130302149885031 -14.095389311788626 28
      vertex -4.25 -14.372947513494942 8.02
      vertex -3.882285676537811 -14.488887394336025 8.02
    endloop
  endfacet
  facet normal -0.2164396139381023 -0.9762960071199335 0
    outer loop
      vertex -3.882285676537811 -14.488887394336025 28
      vertex -3.882285676537811 -14.488887394336025 8.02
      vertex -2.6047226650039548 -14.772116295183121 8.02
    endloop
  endfacet
  facet normal -0.1305261922200518 -0.9914448613738104 0
    outer loop
      vertex -2.6047226650039548 -14.772116295183121 28
      vertex -2.6047226650039548 -14.772116295183121 8.02
      vertex -1.3073361412148725 -14.942920471376183 8.02
    endloop
  endfacet
  facet normal -0.04361938736533568 -0.9990482215818578 0
    outer loop
      vertex -1.3073361412148725 -14.942920471376183 28
      vertex -1.3073361412148725 -14.942920471376183 8.02
      vertex 0 -15 8.02
    endloop
  endfacet
  facet normal -0.3007057995042736 -0.9537169507482268 2.8827313536192344e-16
    outer loop
      vertex -4.797866618108904 -14.20020583233798 8
      vertex -4.25 -14.372947513494942 8
      vertex -4.25 -14.372947513494942 8.02
    endloop
  endfacet
  facet normal 0.04361938736533569 0.9990482215818578 0
    outer loop
      vertex 0 15 28
      vertex 1.3073361412148725 14.942920471376183 28
      vertex 0 15 8
    endloop
  endfacet
  facet normal 0.13052619222005177 0.9914448613738103 0
    outer loop
      vertex 1.3073361412148725 14.942920471376183 28
      vertex 2.6047226650039548 14.772116295183121 28
      vertex 1.3073361412148725 14.942920471376183 8
    endloop
  endfacet
  facet normal 0 0 1
    outer loop
      vertex 0 15 28
      vertex 1.045868912971898 11.954336377100947 28
      vertex 1.3073361412148725 14.942920471376183 28
    endloop
  endfacet
  facet normal 0 0 1
    outer loop
      vertex 1.3073361412148725 14.942920471376183 28
      vertex 2.083778132003164 11.817693036146496 28
      vertex 2.6047226650039548 14.772116295183121 28
    endloop
  endfacet
  facet normal 0 0 1
    outer loop
      vertex 0 15 28
      vertex 0 12 28
      vertex 1.045868912971898 11.954336377100947 28
    endloop
  endfacet
  facet normal 0 0 1
    outer loop
      vertex 1.3073361412148725 14.942920471376183 28
      vertex 1.045868912971898 11.954336377100947 28
      vertex 2.083778132003164 11.817693036146496 28
    endloop
  endfacet
  facet normal 0 0 1
    outer loop
      vertex 2.6047226650039548 14.772116295183121 28
      vertex 3.105828541230249 11.59110991546882 28
      vertex 3.882285676537811 14.488887394336025 28
    endloop
  endfacet
  facet normal 0 0 1
    outer loop
      vertex 2.6047226650039548 14.772116295183121 28
      vertex 2.083778132003164 11.817693036146496 28
      vertex 3.105828541230249 11.59110991546882 28
    endloop
  endfacet
  facet normal 0 0 1
    outer loop
      vertex 3.882285676537811 14.488887394336025 28
      vertex 3.105828541230249 11.59110991546882 28
      vertex 4.104241719908025 11.276311449430901 28
    endloop
  endfacet
  facet normal 0 0 1
    outer loop
      vertex 3.882285676537811 14.488887394336025 28
      vertex 4.104241719908025 11.276311449430901 28
      vertex 5.130302149885031 14.095389311788626 28
    endloop
  endfacet
  facet normal 0 0 1
    outer loop
      vertex 5.130302149885031 14.095389311788626 28
      vertex 4.104241719908025 11.276311449430901 28
      vertex 5.071419140888393 10.875693444439799 28
    endloop
  endfacet
  facet normal 0 0 1
    outer loop
      vertex 5.130302149885031 14.095389311788626 28
      vertex 6 10.392304845413264 28
      vertex 6.339273926110492 13.59461680554975 28
    endloop
  endfacet
  facet normal 0 0 1
    outer loop
      vertex 5.130302149885031 14.095389311788626 28
      vertex 5.071419140888393 10.875693444439799 28
      vertex 6 10.392304845413264 28
    endloop
  endfacet
  facet normal 0 0 1
    outer loop
      vertex 6.339273926110492 13.59461680554975 28
      vertex 6.882917236212553 9.829824531467901 28
      vertex 7.5 12.990381056766578 28
    endloop
  endfacet
  facet normal 0 0 1
    outer loop
      vertex 6.339273926110492 13.59461680554975 28
      vertex 6 10.392304845413264 28
      vertex 6.882917236212553 9.829824531467901 28
    endloop
  endfacet
  facet normal 0 0 1
    outer loop
      vertex 7.5 12.990381056766578 28
      vertex 7.713451316238471 9.192533317427737 28
      vertex 8.60364654526569 12.287280664334878 28
    endloop
  endfacet
  facet normal 0 0 1
    outer loop
      vertex 7.5 12.990381056766578 28
      vertex 6.882917236212553 9.829824531467901 28
      vertex 7.713451316238471 9.192533317427737 28
    endloop
  endfacet
  facet normal 0.21643961393810235 0.9762960071199336 0
    outer loop
      vertex 2.6047226650039548 14.772116295183121 28
      vertex 3.882285676537811 14.488887394336025 28
      vertex 2.6047226650039548 14.772116295183121 8
    endloop
  endfacet
  facet normal 0.30070579950427356 0.9537169507482267 0
    outer loop
      vertex 3.882285676537811 14.488887394336025 28
      vertex 5.130302149885031 14.095389311788626 28
      vertex 3.882285676537811 14.488887394336025 8
    endloop
  endfacet
  facet normal 0.38268343236508956 0.9238795325112868 0
    outer loop
      vertex 5.130302149885031 14.095389311788626 28
      vertex 6.339273926110492 13.59461680554975 28
      vertex 5.130302149885031 14.095389311788626 8
    endloop
  endfacet
  facet normal 0.461748613235035 0.887010833178221 0
    outer loop
      vertex 6.339273926110492 13.59461680554975 28
      vertex 7.5 12.990381056766578 28
      vertex 6.339273926110492 13.59461680554975 8
    endloop
  endfacet
  facet normal 0.5372996083468231 0.8433914458128862 0
    outer loop
      vertex 7.5 12.990381056766578 28
      vertex 8.60364654526569 12.287280664334878 28
      vertex 7.5 12.990381056766578 8
    endloop
  endfacet
  facet normal 0 0 1
    outer loop
      vertex 8.60364654526569 12.287280664334878 28
      vertex 9.192533317427737 7.713451316238471 28
      vertex 9.641814145298088 11.49066664678467 28
    endloop
  endfacet
  facet normal 0 0 1
    outer loop
      vertex 7.713451316238471 9.192533317427737 28
      vertex 8.485281374238571 8.485281374238571 28
      vertex 8.60364654526569 12.287280664334878 28
    endloop
  endfacet
  facet normal 0 0 1
    outer loop
      vertex 8.60364654526569 12.287280664334878 28
      vertex 8.485281374238571 8.485281374238571 28
      vertex 9.192533317427737 7.713451316238471 28
    endloop
  endfacet
  facet normal 0 0 1
    outer loop
      vertex 9.641814145298088 11.49066664678467 28
      vertex 9.192533317427737 7.713451316238471 28
      vertex 9.829824531467901 6.882917236212553 28
    endloop
  endfacet
  facet normal 0 0 1
    outer loop
      vertex 9.641814145298088 11.49066664678467 28
      vertex 10.392304845413264 6 28
      vertex 10.606601717798213 10.606601717798213 28
    endloop
  endfacet
  facet normal 0.6087614290087215 0.7933533402912344 0
    outer loop
      vertex 8.60364654526569 12.287280664334878 28
      vertex 9.641814145298088 11.49066664678467 28
      vertex 8.60364654526569 12.287280664334878 8
    endloop
  endfacet
  facet normal 0.6755902076156589 0.7372773368101253 0
    outer loop
      vertex 9.641814145298088 11.49066664678467 28
      vertex 10.606601717798213 10.606601717798213 28
      vertex 9.641814145298088 11.49066664678467 8
    endloop
  endfacet
  facet normal 0.7372773368101253 0.6755902076156589 0
    outer loop
      vertex 10.606601717798213 10.606601717798213 28
      vertex 11.49066664678467 9.641814145298088 28
      vertex 10.606601717798213 10.606601717798213 8
    endloop
  endfacet
  facet normal 0.7933533402912344 0.6087614290087215 0
    outer loop
      vertex 11.49066664678467 9.641814145298088 28
      vertex 12.287280664334878 8.60364654526569 28
      vertex 11.49066664678467 9.641814145298088 8
    endloop
  endfacet
  facet normal 0.04361938736533569 0.9990482215818578 0
    outer loop
      vertex 1.3073361412148725 14.942920471376183 28
      vertex 1.3073361412148725 14.942920471376183 8
      vertex 0 15 8
    endloop
  endfacet
  facet normal 0.13052619222005177 0.9914448613738103 0
    outer loop
      vertex 2.6047226650039548 14.772116295183121 28
      vertex 2.6047226650039548 14.772116295183121 8
      vertex 1.3073361412148725 14.942920471376183 8
    endloop
  endfacet
  facet normal 0.21643961393810235 0.9762960071199336 0
    outer loop
      vertex 3.882285676537811 14.488887394336025 28
      vertex 3.882285676537811 14.488887394336025 8
      vertex 2.6047226650039548 14.772116295183121 8
    endloop
  endfacet
  facet normal 0.30070579950427356 0.9537169507482267 0
    outer loop
      vertex 5.130302149885031 14.095389311788626 28
      vertex 5.130302149885031 14.095389311788626 8
      vertex 3.882285676537811 14.488887394336025 8
    endloop
  endfacet
  facet normal 0.38268343236508956 0.9238795325112868 0
    outer loop
      vertex 6.339273926110492 13.59461680554975 28
      vertex 6.339273926110492 13.59461680554975 8
      vertex 5.130302149885031 14.095389311788626 8
    endloop
  endfacet
  facet normal 0.461748613235035 0.887010833178221 0
    outer loop
      vertex 7.5 12.990381056766578 28
      vertex 7.5 12.990381056766578 8
      vertex 6.339273926110492 13.59461680554975 8
    endloop
  endfacet
  facet normal 0.5372996083468231 0.8433914458128862 0
    outer loop
      vertex 8.60364654526569 12.287280664334878 28
      vertex 8.60364654526569 12.287280664334878 8
      vertex 7.5 12.990381056766578 8
    endloop
  endfacet
  facet normal 0.6087614290087215 0.7933533402912344 0
    outer loop
      vertex 9.641814145298088 11.49066664678467 28
      vertex 9.641814145298088 11.49066664678467 8
      vertex 8.60364654526569 12.287280664334878 8
    endloop
  endfacet
  facet normal 0.6755902076156589 0.7372773368101253 -3.894808992444474e-19
    outer loop
      vertex 10.606601717798213 10.606601717798213 28
      vertex 10.324375854318829 10.865214074618358 8
      vertex 9.641814145298088 11.49066664678467 8
    endloop
  endfacet
  facet normal 0.675590207615656 0.7372773368101279 7.320231756603899e-17
    outer loop
      vertex 10.606601717798213 10.606601717798213 28
      vertex 10.500818574125102 10.70353411003145 8
      vertex 10.324375854318829 10.865214074618358 8
    endloop
  endfacet
  facet normal 0.6755902076156636 0.737277336810121 0
    outer loop
      vertex 10.606601717798213 10.606601717798213 28
      vertex 10.606601717798213 10.606601717798213 8
      vertex 10.500818574125102 10.70353411003145 8
    endloop
  endfacet
  facet normal 0.7372773368101253 0.6755902076156589 0
    outer loop
      vertex 11.49066664678467 9.641814145298088 28
      vertex 11.49066664678467 9.641814145298088 8
      vertex 10.606601717798213 10.606601717798213 8
    endloop
  endfacet
  facet normal 0.7933533402912344 0.6087614290087215 0
    outer loop
      vertex 12.287280664334878 8.60364654526569 28
      vertex 12.287280664334878 8.60364654526569 8
      vertex 11.49066664678467 9.641814145298088 8
    endloop
  endfacet
  facet normal 0 0 1
    outer loop
      vertex 9.641814145298088 11.49066664678467 28
      vertex 9.829824531467901 6.882917236212553 28
      vertex 10.392304845413264 6 28
    endloop
  endfacet
  facet normal 0 0 1
    outer loop
      vertex 10.606601717798213 10.606601717798213 28
      vertex 10.875693444439799 5.071419140888393 28
      vertex 11.49066664678467 9.641814145298088 28
    endloop
  endfacet
  facet normal 0 0 1
    outer loop
      vertex 10.606601717798213 10.606601717798213 28
      vertex 10.392304845413264 6 28
      vertex 10.875693444439799 5.071419140888393 28
    endloop
  endfacet
  facet normal 0 0 1
    outer loop
      vertex 11.49066664678467 9.641814145298088 28
      vertex 10.875693444439799 5.071419140888393 28
      vertex 11.276311449430901 4.104241719908025 28
    endloop
  endfacet
  facet normal 0 0 1
    outer loop
      vertex 11.49066664678467 9.641814145298088 28
      vertex 11.954336377100947 1.045868912971898 28
      vertex 12.287280664334878 8.60364654526569 28
    endloop
  endfacet
  facet normal 0 0 1
    outer loop
      vertex 11.49066664678467 9.641814145298088 28
      vertex 11.276311449430901 4.104241719908025 28
      vertex 11.59110991546882 3.105828541230249 28
    endloop
  endfacet
  facet normal 0 0 1
    outer loop
      vertex 11.49066664678467 9.641814145298088 28
      vertex 11.59110991546882 3.105828541230249 28
      vertex 11.817693036146496 2.083778132003164 28
    endloop
  endfacet
  facet normal 0 0 1
    outer loop
      vertex 11.49066664678467 9.641814145298088 28
      vertex 11.817693036146496 2.083778132003164 28
      vertex 11.954336377100947 1.045868912971898 28
    endloop
  endfacet
  facet normal 0 0 1
    outer loop
      vertex 12.287280664334878 8.60364654526569 28
      vertex 11.954336377100947 1.045868912971898 28
      vertex 12 0 28
    endloop
  endfacet
  facet normal 0 0 1
    outer loop
      vertex 12.287280664334878 8.60364654526569 28
      vertex 12.990381056766578 -7.5 28
      vertex 12.990381056766578 7.5 28
    endloop
  endfacet
  facet normal 0 0 1
    outer loop
      vertex 12.990381056766578 7.5 28
      vertex 13.59461680554975 -6.339273926110492 28
      vertex 13.59461680554975 6.339273926110492 28
    endloop
  endfacet
  facet normal 0.8433914458128862 0.5372996083468231 0
    outer loop
      vertex 12.287280664334878 8.60364654526569 28
      vertex 12.990381056766578 7.5 28
      vertex 12.287280664334878 8.60364654526569 8
    endloop
  endfacet
  facet normal 0.887010833178221 0.461748613235035 0
    outer loop
      vertex 12.990381056766578 7.5 28
      vertex 13.59461680554975 6.339273926110492 28
      vertex 12.990381056766578 7.5 8
    endloop
  endfacet
  facet normal 0.9238795325112868 0.38268343236508956 0
    outer loop
      vertex 13.59461680554975 6.339273926110492 28
      vertex 14.095389311788626 5.130302149885031 28
      vertex 13.59461680554975 6.339273926110492 8
    endloop
  endfacet
  facet normal 0.9537169507482267 0.30070579950427356 0
    outer loop
      vertex 14.095389311788626 5.130302149885031 28
      vertex 14.488887394336025 3.882285676537811 28
      vertex 14.095389311788626 5.130302149885031 8
    endloop
  endfacet
  facet normal 0.9762960071199336 0.21643961393810235 0
    outer loop
      vertex 14.488887394336025 3.882285676537811 28
      vertex 14.772116295183121 2.6047226650039548 28
      vertex 14.488887394336025 3.882285676537811 8
    endloop
  endfacet
  facet normal 0 0 1
    outer loop
      vertex 13.59461680554975 6.339273926110492 28
      vertex 14.095389311788626 -5.130302149885031 28
      vertex 14.095389311788626 5.130302149885031 28
    endloop
  endfacet
  facet normal 0 0 1
    outer loop
      vertex 12.287280664334878 8.60364654526569 28
      vertex 12 0 28
      vertex 12.287280664334878 -8.60364654526569 28
    endloop
  endfacet
  facet normal 0 0 1
    outer loop
      vertex 14.095389311788626 5.130302149885031 28
      vertex 14.488887394336025 -3.882285676537811 28
      vertex 14.488887394336025 3.882285676537811 28
    endloop
  endfacet
  facet normal 0 0 1
    outer loop
      vertex 14.488887394336025 3.882285676537811 28
      vertex 14.772116295183121 -2.6047226650039548 28
      vertex 14.772116295183121 2.6047226650039548 28
    endloop
  endfacet
  facet normal 0 0 1
    outer loop
      vertex 14.772116295183121 2.6047226650039548 28
      vertex 14.942920471376183 -1.3073361412148725 28
      vertex 14.942920471376183 1.3073361412148725 28
    endloop
  endfacet
  facet normal 0 0 1
    outer loop
      vertex 14.942920471376183 1.3073361412148725 28
      vertex 14.942920471376183 -1.3073361412148725 28
      vertex 15 0 28
    endloop
  endfacet
  facet normal 0 0 1
    outer loop
      vertex 14.772116295183121 2.6047226650039548 28
      vertex 14.772116295183121 -2.6047226650039548 28
      vertex 14.942920471376183 -1.3073361412148725 28
    endloop
  endfacet
  facet normal 0 0 1
    outer loop
      vertex 14.488887394336025 3.882285676537811 28
      vertex 14.488887394336025 -3.882285676537811 28
      vertex 14.772116295183121 -2.6047226650039548 28
    endloop
  endfacet
  facet normal 0 0 1
    outer loop
      vertex 12.990381056766578 7.5 28
      vertex 12.990381056766578 -7.5 28
      vertex 13.59461680554975 -6.339273926110492 28
    endloop
  endfacet
  facet normal 0 0 1
    outer loop
      vertex 13.59461680554975 6.339273926110492 28
      vertex 13.59461680554975 -6.339273926110492 28
      vertex 14.095389311788626 -5.130302149885031 28
    endloop
  endfacet
  facet normal 0 0 1
    outer loop
      vertex 11.954336377100947 -1.045868912971898 28
      vertex 12.287280664334878 -8.60364654526569 28
      vertex 12 0 28
    endloop
  endfacet
  facet normal 0 0 1
    outer loop
      vertex 12.287280664334878 8.60364654526569 28
      vertex 12.287280664334878 -8.60364654526569 28
      vertex 12.990381056766578 -7.5 28
    endloop
  endfacet
  facet normal 0 0 1
    outer loop
      vertex 11.954336377100947 -1.045868912971898 28
      vertex 11.817693036146496 -2.083778132003164 28
      vertex 12.287280664334878 -8.60364654526569 28
    endloop
  endfacet
  facet normal 0 0 1
    outer loop
      vertex 14.095389311788626 5.130302149885031 28
      vertex 14.095389311788626 -5.130302149885031 28
      vertex 14.488887394336025 -3.882285676537811 28
    endloop
  endfacet
  facet normal 0.9914448613738103 0.13052619222005177 0
    outer loop
      vertex 14.772116295183121 2.6047226650039548 28
      vertex 14.942920471376183 1.3073361412148725 28
      vertex 14.772116295183121 2.6047226650039548 8
    endloop
  endfacet
  facet normal 0.9990482215818578 0.04361938736533569 0
    outer loop
      vertex 14.942920471376183 1.3073361412148725 28
      vertex 15 0 28
      vertex 14.942920471376183 1.3073361412148725 8
    endloop
  endfacet
  facet normal 0.9990482215818578 -0.04361938736533569 0
    outer loop
      vertex 15 0 28
      vertex 14.942920471376183 -1.3073361412148725 28
      vertex 15 0 8
    endloop
  endfacet
  facet normal 0.9914448613738103 -0.13052619222005177 0
    outer loop
      vertex 14.942920471376183 -1.3073361412148725 28
      vertex 14.772116295183121 -2.6047226650039548 28
      vertex 14.942920471376183 -1.3073361412148725 8
    endloop
  endfacet
  facet normal 0.9762960071199336 -0.21643961393810235 0
    outer loop
      vertex 14.772116295183121 -2.6047226650039548 28
      vertex 14.488887394336025 -3.882285676537811 28
      vertex 14.772116295183121 -2.6047226650039548 8
    endloop
  endfacet
  facet normal 0.8433914458128862 0.5372996083468231 0
    outer loop
      vertex 12.990381056766578 7.5 28
      vertex 12.990381056766578 7.5 8
      vertex 12.287280664334878 8.60364654526569 8
    endloop
  endfacet
  facet normal 0.887010833178221 0.461748613235035 0
    outer loop
      vertex 13.59461680554975 6.339273926110492 28
      vertex 13.59461680554975 6.339273926110492 8
      vertex 12.990381056766578 7.5 8
    endloop
  endfacet
  facet normal 0.9238795325112868 0.38268343236508956 0
    outer loop
      vertex 14.095389311788626 5.130302149885031 28
      vertex 14.095389311788626 5.130302149885031 8
      vertex 13.59461680554975 6.339273926110492 8
    endloop
  endfacet
  facet normal 0.9537169507482267 0.30070579950427356 0
    outer loop
      vertex 14.488887394336025 3.882285676537811 28
      vertex 14.488887394336025 3.882285676537811 8
      vertex 14.095389311788626 5.130302149885031 8
    endloop
  endfacet
  facet normal 0.9762960071199335 0.21643961393810227 -1.260543318528651e-18
    outer loop
      vertex 14.772116295183121 2.6047226650039548 28
      vertex 14.744736797201853 2.728223599374061 8
      vertex 14.488887394336025 3.882285676537811 8
    endloop
  endfacet
  facet normal 0.9762960071199336 0.21643961393810252 0
    outer loop
      vertex 14.772116295183121 2.6047226650039548 28
      vertex 14.772116295183121 2.6047226650039548 8
      vertex 14.744736797201853 2.728223599374061 8
    endloop
  endfacet
  facet normal 0.9914448613738103 0.13052619222005177 0
    outer loop
      vertex 14.942920471376183 1.3073361412148725 28
      vertex 14.942920471376183 1.3073361412148725 8
      vertex 14.772116295183121 2.6047226650039548 8
    endloop
  endfacet
  facet normal 0.9990482215818578 0.04361938736533569 0
    outer loop
      vertex 15 0 28
      vertex 15 0 8
      vertex 14.942920471376183 1.3073361412148725 8
    endloop
  endfacet
  facet normal 0.9990482215818578 -0.04361938736533569 0
    outer loop
      vertex 14.942920471376183 -1.3073361412148725 28
      vertex 14.942920471376183 -1.3073361412148725 8
      vertex 15 0 8
    endloop
  endfacet
  facet normal 0.9914448613738103 -0.13052619222005177 0
    outer loop
      vertex 14.772116295183121 -2.6047226650039548 28
      vertex 14.772116295183121 -2.6047226650039548 8
      vertex 14.942920471376183 -1.3073361412148725 8
    endloop
  endfacet
  facet normal 0.9762960071199336 -0.21643961393810252 -1.8304339824104055e-17
    outer loop
      vertex 14.488887394336025 -3.882285676537811 28
      vertex 14.744736797201853 -2.728223599374061 8
      vertex 14.772116295183121 -2.6047226650039548 8
    endloop
  endfacet
  facet normal 0.9762960071199335 -0.21643961393810227 0
    outer loop
      vertex 14.488887394336025 -3.882285676537811 28
      vertex 14.488887394336025 -3.882285676537811 8
      vertex 14.744736797201853 -2.728223599374061 8
    endloop
  endfacet
  facet normal 0 0 1
    outer loop
      vertex 0 -12 28
      vertex 1.3073361412148725 -14.942920471376183 28
      vertex 1.045868912971898 -11.954336377100947 28
    endloop
  endfacet
  facet normal 0 0 1
    outer loop
      vertex 1.045868912971898 -11.954336377100947 28
      vertex 2.6047226650039548 -14.772116295183121 28
      vertex 2.083778132003164 -11.817693036146496 28
    endloop
  endfacet
  facet normal 0 0 1
    outer loop
      vertex 3.105828541230249 -11.59110991546882 28
      vertex 2.083778132003164 -11.817693036146496 28
      vertex 3.882285676537811 -14.488887394336025 28
    endloop
  endfacet
  facet normal 0 0 1
    outer loop
      vertex 0 -12 28
      vertex 0 -15 28
      vertex 1.3073361412148725 -14.942920471376183 28
    endloop
  endfacet
  facet normal 0 0 1
    outer loop
      vertex 1.045868912971898 -11.954336377100947 28
      vertex 1.3073361412148725 -14.942920471376183 28
      vertex 2.6047226650039548 -14.772116295183121 28
    endloop
  endfacet
  facet normal 0 0 1
    outer loop
      vertex 2.083778132003164 -11.817693036146496 28
      vertex 2.6047226650039548 -14.772116295183121 28
      vertex 3.882285676537811 -14.488887394336025 28
    endloop
  endfacet
  facet normal 0 0 1
    outer loop
      vertex 5.071419140888393 -10.875693444439799 28
      vertex 6.339273926110492 -13.59461680554975 28
      vertex 6 -10.392304845413264 28
    endloop
  endfacet
  facet normal 0 0 1
    outer loop
      vertex 3.105828541230249 -11.59110991546882 28
      vertex 5.130302149885031 -14.095389311788626 28
      vertex 4.104241719908025 -11.276311449430901 28
    endloop
  endfacet
  facet normal 0 0 1
    outer loop
      vertex 4.104241719908025 -11.276311449430901 28
      vertex 5.130302149885031 -14.095389311788626 28
      vertex 5.071419140888393 -10.875693444439799 28
    endloop
  endfacet
  facet normal 0 0 1
    outer loop
      vertex 5.071419140888393 -10.875693444439799 28
      vertex 5.130302149885031 -14.095389311788626 28
      vertex 6.339273926110492 -13.59461680554975 28
    endloop
  endfacet
  facet normal 0 0 1
    outer loop
      vertex 6.882917236212553 -9.829824531467901 28
      vertex 6 -10.392304845413264 28
      vertex 7.5 -12.990381056766578 28
    endloop
  endfacet
  facet normal 0 0 1
    outer loop
      vertex 6.882917236212553 -9.829824531467901 28
      vertex 8.60364654526569 -12.287280664334878 28
      vertex 7.713451316238471 -9.192533317427737 28
    endloop
  endfacet
  facet normal 0 0 1
    outer loop
      vertex 6.882917236212553 -9.829824531467901 28
      vertex 7.5 -12.990381056766578 28
      vertex 8.60364654526569 -12.287280664334878 28
    endloop
  endfacet
  facet normal 0 0 1
    outer loop
      vertex 6 -10.392304845413264 28
      vertex 6.339273926110492 -13.59461680554975 28
      vertex 7.5 -12.990381056766578 28
    endloop
  endfacet
  facet normal 0 0 1
    outer loop
      vertex 3.105828541230249 -11.59110991546882 28
      vertex 3.882285676537811 -14.488887394336025 28
      vertex 5.130302149885031 -14.095389311788626 28
    endloop
  endfacet
  facet normal 0.04361938736533568 -0.9990482215818578 -3.4011979909326566e-20
    outer loop
      vertex 0 -15 28
      vertex 1.3073361412148725 -14.942920471376183 8.02
      vertex 1.3073361412148725 -14.942920471376183 28
    endloop
  endfacet
  facet normal 0.1305261922200518 -0.9914448613738104 -1.152480457300222e-19
    outer loop
      vertex 1.3073361412148725 -14.942920471376183 28
      vertex 2.6047226650039548 -14.772116295183121 8.02
      vertex 2.6047226650039548 -14.772116295183121 28
    endloop
  endfacet
  facet normal 0.2164396139381023 -0.9762960071199335 9.609656635318589e-19
    outer loop
      vertex 2.6047226650039548 -14.772116295183121 28
      vertex 3.882285676537811 -14.488887394336025 8.02
      vertex 3.882285676537811 -14.488887394336025 28
    endloop
  endfacet
  facet normal 0.461748613235035 -0.887010833178221 0
    outer loop
      vertex 7.5 -12.990381056766578 28
      vertex 6.339273926110492 -13.59461680554975 28
      vertex 7.5 -12.990381056766578 8
    endloop
  endfacet
  facet normal 0.30070579950427356 -0.9537169507482267 1.213589813145282e-19
    outer loop
      vertex 3.882285676537811 -14.488887394336025 28
      vertex 5.130302149885031 -14.095389311788626 8
      vertex 5.130302149885031 -14.095389311788626 28
    endloop
  endfacet
  facet normal 0.38268343236508956 -0.9238795325112868 2.0944328774114732e-18
    outer loop
      vertex 5.130302149885031 -14.095389311788626 28
      vertex 6.339273926110492 -13.59461680554975 8
      vertex 6.339273926110492 -13.59461680554975 28
    endloop
  endfacet
  facet normal 0 0 1
    outer loop
      vertex 11.817693036146496 -2.083778132003164 28
      vertex 11.59110991546882 -3.105828541230249 28
      vertex 12.287280664334878 -8.60364654526569 28
    endloop
  endfacet
  facet normal 0 0 1
    outer loop
      vertex 11.59110991546882 -3.105828541230249 28
      vertex 11.276311449430901 -4.104241719908025 28
      vertex 12.287280664334878 -8.60364654526569 28
    endloop
  endfacet
  facet normal 0 0 1
    outer loop
      vertex 10.875693444439799 -5.071419140888393 28
      vertex 10.392304845413264 -6 28
      vertex 11.49066664678467 -9.641814145298088 28
    endloop
  endfacet
  facet normal 0 0 1
    outer loop
      vertex 10.875693444439799 -5.071419140888393 28
      vertex 11.49066664678467 -9.641814145298088 28
      vertex 11.276311449430901 -4.104241719908025 28
    endloop
  endfacet
  facet normal 0 0 1
    outer loop
      vertex 9.829824531467901 -6.882917236212553 28
      vertex 9.192533317427737 -7.713451316238471 28
      vertex 10.606601717798213 -10.606601717798213 28
    endloop
  endfacet
  facet normal 0 0 1
    outer loop
      vertex 7.713451316238471 -9.192533317427737 28
      vertex 8.60364654526569 -12.287280664334878 28
      vertex 8.485281374238571 -8.485281374238571 28
    endloop
  endfacet
  facet normal 0 0 1
    outer loop
      vertex 8.485281374238571 -8.485281374238571 28
      vertex 9.641814145298088 -11.49066664678467 28
      vertex 9.192533317427737 -7.713451316238471 28
    endloop
  endfacet
  facet normal 0 0 1
    outer loop
      vertex 9.192533317427737 -7.713451316238471 28
      vertex 9.641814145298088 -11.49066664678467 28
      vertex 10.606601717798213 -10.606601717798213 28
    endloop
  endfacet
  facet normal 0 0 1
    outer loop
      vertex 9.829824531467901 -6.882917236212553 28
      vertex 10.606601717798213 -10.606601717798213 28
      vertex 10.392304845413264 -6 28
    endloop
  endfacet
  facet normal 0 0 1
    outer loop
      vertex 11.276311449430901 -4.104241719908025 28
      vertex 11.49066664678467 -9.641814145298088 28
      vertex 12.287280664334878 -8.60364654526569 28
    endloop
  endfacet
  facet normal 0 0 1
    outer loop
      vertex 10.392304845413264 -6 28
      vertex 10.606601717798213 -10.606601717798213 28
      vertex 11.49066664678467 -9.641814145298088 28
    endloop
  endfacet
  facet normal 0.7372773368101253 -0.6755902076156589 0
    outer loop
      vertex 11.49066664678467 -9.641814145298088 28
      vertex 10.606601717798213 -10.606601717798213 28
      vertex 11.49066664678467 -9.641814145298088 8
    endloop
  endfacet
  facet normal 0.9238795325112868 -0.38268343236508956 2.0944328774114732e-18
    outer loop
      vertex 13.59461680554975 -6.339273926110492 28
      vertex 14.095389311788626 -5.130302149885031 8
      vertex 14.095389311788626 -5.130302149885031 28
    endloop
  endfacet
  facet normal 0.887010833178221 -0.461748613235035 0
    outer loop
      vertex 13.59461680554975 -6.339273926110492 28
      vertex 12.990381056766578 -7.5 28
      vertex 13.59461680554975 -6.339273926110492 8
    endloop
  endfacet
  facet normal 0.9537169507482267 -0.30070579950427356 0
    outer loop
      vertex 14.488887394336025 -3.882285676537811 28
      vertex 14.095389311788626 -5.130302149885031 28
      vertex 14.488887394336025 -3.882285676537811 8
    endloop
  endfacet
  facet normal 0.8433914458128862 -0.5372996083468231 0
    outer loop
      vertex 12.990381056766578 -7.5 28
      vertex 12.287280664334878 -8.60364654526569 28
      vertex 12.990381056766578 -7.5 8
    endloop
  endfacet
  facet normal 0.7933533402912344 -0.6087614290087215 -4.2959680304347455e-19
    outer loop
      vertex 11.49066664678467 -9.641814145298088 28
      vertex 12.287280664334878 -8.60364654526569 8
      vertex 12.287280664334878 -8.60364654526569 28
    endloop
  endfacet
  facet normal 0 0 1
    outer loop
      vertex 8.485281374238571 -8.485281374238571 28
      vertex 8.60364654526569 -12.287280664334878 28
      vertex 9.641814145298088 -11.49066664678467 28
    endloop
  endfacet
  facet normal 0.6087614290087215 -0.7933533402912344 0
    outer loop
      vertex 9.641814145298088 -11.49066664678467 28
      vertex 8.60364654526569 -12.287280664334878 28
      vertex 9.641814145298088 -11.49066664678467 8
    endloop
  endfacet
  facet normal 0.5372996083468231 -0.8433914458128862 5.374033917691008e-19
    outer loop
      vertex 7.5 -12.990381056766578 28
      vertex 8.60364654526569 -12.287280664334878 8
      vertex 8.60364654526569 -12.287280664334878 28
    endloop
  endfacet
  facet normal 0.6755902076156589 -0.7372773368101253 1.4023124086061702e-18
    outer loop
      vertex 9.641814145298088 -11.49066664678467 28
      vertex 10.606601717798213 -10.606601717798213 8
      vertex 10.606601717798213 -10.606601717798213 28
    endloop
  endfacet
  facet normal 0.1305261922200518 -0.9914448613738104 0
    outer loop
      vertex 1.3073361412148725 -14.942920471376183 28
      vertex 1.3073361412148725 -14.942920471376183 8.02
      vertex 2.6047226650039548 -14.772116295183121 8.02
    endloop
  endfacet
  facet normal 0.04361938736533568 -0.9990482215818578 0
    outer loop
      vertex 0 -15 28
      vertex 0 -15 8.02
      vertex 1.3073361412148725 -14.942920471376183 8.02
    endloop
  endfacet
  facet normal 0.2164396139381023 -0.9762960071199335 0
    outer loop
      vertex 2.6047226650039548 -14.772116295183121 28
      vertex 2.6047226650039548 -14.772116295183121 8.02
      vertex 3.882285676537811 -14.488887394336025 8.02
    endloop
  endfacet
  facet normal 0.5372996083468231 -0.8433914458128862 0
    outer loop
      vertex 7.5 -12.990381056766578 28
      vertex 7.5 -12.990381056766578 8
      vertex 8.60364654526569 -12.287280664334878 8
    endloop
  endfacet
  facet normal 0.3007057995042726 -0.953716950748227 0
    outer loop
      vertex 3.882285676537811 -14.488887394336025 28
      vertex 3.882285676537811 -14.488887394336025 8.02
      vertex 4.25 -14.372947513494942 8.02
    endloop
  endfacet
  facet normal 0.30070579950427706 -0.9537169507482257 8.925942368391607e-17
    outer loop
      vertex 3.882285676537811 -14.488887394336025 28
      vertex 4.25 -14.372947513494942 8.02
      vertex 4.427304080231561 -14.317043751734628 8
    endloop
  endfacet
  facet normal 0.30070579950427184 -0.9537169507482273 -6.381006418130127e-17
    outer loop
      vertex 3.882285676537811 -14.488887394336025 28
      vertex 4.427304080231561 -14.317043751734628 8
      vertex 4.658742811845373 -14.244071399957106 8
    endloop
  endfacet
  facet normal 0.3007057995042738 -0.9537169507482267 1.4939586550792567e-17
    outer loop
      vertex 3.882285676537811 -14.488887394336025 28
      vertex 4.658742811845373 -14.244071399957106 8
      vertex 5.130302149885031 -14.095389311788626 8
    endloop
  endfacet
  facet normal 0.38268343236508956 -0.9238795325112868 0
    outer loop
      vertex 5.130302149885031 -14.095389311788626 28
      vertex 5.130302149885031 -14.095389311788626 8
      vertex 6.339273926110492 -13.59461680554975 8
    endloop
  endfacet
  facet normal 0.461748613235035 -0.887010833178221 0
    outer loop
      vertex 6.339273926110492 -13.59461680554975 28
      vertex 6.339273926110492 -13.59461680554975 8
      vertex 7.5 -12.990381056766578 8
    endloop
  endfacet
  facet normal 0.7933533402912344 -0.6087614290087215 0
    outer loop
      vertex 11.49066664678467 -9.641814145298088 28
      vertex 11.49066664678467 -9.641814145298088 8
      vertex 12.287280664334878 -8.60364654526569 8
    endloop
  endfacet
  facet normal 0.7372773368101214 -0.675590207615663 -3.8488750583448303e-16
    outer loop
      vertex 10.606601717798213 -10.606601717798213 28
      vertex 11.393734254551434 -9.747597288971198 8
      vertex 11.49066664678467 -9.641814145298088 8
    endloop
  endfacet
  facet normal 0.9238795325112868 -0.38268343236508956 0
    outer loop
      vertex 13.59461680554975 -6.339273926110492 28
      vertex 13.59461680554975 -6.339273926110492 8
      vertex 14.095389311788626 -5.130302149885031 8
    endloop
  endfacet
  facet normal 0.887010833178221 -0.461748613235035 0
    outer loop
      vertex 12.990381056766578 -7.5 28
      vertex 12.990381056766578 -7.5 8
      vertex 13.59461680554975 -6.339273926110492 8
    endloop
  endfacet
  facet normal 0.9537169507482267 -0.30070579950427356 1.213589813145282e-19
    outer loop
      vertex 14.488887394336025 -3.882285676537811 8
      vertex 14.095389311788626 -5.130302149885031 28
      vertex 14.095389311788626 -5.130302149885031 8
    endloop
  endfacet
  facet normal 0.8433914458128862 -0.5372996083468231 0
    outer loop
      vertex 12.287280664334878 -8.60364654526569 28
      vertex 12.287280664334878 -8.60364654526569 8
      vertex 12.990381056766578 -7.5 8
    endloop
  endfacet
  facet normal 0.675590207615659 -0.7372773368101252 0
    outer loop
      vertex 9.641814145298088 -11.49066664678467 28
      vertex 9.641814145298088 -11.49066664678467 8
      vertex 10.161508223352103 -11.014454762111534 8
    endloop
  endfacet
  facet normal 0.6087614290087235 -0.793353340291233 6.648360790511477e-17
    outer loop
      vertex 8.60364654526569 -12.287280664334878 28
      vertex 8.847691470056324 -12.100018407263729 8
      vertex 9 -11.983147961738544 8
    endloop
  endfacet
  facet normal 0.6087614290087201 -0.7933533402912356 0
    outer loop
      vertex 8.60364654526569 -12.287280664334878 28
      vertex 8.60364654526569 -12.287280664334878 8
      vertex 8.847691470056324 -12.100018407263729 8
    endloop
  endfacet
  facet normal 0.6087614290087217 -0.7933533402912344 8.045897036001608e-18
    outer loop
      vertex 8.60364654526569 -12.287280664334878 28
      vertex 9 -11.983147961738544 8
      vertex 9.641814145298088 -11.49066664678467 8
    endloop
  endfacet
  facet normal 0.6755902076156589 -0.7372773368101253 2.264533519453534e-19
    outer loop
      vertex 9.641814145298088 -11.49066664678467 28
      vertex 10.324375854318829 -10.865214074618358 8
      vertex 10.606601717798213 -10.606601717798213 8
    endloop
  endfacet
  facet normal 0.7372773368101259 -0.6755902076156585 0
    outer loop
      vertex 10.606601717798213 -10.606601717798213 28
      vertex 10.606601717798213 -10.606601717798213 8
      vertex 11.393734254551434 -9.747597288971198 8
    endloop
  endfacet
  facet normal 0.6755902076156584 -0.7372773368101257 -3.587628254829276e-17
    outer loop
      vertex 9.641814145298088 -11.49066664678467 28
      vertex 10.161508223352103 -11.014454762111534 8
      vertex 10.324375854318829 -10.865214074618358 8
    endloop
  endfacet
  facet normal 0.30070579950427706 -0.9537169507482257 2.800057373248792e-17
    outer loop
      vertex 4.427304080231561 -14.317043751734628 8
      vertex 4.25 -14.372947513494942 8.02
      vertex 4.25 -14.372947513494942 8
    endloop
  endfacet
  facet normal 0 0 1
    outer loop
      vertex -13.540386810842183 11.841272373426493 8
      vertex -12.64410196276235 10.80812617487998 8
      vertex -12.920777561344938 12.51745721474399 8
    endloop
  endfacet
  facet normal 0 0 1
    outer loop
      vertex -12.156370969358703 13.25165214450038 8
      vertex -12.64410196276235 10.80812617487998 8
      vertex -11.570176974357707 10.726024884215464 8
    endloop
  endfacet
  facet normal 0 0 1
    outer loop
      vertex -13.540386810842183 11.841272373426493 8
      vertex -12.990381056766578 7.5 8
      vertex -12.64410196276235 10.80812617487998 8
    endloop
  endfacet
  facet normal 0 0 1
    outer loop
      vertex -13.540386810842183 11.841272373426493 8
      vertex -13.588317560985587 6.978374741041043 8
      vertex -12.990381056766578 7.5 8
    endloop
  endfacet
  facet normal 0 0 1
    outer loop
      vertex -12.64410196276235 10.80812617487998 8
      vertex -12.287280664334878 8.60364654526569 8
      vertex -11.570176974357707 10.726024884215464 8
    endloop
  endfacet
  facet normal 0 0 1
    outer loop
      vertex -12.64410196276235 10.80812617487998 8
      vertex -12.990381056766578 7.5 8
      vertex -12.287280664334878 8.60364654526569 8
    endloop
  endfacet
  facet normal 0 0 1
    outer loop
      vertex -11.339282776954702 13.965971325176671 8
      vertex -10.324375854318829 10.865214074618358 8
      vertex -10.550848282994604 14.57095839064579 8
    endloop
  endfacet
  facet normal 0 0 1
    outer loop
      vertex -11.339282776954702 13.965971325176671 8
      vertex -10.606601717798213 10.606601717798213 8
      vertex -10.324375854318829 10.865214074618358 8
    endloop
  endfacet
  facet normal 0 0 1
    outer loop
      vertex -10.07891877852705 14.901110200493566 8
      vertex -9 11.983147961738544 8
      vertex -9.240756418807663 15.435078513599018 8
    endloop
  endfacet
  facet normal 0 0 1
    outer loop
      vertex -8.741848122377256 15.722842629648362 8
      vertex -8.847691470056324 12.100018407263729 8
      vertex -8.60364654526569 12.287280664334878 8
    endloop
  endfacet
  facet normal 0 0 1
    outer loop
      vertex -8.741848122377256 15.722842629648362 8
      vertex -8.60364654526569 12.287280664334878 8
      vertex -7.60712871133259 13.461136168013867 8
    endloop
  endfacet
  facet normal 0 0 1
    outer loop
      vertex -10.07891877852705 14.901110200493566 8
      vertex -10.161508223352103 11.014454762111534 8
      vertex -9.641814145298088 11.49066664678467 8
    endloop
  endfacet
  facet normal 0 0 1
    outer loop
      vertex -10.07891877852705 14.901110200493566 8
      vertex -9.641814145298088 11.49066664678467 8
      vertex -9 11.983147961738544 8
    endloop
  endfacet
  facet normal 0 0 1
    outer loop
      vertex -11.339282776954702 13.965971325176671 8
      vertex -11.393734254551434 9.747597288971198 8
      vertex -10.606601717798213 10.606601717798213 8
    endloop
  endfacet
  facet normal 0 0 1
    outer loop
      vertex -12.287280664334878 8.60364654526569 8
      vertex -11.49066664678467 9.641814145298088 8
      vertex -11.570176974357707 10.726024884215464 8
    endloop
  endfacet
  facet normal 0 0 1
    outer loop
      vertex -11.570176974357707 10.726024884215464 8
      vertex -11.49066664678467 9.641814145298088 8
      vertex -11.393734254551434 9.747597288971198 8
    endloop
  endfacet
  facet normal 0 0 1
    outer loop
      vertex -7.338246723543959 16.424914732679586 8
      vertex -6.156362579862037 14.948095641753318 8
      vertex -6.760848467974768 16.664080921026912 8
    endloop
  endfacet
  facet normal 0 0 1
    outer loop
      vertex -7.338246723543959 16.424914732679586 8
      vertex -7.48029975687703 13.408679529056894 8
      vertex -6.156362579862037 14.948095641753318 8
    endloop
  endfacet
  facet normal 0 0 1
    outer loop
      vertex -5.878796836189972 17.001983316960448 8
      vertex -3.875600297875468 14.664538414170977 8
      vertex -4.658742811845373 17.38666487320323 8
    endloop
  endfacet
  facet normal 0 0 1
    outer loop
      vertex -6.156362579862037 14.948095641753318 8
      vertex -5.130302149885031 14.095389311788626 8
      vertex -5.878796836189972 17.001983316960448 8
    endloop
  endfacet
  facet normal 0 0 1
    outer loop
      vertex -5.878796836189972 17.001983316960448 8
      vertex -5.130302149885031 14.095389311788626 8
      vertex -3.882285676537811 14.488887394336025 8
    endloop
  endfacet
  facet normal 0 0 1
    outer loop
      vertex -5.878796836189972 17.001983316960448 8
      vertex -3.882285676537811 14.488887394336025 8
      vertex -3.875600297875468 14.664538414170977 8
    endloop
  endfacet
  facet normal 0 0 1
    outer loop
      vertex -3.764448703771674 17.584925103796195 8
      vertex -2.5417778270742404 15.271802641741315 8
      vertex -3.125667198004746 17.726539554219745 8
    endloop
  endfacet
  facet normal 0 0 1
    outer loop
      vertex -3.764448703771674 17.584925103796195 8
      vertex -3.875600297875468 14.664538414170977 8
      vertex -2.5417778270742404 15.271802641741315 8
    endloop
  endfacet
  facet normal 0 0 1
    outer loop
      vertex -2.5417778270742404 15.271802641741315 8
      vertex -3.875600297875468 14.664538414170977 8
      vertex -2.6047226650039548 14.772116295183121 8
    endloop
  endfacet
  facet normal 0 0 1
    outer loop
      vertex -2.2174966313523883 17.846102477554886 8
      vertex -2.5417778270742404 15.271802641741315 8
      vertex -1.3073361412148725 14.942920471376183 8
    endloop
  endfacet
  facet normal 0 0 1
    outer loop
      vertex -2.5417778270742404 15.271802641741315 8
      vertex -2.6047226650039548 14.772116295183121 8
      vertex -1.3073361412148725 14.942920471376183 8
    endloop
  endfacet
  facet normal 0 0 1
    outer loop
      vertex -1.568803369457847 17.93150456565142 8
      vertex -2.2174966313523883 17.846102477554886 8
      vertex -1.3073361412148725 14.942920471376183 8
    endloop
  endfacet
  facet normal 0 0 1
    outer loop
      vertex -0.9151352988504108 17.960044329963328 8
      vertex 0 15 8
      vertex 0 18 8
    endloop
  endfacet
  facet normal 0 0 1
    outer loop
      vertex -1.568803369457847 17.93150456565142 8
      vertex -1.3073361412148725 14.942920471376183 8
      vertex -1.0061310024090704 14.956071371745335 8
    endloop
  endfacet
  facet normal 0 0 1
    outer loop
      vertex -0.9151352988504108 17.960044329963328 8
      vertex -1.0061310024090704 14.956071371745335 8
      vertex 0 15 8
    endloop
  endfacet
  facet normal 0 0 1
    outer loop
      vertex -7.60712871133259 13.461136168013867 8
      vertex -7.5 12.990381056766578 8
      vertex -7.48029975687703 13.408679529056894 8
    endloop
  endfacet
  facet normal 0 0 1
    outer loop
      vertex -7.48029975687703 13.408679529056894 8
      vertex -7.5 12.990381056766578 8
      vertex -6.339273926110492 13.59461680554975 8
    endloop
  endfacet
  facet normal 0 0 1
    outer loop
      vertex -6.156362579862037 14.948095641753318 8
      vertex -7.48029975687703 13.408679529056894 8
      vertex -6.339273926110492 13.59461680554975 8
    endloop
  endfacet
  facet normal 0 0 1
    outer loop
      vertex -8.60364654526569 12.287280664334878 8
      vertex -7.5 12.990381056766578 8
      vertex -7.60712871133259 13.461136168013867 8
    endloop
  endfacet
  facet normal 0 0 1
    outer loop
      vertex -6.156362579862037 14.948095641753318 8
      vertex -6.339273926110492 13.59461680554975 8
      vertex -5.130302149885031 14.095389311788626 8
    endloop
  endfacet
  facet normal 0 0 1
    outer loop
      vertex -2.6047226650039548 14.772116295183121 8
      vertex -3.875600297875468 14.664538414170977 8
      vertex -3.882285676537811 14.488887394336025 8
    endloop
  endfacet
  facet normal 0 0 1
    outer loop
      vertex -16.086933305498537 8.042436441472217 8
      vertex -15.522035474503632 7.478690811706834 8
      vertex -15.653134903589295 8.875755418248525 8
    endloop
  endfacet
  facet normal 0 0 1
    outer loop
      vertex -14.520896439855694 10.616090287478185 8
      vertex -14.566201620185458 6.2352480177876535 8
      vertex -13.788799976141604 7.656394078675714 8
    endloop
  endfacet
  facet normal 0 0 1
    outer loop
      vertex -14.882034666289963 10.108861369442257 8
      vertex -14.744736797201853 2.728223599374061 8
      vertex -14.819996943546503 10.20624108806988 8
    endloop
  endfacet
  facet normal 0 0 1
    outer loop
      vertex -14.882034666289963 10.108861369442257 8
      vertex -15.522035474503632 7.478690811706834 8
      vertex -14.744736797201853 2.728223599374061 8
    endloop
  endfacet
  facet normal 0 0 1
    outer loop
      vertex -16.086933305498537 8.042436441472217 8
      vertex -16.086933305498537 2.4169782916314384 8
      vertex -15.522035474503632 7.478690811706834 8
    endloop
  endfacet
  facet normal 0 0 1
    outer loop
      vertex -14.566201620185458 6.2352480177876535 8
      vertex -14.095389311788626 5.130302149885031 8
      vertex -13.788799976141604 7.656394078675714 8
    endloop
  endfacet
  facet normal 0 0 1
    outer loop
      vertex -13.588317560985587 6.978374741041043 8
      vertex -13.59461680554975 6.339273926110492 8
      vertex -12.990381056766578 7.5 8
    endloop
  endfacet
  facet normal 0 0 1
    outer loop
      vertex -13.788799976141604 7.656394078675714 8
      vertex -14.095389311788626 5.130302149885031 8
      vertex -13.588317560985587 6.978374741041043 8
    endloop
  endfacet
  facet normal 0 0 1
    outer loop
      vertex -13.588317560985587 6.978374741041043 8
      vertex -14.095389311788626 5.130302149885031 8
      vertex -13.59461680554975 6.339273926110492 8
    endloop
  endfacet
  facet normal 0 0 1
    outer loop
      vertex -16.086933305498537 2.4169782916314384 8
      vertex -15.588457268119894 2.081561511785843 8
      vertex -15.522035474503632 7.478690811706834 8
    endloop
  endfacet
  facet normal 0 0 1
    outer loop
      vertex -15.522035474503632 7.478690811706834 8
      vertex -14.772116295183121 2.6047226650039548 8
      vertex -14.744736797201853 2.728223599374061 8
    endloop
  endfacet
  facet normal 0 0 1
    outer loop
      vertex -14.566201620185458 6.2352480177876535 8
      vertex -14.488887394336025 3.882285676537811 8
      vertex -14.095389311788626 5.130302149885031 8
    endloop
  endfacet
  facet normal 0 0 1
    outer loop
      vertex -14.566201620185458 6.2352480177876535 8
      vertex -14.744736797201853 2.728223599374061 8
      vertex -14.488887394336025 3.882285676537811 8
    endloop
  endfacet
  facet normal 0 0 1
    outer loop
      vertex -15.522035474503632 7.478690811706834 8
      vertex -14.942920471376183 1.3073361412148725 8
      vertex -14.772116295183121 2.6047226650039548 8
    endloop
  endfacet
  facet normal 0 0 1
    outer loop
      vertex -15.522035474503632 7.478690811706834 8
      vertex -15 0 8
      vertex -14.942920471376183 1.3073361412148725 8
    endloop
  endfacet
  facet normal 0 0 1
    outer loop
      vertex -15.522035474503632 7.478690811706834 8
      vertex -14.942920471376183 -1.3073361412148725 8
      vertex -15 0 8
    endloop
  endfacet
  facet normal 0 0 1
    outer loop
      vertex -15.522035474503632 7.478690811706834 8
      vertex -15.588457268119894 2.081561511785843 8
      vertex -14.90611213225678 -6.628273014921214 8
    endloop
  endfacet
  facet normal 0 0 1
    outer loop
      vertex -15.522035474503632 7.478690811706834 8
      vertex -14.90611213225678 -6.628273014921214 8
      vertex -14.942920471376183 -1.3073361412148725 8
    endloop
  endfacet
  facet normal 0 0 1
    outer loop
      vertex -15.588457268119894 2.081561511785843 8
      vertex -15.06902725160705 -9.815341805242111 8
      vertex -14.90611213225678 -6.628273014921214 8
    endloop
  endfacet
  facet normal 0 0 1
    outer loop
      vertex -14.942920471376183 -1.3073361412148725 8
      vertex -14.811158590818115 -8.803066666025668 8
      vertex -14.772116295183121 -2.6047226650039548 8
    endloop
  endfacet
  facet normal 0 0 1
    outer loop
      vertex -14.772116295183121 -2.6047226650039548 8
      vertex -14.811158590818115 -8.803066666025668 8
      vertex -14.744736797201853 -2.728223599374061 8
    endloop
  endfacet
  facet normal 0 0 1
    outer loop
      vertex -14.942920471376183 -1.3073361412148725 8
      vertex -14.90611213225678 -6.628273014921214 8
      vertex -14.811158590818115 -8.803066666025668 8
    endloop
  endfacet
  facet normal 0 0 1
    outer loop
      vertex -14.744736797201853 -2.728223599374061 8
      vertex -14.702377120275369 -10.37958006007478 8
      vertex -14.488887394336025 -3.882285676537811 8
    endloop
  endfacet
  facet normal 0 0 1
    outer loop
      vertex -14.488887394336025 -3.882285676537811 8
      vertex -13.92063648028648 -8.55062459269869 8
      vertex -14.095389311788626 -5.130302149885031 8
    endloop
  endfacet
  facet normal 0 0 1
    outer loop
      vertex -14.095389311788626 -5.130302149885031 8
      vertex -13.788799976141604 -7.656394078675714 8
      vertex -13.59461680554975 -6.339273926110492 8
    endloop
  endfacet
  facet normal 0 0 1
    outer loop
      vertex -14.095389311788626 -5.130302149885031 8
      vertex -13.92063648028648 -8.55062459269869 8
      vertex -13.788799976141604 -7.656394078675714 8
    endloop
  endfacet
  facet normal 0 0 1
    outer loop
      vertex -14.488887394336025 -3.882285676537811 8
      vertex -14.702377120275369 -10.37958006007478 8
      vertex -13.92063648028648 -8.55062459269869 8
    endloop
  endfacet
  facet normal 0 0 1
    outer loop
      vertex -13.92063648028648 -8.55062459269869 8
      vertex -14.702377120275369 -10.37958006007478 8
      vertex -14.520896439855694 -10.616090287478185 8
    endloop
  endfacet
  facet normal 0 0 1
    outer loop
      vertex -13.59461680554975 -6.339273926110492 8
      vertex -13.788799976141604 -7.656394078675714 8
      vertex -12.990381056766578 -7.5 8
    endloop
  endfacet
  facet normal 0 0 1
    outer loop
      vertex -13.788799976141604 -7.656394078675714 8
      vertex -12.776128948417675 -11.623802822320076 8
      vertex -12.990381056766578 -7.5 8
    endloop
  endfacet
  facet normal 0 0 1
    outer loop
      vertex -12.990381056766578 -7.5 8
      vertex -12.727922061357857 -11.325975587794481 8
      vertex -12.287280664334878 -8.60364654526569 8
    endloop
  endfacet
  facet normal 0 0 1
    outer loop
      vertex -12.990381056766578 -7.5 8
      vertex -12.776128948417675 -11.623802822320076 8
      vertex -12.727922061357857 -11.325975587794481 8
    endloop
  endfacet
  facet normal 0 0 1
    outer loop
      vertex -12.287280664334878 -8.60364654526569 8
      vertex -12.727922061357857 -11.325975587794481 8
      vertex -11.49066664678467 -9.641814145298088 8
    endloop
  endfacet
  facet normal 0 0 1
    outer loop
      vertex -13.788799976141604 -7.656394078675714 8
      vertex -13.540386810842183 -11.841272373426493 8
      vertex -12.776128948417675 -11.623802822320076 8
    endloop
  endfacet
  facet normal 0 0 1
    outer loop
      vertex -12.776128948417675 -11.623802822320076 8
      vertex -13.540386810842183 -11.841272373426493 8
      vertex -13.26506989299908 -12.141728066356864 8
    endloop
  endfacet
  facet normal 0 0 1
    outer loop
      vertex -12.727922061357857 -11.325975587794481 8
      vertex -12.156370969358703 -13.25165214450038 8
      vertex -11.653997072953214 -11.869004089663726 8
    endloop
  endfacet
  facet normal 0 0 1
    outer loop
      vertex -11.49066664678467 -9.641814145298088 8
      vertex -12.727922061357857 -11.325975587794481 8
      vertex -11.570176974357707 -10.726024884215464 8
    endloop
  endfacet
  facet normal 0 0 1
    outer loop
      vertex -11.49066664678467 -9.641814145298088 8
      vertex -11.570176974357707 -10.726024884215464 8
      vertex -10.606601717798213 -10.606601717798213 8
    endloop
  endfacet
  facet normal 0 0 1
    outer loop
      vertex -12.727922061357857 -11.325975587794481 8
      vertex -11.653997072953214 -11.869004089663726 8
      vertex -11.570176974357707 -10.726024884215464 8
    endloop
  endfacet
  facet normal 0 0 1
    outer loop
      vertex -11.570176974357707 -10.726024884215464 8
      vertex -11.339282776954702 -13.965971325176671 8
      vertex -10.606601717798213 -10.606601717798213 8
    endloop
  endfacet
  facet normal 0 0 1
    outer loop
      vertex -10.606601717798213 -10.606601717798213 8
      vertex -11.339282776954702 -13.965971325176671 8
      vertex -10.500818574125102 -10.70353411003145 8
    endloop
  endfacet
  facet normal 0 0 1
    outer loop
      vertex -10.324375854318829 -10.865214074618358 8
      vertex -10.07891877852705 -14.901110200493566 8
      vertex -9.641814145298088 -11.49066664678467 8
    endloop
  endfacet
  facet normal 0 0 1
    outer loop
      vertex -10.500818574125102 -10.70353411003145 8
      vertex -11.339282776954702 -13.965971325176671 8
      vertex -10.550848282994604 -14.57095839064579 8
    endloop
  endfacet
  facet normal 0 0 1
    outer loop
      vertex -9.641814145298088 -11.49066664678467 8
      vertex -9 -13.520272977974413 8
      vertex -8.60364654526569 -12.287280664334878 8
    endloop
  endfacet
  facet normal 0 0 1
    outer loop
      vertex -9.641814145298088 -11.49066664678467 8
      vertex -9.079500888826296 -13.767587549550537 8
      vertex -9 -13.520272977974413 8
    endloop
  endfacet
  facet normal 0 0 1
    outer loop
      vertex -8.60364654526569 -12.287280664334878 8
      vertex -9 -13.520272977974413 8
      vertex -7.5 -12.990381056766578 8
    endloop
  endfacet
  facet normal 0 0 1
    outer loop
      vertex -9 -13.520272977974413 8
      vertex -7.60712871133259 -13.461136168013867 8
      vertex -7.5 -12.990381056766578 8
    endloop
  endfacet
  facet normal 0 0 1
    outer loop
      vertex -9.641814145298088 -11.49066664678467 8
      vertex -10.07891877852705 -14.901110200493566 8
      vertex -9.079500888826296 -13.767587549550537 8
    endloop
  endfacet
  facet normal 0 0 1
    outer loop
      vertex -9 -13.520272977974413 8
      vertex -7.71161979932358 -13.920300785413547 8
      vertex -7.60712871133259 -13.461136168013867 8
    endloop
  endfacet
  facet normal 0 0 1
    outer loop
      vertex -9 -13.520272977974413 8
      vertex -8.741848122377256 -15.722842629648362 8
      vertex -7.71161979932358 -13.920300785413547 8
    endloop
  endfacet
  facet normal 0 0 1
    outer loop
      vertex -7.5 -12.990381056766578 8
      vertex -7.60712871133259 -13.461136168013867 8
      vertex -6.339273926110492 -13.59461680554975 8
    endloop
  endfacet
  facet normal 0 0 1
    outer loop
      vertex -7.60712871133259 -13.461136168013867 8
      vertex -7.60712871133259 -16.3135401666597 8
      vertex -6.339273926110492 -13.59461680554975 8
    endloop
  endfacet
  facet normal 0 0 1
    outer loop
      vertex -6.339273926110492 -13.59461680554975 8
      vertex -7.60712871133259 -16.3135401666597 8
      vertex -6.300611162949849 -13.610631446409707 8
    endloop
  endfacet
  facet normal 0 0 1
    outer loop
      vertex -6.300611162949849 -13.610631446409707 8
      vertex -7.60712871133259 -16.3135401666597 8
      vertex -6.760848467974768 -16.664080921026912 8
    endloop
  endfacet
  facet normal 0 0 1
    outer loop
      vertex -6.156362579862037 -13.670381165877782 8
      vertex -5.204772217920141 -15.607040773729857 8
      vertex -5.130302149885031 -14.095389311788626 8
    endloop
  endfacet
  facet normal 0 0 1
    outer loop
      vertex -5.130302149885031 -14.095389311788626 8
      vertex -5.204772217920141 -15.607040773729857 8
      vertex -4.797866618108904 -14.20020583233798 8
    endloop
  endfacet
  facet normal 0 0 1
    outer loop
      vertex -4.797866618108904 -14.20020583233798 8
      vertex -4.25 -14.76296508846783 8
      vertex -4.25 -14.372947513494942 8
    endloop
  endfacet
  facet normal 0 0 1
    outer loop
      vertex -6.156362579862037 -13.670381165877782 8
      vertex -6.156362579862037 -16.914467174146353 8
      vertex -5.204772217920141 -15.607040773729857 8
    endloop
  endfacet
  facet normal 0 0 1
    outer loop
      vertex -5.204772217920141 -15.607040773729857 8
      vertex -6.156362579862037 -16.914467174146353 8
      vertex -5.209813966975204 -15.709382124166579 8
    endloop
  endfacet
  facet normal 0 0 1
    outer loop
      vertex 0 18 8
      vertex 0 15 8
      vertex 1.568803369457847 17.93150456565142 8
    endloop
  endfacet
  facet normal 0 0 1
    outer loop
      vertex 1.568803369457847 17.93150456565142 8
      vertex 0 15 8
      vertex 1.3073361412148725 14.942920471376183 8
    endloop
  endfacet
  facet normal 0 0 1
    outer loop
      vertex 1.568803369457847 17.93150456565142 8
      vertex 1.3073361412148725 14.942920471376183 8
      vertex 3.125667198004746 17.726539554219745 8
    endloop
  endfacet
  facet normal 0 0 1
    outer loop
      vertex 3.125667198004746 17.726539554219745 8
      vertex 2.6047226650039548 14.772116295183121 8
      vertex 4.658742811845373 17.38666487320323 8
    endloop
  endfacet
  facet normal 0 0 1
    outer loop
      vertex 1.3073361412148725 14.942920471376183 8
      vertex 2.6047226650039548 14.772116295183121 8
      vertex 3.125667198004746 17.726539554219745 8
    endloop
  endfacet
  facet normal 0 0 1
    outer loop
      vertex 2.6047226650039548 14.772116295183121 8
      vertex 3.882285676537811 14.488887394336025 8
      vertex 4.658742811845373 17.38666487320323 8
    endloop
  endfacet
  facet normal 0 0 1
    outer loop
      vertex 4.658742811845373 17.38666487320323 8
      vertex 3.882285676537811 14.488887394336025 8
      vertex 6.156362579862037 16.914467174146353 8
    endloop
  endfacet
  facet normal 0 0 1
    outer loop
      vertex 6.156362579862037 16.914467174146353 8
      vertex 3.882285676537811 14.488887394336025 8
      vertex 5.130302149885031 14.095389311788626 8
    endloop
  endfacet
  facet normal 0 0 1
    outer loop
      vertex 6.156362579862037 16.914467174146353 8
      vertex 5.130302149885031 14.095389311788626 8
      vertex 7.60712871133259 16.3135401666597 8
    endloop
  endfacet
  facet normal 0 0 1
    outer loop
      vertex 7.60712871133259 16.3135401666597 8
      vertex 7.5 12.990381056766578 8
      vertex 8.741848122377256 15.722842629648362 8
    endloop
  endfacet
  facet normal 0 0 1
    outer loop
      vertex 7.60712871133259 16.3135401666597 8
      vertex 5.130302149885031 14.095389311788626 8
      vertex 6.339273926110492 13.59461680554975 8
    endloop
  endfacet
  facet normal 0 0 1
    outer loop
      vertex 7.60712871133259 16.3135401666597 8
      vertex 6.339273926110492 13.59461680554975 8
      vertex 7.5 12.990381056766578 8
    endloop
  endfacet
  facet normal 0 0 1
    outer loop
      vertex 7.5 12.990381056766578 8
      vertex 9 13.520272977974413 8
      vertex 8.741848122377256 15.722842629648362 8
    endloop
  endfacet
  facet normal 0 0 1
    outer loop
      vertex 9.551823272632845 15.236907071904044 8
      vertex 9 13.520272977974413 8
      vertex 9.641814145298088 11.49066664678467 8
    endloop
  endfacet
  facet normal 0 0 1
    outer loop
      vertex 9.551823272632845 15.236907071904044 8
      vertex 9.641814145298088 11.49066664678467 8
      vertex 10.07891877852705 14.901110200493566 8
    endloop
  endfacet
  facet normal 0 0 1
    outer loop
      vertex 7.5 12.990381056766578 8
      vertex 8.60364654526569 12.287280664334878 8
      vertex 9 13.520272977974413 8
    endloop
  endfacet
  facet normal 0 0 1
    outer loop
      vertex 9 13.520272977974413 8
      vertex 8.60364654526569 12.287280664334878 8
      vertex 9.641814145298088 11.49066664678467 8
    endloop
  endfacet
  facet normal 0 0 1
    outer loop
      vertex 10.07891877852705 14.901110200493566 8
      vertex 9.641814145298088 11.49066664678467 8
      vertex 10.324375854318829 10.865214074618358 8
    endloop
  endfacet
  facet normal 0 0 1
    outer loop
      vertex 10.550848282994604 14.57095839064579 8
      vertex 10.500818574125102 10.70353411003145 8
      vertex 11.339282776954702 13.965971325176671 8
    endloop
  endfacet
  facet normal 0 0 1
    outer loop
      vertex 11.339282776954702 13.965971325176671 8
      vertex 10.500818574125102 10.70353411003145 8
      vertex 10.606601717798213 10.606601717798213 8
    endloop
  endfacet
  facet normal 0 0 1
    outer loop
      vertex 11.339282776954702 13.965971325176671 8
      vertex 10.606601717798213 10.606601717798213 8
      vertex 11.570176974357707 10.726024884215464 8
    endloop
  endfacet
  facet normal 0 0 1
    outer loop
      vertex 10.606601717798213 10.606601717798213 8
      vertex 11.49066664678467 9.641814145298088 8
      vertex 11.570176974357707 10.726024884215464 8
    endloop
  endfacet
  facet normal 0 0 1
    outer loop
      vertex 11.570176974357707 10.726024884215464 8
      vertex 11.49066664678467 9.641814145298088 8
      vertex 12.727922061357857 11.325975587794481 8
    endloop
  endfacet
  facet normal 0 0 1
    outer loop
      vertex 11.780641820971576 13.595944476154521 8
      vertex 12.727922061357857 11.325975587794481 8
      vertex 12.156370969358703 13.25165214450038 8
    endloop
  endfacet
  facet normal 0 0 1
    outer loop
      vertex 11.780641820971576 13.595944476154521 8
      vertex 11.570176974357707 10.726024884215464 8
      vertex 12.727922061357857 11.325975587794481 8
    endloop
  endfacet
  facet normal 0 0 1
    outer loop
      vertex 12.920777561344938 12.51745721474399 8
      vertex 12.727922061357857 11.325975587794481 8
      vertex 12.990381056766578 7.5 8
    endloop
  endfacet
  facet normal 0 0 1
    outer loop
      vertex 12.920777561344938 12.51745721474399 8
      vertex 13.788799976141604 7.656394078675714 8
      vertex 13.540386810842183 11.841272373426493 8
    endloop
  endfacet
  facet normal 0 0 1
    outer loop
      vertex 11.49066664678467 9.641814145298088 8
      vertex 12.287280664334878 8.60364654526569 8
      vertex 12.727922061357857 11.325975587794481 8
    endloop
  endfacet
  facet normal 0 0 1
    outer loop
      vertex 12.727922061357857 11.325975587794481 8
      vertex 12.287280664334878 8.60364654526569 8
      vertex 12.990381056766578 7.5 8
    endloop
  endfacet
  facet normal 0 0 1
    outer loop
      vertex 12.920777561344938 12.51745721474399 8
      vertex 12.990381056766578 7.5 8
      vertex 13.788799976141604 7.656394078675714 8
    endloop
  endfacet
  facet normal 0 0 1
    outer loop
      vertex 14.819996943546503 10.20624108806988 8
      vertex 14.811158590818115 8.803066666025668 8
      vertex 15.06902725160705 9.815341805242111 8
    endloop
  endfacet
  facet normal 0 0 1
    outer loop
      vertex 12.990381056766578 7.5 8
      vertex 13.59461680554975 6.339273926110492 8
      vertex 13.788799976141604 7.656394078675714 8
    endloop
  endfacet
  facet normal 0 0 1
    outer loop
      vertex 13.788799976141604 7.656394078675714 8
      vertex 13.59461680554975 6.339273926110492 8
      vertex 14.095389311788626 5.130302149885031 8
    endloop
  endfacet
  facet normal 0 0 1
    outer loop
      vertex 14.272813625085542 10.939398106252511 8
      vertex 14.488887394336025 3.882285676537811 8
      vertex 14.702377120275369 10.37958006007478 8
    endloop
  endfacet
  facet normal 0 0 1
    outer loop
      vertex 14.272813625085542 10.939398106252511 8
      vertex 13.788799976141604 7.656394078675714 8
      vertex 14.095389311788626 5.130302149885031 8
    endloop
  endfacet
  facet normal 0 0 1
    outer loop
      vertex 14.272813625085542 10.939398106252511 8
      vertex 14.095389311788626 5.130302149885031 8
      vertex 14.488887394336025 3.882285676537811 8
    endloop
  endfacet
  facet normal 0 0 1
    outer loop
      vertex 14.702377120275369 10.37958006007478 8
      vertex 14.488887394336025 3.882285676537811 8
      vertex 14.744736797201853 2.728223599374061 8
    endloop
  endfacet
  facet normal 0 0 1
    outer loop
      vertex 14.811158590818115 8.803066666025668 8
      vertex 15.588457268119894 -2.081561511785843 8
      vertex 15.06902725160705 9.815341805242111 8
    endloop
  endfacet
  facet normal 0 0 1
    outer loop
      vertex 14.811158590818115 8.803066666025668 8
      vertex 14.744736797201853 2.728223599374061 8
      vertex 14.772116295183121 2.6047226650039548 8
    endloop
  endfacet
  facet normal 0 0 1
    outer loop
      vertex 14.811158590818115 8.803066666025668 8
      vertex 14.772116295183121 2.6047226650039548 8
      vertex 14.942920471376183 1.3073361412148725 8
    endloop
  endfacet
  facet normal 0 0 1
    outer loop
      vertex 14.811158590818115 8.803066666025668 8
      vertex 14.942920471376183 1.3073361412148725 8
      vertex 15.522035474503632 -7.478690811706834 8
    endloop
  endfacet
  facet normal 0 0 1
    outer loop
      vertex 14.811158590818115 8.803066666025668 8
      vertex 15.522035474503632 -7.478690811706834 8
      vertex 15.588457268119894 -2.081561511785843 8
    endloop
  endfacet
  facet normal 0 0 1
    outer loop
      vertex 14.942920471376183 1.3073361412148725 8
      vertex 15 0 8
      vertex 15.522035474503632 -7.478690811706834 8
    endloop
  endfacet
  facet normal 0 0 1
    outer loop
      vertex 15 0 8
      vertex 14.942920471376183 -1.3073361412148725 8
      vertex 15.522035474503632 -7.478690811706834 8
    endloop
  endfacet
  facet normal 0 0 1
    outer loop
      vertex 14.942920471376183 -1.3073361412148725 8
      vertex 14.772116295183121 -2.6047226650039548 8
      vertex 15.522035474503632 -7.478690811706834 8
    endloop
  endfacet
  facet normal 0 0 1
    outer loop
      vertex 15.588457268119894 -2.081561511785843 8
      vertex 15.522035474503632 -7.478690811706834 8
      vertex 16.086933305498537 -2.4169782916314384 8
    endloop
  endfacet
  facet normal 0 0 1
    outer loop
      vertex 7.5 -12.990381056766578 8
      vertex 6.339273926110492 -13.59461680554975 8
      vertex 7.48029975687703 -13.408679529056894 8
    endloop
  endfacet
  facet normal 0 0 1
    outer loop
      vertex 7.5 -12.990381056766578 8
      vertex 7.60712871133259 -13.461136168013867 8
      vertex 8.60364654526569 -12.287280664334878 8
    endloop
  endfacet
  facet normal 0 0 1
    outer loop
      vertex 7.5 -12.990381056766578 8
      vertex 7.48029975687703 -13.408679529056894 8
      vertex 7.60712871133259 -13.461136168013867 8
    endloop
  endfacet
  facet normal 0 0 1
    outer loop
      vertex 4.427304080231561 -14.317043751734628 8
      vertex 4.25 -14.372947513494942 8
      vertex 4.25 -14.613787101924785 8
    endloop
  endfacet
  facet normal 0 0 1
    outer loop
      vertex 4.658742811845373 -14.244071399957106 8
      vertex 5.209554990137313 -15.704125210537576 8
      vertex 5.130302149885031 -14.095389311788626 8
    endloop
  endfacet
  facet normal 0 0 1
    outer loop
      vertex 5.130302149885031 -14.095389311788626 8
      vertex 6.156362579862037 -14.948095641753318 8
      vertex 6.339273926110492 -13.59461680554975 8
    endloop
  endfacet
  facet normal 0 0 1
    outer loop
      vertex 5.130302149885031 -14.095389311788626 8
      vertex 5.209554990137313 -15.704125210537576 8
      vertex 5.9031286739075 -16.82193638126144 8
    endloop
  endfacet
  facet normal 0 0 1
    outer loop
      vertex 5.130302149885031 -14.095389311788626 8
      vertex 5.9031286739075 -16.82193638126144 8
      vertex 6.156362579862037 -14.948095641753318 8
    endloop
  endfacet
  facet normal 0 0 1
    outer loop
      vertex 5.209554990137313 -15.704125210537576 8
      vertex 5.214988200564573 -15.814412748901695 8
      vertex 5.9031286739075 -16.82193638126144 8
    endloop
  endfacet
  facet normal 0 0 1
    outer loop
      vertex 6.339273926110492 -13.59461680554975 8
      vertex 6.156362579862037 -14.948095641753318 8
      vertex 7.48029975687703 -13.408679529056894 8
    endloop
  endfacet
  facet normal 0 0 1
    outer loop
      vertex 7.48029975687703 -13.408679529056894 8
      vertex 6.156362579862037 -14.948095641753318 8
      vertex 6.760848467974768 -16.664080921026912 8
    endloop
  endfacet
  facet normal 0 0 1
    outer loop
      vertex 11.49066664678467 -9.641814145298088 8
      vertex 11.393734254551434 -9.747597288971198 8
      vertex 11.570176974357707 -10.726024884215464 8
    endloop
  endfacet
  facet normal 0 0 1
    outer loop
      vertex 11.49066664678467 -9.641814145298088 8
      vertex 11.570176974357707 -10.726024884215464 8
      vertex 12.287280664334878 -8.60364654526569 8
    endloop
  endfacet
  facet normal 0 0 1
    outer loop
      vertex 13.59461680554975 -6.339273926110492 8
      vertex 13.588317560985587 -6.978374741041043 8
      vertex 14.095389311788626 -5.130302149885031 8
    endloop
  endfacet
  facet normal 0 0 1
    outer loop
      vertex 13.59461680554975 -6.339273926110492 8
      vertex 12.990381056766578 -7.5 8
      vertex 13.588317560985587 -6.978374741041043 8
    endloop
  endfacet
  facet normal 0 0 1
    outer loop
      vertex 13.588317560985587 -6.978374741041043 8
      vertex 13.788799976141604 -7.656394078675714 8
      vertex 14.095389311788626 -5.130302149885031 8
    endloop
  endfacet
  facet normal 0 0 1
    outer loop
      vertex 14.744736797201853 -2.728223599374061 8
      vertex 14.488887394336025 -3.882285676537811 8
      vertex 14.566201620185458 -6.2352480177876535 8
    endloop
  endfacet
  facet normal 0 0 1
    outer loop
      vertex 14.488887394336025 -3.882285676537811 8
      vertex 14.095389311788626 -5.130302149885031 8
      vertex 14.566201620185458 -6.2352480177876535 8
    endloop
  endfacet
  facet normal 0 0 1
    outer loop
      vertex 14.744736797201853 -2.728223599374061 8
      vertex 15.522035474503632 -7.478690811706834 8
      vertex 14.772116295183121 -2.6047226650039548 8
    endloop
  endfacet
  facet normal 0 0 1
    outer loop
      vertex 14.095389311788626 -5.130302149885031 8
      vertex 13.788799976141604 -7.656394078675714 8
      vertex 14.566201620185458 -6.2352480177876535 8
    endloop
  endfacet
  facet normal 0 0 1
    outer loop
      vertex 16.086933305498537 -2.4169782916314384 8
      vertex 15.522035474503632 -7.478690811706834 8
      vertex 15.867148458808986 -8.464639203741942 8
    endloop
  endfacet
  facet normal 0 0 1
    outer loop
      vertex 14.744736797201853 -2.728223599374061 8
      vertex 14.882034666289963 -10.108861369442257 8
      vertex 15.522035474503632 -7.478690811706834 8
    endloop
  endfacet
  facet normal 0 0 1
    outer loop
      vertex 12.990381056766578 -7.5 8
      vertex 12.287280664334878 -8.60364654526569 8
      vertex 12.64410196276235 -10.80812617487998 8
    endloop
  endfacet
  facet normal 0 0 1
    outer loop
      vertex 12.287280664334878 -8.60364654526569 8
      vertex 11.570176974357707 -10.726024884215464 8
      vertex 12.64410196276235 -10.80812617487998 8
    endloop
  endfacet
  facet normal 0 0 1
    outer loop
      vertex 12.990381056766578 -7.5 8
      vertex 12.64410196276235 -10.80812617487998 8
      vertex 13.26506989299908 -12.141728066356864 8
    endloop
  endfacet
  facet normal 0 0 1
    outer loop
      vertex 13.588317560985587 -6.978374741041043 8
      vertex 12.990381056766578 -7.5 8
      vertex 13.26506989299908 -12.141728066356864 8
    endloop
  endfacet
  facet normal 0 0 1
    outer loop
      vertex 14.744736797201853 -2.728223599374061 8
      vertex 14.819996943546503 -10.20624108806988 8
      vertex 14.882034666289963 -10.108861369442257 8
    endloop
  endfacet
  facet normal 0 0 1
    outer loop
      vertex 14.566201620185458 -6.2352480177876535 8
      vertex 13.788799976141604 -7.656394078675714 8
      vertex 14.520896439855694 -10.616090287478185 8
    endloop
  endfacet
  facet normal 0 0 1
    outer loop
      vertex 15.522035474503632 -7.478690811706834 8
      vertex 15.653134903589295 -8.875755418248525 8
      vertex 15.867148458808986 -8.464639203741942 8
    endloop
  endfacet
  facet normal 0 0 1
    outer loop
      vertex 13.788799976141604 -7.656394078675714 8
      vertex 14.272813625085542 -10.939398106252511 8
      vertex 14.520896439855694 -10.616090287478185 8
    endloop
  endfacet
  facet normal 0 0 1
    outer loop
      vertex 8.847691470056324 -12.100018407263729 8
      vertex 8.60364654526569 -12.287280664334878 8
      vertex 8.741848122377256 -15.722842629648362 8
    endloop
  endfacet
  facet normal 0 0 1
    outer loop
      vertex 9.641814145298088 -11.49066664678467 8
      vertex 10.07891877852705 -14.901110200493566 8
      vertex 10.161508223352103 -11.014454762111534 8
    endloop
  endfacet
  facet normal 0 0 1
    outer loop
      vertex 9.641814145298088 -11.49066664678467 8
      vertex 9 -11.983147961738544 8
      vertex 10.07891877852705 -14.901110200493566 8
    endloop
  endfacet
  facet normal 0 0 1
    outer loop
      vertex 11.393734254551434 -9.747597288971198 8
      vertex 10.606601717798213 -10.606601717798213 8
      vertex 11.339282776954702 -13.965971325176671 8
    endloop
  endfacet
  facet normal 0 0 1
    outer loop
      vertex 10.324375854318829 -10.865214074618358 8
      vertex 11.339282776954702 -13.965971325176671 8
      vertex 10.606601717798213 -10.606601717798213 8
    endloop
  endfacet
  facet normal 0 0 1
    outer loop
      vertex 10.324375854318829 -10.865214074618358 8
      vertex 10.550848282994604 -14.57095839064579 8
      vertex 11.339282776954702 -13.965971325176671 8
    endloop
  endfacet
  facet normal 0 0 1
    outer loop
      vertex 11.570176974357707 -10.726024884215464 8
      vertex 11.780641820971576 -13.595944476154521 8
      vertex 12.156370969358703 -13.25165214450038 8
    endloop
  endfacet
  facet normal 0 0 1
    outer loop
      vertex 7.60712871133259 -13.461136168013867 8
      vertex 8.741848122377256 -15.722842629648362 8
      vertex 8.60364654526569 -12.287280664334878 8
    endloop
  endfacet
  facet normal 0 0 1
    outer loop
      vertex 9 -11.983147961738544 8
      vertex 9.240756418807663 -15.435078513599018 8
      vertex 10.07891877852705 -14.901110200493566 8
    endloop
  endfacet
  facet normal 0 0 1
    outer loop
      vertex 7.60712871133259 -13.461136168013867 8
      vertex 8.187491748277344 -16.011422292268115 8
      vertex 8.741848122377256 -15.722842629648362 8
    endloop
  endfacet
  facet normal 0 0 1
    outer loop
      vertex 11.570176974357707 -10.726024884215464 8
      vertex 12.156370969358703 -13.25165214450038 8
      vertex 12.64410196276235 -10.80812617487998 8
    endloop
  endfacet
  facet normal 0 0 1
    outer loop
      vertex 12.64410196276235 -10.80812617487998 8
      vertex 12.920777561344938 -12.51745721474399 8
      vertex 13.26506989299908 -12.141728066356864 8
    endloop
  endfacet
  facet normal 0 0 -1
    outer loop
      vertex -3.825517984007952 -15.9 0
      vertex -1.7112529106055854 -15.9 0
      vertex 0.19722764966464787 -16.48274415241278 0
    endloop
  endfacet
  facet normal 0 0 1
    outer loop
      vertex -5.259204552563787 -16.711950711533987 8
      vertex -6 -20.10636157944897 8
      vertex -4.868937849241783 -18.171123432265475 8
    endloop
  endfacet
  facet normal 0 0 1
    outer loop
      vertex -4.0996226441961765 -15.3 8
      vertex -4.868937849241783 -18.171123432265475 8
      vertex -6 -29 8
    endloop
  endfacet
  facet normal 0 0 1
    outer loop
      vertex -4.868937849241783 -18.171123432265475 8
      vertex -6 -20.10636157944897 8
      vertex -6 -29 8
    endloop
  endfacet
  facet normal 0 0 1
    outer loop
      vertex -4.0996226441961765 -15.3 8
      vertex -6 -29 8
      vertex 6 -29 8
    endloop
  endfacet
  facet normal 0 0 -1
    outer loop
      vertex -5.241744647759736 -15.853587530667044 0
      vertex -5.170633176342054 -20.343095393071884 0
      vertex -5.4351999471529355 -16.136830260159496 0
    endloop
  endfacet
  facet normal 0 0 -1
    outer loop
      vertex -5.4351999471529355 -16.136830260159496 0
      vertex -5.170633176342054 -20.343095393071884 0
      vertex -6 -20.10636157944897 0
    endloop
  endfacet
  facet normal 0 0 -1
    outer loop
      vertex -3.825517984007952 -15.9 0
      vertex 0.19722764966464787 -16.48274415241278 0
      vertex -5.170633176342054 -20.343095393071884 0
    endloop
  endfacet
  facet normal 0 0 -1
    outer loop
      vertex -5.170633176342054 -20.343095393071884 0
      vertex 0.19722764966464787 -16.48274415241278 0
      vertex -3.35 -19.4 0
    endloop
  endfacet
  facet normal 0 0 -1
    outer loop
      vertex -3.35 -19.4 0
      vertex 0.19722764966464787 -16.48274415241278 0
      vertex 0.6488103678011706 -19.4 0
    endloop
  endfacet
  facet normal 0 0 -1
    outer loop
      vertex -5.170633176342054 -20.343095393071884 0
      vertex -3.35 -19.4 0
      vertex -3.35 -22.599999999999998 0
    endloop
  endfacet
  facet normal -1 0 0
    outer loop
      vertex -6 -20.10636157944897 8
      vertex -6 -29 0
      vertex -6 -29 8
    endloop
  endfacet
  facet normal 0 -1 0
    outer loop
      vertex -6 -29 8
      vertex -6 -29 0
      vertex -1.738666487320323 -29 3.5341257188154636
    endloop
  endfacet
  facet normal 0 -1 0
    outer loop
      vertex -6 -29 8
      vertex -1.032437585431883 -29 5.474473679720184
      vertex -0.9 -29 5.558845726811988
    endloop
  endfacet
  facet normal 0 -1 0
    outer loop
      vertex -6 -29 8
      vertex -0.9 -29 5.558845726811988
      vertex -0.760712871133259 -29 5.63135401666597
    endloop
  endfacet
  facet normal 0 -1 0
    outer loop
      vertex -6 -29 8
      vertex -1.3788799976141604 -29 5.157017697435769
      vertex -1.2727922061357857 -29 5.272792206135787
    endloop
  endfacet
  facet normal 0 -1 0
    outer loop
      vertex -6 -29 8
      vertex -1.2727922061357857 -29 5.272792206135787
      vertex -1.1570176974357707 -29 5.37887999761416
    endloop
  endfacet
  facet normal 0 -1 0
    outer loop
      vertex -6 -29 8
      vertex -1.1570176974357707 -29 5.37887999761416
      vertex -1.032437585431883 -29 5.474473679720184
    endloop
  endfacet
  facet normal 0 -1 0
    outer loop
      vertex -6 -29 8
      vertex -0.6156362579862037 -29 5.691446717414635
      vertex -0.46587428118453733 -29 5.738666487320323
    endloop
  endfacet
  facet normal 0 -1 0
    outer loop
      vertex -6 -29 8
      vertex -0.46587428118453733 -29 5.738666487320323
      vertex -0.3125667198004746 -29 5.772653955421973
    endloop
  endfacet
  facet normal 0 -1 0
    outer loop
      vertex -6 -29 8
      vertex -0.760712871133259 -29 5.63135401666597
      vertex -0.6156362579862037 -29 5.691446717414635
    endloop
  endfacet
  facet normal 0 -1 0
    outer loop
      vertex -6 -29 8
      vertex -0.3125667198004746 -29 5.772653955421973
      vertex -0.1568803369457847 -29 5.793150456565144
    endloop
  endfacet
  facet normal 0 -1 0
    outer loop
      vertex -6 -29 8
      vertex -0.1568803369457847 -29 5.793150456565144
      vertex 0 -29 5.800000000000001
    endloop
  endfacet
  facet normal 0 -1 0
    outer loop
      vertex -6 -29 8
      vertex -1.5588457268119895 -29 4.899999999999999
      vertex -1.4744736797201852 -29 5.032437585431882
    endloop
  endfacet
  facet normal 0 -1 0
    outer loop
      vertex -6 -29 8
      vertex -1.63135401666597 -29 4.760712871133258
      vertex -1.5588457268119895 -29 4.899999999999999
    endloop
  endfacet
  facet normal 0 -1 0
    outer loop
      vertex -6 -29 8
      vertex -1.738666487320323 -29 4.465874281184536
      vertex -1.6914467174146353 -29 4.615636257986203
    endloop
  endfacet
  facet normal 0 -1 0
    outer loop
      vertex -6 -29 8
      vertex -1.6914467174146353 -29 4.615636257986203
      vertex -1.63135401666597 -29 4.760712871133258
    endloop
  endfacet
  facet normal 0 -1 0
    outer loop
      vertex -6 -29 8
      vertex -1.7726539554219745 -29 4.312566719800476
      vertex -1.738666487320323 -29 4.465874281184536
    endloop
  endfacet
  facet normal 0 -1 0
    outer loop
      vertex -6 -29 8
      vertex -1.793150456565142 -29 4.156880336945786
      vertex -1.7726539554219745 -29 4.312566719800476
    endloop
  endfacet
  facet normal 0 -1 0
    outer loop
      vertex -6 -29 8
      vertex -1.8 -29 4
      vertex -1.793150456565142 -29 4.156880336945786
    endloop
  endfacet
  facet normal 0 -1 0
    outer loop
      vertex -6 -29 8
      vertex -1.793150456565142 -29 3.843119663054214
      vertex -1.8 -29 4
    endloop
  endfacet
  facet normal 0 -1 0
    outer loop
      vertex -6 -29 8
      vertex -1.4744736797201852 -29 5.032437585431882
      vertex -1.3788799976141604 -29 5.157017697435769
    endloop
  endfacet
  facet normal 0 -1 0
    outer loop
      vertex -6 -29 8
      vertex 0 -29 5.800000000000001
      vertex 0.1568803369457847 -29 5.793150456565144
    endloop
  endfacet
  facet normal 0 -1 0
    outer loop
      vertex -6 -29 8
      vertex 0.1568803369457847 -29 5.793150456565144
      vertex 0.3125667198004746 -29 5.772653955421973
    endloop
  endfacet
  facet normal 0 -1 0
    outer loop
      vertex -6 -29 8
      vertex 0.3125667198004746 -29 5.772653955421973
      vertex 0.46587428118453733 -29 5.738666487320323
    endloop
  endfacet
  facet normal 0 -1 0
    outer loop
      vertex -6 -29 8
      vertex 0.46587428118453733 -29 5.738666487320323
      vertex 0.6156362579862037 -29 5.691446717414635
    endloop
  endfacet
  facet normal 0 -1 0
    outer loop
      vertex -6 -29 8
      vertex -1.7726539554219745 -29 3.6874332801995244
      vertex -1.793150456565142 -29 3.843119663054214
    endloop
  endfacet
  facet normal 0 -1 0
    outer loop
      vertex -6 -29 8
      vertex -1.738666487320323 -29 3.5341257188154636
      vertex -1.7726539554219745 -29 3.6874332801995244
    endloop
  endfacet
  facet normal -1 0 0
    outer loop
      vertex -6 -20.10636157944897 8
      vertex -6 -20.10636157944897 0
      vertex -6 -29 0
    endloop
  endfacet
  facet normal 0 0 -1
    outer loop
      vertex -6 -20.10636157944897 0
      vertex -5.170633176342054 -20.343095393071884 0
      vertex -6 -29 0
    endloop
  endfacet
  facet normal 0 0 -1
    outer loop
      vertex -5.170633176342054 -20.343095393071884 0
      vertex -3.35 -22.599999999999998 0
      vertex -6 -29 0
    endloop
  endfacet
  facet normal 0 0 -1
    outer loop
      vertex -3.35 -22.599999999999998 0
      vertex 3.35 -22.599999999999998 0
      vertex -6 -29 0
    endloop
  endfacet
  facet normal 0 -1 0
    outer loop
      vertex -1.738666487320323 -29 3.5341257188154636
      vertex -6 -29 0
      vertex -1.6914467174146353 -29 3.3843637420137966
    endloop
  endfacet
  facet normal 0 -1 0
    outer loop
      vertex -6 -29 0
      vertex -1.63135401666597 -29 3.239287128866742
      vertex -1.6914467174146353 -29 3.3843637420137966
    endloop
  endfacet
  facet normal 0 -1 0
    outer loop
      vertex -6 -29 0
      vertex -1.5588457268119895 -29 3.1000000000000014
      vertex -1.63135401666597 -29 3.239287128866742
    endloop
  endfacet
  facet normal 0 -1 0
    outer loop
      vertex -6 -29 0
      vertex -1.4744736797201852 -29 2.9675624145681176
      vertex -1.5588457268119895 -29 3.1000000000000014
    endloop
  endfacet
  facet normal 0 -1 0
    outer loop
      vertex -6 -29 0
      vertex -1.3788799976141604 -29 2.8429823025642307
      vertex -1.4744736797201852 -29 2.9675624145681176
    endloop
  endfacet
  facet normal 0 -1 0
    outer loop
      vertex -6 -29 0
      vertex -1.2727922061357857 -29 2.7272077938642134
      vertex -1.3788799976141604 -29 2.8429823025642307
    endloop
  endfacet
  facet normal 0 -1 0
    outer loop
      vertex -6 -29 0
      vertex -1.1570176974357707 -29 2.6211200023858403
      vertex -1.2727922061357857 -29 2.7272077938642134
    endloop
  endfacet
  facet normal 0 -1 0
    outer loop
      vertex -6 -29 0
      vertex -1.032437585431883 -29 2.525526320279816
      vertex -1.1570176974357707 -29 2.6211200023858403
    endloop
  endfacet
  facet normal 0 -1 0
    outer loop
      vertex -6 -29 0
      vertex -0.9 -29 2.441154273188012
      vertex -1.032437585431883 -29 2.525526320279816
    endloop
  endfacet
  facet normal 0 -1 0
    outer loop
      vertex -6 -29 0
      vertex -0.760712871133259 -29 2.36864598333403
      vertex -0.9 -29 2.441154273188012
    endloop
  endfacet
  facet normal 0 -1 0
    outer loop
      vertex -6 -29 0
      vertex -0.6156362579862037 -29 2.3085532825853647
      vertex -0.760712871133259 -29 2.36864598333403
    endloop
  endfacet
  facet normal 0 -1 0
    outer loop
      vertex -6 -29 0
      vertex 6 -29 0
      vertex -0.6156362579862037 -29 2.3085532825853647
    endloop
  endfacet
  facet normal 0 0 1
    outer loop
      vertex -4.0996226441961765 -15.3 8
      vertex 5.014647112652703 -18.71491780644846 8
      vertex 4.0996226441961765 -15.3 8
    endloop
  endfacet
  facet normal 0 0 1
    outer loop
      vertex -4.0996226441961765 -15.3 8
      vertex 6 -29 8
      vertex 5.014647112652703 -18.71491780644846 8
    endloop
  endfacet
  facet normal 0 0 1
    outer loop
      vertex 5.214988200564573 -15.814412748901695 8
      vertex 5.014647112652703 -18.71491780644846 8
      vertex 5.9031286739075 -16.82193638126144 8
    endloop
  endfacet
  facet normal 0 0 1
    outer loop
      vertex 5.9031286739075 -16.82193638126144 8
      vertex 5.014647112652703 -18.71491780644846 8
      vertex 6 -20.10636157944897 8
    endloop
  endfacet
  facet normal 0 0 1
    outer loop
      vertex 5.014647112652703 -18.71491780644846 8
      vertex 6 -29 8
      vertex 6 -20.10636157944897 8
    endloop
  endfacet
  facet normal 0 -1 0
    outer loop
      vertex -6 -29 8
      vertex 0.6156362579862037 -29 5.691446717414635
      vertex 6 -29 8
    endloop
  endfacet
  facet normal 0 0 -1
    outer loop
      vertex 3.781650136179221 -17.588074841124243 0
      vertex 3.35 -19.4 0
      vertex 2.2285714285714313 -19.4 0
    endloop
  endfacet
  facet normal 0 0 -1
    outer loop
      vertex 3.781650136179221 -17.588074841124243 0
      vertex 4.358887137773854 -20.523055157244006 0
      vertex 3.35 -19.4 0
    endloop
  endfacet
  facet normal 0 0 -1
    outer loop
      vertex 3.35 -19.4 0
      vertex 4.358887137773854 -20.523055157244006 0
      vertex 3.35 -22.599999999999998 0
    endloop
  endfacet
  facet normal 0 0 -1
    outer loop
      vertex 5.4351999471529355 -16.77177654050275 0
      vertex 5.586323336693689 -16.823147669144785 0
      vertex 6 -20.10636157944897 0
    endloop
  endfacet
  facet normal 0 0 -1
    outer loop
      vertex 5.4351999471529355 -16.77177654050275 0
      vertex 6 -20.10636157944897 0
      vertex 5.097491167125749 -20.35931058613012 0
    endloop
  endfacet
  facet normal 0 -1 0
    outer loop
      vertex 6 -29 8
      vertex 0.6156362579862037 -29 5.691446717414635
      vertex 0.760712871133259 -29 5.63135401666597
    endloop
  endfacet
  facet normal 0 -1 0
    outer loop
      vertex 6 -29 8
      vertex 0.760712871133259 -29 5.63135401666597
      vertex 0.9 -29 5.558845726811988
    endloop
  endfacet
  facet normal 0 -1 0
    outer loop
      vertex 6 -29 8
      vertex 0.9 -29 5.558845726811988
      vertex 1.032437585431883 -29 5.474473679720184
    endloop
  endfacet
  facet normal 0 -1 0
    outer loop
      vertex 6 -29 8
      vertex 1.032437585431883 -29 5.474473679720184
      vertex 1.1570176974357707 -29 5.37887999761416
    endloop
  endfacet
  facet normal 0 -1 0
    outer loop
      vertex 6 -29 8
      vertex 1.1570176974357707 -29 5.37887999761416
      vertex 1.2727922061357857 -29 5.272792206135787
    endloop
  endfacet
  facet normal 0 -1 0
    outer loop
      vertex 6 -29 8
      vertex 1.2727922061357857 -29 5.272792206135787
      vertex 1.3788799976141604 -29 5.157017697435769
    endloop
  endfacet
  facet normal 0 -1 0
    outer loop
      vertex 6 -29 8
      vertex 1.3788799976141604 -29 5.157017697435769
      vertex 1.4744736797201852 -29 5.032437585431882
    endloop
  endfacet
  facet normal 0 -1 0
    outer loop
      vertex 6 -29 8
      vertex 1.4744736797201852 -29 5.032437585431882
      vertex 1.5588457268119895 -29 4.899999999999999
    endloop
  endfacet
  facet normal 0 -1 0
    outer loop
      vertex 6 -29 8
      vertex 1.5588457268119895 -29 4.899999999999999
      vertex 1.63135401666597 -29 4.760712871133258
    endloop
  endfacet
  facet normal 0 -1 0
    outer loop
      vertex 6 -29 8
      vertex 1.63135401666597 -29 4.760712871133258
      vertex 1.6914467174146353 -29 4.615636257986203
    endloop
  endfacet
  facet normal 0 -1 0
    outer loop
      vertex 6 -29 8
      vertex 1.6914467174146353 -29 4.615636257986203
      vertex 1.738666487320323 -29 4.465874281184536
    endloop
  endfacet
  facet normal 1 0 0
    outer loop
      vertex 6 -20.10636157944897 8
      vertex 6 -29 8
      vertex 6 -20.10636157944897 0
    endloop
  endfacet
  facet normal 0 -1 0
    outer loop
      vertex 6 -29 8
      vertex 1.738666487320323 -29 4.465874281184536
      vertex 6 -29 0
    endloop
  endfacet
  facet normal 0 -1 0
    outer loop
      vertex 1.738666487320323 -29 4.465874281184536
      vertex 1.7726539554219745 -29 4.312566719800476
      vertex 6 -29 0
    endloop
  endfacet
  facet normal 0 -1 0
    outer loop
      vertex 1.7726539554219745 -29 4.312566719800476
      vertex 1.793150456565142 -29 4.156880336945786
      vertex 6 -29 0
    endloop
  endfacet
  facet normal 0 -1 0
    outer loop
      vertex 1.793150456565142 -29 4.156880336945786
      vertex 1.8 -29 4
      vertex 6 -29 0
    endloop
  endfacet
  facet normal 0 -1 0
    outer loop
      vertex 1.4744736797201852 -29 2.9675624145681176
      vertex 1.3788799976141604 -29 2.8429823025642307
      vertex 6 -29 0
    endloop
  endfacet
  facet normal 0 -1 0
    outer loop
      vertex 1.2727922061357857 -29 2.7272077938642134
      vertex 1.1570176974357707 -29 2.6211200023858403
      vertex 6 -29 0
    endloop
  endfacet
  facet normal 0 -1 0
    outer loop
      vertex 1.3788799976141604 -29 2.8429823025642307
      vertex 1.2727922061357857 -29 2.7272077938642134
      vertex 6 -29 0
    endloop
  endfacet
  facet normal 0 -1 0
    outer loop
      vertex 1.8 -29 4
      vertex 1.793150456565142 -29 3.843119663054214
      vertex 6 -29 0
    endloop
  endfacet
  facet normal 0 -1 0
    outer loop
      vertex 1.793150456565142 -29 3.843119663054214
      vertex 1.7726539554219745 -29 3.6874332801995244
      vertex 6 -29 0
    endloop
  endfacet
  facet normal 0 -1 0
    outer loop
      vertex 1.738666487320323 -29 3.5341257188154636
      vertex 6 -29 0
      vertex 1.7726539554219745 -29 3.6874332801995244
    endloop
  endfacet
  facet normal 0 -1 0
    outer loop
      vertex 1.738666487320323 -29 3.5341257188154636
      vertex 1.6914467174146353 -29 3.3843637420137966
      vertex 6 -29 0
    endloop
  endfacet
  facet normal 0 -1 0
    outer loop
      vertex 1.6914467174146353 -29 3.3843637420137966
      vertex 1.63135401666597 -29 3.239287128866742
      vertex 6 -29 0
    endloop
  endfacet
  facet normal 0 -1 0
    outer loop
      vertex 1.63135401666597 -29 3.239287128866742
      vertex 1.5588457268119895 -29 3.1000000000000014
      vertex 6 -29 0
    endloop
  endfacet
  facet normal 0 -1 0
    outer loop
      vertex 1.5588457268119895 -29 3.1000000000000014
      vertex 1.4744736797201852 -29 2.9675624145681176
      vertex 6 -29 0
    endloop
  endfacet
  facet normal 0 0 -1
    outer loop
      vertex -6 -29 0
      vertex 3.35 -22.599999999999998 0
      vertex 6 -29 0
    endloop
  endfacet
  facet normal 0 -1 0
    outer loop
      vertex -0.6156362579862037 -29 2.3085532825853647
      vertex 6 -29 0
      vertex -0.46587428118453733 -29 2.261333512679677
    endloop
  endfacet
  facet normal 0 -1 0
    outer loop
      vertex -0.46587428118453733 -29 2.261333512679677
      vertex 6 -29 0
      vertex -0.3125667198004746 -29 2.2273460445780273
    endloop
  endfacet
  facet normal 0 -1 0
    outer loop
      vertex -0.3125667198004746 -29 2.2273460445780273
      vertex 6 -29 0
      vertex -0.1568803369457847 -29 2.2068495434348563
    endloop
  endfacet
  facet normal 0 -1 0
    outer loop
      vertex -0.1568803369457847 -29 2.2068495434348563
      vertex 6 -29 0
      vertex 0 -29 2.1999999999999993
    endloop
  endfacet
  facet normal 0 -1 0
    outer loop
      vertex 0.6156362579862037 -29 2.3085532825853647
      vertex 6 -29 0
      vertex 0.760712871133259 -29 2.36864598333403
    endloop
  endfacet
  facet normal 0 -1 0
    outer loop
      vertex 0 -29 2.1999999999999993
      vertex 6 -29 0
      vertex 0.1568803369457847 -29 2.2068495434348563
    endloop
  endfacet
  facet normal 0 -1 0
    outer loop
      vertex 0.1568803369457847 -29 2.2068495434348563
      vertex 6 -29 0
      vertex 0.3125667198004746 -29 2.2273460445780273
    endloop
  endfacet
  facet normal 0 -1 0
    outer loop
      vertex 0.3125667198004746 -29 2.2273460445780273
      vertex 6 -29 0
      vertex 0.46587428118453733 -29 2.261333512679677
    endloop
  endfacet
  facet normal 0 -1 0
    outer loop
      vertex 0.46587428118453733 -29 2.261333512679677
      vertex 6 -29 0
      vertex 0.6156362579862037 -29 2.3085532825853647
    endloop
  endfacet
  facet normal 0 -1 0
    outer loop
      vertex 1.032437585431883 -29 2.525526320279816
      vertex 6 -29 0
      vertex 1.1570176974357707 -29 2.6211200023858403
    endloop
  endfacet
  facet normal 0 -1 0
    outer loop
      vertex 0.9 -29 2.441154273188012
      vertex 6 -29 0
      vertex 1.032437585431883 -29 2.525526320279816
    endloop
  endfacet
  facet normal 0 -1 0
    outer loop
      vertex 0.9 -29 2.441154273188012
      vertex 0.760712871133259 -29 2.36864598333403
      vertex 6 -29 0
    endloop
  endfacet
  facet normal 0 0 -1
    outer loop
      vertex 3.35 -22.599999999999998 0
      vertex 4.358887137773854 -20.523055157244006 0
      vertex 6 -29 0
    endloop
  endfacet
  facet normal 0 0 -1
    outer loop
      vertex 4.358887137773854 -20.523055157244006 0
      vertex 5.097491167125749 -20.35931058613012 0
      vertex 6 -29 0
    endloop
  endfacet
  facet normal 0 0 -1
    outer loop
      vertex 5.097491167125749 -20.35931058613012 0
      vertex 6 -20.10636157944897 0
      vertex 6 -29 0
    endloop
  endfacet
  facet normal 1 0 0
    outer loop
      vertex 6 -29 8
      vertex 6 -29 0
      vertex 6 -20.10636157944897 0
    endloop
  endfacet
  facet normal 0.8433914458128858 -0.5372996083468238 0
    outer loop
      vertex -26.558845726811988 0.9 8
      vertex -26.558845726811988 0.9 3.1999999999999993
      vertex -26.474473679720184 1.032437585431883 8
    endloop
  endfacet
  facet normal 0.8870108331782182 -0.46174861323504085 -4.419024393111233e-19
    outer loop
      vertex -26.558845726811988 0.9 8
      vertex -26.63135401666597 0.760712871133259 8
      vertex -26.63135401666597 0.760712871133259 3.1999999999999993
    endloop
  endfacet
  facet normal 0.7372773368101306 -0.6755902076156531 0
    outer loop
      vertex -26.37887999761416 1.1570176974357707 8
      vertex -26.37887999761416 1.1570176974357707 3.1999999999999993
      vertex -26.272792206135787 1.2727922061357857 8
    endloop
  endfacet
  facet normal 0.6755902076156514 -0.7372773368101322 0
    outer loop
      vertex -26.272792206135787 1.2727922061357857 8
      vertex -26.272792206135787 1.2727922061357857 3.1999999999999993
      vertex -26.15701769743577 1.3788799976141604 8
    endloop
  endfacet
  facet normal 0.6087614290087235 -0.7933533402912331 1.4179208047089053e-19
    outer loop
      vertex -26.032437585431882 1.4744736797201852 8
      vertex -26.15701769743577 1.3788799976141604 8
      vertex -26.15701769743577 1.3788799976141604 3.1999999999999993
    endloop
  endfacet
  facet normal 0.7933533402912366 -0.6087614290087187 -1.5921620048645308e-19
    outer loop
      vertex -26.37887999761416 1.1570176974357707 8
      vertex -26.474473679720184 1.032437585431883 8
      vertex -26.474473679720184 1.032437585431883 3.1999999999999993
    endloop
  endfacet
  facet normal 0.976296007119936 -0.21643961393809116 0
    outer loop
      vertex -26.772653955421973 0.3125667198004746 8
      vertex -26.772653955421973 0.3125667198004746 3.1999999999999993
      vertex -26.738666487320323 0.46587428118453733 8
    endloop
  endfacet
  facet normal 0.9238795325112864 -0.3826834323650907 7.786631857484841e-19
    outer loop
      vertex -26.63135401666597 0.760712871133259 8
      vertex -26.691446717414635 0.6156362579862037 8
      vertex -26.691446717414635 0.6156362579862037 3.1999999999999993
    endloop
  endfacet
  facet normal 0.953716950748227 -0.3007057995042728 5.575360695395074e-19
    outer loop
      vertex -26.691446717414635 0.6156362579862037 8
      vertex -26.738666487320323 0.46587428118453733 8
      vertex -26.738666487320323 0.46587428118453733 3.1999999999999993
    endloop
  endfacet
  facet normal 0.9914448613738074 -0.130526192220074 -6.100767347240497e-20
    outer loop
      vertex -26.772653955421973 0.3125667198004746 8
      vertex -26.793150456565144 0.1568803369457847 8
      vertex -26.793150456565144 0.1568803369457847 3.1999999999999993
    endloop
  endfacet
  facet normal 0.9990482215818581 -0.043619387365329367 8.111277926664845e-20
    outer loop
      vertex -26.793150456565144 0.1568803369457847 8
      vertex -26.8 0 8
      vertex -26.8 0 3.1999999999999993
    endloop
  endfacet
  facet normal 0.9990482215818581 0.043619387365329367 -8.111277926664845e-20
    outer loop
      vertex -26.8 0 8
      vertex -26.793150456565144 -0.1568803369457847 8
      vertex -26.793150456565144 -0.1568803369457847 3.1999999999999993
    endloop
  endfacet
  facet normal 0.9914448613738074 0.130526192220074 6.100767347240497e-20
    outer loop
      vertex -26.793150456565144 -0.1568803369457847 8
      vertex -26.772653955421973 -0.3125667198004746 8
      vertex -26.772653955421973 -0.3125667198004746 3.1999999999999993
    endloop
  endfacet
  facet normal 0.976296007119936 0.21643961393809116 -4.344062991611582e-19
    outer loop
      vertex -26.772653955421973 -0.3125667198004746 8
      vertex -26.738666487320323 -0.46587428118453733 8
      vertex -26.738666487320323 -0.46587428118453733 3.1999999999999993
    endloop
  endfacet
  facet normal 0.953716950748227 0.3007057995042728 -5.575360695395074e-19
    outer loop
      vertex -26.738666487320323 -0.46587428118453733 8
      vertex -26.691446717414635 -0.6156362579862037 8
      vertex -26.691446717414635 -0.6156362579862037 3.1999999999999993
    endloop
  endfacet
  facet normal 0.9238795325112864 0.3826834323650907 -7.786631857484841e-19
    outer loop
      vertex -26.691446717414635 -0.6156362579862037 8
      vertex -26.63135401666597 -0.760712871133259 8
      vertex -26.63135401666597 -0.760712871133259 3.1999999999999993
    endloop
  endfacet
  facet normal 0.8870108331782182 0.46174861323504085 4.419024393111233e-19
    outer loop
      vertex -26.63135401666597 -0.760712871133259 8
      vertex -26.558845726811988 -0.9 8
      vertex -26.558845726811988 -0.9 3.1999999999999993
    endloop
  endfacet
  facet normal 0.5372996083468216 -0.8433914458128872 0
    outer loop
      vertex -26.032437585431882 1.4744736797201852 8
      vertex -26.032437585431882 1.4744736797201852 3.1999999999999993
      vertex -25.9 1.5588457268119895 8
    endloop
  endfacet
  facet normal 0.4617486132350347 -0.8870108331782213 0
    outer loop
      vertex -25.9 1.5588457268119895 8
      vertex -25.9 1.5588457268119895 3.1999999999999993
      vertex -25.760712871133258 1.63135401666597 8
    endloop
  endfacet
  facet normal 0.30070579950427173 -0.9537169507482274 0
    outer loop
      vertex -25.615636257986203 1.6914467174146353 8
      vertex -25.615636257986203 1.6914467174146353 3.1999999999999993
      vertex -25.465874281184536 1.738666487320323 8
    endloop
  endfacet
  facet normal 0.38268343236509267 -0.9238795325112856 0
    outer loop
      vertex -25.760712871133258 1.63135401666597 8
      vertex -25.760712871133258 1.63135401666597 3.1999999999999993
      vertex -25.615636257986203 1.6914467174146353 8
    endloop
  endfacet
  facet normal 0.21643961393810437 -0.976296007119933 0
    outer loop
      vertex -25.465874281184536 1.738666487320323 8
      vertex -25.465874281184536 1.738666487320323 3.1999999999999993
      vertex -25.312566719800476 1.7726539554219745 8
    endloop
  endfacet
  facet normal 0.1305261922200521 -0.9914448613738104 0
    outer loop
      vertex -25.312566719800476 1.7726539554219745 8
      vertex -25.312566719800476 1.7726539554219745 3.1999999999999993
      vertex -25.156880336945786 1.793150456565142 8
    endloop
  endfacet
  facet normal 0.04361938736533605 -0.9990482215818578 0
    outer loop
      vertex -25.156880336945786 1.793150456565142 8
      vertex -25.156880336945786 1.793150456565142 3.1999999999999993
      vertex -25 1.8 8
    endloop
  endfacet
  facet normal -0.04361938736533605 -0.9990482215818578 0
    outer loop
      vertex -25 1.8 8
      vertex -25 1.8 3.1999999999999993
      vertex -24.843119663054214 1.793150456565142 8
    endloop
  endfacet
  facet normal -0.1305261922200521 -0.9914448613738104 0
    outer loop
      vertex -24.843119663054214 1.793150456565142 8
      vertex -24.843119663054214 1.793150456565142 3.1999999999999993
      vertex -24.687433280199524 1.7726539554219745 8
    endloop
  endfacet
  facet normal -0.21643961393810437 -0.976296007119933 0
    outer loop
      vertex -24.687433280199524 1.7726539554219745 8
      vertex -24.687433280199524 1.7726539554219745 3.1999999999999993
      vertex -24.534125718815464 1.738666487320323 8
    endloop
  endfacet
  facet normal -0.30070579950427173 -0.9537169507482274 0
    outer loop
      vertex -24.534125718815464 1.738666487320323 8
      vertex -24.534125718815464 1.738666487320323 3.1999999999999993
      vertex -24.384363742013797 1.6914467174146353 8
    endloop
  endfacet
  facet normal -0.38268343236509267 -0.9238795325112856 0
    outer loop
      vertex -24.384363742013797 1.6914467174146353 8
      vertex -24.384363742013797 1.6914467174146353 3.1999999999999993
      vertex -24.239287128866742 1.63135401666597 8
    endloop
  endfacet
  facet normal -0.4617486132350347 -0.8870108331782213 0
    outer loop
      vertex -24.239287128866742 1.63135401666597 8
      vertex -24.239287128866742 1.63135401666597 3.1999999999999993
      vertex -24.1 1.5588457268119895 8
    endloop
  endfacet
  facet normal -0.5372996083468216 -0.8433914458128872 0
    outer loop
      vertex -24.1 1.5588457268119895 8
      vertex -24.1 1.5588457268119895 3.1999999999999993
      vertex -23.967562414568118 1.4744736797201852 8
    endloop
  endfacet
  facet normal 0.8433914458128858 -0.5372996083468238 0
    outer loop
      vertex -26.474473679720184 1.032437585431883 8
      vertex -26.558845726811988 0.9 3.1999999999999993
      vertex -26.474473679720184 1.032437585431883 3.1999999999999993
    endloop
  endfacet
  facet normal 0.9238795325112864 -0.3826834323650907 0
    outer loop
      vertex -26.63135401666597 0.760712871133259 8
      vertex -26.691446717414635 0.6156362579862037 3.1999999999999993
      vertex -26.63135401666597 0.760712871133259 3.1999999999999993
    endloop
  endfacet
  facet normal 0.8870108331782182 -0.46174861323504085 0
    outer loop
      vertex -26.558845726811988 0.9 8
      vertex -26.63135401666597 0.760712871133259 3.1999999999999993
      vertex -26.558845726811988 0.9 3.1999999999999993
    endloop
  endfacet
  facet normal 0.7933533402912366 -0.6087614290087187 0
    outer loop
      vertex -26.37887999761416 1.1570176974357707 8
      vertex -26.474473679720184 1.032437585431883 3.1999999999999993
      vertex -26.37887999761416 1.1570176974357707 3.1999999999999993
    endloop
  endfacet
  facet normal 0.7372773368101306 -0.6755902076156531 0
    outer loop
      vertex -26.272792206135787 1.2727922061357857 8
      vertex -26.37887999761416 1.1570176974357707 3.1999999999999993
      vertex -26.272792206135787 1.2727922061357857 3.1999999999999993
    endloop
  endfacet
  facet normal 0.6755902076156514 -0.7372773368101322 0
    outer loop
      vertex -26.15701769743577 1.3788799976141604 8
      vertex -26.272792206135787 1.2727922061357857 3.1999999999999993
      vertex -26.15701769743577 1.3788799976141604 3.1999999999999993
    endloop
  endfacet
  facet normal 0.6087614290087235 -0.7933533402912331 0
    outer loop
      vertex -26.032437585431882 1.4744736797201852 8
      vertex -26.15701769743577 1.3788799976141604 3.1999999999999993
      vertex -26.032437585431882 1.4744736797201852 3.1999999999999993
    endloop
  endfacet
  facet normal 0.953716950748227 -0.3007057995042728 0
    outer loop
      vertex -26.691446717414635 0.6156362579862037 8
      vertex -26.738666487320323 0.46587428118453733 3.1999999999999993
      vertex -26.691446717414635 0.6156362579862037 3.1999999999999993
    endloop
  endfacet
  facet normal 0.976296007119936 -0.21643961393809116 0
    outer loop
      vertex -26.738666487320323 0.46587428118453733 8
      vertex -26.772653955421973 0.3125667198004746 3.1999999999999993
      vertex -26.738666487320323 0.46587428118453733 3.1999999999999993
    endloop
  endfacet
  facet normal 0.9914448613738074 -0.130526192220074 0
    outer loop
      vertex -26.772653955421973 0.3125667198004746 8
      vertex -26.793150456565144 0.1568803369457847 3.1999999999999993
      vertex -26.772653955421973 0.3125667198004746 3.1999999999999993
    endloop
  endfacet
  facet normal 0.9990482215818581 -0.043619387365329367 0
    outer loop
      vertex -26.793150456565144 0.1568803369457847 8
      vertex -26.8 0 3.1999999999999993
      vertex -26.793150456565144 0.1568803369457847 3.1999999999999993
    endloop
  endfacet
  facet normal 0.9990482215818581 0.043619387365329367 0
    outer loop
      vertex -26.8 0 8
      vertex -26.793150456565144 -0.1568803369457847 3.1999999999999993
      vertex -26.8 0 3.1999999999999993
    endloop
  endfacet
  facet normal 0.9914448613738074 0.130526192220074 0
    outer loop
      vertex -26.793150456565144 -0.1568803369457847 8
      vertex -26.772653955421973 -0.3125667198004746 3.1999999999999993
      vertex -26.793150456565144 -0.1568803369457847 3.1999999999999993
    endloop
  endfacet
  facet normal 0.976296007119936 0.21643961393809116 0
    outer loop
      vertex -26.772653955421973 -0.3125667198004746 8
      vertex -26.738666487320323 -0.46587428118453733 3.1999999999999993
      vertex -26.772653955421973 -0.3125667198004746 3.1999999999999993
    endloop
  endfacet
  facet normal 0.953716950748227 0.3007057995042728 0
    outer loop
      vertex -26.738666487320323 -0.46587428118453733 8
      vertex -26.691446717414635 -0.6156362579862037 3.1999999999999993
      vertex -26.738666487320323 -0.46587428118453733 3.1999999999999993
    endloop
  endfacet
  facet normal 0.9238795325112864 0.3826834323650907 0
    outer loop
      vertex -26.691446717414635 -0.6156362579862037 8
      vertex -26.63135401666597 -0.760712871133259 3.1999999999999993
      vertex -26.691446717414635 -0.6156362579862037 3.1999999999999993
    endloop
  endfacet
  facet normal 0.8870108331782182 0.46174861323504085 0
    outer loop
      vertex -26.63135401666597 -0.760712871133259 8
      vertex -26.558845726811988 -0.9 3.1999999999999993
      vertex -26.63135401666597 -0.760712871133259 3.1999999999999993
    endloop
  endfacet
  facet normal 0.5372996083468216 -0.8433914458128872 0
    outer loop
      vertex -25.9 1.5588457268119895 8
      vertex -26.032437585431882 1.4744736797201852 3.1999999999999993
      vertex -25.9 1.5588457268119895 3.1999999999999993
    endloop
  endfacet
  facet normal 0.4617486132350347 -0.8870108331782213 0
    outer loop
      vertex -25.760712871133258 1.63135401666597 8
      vertex -25.9 1.5588457268119895 3.1999999999999993
      vertex -25.760712871133258 1.63135401666597 3.1999999999999993
    endloop
  endfacet
  facet normal 0.38268343236509267 -0.9238795325112856 0
    outer loop
      vertex -25.615636257986203 1.6914467174146353 8
      vertex -25.760712871133258 1.63135401666597 3.1999999999999993
      vertex -25.615636257986203 1.6914467174146353 3.1999999999999993
    endloop
  endfacet
  facet normal 0.30070579950427173 -0.9537169507482274 0
    outer loop
      vertex -25.465874281184536 1.738666487320323 8
      vertex -25.615636257986203 1.6914467174146353 3.1999999999999993
      vertex -25.465874281184536 1.738666487320323 3.1999999999999993
    endloop
  endfacet
  facet normal 0.21643961393810437 -0.976296007119933 0
    outer loop
      vertex -25.312566719800476 1.7726539554219745 8
      vertex -25.465874281184536 1.738666487320323 3.1999999999999993
      vertex -25.312566719800476 1.7726539554219745 3.1999999999999993
    endloop
  endfacet
  facet normal 0.1305261922200521 -0.9914448613738104 0
    outer loop
      vertex -25.156880336945786 1.793150456565142 8
      vertex -25.312566719800476 1.7726539554219745 3.1999999999999993
      vertex -25.156880336945786 1.793150456565142 3.1999999999999993
    endloop
  endfacet
  facet normal 0.04361938736533605 -0.9990482215818578 0
    outer loop
      vertex -25 1.8 8
      vertex -25.156880336945786 1.793150456565142 3.1999999999999993
      vertex -25 1.8 3.1999999999999993
    endloop
  endfacet
  facet normal -0.04361938736533605 -0.9990482215818578 0
    outer loop
      vertex -24.843119663054214 1.793150456565142 8
      vertex -25 1.8 3.1999999999999993
      vertex -24.843119663054214 1.793150456565142 3.1999999999999993
    endloop
  endfacet
  facet normal -0.1305261922200521 -0.9914448613738104 0
    outer loop
      vertex -24.687433280199524 1.7726539554219745 8
      vertex -24.843119663054214 1.793150456565142 3.1999999999999993
      vertex -24.687433280199524 1.7726539554219745 3.1999999999999993
    endloop
  endfacet
  facet normal -0.21643961393810437 -0.976296007119933 0
    outer loop
      vertex -24.534125718815464 1.738666487320323 8
      vertex -24.687433280199524 1.7726539554219745 3.1999999999999993
      vertex -24.534125718815464 1.738666487320323 3.1999999999999993
    endloop
  endfacet
  facet normal -0.30070579950427173 -0.9537169507482274 0
    outer loop
      vertex -24.384363742013797 1.6914467174146353 8
      vertex -24.534125718815464 1.738666487320323 3.1999999999999993
      vertex -24.384363742013797 1.6914467174146353 3.1999999999999993
    endloop
  endfacet
  facet normal -0.38268343236509267 -0.9238795325112856 0
    outer loop
      vertex -24.239287128866742 1.63135401666597 8
      vertex -24.384363742013797 1.6914467174146353 3.1999999999999993
      vertex -24.239287128866742 1.63135401666597 3.1999999999999993
    endloop
  endfacet
  facet normal -0.4617486132350347 -0.8870108331782213 0
    outer loop
      vertex -24.1 1.5588457268119895 8
      vertex -24.239287128866742 1.63135401666597 3.1999999999999993
      vertex -24.1 1.5588457268119895 3.1999999999999993
    endloop
  endfacet
  facet normal -0.5372996083468216 -0.8433914458128872 0
    outer loop
      vertex -23.967562414568118 1.4744736797201852 8
      vertex -24.1 1.5588457268119895 3.1999999999999993
      vertex -23.967562414568118 1.4744736797201852 3.1999999999999993
    endloop
  endfacet
  facet normal 0.8433914458128858 0.5372996083468238 5.032060039846307e-19
    outer loop
      vertex -26.558845726811988 -0.9 8
      vertex -26.474473679720184 -1.032437585431883 8
      vertex -26.474473679720184 -1.032437585431883 3.1999999999999993
    endloop
  endfacet
  facet normal 0.7933533402912366 0.6087614290087187 1.5921620048645308e-19
    outer loop
      vertex -26.474473679720184 -1.032437585431883 8
      vertex -26.37887999761416 -1.1570176974357707 8
      vertex -26.37887999761416 -1.1570176974357707 3.1999999999999993
    endloop
  endfacet
  facet normal 0.7372773368101306 0.6755902076156531 -4.907269410005556e-19
    outer loop
      vertex -26.37887999761416 -1.1570176974357707 8
      vertex -26.272792206135787 -1.2727922061357857 8
      vertex -26.272792206135787 -1.2727922061357857 3.1999999999999993
    endloop
  endfacet
  facet normal 0.6755902076156514 0.7372773368101322 5.994078196395467e-19
    outer loop
      vertex -26.272792206135787 -1.2727922061357857 8
      vertex -26.15701769743577 -1.3788799976141604 8
      vertex -26.15701769743577 -1.3788799976141604 3.1999999999999993
    endloop
  endfacet
  facet normal 0.6087614290087235 0.7933533402912331 -1.4179208047089053e-19
    outer loop
      vertex -26.15701769743577 -1.3788799976141604 8
      vertex -26.032437585431882 -1.4744736797201852 8
      vertex -26.032437585431882 -1.4744736797201852 3.1999999999999993
    endloop
  endfacet
  facet normal 0.5372996083468216 0.8433914458128872 9.665463726885456e-19
    outer loop
      vertex -26.032437585431882 -1.4744736797201852 8
      vertex -25.9 -1.5588457268119895 8
      vertex -25.9 -1.5588457268119895 3.1999999999999993
    endloop
  endfacet
  facet normal 0.4617486132350347 0.8870108331782213 1.0255023603347525e-18
    outer loop
      vertex -25.9 -1.5588457268119895 8
      vertex -25.760712871133258 -1.63135401666597 8
      vertex -25.760712871133258 -1.63135401666597 3.1999999999999993
    endloop
  endfacet
  facet normal 0.38268343236509267 0.9238795325112856 9.876360475542375e-19
    outer loop
      vertex -25.760712871133258 -1.63135401666597 8
      vertex -25.615636257986203 -1.6914467174146353 8
      vertex -25.615636257986203 -1.6914467174146353 3.1999999999999993
    endloop
  endfacet
  facet normal 0.30070579950427173 0.9537169507482274 3.392894823792481e-19
    outer loop
      vertex -25.615636257986203 -1.6914467174146353 8
      vertex -25.465874281184536 -1.738666487320323 8
      vertex -25.465874281184536 -1.738666487320323 3.1999999999999993
    endloop
  endfacet
  facet normal 0.21643961393810437 0.976296007119933 4.949847799542275e-19
    outer loop
      vertex -25.465874281184536 -1.738666487320323 8
      vertex -25.312566719800476 -1.7726539554219745 8
      vertex -25.312566719800476 -1.7726539554219745 3.1999999999999993
    endloop
  endfacet
  facet normal 0.1305261922200521 0.9914448613738104 9.523609469088141e-20
    outer loop
      vertex -25.312566719800476 -1.7726539554219745 8
      vertex -25.156880336945786 -1.793150456565142 8
      vertex -25.156880336945786 -1.793150456565142 3.1999999999999993
    endloop
  endfacet
  facet normal 0.04361938736533605 0.9990482215818578 -1.3510017162116874e-19
    outer loop
      vertex -25.156880336945786 -1.793150456565142 8
      vertex -25 -1.8 8
      vertex -25 -1.8 3.1999999999999993
    endloop
  endfacet
  facet normal -0.38268343236509267 0.9238795325112856 0
    outer loop
      vertex -24.239287128866742 -1.63135401666597 8
      vertex -24.239287128866742 -1.63135401666597 3.1999999999999993
      vertex -24.384363742013797 -1.6914467174146353 8
    endloop
  endfacet
  facet normal -0.4617486132350347 0.8870108331782213 -1.0255023603347525e-18
    outer loop
      vertex -24.239287128866742 -1.63135401666597 8
      vertex -24.1 -1.5588457268119895 8
      vertex -24.1 -1.5588457268119895 3.1999999999999993
    endloop
  endfacet
  facet normal -0.5372996083468216 0.8433914458128872 -9.665463726885456e-19
    outer loop
      vertex -24.1 -1.5588457268119895 8
      vertex -23.967562414568118 -1.4744736797201852 8
      vertex -23.967562414568118 -1.4744736797201852 3.1999999999999993
    endloop
  endfacet
  facet normal -0.04361938736533605 0.9990482215818578 1.3510017162116874e-19
    outer loop
      vertex -25 -1.8 8
      vertex -24.843119663054214 -1.793150456565142 8
      vertex -24.843119663054214 -1.793150456565142 3.1999999999999993
    endloop
  endfacet
  facet normal -0.1305261922200521 0.9914448613738104 -9.523609469088141e-20
    outer loop
      vertex -24.843119663054214 -1.793150456565142 8
      vertex -24.687433280199524 -1.7726539554219745 8
      vertex -24.687433280199524 -1.7726539554219745 3.1999999999999993
    endloop
  endfacet
  facet normal -0.21643961393810437 0.976296007119933 -4.949847799542275e-19
    outer loop
      vertex -24.687433280199524 -1.7726539554219745 8
      vertex -24.534125718815464 -1.738666487320323 8
      vertex -24.534125718815464 -1.738666487320323 3.1999999999999993
    endloop
  endfacet
  facet normal -0.30070579950427173 0.9537169507482274 -3.392894823792481e-19
    outer loop
      vertex -24.534125718815464 -1.738666487320323 8
      vertex -24.384363742013797 -1.6914467174146353 8
      vertex -24.384363742013797 -1.6914467174146353 3.1999999999999993
    endloop
  endfacet
  facet normal 0.8433914458128858 0.5372996083468238 0
    outer loop
      vertex -26.558845726811988 -0.9 8
      vertex -26.474473679720184 -1.032437585431883 3.1999999999999993
      vertex -26.558845726811988 -0.9 3.1999999999999993
    endloop
  endfacet
  facet normal 0.7933533402912366 0.6087614290087187 0
    outer loop
      vertex -26.474473679720184 -1.032437585431883 8
      vertex -26.37887999761416 -1.1570176974357707 3.1999999999999993
      vertex -26.474473679720184 -1.032437585431883 3.1999999999999993
    endloop
  endfacet
  facet normal 0.7372773368101306 0.6755902076156531 0
    outer loop
      vertex -26.37887999761416 -1.1570176974357707 8
      vertex -26.272792206135787 -1.2727922061357857 3.1999999999999993
      vertex -26.37887999761416 -1.1570176974357707 3.1999999999999993
    endloop
  endfacet
  facet normal 0.6755902076156514 0.7372773368101322 0
    outer loop
      vertex -26.272792206135787 -1.2727922061357857 8
      vertex -26.15701769743577 -1.3788799976141604 3.1999999999999993
      vertex -26.272792206135787 -1.2727922061357857 3.1999999999999993
    endloop
  endfacet
  facet normal 0.6087614290087235 0.7933533402912331 0
    outer loop
      vertex -26.15701769743577 -1.3788799976141604 8
      vertex -26.032437585431882 -1.4744736797201852 3.1999999999999993
      vertex -26.15701769743577 -1.3788799976141604 3.1999999999999993
    endloop
  endfacet
  facet normal 0.5372996083468216 0.8433914458128872 0
    outer loop
      vertex -26.032437585431882 -1.4744736797201852 8
      vertex -25.9 -1.5588457268119895 3.1999999999999993
      vertex -26.032437585431882 -1.4744736797201852 3.1999999999999993
    endloop
  endfacet
  facet normal 0.4617486132350347 0.8870108331782213 0
    outer loop
      vertex -25.9 -1.5588457268119895 8
      vertex -25.760712871133258 -1.63135401666597 3.1999999999999993
      vertex -25.9 -1.5588457268119895 3.1999999999999993
    endloop
  endfacet
  facet normal 0.38268343236509267 0.9238795325112856 0
    outer loop
      vertex -25.760712871133258 -1.63135401666597 8
      vertex -25.615636257986203 -1.6914467174146353 3.1999999999999993
      vertex -25.760712871133258 -1.63135401666597 3.1999999999999993
    endloop
  endfacet
  facet normal 0.30070579950427173 0.9537169507482274 0
    outer loop
      vertex -25.615636257986203 -1.6914467174146353 8
      vertex -25.465874281184536 -1.738666487320323 3.1999999999999993
      vertex -25.615636257986203 -1.6914467174146353 3.1999999999999993
    endloop
  endfacet
  facet normal 0.21643961393810437 0.976296007119933 0
    outer loop
      vertex -25.465874281184536 -1.738666487320323 8
      vertex -25.312566719800476 -1.7726539554219745 3.1999999999999993
      vertex -25.465874281184536 -1.738666487320323 3.1999999999999993
    endloop
  endfacet
  facet normal 0.1305261922200521 0.9914448613738104 0
    outer loop
      vertex -25.312566719800476 -1.7726539554219745 8
      vertex -25.156880336945786 -1.793150456565142 3.1999999999999993
      vertex -25.312566719800476 -1.7726539554219745 3.1999999999999993
    endloop
  endfacet
  facet normal 0.04361938736533605 0.9990482215818578 0
    outer loop
      vertex -25.156880336945786 -1.793150456565142 8
      vertex -25 -1.8 3.1999999999999993
      vertex -25.156880336945786 -1.793150456565142 3.1999999999999993
    endloop
  endfacet
  facet normal -0.4617486132350347 0.8870108331782213 0
    outer loop
      vertex -24.239287128866742 -1.63135401666597 8
      vertex -24.1 -1.5588457268119895 3.1999999999999993
      vertex -24.239287128866742 -1.63135401666597 3.1999999999999993
    endloop
  endfacet
  facet normal -0.5372996083468216 0.8433914458128872 0
    outer loop
      vertex -24.1 -1.5588457268119895 8
      vertex -23.967562414568118 -1.4744736797201852 3.1999999999999993
      vertex -24.1 -1.5588457268119895 3.1999999999999993
    endloop
  endfacet
  facet normal -0.04361938736533605 0.9990482215818578 0
    outer loop
      vertex -25 -1.8 8
      vertex -24.843119663054214 -1.793150456565142 3.1999999999999993
      vertex -25 -1.8 3.1999999999999993
    endloop
  endfacet
  facet normal -0.1305261922200521 0.9914448613738104 0
    outer loop
      vertex -24.843119663054214 -1.793150456565142 8
      vertex -24.687433280199524 -1.7726539554219745 3.1999999999999993
      vertex -24.843119663054214 -1.793150456565142 3.1999999999999993
    endloop
  endfacet
  facet normal -0.21643961393810437 0.976296007119933 0
    outer loop
      vertex -24.687433280199524 -1.7726539554219745 8
      vertex -24.534125718815464 -1.738666487320323 3.1999999999999993
      vertex -24.687433280199524 -1.7726539554219745 3.1999999999999993
    endloop
  endfacet
  facet normal -0.30070579950427173 0.9537169507482274 0
    outer loop
      vertex -24.534125718815464 -1.738666487320323 8
      vertex -24.384363742013797 -1.6914467174146353 3.1999999999999993
      vertex -24.534125718815464 -1.738666487320323 3.1999999999999993
    endloop
  endfacet
  facet normal -0.38268343236509267 0.9238795325112856 0
    outer loop
      vertex -24.384363742013797 -1.6914467174146353 8
      vertex -24.239287128866742 -1.63135401666597 3.1999999999999993
      vertex -24.384363742013797 -1.6914467174146353 3.1999999999999993
    endloop
  endfacet
  facet normal -0.6087614290087235 -0.7933533402912331 0
    outer loop
      vertex -23.967562414568118 1.4744736797201852 8
      vertex -23.967562414568118 1.4744736797201852 3.1999999999999993
      vertex -23.84298230256423 1.3788799976141604 8
    endloop
  endfacet
  facet normal -0.6755902076156514 -0.7372773368101322 0
    outer loop
      vertex -23.84298230256423 1.3788799976141604 8
      vertex -23.84298230256423 1.3788799976141604 3.1999999999999993
      vertex -23.727207793864213 1.2727922061357857 8
    endloop
  endfacet
  facet normal -0.7372773368101306 -0.6755902076156531 0
    outer loop
      vertex -23.727207793864213 1.2727922061357857 8
      vertex -23.727207793864213 1.2727922061357857 3.1999999999999993
      vertex -23.62112000238584 1.1570176974357707 8
    endloop
  endfacet
  facet normal -0.7933533402912366 -0.6087614290087187 0
    outer loop
      vertex -23.62112000238584 1.1570176974357707 8
      vertex -23.62112000238584 1.1570176974357707 3.1999999999999993
      vertex -23.525526320279816 1.032437585431883 8
    endloop
  endfacet
  facet normal -0.8433914458128858 -0.5372996083468238 0
    outer loop
      vertex -23.525526320279816 1.032437585431883 8
      vertex -23.525526320279816 1.032437585431883 3.1999999999999993
      vertex -23.441154273188012 0.9 8
    endloop
  endfacet
  facet normal -0.8870108331782182 -0.46174861323504085 0
    outer loop
      vertex -23.441154273188012 0.9 8
      vertex -23.441154273188012 0.9 3.1999999999999993
      vertex -23.36864598333403 0.760712871133259 8
    endloop
  endfacet
  facet normal -0.9238795325112864 -0.3826834323650907 0
    outer loop
      vertex -23.36864598333403 0.760712871133259 8
      vertex -23.36864598333403 0.760712871133259 3.1999999999999993
      vertex -23.308553282585365 0.6156362579862037 8
    endloop
  endfacet
  facet normal -0.953716950748227 -0.3007057995042728 0
    outer loop
      vertex -23.308553282585365 0.6156362579862037 8
      vertex -23.308553282585365 0.6156362579862037 3.1999999999999993
      vertex -23.261333512679677 0.46587428118453733 8
    endloop
  endfacet
  facet normal -0.976296007119936 -0.21643961393809116 0
    outer loop
      vertex -23.261333512679677 0.46587428118453733 8
      vertex -23.261333512679677 0.46587428118453733 3.1999999999999993
      vertex -23.227346044578027 0.3125667198004746 8
    endloop
  endfacet
  facet normal -0.9914448613738074 -0.130526192220074 0
    outer loop
      vertex -23.227346044578027 0.3125667198004746 8
      vertex -23.227346044578027 0.3125667198004746 3.1999999999999993
      vertex -23.206849543434856 0.1568803369457847 8
    endloop
  endfacet
  facet normal -0.9990482215818581 -0.043619387365329367 0
    outer loop
      vertex -23.206849543434856 0.1568803369457847 8
      vertex -23.206849543434856 0.1568803369457847 3.1999999999999993
      vertex -23.2 0 8
    endloop
  endfacet
  facet normal -0.9990482215818581 0.043619387365329367 0
    outer loop
      vertex -23.2 0 8
      vertex -23.2 0 3.1999999999999993
      vertex -23.206849543434856 -0.1568803369457847 8
    endloop
  endfacet
  facet normal -0.9914448613738074 0.130526192220074 0
    outer loop
      vertex -23.206849543434856 -0.1568803369457847 8
      vertex -23.206849543434856 -0.1568803369457847 3.1999999999999993
      vertex -23.227346044578027 -0.3125667198004746 8
    endloop
  endfacet
  facet normal -0.976296007119936 0.21643961393809116 4.344062991611582e-19
    outer loop
      vertex -23.261333512679677 -0.46587428118453733 8
      vertex -23.227346044578027 -0.3125667198004746 8
      vertex -23.227346044578027 -0.3125667198004746 3.1999999999999993
    endloop
  endfacet
  facet normal -0.953716950748227 0.3007057995042728 0
    outer loop
      vertex -23.261333512679677 -0.46587428118453733 8
      vertex -23.261333512679677 -0.46587428118453733 3.1999999999999993
      vertex -23.308553282585365 -0.6156362579862037 8
    endloop
  endfacet
  facet normal -0.9238795325112864 0.3826834323650907 0
    outer loop
      vertex -23.308553282585365 -0.6156362579862037 8
      vertex -23.308553282585365 -0.6156362579862037 3.1999999999999993
      vertex -23.36864598333403 -0.760712871133259 8
    endloop
  endfacet
  facet normal -0.8870108331782182 0.46174861323504085 0
    outer loop
      vertex -23.36864598333403 -0.760712871133259 8
      vertex -23.36864598333403 -0.760712871133259 3.1999999999999993
      vertex -23.441154273188012 -0.9 8
    endloop
  endfacet
  facet normal -0.6087614290087235 -0.7933533402912331 0
    outer loop
      vertex -23.84298230256423 1.3788799976141604 8
      vertex -23.967562414568118 1.4744736797201852 3.1999999999999993
      vertex -23.84298230256423 1.3788799976141604 3.1999999999999993
    endloop
  endfacet
  facet normal -0.6755902076156514 -0.7372773368101322 0
    outer loop
      vertex -23.727207793864213 1.2727922061357857 8
      vertex -23.84298230256423 1.3788799976141604 3.1999999999999993
      vertex -23.727207793864213 1.2727922061357857 3.1999999999999993
    endloop
  endfacet
  facet normal -0.7372773368101306 -0.6755902076156531 0
    outer loop
      vertex -23.62112000238584 1.1570176974357707 8
      vertex -23.727207793864213 1.2727922061357857 3.1999999999999993
      vertex -23.62112000238584 1.1570176974357707 3.1999999999999993
    endloop
  endfacet
  facet normal -0.7933533402912366 -0.6087614290087187 0
    outer loop
      vertex -23.525526320279816 1.032437585431883 8
      vertex -23.62112000238584 1.1570176974357707 3.1999999999999993
      vertex -23.525526320279816 1.032437585431883 3.1999999999999993
    endloop
  endfacet
  facet normal -0.8433914458128858 -0.5372996083468238 0
    outer loop
      vertex -23.441154273188012 0.9 8
      vertex -23.525526320279816 1.032437585431883 3.1999999999999993
      vertex -23.441154273188012 0.9 3.1999999999999993
    endloop
  endfacet
  facet normal -0.8870108331782182 -0.46174861323504085 0
    outer loop
      vertex -23.36864598333403 0.760712871133259 8
      vertex -23.441154273188012 0.9 3.1999999999999993
      vertex -23.36864598333403 0.760712871133259 3.1999999999999993
    endloop
  endfacet
  facet normal -0.9238795325112864 -0.3826834323650907 0
    outer loop
      vertex -23.308553282585365 0.6156362579862037 8
      vertex -23.36864598333403 0.760712871133259 3.1999999999999993
      vertex -23.308553282585365 0.6156362579862037 3.1999999999999993
    endloop
  endfacet
  facet normal -0.953716950748227 -0.3007057995042728 0
    outer loop
      vertex -23.261333512679677 0.46587428118453733 8
      vertex -23.308553282585365 0.6156362579862037 3.1999999999999993
      vertex -23.261333512679677 0.46587428118453733 3.1999999999999993
    endloop
  endfacet
  facet normal -0.976296007119936 -0.21643961393809116 0
    outer loop
      vertex -23.227346044578027 0.3125667198004746 8
      vertex -23.261333512679677 0.46587428118453733 3.1999999999999993
      vertex -23.227346044578027 0.3125667198004746 3.1999999999999993
    endloop
  endfacet
  facet normal -0.9914448613738074 -0.130526192220074 0
    outer loop
      vertex -23.206849543434856 0.1568803369457847 8
      vertex -23.227346044578027 0.3125667198004746 3.1999999999999993
      vertex -23.206849543434856 0.1568803369457847 3.1999999999999993
    endloop
  endfacet
  facet normal -0.9990482215818581 -0.043619387365329367 0
    outer loop
      vertex -23.2 0 8
      vertex -23.206849543434856 0.1568803369457847 3.1999999999999993
      vertex -23.2 0 3.1999999999999993
    endloop
  endfacet
  facet normal -0.976296007119936 0.21643961393809116 0
    outer loop
      vertex -23.261333512679677 -0.46587428118453733 8
      vertex -23.227346044578027 -0.3125667198004746 3.1999999999999993
      vertex -23.261333512679677 -0.46587428118453733 3.1999999999999993
    endloop
  endfacet
  facet normal -0.9990482215818581 0.043619387365329367 0
    outer loop
      vertex -23.206849543434856 -0.1568803369457847 8
      vertex -23.2 0 3.1999999999999993
      vertex -23.206849543434856 -0.1568803369457847 3.1999999999999993
    endloop
  endfacet
  facet normal -0.9914448613738074 0.130526192220074 0
    outer loop
      vertex -23.227346044578027 -0.3125667198004746 8
      vertex -23.206849543434856 -0.1568803369457847 3.1999999999999993
      vertex -23.227346044578027 -0.3125667198004746 3.1999999999999993
    endloop
  endfacet
  facet normal -0.953716950748227 0.3007057995042728 0
    outer loop
      vertex -23.308553282585365 -0.6156362579862037 8
      vertex -23.261333512679677 -0.46587428118453733 3.1999999999999993
      vertex -23.308553282585365 -0.6156362579862037 3.1999999999999993
    endloop
  endfacet
  facet normal -0.8870108331782182 0.46174861323504085 0
    outer loop
      vertex -23.441154273188012 -0.9 8
      vertex -23.36864598333403 -0.760712871133259 3.1999999999999993
      vertex -23.441154273188012 -0.9 3.1999999999999993
    endloop
  endfacet
  facet normal -0.9238795325112864 0.3826834323650907 0
    outer loop
      vertex -23.36864598333403 -0.760712871133259 8
      vertex -23.308553282585365 -0.6156362579862037 3.1999999999999993
      vertex -23.36864598333403 -0.760712871133259 3.1999999999999993
    endloop
  endfacet
  facet normal -0.7372773368101306 0.6755902076156531 0
    outer loop
      vertex -23.62112000238584 -1.1570176974357707 8
      vertex -23.62112000238584 -1.1570176974357707 3.1999999999999993
      vertex -23.727207793864213 -1.2727922061357857 8
    endloop
  endfacet
  facet normal -0.7933533402912366 0.6087614290087187 0
    outer loop
      vertex -23.525526320279816 -1.032437585431883 8
      vertex -23.525526320279816 -1.032437585431883 3.1999999999999993
      vertex -23.62112000238584 -1.1570176974357707 8
    endloop
  endfacet
  facet normal -0.6087614290087235 0.7933533402912331 0
    outer loop
      vertex -23.84298230256423 -1.3788799976141604 8
      vertex -23.84298230256423 -1.3788799976141604 3.1999999999999993
      vertex -23.967562414568118 -1.4744736797201852 8
    endloop
  endfacet
  facet normal -0.6755902076156514 0.7372773368101322 -5.994078196395467e-19
    outer loop
      vertex -23.84298230256423 -1.3788799976141604 8
      vertex -23.727207793864213 -1.2727922061357857 8
      vertex -23.727207793864213 -1.2727922061357857 3.1999999999999993
    endloop
  endfacet
  facet normal -0.8433914458128858 0.5372996083468238 -5.032060039846307e-19
    outer loop
      vertex -23.525526320279816 -1.032437585431883 8
      vertex -23.441154273188012 -0.9 8
      vertex -23.441154273188012 -0.9 3.1999999999999993
    endloop
  endfacet
  facet normal -0.7372773368101306 0.6755902076156531 0
    outer loop
      vertex -23.727207793864213 -1.2727922061357857 8
      vertex -23.62112000238584 -1.1570176974357707 3.1999999999999993
      vertex -23.727207793864213 -1.2727922061357857 3.1999999999999993
    endloop
  endfacet
  facet normal -0.7933533402912366 0.6087614290087187 0
    outer loop
      vertex -23.62112000238584 -1.1570176974357707 8
      vertex -23.525526320279816 -1.032437585431883 3.1999999999999993
      vertex -23.62112000238584 -1.1570176974357707 3.1999999999999993
    endloop
  endfacet
  facet normal -0.6087614290087235 0.7933533402912331 0
    outer loop
      vertex -23.967562414568118 -1.4744736797201852 8
      vertex -23.84298230256423 -1.3788799976141604 3.1999999999999993
      vertex -23.967562414568118 -1.4744736797201852 3.1999999999999993
    endloop
  endfacet
  facet normal -0.6755902076156514 0.7372773368101322 0
    outer loop
      vertex -23.84298230256423 -1.3788799976141604 8
      vertex -23.727207793864213 -1.2727922061357857 3.1999999999999993
      vertex -23.84298230256423 -1.3788799976141604 3.1999999999999993
    endloop
  endfacet
  facet normal -0.8433914458128858 0.5372996083468238 0
    outer loop
      vertex -23.525526320279816 -1.032437585431883 8
      vertex -23.441154273188012 -0.9 3.1999999999999993
      vertex -23.525526320279816 -1.032437585431883 3.1999999999999993
    endloop
  endfacet
  facet normal 0 0 -1
    outer loop
      vertex -26.436902089918377 3.0814464759246096 3.1999999999999993
      vertex -26.474473679720184 1.032437585431883 3.1999999999999993
      vertex -26.7 2.9444863728670914 3.1999999999999993
    endloop
  endfacet
  facet normal 0 0 -1
    outer loop
      vertex -26.436902089918377 3.0814464759246096 3.1999999999999993
      vertex -26.162868487307275 3.1949549106720885 3.1999999999999993
      vertex -26.272792206135787 1.2727922061357857 3.1999999999999993
    endloop
  endfacet
  facet normal 0.7372773368101232 -0.6755902076156612 -6.905038778231004e-19
    outer loop
      vertex -27.40416305603426 2.4041630560342617 3.1999999999999993
      vertex -27.604551106604525 2.1854778729342335 3.1999999999999993
      vertex -27.604551106604525 2.1854778729342335 0
    endloop
  endfacet
  facet normal 0.608761429008724 -0.7933533402912326 0
    outer loop
      vertex -27.185477872934232 2.604551106604525 3.1999999999999993
      vertex -27.185477872934232 2.604551106604525 0
      vertex -26.950159883593557 2.785116950582572 3.1999999999999993
    endloop
  endfacet
  facet normal 0.6755902076156589 -0.7372773368101254 0
    outer loop
      vertex -27.40416305603426 2.4041630560342617 3.1999999999999993
      vertex -27.40416305603426 2.4041630560342617 0
      vertex -27.185477872934232 2.604551106604525 3.1999999999999993
    endloop
  endfacet
  facet normal 0.38268343236509367 -0.9238795325112851 0
    outer loop
      vertex -26.436902089918377 3.0814464759246096 3.1999999999999993
      vertex -26.436902089918377 3.0814464759246096 0
      vertex -26.162868487307275 3.1949549106720885 3.1999999999999993
    endloop
  endfacet
  facet normal 0.30070579950427123 -0.9537169507482275 0
    outer loop
      vertex -26.162868487307275 3.1949549106720885 3.1999999999999993
      vertex -26.162868487307275 3.1949549106720885 0
      vertex -25.87998475334857 3.2841478093828322 3.1999999999999993
    endloop
  endfacet
  facet normal 0.5372996083468226 -0.8433914458128865 0
    outer loop
      vertex -26.950159883593557 2.785116950582572 3.1999999999999993
      vertex -26.950159883593557 2.785116950582572 0
      vertex -26.7 2.9444863728670914 3.1999999999999993
    endloop
  endfacet
  facet normal 0.46174861323503236 -0.8870108331782225 -3.3690912535092517e-18
    outer loop
      vertex -26.436902089918377 3.0814464759246096 3.1999999999999993
      vertex -26.7 2.9444863728670914 3.1999999999999993
      vertex -26.7 2.9444863728670914 0
    endloop
  endfacet
  facet normal 0 0 -1
    outer loop
      vertex -26.162868487307275 3.1949549106720885 3.1999999999999993
      vertex -25.87998475334857 3.2841478093828322 3.1999999999999993
      vertex -25.9 1.5588457268119895 3.1999999999999993
    endloop
  endfacet
  facet normal 0 0 -1
    outer loop
      vertex -25.87998475334857 3.2841478093828322 3.1999999999999993
      vertex -25.590403804067563 3.348346360241507 3.1999999999999993
      vertex -25.615636257986203 1.6914467174146353 3.1999999999999993
    endloop
  endfacet
  facet normal 0 0 -1
    outer loop
      vertex -25.590403804067563 3.348346360241507 3.1999999999999993
      vertex -25.465874281184536 1.738666487320323 3.1999999999999993
      vertex -25.615636257986203 1.6914467174146353 3.1999999999999993
    endloop
  endfacet
  facet normal 0 0 -1
    outer loop
      vertex -25.590403804067563 3.348346360241507 3.1999999999999993
      vertex -25.29632952534204 3.3870619735119347 3.1999999999999993
      vertex -25.312566719800476 1.7726539554219745 3.1999999999999993
    endloop
  endfacet
  facet normal 0 0 -1
    outer loop
      vertex -25.29632952534204 3.3870619735119347 3.1999999999999993
      vertex -25 3.4 3.1999999999999993
      vertex -25 1.8 3.1999999999999993
    endloop
  endfacet
  facet normal 0 0 -1
    outer loop
      vertex -25.590403804067563 3.348346360241507 3.1999999999999993
      vertex -25.312566719800476 1.7726539554219745 3.1999999999999993
      vertex -25.465874281184536 1.738666487320323 3.1999999999999993
    endloop
  endfacet
  facet normal 0 0 -1
    outer loop
      vertex -25.29632952534204 3.3870619735119347 3.1999999999999993
      vertex -25.156880336945786 1.793150456565142 3.1999999999999993
      vertex -25.312566719800476 1.7726539554219745 3.1999999999999993
    endloop
  endfacet
  facet normal 0 0 -1
    outer loop
      vertex -25.29632952534204 3.3870619735119347 3.1999999999999993
      vertex -25 1.8 3.1999999999999993
      vertex -25.156880336945786 1.793150456565142 3.1999999999999993
    endloop
  endfacet
  facet normal 0 0 -1
    outer loop
      vertex -25 3.4 3.1999999999999993
      vertex -24.70367047465796 3.3870619735119347 3.1999999999999993
      vertex -25 1.8 3.1999999999999993
    endloop
  endfacet
  facet normal 0 0 -1
    outer loop
      vertex -24.70367047465796 3.3870619735119347 3.1999999999999993
      vertex -24.409596195932437 3.348346360241507 3.1999999999999993
      vertex -24.687433280199524 1.7726539554219745 3.1999999999999993
    endloop
  endfacet
  facet normal 0 0 -1
    outer loop
      vertex -24.70367047465796 3.3870619735119347 3.1999999999999993
      vertex -24.843119663054214 1.793150456565142 3.1999999999999993
      vertex -25 1.8 3.1999999999999993
    endloop
  endfacet
  facet normal 0 0 -1
    outer loop
      vertex -24.70367047465796 3.3870619735119347 3.1999999999999993
      vertex -24.687433280199524 1.7726539554219745 3.1999999999999993
      vertex -24.843119663054214 1.793150456565142 3.1999999999999993
    endloop
  endfacet
  facet normal 0 0 -1
    outer loop
      vertex -24.409596195932437 3.348346360241507 3.1999999999999993
      vertex -24.534125718815464 1.738666487320323 3.1999999999999993
      vertex -24.687433280199524 1.7726539554219745 3.1999999999999993
    endloop
  endfacet
  facet normal 0 0 -1
    outer loop
      vertex -24.409596195932437 3.348346360241507 3.1999999999999993
      vertex -24.12001524665143 3.2841478093828322 3.1999999999999993
      vertex -24.384363742013797 1.6914467174146353 3.1999999999999993
    endloop
  endfacet
  facet normal 0 0 -1
    outer loop
      vertex -24.12001524665143 3.2841478093828322 3.1999999999999993
      vertex -23.837131512692725 3.1949549106720885 3.1999999999999993
      vertex -24.1 1.5588457268119895 3.1999999999999993
    endloop
  endfacet
  facet normal 0 0 -1
    outer loop
      vertex -24.409596195932437 3.348346360241507 3.1999999999999993
      vertex -24.384363742013797 1.6914467174146353 3.1999999999999993
      vertex -24.534125718815464 1.738666487320323 3.1999999999999993
    endloop
  endfacet
  facet normal 0.2164396139381023 -0.9762960071199335 0
    outer loop
      vertex -25.87998475334857 3.2841478093828322 3.1999999999999993
      vertex -25.87998475334857 3.2841478093828322 0
      vertex -25.590403804067563 3.348346360241507 3.1999999999999993
    endloop
  endfacet
  facet normal 0.1305261922200526 -0.9914448613738103 0
    outer loop
      vertex -25.590403804067563 3.348346360241507 3.1999999999999993
      vertex -25.590403804067563 3.348346360241507 0
      vertex -25.29632952534204 3.3870619735119347 3.1999999999999993
    endloop
  endfacet
  facet normal 0.04361938736533592 -0.9990482215818578 0
    outer loop
      vertex -25.29632952534204 3.3870619735119347 3.1999999999999993
      vertex -25.29632952534204 3.3870619735119347 0
      vertex -25 3.4 3.1999999999999993
    endloop
  endfacet
  facet normal -0.04361938736533592 -0.9990482215818578 0
    outer loop
      vertex -25 3.4 3.1999999999999993
      vertex -25 3.4 0
      vertex -24.70367047465796 3.3870619735119347 3.1999999999999993
    endloop
  endfacet
  facet normal -0.1305261922200526 -0.9914448613738103 0
    outer loop
      vertex -24.70367047465796 3.3870619735119347 3.1999999999999993
      vertex -24.70367047465796 3.3870619735119347 0
      vertex -24.409596195932437 3.348346360241507 3.1999999999999993
    endloop
  endfacet
  facet normal -0.2164396139381023 -0.9762960071199335 0
    outer loop
      vertex -24.409596195932437 3.348346360241507 3.1999999999999993
      vertex -24.409596195932437 3.348346360241507 0
      vertex -24.12001524665143 3.2841478093828322 3.1999999999999993
    endloop
  endfacet
  facet normal -0.30070579950427123 -0.9537169507482275 0
    outer loop
      vertex -24.12001524665143 3.2841478093828322 3.1999999999999993
      vertex -24.12001524665143 3.2841478093828322 0
      vertex -23.837131512692725 3.1949549106720885 3.1999999999999993
    endloop
  endfacet
  facet normal 0.608761429008724 -0.7933533402912326 0
    outer loop
      vertex -26.950159883593557 2.785116950582572 3.1999999999999993
      vertex -27.185477872934232 2.604551106604525 0
      vertex -26.950159883593557 2.785116950582572 0
    endloop
  endfacet
  facet normal 0.6755902076156589 -0.7372773368101254 0
    outer loop
      vertex -27.185477872934232 2.604551106604525 3.1999999999999993
      vertex -27.40416305603426 2.4041630560342617 0
      vertex -27.185477872934232 2.604551106604525 0
    endloop
  endfacet
  facet normal 0.7372773368101232 -0.6755902076156612 0
    outer loop
      vertex -27.40416305603426 2.4041630560342617 3.1999999999999993
      vertex -27.604551106604525 2.1854778729342335 0
      vertex -27.40416305603426 2.4041630560342617 0
    endloop
  endfacet
  facet normal 0.46174861323503236 -0.8870108331782225 0
    outer loop
      vertex -26.436902089918377 3.0814464759246096 3.1999999999999993
      vertex -26.7 2.9444863728670914 0
      vertex -26.436902089918377 3.0814464759246096 0
    endloop
  endfacet
  facet normal 0.38268343236509367 -0.9238795325112851 0
    outer loop
      vertex -26.162868487307275 3.1949549106720885 3.1999999999999993
      vertex -26.436902089918377 3.0814464759246096 0
      vertex -26.162868487307275 3.1949549106720885 0
    endloop
  endfacet
  facet normal 0.5372996083468226 -0.8433914458128865 0
    outer loop
      vertex -26.7 2.9444863728670914 3.1999999999999993
      vertex -26.950159883593557 2.785116950582572 0
      vertex -26.7 2.9444863728670914 0
    endloop
  endfacet
  facet normal 0.30070579950427123 -0.9537169507482275 0
    outer loop
      vertex -25.87998475334857 3.2841478093828322 3.1999999999999993
      vertex -26.162868487307275 3.1949549106720885 0
      vertex -25.87998475334857 3.2841478093828322 0
    endloop
  endfacet
  facet normal 0.2164396139381023 -0.9762960071199335 0
    outer loop
      vertex -25.590403804067563 3.348346360241507 3.1999999999999993
      vertex -25.87998475334857 3.2841478093828322 0
      vertex -25.590403804067563 3.348346360241507 0
    endloop
  endfacet
  facet normal 0.1305261922200526 -0.9914448613738103 0
    outer loop
      vertex -25.29632952534204 3.3870619735119347 3.1999999999999993
      vertex -25.590403804067563 3.348346360241507 0
      vertex -25.29632952534204 3.3870619735119347 0
    endloop
  endfacet
  facet normal 0.04361938736533592 -0.9990482215818578 0
    outer loop
      vertex -25 3.4 3.1999999999999993
      vertex -25.29632952534204 3.3870619735119347 0
      vertex -25 3.4 0
    endloop
  endfacet
  facet normal -0.04361938736533592 -0.9990482215818578 0
    outer loop
      vertex -24.70367047465796 3.3870619735119347 3.1999999999999993
      vertex -25 3.4 0
      vertex -24.70367047465796 3.3870619735119347 0
    endloop
  endfacet
  facet normal -0.1305261922200526 -0.9914448613738103 0
    outer loop
      vertex -24.409596195932437 3.348346360241507 3.1999999999999993
      vertex -24.70367047465796 3.3870619735119347 0
      vertex -24.409596195932437 3.348346360241507 0
    endloop
  endfacet
  facet normal -0.2164396139381023 -0.9762960071199335 0
    outer loop
      vertex -24.12001524665143 3.2841478093828322 3.1999999999999993
      vertex -24.409596195932437 3.348346360241507 0
      vertex -24.12001524665143 3.2841478093828322 0
    endloop
  endfacet
  facet normal 0.887010833178222 -0.46174861323503325 0
    outer loop
      vertex -28.081446475924608 1.436902089918378 3.1999999999999993
      vertex -28.081446475924608 1.436902089918378 0
      vertex -27.94448637286709 1.7 3.1999999999999993
    endloop
  endfacet
  facet normal 0.9238795325112849 -0.38268343236509433 2.402160606863232e-19
    outer loop
      vertex -28.081446475924608 1.436902089918378 3.1999999999999993
      vertex -28.194954910672088 1.1628684873072737 3.1999999999999993
      vertex -28.194954910672088 1.1628684873072737 0
    endloop
  endfacet
  facet normal 0.9537169507482252 -0.30070579950427884 1.229856132263821e-19
    outer loop
      vertex -28.194954910672088 1.1628684873072737 3.1999999999999993
      vertex -28.284147809382834 0.8799847533485705 3.1999999999999993
      vertex -28.284147809382834 0.8799847533485705 0
    endloop
  endfacet
  facet normal 0 0 -1
    outer loop
      vertex -28.081446475924608 1.436902089918378 3.1999999999999993
      vertex -28.081446475924608 -1.436902089918378 3.1999999999999993
      vertex -28.194954910672088 1.1628684873072737 3.1999999999999993
    endloop
  endfacet
  facet normal 0 0 -1
    outer loop
      vertex -28.284147809382834 0.8799847533485705 3.1999999999999993
      vertex -28.284147809382834 -0.8799847533485705 3.1999999999999993
      vertex -28.348346360241507 0.5904038040675631 3.1999999999999993
    endloop
  endfacet
  facet normal 0 0 -1
    outer loop
      vertex -28.387061973511933 0.29632952534203777 3.1999999999999993
      vertex -28.387061973511933 -0.29632952534203777 3.1999999999999993
      vertex -28.4 0 3.1999999999999993
    endloop
  endfacet
  facet normal 0 0 -1
    outer loop
      vertex -28.348346360241507 0.5904038040675631 3.1999999999999993
      vertex -28.348346360241507 -0.5904038040675631 3.1999999999999993
      vertex -28.387061973511933 0.29632952534203777 3.1999999999999993
    endloop
  endfacet
  facet normal 0 0 -1
    outer loop
      vertex -28.194954910672088 1.1628684873072737 3.1999999999999993
      vertex -28.194954910672088 -1.1628684873072737 3.1999999999999993
      vertex -28.284147809382834 0.8799847533485705 3.1999999999999993
    endloop
  endfacet
  facet normal 0 0 -1
    outer loop
      vertex -28.387061973511933 0.29632952534203777 3.1999999999999993
      vertex -28.348346360241507 -0.5904038040675631 3.1999999999999993
      vertex -28.387061973511933 -0.29632952534203777 3.1999999999999993
    endloop
  endfacet
  facet normal 0 0 -1
    outer loop
      vertex -28.348346360241507 0.5904038040675631 3.1999999999999993
      vertex -28.284147809382834 -0.8799847533485705 3.1999999999999993
      vertex -28.348346360241507 -0.5904038040675631 3.1999999999999993
    endloop
  endfacet
  facet normal 0 0 -1
    outer loop
      vertex -28.284147809382834 0.8799847533485705 3.1999999999999993
      vertex -28.194954910672088 -1.1628684873072737 3.1999999999999993
      vertex -28.284147809382834 -0.8799847533485705 3.1999999999999993
    endloop
  endfacet
  facet normal 0 0 -1
    outer loop
      vertex -28.194954910672088 1.1628684873072737 3.1999999999999993
      vertex -28.081446475924608 -1.436902089918378 3.1999999999999993
      vertex -28.194954910672088 -1.1628684873072737 3.1999999999999993
    endloop
  endfacet
  facet normal 0 0 -1
    outer loop
      vertex -28.081446475924608 1.436902089918378 3.1999999999999993
      vertex -27.94448637286709 -1.7 3.1999999999999993
      vertex -28.081446475924608 -1.436902089918378 3.1999999999999993
    endloop
  endfacet
  facet normal 0.9762960071199346 -0.21643961393809746 9.519251159230038e-19
    outer loop
      vertex -28.284147809382834 0.8799847533485705 3.1999999999999993
      vertex -28.348346360241507 0.5904038040675631 3.1999999999999993
      vertex -28.348346360241507 0.5904038040675631 0
    endloop
  endfacet
  facet normal 0.9914448613738109 -0.13052619222004785 8.567605128465036e-19
    outer loop
      vertex -28.348346360241507 0.5904038040675631 3.1999999999999993
      vertex -28.387061973511933 0.29632952534203777 3.1999999999999993
      vertex -28.387061973511933 0.29632952534203777 0
    endloop
  endfacet
  facet normal 0.9990482215818578 -0.04361938736533601 -2.1493723225521176e-19
    outer loop
      vertex -28.387061973511933 0.29632952534203777 3.1999999999999993
      vertex -28.4 0 3.1999999999999993
      vertex -28.4 0 0
    endloop
  endfacet
  facet normal 0.9990482215818578 0.04361938736533601 2.1493723225521176e-19
    outer loop
      vertex -28.4 0 3.1999999999999993
      vertex -28.387061973511933 -0.29632952534203777 3.1999999999999993
      vertex -28.387061973511933 -0.29632952534203777 0
    endloop
  endfacet
  facet normal 0.9914448613738109 0.13052619222004785 -8.567605128465036e-19
    outer loop
      vertex -28.387061973511933 -0.29632952534203777 3.1999999999999993
      vertex -28.348346360241507 -0.5904038040675631 3.1999999999999993
      vertex -28.348346360241507 -0.5904038040675631 0
    endloop
  endfacet
  facet normal 0.9762960071199346 0.21643961393809746 -9.519251159230038e-19
    outer loop
      vertex -28.348346360241507 -0.5904038040675631 3.1999999999999993
      vertex -28.284147809382834 -0.8799847533485705 3.1999999999999993
      vertex -28.284147809382834 -0.8799847533485705 0
    endloop
  endfacet
  facet normal 0.9238795325112849 -0.38268343236509433 0
    outer loop
      vertex -28.081446475924608 1.436902089918378 3.1999999999999993
      vertex -28.194954910672088 1.1628684873072737 0
      vertex -28.081446475924608 1.436902089918378 0
    endloop
  endfacet
  facet normal 0.9762960071199346 -0.21643961393809746 0
    outer loop
      vertex -28.284147809382834 0.8799847533485705 3.1999999999999993
      vertex -28.348346360241507 0.5904038040675631 0
      vertex -28.284147809382834 0.8799847533485705 0
    endloop
  endfacet
  facet normal 0.9537169507482252 -0.30070579950427884 0
    outer loop
      vertex -28.194954910672088 1.1628684873072737 3.1999999999999993
      vertex -28.284147809382834 0.8799847533485705 0
      vertex -28.194954910672088 1.1628684873072737 0
    endloop
  endfacet
  facet normal 0.9914448613738109 -0.13052619222004785 0
    outer loop
      vertex -28.348346360241507 0.5904038040675631 3.1999999999999993
      vertex -28.387061973511933 0.29632952534203777 0
      vertex -28.348346360241507 0.5904038040675631 0
    endloop
  endfacet
  facet normal 0.9990482215818578 -0.04361938736533601 0
    outer loop
      vertex -28.387061973511933 0.29632952534203777 3.1999999999999993
      vertex -28.4 0 0
      vertex -28.387061973511933 0.29632952534203777 0
    endloop
  endfacet
  facet normal 0.9990482215818578 0.04361938736533601 0
    outer loop
      vertex -28.4 0 3.1999999999999993
      vertex -28.387061973511933 -0.29632952534203777 0
      vertex -28.4 0 0
    endloop
  endfacet
  facet normal 0.9914448613738109 0.13052619222004785 0
    outer loop
      vertex -28.387061973511933 -0.29632952534203777 3.1999999999999993
      vertex -28.348346360241507 -0.5904038040675631 0
      vertex -28.387061973511933 -0.29632952534203777 0
    endloop
  endfacet
  facet normal 0.9762960071199346 0.21643961393809746 0
    outer loop
      vertex -28.348346360241507 -0.5904038040675631 3.1999999999999993
      vertex -28.284147809382834 -0.8799847533485705 0
      vertex -28.348346360241507 -0.5904038040675631 0
    endloop
  endfacet
  facet normal 0.9537169507482252 0.30070579950427884 -1.229856132263821e-19
    outer loop
      vertex -28.284147809382834 -0.8799847533485705 3.1999999999999993
      vertex -28.194954910672088 -1.1628684873072737 3.1999999999999993
      vertex -28.194954910672088 -1.1628684873072737 0
    endloop
  endfacet
  facet normal 0.9238795325112849 0.38268343236509433 -2.402160606863232e-19
    outer loop
      vertex -28.194954910672088 -1.1628684873072737 3.1999999999999993
      vertex -28.081446475924608 -1.436902089918378 3.1999999999999993
      vertex -28.081446475924608 -1.436902089918378 0
    endloop
  endfacet
  facet normal 0.9537169507482252 0.30070579950427884 0
    outer loop
      vertex -28.284147809382834 -0.8799847533485705 3.1999999999999993
      vertex -28.194954910672088 -1.1628684873072737 0
      vertex -28.284147809382834 -0.8799847533485705 0
    endloop
  endfacet
  facet normal 0.9238795325112849 0.38268343236509433 0
    outer loop
      vertex -28.194954910672088 -1.1628684873072737 3.1999999999999993
      vertex -28.081446475924608 -1.436902089918378 0
      vertex -28.194954910672088 -1.1628684873072737 0
    endloop
  endfacet
  facet normal 0.887010833178222 0.46174861323503325 0
    outer loop
      vertex -28.081446475924608 -1.436902089918378 3.1999999999999993
      vertex -27.94448637286709 -1.7 0
      vertex -28.081446475924608 -1.436902089918378 0
    endloop
  endfacet
  facet normal 0 0 -1
    outer loop
      vertex -27.40416305603426 2.4041630560342617 3.1999999999999993
      vertex -27.40416305603426 -2.4041630560342617 3.1999999999999993
      vertex -27.604551106604525 2.1854778729342335 3.1999999999999993
    endloop
  endfacet
  facet normal 0 0 -1
    outer loop
      vertex -27.40416305603426 2.4041630560342617 3.1999999999999993
      vertex -27.185477872934232 2.604551106604525 3.1999999999999993
      vertex -27.185477872934232 -2.604551106604525 3.1999999999999993
    endloop
  endfacet
  facet normal 0 0 -1
    outer loop
      vertex -27.185477872934232 2.604551106604525 3.1999999999999993
      vertex -26.950159883593557 2.785116950582572 3.1999999999999993
      vertex -26.950159883593557 -2.785116950582572 3.1999999999999993
    endloop
  endfacet
  facet normal 0 0 -1
    outer loop
      vertex -26.950159883593557 2.785116950582572 3.1999999999999993
      vertex -26.7 2.9444863728670914 3.1999999999999993
      vertex -26.738666487320323 0.46587428118453733 3.1999999999999993
    endloop
  endfacet
  facet normal 0 0 -1
    outer loop
      vertex -26.7 2.9444863728670914 3.1999999999999993
      vertex -26.558845726811988 0.9 3.1999999999999993
      vertex -26.63135401666597 0.760712871133259 3.1999999999999993
    endloop
  endfacet
  facet normal 0 0 -1
    outer loop
      vertex -26.7 2.9444863728670914 3.1999999999999993
      vertex -26.474473679720184 1.032437585431883 3.1999999999999993
      vertex -26.558845726811988 0.9 3.1999999999999993
    endloop
  endfacet
  facet normal 0 0 -1
    outer loop
      vertex -26.162868487307275 3.1949549106720885 3.1999999999999993
      vertex -25.9 1.5588457268119895 3.1999999999999993
      vertex -26.032437585431882 1.4744736797201852 3.1999999999999993
    endloop
  endfacet
  facet normal 0 0 -1
    outer loop
      vertex -26.162868487307275 3.1949549106720885 3.1999999999999993
      vertex -26.15701769743577 1.3788799976141604 3.1999999999999993
      vertex -26.272792206135787 1.2727922061357857 3.1999999999999993
    endloop
  endfacet
  facet normal 0 0 -1
    outer loop
      vertex -26.162868487307275 3.1949549106720885 3.1999999999999993
      vertex -26.032437585431882 1.4744736797201852 3.1999999999999993
      vertex -26.15701769743577 1.3788799976141604 3.1999999999999993
    endloop
  endfacet
  facet normal 0 0 -1
    outer loop
      vertex -26.436902089918377 3.0814464759246096 3.1999999999999993
      vertex -26.37887999761416 1.1570176974357707 3.1999999999999993
      vertex -26.474473679720184 1.032437585431883 3.1999999999999993
    endloop
  endfacet
  facet normal 0 0 -1
    outer loop
      vertex -26.436902089918377 3.0814464759246096 3.1999999999999993
      vertex -26.272792206135787 1.2727922061357857 3.1999999999999993
      vertex -26.37887999761416 1.1570176974357707 3.1999999999999993
    endloop
  endfacet
  facet normal 0 0 -1
    outer loop
      vertex -26.950159883593557 2.785116950582572 3.1999999999999993
      vertex -26.738666487320323 0.46587428118453733 3.1999999999999993
      vertex -26.772653955421973 0.3125667198004746 3.1999999999999993
    endloop
  endfacet
  facet normal 0 0 -1
    outer loop
      vertex -26.950159883593557 2.785116950582572 3.1999999999999993
      vertex -26.772653955421973 0.3125667198004746 3.1999999999999993
      vertex -26.793150456565144 0.1568803369457847 3.1999999999999993
    endloop
  endfacet
  facet normal 0 0 -1
    outer loop
      vertex -26.7 2.9444863728670914 3.1999999999999993
      vertex -26.63135401666597 0.760712871133259 3.1999999999999993
      vertex -26.691446717414635 0.6156362579862037 3.1999999999999993
    endloop
  endfacet
  facet normal 0 0 -1
    outer loop
      vertex -26.7 2.9444863728670914 3.1999999999999993
      vertex -26.691446717414635 0.6156362579862037 3.1999999999999993
      vertex -26.738666487320323 0.46587428118453733 3.1999999999999993
    endloop
  endfacet
  facet normal 0 0 -1
    outer loop
      vertex -26.950159883593557 2.785116950582572 3.1999999999999993
      vertex -26.793150456565144 0.1568803369457847 3.1999999999999993
      vertex -26.8 0 3.1999999999999993
    endloop
  endfacet
  facet normal 0 0 -1
    outer loop
      vertex -26.950159883593557 2.785116950582572 3.1999999999999993
      vertex -26.8 0 3.1999999999999993
      vertex -26.793150456565144 -0.1568803369457847 3.1999999999999993
    endloop
  endfacet
  facet normal 0.7933533402912332 -0.6087614290087233 0
    outer loop
      vertex -27.785116950582573 1.9501598835935565 3.1999999999999993
      vertex -27.785116950582573 1.9501598835935565 0
      vertex -27.604551106604525 2.1854778729342335 3.1999999999999993
    endloop
  endfacet
  facet normal 0.8433914458128897 -0.5372996083468174 1.842028893279872e-18
    outer loop
      vertex -27.785116950582573 1.9501598835935565 3.1999999999999993
      vertex -27.94448637286709 1.7 3.1999999999999993
      vertex -27.94448637286709 1.7 0
    endloop
  endfacet
  facet normal 0 0 -1
    outer loop
      vertex -27.785116950582573 1.9501598835935565 3.1999999999999993
      vertex -27.785116950582573 -1.9501598835935565 3.1999999999999993
      vertex -27.94448637286709 1.7 3.1999999999999993
    endloop
  endfacet
  facet normal 0 0 -1
    outer loop
      vertex -28.081446475924608 1.436902089918378 3.1999999999999993
      vertex -27.94448637286709 1.7 3.1999999999999993
      vertex -27.94448637286709 -1.7 3.1999999999999993
    endloop
  endfacet
  facet normal 0 0 -1
    outer loop
      vertex -27.785116950582573 1.9501598835935565 3.1999999999999993
      vertex -27.604551106604525 2.1854778729342335 3.1999999999999993
      vertex -27.604551106604525 -2.1854778729342335 3.1999999999999993
    endloop
  endfacet
  facet normal 0 0 -1
    outer loop
      vertex -27.94448637286709 1.7 3.1999999999999993
      vertex -27.785116950582573 -1.9501598835935565 3.1999999999999993
      vertex -27.94448637286709 -1.7 3.1999999999999993
    endloop
  endfacet
  facet normal 0 0 -1
    outer loop
      vertex -27.785116950582573 1.9501598835935565 3.1999999999999993
      vertex -27.604551106604525 -2.1854778729342335 3.1999999999999993
      vertex -27.785116950582573 -1.9501598835935565 3.1999999999999993
    endloop
  endfacet
  facet normal 0 0 -1
    outer loop
      vertex -27.604551106604525 2.1854778729342335 3.1999999999999993
      vertex -27.40416305603426 -2.4041630560342617 3.1999999999999993
      vertex -27.604551106604525 -2.1854778729342335 3.1999999999999993
    endloop
  endfacet
  facet normal 0 0 -1
    outer loop
      vertex -27.40416305603426 2.4041630560342617 3.1999999999999993
      vertex -27.185477872934232 -2.604551106604525 3.1999999999999993
      vertex -27.40416305603426 -2.4041630560342617 3.1999999999999993
    endloop
  endfacet
  facet normal 0 0 -1
    outer loop
      vertex -26.950159883593557 2.785116950582572 3.1999999999999993
      vertex -26.793150456565144 -0.1568803369457847 3.1999999999999993
      vertex -26.7 -2.9444863728670914 3.1999999999999993
    endloop
  endfacet
  facet normal 0 0 -1
    outer loop
      vertex -25.87998475334857 3.2841478093828322 3.1999999999999993
      vertex -25.760712871133258 1.63135401666597 3.1999999999999993
      vertex -25.9 1.5588457268119895 3.1999999999999993
    endloop
  endfacet
  facet normal 0 0 -1
    outer loop
      vertex -25.87998475334857 3.2841478093828322 3.1999999999999993
      vertex -25.615636257986203 1.6914467174146353 3.1999999999999993
      vertex -25.760712871133258 1.63135401666597 3.1999999999999993
    endloop
  endfacet
  facet normal 0 0 -1
    outer loop
      vertex -24.12001524665143 3.2841478093828322 3.1999999999999993
      vertex -24.239287128866742 1.63135401666597 3.1999999999999993
      vertex -24.384363742013797 1.6914467174146353 3.1999999999999993
    endloop
  endfacet
  facet normal 0 0 -1
    outer loop
      vertex -24.12001524665143 3.2841478093828322 3.1999999999999993
      vertex -24.1 1.5588457268119895 3.1999999999999993
      vertex -24.239287128866742 1.63135401666597 3.1999999999999993
    endloop
  endfacet
  facet normal 0.8433914458128897 -0.5372996083468174 0
    outer loop
      vertex -27.785116950582573 1.9501598835935565 3.1999999999999993
      vertex -27.94448637286709 1.7 0
      vertex -27.785116950582573 1.9501598835935565 0
    endloop
  endfacet
  facet normal 0.7933533402912332 -0.6087614290087233 0
    outer loop
      vertex -27.604551106604525 2.1854778729342335 3.1999999999999993
      vertex -27.785116950582573 1.9501598835935565 0
      vertex -27.604551106604525 2.1854778729342335 0
    endloop
  endfacet
  facet normal 0.887010833178222 -0.46174861323503325 2.858280320410056e-18
    outer loop
      vertex -28.081446475924608 1.436902089918378 0
      vertex -27.94448637286709 1.7 0
      vertex -27.94448637286709 1.7 3.1999999999999993
    endloop
  endfacet
  facet normal 0 0 -1
    outer loop
      vertex -27.185477872934232 2.604551106604525 3.1999999999999993
      vertex -26.950159883593557 -2.785116950582572 3.1999999999999993
      vertex -27.185477872934232 -2.604551106604525 3.1999999999999993
    endloop
  endfacet
  facet normal 0 0 -1
    outer loop
      vertex -26.950159883593557 2.785116950582572 3.1999999999999993
      vertex -26.7 -2.9444863728670914 3.1999999999999993
      vertex -26.950159883593557 -2.785116950582572 3.1999999999999993
    endloop
  endfacet
  facet normal 0 0 -1
    outer loop
      vertex -26.793150456565144 -0.1568803369457847 3.1999999999999993
      vertex -26.772653955421973 -0.3125667198004746 3.1999999999999993
      vertex -26.7 -2.9444863728670914 3.1999999999999993
    endloop
  endfacet
  facet normal 0 0 -1
    outer loop
      vertex -26.772653955421973 -0.3125667198004746 3.1999999999999993
      vertex -26.738666487320323 -0.46587428118453733 3.1999999999999993
      vertex -26.7 -2.9444863728670914 3.1999999999999993
    endloop
  endfacet
  facet normal 0 0 -1
    outer loop
      vertex -26.738666487320323 -0.46587428118453733 3.1999999999999993
      vertex -26.691446717414635 -0.6156362579862037 3.1999999999999993
      vertex -26.7 -2.9444863728670914 3.1999999999999993
    endloop
  endfacet
  facet normal 0 0 -1
    outer loop
      vertex -26.691446717414635 -0.6156362579862037 3.1999999999999993
      vertex -26.63135401666597 -0.760712871133259 3.1999999999999993
      vertex -26.7 -2.9444863728670914 3.1999999999999993
    endloop
  endfacet
  facet normal 0 0 -1
    outer loop
      vertex -26.63135401666597 -0.760712871133259 3.1999999999999993
      vertex -26.558845726811988 -0.9 3.1999999999999993
      vertex -26.7 -2.9444863728670914 3.1999999999999993
    endloop
  endfacet
  facet normal 0 0 -1
    outer loop
      vertex -26.558845726811988 -0.9 3.1999999999999993
      vertex -26.474473679720184 -1.032437585431883 3.1999999999999993
      vertex -26.7 -2.9444863728670914 3.1999999999999993
    endloop
  endfacet
  facet normal 0 0 -1
    outer loop
      vertex -26.474473679720184 -1.032437585431883 3.1999999999999993
      vertex -26.436902089918377 -3.0814464759246096 3.1999999999999993
      vertex -26.7 -2.9444863728670914 3.1999999999999993
    endloop
  endfacet
  facet normal 0 0 -1
    outer loop
      vertex -26.474473679720184 -1.032437585431883 3.1999999999999993
      vertex -26.37887999761416 -1.1570176974357707 3.1999999999999993
      vertex -26.436902089918377 -3.0814464759246096 3.1999999999999993
    endloop
  endfacet
  facet normal 0 0 -1
    outer loop
      vertex -26.37887999761416 -1.1570176974357707 3.1999999999999993
      vertex -26.272792206135787 -1.2727922061357857 3.1999999999999993
      vertex -26.436902089918377 -3.0814464759246096 3.1999999999999993
    endloop
  endfacet
  facet normal 0 0 -1
    outer loop
      vertex -26.272792206135787 -1.2727922061357857 3.1999999999999993
      vertex -26.15701769743577 -1.3788799976141604 3.1999999999999993
      vertex -26.436902089918377 -3.0814464759246096 3.1999999999999993
    endloop
  endfacet
  facet normal 0 0 -1
    outer loop
      vertex -26.15701769743577 -1.3788799976141604 3.1999999999999993
      vertex -26.032437585431882 -1.4744736797201852 3.1999999999999993
      vertex -26.162868487307275 -3.1949549106720885 3.1999999999999993
    endloop
  endfacet
  facet normal 0 0 -1
    outer loop
      vertex -26.032437585431882 -1.4744736797201852 3.1999999999999993
      vertex -25.9 -1.5588457268119895 3.1999999999999993
      vertex -26.162868487307275 -3.1949549106720885 3.1999999999999993
    endloop
  endfacet
  facet normal 0.887010833178222 0.46174861323503325 -2.858280320410056e-18
    outer loop
      vertex -28.081446475924608 -1.436902089918378 3.1999999999999993
      vertex -27.94448637286709 -1.7 3.1999999999999993
      vertex -27.94448637286709 -1.7 0
    endloop
  endfacet
  facet normal 0.8433914458128897 0.5372996083468174 -1.842028893279872e-18
    outer loop
      vertex -27.94448637286709 -1.7 3.1999999999999993
      vertex -27.785116950582573 -1.9501598835935565 3.1999999999999993
      vertex -27.785116950582573 -1.9501598835935565 0
    endloop
  endfacet
  facet normal 0.7933533402912332 0.6087614290087233 -1.6795445949758249e-18
    outer loop
      vertex -27.785116950582573 -1.9501598835935565 3.1999999999999993
      vertex -27.604551106604525 -2.1854778729342335 3.1999999999999993
      vertex -27.604551106604525 -2.1854778729342335 0
    endloop
  endfacet
  facet normal 0.7372773368101232 0.6755902076156612 6.905038778231004e-19
    outer loop
      vertex -27.604551106604525 -2.1854778729342335 3.1999999999999993
      vertex -27.40416305603426 -2.4041630560342617 3.1999999999999993
      vertex -27.40416305603426 -2.4041630560342617 0
    endloop
  endfacet
  facet normal 0 0 -1
    outer loop
      vertex -26.15701769743577 -1.3788799976141604 3.1999999999999993
      vertex -26.162868487307275 -3.1949549106720885 3.1999999999999993
      vertex -26.436902089918377 -3.0814464759246096 3.1999999999999993
    endloop
  endfacet
  facet normal 0.6755902076156589 0.7372773368101254 5.995248526323121e-19
    outer loop
      vertex -27.40416305603426 -2.4041630560342617 3.1999999999999993
      vertex -27.185477872934232 -2.604551106604525 3.1999999999999993
      vertex -27.185477872934232 -2.604551106604525 0
    endloop
  endfacet
  facet normal 0.608761429008724 0.7933533402912326 2.4688559797238873e-18
    outer loop
      vertex -27.185477872934232 -2.604551106604525 3.1999999999999993
      vertex -26.950159883593557 -2.785116950582572 3.1999999999999993
      vertex -26.950159883593557 -2.785116950582572 0
    endloop
  endfacet
  facet normal 0.5372996083468226 0.8433914458128865 2.100702867612902e-18
    outer loop
      vertex -26.950159883593557 -2.785116950582572 3.1999999999999993
      vertex -26.7 -2.9444863728670914 3.1999999999999993
      vertex -26.7 -2.9444863728670914 0
    endloop
  endfacet
  facet normal 0.46174861323503236 0.8870108331782225 3.3690912535092517e-18
    outer loop
      vertex -26.7 -2.9444863728670914 3.1999999999999993
      vertex -26.436902089918377 -3.0814464759246096 3.1999999999999993
      vertex -26.436902089918377 -3.0814464759246096 0
    endloop
  endfacet
  facet normal 0.38268343236509367 0.9238795325112851 1.2342593961979296e-18
    outer loop
      vertex -26.436902089918377 -3.0814464759246096 3.1999999999999993
      vertex -26.162868487307275 -3.1949549106720885 3.1999999999999993
      vertex -26.162868487307275 -3.1949549106720885 0
    endloop
  endfacet
  facet normal 0 0 -1
    outer loop
      vertex -25.9 -1.5588457268119895 3.1999999999999993
      vertex -25.760712871133258 -1.63135401666597 3.1999999999999993
      vertex -25.87998475334857 -3.2841478093828322 3.1999999999999993
    endloop
  endfacet
  facet normal 0 0 -1
    outer loop
      vertex -25.760712871133258 -1.63135401666597 3.1999999999999993
      vertex -25.615636257986203 -1.6914467174146353 3.1999999999999993
      vertex -25.87998475334857 -3.2841478093828322 3.1999999999999993
    endloop
  endfacet
  facet normal 0 0 -1
    outer loop
      vertex -25.615636257986203 -1.6914467174146353 3.1999999999999993
      vertex -25.465874281184536 -1.738666487320323 3.1999999999999993
      vertex -25.590403804067563 -3.348346360241507 3.1999999999999993
    endloop
  endfacet
  facet normal 0 0 -1
    outer loop
      vertex -25.465874281184536 -1.738666487320323 3.1999999999999993
      vertex -25.312566719800476 -1.7726539554219745 3.1999999999999993
      vertex -25.590403804067563 -3.348346360241507 3.1999999999999993
    endloop
  endfacet
  facet normal 0 0 -1
    outer loop
      vertex -25.312566719800476 -1.7726539554219745 3.1999999999999993
      vertex -25.156880336945786 -1.793150456565142 3.1999999999999993
      vertex -25.29632952534204 -3.3870619735119347 3.1999999999999993
    endloop
  endfacet
  facet normal 0 0 -1
    outer loop
      vertex -25.156880336945786 -1.793150456565142 3.1999999999999993
      vertex -25 -1.8 3.1999999999999993
      vertex -25.29632952534204 -3.3870619735119347 3.1999999999999993
    endloop
  endfacet
  facet normal 0 0 -1
    outer loop
      vertex -25 -1.8 3.1999999999999993
      vertex -24.843119663054214 -1.793150456565142 3.1999999999999993
      vertex -24.70367047465796 -3.3870619735119347 3.1999999999999993
    endloop
  endfacet
  facet normal 0 0 -1
    outer loop
      vertex -24.843119663054214 -1.793150456565142 3.1999999999999993
      vertex -24.687433280199524 -1.7726539554219745 3.1999999999999993
      vertex -24.70367047465796 -3.3870619735119347 3.1999999999999993
    endloop
  endfacet
  facet normal 0 0 -1
    outer loop
      vertex -24.687433280199524 -1.7726539554219745 3.1999999999999993
      vertex -24.534125718815464 -1.738666487320323 3.1999999999999993
      vertex -24.409596195932437 -3.348346360241507 3.1999999999999993
    endloop
  endfacet
  facet normal 0 0 -1
    outer loop
      vertex -24.534125718815464 -1.738666487320323 3.1999999999999993
      vertex -24.384363742013797 -1.6914467174146353 3.1999999999999993
      vertex -24.409596195932437 -3.348346360241507 3.1999999999999993
    endloop
  endfacet
  facet normal 0 0 -1
    outer loop
      vertex -24.239287128866742 -1.63135401666597 3.1999999999999993
      vertex -24.12001524665143 -3.2841478093828322 3.1999999999999993
      vertex -24.384363742013797 -1.6914467174146353 3.1999999999999993
    endloop
  endfacet
  facet normal 0 0 -1
    outer loop
      vertex -24.239287128866742 -1.63135401666597 3.1999999999999993
      vertex -24.1 -1.5588457268119895 3.1999999999999993
      vertex -24.12001524665143 -3.2841478093828322 3.1999999999999993
    endloop
  endfacet
  facet normal 0 0 -1
    outer loop
      vertex -26.162868487307275 -3.1949549106720885 3.1999999999999993
      vertex -25.9 -1.5588457268119895 3.1999999999999993
      vertex -25.87998475334857 -3.2841478093828322 3.1999999999999993
    endloop
  endfacet
  facet normal 0 0 -1
    outer loop
      vertex -25.615636257986203 -1.6914467174146353 3.1999999999999993
      vertex -25.590403804067563 -3.348346360241507 3.1999999999999993
      vertex -25.87998475334857 -3.2841478093828322 3.1999999999999993
    endloop
  endfacet
  facet normal 0 0 -1
    outer loop
      vertex -25.312566719800476 -1.7726539554219745 3.1999999999999993
      vertex -25.29632952534204 -3.3870619735119347 3.1999999999999993
      vertex -25.590403804067563 -3.348346360241507 3.1999999999999993
    endloop
  endfacet
  facet normal 0 0 -1
    outer loop
      vertex -25 -1.8 3.1999999999999993
      vertex -25 -3.4 3.1999999999999993
      vertex -25.29632952534204 -3.3870619735119347 3.1999999999999993
    endloop
  endfacet
  facet normal 0 0 -1
    outer loop
      vertex -25 -1.8 3.1999999999999993
      vertex -24.70367047465796 -3.3870619735119347 3.1999999999999993
      vertex -25 -3.4 3.1999999999999993
    endloop
  endfacet
  facet normal 0 0 -1
    outer loop
      vertex -24.687433280199524 -1.7726539554219745 3.1999999999999993
      vertex -24.409596195932437 -3.348346360241507 3.1999999999999993
      vertex -24.70367047465796 -3.3870619735119347 3.1999999999999993
    endloop
  endfacet
  facet normal 0 0 -1
    outer loop
      vertex -24.384363742013797 -1.6914467174146353 3.1999999999999993
      vertex -24.12001524665143 -3.2841478093828322 3.1999999999999993
      vertex -24.409596195932437 -3.348346360241507 3.1999999999999993
    endloop
  endfacet
  facet normal 0 0 -1
    outer loop
      vertex -24.1 -1.5588457268119895 3.1999999999999993
      vertex -23.837131512692725 -3.1949549106720885 3.1999999999999993
      vertex -24.12001524665143 -3.2841478093828322 3.1999999999999993
    endloop
  endfacet
  facet normal 0.30070579950427123 0.9537169507482275 -1.0257814395824494e-18
    outer loop
      vertex -26.162868487307275 -3.1949549106720885 3.1999999999999993
      vertex -25.87998475334857 -3.2841478093828322 3.1999999999999993
      vertex -25.87998475334857 -3.2841478093828322 0
    endloop
  endfacet
  facet normal 0.2164396139381023 0.9762960071199335 -2.888889486883167e-19
    outer loop
      vertex -25.87998475334857 -3.2841478093828322 3.1999999999999993
      vertex -25.590403804067563 -3.348346360241507 3.1999999999999993
      vertex -25.590403804067563 -3.348346360241507 0
    endloop
  endfacet
  facet normal 0.1305261922200526 0.9914448613738103 -3.876971854974097e-19
    outer loop
      vertex -25.590403804067563 -3.348346360241507 3.1999999999999993
      vertex -25.29632952534204 -3.3870619735119347 3.1999999999999993
      vertex -25.29632952534204 -3.3870619735119347 0
    endloop
  endfacet
  facet normal 0.04361938736533592 0.9990482215818578 1.159057051399527e-19
    outer loop
      vertex -25.29632952534204 -3.3870619735119347 3.1999999999999993
      vertex -25 -3.4 3.1999999999999993
      vertex -25 -3.4 0
    endloop
  endfacet
  facet normal -0.04361938736533592 0.9990482215818578 -1.159057051399527e-19
    outer loop
      vertex -25 -3.4 3.1999999999999993
      vertex -24.70367047465796 -3.3870619735119347 3.1999999999999993
      vertex -24.70367047465796 -3.3870619735119347 0
    endloop
  endfacet
  facet normal -0.1305261922200526 0.9914448613738103 3.876971854974097e-19
    outer loop
      vertex -24.70367047465796 -3.3870619735119347 3.1999999999999993
      vertex -24.409596195932437 -3.348346360241507 3.1999999999999993
      vertex -24.409596195932437 -3.348346360241507 0
    endloop
  endfacet
  facet normal -0.2164396139381023 0.9762960071199335 2.888889486883167e-19
    outer loop
      vertex -24.409596195932437 -3.348346360241507 3.1999999999999993
      vertex -24.12001524665143 -3.2841478093828322 3.1999999999999993
      vertex -24.12001524665143 -3.2841478093828322 0
    endloop
  endfacet
  facet normal 0.8433914458128897 0.5372996083468174 0
    outer loop
      vertex -27.94448637286709 -1.7 3.1999999999999993
      vertex -27.785116950582573 -1.9501598835935565 0
      vertex -27.94448637286709 -1.7 0
    endloop
  endfacet
  facet normal 0.7933533402912332 0.6087614290087233 0
    outer loop
      vertex -27.785116950582573 -1.9501598835935565 3.1999999999999993
      vertex -27.604551106604525 -2.1854778729342335 0
      vertex -27.785116950582573 -1.9501598835935565 0
    endloop
  endfacet
  facet normal 0.7372773368101232 0.6755902076156612 0
    outer loop
      vertex -27.604551106604525 -2.1854778729342335 3.1999999999999993
      vertex -27.40416305603426 -2.4041630560342617 0
      vertex -27.604551106604525 -2.1854778729342335 0
    endloop
  endfacet
  facet normal 0.6755902076156589 0.7372773368101254 0
    outer loop
      vertex -27.40416305603426 -2.4041630560342617 3.1999999999999993
      vertex -27.185477872934232 -2.604551106604525 0
      vertex -27.40416305603426 -2.4041630560342617 0
    endloop
  endfacet
  facet normal 0.608761429008724 0.7933533402912326 0
    outer loop
      vertex -27.185477872934232 -2.604551106604525 3.1999999999999993
      vertex -26.950159883593557 -2.785116950582572 0
      vertex -27.185477872934232 -2.604551106604525 0
    endloop
  endfacet
  facet normal 0.5372996083468226 0.8433914458128865 0
    outer loop
      vertex -26.950159883593557 -2.785116950582572 3.1999999999999993
      vertex -26.7 -2.9444863728670914 0
      vertex -26.950159883593557 -2.785116950582572 0
    endloop
  endfacet
  facet normal 0.46174861323503236 0.8870108331782225 0
    outer loop
      vertex -26.7 -2.9444863728670914 3.1999999999999993
      vertex -26.436902089918377 -3.0814464759246096 0
      vertex -26.7 -2.9444863728670914 0
    endloop
  endfacet
  facet normal 0.38268343236509367 0.9238795325112851 0
    outer loop
      vertex -26.436902089918377 -3.0814464759246096 3.1999999999999993
      vertex -26.162868487307275 -3.1949549106720885 0
      vertex -26.436902089918377 -3.0814464759246096 0
    endloop
  endfacet
  facet normal 0.30070579950427123 0.9537169507482275 0
    outer loop
      vertex -26.162868487307275 -3.1949549106720885 3.1999999999999993
      vertex -25.87998475334857 -3.2841478093828322 0
      vertex -26.162868487307275 -3.1949549106720885 0
    endloop
  endfacet
  facet normal 0.2164396139381023 0.9762960071199335 0
    outer loop
      vertex -25.87998475334857 -3.2841478093828322 3.1999999999999993
      vertex -25.590403804067563 -3.348346360241507 0
      vertex -25.87998475334857 -3.2841478093828322 0
    endloop
  endfacet
  facet normal 0.1305261922200526 0.9914448613738103 0
    outer loop
      vertex -25.590403804067563 -3.348346360241507 3.1999999999999993
      vertex -25.29632952534204 -3.3870619735119347 0
      vertex -25.590403804067563 -3.348346360241507 0
    endloop
  endfacet
  facet normal 0.04361938736533592 0.9990482215818578 0
    outer loop
      vertex -25.29632952534204 -3.3870619735119347 3.1999999999999993
      vertex -25 -3.4 0
      vertex -25.29632952534204 -3.3870619735119347 0
    endloop
  endfacet
  facet normal -0.04361938736533592 0.9990482215818578 0
    outer loop
      vertex -25 -3.4 3.1999999999999993
      vertex -24.70367047465796 -3.3870619735119347 0
      vertex -25 -3.4 0
    endloop
  endfacet
  facet normal -0.1305261922200526 0.9914448613738103 0
    outer loop
      vertex -24.70367047465796 -3.3870619735119347 3.1999999999999993
      vertex -24.409596195932437 -3.348346360241507 0
      vertex -24.70367047465796 -3.3870619735119347 0
    endloop
  endfacet
  facet normal -0.2164396139381023 0.9762960071199335 0
    outer loop
      vertex -24.409596195932437 -3.348346360241507 3.1999999999999993
      vertex -24.12001524665143 -3.2841478093828322 0
      vertex -24.409596195932437 -3.348346360241507 0
    endloop
  endfacet
  facet normal -0.30070579950427123 0.9537169507482275 0
    outer loop
      vertex -24.12001524665143 -3.2841478093828322 3.1999999999999993
      vertex -23.837131512692725 -3.1949549106720885 0
      vertex -24.12001524665143 -3.2841478093828322 0
    endloop
  endfacet
  facet normal 0 0 -1
    outer loop
      vertex -23.837131512692725 3.1949549106720885 3.1999999999999993
      vertex -23.563097910081623 3.0814464759246096 3.1999999999999993
      vertex -23.84298230256423 1.3788799976141604 3.1999999999999993
    endloop
  endfacet
  facet normal 0 0 -1
    outer loop
      vertex -23.563097910081623 3.0814464759246096 3.1999999999999993
      vertex -23.3 2.9444863728670914 3.1999999999999993
      vertex -23.525526320279816 1.032437585431883 3.1999999999999993
    endloop
  endfacet
  facet normal -0.38268343236509367 -0.9238795325112851 0
    outer loop
      vertex -23.837131512692725 3.1949549106720885 3.1999999999999993
      vertex -23.837131512692725 3.1949549106720885 0
      vertex -23.563097910081623 3.0814464759246096 3.1999999999999993
    endloop
  endfacet
  facet normal -0.46174861323503236 -0.8870108331782225 0
    outer loop
      vertex -23.563097910081623 3.0814464759246096 3.1999999999999993
      vertex -23.563097910081623 3.0814464759246096 0
      vertex -23.3 2.9444863728670914 3.1999999999999993
    endloop
  endfacet
  facet normal -0.5372996083468226 -0.8433914458128865 0
    outer loop
      vertex -23.3 2.9444863728670914 3.1999999999999993
      vertex -23.3 2.9444863728670914 0
      vertex -23.049840116406443 2.785116950582572 3.1999999999999993
    endloop
  endfacet
  facet normal -0.608761429008724 -0.7933533402912326 0
    outer loop
      vertex -23.049840116406443 2.785116950582572 3.1999999999999993
      vertex -23.049840116406443 2.785116950582572 0
      vertex -22.814522127065768 2.604551106604525 3.1999999999999993
    endloop
  endfacet
  facet normal -0.6755902076156589 -0.7372773368101254 0
    outer loop
      vertex -22.814522127065768 2.604551106604525 3.1999999999999993
      vertex -22.814522127065768 2.604551106604525 0
      vertex -22.59583694396574 2.4041630560342617 3.1999999999999993
    endloop
  endfacet
  facet normal -0.7372773368101232 -0.6755902076156612 0
    outer loop
      vertex -22.59583694396574 2.4041630560342617 3.1999999999999993
      vertex -22.59583694396574 2.4041630560342617 0
      vertex -22.395448893395475 2.1854778729342335 3.1999999999999993
    endloop
  endfacet
  facet normal -0.30070579950427123 -0.9537169507482275 -1.0257814395824494e-18
    outer loop
      vertex -24.12001524665143 3.2841478093828322 0
      vertex -23.837131512692725 3.1949549106720885 0
      vertex -23.837131512692725 3.1949549106720885 3.1999999999999993
    endloop
  endfacet
  facet normal -0.38268343236509367 -0.9238795325112851 0
    outer loop
      vertex -23.563097910081623 3.0814464759246096 3.1999999999999993
      vertex -23.837131512692725 3.1949549106720885 0
      vertex -23.563097910081623 3.0814464759246096 0
    endloop
  endfacet
  facet normal -0.46174861323503236 -0.8870108331782225 0
    outer loop
      vertex -23.3 2.9444863728670914 3.1999999999999993
      vertex -23.563097910081623 3.0814464759246096 0
      vertex -23.3 2.9444863728670914 0
    endloop
  endfacet
  facet normal -0.5372996083468226 -0.8433914458128865 0
    outer loop
      vertex -23.049840116406443 2.785116950582572 3.1999999999999993
      vertex -23.3 2.9444863728670914 0
      vertex -23.049840116406443 2.785116950582572 0
    endloop
  endfacet
  facet normal -0.608761429008724 -0.7933533402912326 0
    outer loop
      vertex -22.814522127065768 2.604551106604525 3.1999999999999993
      vertex -23.049840116406443 2.785116950582572 0
      vertex -22.814522127065768 2.604551106604525 0
    endloop
  endfacet
  facet normal -0.6755902076156589 -0.7372773368101254 0
    outer loop
      vertex -22.59583694396574 2.4041630560342617 3.1999999999999993
      vertex -22.814522127065768 2.604551106604525 0
      vertex -22.59583694396574 2.4041630560342617 0
    endloop
  endfacet
  facet normal -0.7372773368101232 -0.6755902076156612 6.905038778231004e-19
    outer loop
      vertex -22.59583694396574 2.4041630560342617 0
      vertex -22.395448893395475 2.1854778729342335 0
      vertex -22.395448893395475 2.1854778729342335 3.1999999999999993
    endloop
  endfacet
  facet normal 0 0 -1
    outer loop
      vertex -24.1 1.5588457268119895 3.1999999999999993
      vertex -23.837131512692725 3.1949549106720885 3.1999999999999993
      vertex -23.967562414568118 1.4744736797201852 3.1999999999999993
    endloop
  endfacet
  facet normal 0 0 -1
    outer loop
      vertex -23.837131512692725 3.1949549106720885 3.1999999999999993
      vertex -23.84298230256423 1.3788799976141604 3.1999999999999993
      vertex -23.967562414568118 1.4744736797201852 3.1999999999999993
    endloop
  endfacet
  facet normal 0 0 -1
    outer loop
      vertex -23.563097910081623 3.0814464759246096 3.1999999999999993
      vertex -23.727207793864213 1.2727922061357857 3.1999999999999993
      vertex -23.84298230256423 1.3788799976141604 3.1999999999999993
    endloop
  endfacet
  facet normal 0 0 -1
    outer loop
      vertex -23.563097910081623 3.0814464759246096 3.1999999999999993
      vertex -23.62112000238584 1.1570176974357707 3.1999999999999993
      vertex -23.727207793864213 1.2727922061357857 3.1999999999999993
    endloop
  endfacet
  facet normal 0 0 -1
    outer loop
      vertex -23.563097910081623 3.0814464759246096 3.1999999999999993
      vertex -23.525526320279816 1.032437585431883 3.1999999999999993
      vertex -23.62112000238584 1.1570176974357707 3.1999999999999993
    endloop
  endfacet
  facet normal 0 0 -1
    outer loop
      vertex -23.3 2.9444863728670914 3.1999999999999993
      vertex -23.441154273188012 0.9 3.1999999999999993
      vertex -23.525526320279816 1.032437585431883 3.1999999999999993
    endloop
  endfacet
  facet normal 0 0 -1
    outer loop
      vertex -23.3 2.9444863728670914 3.1999999999999993
      vertex -23.36864598333403 0.760712871133259 3.1999999999999993
      vertex -23.441154273188012 0.9 3.1999999999999993
    endloop
  endfacet
  facet normal 0 0 -1
    outer loop
      vertex -23.3 2.9444863728670914 3.1999999999999993
      vertex -23.308553282585365 0.6156362579862037 3.1999999999999993
      vertex -23.36864598333403 0.760712871133259 3.1999999999999993
    endloop
  endfacet
  facet normal 0 0 -1
    outer loop
      vertex -23.3 2.9444863728670914 3.1999999999999993
      vertex -23.261333512679677 0.46587428118453733 3.1999999999999993
      vertex -23.308553282585365 0.6156362579862037 3.1999999999999993
    endloop
  endfacet
  facet normal 0 0 -1
    outer loop
      vertex -23.3 2.9444863728670914 3.1999999999999993
      vertex -23.227346044578027 0.3125667198004746 3.1999999999999993
      vertex -23.261333512679677 0.46587428118453733 3.1999999999999993
    endloop
  endfacet
  facet normal 0 0 -1
    outer loop
      vertex -23.3 2.9444863728670914 3.1999999999999993
      vertex -23.206849543434856 0.1568803369457847 3.1999999999999993
      vertex -23.227346044578027 0.3125667198004746 3.1999999999999993
    endloop
  endfacet
  facet normal 0 0 -1
    outer loop
      vertex -23.3 2.9444863728670914 3.1999999999999993
      vertex -23.049840116406443 2.785116950582572 3.1999999999999993
      vertex -23.049840116406443 -2.785116950582572 3.1999999999999993
    endloop
  endfacet
  facet normal 0 0 -1
    outer loop
      vertex -23.049840116406443 2.785116950582572 3.1999999999999993
      vertex -22.814522127065768 2.604551106604525 3.1999999999999993
      vertex -22.814522127065768 -2.604551106604525 3.1999999999999993
    endloop
  endfacet
  facet normal 0 0 -1
    outer loop
      vertex -22.814522127065768 2.604551106604525 3.1999999999999993
      vertex -22.59583694396574 2.4041630560342617 3.1999999999999993
      vertex -22.59583694396574 -2.4041630560342617 3.1999999999999993
    endloop
  endfacet
  facet normal 0 0 -1
    outer loop
      vertex -22.59583694396574 2.4041630560342617 3.1999999999999993
      vertex -22.395448893395475 2.1854778729342335 3.1999999999999993
      vertex -22.395448893395475 -2.1854778729342335 3.1999999999999993
    endloop
  endfacet
  facet normal 0 0 -1
    outer loop
      vertex -22.395448893395475 2.1854778729342335 3.1999999999999993
      vertex -22.214883049417427 1.9501598835935565 3.1999999999999993
      vertex -22.214883049417427 -1.9501598835935565 3.1999999999999993
    endloop
  endfacet
  facet normal -0.7933533402912332 -0.6087614290087233 0
    outer loop
      vertex -22.395448893395475 2.1854778729342335 3.1999999999999993
      vertex -22.395448893395475 2.1854778729342335 0
      vertex -22.214883049417427 1.9501598835935565 3.1999999999999993
    endloop
  endfacet
  facet normal -0.8433914458128897 -0.5372996083468174 0
    outer loop
      vertex -22.214883049417427 1.9501598835935565 3.1999999999999993
      vertex -22.214883049417427 1.9501598835935565 0
      vertex -22.05551362713291 1.7 3.1999999999999993
    endloop
  endfacet
  facet normal -0.887010833178222 -0.46174861323503325 0
    outer loop
      vertex -22.05551362713291 1.7 3.1999999999999993
      vertex -22.05551362713291 1.7 0
      vertex -21.918553524075392 1.436902089918378 3.1999999999999993
    endloop
  endfacet
  facet normal 0 0 -1
    outer loop
      vertex -23.3 2.9444863728670914 3.1999999999999993
      vertex -23.049840116406443 -2.785116950582572 3.1999999999999993
      vertex -23.206849543434856 0.1568803369457847 3.1999999999999993
    endloop
  endfacet
  facet normal 0 0 -1
    outer loop
      vertex -22.214883049417427 1.9501598835935565 3.1999999999999993
      vertex -22.05551362713291 1.7 3.1999999999999993
      vertex -22.05551362713291 -1.7 3.1999999999999993
    endloop
  endfacet
  facet normal 0 0 -1
    outer loop
      vertex -23.049840116406443 2.785116950582572 3.1999999999999993
      vertex -22.814522127065768 -2.604551106604525 3.1999999999999993
      vertex -23.049840116406443 -2.785116950582572 3.1999999999999993
    endloop
  endfacet
  facet normal 0 0 -1
    outer loop
      vertex -22.814522127065768 2.604551106604525 3.1999999999999993
      vertex -22.59583694396574 -2.4041630560342617 3.1999999999999993
      vertex -22.814522127065768 -2.604551106604525 3.1999999999999993
    endloop
  endfacet
  facet normal 0 0 -1
    outer loop
      vertex -22.59583694396574 2.4041630560342617 3.1999999999999993
      vertex -22.395448893395475 -2.1854778729342335 3.1999999999999993
      vertex -22.59583694396574 -2.4041630560342617 3.1999999999999993
    endloop
  endfacet
  facet normal 0 0 -1
    outer loop
      vertex -22.05551362713291 1.7 3.1999999999999993
      vertex -21.918553524075392 -1.436902089918378 3.1999999999999993
      vertex -22.05551362713291 -1.7 3.1999999999999993
    endloop
  endfacet
  facet normal 0 0 -1
    outer loop
      vertex -22.395448893395475 2.1854778729342335 3.1999999999999993
      vertex -22.214883049417427 -1.9501598835935565 3.1999999999999993
      vertex -22.395448893395475 -2.1854778729342335 3.1999999999999993
    endloop
  endfacet
  facet normal 0 0 -1
    outer loop
      vertex -22.214883049417427 1.9501598835935565 3.1999999999999993
      vertex -22.05551362713291 -1.7 3.1999999999999993
      vertex -22.214883049417427 -1.9501598835935565 3.1999999999999993
    endloop
  endfacet
  facet normal -0.9238795325112849 -0.38268343236509433 0
    outer loop
      vertex -21.918553524075392 1.436902089918378 3.1999999999999993
      vertex -21.918553524075392 1.436902089918378 0
      vertex -21.805045089327912 1.1628684873072737 3.1999999999999993
    endloop
  endfacet
  facet normal -0.9537169507482252 -0.30070579950427884 0
    outer loop
      vertex -21.805045089327912 1.1628684873072737 3.1999999999999993
      vertex -21.805045089327912 1.1628684873072737 0
      vertex -21.715852190617166 0.8799847533485705 3.1999999999999993
    endloop
  endfacet
  facet normal -0.9762960071199346 -0.21643961393809746 0
    outer loop
      vertex -21.715852190617166 0.8799847533485705 3.1999999999999993
      vertex -21.715852190617166 0.8799847533485705 0
      vertex -21.651653639758493 0.5904038040675631 3.1999999999999993
    endloop
  endfacet
  facet normal 0 0 -1
    outer loop
      vertex -22.05551362713291 1.7 3.1999999999999993
      vertex -21.918553524075392 1.436902089918378 3.1999999999999993
      vertex -21.918553524075392 -1.436902089918378 3.1999999999999993
    endloop
  endfacet
  facet normal 0 0 -1
    outer loop
      vertex -21.918553524075392 1.436902089918378 3.1999999999999993
      vertex -21.805045089327912 1.1628684873072737 3.1999999999999993
      vertex -21.805045089327912 -1.1628684873072737 3.1999999999999993
    endloop
  endfacet
  facet normal 0 0 -1
    outer loop
      vertex -21.805045089327912 1.1628684873072737 3.1999999999999993
      vertex -21.715852190617166 0.8799847533485705 3.1999999999999993
      vertex -21.715852190617166 -0.8799847533485705 3.1999999999999993
    endloop
  endfacet
  facet normal 0 0 -1
    outer loop
      vertex -21.715852190617166 0.8799847533485705 3.1999999999999993
      vertex -21.651653639758493 0.5904038040675631 3.1999999999999993
      vertex -21.651653639758493 -0.5904038040675631 3.1999999999999993
    endloop
  endfacet
  facet normal 0 0 -1
    outer loop
      vertex -21.651653639758493 0.5904038040675631 3.1999999999999993
      vertex -21.612938026488067 0.29632952534203777 3.1999999999999993
      vertex -21.612938026488067 -0.29632952534203777 3.1999999999999993
    endloop
  endfacet
  facet normal 0 0 -1
    outer loop
      vertex -21.612938026488067 0.29632952534203777 3.1999999999999993
      vertex -21.6 0 3.1999999999999993
      vertex -21.612938026488067 -0.29632952534203777 3.1999999999999993
    endloop
  endfacet
  facet normal 0 0 -1
    outer loop
      vertex -21.918553524075392 1.436902089918378 3.1999999999999993
      vertex -21.805045089327912 -1.1628684873072737 3.1999999999999993
      vertex -21.918553524075392 -1.436902089918378 3.1999999999999993
    endloop
  endfacet
  facet normal 0 0 -1
    outer loop
      vertex -21.805045089327912 1.1628684873072737 3.1999999999999993
      vertex -21.715852190617166 -0.8799847533485705 3.1999999999999993
      vertex -21.805045089327912 -1.1628684873072737 3.1999999999999993
    endloop
  endfacet
  facet normal 0 0 -1
    outer loop
      vertex -21.651653639758493 0.5904038040675631 3.1999999999999993
      vertex -21.612938026488067 -0.29632952534203777 3.1999999999999993
      vertex -21.651653639758493 -0.5904038040675631 3.1999999999999993
    endloop
  endfacet
  facet normal 0 0 -1
    outer loop
      vertex -21.715852190617166 0.8799847533485705 3.1999999999999993
      vertex -21.651653639758493 -0.5904038040675631 3.1999999999999993
      vertex -21.715852190617166 -0.8799847533485705 3.1999999999999993
    endloop
  endfacet
  facet normal -0.9914448613738109 -0.13052619222004785 0
    outer loop
      vertex -21.651653639758493 0.5904038040675631 3.1999999999999993
      vertex -21.651653639758493 0.5904038040675631 0
      vertex -21.612938026488067 0.29632952534203777 3.1999999999999993
    endloop
  endfacet
  facet normal -0.9990482215818578 -0.04361938736533601 0
    outer loop
      vertex -21.612938026488067 0.29632952534203777 3.1999999999999993
      vertex -21.612938026488067 0.29632952534203777 0
      vertex -21.6 0 3.1999999999999993
    endloop
  endfacet
  facet normal -0.9990482215818578 0.04361938736533601 0
    outer loop
      vertex -21.6 0 3.1999999999999993
      vertex -21.6 0 0
      vertex -21.612938026488067 -0.29632952534203777 3.1999999999999993
    endloop
  endfacet
  facet normal -0.9914448613738109 0.13052619222004785 0
    outer loop
      vertex -21.612938026488067 -0.29632952534203777 3.1999999999999993
      vertex -21.612938026488067 -0.29632952534203777 0
      vertex -21.651653639758493 -0.5904038040675631 3.1999999999999993
    endloop
  endfacet
  facet normal -0.9762960071199346 0.21643961393809746 0
    outer loop
      vertex -21.651653639758493 -0.5904038040675631 3.1999999999999993
      vertex -21.651653639758493 -0.5904038040675631 0
      vertex -21.715852190617166 -0.8799847533485705 3.1999999999999993
    endloop
  endfacet
  facet normal -0.7933533402912332 -0.6087614290087233 0
    outer loop
      vertex -22.214883049417427 1.9501598835935565 3.1999999999999993
      vertex -22.395448893395475 2.1854778729342335 0
      vertex -22.214883049417427 1.9501598835935565 0
    endloop
  endfacet
  facet normal -0.8433914458128897 -0.5372996083468174 0
    outer loop
      vertex -22.05551362713291 1.7 3.1999999999999993
      vertex -22.214883049417427 1.9501598835935565 0
      vertex -22.05551362713291 1.7 0
    endloop
  endfacet
  facet normal -0.887010833178222 -0.46174861323503325 0
    outer loop
      vertex -21.918553524075392 1.436902089918378 3.1999999999999993
      vertex -22.05551362713291 1.7 0
      vertex -21.918553524075392 1.436902089918378 0
    endloop
  endfacet
  facet normal -0.9238795325112849 -0.38268343236509433 0
    outer loop
      vertex -21.805045089327912 1.1628684873072737 3.1999999999999993
      vertex -21.918553524075392 1.436902089918378 0
      vertex -21.805045089327912 1.1628684873072737 0
    endloop
  endfacet
  facet normal -0.9537169507482252 -0.30070579950427884 0
    outer loop
      vertex -21.715852190617166 0.8799847533485705 3.1999999999999993
      vertex -21.805045089327912 1.1628684873072737 0
      vertex -21.715852190617166 0.8799847533485705 0
    endloop
  endfacet
  facet normal -0.9762960071199346 -0.21643961393809746 0
    outer loop
      vertex -21.651653639758493 0.5904038040675631 3.1999999999999993
      vertex -21.715852190617166 0.8799847533485705 0
      vertex -21.651653639758493 0.5904038040675631 0
    endloop
  endfacet
  facet normal -0.9914448613738109 -0.13052619222004785 0
    outer loop
      vertex -21.612938026488067 0.29632952534203777 3.1999999999999993
      vertex -21.651653639758493 0.5904038040675631 0
      vertex -21.612938026488067 0.29632952534203777 0
    endloop
  endfacet
  facet normal -0.9990482215818578 -0.04361938736533601 0
    outer loop
      vertex -21.6 0 3.1999999999999993
      vertex -21.612938026488067 0.29632952534203777 0
      vertex -21.6 0 0
    endloop
  endfacet
  facet normal -0.9990482215818578 0.04361938736533601 0
    outer loop
      vertex -21.612938026488067 -0.29632952534203777 3.1999999999999993
      vertex -21.6 0 0
      vertex -21.612938026488067 -0.29632952534203777 0
    endloop
  endfacet
  facet normal -0.9914448613738109 0.13052619222004785 0
    outer loop
      vertex -21.651653639758493 -0.5904038040675631 3.1999999999999993
      vertex -21.612938026488067 -0.29632952534203777 0
      vertex -21.651653639758493 -0.5904038040675631 0
    endloop
  endfacet
  facet normal -0.9762960071199346 0.21643961393809746 9.519251159230038e-19
    outer loop
      vertex -21.651653639758493 -0.5904038040675631 0
      vertex -21.715852190617166 -0.8799847533485705 0
      vertex -21.715852190617166 -0.8799847533485705 3.1999999999999993
    endloop
  endfacet
  facet normal 0 0 -1
    outer loop
      vertex -23.206849543434856 0.1568803369457847 3.1999999999999993
      vertex -23.049840116406443 -2.785116950582572 3.1999999999999993
      vertex -23.2 0 3.1999999999999993
    endloop
  endfacet
  facet normal 0 0 -1
    outer loop
      vertex -23.2 0 3.1999999999999993
      vertex -23.049840116406443 -2.785116950582572 3.1999999999999993
      vertex -23.206849543434856 -0.1568803369457847 3.1999999999999993
    endloop
  endfacet
  facet normal 0 0 -1
    outer loop
      vertex -23.206849543434856 -0.1568803369457847 3.1999999999999993
      vertex -23.049840116406443 -2.785116950582572 3.1999999999999993
      vertex -23.227346044578027 -0.3125667198004746 3.1999999999999993
    endloop
  endfacet
  facet normal 0 0 -1
    outer loop
      vertex -23.261333512679677 -0.46587428118453733 3.1999999999999993
      vertex -23.227346044578027 -0.3125667198004746 3.1999999999999993
      vertex -23.049840116406443 -2.785116950582572 3.1999999999999993
    endloop
  endfacet
  facet normal 0 0 -1
    outer loop
      vertex -23.261333512679677 -0.46587428118453733 3.1999999999999993
      vertex -23.3 -2.9444863728670914 3.1999999999999993
      vertex -23.308553282585365 -0.6156362579862037 3.1999999999999993
    endloop
  endfacet
  facet normal 0 0 -1
    outer loop
      vertex -23.308553282585365 -0.6156362579862037 3.1999999999999993
      vertex -23.3 -2.9444863728670914 3.1999999999999993
      vertex -23.36864598333403 -0.760712871133259 3.1999999999999993
    endloop
  endfacet
  facet normal 0 0 -1
    outer loop
      vertex -23.525526320279816 -1.032437585431883 3.1999999999999993
      vertex -23.441154273188012 -0.9 3.1999999999999993
      vertex -23.3 -2.9444863728670914 3.1999999999999993
    endloop
  endfacet
  facet normal 0 0 -1
    outer loop
      vertex -23.36864598333403 -0.760712871133259 3.1999999999999993
      vertex -23.3 -2.9444863728670914 3.1999999999999993
      vertex -23.441154273188012 -0.9 3.1999999999999993
    endloop
  endfacet
  facet normal 0 0 -1
    outer loop
      vertex -23.84298230256423 -1.3788799976141604 3.1999999999999993
      vertex -23.837131512692725 -3.1949549106720885 3.1999999999999993
      vertex -23.967562414568118 -1.4744736797201852 3.1999999999999993
    endloop
  endfacet
  facet normal 0 0 -1
    outer loop
      vertex -23.84298230256423 -1.3788799976141604 3.1999999999999993
      vertex -23.727207793864213 -1.2727922061357857 3.1999999999999993
      vertex -23.837131512692725 -3.1949549106720885 3.1999999999999993
    endloop
  endfacet
  facet normal 0 0 -1
    outer loop
      vertex -23.62112000238584 -1.1570176974357707 3.1999999999999993
      vertex -23.563097910081623 -3.0814464759246096 3.1999999999999993
      vertex -23.727207793864213 -1.2727922061357857 3.1999999999999993
    endloop
  endfacet
  facet normal 0 0 -1
    outer loop
      vertex -23.525526320279816 -1.032437585431883 3.1999999999999993
      vertex -23.563097910081623 -3.0814464759246096 3.1999999999999993
      vertex -23.62112000238584 -1.1570176974357707 3.1999999999999993
    endloop
  endfacet
  facet normal 0 0 -1
    outer loop
      vertex -24.1 -1.5588457268119895 3.1999999999999993
      vertex -23.967562414568118 -1.4744736797201852 3.1999999999999993
      vertex -23.837131512692725 -3.1949549106720885 3.1999999999999993
    endloop
  endfacet
  facet normal 0 0 -1
    outer loop
      vertex -23.525526320279816 -1.032437585431883 3.1999999999999993
      vertex -23.3 -2.9444863728670914 3.1999999999999993
      vertex -23.563097910081623 -3.0814464759246096 3.1999999999999993
    endloop
  endfacet
  facet normal 0 0 -1
    outer loop
      vertex -23.261333512679677 -0.46587428118453733 3.1999999999999993
      vertex -23.049840116406443 -2.785116950582572 3.1999999999999993
      vertex -23.3 -2.9444863728670914 3.1999999999999993
    endloop
  endfacet
  facet normal -0.7933533402912332 0.6087614290087233 0
    outer loop
      vertex -22.214883049417427 -1.9501598835935565 3.1999999999999993
      vertex -22.214883049417427 -1.9501598835935565 0
      vertex -22.395448893395475 -2.1854778729342335 3.1999999999999993
    endloop
  endfacet
  facet normal -0.8433914458128897 0.5372996083468174 0
    outer loop
      vertex -22.05551362713291 -1.7 3.1999999999999993
      vertex -22.05551362713291 -1.7 0
      vertex -22.214883049417427 -1.9501598835935565 3.1999999999999993
    endloop
  endfacet
  facet normal -0.7372773368101232 0.6755902076156612 -6.905038778231004e-19
    outer loop
      vertex -22.59583694396574 -2.4041630560342617 3.1999999999999993
      vertex -22.395448893395475 -2.1854778729342335 3.1999999999999993
      vertex -22.395448893395475 -2.1854778729342335 0
    endloop
  endfacet
  facet normal 0 0 -1
    outer loop
      vertex -23.727207793864213 -1.2727922061357857 3.1999999999999993
      vertex -23.563097910081623 -3.0814464759246096 3.1999999999999993
      vertex -23.837131512692725 -3.1949549106720885 3.1999999999999993
    endloop
  endfacet
  facet normal -0.38268343236509367 0.9238795325112851 -1.2342593961979296e-18
    outer loop
      vertex -23.837131512692725 -3.1949549106720885 3.1999999999999993
      vertex -23.563097910081623 -3.0814464759246096 3.1999999999999993
      vertex -23.563097910081623 -3.0814464759246096 0
    endloop
  endfacet
  facet normal -0.46174861323503236 0.8870108331782225 -3.3690912535092517e-18
    outer loop
      vertex -23.563097910081623 -3.0814464759246096 3.1999999999999993
      vertex -23.3 -2.9444863728670914 3.1999999999999993
      vertex -23.3 -2.9444863728670914 0
    endloop
  endfacet
  facet normal -0.5372996083468226 0.8433914458128865 0
    outer loop
      vertex -23.049840116406443 -2.785116950582572 3.1999999999999993
      vertex -23.049840116406443 -2.785116950582572 0
      vertex -23.3 -2.9444863728670914 3.1999999999999993
    endloop
  endfacet
  facet normal -0.30070579950427123 0.9537169507482275 1.0257814395824494e-18
    outer loop
      vertex -24.12001524665143 -3.2841478093828322 3.1999999999999993
      vertex -23.837131512692725 -3.1949549106720885 3.1999999999999993
      vertex -23.837131512692725 -3.1949549106720885 0
    endloop
  endfacet
  facet normal -0.608761429008724 0.7933533402912326 -2.4688559797238873e-18
    outer loop
      vertex -23.049840116406443 -2.785116950582572 3.1999999999999993
      vertex -22.814522127065768 -2.604551106604525 3.1999999999999993
      vertex -22.814522127065768 -2.604551106604525 0
    endloop
  endfacet
  facet normal -0.6755902076156589 0.7372773368101254 0
    outer loop
      vertex -22.59583694396574 -2.4041630560342617 3.1999999999999993
      vertex -22.59583694396574 -2.4041630560342617 0
      vertex -22.814522127065768 -2.604551106604525 3.1999999999999993
    endloop
  endfacet
  facet normal -0.9238795325112849 0.38268343236509433 0
    outer loop
      vertex -21.805045089327912 -1.1628684873072737 3.1999999999999993
      vertex -21.805045089327912 -1.1628684873072737 0
      vertex -21.918553524075392 -1.436902089918378 3.1999999999999993
    endloop
  endfacet
  facet normal -0.9537169507482252 0.30070579950427884 1.229856132263821e-19
    outer loop
      vertex -21.805045089327912 -1.1628684873072737 3.1999999999999993
      vertex -21.715852190617166 -0.8799847533485705 3.1999999999999993
      vertex -21.715852190617166 -0.8799847533485705 0
    endloop
  endfacet
  facet normal -0.887010833178222 0.46174861323503325 2.858280320410056e-18
    outer loop
      vertex -22.05551362713291 -1.7 3.1999999999999993
      vertex -21.918553524075392 -1.436902089918378 3.1999999999999993
      vertex -21.918553524075392 -1.436902089918378 0
    endloop
  endfacet
  facet normal -0.887010833178222 0.46174861323503325 0
    outer loop
      vertex -22.05551362713291 -1.7 3.1999999999999993
      vertex -21.918553524075392 -1.436902089918378 0
      vertex -22.05551362713291 -1.7 0
    endloop
  endfacet
  facet normal -0.7372773368101232 0.6755902076156612 0
    outer loop
      vertex -22.59583694396574 -2.4041630560342617 3.1999999999999993
      vertex -22.395448893395475 -2.1854778729342335 0
      vertex -22.59583694396574 -2.4041630560342617 0
    endloop
  endfacet
  facet normal -0.8433914458128897 0.5372996083468174 0
    outer loop
      vertex -22.214883049417427 -1.9501598835935565 3.1999999999999993
      vertex -22.05551362713291 -1.7 0
      vertex -22.214883049417427 -1.9501598835935565 0
    endloop
  endfacet
  facet normal -0.7933533402912332 0.6087614290087233 0
    outer loop
      vertex -22.395448893395475 -2.1854778729342335 3.1999999999999993
      vertex -22.214883049417427 -1.9501598835935565 0
      vertex -22.395448893395475 -2.1854778729342335 0
    endloop
  endfacet
  facet normal -0.38268343236509367 0.9238795325112851 0
    outer loop
      vertex -23.837131512692725 -3.1949549106720885 3.1999999999999993
      vertex -23.563097910081623 -3.0814464759246096 0
      vertex -23.837131512692725 -3.1949549106720885 0
    endloop
  endfacet
  facet normal -0.46174861323503236 0.8870108331782225 0
    outer loop
      vertex -23.563097910081623 -3.0814464759246096 3.1999999999999993
      vertex -23.3 -2.9444863728670914 0
      vertex -23.563097910081623 -3.0814464759246096 0
    endloop
  endfacet
  facet normal -0.5372996083468226 0.8433914458128865 0
    outer loop
      vertex -23.3 -2.9444863728670914 3.1999999999999993
      vertex -23.049840116406443 -2.785116950582572 0
      vertex -23.3 -2.9444863728670914 0
    endloop
  endfacet
  facet normal -0.608761429008724 0.7933533402912326 0
    outer loop
      vertex -23.049840116406443 -2.785116950582572 3.1999999999999993
      vertex -22.814522127065768 -2.604551106604525 0
      vertex -23.049840116406443 -2.785116950582572 0
    endloop
  endfacet
  facet normal -0.6755902076156589 0.7372773368101254 0
    outer loop
      vertex -22.814522127065768 -2.604551106604525 3.1999999999999993
      vertex -22.59583694396574 -2.4041630560342617 0
      vertex -22.814522127065768 -2.604551106604525 0
    endloop
  endfacet
  facet normal -0.9537169507482252 0.30070579950427884 0
    outer loop
      vertex -21.805045089327912 -1.1628684873072737 3.1999999999999993
      vertex -21.715852190617166 -0.8799847533485705 0
      vertex -21.805045089327912 -1.1628684873072737 0
    endloop
  endfacet
  facet normal -0.9238795325112849 0.38268343236509433 0
    outer loop
      vertex -21.918553524075392 -1.436902089918378 3.1999999999999993
      vertex -21.805045089327912 -1.1628684873072737 0
      vertex -21.918553524075392 -1.436902089918378 0
    endloop
  endfacet
  facet normal 0.8433914458128858 -0.5372996083468238 0
    outer loop
      vertex 23.441154273188012 0.9 8
      vertex 23.441154273188012 0.9 3.1999999999999993
      vertex 23.525526320279816 1.032437585431883 8
    endloop
  endfacet
  facet normal 0.8870108331782182 -0.46174861323504085 -4.419024393111233e-19
    outer loop
      vertex 23.441154273188012 0.9 8
      vertex 23.36864598333403 0.760712871133259 8
      vertex 23.36864598333403 0.760712871133259 3.1999999999999993
    endloop
  endfacet
  facet normal 0.7372773368101306 -0.6755902076156531 0
    outer loop
      vertex 23.62112000238584 1.1570176974357707 8
      vertex 23.62112000238584 1.1570176974357707 3.1999999999999993
      vertex 23.727207793864213 1.2727922061357857 8
    endloop
  endfacet
  facet normal 0.6755902076156514 -0.7372773368101322 0
    outer loop
      vertex 23.727207793864213 1.2727922061357857 8
      vertex 23.727207793864213 1.2727922061357857 3.1999999999999993
      vertex 23.84298230256423 1.3788799976141604 8
    endloop
  endfacet
  facet normal 0.6087614290087235 -0.7933533402912331 1.4179208047089053e-19
    outer loop
      vertex 23.967562414568118 1.4744736797201852 8
      vertex 23.84298230256423 1.3788799976141604 8
      vertex 23.84298230256423 1.3788799976141604 3.1999999999999993
    endloop
  endfacet
  facet normal 0.7933533402912366 -0.6087614290087187 -1.5921620048645308e-19
    outer loop
      vertex 23.62112000238584 1.1570176974357707 8
      vertex 23.525526320279816 1.032437585431883 8
      vertex 23.525526320279816 1.032437585431883 3.1999999999999993
    endloop
  endfacet
  facet normal 0.976296007119936 -0.21643961393809116 0
    outer loop
      vertex 23.227346044578027 0.3125667198004746 8
      vertex 23.227346044578027 0.3125667198004746 3.1999999999999993
      vertex 23.261333512679677 0.46587428118453733 8
    endloop
  endfacet
  facet normal 0.9238795325112864 -0.3826834323650907 7.786631857484841e-19
    outer loop
      vertex 23.36864598333403 0.760712871133259 8
      vertex 23.308553282585365 0.6156362579862037 8
      vertex 23.308553282585365 0.6156362579862037 3.1999999999999993
    endloop
  endfacet
  facet normal 0.953716950748227 -0.3007057995042728 5.575360695395074e-19
    outer loop
      vertex 23.308553282585365 0.6156362579862037 8
      vertex 23.261333512679677 0.46587428118453733 8
      vertex 23.261333512679677 0.46587428118453733 3.1999999999999993
    endloop
  endfacet
  facet normal 0.9914448613738074 -0.130526192220074 -6.100767347240497e-20
    outer loop
      vertex 23.227346044578027 0.3125667198004746 8
      vertex 23.206849543434856 0.1568803369457847 8
      vertex 23.206849543434856 0.1568803369457847 3.1999999999999993
    endloop
  endfacet
  facet normal 0.9990482215818581 -0.043619387365329367 8.111277926664845e-20
    outer loop
      vertex 23.206849543434856 0.1568803369457847 8
      vertex 23.2 0 8
      vertex 23.2 0 3.1999999999999993
    endloop
  endfacet
  facet normal 0.9990482215818581 0.043619387365329367 -8.111277926664845e-20
    outer loop
      vertex 23.2 0 8
      vertex 23.206849543434856 -0.1568803369457847 8
      vertex 23.206849543434856 -0.1568803369457847 3.1999999999999993
    endloop
  endfacet
  facet normal 0.9914448613738074 0.130526192220074 6.100767347240497e-20
    outer loop
      vertex 23.206849543434856 -0.1568803369457847 8
      vertex 23.227346044578027 -0.3125667198004746 8
      vertex 23.227346044578027 -0.3125667198004746 3.1999999999999993
    endloop
  endfacet
  facet normal 0.976296007119936 0.21643961393809116 -4.344062991611582e-19
    outer loop
      vertex 23.227346044578027 -0.3125667198004746 8
      vertex 23.261333512679677 -0.46587428118453733 8
      vertex 23.261333512679677 -0.46587428118453733 3.1999999999999993
    endloop
  endfacet
  facet normal 0.953716950748227 0.3007057995042728 -5.575360695395074e-19
    outer loop
      vertex 23.261333512679677 -0.46587428118453733 8
      vertex 23.308553282585365 -0.6156362579862037 8
      vertex 23.308553282585365 -0.6156362579862037 3.1999999999999993
    endloop
  endfacet
  facet normal 0.9238795325112864 0.3826834323650907 -7.786631857484841e-19
    outer loop
      vertex 23.308553282585365 -0.6156362579862037 8
      vertex 23.36864598333403 -0.760712871133259 8
      vertex 23.36864598333403 -0.760712871133259 3.1999999999999993
    endloop
  endfacet
  facet normal 0.8870108331782182 0.46174861323504085 4.419024393111233e-19
    outer loop
      vertex 23.36864598333403 -0.760712871133259 8
      vertex 23.441154273188012 -0.9 8
      vertex 23.441154273188012 -0.9 3.1999999999999993
    endloop
  endfacet
  facet normal 0.8433914458128858 -0.5372996083468238 0
    outer loop
      vertex 23.525526320279816 1.032437585431883 8
      vertex 23.441154273188012 0.9 3.1999999999999993
      vertex 23.525526320279816 1.032437585431883 3.1999999999999993
    endloop
  endfacet
  facet normal 0.9238795325112864 -0.3826834323650907 0
    outer loop
      vertex 23.36864598333403 0.760712871133259 8
      vertex 23.308553282585365 0.6156362579862037 3.1999999999999993
      vertex 23.36864598333403 0.760712871133259 3.1999999999999993
    endloop
  endfacet
  facet normal 0.8870108331782182 -0.46174861323504085 0
    outer loop
      vertex 23.441154273188012 0.9 8
      vertex 23.36864598333403 0.760712871133259 3.1999999999999993
      vertex 23.441154273188012 0.9 3.1999999999999993
    endloop
  endfacet
  facet normal 0.7933533402912366 -0.6087614290087187 0
    outer loop
      vertex 23.62112000238584 1.1570176974357707 8
      vertex 23.525526320279816 1.032437585431883 3.1999999999999993
      vertex 23.62112000238584 1.1570176974357707 3.1999999999999993
    endloop
  endfacet
  facet normal 0.7372773368101306 -0.6755902076156531 0
    outer loop
      vertex 23.727207793864213 1.2727922061357857 8
      vertex 23.62112000238584 1.1570176974357707 3.1999999999999993
      vertex 23.727207793864213 1.2727922061357857 3.1999999999999993
    endloop
  endfacet
  facet normal 0.6755902076156514 -0.7372773368101322 0
    outer loop
      vertex 23.84298230256423 1.3788799976141604 8
      vertex 23.727207793864213 1.2727922061357857 3.1999999999999993
      vertex 23.84298230256423 1.3788799976141604 3.1999999999999993
    endloop
  endfacet
  facet normal 0.6087614290087235 -0.7933533402912331 0
    outer loop
      vertex 23.967562414568118 1.4744736797201852 8
      vertex 23.84298230256423 1.3788799976141604 3.1999999999999993
      vertex 23.967562414568118 1.4744736797201852 3.1999999999999993
    endloop
  endfacet
  facet normal 0.953716950748227 -0.3007057995042728 0
    outer loop
      vertex 23.308553282585365 0.6156362579862037 8
      vertex 23.261333512679677 0.46587428118453733 3.1999999999999993
      vertex 23.308553282585365 0.6156362579862037 3.1999999999999993
    endloop
  endfacet
  facet normal 0.976296007119936 -0.21643961393809116 0
    outer loop
      vertex 23.261333512679677 0.46587428118453733 8
      vertex 23.227346044578027 0.3125667198004746 3.1999999999999993
      vertex 23.261333512679677 0.46587428118453733 3.1999999999999993
    endloop
  endfacet
  facet normal 0.9914448613738074 -0.130526192220074 0
    outer loop
      vertex 23.227346044578027 0.3125667198004746 8
      vertex 23.206849543434856 0.1568803369457847 3.1999999999999993
      vertex 23.227346044578027 0.3125667198004746 3.1999999999999993
    endloop
  endfacet
  facet normal 0.9990482215818581 -0.043619387365329367 0
    outer loop
      vertex 23.206849543434856 0.1568803369457847 8
      vertex 23.2 0 3.1999999999999993
      vertex 23.206849543434856 0.1568803369457847 3.1999999999999993
    endloop
  endfacet
  facet normal 0.9990482215818581 0.043619387365329367 0
    outer loop
      vertex 23.2 0 8
      vertex 23.206849543434856 -0.1568803369457847 3.1999999999999993
      vertex 23.2 0 3.1999999999999993
    endloop
  endfacet
  facet normal 0.9914448613738074 0.130526192220074 0
    outer loop
      vertex 23.206849543434856 -0.1568803369457847 8
      vertex 23.227346044578027 -0.3125667198004746 3.1999999999999993
      vertex 23.206849543434856 -0.1568803369457847 3.1999999999999993
    endloop
  endfacet
  facet normal 0.976296007119936 0.21643961393809116 0
    outer loop
      vertex 23.227346044578027 -0.3125667198004746 8
      vertex 23.261333512679677 -0.46587428118453733 3.1999999999999993
      vertex 23.227346044578027 -0.3125667198004746 3.1999999999999993
    endloop
  endfacet
  facet normal 0.953716950748227 0.3007057995042728 0
    outer loop
      vertex 23.261333512679677 -0.46587428118453733 8
      vertex 23.308553282585365 -0.6156362579862037 3.1999999999999993
      vertex 23.261333512679677 -0.46587428118453733 3.1999999999999993
    endloop
  endfacet
  facet normal 0.9238795325112864 0.3826834323650907 0
    outer loop
      vertex 23.308553282585365 -0.6156362579862037 8
      vertex 23.36864598333403 -0.760712871133259 3.1999999999999993
      vertex 23.308553282585365 -0.6156362579862037 3.1999999999999993
    endloop
  endfacet
  facet normal 0.8870108331782182 0.46174861323504085 0
    outer loop
      vertex 23.36864598333403 -0.760712871133259 8
      vertex 23.441154273188012 -0.9 3.1999999999999993
      vertex 23.36864598333403 -0.760712871133259 3.1999999999999993
    endloop
  endfacet
  facet normal 0.8433914458128858 0.5372996083468238 5.032060039846307e-19
    outer loop
      vertex 23.441154273188012 -0.9 8
      vertex 23.525526320279816 -1.032437585431883 8
      vertex 23.525526320279816 -1.032437585431883 3.1999999999999993
    endloop
  endfacet
  facet normal 0.7933533402912366 0.6087614290087187 1.5921620048645308e-19
    outer loop
      vertex 23.525526320279816 -1.032437585431883 8
      vertex 23.62112000238584 -1.1570176974357707 8
      vertex 23.62112000238584 -1.1570176974357707 3.1999999999999993
    endloop
  endfacet
  facet normal 0.7372773368101306 0.6755902076156531 -4.907269410005556e-19
    outer loop
      vertex 23.62112000238584 -1.1570176974357707 8
      vertex 23.727207793864213 -1.2727922061357857 8
      vertex 23.727207793864213 -1.2727922061357857 3.1999999999999993
    endloop
  endfacet
  facet normal 0.6755902076156514 0.7372773368101322 5.994078196395467e-19
    outer loop
      vertex 23.727207793864213 -1.2727922061357857 8
      vertex 23.84298230256423 -1.3788799976141604 8
      vertex 23.84298230256423 -1.3788799976141604 3.1999999999999993
    endloop
  endfacet
  facet normal 0.6087614290087235 0.7933533402912331 -1.4179208047089053e-19
    outer loop
      vertex 23.84298230256423 -1.3788799976141604 8
      vertex 23.967562414568118 -1.4744736797201852 8
      vertex 23.967562414568118 -1.4744736797201852 3.1999999999999993
    endloop
  endfacet
  facet normal 0.8433914458128858 0.5372996083468238 0
    outer loop
      vertex 23.441154273188012 -0.9 8
      vertex 23.525526320279816 -1.032437585431883 3.1999999999999993
      vertex 23.441154273188012 -0.9 3.1999999999999993
    endloop
  endfacet
  facet normal 0.7933533402912366 0.6087614290087187 0
    outer loop
      vertex 23.525526320279816 -1.032437585431883 8
      vertex 23.62112000238584 -1.1570176974357707 3.1999999999999993
      vertex 23.525526320279816 -1.032437585431883 3.1999999999999993
    endloop
  endfacet
  facet normal 0.7372773368101306 0.6755902076156531 0
    outer loop
      vertex 23.62112000238584 -1.1570176974357707 8
      vertex 23.727207793864213 -1.2727922061357857 3.1999999999999993
      vertex 23.62112000238584 -1.1570176974357707 3.1999999999999993
    endloop
  endfacet
  facet normal 0.6755902076156514 0.7372773368101322 0
    outer loop
      vertex 23.727207793864213 -1.2727922061357857 8
      vertex 23.84298230256423 -1.3788799976141604 3.1999999999999993
      vertex 23.727207793864213 -1.2727922061357857 3.1999999999999993
    endloop
  endfacet
  facet normal 0.6087614290087235 0.7933533402912331 0
    outer loop
      vertex 23.84298230256423 -1.3788799976141604 8
      vertex 23.967562414568118 -1.4744736797201852 3.1999999999999993
      vertex 23.84298230256423 -1.3788799976141604 3.1999999999999993
    endloop
  endfacet
  facet normal 0.5372996083468216 -0.8433914458128872 0
    outer loop
      vertex 23.967562414568118 1.4744736797201852 8
      vertex 23.967562414568118 1.4744736797201852 3.1999999999999993
      vertex 24.1 1.5588457268119895 8
    endloop
  endfacet
  facet normal 0.4617486132350347 -0.8870108331782213 0
    outer loop
      vertex 24.1 1.5588457268119895 8
      vertex 24.1 1.5588457268119895 3.1999999999999993
      vertex 24.239287128866742 1.63135401666597 8
    endloop
  endfacet
  facet normal 0.30070579950427173 -0.9537169507482274 0
    outer loop
      vertex 24.384363742013797 1.6914467174146353 8
      vertex 24.384363742013797 1.6914467174146353 3.1999999999999993
      vertex 24.534125718815464 1.738666487320323 8
    endloop
  endfacet
  facet normal 0.38268343236509267 -0.9238795325112856 0
    outer loop
      vertex 24.239287128866742 1.63135401666597 8
      vertex 24.239287128866742 1.63135401666597 3.1999999999999993
      vertex 24.384363742013797 1.6914467174146353 8
    endloop
  endfacet
  facet normal 0.21643961393810437 -0.976296007119933 0
    outer loop
      vertex 24.534125718815464 1.738666487320323 8
      vertex 24.534125718815464 1.738666487320323 3.1999999999999993
      vertex 24.687433280199524 1.7726539554219745 8
    endloop
  endfacet
  facet normal 0.1305261922200521 -0.9914448613738104 0
    outer loop
      vertex 24.687433280199524 1.7726539554219745 8
      vertex 24.687433280199524 1.7726539554219745 3.1999999999999993
      vertex 24.843119663054214 1.793150456565142 8
    endloop
  endfacet
  facet normal 0.04361938736533605 -0.9990482215818578 0
    outer loop
      vertex 24.843119663054214 1.793150456565142 8
      vertex 24.843119663054214 1.793150456565142 3.1999999999999993
      vertex 25 1.8 8
    endloop
  endfacet
  facet normal -0.04361938736533605 -0.9990482215818578 0
    outer loop
      vertex 25 1.8 8
      vertex 25 1.8 3.1999999999999993
      vertex 25.156880336945786 1.793150456565142 8
    endloop
  endfacet
  facet normal -0.1305261922200521 -0.9914448613738104 0
    outer loop
      vertex 25.156880336945786 1.793150456565142 8
      vertex 25.156880336945786 1.793150456565142 3.1999999999999993
      vertex 25.312566719800476 1.7726539554219745 8
    endloop
  endfacet
  facet normal -0.21643961393810437 -0.976296007119933 0
    outer loop
      vertex 25.312566719800476 1.7726539554219745 8
      vertex 25.312566719800476 1.7726539554219745 3.1999999999999993
      vertex 25.465874281184536 1.738666487320323 8
    endloop
  endfacet
  facet normal -0.30070579950427173 -0.9537169507482274 0
    outer loop
      vertex 25.465874281184536 1.738666487320323 8
      vertex 25.465874281184536 1.738666487320323 3.1999999999999993
      vertex 25.615636257986203 1.6914467174146353 8
    endloop
  endfacet
  facet normal -0.38268343236509267 -0.9238795325112856 0
    outer loop
      vertex 25.615636257986203 1.6914467174146353 8
      vertex 25.615636257986203 1.6914467174146353 3.1999999999999993
      vertex 25.760712871133258 1.63135401666597 8
    endloop
  endfacet
  facet normal -0.4617486132350347 -0.8870108331782213 0
    outer loop
      vertex 25.760712871133258 1.63135401666597 8
      vertex 25.760712871133258 1.63135401666597 3.1999999999999993
      vertex 25.9 1.5588457268119895 8
    endloop
  endfacet
  facet normal -0.5372996083468216 -0.8433914458128872 0
    outer loop
      vertex 25.9 1.5588457268119895 8
      vertex 25.9 1.5588457268119895 3.1999999999999993
      vertex 26.032437585431882 1.4744736797201852 8
    endloop
  endfacet
  facet normal -0.6087614290087235 -0.7933533402912331 0
    outer loop
      vertex 26.032437585431882 1.4744736797201852 8
      vertex 26.032437585431882 1.4744736797201852 3.1999999999999993
      vertex 26.15701769743577 1.3788799976141604 8
    endloop
  endfacet
  facet normal -0.6755902076156514 -0.7372773368101322 0
    outer loop
      vertex 26.15701769743577 1.3788799976141604 8
      vertex 26.15701769743577 1.3788799976141604 3.1999999999999993
      vertex 26.272792206135787 1.2727922061357857 8
    endloop
  endfacet
  facet normal -0.7372773368101306 -0.6755902076156531 0
    outer loop
      vertex 26.272792206135787 1.2727922061357857 8
      vertex 26.272792206135787 1.2727922061357857 3.1999999999999993
      vertex 26.37887999761416 1.1570176974357707 8
    endloop
  endfacet
  facet normal -0.7933533402912366 -0.6087614290087187 0
    outer loop
      vertex 26.37887999761416 1.1570176974357707 8
      vertex 26.37887999761416 1.1570176974357707 3.1999999999999993
      vertex 26.474473679720184 1.032437585431883 8
    endloop
  endfacet
  facet normal -0.8433914458128858 -0.5372996083468238 0
    outer loop
      vertex 26.474473679720184 1.032437585431883 8
      vertex 26.474473679720184 1.032437585431883 3.1999999999999993
      vertex 26.558845726811988 0.9 8
    endloop
  endfacet
  facet normal -0.8870108331782182 -0.46174861323504085 0
    outer loop
      vertex 26.558845726811988 0.9 8
      vertex 26.558845726811988 0.9 3.1999999999999993
      vertex 26.63135401666597 0.760712871133259 8
    endloop
  endfacet
  facet normal -0.9238795325112864 -0.3826834323650907 0
    outer loop
      vertex 26.63135401666597 0.760712871133259 8
      vertex 26.63135401666597 0.760712871133259 3.1999999999999993
      vertex 26.691446717414635 0.6156362579862037 8
    endloop
  endfacet
  facet normal -0.953716950748227 -0.3007057995042728 0
    outer loop
      vertex 26.691446717414635 0.6156362579862037 8
      vertex 26.691446717414635 0.6156362579862037 3.1999999999999993
      vertex 26.738666487320323 0.46587428118453733 8
    endloop
  endfacet
  facet normal -0.976296007119936 -0.21643961393809116 0
    outer loop
      vertex 26.738666487320323 0.46587428118453733 8
      vertex 26.738666487320323 0.46587428118453733 3.1999999999999993
      vertex 26.772653955421973 0.3125667198004746 8
    endloop
  endfacet
  facet normal -0.9914448613738074 -0.130526192220074 0
    outer loop
      vertex 26.772653955421973 0.3125667198004746 8
      vertex 26.772653955421973 0.3125667198004746 3.1999999999999993
      vertex 26.793150456565144 0.1568803369457847 8
    endloop
  endfacet
  facet normal -0.9990482215818581 -0.043619387365329367 0
    outer loop
      vertex 26.793150456565144 0.1568803369457847 8
      vertex 26.793150456565144 0.1568803369457847 3.1999999999999993
      vertex 26.8 0 8
    endloop
  endfacet
  facet normal -0.9990482215818581 0.043619387365329367 0
    outer loop
      vertex 26.8 0 8
      vertex 26.8 0 3.1999999999999993
      vertex 26.793150456565144 -0.1568803369457847 8
    endloop
  endfacet
  facet normal -0.9914448613738074 0.130526192220074 0
    outer loop
      vertex 26.793150456565144 -0.1568803369457847 8
      vertex 26.793150456565144 -0.1568803369457847 3.1999999999999993
      vertex 26.772653955421973 -0.3125667198004746 8
    endloop
  endfacet
  facet normal -0.976296007119936 0.21643961393809116 4.344062991611582e-19
    outer loop
      vertex 26.738666487320323 -0.46587428118453733 8
      vertex 26.772653955421973 -0.3125667198004746 8
      vertex 26.772653955421973 -0.3125667198004746 3.1999999999999993
    endloop
  endfacet
  facet normal -0.953716950748227 0.3007057995042728 0
    outer loop
      vertex 26.738666487320323 -0.46587428118453733 8
      vertex 26.738666487320323 -0.46587428118453733 3.1999999999999993
      vertex 26.691446717414635 -0.6156362579862037 8
    endloop
  endfacet
  facet normal -0.9238795325112864 0.3826834323650907 0
    outer loop
      vertex 26.691446717414635 -0.6156362579862037 8
      vertex 26.691446717414635 -0.6156362579862037 3.1999999999999993
      vertex 26.63135401666597 -0.760712871133259 8
    endloop
  endfacet
  facet normal -0.8870108331782182 0.46174861323504085 0
    outer loop
      vertex 26.63135401666597 -0.760712871133259 8
      vertex 26.63135401666597 -0.760712871133259 3.1999999999999993
      vertex 26.558845726811988 -0.9 8
    endloop
  endfacet
  facet normal 0.5372996083468216 -0.8433914458128872 0
    outer loop
      vertex 24.1 1.5588457268119895 8
      vertex 23.967562414568118 1.4744736797201852 3.1999999999999993
      vertex 24.1 1.5588457268119895 3.1999999999999993
    endloop
  endfacet
  facet normal 0.4617486132350347 -0.8870108331782213 0
    outer loop
      vertex 24.239287128866742 1.63135401666597 8
      vertex 24.1 1.5588457268119895 3.1999999999999993
      vertex 24.239287128866742 1.63135401666597 3.1999999999999993
    endloop
  endfacet
  facet normal 0.38268343236509267 -0.9238795325112856 0
    outer loop
      vertex 24.384363742013797 1.6914467174146353 8
      vertex 24.239287128866742 1.63135401666597 3.1999999999999993
      vertex 24.384363742013797 1.6914467174146353 3.1999999999999993
    endloop
  endfacet
  facet normal 0.30070579950427173 -0.9537169507482274 0
    outer loop
      vertex 24.534125718815464 1.738666487320323 8
      vertex 24.384363742013797 1.6914467174146353 3.1999999999999993
      vertex 24.534125718815464 1.738666487320323 3.1999999999999993
    endloop
  endfacet
  facet normal 0.21643961393810437 -0.976296007119933 0
    outer loop
      vertex 24.687433280199524 1.7726539554219745 8
      vertex 24.534125718815464 1.738666487320323 3.1999999999999993
      vertex 24.687433280199524 1.7726539554219745 3.1999999999999993
    endloop
  endfacet
  facet normal 0.1305261922200521 -0.9914448613738104 0
    outer loop
      vertex 24.843119663054214 1.793150456565142 8
      vertex 24.687433280199524 1.7726539554219745 3.1999999999999993
      vertex 24.843119663054214 1.793150456565142 3.1999999999999993
    endloop
  endfacet
  facet normal 0.04361938736533605 -0.9990482215818578 0
    outer loop
      vertex 25 1.8 8
      vertex 24.843119663054214 1.793150456565142 3.1999999999999993
      vertex 25 1.8 3.1999999999999993
    endloop
  endfacet
  facet normal -0.04361938736533605 -0.9990482215818578 0
    outer loop
      vertex 25.156880336945786 1.793150456565142 8
      vertex 25 1.8 3.1999999999999993
      vertex 25.156880336945786 1.793150456565142 3.1999999999999993
    endloop
  endfacet
  facet normal -0.1305261922200521 -0.9914448613738104 0
    outer loop
      vertex 25.312566719800476 1.7726539554219745 8
      vertex 25.156880336945786 1.793150456565142 3.1999999999999993
      vertex 25.312566719800476 1.7726539554219745 3.1999999999999993
    endloop
  endfacet
  facet normal -0.21643961393810437 -0.976296007119933 0
    outer loop
      vertex 25.465874281184536 1.738666487320323 8
      vertex 25.312566719800476 1.7726539554219745 3.1999999999999993
      vertex 25.465874281184536 1.738666487320323 3.1999999999999993
    endloop
  endfacet
  facet normal -0.30070579950427173 -0.9537169507482274 0
    outer loop
      vertex 25.615636257986203 1.6914467174146353 8
      vertex 25.465874281184536 1.738666487320323 3.1999999999999993
      vertex 25.615636257986203 1.6914467174146353 3.1999999999999993
    endloop
  endfacet
  facet normal -0.38268343236509267 -0.9238795325112856 0
    outer loop
      vertex 25.760712871133258 1.63135401666597 8
      vertex 25.615636257986203 1.6914467174146353 3.1999999999999993
      vertex 25.760712871133258 1.63135401666597 3.1999999999999993
    endloop
  endfacet
  facet normal -0.4617486132350347 -0.8870108331782213 0
    outer loop
      vertex 25.9 1.5588457268119895 8
      vertex 25.760712871133258 1.63135401666597 3.1999999999999993
      vertex 25.9 1.5588457268119895 3.1999999999999993
    endloop
  endfacet
  facet normal -0.5372996083468216 -0.8433914458128872 0
    outer loop
      vertex 26.032437585431882 1.4744736797201852 8
      vertex 25.9 1.5588457268119895 3.1999999999999993
      vertex 26.032437585431882 1.4744736797201852 3.1999999999999993
    endloop
  endfacet
  facet normal -0.6087614290087235 -0.7933533402912331 0
    outer loop
      vertex 26.15701769743577 1.3788799976141604 8
      vertex 26.032437585431882 1.4744736797201852 3.1999999999999993
      vertex 26.15701769743577 1.3788799976141604 3.1999999999999993
    endloop
  endfacet
  facet normal -0.6755902076156514 -0.7372773368101322 0
    outer loop
      vertex 26.272792206135787 1.2727922061357857 8
      vertex 26.15701769743577 1.3788799976141604 3.1999999999999993
      vertex 26.272792206135787 1.2727922061357857 3.1999999999999993
    endloop
  endfacet
  facet normal -0.7372773368101306 -0.6755902076156531 0
    outer loop
      vertex 26.37887999761416 1.1570176974357707 8
      vertex 26.272792206135787 1.2727922061357857 3.1999999999999993
      vertex 26.37887999761416 1.1570176974357707 3.1999999999999993
    endloop
  endfacet
  facet normal -0.7933533402912366 -0.6087614290087187 0
    outer loop
      vertex 26.474473679720184 1.032437585431883 8
      vertex 26.37887999761416 1.1570176974357707 3.1999999999999993
      vertex 26.474473679720184 1.032437585431883 3.1999999999999993
    endloop
  endfacet
  facet normal -0.8433914458128858 -0.5372996083468238 0
    outer loop
      vertex 26.558845726811988 0.9 8
      vertex 26.474473679720184 1.032437585431883 3.1999999999999993
      vertex 26.558845726811988 0.9 3.1999999999999993
    endloop
  endfacet
  facet normal -0.8870108331782182 -0.46174861323504085 0
    outer loop
      vertex 26.63135401666597 0.760712871133259 8
      vertex 26.558845726811988 0.9 3.1999999999999993
      vertex 26.63135401666597 0.760712871133259 3.1999999999999993
    endloop
  endfacet
  facet normal -0.9238795325112864 -0.3826834323650907 0
    outer loop
      vertex 26.691446717414635 0.6156362579862037 8
      vertex 26.63135401666597 0.760712871133259 3.1999999999999993
      vertex 26.691446717414635 0.6156362579862037 3.1999999999999993
    endloop
  endfacet
  facet normal -0.953716950748227 -0.3007057995042728 0
    outer loop
      vertex 26.738666487320323 0.46587428118453733 8
      vertex 26.691446717414635 0.6156362579862037 3.1999999999999993
      vertex 26.738666487320323 0.46587428118453733 3.1999999999999993
    endloop
  endfacet
  facet normal -0.976296007119936 -0.21643961393809116 0
    outer loop
      vertex 26.772653955421973 0.3125667198004746 8
      vertex 26.738666487320323 0.46587428118453733 3.1999999999999993
      vertex 26.772653955421973 0.3125667198004746 3.1999999999999993
    endloop
  endfacet
  facet normal -0.9914448613738074 -0.130526192220074 0
    outer loop
      vertex 26.793150456565144 0.1568803369457847 8
      vertex 26.772653955421973 0.3125667198004746 3.1999999999999993
      vertex 26.793150456565144 0.1568803369457847 3.1999999999999993
    endloop
  endfacet
  facet normal -0.9990482215818581 -0.043619387365329367 0
    outer loop
      vertex 26.8 0 8
      vertex 26.793150456565144 0.1568803369457847 3.1999999999999993
      vertex 26.8 0 3.1999999999999993
    endloop
  endfacet
  facet normal -0.976296007119936 0.21643961393809116 0
    outer loop
      vertex 26.738666487320323 -0.46587428118453733 8
      vertex 26.772653955421973 -0.3125667198004746 3.1999999999999993
      vertex 26.738666487320323 -0.46587428118453733 3.1999999999999993
    endloop
  endfacet
  facet normal -0.9990482215818581 0.043619387365329367 0
    outer loop
      vertex 26.793150456565144 -0.1568803369457847 8
      vertex 26.8 0 3.1999999999999993
      vertex 26.793150456565144 -0.1568803369457847 3.1999999999999993
    endloop
  endfacet
  facet normal -0.9914448613738074 0.130526192220074 0
    outer loop
      vertex 26.772653955421973 -0.3125667198004746 8
      vertex 26.793150456565144 -0.1568803369457847 3.1999999999999993
      vertex 26.772653955421973 -0.3125667198004746 3.1999999999999993
    endloop
  endfacet
  facet normal -0.953716950748227 0.3007057995042728 0
    outer loop
      vertex 26.691446717414635 -0.6156362579862037 8
      vertex 26.738666487320323 -0.46587428118453733 3.1999999999999993
      vertex 26.691446717414635 -0.6156362579862037 3.1999999999999993
    endloop
  endfacet
  facet normal -0.8870108331782182 0.46174861323504085 0
    outer loop
      vertex 26.558845726811988 -0.9 8
      vertex 26.63135401666597 -0.760712871133259 3.1999999999999993
      vertex 26.558845726811988 -0.9 3.1999999999999993
    endloop
  endfacet
  facet normal -0.9238795325112864 0.3826834323650907 0
    outer loop
      vertex 26.63135401666597 -0.760712871133259 8
      vertex 26.691446717414635 -0.6156362579862037 3.1999999999999993
      vertex 26.63135401666597 -0.760712871133259 3.1999999999999993
    endloop
  endfacet
  facet normal 0.5372996083468216 0.8433914458128872 9.665463726885456e-19
    outer loop
      vertex 23.967562414568118 -1.4744736797201852 8
      vertex 24.1 -1.5588457268119895 8
      vertex 24.1 -1.5588457268119895 3.1999999999999993
    endloop
  endfacet
  facet normal 0.4617486132350347 0.8870108331782213 1.0255023603347525e-18
    outer loop
      vertex 24.1 -1.5588457268119895 8
      vertex 24.239287128866742 -1.63135401666597 8
      vertex 24.239287128866742 -1.63135401666597 3.1999999999999993
    endloop
  endfacet
  facet normal 0.38268343236509267 0.9238795325112856 9.876360475542375e-19
    outer loop
      vertex 24.239287128866742 -1.63135401666597 8
      vertex 24.384363742013797 -1.6914467174146353 8
      vertex 24.384363742013797 -1.6914467174146353 3.1999999999999993
    endloop
  endfacet
  facet normal 0.30070579950427173 0.9537169507482274 3.392894823792481e-19
    outer loop
      vertex 24.384363742013797 -1.6914467174146353 8
      vertex 24.534125718815464 -1.738666487320323 8
      vertex 24.534125718815464 -1.738666487320323 3.1999999999999993
    endloop
  endfacet
  facet normal 0.21643961393810437 0.976296007119933 4.949847799542275e-19
    outer loop
      vertex 24.534125718815464 -1.738666487320323 8
      vertex 24.687433280199524 -1.7726539554219745 8
      vertex 24.687433280199524 -1.7726539554219745 3.1999999999999993
    endloop
  endfacet
  facet normal 0.1305261922200521 0.9914448613738104 9.523609469088141e-20
    outer loop
      vertex 24.687433280199524 -1.7726539554219745 8
      vertex 24.843119663054214 -1.793150456565142 8
      vertex 24.843119663054214 -1.793150456565142 3.1999999999999993
    endloop
  endfacet
  facet normal 0.04361938736533605 0.9990482215818578 -1.3510017162116874e-19
    outer loop
      vertex 24.843119663054214 -1.793150456565142 8
      vertex 25 -1.8 8
      vertex 25 -1.8 3.1999999999999993
    endloop
  endfacet
  facet normal -0.38268343236509267 0.9238795325112856 0
    outer loop
      vertex 25.760712871133258 -1.63135401666597 8
      vertex 25.760712871133258 -1.63135401666597 3.1999999999999993
      vertex 25.615636257986203 -1.6914467174146353 8
    endloop
  endfacet
  facet normal -0.4617486132350347 0.8870108331782213 -1.0255023603347525e-18
    outer loop
      vertex 25.760712871133258 -1.63135401666597 8
      vertex 25.9 -1.5588457268119895 8
      vertex 25.9 -1.5588457268119895 3.1999999999999993
    endloop
  endfacet
  facet normal -0.5372996083468216 0.8433914458128872 -9.665463726885456e-19
    outer loop
      vertex 25.9 -1.5588457268119895 8
      vertex 26.032437585431882 -1.4744736797201852 8
      vertex 26.032437585431882 -1.4744736797201852 3.1999999999999993
    endloop
  endfacet
  facet normal -0.04361938736533605 0.9990482215818578 1.3510017162116874e-19
    outer loop
      vertex 25 -1.8 8
      vertex 25.156880336945786 -1.793150456565142 8
      vertex 25.156880336945786 -1.793150456565142 3.1999999999999993
    endloop
  endfacet
  facet normal -0.1305261922200521 0.9914448613738104 -9.523609469088141e-20
    outer loop
      vertex 25.156880336945786 -1.793150456565142 8
      vertex 25.312566719800476 -1.7726539554219745 8
      vertex 25.312566719800476 -1.7726539554219745 3.1999999999999993
    endloop
  endfacet
  facet normal -0.21643961393810437 0.976296007119933 -4.949847799542275e-19
    outer loop
      vertex 25.312566719800476 -1.7726539554219745 8
      vertex 25.465874281184536 -1.738666487320323 8
      vertex 25.465874281184536 -1.738666487320323 3.1999999999999993
    endloop
  endfacet
  facet normal -0.30070579950427173 0.9537169507482274 -3.392894823792481e-19
    outer loop
      vertex 25.465874281184536 -1.738666487320323 8
      vertex 25.615636257986203 -1.6914467174146353 8
      vertex 25.615636257986203 -1.6914467174146353 3.1999999999999993
    endloop
  endfacet
  facet normal -0.7372773368101306 0.6755902076156531 0
    outer loop
      vertex 26.37887999761416 -1.1570176974357707 8
      vertex 26.37887999761416 -1.1570176974357707 3.1999999999999993
      vertex 26.272792206135787 -1.2727922061357857 8
    endloop
  endfacet
  facet normal -0.7933533402912366 0.6087614290087187 0
    outer loop
      vertex 26.474473679720184 -1.032437585431883 8
      vertex 26.474473679720184 -1.032437585431883 3.1999999999999993
      vertex 26.37887999761416 -1.1570176974357707 8
    endloop
  endfacet
  facet normal -0.6087614290087235 0.7933533402912331 0
    outer loop
      vertex 26.15701769743577 -1.3788799976141604 8
      vertex 26.15701769743577 -1.3788799976141604 3.1999999999999993
      vertex 26.032437585431882 -1.4744736797201852 8
    endloop
  endfacet
  facet normal -0.6755902076156514 0.7372773368101322 -5.994078196395467e-19
    outer loop
      vertex 26.15701769743577 -1.3788799976141604 8
      vertex 26.272792206135787 -1.2727922061357857 8
      vertex 26.272792206135787 -1.2727922061357857 3.1999999999999993
    endloop
  endfacet
  facet normal -0.8433914458128858 0.5372996083468238 -5.032060039846307e-19
    outer loop
      vertex 26.474473679720184 -1.032437585431883 8
      vertex 26.558845726811988 -0.9 8
      vertex 26.558845726811988 -0.9 3.1999999999999993
    endloop
  endfacet
  facet normal 0.5372996083468216 0.8433914458128872 0
    outer loop
      vertex 23.967562414568118 -1.4744736797201852 8
      vertex 24.1 -1.5588457268119895 3.1999999999999993
      vertex 23.967562414568118 -1.4744736797201852 3.1999999999999993
    endloop
  endfacet
  facet normal 0.4617486132350347 0.8870108331782213 0
    outer loop
      vertex 24.1 -1.5588457268119895 8
      vertex 24.239287128866742 -1.63135401666597 3.1999999999999993
      vertex 24.1 -1.5588457268119895 3.1999999999999993
    endloop
  endfacet
  facet normal 0.38268343236509267 0.9238795325112856 0
    outer loop
      vertex 24.239287128866742 -1.63135401666597 8
      vertex 24.384363742013797 -1.6914467174146353 3.1999999999999993
      vertex 24.239287128866742 -1.63135401666597 3.1999999999999993
    endloop
  endfacet
  facet normal 0.30070579950427173 0.9537169507482274 0
    outer loop
      vertex 24.384363742013797 -1.6914467174146353 8
      vertex 24.534125718815464 -1.738666487320323 3.1999999999999993
      vertex 24.384363742013797 -1.6914467174146353 3.1999999999999993
    endloop
  endfacet
  facet normal 0.21643961393810437 0.976296007119933 0
    outer loop
      vertex 24.534125718815464 -1.738666487320323 8
      vertex 24.687433280199524 -1.7726539554219745 3.1999999999999993
      vertex 24.534125718815464 -1.738666487320323 3.1999999999999993
    endloop
  endfacet
  facet normal 0.1305261922200521 0.9914448613738104 0
    outer loop
      vertex 24.687433280199524 -1.7726539554219745 8
      vertex 24.843119663054214 -1.793150456565142 3.1999999999999993
      vertex 24.687433280199524 -1.7726539554219745 3.1999999999999993
    endloop
  endfacet
  facet normal 0.04361938736533605 0.9990482215818578 0
    outer loop
      vertex 24.843119663054214 -1.793150456565142 8
      vertex 25 -1.8 3.1999999999999993
      vertex 24.843119663054214 -1.793150456565142 3.1999999999999993
    endloop
  endfacet
  facet normal -0.4617486132350347 0.8870108331782213 0
    outer loop
      vertex 25.760712871133258 -1.63135401666597 8
      vertex 25.9 -1.5588457268119895 3.1999999999999993
      vertex 25.760712871133258 -1.63135401666597 3.1999999999999993
    endloop
  endfacet
  facet normal -0.5372996083468216 0.8433914458128872 0
    outer loop
      vertex 25.9 -1.5588457268119895 8
      vertex 26.032437585431882 -1.4744736797201852 3.1999999999999993
      vertex 25.9 -1.5588457268119895 3.1999999999999993
    endloop
  endfacet
  facet normal -0.04361938736533605 0.9990482215818578 0
    outer loop
      vertex 25 -1.8 8
      vertex 25.156880336945786 -1.793150456565142 3.1999999999999993
      vertex 25 -1.8 3.1999999999999993
    endloop
  endfacet
  facet normal -0.1305261922200521 0.9914448613738104 0
    outer loop
      vertex 25.156880336945786 -1.793150456565142 8
      vertex 25.312566719800476 -1.7726539554219745 3.1999999999999993
      vertex 25.156880336945786 -1.793150456565142 3.1999999999999993
    endloop
  endfacet
  facet normal -0.21643961393810437 0.976296007119933 0
    outer loop
      vertex 25.312566719800476 -1.7726539554219745 8
      vertex 25.465874281184536 -1.738666487320323 3.1999999999999993
      vertex 25.312566719800476 -1.7726539554219745 3.1999999999999993
    endloop
  endfacet
  facet normal -0.30070579950427173 0.9537169507482274 0
    outer loop
      vertex 25.465874281184536 -1.738666487320323 8
      vertex 25.615636257986203 -1.6914467174146353 3.1999999999999993
      vertex 25.465874281184536 -1.738666487320323 3.1999999999999993
    endloop
  endfacet
  facet normal -0.38268343236509267 0.9238795325112856 0
    outer loop
      vertex 25.615636257986203 -1.6914467174146353 8
      vertex 25.760712871133258 -1.63135401666597 3.1999999999999993
      vertex 25.615636257986203 -1.6914467174146353 3.1999999999999993
    endloop
  endfacet
  facet normal -0.7372773368101306 0.6755902076156531 0
    outer loop
      vertex 26.272792206135787 -1.2727922061357857 8
      vertex 26.37887999761416 -1.1570176974357707 3.1999999999999993
      vertex 26.272792206135787 -1.2727922061357857 3.1999999999999993
    endloop
  endfacet
  facet normal -0.7933533402912366 0.6087614290087187 0
    outer loop
      vertex 26.37887999761416 -1.1570176974357707 8
      vertex 26.474473679720184 -1.032437585431883 3.1999999999999993
      vertex 26.37887999761416 -1.1570176974357707 3.1999999999999993
    endloop
  endfacet
  facet normal -0.6087614290087235 0.7933533402912331 0
    outer loop
      vertex 26.032437585431882 -1.4744736797201852 8
      vertex 26.15701769743577 -1.3788799976141604 3.1999999999999993
      vertex 26.032437585431882 -1.4744736797201852 3.1999999999999993
    endloop
  endfacet
  facet normal -0.6755902076156514 0.7372773368101322 0
    outer loop
      vertex 26.15701769743577 -1.3788799976141604 8
      vertex 26.272792206135787 -1.2727922061357857 3.1999999999999993
      vertex 26.15701769743577 -1.3788799976141604 3.1999999999999993
    endloop
  endfacet
  facet normal -0.8433914458128858 0.5372996083468238 0
    outer loop
      vertex 26.474473679720184 -1.032437585431883 8
      vertex 26.558845726811988 -0.9 3.1999999999999993
      vertex 26.474473679720184 -1.032437585431883 3.1999999999999993
    endloop
  endfacet
  facet normal 0 0 -1
    outer loop
      vertex 23.563097910081623 3.0814464759246096 3.1999999999999993
      vertex 23.62112000238584 1.1570176974357707 3.1999999999999993
      vertex 23.3 2.9444863728670914 3.1999999999999993
    endloop
  endfacet
  facet normal 0 0 -1
    outer loop
      vertex 23.563097910081623 3.0814464759246096 3.1999999999999993
      vertex 23.837131512692725 3.1949549106720885 3.1999999999999993
      vertex 23.84298230256423 1.3788799976141604 3.1999999999999993
    endloop
  endfacet
  facet normal 0.7372773368101232 -0.6755902076156612 -6.905038778231004e-19
    outer loop
      vertex 22.59583694396574 2.4041630560342617 3.1999999999999993
      vertex 22.395448893395475 2.1854778729342335 3.1999999999999993
      vertex 22.395448893395475 2.1854778729342335 0
    endloop
  endfacet
  facet normal 0.608761429008724 -0.7933533402912326 0
    outer loop
      vertex 22.814522127065768 2.604551106604525 3.1999999999999993
      vertex 22.814522127065768 2.604551106604525 0
      vertex 23.049840116406443 2.785116950582572 3.1999999999999993
    endloop
  endfacet
  facet normal 0.6755902076156589 -0.7372773368101254 0
    outer loop
      vertex 22.59583694396574 2.4041630560342617 3.1999999999999993
      vertex 22.59583694396574 2.4041630560342617 0
      vertex 22.814522127065768 2.604551106604525 3.1999999999999993
    endloop
  endfacet
  facet normal 0.38268343236509367 -0.9238795325112851 0
    outer loop
      vertex 23.563097910081623 3.0814464759246096 3.1999999999999993
      vertex 23.563097910081623 3.0814464759246096 0
      vertex 23.837131512692725 3.1949549106720885 3.1999999999999993
    endloop
  endfacet
  facet normal 0.30070579950427123 -0.9537169507482275 0
    outer loop
      vertex 23.837131512692725 3.1949549106720885 3.1999999999999993
      vertex 23.837131512692725 3.1949549106720885 0
      vertex 24.12001524665143 3.2841478093828322 3.1999999999999993
    endloop
  endfacet
  facet normal 0.5372996083468226 -0.8433914458128865 0
    outer loop
      vertex 23.049840116406443 2.785116950582572 3.1999999999999993
      vertex 23.049840116406443 2.785116950582572 0
      vertex 23.3 2.9444863728670914 3.1999999999999993
    endloop
  endfacet
  facet normal 0.46174861323503236 -0.8870108331782225 -3.3690912535092517e-18
    outer loop
      vertex 23.563097910081623 3.0814464759246096 3.1999999999999993
      vertex 23.3 2.9444863728670914 3.1999999999999993
      vertex 23.3 2.9444863728670914 0
    endloop
  endfacet
  facet normal 0.608761429008724 -0.7933533402912326 0
    outer loop
      vertex 23.049840116406443 2.785116950582572 3.1999999999999993
      vertex 22.814522127065768 2.604551106604525 0
      vertex 23.049840116406443 2.785116950582572 0
    endloop
  endfacet
  facet normal 0.6755902076156589 -0.7372773368101254 0
    outer loop
      vertex 22.814522127065768 2.604551106604525 3.1999999999999993
      vertex 22.59583694396574 2.4041630560342617 0
      vertex 22.814522127065768 2.604551106604525 0
    endloop
  endfacet
  facet normal 0.7372773368101232 -0.6755902076156612 0
    outer loop
      vertex 22.59583694396574 2.4041630560342617 3.1999999999999993
      vertex 22.395448893395475 2.1854778729342335 0
      vertex 22.59583694396574 2.4041630560342617 0
    endloop
  endfacet
  facet normal 0.46174861323503236 -0.8870108331782225 0
    outer loop
      vertex 23.563097910081623 3.0814464759246096 3.1999999999999993
      vertex 23.3 2.9444863728670914 0
      vertex 23.563097910081623 3.0814464759246096 0
    endloop
  endfacet
  facet normal 0.38268343236509367 -0.9238795325112851 0
    outer loop
      vertex 23.837131512692725 3.1949549106720885 3.1999999999999993
      vertex 23.563097910081623 3.0814464759246096 0
      vertex 23.837131512692725 3.1949549106720885 0
    endloop
  endfacet
  facet normal 0.5372996083468226 -0.8433914458128865 0
    outer loop
      vertex 23.3 2.9444863728670914 3.1999999999999993
      vertex 23.049840116406443 2.785116950582572 0
      vertex 23.3 2.9444863728670914 0
    endloop
  endfacet
  facet normal 0.887010833178222 -0.46174861323503325 0
    outer loop
      vertex 21.918553524075392 1.436902089918378 3.1999999999999993
      vertex 21.918553524075392 1.436902089918378 0
      vertex 22.05551362713291 1.7 3.1999999999999993
    endloop
  endfacet
  facet normal 0.9238795325112849 -0.38268343236509433 2.402160606863232e-19
    outer loop
      vertex 21.918553524075392 1.436902089918378 3.1999999999999993
      vertex 21.805045089327912 1.1628684873072737 3.1999999999999993
      vertex 21.805045089327912 1.1628684873072737 0
    endloop
  endfacet
  facet normal 0.9537169507482252 -0.30070579950427884 1.229856132263821e-19
    outer loop
      vertex 21.805045089327912 1.1628684873072737 3.1999999999999993
      vertex 21.715852190617166 0.8799847533485705 3.1999999999999993
      vertex 21.715852190617166 0.8799847533485705 0
    endloop
  endfacet
  facet normal 0 0 -1
    outer loop
      vertex 21.918553524075392 1.436902089918378 3.1999999999999993
      vertex 21.918553524075392 -1.436902089918378 3.1999999999999993
      vertex 21.805045089327912 1.1628684873072737 3.1999999999999993
    endloop
  endfacet
  facet normal 0 0 -1
    outer loop
      vertex 21.715852190617166 0.8799847533485705 3.1999999999999993
      vertex 21.715852190617166 -0.8799847533485705 3.1999999999999993
      vertex 21.651653639758493 0.5904038040675631 3.1999999999999993
    endloop
  endfacet
  facet normal 0 0 -1
    outer loop
      vertex 21.612938026488067 0.29632952534203777 3.1999999999999993
      vertex 21.612938026488067 -0.29632952534203777 3.1999999999999993
      vertex 21.6 0 3.1999999999999993
    endloop
  endfacet
  facet normal 0 0 -1
    outer loop
      vertex 21.651653639758493 0.5904038040675631 3.1999999999999993
      vertex 21.651653639758493 -0.5904038040675631 3.1999999999999993
      vertex 21.612938026488067 0.29632952534203777 3.1999999999999993
    endloop
  endfacet
  facet normal 0 0 -1
    outer loop
      vertex 21.805045089327912 1.1628684873072737 3.1999999999999993
      vertex 21.805045089327912 -1.1628684873072737 3.1999999999999993
      vertex 21.715852190617166 0.8799847533485705 3.1999999999999993
    endloop
  endfacet
  facet normal 0 0 -1
    outer loop
      vertex 21.612938026488067 0.29632952534203777 3.1999999999999993
      vertex 21.651653639758493 -0.5904038040675631 3.1999999999999993
      vertex 21.612938026488067 -0.29632952534203777 3.1999999999999993
    endloop
  endfacet
  facet normal 0 0 -1
    outer loop
      vertex 21.651653639758493 0.5904038040675631 3.1999999999999993
      vertex 21.715852190617166 -0.8799847533485705 3.1999999999999993
      vertex 21.651653639758493 -0.5904038040675631 3.1999999999999993
    endloop
  endfacet
  facet normal 0 0 -1
    outer loop
      vertex 21.715852190617166 0.8799847533485705 3.1999999999999993
      vertex 21.805045089327912 -1.1628684873072737 3.1999999999999993
      vertex 21.715852190617166 -0.8799847533485705 3.1999999999999993
    endloop
  endfacet
  facet normal 0 0 -1
    outer loop
      vertex 21.805045089327912 1.1628684873072737 3.1999999999999993
      vertex 21.918553524075392 -1.436902089918378 3.1999999999999993
      vertex 21.805045089327912 -1.1628684873072737 3.1999999999999993
    endloop
  endfacet
  facet normal 0 0 -1
    outer loop
      vertex 21.918553524075392 1.436902089918378 3.1999999999999993
      vertex 22.05551362713291 -1.7 3.1999999999999993
      vertex 21.918553524075392 -1.436902089918378 3.1999999999999993
    endloop
  endfacet
  facet normal 0.9762960071199346 -0.21643961393809746 9.519251159230038e-19
    outer loop
      vertex 21.715852190617166 0.8799847533485705 3.1999999999999993
      vertex 21.651653639758493 0.5904038040675631 3.1999999999999993
      vertex 21.651653639758493 0.5904038040675631 0
    endloop
  endfacet
  facet normal 0.9914448613738109 -0.13052619222004785 8.567605128465036e-19
    outer loop
      vertex 21.651653639758493 0.5904038040675631 3.1999999999999993
      vertex 21.612938026488067 0.29632952534203777 3.1999999999999993
      vertex 21.612938026488067 0.29632952534203777 0
    endloop
  endfacet
  facet normal 0.9990482215818578 -0.04361938736533601 -2.1493723225521176e-19
    outer loop
      vertex 21.612938026488067 0.29632952534203777 3.1999999999999993
      vertex 21.6 0 3.1999999999999993
      vertex 21.6 0 0
    endloop
  endfacet
  facet normal 0.9990482215818578 0.04361938736533601 2.1493723225521176e-19
    outer loop
      vertex 21.6 0 3.1999999999999993
      vertex 21.612938026488067 -0.29632952534203777 3.1999999999999993
      vertex 21.612938026488067 -0.29632952534203777 0
    endloop
  endfacet
  facet normal 0.9914448613738109 0.13052619222004785 -8.567605128465036e-19
    outer loop
      vertex 21.612938026488067 -0.29632952534203777 3.1999999999999993
      vertex 21.651653639758493 -0.5904038040675631 3.1999999999999993
      vertex 21.651653639758493 -0.5904038040675631 0
    endloop
  endfacet
  facet normal 0.9762960071199346 0.21643961393809746 -9.519251159230038e-19
    outer loop
      vertex 21.651653639758493 -0.5904038040675631 3.1999999999999993
      vertex 21.715852190617166 -0.8799847533485705 3.1999999999999993
      vertex 21.715852190617166 -0.8799847533485705 0
    endloop
  endfacet
  facet normal 0 0 -1
    outer loop
      vertex 22.59583694396574 2.4041630560342617 3.1999999999999993
      vertex 22.59583694396574 -2.4041630560342617 3.1999999999999993
      vertex 22.395448893395475 2.1854778729342335 3.1999999999999993
    endloop
  endfacet
  facet normal 0 0 -1
    outer loop
      vertex 22.59583694396574 2.4041630560342617 3.1999999999999993
      vertex 22.814522127065768 2.604551106604525 3.1999999999999993
      vertex 22.814522127065768 -2.604551106604525 3.1999999999999993
    endloop
  endfacet
  facet normal 0 0 -1
    outer loop
      vertex 22.814522127065768 2.604551106604525 3.1999999999999993
      vertex 23.049840116406443 2.785116950582572 3.1999999999999993
      vertex 23.049840116406443 -2.785116950582572 3.1999999999999993
    endloop
  endfacet
  facet normal 0 0 -1
    outer loop
      vertex 23.049840116406443 2.785116950582572 3.1999999999999993
      vertex 23.3 2.9444863728670914 3.1999999999999993
      vertex 23.308553282585365 0.6156362579862037 3.1999999999999993
    endloop
  endfacet
  facet normal 0 0 -1
    outer loop
      vertex 23.3 2.9444863728670914 3.1999999999999993
      vertex 23.62112000238584 1.1570176974357707 3.1999999999999993
      vertex 23.525526320279816 1.032437585431883 3.1999999999999993
    endloop
  endfacet
  facet normal 0 0 -1
    outer loop
      vertex 23.3 2.9444863728670914 3.1999999999999993
      vertex 23.441154273188012 0.9 3.1999999999999993
      vertex 23.36864598333403 0.760712871133259 3.1999999999999993
    endloop
  endfacet
  facet normal 0 0 -1
    outer loop
      vertex 23.3 2.9444863728670914 3.1999999999999993
      vertex 23.525526320279816 1.032437585431883 3.1999999999999993
      vertex 23.441154273188012 0.9 3.1999999999999993
    endloop
  endfacet
  facet normal 0 0 -1
    outer loop
      vertex 23.563097910081623 3.0814464759246096 3.1999999999999993
      vertex 23.84298230256423 1.3788799976141604 3.1999999999999993
      vertex 23.727207793864213 1.2727922061357857 3.1999999999999993
    endloop
  endfacet
  facet normal 0 0 -1
    outer loop
      vertex 23.837131512692725 3.1949549106720885 3.1999999999999993
      vertex 24.1 1.5588457268119895 3.1999999999999993
      vertex 23.967562414568118 1.4744736797201852 3.1999999999999993
    endloop
  endfacet
  facet normal 0 0 -1
    outer loop
      vertex 23.837131512692725 3.1949549106720885 3.1999999999999993
      vertex 23.967562414568118 1.4744736797201852 3.1999999999999993
      vertex 23.84298230256423 1.3788799976141604 3.1999999999999993
    endloop
  endfacet
  facet normal 0 0 -1
    outer loop
      vertex 23.563097910081623 3.0814464759246096 3.1999999999999993
      vertex 23.727207793864213 1.2727922061357857 3.1999999999999993
      vertex 23.62112000238584 1.1570176974357707 3.1999999999999993
    endloop
  endfacet
  facet normal 0 0 -1
    outer loop
      vertex 23.049840116406443 2.785116950582572 3.1999999999999993
      vertex 23.308553282585365 0.6156362579862037 3.1999999999999993
      vertex 23.261333512679677 0.46587428118453733 3.1999999999999993
    endloop
  endfacet
  facet normal 0 0 -1
    outer loop
      vertex 23.049840116406443 2.785116950582572 3.1999999999999993
      vertex 23.261333512679677 0.46587428118453733 3.1999999999999993
      vertex 23.227346044578027 0.3125667198004746 3.1999999999999993
    endloop
  endfacet
  facet normal 0 0 -1
    outer loop
      vertex 23.049840116406443 2.785116950582572 3.1999999999999993
      vertex 23.227346044578027 0.3125667198004746 3.1999999999999993
      vertex 23.206849543434856 0.1568803369457847 3.1999999999999993
    endloop
  endfacet
  facet normal 0 0 -1
    outer loop
      vertex 23.3 2.9444863728670914 3.1999999999999993
      vertex 23.36864598333403 0.760712871133259 3.1999999999999993
      vertex 23.308553282585365 0.6156362579862037 3.1999999999999993
    endloop
  endfacet
  facet normal 0 0 -1
    outer loop
      vertex 23.049840116406443 2.785116950582572 3.1999999999999993
      vertex 23.206849543434856 0.1568803369457847 3.1999999999999993
      vertex 23.2 0 3.1999999999999993
    endloop
  endfacet
  facet normal 0 0 -1
    outer loop
      vertex 23.049840116406443 2.785116950582572 3.1999999999999993
      vertex 23.2 0 3.1999999999999993
      vertex 23.206849543434856 -0.1568803369457847 3.1999999999999993
    endloop
  endfacet
  facet normal 0.7933533402912332 -0.6087614290087233 0
    outer loop
      vertex 22.214883049417427 1.9501598835935565 3.1999999999999993
      vertex 22.214883049417427 1.9501598835935565 0
      vertex 22.395448893395475 2.1854778729342335 3.1999999999999993
    endloop
  endfacet
  facet normal 0.8433914458128897 -0.5372996083468174 1.842028893279872e-18
    outer loop
      vertex 22.214883049417427 1.9501598835935565 3.1999999999999993
      vertex 22.05551362713291 1.7 3.1999999999999993
      vertex 22.05551362713291 1.7 0
    endloop
  endfacet
  facet normal 0 0 -1
    outer loop
      vertex 22.214883049417427 1.9501598835935565 3.1999999999999993
      vertex 22.214883049417427 -1.9501598835935565 3.1999999999999993
      vertex 22.05551362713291 1.7 3.1999999999999993
    endloop
  endfacet
  facet normal 0 0 -1
    outer loop
      vertex 21.918553524075392 1.436902089918378 3.1999999999999993
      vertex 22.05551362713291 1.7 3.1999999999999993
      vertex 22.05551362713291 -1.7 3.1999999999999993
    endloop
  endfacet
  facet normal 0 0 -1
    outer loop
      vertex 22.214883049417427 1.9501598835935565 3.1999999999999993
      vertex 22.395448893395475 2.1854778729342335 3.1999999999999993
      vertex 22.395448893395475 -2.1854778729342335 3.1999999999999993
    endloop
  endfacet
  facet normal 0 0 -1
    outer loop
      vertex 22.05551362713291 1.7 3.1999999999999993
      vertex 22.214883049417427 -1.9501598835935565 3.1999999999999993
      vertex 22.05551362713291 -1.7 3.1999999999999993
    endloop
  endfacet
  facet normal 0 0 -1
    outer loop
      vertex 22.214883049417427 1.9501598835935565 3.1999999999999993
      vertex 22.395448893395475 -2.1854778729342335 3.1999999999999993
      vertex 22.214883049417427 -1.9501598835935565 3.1999999999999993
    endloop
  endfacet
  facet normal 0 0 -1
    outer loop
      vertex 22.395448893395475 2.1854778729342335 3.1999999999999993
      vertex 22.59583694396574 -2.4041630560342617 3.1999999999999993
      vertex 22.395448893395475 -2.1854778729342335 3.1999999999999993
    endloop
  endfacet
  facet normal 0 0 -1
    outer loop
      vertex 22.59583694396574 2.4041630560342617 3.1999999999999993
      vertex 22.814522127065768 -2.604551106604525 3.1999999999999993
      vertex 22.59583694396574 -2.4041630560342617 3.1999999999999993
    endloop
  endfacet
  facet normal 0 0 -1
    outer loop
      vertex 23.049840116406443 2.785116950582572 3.1999999999999993
      vertex 23.206849543434856 -0.1568803369457847 3.1999999999999993
      vertex 23.3 -2.9444863728670914 3.1999999999999993
    endloop
  endfacet
  facet normal 0.9238795325112849 -0.38268343236509433 0
    outer loop
      vertex 21.918553524075392 1.436902089918378 3.1999999999999993
      vertex 21.805045089327912 1.1628684873072737 0
      vertex 21.918553524075392 1.436902089918378 0
    endloop
  endfacet
  facet normal 0.9762960071199346 -0.21643961393809746 0
    outer loop
      vertex 21.715852190617166 0.8799847533485705 3.1999999999999993
      vertex 21.651653639758493 0.5904038040675631 0
      vertex 21.715852190617166 0.8799847533485705 0
    endloop
  endfacet
  facet normal 0.9537169507482252 -0.30070579950427884 0
    outer loop
      vertex 21.805045089327912 1.1628684873072737 3.1999999999999993
      vertex 21.715852190617166 0.8799847533485705 0
      vertex 21.805045089327912 1.1628684873072737 0
    endloop
  endfacet
  facet normal 0.9914448613738109 -0.13052619222004785 0
    outer loop
      vertex 21.651653639758493 0.5904038040675631 3.1999999999999993
      vertex 21.612938026488067 0.29632952534203777 0
      vertex 21.651653639758493 0.5904038040675631 0
    endloop
  endfacet
  facet normal 0.9990482215818578 -0.04361938736533601 0
    outer loop
      vertex 21.612938026488067 0.29632952534203777 3.1999999999999993
      vertex 21.6 0 0
      vertex 21.612938026488067 0.29632952534203777 0
    endloop
  endfacet
  facet normal 0.9990482215818578 0.04361938736533601 0
    outer loop
      vertex 21.6 0 3.1999999999999993
      vertex 21.612938026488067 -0.29632952534203777 0
      vertex 21.6 0 0
    endloop
  endfacet
  facet normal 0.9914448613738109 0.13052619222004785 0
    outer loop
      vertex 21.612938026488067 -0.29632952534203777 3.1999999999999993
      vertex 21.651653639758493 -0.5904038040675631 0
      vertex 21.612938026488067 -0.29632952534203777 0
    endloop
  endfacet
  facet normal 0.9762960071199346 0.21643961393809746 0
    outer loop
      vertex 21.651653639758493 -0.5904038040675631 3.1999999999999993
      vertex 21.715852190617166 -0.8799847533485705 0
      vertex 21.651653639758493 -0.5904038040675631 0
    endloop
  endfacet
  facet normal 0.8433914458128897 -0.5372996083468174 0
    outer loop
      vertex 22.214883049417427 1.9501598835935565 3.1999999999999993
      vertex 22.05551362713291 1.7 0
      vertex 22.214883049417427 1.9501598835935565 0
    endloop
  endfacet
  facet normal 0.7933533402912332 -0.6087614290087233 0
    outer loop
      vertex 22.395448893395475 2.1854778729342335 3.1999999999999993
      vertex 22.214883049417427 1.9501598835935565 0
      vertex 22.395448893395475 2.1854778729342335 0
    endloop
  endfacet
  facet normal 0.887010833178222 -0.46174861323503325 0
    outer loop
      vertex 22.05551362713291 1.7 3.1999999999999993
      vertex 21.918553524075392 1.436902089918378 0
      vertex 22.05551362713291 1.7 0
    endloop
  endfacet
  facet normal 0.9537169507482252 0.30070579950427884 -1.229856132263821e-19
    outer loop
      vertex 21.715852190617166 -0.8799847533485705 3.1999999999999993
      vertex 21.805045089327912 -1.1628684873072737 3.1999999999999993
      vertex 21.805045089327912 -1.1628684873072737 0
    endloop
  endfacet
  facet normal 0.9238795325112849 0.38268343236509433 -2.402160606863232e-19
    outer loop
      vertex 21.805045089327912 -1.1628684873072737 3.1999999999999993
      vertex 21.918553524075392 -1.436902089918378 3.1999999999999993
      vertex 21.918553524075392 -1.436902089918378 0
    endloop
  endfacet
  facet normal 0 0 -1
    outer loop
      vertex 22.814522127065768 2.604551106604525 3.1999999999999993
      vertex 23.049840116406443 -2.785116950582572 3.1999999999999993
      vertex 22.814522127065768 -2.604551106604525 3.1999999999999993
    endloop
  endfacet
  facet normal 0 0 -1
    outer loop
      vertex 23.049840116406443 2.785116950582572 3.1999999999999993
      vertex 23.3 -2.9444863728670914 3.1999999999999993
      vertex 23.049840116406443 -2.785116950582572 3.1999999999999993
    endloop
  endfacet
  facet normal 0 0 -1
    outer loop
      vertex 23.206849543434856 -0.1568803369457847 3.1999999999999993
      vertex 23.227346044578027 -0.3125667198004746 3.1999999999999993
      vertex 23.3 -2.9444863728670914 3.1999999999999993
    endloop
  endfacet
  facet normal 0 0 -1
    outer loop
      vertex 23.227346044578027 -0.3125667198004746 3.1999999999999993
      vertex 23.261333512679677 -0.46587428118453733 3.1999999999999993
      vertex 23.3 -2.9444863728670914 3.1999999999999993
    endloop
  endfacet
  facet normal 0 0 -1
    outer loop
      vertex 23.261333512679677 -0.46587428118453733 3.1999999999999993
      vertex 23.308553282585365 -0.6156362579862037 3.1999999999999993
      vertex 23.3 -2.9444863728670914 3.1999999999999993
    endloop
  endfacet
  facet normal 0 0 -1
    outer loop
      vertex 23.308553282585365 -0.6156362579862037 3.1999999999999993
      vertex 23.36864598333403 -0.760712871133259 3.1999999999999993
      vertex 23.3 -2.9444863728670914 3.1999999999999993
    endloop
  endfacet
  facet normal 0 0 -1
    outer loop
      vertex 23.36864598333403 -0.760712871133259 3.1999999999999993
      vertex 23.441154273188012 -0.9 3.1999999999999993
      vertex 23.3 -2.9444863728670914 3.1999999999999993
    endloop
  endfacet
  facet normal 0 0 -1
    outer loop
      vertex 23.441154273188012 -0.9 3.1999999999999993
      vertex 23.563097910081623 -3.0814464759246096 3.1999999999999993
      vertex 23.3 -2.9444863728670914 3.1999999999999993
    endloop
  endfacet
  facet normal 0 0 -1
    outer loop
      vertex 23.441154273188012 -0.9 3.1999999999999993
      vertex 23.525526320279816 -1.032437585431883 3.1999999999999993
      vertex 23.563097910081623 -3.0814464759246096 3.1999999999999993
    endloop
  endfacet
  facet normal 0 0 -1
    outer loop
      vertex 23.525526320279816 -1.032437585431883 3.1999999999999993
      vertex 23.62112000238584 -1.1570176974357707 3.1999999999999993
      vertex 23.563097910081623 -3.0814464759246096 3.1999999999999993
    endloop
  endfacet
  facet normal 0 0 -1
    outer loop
      vertex 23.62112000238584 -1.1570176974357707 3.1999999999999993
      vertex 23.727207793864213 -1.2727922061357857 3.1999999999999993
      vertex 23.563097910081623 -3.0814464759246096 3.1999999999999993
    endloop
  endfacet
  facet normal 0 0 -1
    outer loop
      vertex 23.727207793864213 -1.2727922061357857 3.1999999999999993
      vertex 23.84298230256423 -1.3788799976141604 3.1999999999999993
      vertex 23.837131512692725 -3.1949549106720885 3.1999999999999993
    endloop
  endfacet
  facet normal 0 0 -1
    outer loop
      vertex 23.84298230256423 -1.3788799976141604 3.1999999999999993
      vertex 23.967562414568118 -1.4744736797201852 3.1999999999999993
      vertex 23.837131512692725 -3.1949549106720885 3.1999999999999993
    endloop
  endfacet
  facet normal 0.887010833178222 0.46174861323503325 -2.858280320410056e-18
    outer loop
      vertex 21.918553524075392 -1.436902089918378 3.1999999999999993
      vertex 22.05551362713291 -1.7 3.1999999999999993
      vertex 22.05551362713291 -1.7 0
    endloop
  endfacet
  facet normal 0.8433914458128897 0.5372996083468174 -1.842028893279872e-18
    outer loop
      vertex 22.05551362713291 -1.7 3.1999999999999993
      vertex 22.214883049417427 -1.9501598835935565 3.1999999999999993
      vertex 22.214883049417427 -1.9501598835935565 0
    endloop
  endfacet
  facet normal 0.7933533402912332 0.6087614290087233 -1.6795445949758249e-18
    outer loop
      vertex 22.214883049417427 -1.9501598835935565 3.1999999999999993
      vertex 22.395448893395475 -2.1854778729342335 3.1999999999999993
      vertex 22.395448893395475 -2.1854778729342335 0
    endloop
  endfacet
  facet normal 0.7372773368101232 0.6755902076156612 6.905038778231004e-19
    outer loop
      vertex 22.395448893395475 -2.1854778729342335 3.1999999999999993
      vertex 22.59583694396574 -2.4041630560342617 3.1999999999999993
      vertex 22.59583694396574 -2.4041630560342617 0
    endloop
  endfacet
  facet normal 0 0 -1
    outer loop
      vertex 23.727207793864213 -1.2727922061357857 3.1999999999999993
      vertex 23.837131512692725 -3.1949549106720885 3.1999999999999993
      vertex 23.563097910081623 -3.0814464759246096 3.1999999999999993
    endloop
  endfacet
  facet normal 0 0 -1
    outer loop
      vertex 23.967562414568118 -1.4744736797201852 3.1999999999999993
      vertex 24.12001524665143 -3.2841478093828322 3.1999999999999993
      vertex 23.837131512692725 -3.1949549106720885 3.1999999999999993
    endloop
  endfacet
  facet normal 0.6755902076156589 0.7372773368101254 5.995248526323121e-19
    outer loop
      vertex 22.59583694396574 -2.4041630560342617 3.1999999999999993
      vertex 22.814522127065768 -2.604551106604525 3.1999999999999993
      vertex 22.814522127065768 -2.604551106604525 0
    endloop
  endfacet
  facet normal 0.608761429008724 0.7933533402912326 2.4688559797238873e-18
    outer loop
      vertex 22.814522127065768 -2.604551106604525 3.1999999999999993
      vertex 23.049840116406443 -2.785116950582572 3.1999999999999993
      vertex 23.049840116406443 -2.785116950582572 0
    endloop
  endfacet
  facet normal 0.5372996083468226 0.8433914458128865 2.100702867612902e-18
    outer loop
      vertex 23.049840116406443 -2.785116950582572 3.1999999999999993
      vertex 23.3 -2.9444863728670914 3.1999999999999993
      vertex 23.3 -2.9444863728670914 0
    endloop
  endfacet
  facet normal 0.46174861323503236 0.8870108331782225 3.3690912535092517e-18
    outer loop
      vertex 23.3 -2.9444863728670914 3.1999999999999993
      vertex 23.563097910081623 -3.0814464759246096 3.1999999999999993
      vertex 23.563097910081623 -3.0814464759246096 0
    endloop
  endfacet
  facet normal 0.38268343236509367 0.9238795325112851 1.2342593961979296e-18
    outer loop
      vertex 23.563097910081623 -3.0814464759246096 3.1999999999999993
      vertex 23.837131512692725 -3.1949549106720885 3.1999999999999993
      vertex 23.837131512692725 -3.1949549106720885 0
    endloop
  endfacet
  facet normal 0.9537169507482252 0.30070579950427884 0
    outer loop
      vertex 21.715852190617166 -0.8799847533485705 3.1999999999999993
      vertex 21.805045089327912 -1.1628684873072737 0
      vertex 21.715852190617166 -0.8799847533485705 0
    endloop
  endfacet
  facet normal 0.9238795325112849 0.38268343236509433 0
    outer loop
      vertex 21.805045089327912 -1.1628684873072737 3.1999999999999993
      vertex 21.918553524075392 -1.436902089918378 0
      vertex 21.805045089327912 -1.1628684873072737 0
    endloop
  endfacet
  facet normal 0.887010833178222 0.46174861323503325 0
    outer loop
      vertex 21.918553524075392 -1.436902089918378 3.1999999999999993
      vertex 22.05551362713291 -1.7 0
      vertex 21.918553524075392 -1.436902089918378 0
    endloop
  endfacet
  facet normal 0.8433914458128897 0.5372996083468174 0
    outer loop
      vertex 22.05551362713291 -1.7 3.1999999999999993
      vertex 22.214883049417427 -1.9501598835935565 0
      vertex 22.05551362713291 -1.7 0
    endloop
  endfacet
  facet normal 0.7933533402912332 0.6087614290087233 0
    outer loop
      vertex 22.214883049417427 -1.9501598835935565 3.1999999999999993
      vertex 22.395448893395475 -2.1854778729342335 0
      vertex 22.214883049417427 -1.9501598835935565 0
    endloop
  endfacet
  facet normal 0.7372773368101232 0.6755902076156612 0
    outer loop
      vertex 22.395448893395475 -2.1854778729342335 3.1999999999999993
      vertex 22.59583694396574 -2.4041630560342617 0
      vertex 22.395448893395475 -2.1854778729342335 0
    endloop
  endfacet
  facet normal 0.6755902076156589 0.7372773368101254 0
    outer loop
      vertex 22.59583694396574 -2.4041630560342617 3.1999999999999993
      vertex 22.814522127065768 -2.604551106604525 0
      vertex 22.59583694396574 -2.4041630560342617 0
    endloop
  endfacet
  facet normal 0.608761429008724 0.7933533402912326 0
    outer loop
      vertex 22.814522127065768 -2.604551106604525 3.1999999999999993
      vertex 23.049840116406443 -2.785116950582572 0
      vertex 22.814522127065768 -2.604551106604525 0
    endloop
  endfacet
  facet normal 0.5372996083468226 0.8433914458128865 0
    outer loop
      vertex 23.049840116406443 -2.785116950582572 3.1999999999999993
      vertex 23.3 -2.9444863728670914 0
      vertex 23.049840116406443 -2.785116950582572 0
    endloop
  endfacet
  facet normal 0.46174861323503236 0.8870108331782225 0
    outer loop
      vertex 23.3 -2.9444863728670914 3.1999999999999993
      vertex 23.563097910081623 -3.0814464759246096 0
      vertex 23.3 -2.9444863728670914 0
    endloop
  endfacet
  facet normal 0.38268343236509367 0.9238795325112851 0
    outer loop
      vertex 23.563097910081623 -3.0814464759246096 3.1999999999999993
      vertex 23.837131512692725 -3.1949549106720885 0
      vertex 23.563097910081623 -3.0814464759246096 0
    endloop
  endfacet
  facet normal 0.30070579950427123 0.9537169507482275 0
    outer loop
      vertex 23.837131512692725 -3.1949549106720885 3.1999999999999993
      vertex 24.12001524665143 -3.2841478093828322 0
      vertex 23.837131512692725 -3.1949549106720885 0
    endloop
  endfacet
  facet normal 0 0 -1
    outer loop
      vertex 23.837131512692725 3.1949549106720885 3.1999999999999993
      vertex 24.12001524665143 3.2841478093828322 3.1999999999999993
      vertex 24.239287128866742 1.63135401666597 3.1999999999999993
    endloop
  endfacet
  facet normal 0 0 -1
    outer loop
      vertex 24.12001524665143 3.2841478093828322 3.1999999999999993
      vertex 24.409596195932437 3.348346360241507 3.1999999999999993
      vertex 24.534125718815464 1.738666487320323 3.1999999999999993
    endloop
  endfacet
  facet normal 0 0 -1
    outer loop
      vertex 24.409596195932437 3.348346360241507 3.1999999999999993
      vertex 24.70367047465796 3.3870619735119347 3.1999999999999993
      vertex 24.843119663054214 1.793150456565142 3.1999999999999993
    endloop
  endfacet
  facet normal 0 0 -1
    outer loop
      vertex 24.70367047465796 3.3870619735119347 3.1999999999999993
      vertex 25 3.4 3.1999999999999993
      vertex 25 1.8 3.1999999999999993
    endloop
  endfacet
  facet normal 0 0 -1
    outer loop
      vertex 24.409596195932437 3.348346360241507 3.1999999999999993
      vertex 24.687433280199524 1.7726539554219745 3.1999999999999993
      vertex 24.534125718815464 1.738666487320323 3.1999999999999993
    endloop
  endfacet
  facet normal 0 0 -1
    outer loop
      vertex 24.409596195932437 3.348346360241507 3.1999999999999993
      vertex 24.843119663054214 1.793150456565142 3.1999999999999993
      vertex 24.687433280199524 1.7726539554219745 3.1999999999999993
    endloop
  endfacet
  facet normal 0 0 -1
    outer loop
      vertex 24.70367047465796 3.3870619735119347 3.1999999999999993
      vertex 25 1.8 3.1999999999999993
      vertex 24.843119663054214 1.793150456565142 3.1999999999999993
    endloop
  endfacet
  facet normal 0 0 -1
    outer loop
      vertex 25 3.4 3.1999999999999993
      vertex 25.29632952534204 3.3870619735119347 3.1999999999999993
      vertex 25.156880336945786 1.793150456565142 3.1999999999999993
    endloop
  endfacet
  facet normal 0 0 -1
    outer loop
      vertex 25.29632952534204 3.3870619735119347 3.1999999999999993
      vertex 25.590403804067563 3.348346360241507 3.1999999999999993
      vertex 25.465874281184536 1.738666487320323 3.1999999999999993
    endloop
  endfacet
  facet normal 0 0 -1
    outer loop
      vertex 25 3.4 3.1999999999999993
      vertex 25.156880336945786 1.793150456565142 3.1999999999999993
      vertex 25 1.8 3.1999999999999993
    endloop
  endfacet
  facet normal 0 0 -1
    outer loop
      vertex 25.29632952534204 3.3870619735119347 3.1999999999999993
      vertex 25.312566719800476 1.7726539554219745 3.1999999999999993
      vertex 25.156880336945786 1.793150456565142 3.1999999999999993
    endloop
  endfacet
  facet normal 0 0 -1
    outer loop
      vertex 25.29632952534204 3.3870619735119347 3.1999999999999993
      vertex 25.465874281184536 1.738666487320323 3.1999999999999993
      vertex 25.312566719800476 1.7726539554219745 3.1999999999999993
    endloop
  endfacet
  facet normal 0 0 -1
    outer loop
      vertex 25.590403804067563 3.348346360241507 3.1999999999999993
      vertex 25.87998475334857 3.2841478093828322 3.1999999999999993
      vertex 25.760712871133258 1.63135401666597 3.1999999999999993
    endloop
  endfacet
  facet normal 0 0 -1
    outer loop
      vertex 25.590403804067563 3.348346360241507 3.1999999999999993
      vertex 25.615636257986203 1.6914467174146353 3.1999999999999993
      vertex 25.465874281184536 1.738666487320323 3.1999999999999993
    endloop
  endfacet
  facet normal 0.2164396139381023 -0.9762960071199335 0
    outer loop
      vertex 24.12001524665143 3.2841478093828322 3.1999999999999993
      vertex 24.12001524665143 3.2841478093828322 0
      vertex 24.409596195932437 3.348346360241507 3.1999999999999993
    endloop
  endfacet
  facet normal 0.1305261922200526 -0.9914448613738103 0
    outer loop
      vertex 24.409596195932437 3.348346360241507 3.1999999999999993
      vertex 24.409596195932437 3.348346360241507 0
      vertex 24.70367047465796 3.3870619735119347 3.1999999999999993
    endloop
  endfacet
  facet normal 0.04361938736533592 -0.9990482215818578 0
    outer loop
      vertex 24.70367047465796 3.3870619735119347 3.1999999999999993
      vertex 24.70367047465796 3.3870619735119347 0
      vertex 25 3.4 3.1999999999999993
    endloop
  endfacet
  facet normal -0.04361938736533592 -0.9990482215818578 0
    outer loop
      vertex 25 3.4 3.1999999999999993
      vertex 25 3.4 0
      vertex 25.29632952534204 3.3870619735119347 3.1999999999999993
    endloop
  endfacet
  facet normal -0.1305261922200526 -0.9914448613738103 0
    outer loop
      vertex 25.29632952534204 3.3870619735119347 3.1999999999999993
      vertex 25.29632952534204 3.3870619735119347 0
      vertex 25.590403804067563 3.348346360241507 3.1999999999999993
    endloop
  endfacet
  facet normal -0.2164396139381023 -0.9762960071199335 0
    outer loop
      vertex 25.590403804067563 3.348346360241507 3.1999999999999993
      vertex 25.590403804067563 3.348346360241507 0
      vertex 25.87998475334857 3.2841478093828322 3.1999999999999993
    endloop
  endfacet
  facet normal -0.30070579950427123 -0.9537169507482275 0
    outer loop
      vertex 25.87998475334857 3.2841478093828322 3.1999999999999993
      vertex 25.87998475334857 3.2841478093828322 0
      vertex 26.162868487307275 3.1949549106720885 3.1999999999999993
    endloop
  endfacet
  facet normal 0 0 -1
    outer loop
      vertex 25.87998475334857 3.2841478093828322 3.1999999999999993
      vertex 26.162868487307275 3.1949549106720885 3.1999999999999993
      vertex 26.032437585431882 1.4744736797201852 3.1999999999999993
    endloop
  endfacet
  facet normal 0 0 -1
    outer loop
      vertex 26.162868487307275 3.1949549106720885 3.1999999999999993
      vertex 26.436902089918377 3.0814464759246096 3.1999999999999993
      vertex 26.272792206135787 1.2727922061357857 3.1999999999999993
    endloop
  endfacet
  facet normal 0 0 -1
    outer loop
      vertex 26.436902089918377 3.0814464759246096 3.1999999999999993
      vertex 26.7 2.9444863728670914 3.1999999999999993
      vertex 26.558845726811988 0.9 3.1999999999999993
    endloop
  endfacet
  facet normal -0.38268343236509367 -0.9238795325112851 0
    outer loop
      vertex 26.162868487307275 3.1949549106720885 3.1999999999999993
      vertex 26.162868487307275 3.1949549106720885 0
      vertex 26.436902089918377 3.0814464759246096 3.1999999999999993
    endloop
  endfacet
  facet normal -0.46174861323503236 -0.8870108331782225 0
    outer loop
      vertex 26.436902089918377 3.0814464759246096 3.1999999999999993
      vertex 26.436902089918377 3.0814464759246096 0
      vertex 26.7 2.9444863728670914 3.1999999999999993
    endloop
  endfacet
  facet normal -0.5372996083468226 -0.8433914458128865 0
    outer loop
      vertex 26.7 2.9444863728670914 3.1999999999999993
      vertex 26.7 2.9444863728670914 0
      vertex 26.950159883593557 2.785116950582572 3.1999999999999993
    endloop
  endfacet
  facet normal -0.608761429008724 -0.7933533402912326 0
    outer loop
      vertex 26.950159883593557 2.785116950582572 3.1999999999999993
      vertex 26.950159883593557 2.785116950582572 0
      vertex 27.185477872934232 2.604551106604525 3.1999999999999993
    endloop
  endfacet
  facet normal -0.6755902076156589 -0.7372773368101254 0
    outer loop
      vertex 27.185477872934232 2.604551106604525 3.1999999999999993
      vertex 27.185477872934232 2.604551106604525 0
      vertex 27.40416305603426 2.4041630560342617 3.1999999999999993
    endloop
  endfacet
  facet normal -0.7372773368101232 -0.6755902076156612 0
    outer loop
      vertex 27.40416305603426 2.4041630560342617 3.1999999999999993
      vertex 27.40416305603426 2.4041630560342617 0
      vertex 27.604551106604525 2.1854778729342335 3.1999999999999993
    endloop
  endfacet
  facet normal 0.30070579950427123 -0.9537169507482275 1.0257814395824494e-18
    outer loop
      vertex 23.837131512692725 3.1949549106720885 0
      vertex 24.12001524665143 3.2841478093828322 0
      vertex 24.12001524665143 3.2841478093828322 3.1999999999999993
    endloop
  endfacet
  facet normal 0.2164396139381023 -0.9762960071199335 0
    outer loop
      vertex 24.409596195932437 3.348346360241507 3.1999999999999993
      vertex 24.12001524665143 3.2841478093828322 0
      vertex 24.409596195932437 3.348346360241507 0
    endloop
  endfacet
  facet normal 0.1305261922200526 -0.9914448613738103 0
    outer loop
      vertex 24.70367047465796 3.3870619735119347 3.1999999999999993
      vertex 24.409596195932437 3.348346360241507 0
      vertex 24.70367047465796 3.3870619735119347 0
    endloop
  endfacet
  facet normal 0.04361938736533592 -0.9990482215818578 0
    outer loop
      vertex 25 3.4 3.1999999999999993
      vertex 24.70367047465796 3.3870619735119347 0
      vertex 25 3.4 0
    endloop
  endfacet
  facet normal -0.04361938736533592 -0.9990482215818578 0
    outer loop
      vertex 25.29632952534204 3.3870619735119347 3.1999999999999993
      vertex 25 3.4 0
      vertex 25.29632952534204 3.3870619735119347 0
    endloop
  endfacet
  facet normal -0.1305261922200526 -0.9914448613738103 0
    outer loop
      vertex 25.590403804067563 3.348346360241507 3.1999999999999993
      vertex 25.29632952534204 3.3870619735119347 0
      vertex 25.590403804067563 3.348346360241507 0
    endloop
  endfacet
  facet normal -0.2164396139381023 -0.9762960071199335 0
    outer loop
      vertex 25.87998475334857 3.2841478093828322 3.1999999999999993
      vertex 25.590403804067563 3.348346360241507 0
      vertex 25.87998475334857 3.2841478093828322 0
    endloop
  endfacet
  facet normal -0.30070579950427123 -0.9537169507482275 0
    outer loop
      vertex 26.162868487307275 3.1949549106720885 3.1999999999999993
      vertex 25.87998475334857 3.2841478093828322 0
      vertex 26.162868487307275 3.1949549106720885 0
    endloop
  endfacet
  facet normal -0.38268343236509367 -0.9238795325112851 0
    outer loop
      vertex 26.436902089918377 3.0814464759246096 3.1999999999999993
      vertex 26.162868487307275 3.1949549106720885 0
      vertex 26.436902089918377 3.0814464759246096 0
    endloop
  endfacet
  facet normal -0.46174861323503236 -0.8870108331782225 0
    outer loop
      vertex 26.7 2.9444863728670914 3.1999999999999993
      vertex 26.436902089918377 3.0814464759246096 0
      vertex 26.7 2.9444863728670914 0
    endloop
  endfacet
  facet normal -0.5372996083468226 -0.8433914458128865 0
    outer loop
      vertex 26.950159883593557 2.785116950582572 3.1999999999999993
      vertex 26.7 2.9444863728670914 0
      vertex 26.950159883593557 2.785116950582572 0
    endloop
  endfacet
  facet normal -0.608761429008724 -0.7933533402912326 0
    outer loop
      vertex 27.185477872934232 2.604551106604525 3.1999999999999993
      vertex 26.950159883593557 2.785116950582572 0
      vertex 27.185477872934232 2.604551106604525 0
    endloop
  endfacet
  facet normal -0.6755902076156589 -0.7372773368101254 0
    outer loop
      vertex 27.40416305603426 2.4041630560342617 3.1999999999999993
      vertex 27.185477872934232 2.604551106604525 0
      vertex 27.40416305603426 2.4041630560342617 0
    endloop
  endfacet
  facet normal -0.7372773368101232 -0.6755902076156612 6.905038778231004e-19
    outer loop
      vertex 27.40416305603426 2.4041630560342617 0
      vertex 27.604551106604525 2.1854778729342335 0
      vertex 27.604551106604525 2.1854778729342335 3.1999999999999993
    endloop
  endfacet
  facet normal 0 0 -1
    outer loop
      vertex 23.837131512692725 3.1949549106720885 3.1999999999999993
      vertex 24.239287128866742 1.63135401666597 3.1999999999999993
      vertex 24.1 1.5588457268119895 3.1999999999999993
    endloop
  endfacet
  facet normal 0 0 -1
    outer loop
      vertex 24.12001524665143 3.2841478093828322 3.1999999999999993
      vertex 24.384363742013797 1.6914467174146353 3.1999999999999993
      vertex 24.239287128866742 1.63135401666597 3.1999999999999993
    endloop
  endfacet
  facet normal 0 0 -1
    outer loop
      vertex 24.12001524665143 3.2841478093828322 3.1999999999999993
      vertex 24.534125718815464 1.738666487320323 3.1999999999999993
      vertex 24.384363742013797 1.6914467174146353 3.1999999999999993
    endloop
  endfacet
  facet normal 0 0 -1
    outer loop
      vertex 25.590403804067563 3.348346360241507 3.1999999999999993
      vertex 25.760712871133258 1.63135401666597 3.1999999999999993
      vertex 25.615636257986203 1.6914467174146353 3.1999999999999993
    endloop
  endfacet
  facet normal 0 0 -1
    outer loop
      vertex 25.87998475334857 3.2841478093828322 3.1999999999999993
      vertex 25.9 1.5588457268119895 3.1999999999999993
      vertex 25.760712871133258 1.63135401666597 3.1999999999999993
    endloop
  endfacet
  facet normal 0 0 -1
    outer loop
      vertex 25.87998475334857 3.2841478093828322 3.1999999999999993
      vertex 26.032437585431882 1.4744736797201852 3.1999999999999993
      vertex 25.9 1.5588457268119895 3.1999999999999993
    endloop
  endfacet
  facet normal 0 0 -1
    outer loop
      vertex 26.162868487307275 3.1949549106720885 3.1999999999999993
      vertex 26.15701769743577 1.3788799976141604 3.1999999999999993
      vertex 26.032437585431882 1.4744736797201852 3.1999999999999993
    endloop
  endfacet
  facet normal 0 0 -1
    outer loop
      vertex 26.162868487307275 3.1949549106720885 3.1999999999999993
      vertex 26.272792206135787 1.2727922061357857 3.1999999999999993
      vertex 26.15701769743577 1.3788799976141604 3.1999999999999993
    endloop
  endfacet
  facet normal 0 0 -1
    outer loop
      vertex 26.436902089918377 3.0814464759246096 3.1999999999999993
      vertex 26.37887999761416 1.1570176974357707 3.1999999999999993
      vertex 26.272792206135787 1.2727922061357857 3.1999999999999993
    endloop
  endfacet
  facet normal 0 0 -1
    outer loop
      vertex 26.436902089918377 3.0814464759246096 3.1999999999999993
      vertex 26.474473679720184 1.032437585431883 3.1999999999999993
      vertex 26.37887999761416 1.1570176974357707 3.1999999999999993
    endloop
  endfacet
  facet normal 0 0 -1
    outer loop
      vertex 26.436902089918377 3.0814464759246096 3.1999999999999993
      vertex 26.558845726811988 0.9 3.1999999999999993
      vertex 26.474473679720184 1.032437585431883 3.1999999999999993
    endloop
  endfacet
  facet normal 0 0 -1
    outer loop
      vertex 26.7 2.9444863728670914 3.1999999999999993
      vertex 26.63135401666597 0.760712871133259 3.1999999999999993
      vertex 26.558845726811988 0.9 3.1999999999999993
    endloop
  endfacet
  facet normal 0 0 -1
    outer loop
      vertex 26.7 2.9444863728670914 3.1999999999999993
      vertex 26.691446717414635 0.6156362579862037 3.1999999999999993
      vertex 26.63135401666597 0.760712871133259 3.1999999999999993
    endloop
  endfacet
  facet normal 0 0 -1
    outer loop
      vertex 26.7 2.9444863728670914 3.1999999999999993
      vertex 26.738666487320323 0.46587428118453733 3.1999999999999993
      vertex 26.691446717414635 0.6156362579862037 3.1999999999999993
    endloop
  endfacet
  facet normal 0 0 -1
    outer loop
      vertex 26.7 2.9444863728670914 3.1999999999999993
      vertex 26.772653955421973 0.3125667198004746 3.1999999999999993
      vertex 26.738666487320323 0.46587428118453733 3.1999999999999993
    endloop
  endfacet
  facet normal 0 0 -1
    outer loop
      vertex 26.7 2.9444863728670914 3.1999999999999993
      vertex 26.793150456565144 0.1568803369457847 3.1999999999999993
      vertex 26.772653955421973 0.3125667198004746 3.1999999999999993
    endloop
  endfacet
  facet normal 0 0 -1
    outer loop
      vertex 26.7 2.9444863728670914 3.1999999999999993
      vertex 26.950159883593557 2.785116950582572 3.1999999999999993
      vertex 26.950159883593557 -2.785116950582572 3.1999999999999993
    endloop
  endfacet
  facet normal 0 0 -1
    outer loop
      vertex 26.950159883593557 2.785116950582572 3.1999999999999993
      vertex 27.185477872934232 2.604551106604525 3.1999999999999993
      vertex 27.185477872934232 -2.604551106604525 3.1999999999999993
    endloop
  endfacet
  facet normal 0 0 -1
    outer loop
      vertex 27.185477872934232 2.604551106604525 3.1999999999999993
      vertex 27.40416305603426 2.4041630560342617 3.1999999999999993
      vertex 27.40416305603426 -2.4041630560342617 3.1999999999999993
    endloop
  endfacet
  facet normal 0 0 -1
    outer loop
      vertex 27.40416305603426 2.4041630560342617 3.1999999999999993
      vertex 27.604551106604525 2.1854778729342335 3.1999999999999993
      vertex 27.604551106604525 -2.1854778729342335 3.1999999999999993
    endloop
  endfacet
  facet normal 0 0 -1
    outer loop
      vertex 27.604551106604525 2.1854778729342335 3.1999999999999993
      vertex 27.785116950582573 1.9501598835935565 3.1999999999999993
      vertex 27.785116950582573 -1.9501598835935565 3.1999999999999993
    endloop
  endfacet
  facet normal -0.7933533402912332 -0.6087614290087233 0
    outer loop
      vertex 27.604551106604525 2.1854778729342335 3.1999999999999993
      vertex 27.604551106604525 2.1854778729342335 0
      vertex 27.785116950582573 1.9501598835935565 3.1999999999999993
    endloop
  endfacet
  facet normal -0.8433914458128897 -0.5372996083468174 0
    outer loop
      vertex 27.785116950582573 1.9501598835935565 3.1999999999999993
      vertex 27.785116950582573 1.9501598835935565 0
      vertex 27.94448637286709 1.7 3.1999999999999993
    endloop
  endfacet
  facet normal -0.887010833178222 -0.46174861323503325 0
    outer loop
      vertex 27.94448637286709 1.7 3.1999999999999993
      vertex 27.94448637286709 1.7 0
      vertex 28.081446475924608 1.436902089918378 3.1999999999999993
    endloop
  endfacet
  facet normal 0 0 -1
    outer loop
      vertex 26.7 2.9444863728670914 3.1999999999999993
      vertex 26.950159883593557 -2.785116950582572 3.1999999999999993
      vertex 26.793150456565144 0.1568803369457847 3.1999999999999993
    endloop
  endfacet
  facet normal 0 0 -1
    outer loop
      vertex 27.785116950582573 1.9501598835935565 3.1999999999999993
      vertex 27.94448637286709 1.7 3.1999999999999993
      vertex 27.94448637286709 -1.7 3.1999999999999993
    endloop
  endfacet
  facet normal 0 0 -1
    outer loop
      vertex 26.950159883593557 2.785116950582572 3.1999999999999993
      vertex 27.185477872934232 -2.604551106604525 3.1999999999999993
      vertex 26.950159883593557 -2.785116950582572 3.1999999999999993
    endloop
  endfacet
  facet normal 0 0 -1
    outer loop
      vertex 27.185477872934232 2.604551106604525 3.1999999999999993
      vertex 27.40416305603426 -2.4041630560342617 3.1999999999999993
      vertex 27.185477872934232 -2.604551106604525 3.1999999999999993
    endloop
  endfacet
  facet normal 0 0 -1
    outer loop
      vertex 27.40416305603426 2.4041630560342617 3.1999999999999993
      vertex 27.604551106604525 -2.1854778729342335 3.1999999999999993
      vertex 27.40416305603426 -2.4041630560342617 3.1999999999999993
    endloop
  endfacet
  facet normal 0 0 -1
    outer loop
      vertex 27.94448637286709 1.7 3.1999999999999993
      vertex 28.081446475924608 -1.436902089918378 3.1999999999999993
      vertex 27.94448637286709 -1.7 3.1999999999999993
    endloop
  endfacet
  facet normal 0 0 -1
    outer loop
      vertex 27.604551106604525 2.1854778729342335 3.1999999999999993
      vertex 27.785116950582573 -1.9501598835935565 3.1999999999999993
      vertex 27.604551106604525 -2.1854778729342335 3.1999999999999993
    endloop
  endfacet
  facet normal 0 0 -1
    outer loop
      vertex 27.785116950582573 1.9501598835935565 3.1999999999999993
      vertex 27.94448637286709 -1.7 3.1999999999999993
      vertex 27.785116950582573 -1.9501598835935565 3.1999999999999993
    endloop
  endfacet
  facet normal -0.7933533402912332 -0.6087614290087233 0
    outer loop
      vertex 27.785116950582573 1.9501598835935565 3.1999999999999993
      vertex 27.604551106604525 2.1854778729342335 0
      vertex 27.785116950582573 1.9501598835935565 0
    endloop
  endfacet
  facet normal -0.8433914458128897 -0.5372996083468174 0
    outer loop
      vertex 27.94448637286709 1.7 3.1999999999999993
      vertex 27.785116950582573 1.9501598835935565 0
      vertex 27.94448637286709 1.7 0
    endloop
  endfacet
  facet normal 0 0 -1
    outer loop
      vertex 23.967562414568118 -1.4744736797201852 3.1999999999999993
      vertex 24.1 -1.5588457268119895 3.1999999999999993
      vertex 24.12001524665143 -3.2841478093828322 3.1999999999999993
    endloop
  endfacet
  facet normal 0 0 -1
    outer loop
      vertex 24.1 -1.5588457268119895 3.1999999999999993
      vertex 24.239287128866742 -1.63135401666597 3.1999999999999993
      vertex 24.12001524665143 -3.2841478093828322 3.1999999999999993
    endloop
  endfacet
  facet normal 0 0 -1
    outer loop
      vertex 24.239287128866742 -1.63135401666597 3.1999999999999993
      vertex 24.384363742013797 -1.6914467174146353 3.1999999999999993
      vertex 24.409596195932437 -3.348346360241507 3.1999999999999993
    endloop
  endfacet
  facet normal 0 0 -1
    outer loop
      vertex 24.384363742013797 -1.6914467174146353 3.1999999999999993
      vertex 24.534125718815464 -1.738666487320323 3.1999999999999993
      vertex 24.409596195932437 -3.348346360241507 3.1999999999999993
    endloop
  endfacet
  facet normal 0 0 -1
    outer loop
      vertex 24.534125718815464 -1.738666487320323 3.1999999999999993
      vertex 24.687433280199524 -1.7726539554219745 3.1999999999999993
      vertex 24.70367047465796 -3.3870619735119347 3.1999999999999993
    endloop
  endfacet
  facet normal 0 0 -1
    outer loop
      vertex 24.687433280199524 -1.7726539554219745 3.1999999999999993
      vertex 24.843119663054214 -1.793150456565142 3.1999999999999993
      vertex 24.70367047465796 -3.3870619735119347 3.1999999999999993
    endloop
  endfacet
  facet normal 0 0 -1
    outer loop
      vertex 24.843119663054214 -1.793150456565142 3.1999999999999993
      vertex 25 -1.8 3.1999999999999993
      vertex 25 -3.4 3.1999999999999993
    endloop
  endfacet
  facet normal 0 0 -1
    outer loop
      vertex 25 -1.8 3.1999999999999993
      vertex 25.156880336945786 -1.793150456565142 3.1999999999999993
      vertex 25.29632952534204 -3.3870619735119347 3.1999999999999993
    endloop
  endfacet
  facet normal 0 0 -1
    outer loop
      vertex 25.156880336945786 -1.793150456565142 3.1999999999999993
      vertex 25.312566719800476 -1.7726539554219745 3.1999999999999993
      vertex 25.590403804067563 -3.348346360241507 3.1999999999999993
    endloop
  endfacet
  facet normal 0 0 -1
    outer loop
      vertex 25.312566719800476 -1.7726539554219745 3.1999999999999993
      vertex 25.465874281184536 -1.738666487320323 3.1999999999999993
      vertex 25.590403804067563 -3.348346360241507 3.1999999999999993
    endloop
  endfacet
  facet normal 0 0 -1
    outer loop
      vertex 25.465874281184536 -1.738666487320323 3.1999999999999993
      vertex 25.615636257986203 -1.6914467174146353 3.1999999999999993
      vertex 25.87998475334857 -3.2841478093828322 3.1999999999999993
    endloop
  endfacet
  facet normal 0 0 -1
    outer loop
      vertex 25.760712871133258 -1.63135401666597 3.1999999999999993
      vertex 25.87998475334857 -3.2841478093828322 3.1999999999999993
      vertex 25.615636257986203 -1.6914467174146353 3.1999999999999993
    endloop
  endfacet
  facet normal 0 0 -1
    outer loop
      vertex 25.760712871133258 -1.63135401666597 3.1999999999999993
      vertex 25.9 -1.5588457268119895 3.1999999999999993
      vertex 26.162868487307275 -3.1949549106720885 3.1999999999999993
    endloop
  endfacet
  facet normal 0 0 -1
    outer loop
      vertex 24.239287128866742 -1.63135401666597 3.1999999999999993
      vertex 24.409596195932437 -3.348346360241507 3.1999999999999993
      vertex 24.12001524665143 -3.2841478093828322 3.1999999999999993
    endloop
  endfacet
  facet normal 0 0 -1
    outer loop
      vertex 24.534125718815464 -1.738666487320323 3.1999999999999993
      vertex 24.70367047465796 -3.3870619735119347 3.1999999999999993
      vertex 24.409596195932437 -3.348346360241507 3.1999999999999993
    endloop
  endfacet
  facet normal 0 0 -1
    outer loop
      vertex 24.843119663054214 -1.793150456565142 3.1999999999999993
      vertex 25 -3.4 3.1999999999999993
      vertex 24.70367047465796 -3.3870619735119347 3.1999999999999993
    endloop
  endfacet
  facet normal 0 0 -1
    outer loop
      vertex 25 -1.8 3.1999999999999993
      vertex 25.29632952534204 -3.3870619735119347 3.1999999999999993
      vertex 25 -3.4 3.1999999999999993
    endloop
  endfacet
  facet normal 0 0 -1
    outer loop
      vertex 25.156880336945786 -1.793150456565142 3.1999999999999993
      vertex 25.590403804067563 -3.348346360241507 3.1999999999999993
      vertex 25.29632952534204 -3.3870619735119347 3.1999999999999993
    endloop
  endfacet
  facet normal 0 0 -1
    outer loop
      vertex 25.465874281184536 -1.738666487320323 3.1999999999999993
      vertex 25.87998475334857 -3.2841478093828322 3.1999999999999993
      vertex 25.590403804067563 -3.348346360241507 3.1999999999999993
    endloop
  endfacet
  facet normal 0 0 -1
    outer loop
      vertex 25.760712871133258 -1.63135401666597 3.1999999999999993
      vertex 26.162868487307275 -3.1949549106720885 3.1999999999999993
      vertex 25.87998475334857 -3.2841478093828322 3.1999999999999993
    endloop
  endfacet
  facet normal 0.30070579950427123 0.9537169507482275 -1.0257814395824494e-18
    outer loop
      vertex 23.837131512692725 -3.1949549106720885 3.1999999999999993
      vertex 24.12001524665143 -3.2841478093828322 3.1999999999999993
      vertex 24.12001524665143 -3.2841478093828322 0
    endloop
  endfacet
  facet normal 0.2164396139381023 0.9762960071199335 -2.888889486883167e-19
    outer loop
      vertex 24.12001524665143 -3.2841478093828322 3.1999999999999993
      vertex 24.409596195932437 -3.348346360241507 3.1999999999999993
      vertex 24.409596195932437 -3.348346360241507 0
    endloop
  endfacet
  facet normal 0.1305261922200526 0.9914448613738103 -3.876971854974097e-19
    outer loop
      vertex 24.409596195932437 -3.348346360241507 3.1999999999999993
      vertex 24.70367047465796 -3.3870619735119347 3.1999999999999993
      vertex 24.70367047465796 -3.3870619735119347 0
    endloop
  endfacet
  facet normal 0.04361938736533592 0.9990482215818578 1.159057051399527e-19
    outer loop
      vertex 24.70367047465796 -3.3870619735119347 3.1999999999999993
      vertex 25 -3.4 3.1999999999999993
      vertex 25 -3.4 0
    endloop
  endfacet
  facet normal -0.04361938736533592 0.9990482215818578 -1.159057051399527e-19
    outer loop
      vertex 25 -3.4 3.1999999999999993
      vertex 25.29632952534204 -3.3870619735119347 3.1999999999999993
      vertex 25.29632952534204 -3.3870619735119347 0
    endloop
  endfacet
  facet normal -0.1305261922200526 0.9914448613738103 3.876971854974097e-19
    outer loop
      vertex 25.29632952534204 -3.3870619735119347 3.1999999999999993
      vertex 25.590403804067563 -3.348346360241507 3.1999999999999993
      vertex 25.590403804067563 -3.348346360241507 0
    endloop
  endfacet
  facet normal -0.2164396139381023 0.9762960071199335 2.888889486883167e-19
    outer loop
      vertex 25.590403804067563 -3.348346360241507 3.1999999999999993
      vertex 25.87998475334857 -3.2841478093828322 3.1999999999999993
      vertex 25.87998475334857 -3.2841478093828322 0
    endloop
  endfacet
  facet normal 0 0 -1
    outer loop
      vertex 26.793150456565144 0.1568803369457847 3.1999999999999993
      vertex 26.950159883593557 -2.785116950582572 3.1999999999999993
      vertex 26.8 0 3.1999999999999993
    endloop
  endfacet
  facet normal 0 0 -1
    outer loop
      vertex 26.8 0 3.1999999999999993
      vertex 26.950159883593557 -2.785116950582572 3.1999999999999993
      vertex 26.793150456565144 -0.1568803369457847 3.1999999999999993
    endloop
  endfacet
  facet normal 0 0 -1
    outer loop
      vertex 26.793150456565144 -0.1568803369457847 3.1999999999999993
      vertex 26.950159883593557 -2.785116950582572 3.1999999999999993
      vertex 26.772653955421973 -0.3125667198004746 3.1999999999999993
    endloop
  endfacet
  facet normal 0 0 -1
    outer loop
      vertex 26.738666487320323 -0.46587428118453733 3.1999999999999993
      vertex 26.772653955421973 -0.3125667198004746 3.1999999999999993
      vertex 26.950159883593557 -2.785116950582572 3.1999999999999993
    endloop
  endfacet
  facet normal 0 0 -1
    outer loop
      vertex 26.691446717414635 -0.6156362579862037 3.1999999999999993
      vertex 26.7 -2.9444863728670914 3.1999999999999993
      vertex 26.63135401666597 -0.760712871133259 3.1999999999999993
    endloop
  endfacet
  facet normal 0 0 -1
    outer loop
      vertex 26.474473679720184 -1.032437585431883 3.1999999999999993
      vertex 26.558845726811988 -0.9 3.1999999999999993
      vertex 26.7 -2.9444863728670914 3.1999999999999993
    endloop
  endfacet
  facet normal 0 0 -1
    outer loop
      vertex 26.63135401666597 -0.760712871133259 3.1999999999999993
      vertex 26.7 -2.9444863728670914 3.1999999999999993
      vertex 26.558845726811988 -0.9 3.1999999999999993
    endloop
  endfacet
  facet normal 0 0 -1
    outer loop
      vertex 26.738666487320323 -0.46587428118453733 3.1999999999999993
      vertex 26.950159883593557 -2.785116950582572 3.1999999999999993
      vertex 26.691446717414635 -0.6156362579862037 3.1999999999999993
    endloop
  endfacet
  facet normal 0 0 -1
    outer loop
      vertex 26.15701769743577 -1.3788799976141604 3.1999999999999993
      vertex 26.162868487307275 -3.1949549106720885 3.1999999999999993
      vertex 26.032437585431882 -1.4744736797201852 3.1999999999999993
    endloop
  endfacet
  facet normal 0 0 -1
    outer loop
      vertex 26.37887999761416 -1.1570176974357707 3.1999999999999993
      vertex 26.436902089918377 -3.0814464759246096 3.1999999999999993
      vertex 26.272792206135787 -1.2727922061357857 3.1999999999999993
    endloop
  endfacet
  facet normal 0 0 -1
    outer loop
      vertex 26.15701769743577 -1.3788799976141604 3.1999999999999993
      vertex 26.272792206135787 -1.2727922061357857 3.1999999999999993
      vertex 26.436902089918377 -3.0814464759246096 3.1999999999999993
    endloop
  endfacet
  facet normal 0 0 -1
    outer loop
      vertex 25.9 -1.5588457268119895 3.1999999999999993
      vertex 26.032437585431882 -1.4744736797201852 3.1999999999999993
      vertex 26.162868487307275 -3.1949549106720885 3.1999999999999993
    endloop
  endfacet
  facet normal 0 0 -1
    outer loop
      vertex 26.474473679720184 -1.032437585431883 3.1999999999999993
      vertex 26.7 -2.9444863728670914 3.1999999999999993
      vertex 26.37887999761416 -1.1570176974357707 3.1999999999999993
    endloop
  endfacet
  facet normal 0 0 -1
    outer loop
      vertex 26.37887999761416 -1.1570176974357707 3.1999999999999993
      vertex 26.7 -2.9444863728670914 3.1999999999999993
      vertex 26.436902089918377 -3.0814464759246096 3.1999999999999993
    endloop
  endfacet
  facet normal 0 0 -1
    outer loop
      vertex 26.691446717414635 -0.6156362579862037 3.1999999999999993
      vertex 26.950159883593557 -2.785116950582572 3.1999999999999993
      vertex 26.7 -2.9444863728670914 3.1999999999999993
    endloop
  endfacet
  facet normal -0.7933533402912332 0.6087614290087233 0
    outer loop
      vertex 27.785116950582573 -1.9501598835935565 3.1999999999999993
      vertex 27.785116950582573 -1.9501598835935565 0
      vertex 27.604551106604525 -2.1854778729342335 3.1999999999999993
    endloop
  endfacet
  facet normal -0.8433914458128897 0.5372996083468174 0
    outer loop
      vertex 27.94448637286709 -1.7 3.1999999999999993
      vertex 27.94448637286709 -1.7 0
      vertex 27.785116950582573 -1.9501598835935565 3.1999999999999993
    endloop
  endfacet
  facet normal -0.7372773368101232 0.6755902076156612 -6.905038778231004e-19
    outer loop
      vertex 27.40416305603426 -2.4041630560342617 3.1999999999999993
      vertex 27.604551106604525 -2.1854778729342335 3.1999999999999993
      vertex 27.604551106604525 -2.1854778729342335 0
    endloop
  endfacet
  facet normal 0 0 -1
    outer loop
      vertex 26.15701769743577 -1.3788799976141604 3.1999999999999993
      vertex 26.436902089918377 -3.0814464759246096 3.1999999999999993
      vertex 26.162868487307275 -3.1949549106720885 3.1999999999999993
    endloop
  endfacet
  facet normal -0.38268343236509367 0.9238795325112851 -1.2342593961979296e-18
    outer loop
      vertex 26.162868487307275 -3.1949549106720885 3.1999999999999993
      vertex 26.436902089918377 -3.0814464759246096 3.1999999999999993
      vertex 26.436902089918377 -3.0814464759246096 0
    endloop
  endfacet
  facet normal -0.46174861323503236 0.8870108331782225 -3.3690912535092517e-18
    outer loop
      vertex 26.436902089918377 -3.0814464759246096 3.1999999999999993
      vertex 26.7 -2.9444863728670914 3.1999999999999993
      vertex 26.7 -2.9444863728670914 0
    endloop
  endfacet
  facet normal -0.5372996083468226 0.8433914458128865 0
    outer loop
      vertex 26.950159883593557 -2.785116950582572 3.1999999999999993
      vertex 26.950159883593557 -2.785116950582572 0
      vertex 26.7 -2.9444863728670914 3.1999999999999993
    endloop
  endfacet
  facet normal -0.30070579950427123 0.9537169507482275 1.0257814395824494e-18
    outer loop
      vertex 25.87998475334857 -3.2841478093828322 3.1999999999999993
      vertex 26.162868487307275 -3.1949549106720885 3.1999999999999993
      vertex 26.162868487307275 -3.1949549106720885 0
    endloop
  endfacet
  facet normal -0.608761429008724 0.7933533402912326 -2.4688559797238873e-18
    outer loop
      vertex 26.950159883593557 -2.785116950582572 3.1999999999999993
      vertex 27.185477872934232 -2.604551106604525 3.1999999999999993
      vertex 27.185477872934232 -2.604551106604525 0
    endloop
  endfacet
  facet normal -0.6755902076156589 0.7372773368101254 0
    outer loop
      vertex 27.40416305603426 -2.4041630560342617 3.1999999999999993
      vertex 27.40416305603426 -2.4041630560342617 0
      vertex 27.185477872934232 -2.604551106604525 3.1999999999999993
    endloop
  endfacet
  facet normal 0.2164396139381023 0.9762960071199335 0
    outer loop
      vertex 24.12001524665143 -3.2841478093828322 3.1999999999999993
      vertex 24.409596195932437 -3.348346360241507 0
      vertex 24.12001524665143 -3.2841478093828322 0
    endloop
  endfacet
  facet normal 0.1305261922200526 0.9914448613738103 0
    outer loop
      vertex 24.409596195932437 -3.348346360241507 3.1999999999999993
      vertex 24.70367047465796 -3.3870619735119347 0
      vertex 24.409596195932437 -3.348346360241507 0
    endloop
  endfacet
  facet normal 0.04361938736533592 0.9990482215818578 0
    outer loop
      vertex 24.70367047465796 -3.3870619735119347 3.1999999999999993
      vertex 25 -3.4 0
      vertex 24.70367047465796 -3.3870619735119347 0
    endloop
  endfacet
  facet normal -0.04361938736533592 0.9990482215818578 0
    outer loop
      vertex 25 -3.4 3.1999999999999993
      vertex 25.29632952534204 -3.3870619735119347 0
      vertex 25 -3.4 0
    endloop
  endfacet
  facet normal -0.1305261922200526 0.9914448613738103 0
    outer loop
      vertex 25.29632952534204 -3.3870619735119347 3.1999999999999993
      vertex 25.590403804067563 -3.348346360241507 0
      vertex 25.29632952534204 -3.3870619735119347 0
    endloop
  endfacet
  facet normal -0.2164396139381023 0.9762960071199335 0
    outer loop
      vertex 25.590403804067563 -3.348346360241507 3.1999999999999993
      vertex 25.87998475334857 -3.2841478093828322 0
      vertex 25.590403804067563 -3.348346360241507 0
    endloop
  endfacet
  facet normal -0.30070579950427123 0.9537169507482275 0
    outer loop
      vertex 25.87998475334857 -3.2841478093828322 3.1999999999999993
      vertex 26.162868487307275 -3.1949549106720885 0
      vertex 25.87998475334857 -3.2841478093828322 0
    endloop
  endfacet
  facet normal -0.887010833178222 0.46174861323503325 0
    outer loop
      vertex 27.94448637286709 -1.7 3.1999999999999993
      vertex 28.081446475924608 -1.436902089918378 0
      vertex 27.94448637286709 -1.7 0
    endloop
  endfacet
  facet normal -0.7372773368101232 0.6755902076156612 0
    outer loop
      vertex 27.40416305603426 -2.4041630560342617 3.1999999999999993
      vertex 27.604551106604525 -2.1854778729342335 0
      vertex 27.40416305603426 -2.4041630560342617 0
    endloop
  endfacet
  facet normal -0.8433914458128897 0.5372996083468174 0
    outer loop
      vertex 27.785116950582573 -1.9501598835935565 3.1999999999999993
      vertex 27.94448637286709 -1.7 0
      vertex 27.785116950582573 -1.9501598835935565 0
    endloop
  endfacet
  facet normal -0.7933533402912332 0.6087614290087233 0
    outer loop
      vertex 27.604551106604525 -2.1854778729342335 3.1999999999999993
      vertex 27.785116950582573 -1.9501598835935565 0
      vertex 27.604551106604525 -2.1854778729342335 0
    endloop
  endfacet
  facet normal -0.38268343236509367 0.9238795325112851 0
    outer loop
      vertex 26.162868487307275 -3.1949549106720885 3.1999999999999993
      vertex 26.436902089918377 -3.0814464759246096 0
      vertex 26.162868487307275 -3.1949549106720885 0
    endloop
  endfacet
  facet normal -0.46174861323503236 0.8870108331782225 0
    outer loop
      vertex 26.436902089918377 -3.0814464759246096 3.1999999999999993
      vertex 26.7 -2.9444863728670914 0
      vertex 26.436902089918377 -3.0814464759246096 0
    endloop
  endfacet
  facet normal -0.5372996083468226 0.8433914458128865 0
    outer loop
      vertex 26.7 -2.9444863728670914 3.1999999999999993
      vertex 26.950159883593557 -2.785116950582572 0
      vertex 26.7 -2.9444863728670914 0
    endloop
  endfacet
  facet normal -0.608761429008724 0.7933533402912326 0
    outer loop
      vertex 26.950159883593557 -2.785116950582572 3.1999999999999993
      vertex 27.185477872934232 -2.604551106604525 0
      vertex 26.950159883593557 -2.785116950582572 0
    endloop
  endfacet
  facet normal -0.6755902076156589 0.7372773368101254 0
    outer loop
      vertex 27.185477872934232 -2.604551106604525 3.1999999999999993
      vertex 27.40416305603426 -2.4041630560342617 0
      vertex 27.185477872934232 -2.604551106604525 0
    endloop
  endfacet
  facet normal -0.9238795325112849 -0.38268343236509433 0
    outer loop
      vertex 28.081446475924608 1.436902089918378 3.1999999999999993
      vertex 28.081446475924608 1.436902089918378 0
      vertex 28.194954910672088 1.1628684873072737 3.1999999999999993
    endloop
  endfacet
  facet normal -0.9537169507482252 -0.30070579950427884 0
    outer loop
      vertex 28.194954910672088 1.1628684873072737 3.1999999999999993
      vertex 28.194954910672088 1.1628684873072737 0
      vertex 28.284147809382834 0.8799847533485705 3.1999999999999993
    endloop
  endfacet
  facet normal -0.9762960071199346 -0.21643961393809746 0
    outer loop
      vertex 28.284147809382834 0.8799847533485705 3.1999999999999993
      vertex 28.284147809382834 0.8799847533485705 0
      vertex 28.348346360241507 0.5904038040675631 3.1999999999999993
    endloop
  endfacet
  facet normal 0 0 -1
    outer loop
      vertex 27.94448637286709 1.7 3.1999999999999993
      vertex 28.081446475924608 1.436902089918378 3.1999999999999993
      vertex 28.081446475924608 -1.436902089918378 3.1999999999999993
    endloop
  endfacet
  facet normal 0 0 -1
    outer loop
      vertex 28.081446475924608 1.436902089918378 3.1999999999999993
      vertex 28.194954910672088 1.1628684873072737 3.1999999999999993
      vertex 28.194954910672088 -1.1628684873072737 3.1999999999999993
    endloop
  endfacet
  facet normal 0 0 -1
    outer loop
      vertex 28.194954910672088 1.1628684873072737 3.1999999999999993
      vertex 28.284147809382834 0.8799847533485705 3.1999999999999993
      vertex 28.284147809382834 -0.8799847533485705 3.1999999999999993
    endloop
  endfacet
  facet normal 0 0 -1
    outer loop
      vertex 28.284147809382834 0.8799847533485705 3.1999999999999993
      vertex 28.348346360241507 0.5904038040675631 3.1999999999999993
      vertex 28.348346360241507 -0.5904038040675631 3.1999999999999993
    endloop
  endfacet
  facet normal 0 0 -1
    outer loop
      vertex 28.348346360241507 0.5904038040675631 3.1999999999999993
      vertex 28.387061973511933 0.29632952534203777 3.1999999999999993
      vertex 28.387061973511933 -0.29632952534203777 3.1999999999999993
    endloop
  endfacet
  facet normal 0 0 -1
    outer loop
      vertex 28.387061973511933 0.29632952534203777 3.1999999999999993
      vertex 28.4 0 3.1999999999999993
      vertex 28.387061973511933 -0.29632952534203777 3.1999999999999993
    endloop
  endfacet
  facet normal 0 0 -1
    outer loop
      vertex 28.081446475924608 1.436902089918378 3.1999999999999993
      vertex 28.194954910672088 -1.1628684873072737 3.1999999999999993
      vertex 28.081446475924608 -1.436902089918378 3.1999999999999993
    endloop
  endfacet
  facet normal 0 0 -1
    outer loop
      vertex 28.194954910672088 1.1628684873072737 3.1999999999999993
      vertex 28.284147809382834 -0.8799847533485705 3.1999999999999993
      vertex 28.194954910672088 -1.1628684873072737 3.1999999999999993
    endloop
  endfacet
  facet normal 0 0 -1
    outer loop
      vertex 28.348346360241507 0.5904038040675631 3.1999999999999993
      vertex 28.387061973511933 -0.29632952534203777 3.1999999999999993
      vertex 28.348346360241507 -0.5904038040675631 3.1999999999999993
    endloop
  endfacet
  facet normal 0 0 -1
    outer loop
      vertex 28.284147809382834 0.8799847533485705 3.1999999999999993
      vertex 28.348346360241507 -0.5904038040675631 3.1999999999999993
      vertex 28.284147809382834 -0.8799847533485705 3.1999999999999993
    endloop
  endfacet
  facet normal -0.9914448613738109 -0.13052619222004785 0
    outer loop
      vertex 28.348346360241507 0.5904038040675631 3.1999999999999993
      vertex 28.348346360241507 0.5904038040675631 0
      vertex 28.387061973511933 0.29632952534203777 3.1999999999999993
    endloop
  endfacet
  facet normal -0.9990482215818578 -0.04361938736533601 0
    outer loop
      vertex 28.387061973511933 0.29632952534203777 3.1999999999999993
      vertex 28.387061973511933 0.29632952534203777 0
      vertex 28.4 0 3.1999999999999993
    endloop
  endfacet
  facet normal -0.9990482215818578 0.04361938736533601 0
    outer loop
      vertex 28.4 0 3.1999999999999993
      vertex 28.4 0 0
      vertex 28.387061973511933 -0.29632952534203777 3.1999999999999993
    endloop
  endfacet
  facet normal -0.9914448613738109 0.13052619222004785 0
    outer loop
      vertex 28.387061973511933 -0.29632952534203777 3.1999999999999993
      vertex 28.387061973511933 -0.29632952534203777 0
      vertex 28.348346360241507 -0.5904038040675631 3.1999999999999993
    endloop
  endfacet
  facet normal -0.9762960071199346 0.21643961393809746 0
    outer loop
      vertex 28.348346360241507 -0.5904038040675631 3.1999999999999993
      vertex 28.348346360241507 -0.5904038040675631 0
      vertex 28.284147809382834 -0.8799847533485705 3.1999999999999993
    endloop
  endfacet
  facet normal -0.887010833178222 -0.46174861323503325 -2.858280320410056e-18
    outer loop
      vertex 27.94448637286709 1.7 0
      vertex 28.081446475924608 1.436902089918378 0
      vertex 28.081446475924608 1.436902089918378 3.1999999999999993
    endloop
  endfacet
  facet normal -0.9238795325112849 -0.38268343236509433 0
    outer loop
      vertex 28.194954910672088 1.1628684873072737 3.1999999999999993
      vertex 28.081446475924608 1.436902089918378 0
      vertex 28.194954910672088 1.1628684873072737 0
    endloop
  endfacet
  facet normal -0.9537169507482252 -0.30070579950427884 0
    outer loop
      vertex 28.284147809382834 0.8799847533485705 3.1999999999999993
      vertex 28.194954910672088 1.1628684873072737 0
      vertex 28.284147809382834 0.8799847533485705 0
    endloop
  endfacet
  facet normal -0.9762960071199346 -0.21643961393809746 0
    outer loop
      vertex 28.348346360241507 0.5904038040675631 3.1999999999999993
      vertex 28.284147809382834 0.8799847533485705 0
      vertex 28.348346360241507 0.5904038040675631 0
    endloop
  endfacet
  facet normal -0.9914448613738109 -0.13052619222004785 0
    outer loop
      vertex 28.387061973511933 0.29632952534203777 3.1999999999999993
      vertex 28.348346360241507 0.5904038040675631 0
      vertex 28.387061973511933 0.29632952534203777 0
    endloop
  endfacet
  facet normal -0.9990482215818578 -0.04361938736533601 0
    outer loop
      vertex 28.4 0 3.1999999999999993
      vertex 28.387061973511933 0.29632952534203777 0
      vertex 28.4 0 0
    endloop
  endfacet
  facet normal -0.9990482215818578 0.04361938736533601 0
    outer loop
      vertex 28.387061973511933 -0.29632952534203777 3.1999999999999993
      vertex 28.4 0 0
      vertex 28.387061973511933 -0.29632952534203777 0
    endloop
  endfacet
  facet normal -0.9914448613738109 0.13052619222004785 0
    outer loop
      vertex 28.348346360241507 -0.5904038040675631 3.1999999999999993
      vertex 28.387061973511933 -0.29632952534203777 0
      vertex 28.348346360241507 -0.5904038040675631 0
    endloop
  endfacet
  facet normal -0.9762960071199346 0.21643961393809746 9.519251159230038e-19
    outer loop
      vertex 28.348346360241507 -0.5904038040675631 0
      vertex 28.284147809382834 -0.8799847533485705 0
      vertex 28.284147809382834 -0.8799847533485705 3.1999999999999993
    endloop
  endfacet
  facet normal -0.9238795325112849 0.38268343236509433 0
    outer loop
      vertex 28.194954910672088 -1.1628684873072737 3.1999999999999993
      vertex 28.194954910672088 -1.1628684873072737 0
      vertex 28.081446475924608 -1.436902089918378 3.1999999999999993
    endloop
  endfacet
  facet normal -0.9537169507482252 0.30070579950427884 1.229856132263821e-19
    outer loop
      vertex 28.194954910672088 -1.1628684873072737 3.1999999999999993
      vertex 28.284147809382834 -0.8799847533485705 3.1999999999999993
      vertex 28.284147809382834 -0.8799847533485705 0
    endloop
  endfacet
  facet normal -0.887010833178222 0.46174861323503325 2.858280320410056e-18
    outer loop
      vertex 27.94448637286709 -1.7 3.1999999999999993
      vertex 28.081446475924608 -1.436902089918378 3.1999999999999993
      vertex 28.081446475924608 -1.436902089918378 0
    endloop
  endfacet
  facet normal -0.9537169507482252 0.30070579950427884 0
    outer loop
      vertex 28.194954910672088 -1.1628684873072737 3.1999999999999993
      vertex 28.284147809382834 -0.8799847533485705 0
      vertex 28.194954910672088 -1.1628684873072737 0
    endloop
  endfacet
  facet normal -0.9238795325112849 0.38268343236509433 0
    outer loop
      vertex 28.081446475924608 -1.436902089918378 3.1999999999999993
      vertex 28.194954910672088 -1.1628684873072737 0
      vertex 28.081446475924608 -1.436902089918378 0
    endloop
  endfacet
  facet normal 0 0 -1
    outer loop
      vertex -4.25 -11.21593639298863 8.02
      vertex -4.104241719908025 -11.276311449430901 8.02
      vertex -4.25 -14.372947513494942 8.02
    endloop
  endfacet
  facet normal 1 0 0
    outer loop
      vertex -4.25 -11.21593639298863 8.02
      vertex -4.25 -14.372947513494942 8.02
      vertex -4.25 -14.372947513494942 8
    endloop
  endfacet
  facet normal 0 0 -1
    outer loop
      vertex -4.104241719908025 -11.276311449430901 8.02
      vertex -3.882285676537811 -14.488887394336025 8.02
      vertex -4.25 -14.372947513494942 8.02
    endloop
  endfacet
  facet normal 0 0 -1
    outer loop
      vertex -4.104241719908025 -11.276311449430901 8.02
      vertex -3.105828541230249 -11.59110991546882 8.02
      vertex -3.882285676537811 -14.488887394336025 8.02
    endloop
  endfacet
  facet normal 0 0 -1
    outer loop
      vertex -3.105828541230249 -11.59110991546882 8.02
      vertex -2.083778132003164 -11.817693036146496 8.02
      vertex 3.882285676537811 -14.488887394336025 8.02
    endloop
  endfacet
  facet normal 0 0 -1
    outer loop
      vertex -3.105828541230249 -11.59110991546882 8.02
      vertex -2.6047226650039548 -14.772116295183121 8.02
      vertex -3.882285676537811 -14.488887394336025 8.02
    endloop
  endfacet
  facet normal 0 0 -1
    outer loop
      vertex -3.105828541230249 -11.59110991546882 8.02
      vertex -1.3073361412148725 -14.942920471376183 8.02
      vertex -2.6047226650039548 -14.772116295183121 8.02
    endloop
  endfacet
  facet normal 0 1 0
    outer loop
      vertex -4.25 -15.3 8
      vertex -4.0996226441961765 -15.3 8
      vertex 0.6156362579862037 -15.3 5.691446717414635
    endloop
  endfacet
  facet normal 0 0 -1
    outer loop
      vertex -3.105828541230249 -11.59110991546882 8.02
      vertex 0 -15 8.02
      vertex -1.3073361412148725 -14.942920471376183 8.02
    endloop
  endfacet
  facet normal 0 0 -1
    outer loop
      vertex -3.105828541230249 -11.59110991546882 8.02
      vertex 1.3073361412148725 -14.942920471376183 8.02
      vertex 0 -15 8.02
    endloop
  endfacet
  facet normal 1 0 0
    outer loop
      vertex -4.25 -11.21593639298863 8.02
      vertex -4.25 -14.372947513494942 8
      vertex -4.25 -11.21593639298863 1.3499999999999979
    endloop
  endfacet
  facet normal 1 0 0
    outer loop
      vertex -4.25 -14.372947513494942 8
      vertex -4.25 -14.76296508846783 8
      vertex -4.25 -11.21593639298863 1.3499999999999979
    endloop
  endfacet
  facet normal 1 0 0
    outer loop
      vertex -4.25 -14.76296508846783 8
      vertex -4.25 -15.3 8
      vertex -4.25 -15.3 1.3499999999999979
    endloop
  endfacet
  facet normal 1 0 0
    outer loop
      vertex -4.25 -14.76296508846783 8
      vertex -4.25 -15.3 1.3499999999999979
      vertex -4.25 -11.21593639298863 1.3499999999999979
    endloop
  endfacet
  facet normal 0 1 0
    outer loop
      vertex -4.25 -15.3 8
      vertex -0.9 -15.3 5.558845726811988
      vertex -1.032437585431883 -15.3 5.474473679720184
    endloop
  endfacet
  facet normal 0 1 0
    outer loop
      vertex -4.25 -15.3 8
      vertex -1.2727922061357857 -15.3 5.272792206135787
      vertex -1.3788799976141604 -15.3 5.157017697435769
    endloop
  endfacet
  facet normal 0 1 0
    outer loop
      vertex -4.25 -15.3 8
      vertex -1.032437585431883 -15.3 5.474473679720184
      vertex -1.1570176974357707 -15.3 5.37887999761416
    endloop
  endfacet
  facet normal 0 1 0
    outer loop
      vertex -4.25 -15.3 8
      vertex -1.1570176974357707 -15.3 5.37887999761416
      vertex -1.2727922061357857 -15.3 5.272792206135787
    endloop
  endfacet
  facet normal 0 1 0
    outer loop
      vertex -4.25 -15.3 8
      vertex -1.63135401666597 -15.3 4.760712871133258
      vertex -1.6914467174146353 -15.3 4.615636257986203
    endloop
  endfacet
  facet normal 0 1 0
    outer loop
      vertex -4.25 -15.3 8
      vertex -1.6914467174146353 -15.3 4.615636257986203
      vertex -1.738666487320323 -15.3 4.465874281184536
    endloop
  endfacet
  facet normal 0 1 0
    outer loop
      vertex -4.25 -15.3 8
      vertex -1.3788799976141604 -15.3 5.157017697435769
      vertex -1.4744736797201852 -15.3 5.032437585431882
    endloop
  endfacet
  facet normal 0 1 0
    outer loop
      vertex -4.25 -15.3 8
      vertex -1.4744736797201852 -15.3 5.032437585431882
      vertex -1.5588457268119895 -15.3 4.899999999999999
    endloop
  endfacet
  facet normal 0 1 0
    outer loop
      vertex -4.25 -15.3 8
      vertex -1.5588457268119895 -15.3 4.899999999999999
      vertex -1.63135401666597 -15.3 4.760712871133258
    endloop
  endfacet
  facet normal 0 1 0
    outer loop
      vertex -4.25 -15.3 8
      vertex -1.738666487320323 -15.3 4.465874281184536
      vertex -1.7726539554219745 -15.3 4.312566719800476
    endloop
  endfacet
  facet normal 0 1 0
    outer loop
      vertex -4.25 -15.3 8
      vertex -1.7726539554219745 -15.3 4.312566719800476
      vertex -1.793150456565142 -15.3 4.156880336945786
    endloop
  endfacet
  facet normal 0 1 0
    outer loop
      vertex -4.25 -15.3 8
      vertex -1.793150456565142 -15.3 4.156880336945786
      vertex -1.8 -15.3 4
    endloop
  endfacet
  facet normal 0 1 0
    outer loop
      vertex -4.25 -15.3 8
      vertex -1.8 -15.3 4
      vertex -1.793150456565142 -15.3 3.843119663054214
    endloop
  endfacet
  facet normal 0 1 0
    outer loop
      vertex -4.25 -15.3 8
      vertex -0.46587428118453733 -15.3 5.738666487320323
      vertex -0.6156362579862037 -15.3 5.691446717414635
    endloop
  endfacet
  facet normal 0 1 0
    outer loop
      vertex -4.25 -15.3 8
      vertex -0.6156362579862037 -15.3 5.691446717414635
      vertex -0.760712871133259 -15.3 5.63135401666597
    endloop
  endfacet
  facet normal 0 1 0
    outer loop
      vertex -4.25 -15.3 8
      vertex -0.760712871133259 -15.3 5.63135401666597
      vertex -0.9 -15.3 5.558845726811988
    endloop
  endfacet
  facet normal 0 1 0
    outer loop
      vertex -4.25 -15.3 8
      vertex -0.3125667198004746 -15.3 5.772653955421973
      vertex -0.46587428118453733 -15.3 5.738666487320323
    endloop
  endfacet
  facet normal 0 1 0
    outer loop
      vertex -4.25 -15.3 8
      vertex -0.1568803369457847 -15.3 5.793150456565144
      vertex -0.3125667198004746 -15.3 5.772653955421973
    endloop
  endfacet
  facet normal 0 1 0
    outer loop
      vertex -4.25 -15.3 8
      vertex 0 -15.3 5.800000000000001
      vertex -0.1568803369457847 -15.3 5.793150456565144
    endloop
  endfacet
  facet normal 0 1 0
    outer loop
      vertex -4.25 -15.3 8
      vertex 0.1568803369457847 -15.3 5.793150456565144
      vertex 0 -15.3 5.800000000000001
    endloop
  endfacet
  facet normal 0 1 0
    outer loop
      vertex -4.25 -15.3 8
      vertex 0.3125667198004746 -15.3 5.772653955421973
      vertex 0.1568803369457847 -15.3 5.793150456565144
    endloop
  endfacet
  facet normal 0 1 0
    outer loop
      vertex -4.25 -15.3 8
      vertex 0.46587428118453733 -15.3 5.738666487320323
      vertex 0.3125667198004746 -15.3 5.772653955421973
    endloop
  endfacet
  facet normal 0 1 0
    outer loop
      vertex -4.25 -15.3 8
      vertex 0.6156362579862037 -15.3 5.691446717414635
      vertex 0.46587428118453733 -15.3 5.738666487320323
    endloop
  endfacet
  facet normal 0 1 0
    outer loop
      vertex -4.25 -15.3 8
      vertex -1.793150456565142 -15.3 3.843119663054214
      vertex -1.7726539554219745 -15.3 3.6874332801995244
    endloop
  endfacet
  facet normal 0 1 0
    outer loop
      vertex -4.25 -15.3 8
      vertex -1.7726539554219745 -15.3 3.6874332801995244
      vertex -4.25 -15.3 1.3499999999999979
    endloop
  endfacet
  facet normal 0 1 0
    outer loop
      vertex -1.7726539554219745 -15.3 3.6874332801995244
      vertex -1.738666487320323 -15.3 3.5341257188154636
      vertex -4.25 -15.3 1.3499999999999979
    endloop
  endfacet
  facet normal 0 1 0
    outer loop
      vertex -1.738666487320323 -15.3 3.5341257188154636
      vertex -1.6914467174146353 -15.3 3.3843637420137966
      vertex -4.25 -15.3 1.3499999999999979
    endloop
  endfacet
  facet normal 0 1 0
    outer loop
      vertex -4.25 -15.3 1.3499999999999979
      vertex -1.6914467174146353 -15.3 3.3843637420137966
      vertex -1.63135401666597 -15.3 3.239287128866742
    endloop
  endfacet
  facet normal 0 1 0
    outer loop
      vertex -4.25 -15.3 1.3499999999999979
      vertex -1.63135401666597 -15.3 3.239287128866742
      vertex -2.801616915422888 -15.3 1.3499999999999979
    endloop
  endfacet
  facet normal 0 1 0
    outer loop
      vertex -1.63135401666597 -15.3 3.239287128866742
      vertex -1.5588457268119895 -15.3 3.1000000000000014
      vertex -2.801616915422888 -15.3 1.3499999999999979
    endloop
  endfacet
  facet normal 0 1 0
    outer loop
      vertex -1.5588457268119895 -15.3 3.1000000000000014
      vertex -1.4744736797201852 -15.3 2.9675624145681176
      vertex -2.801616915422888 -15.3 1.3499999999999979
    endloop
  endfacet
  facet normal 0 1 0
    outer loop
      vertex -1.4744736797201852 -15.3 2.9675624145681176
      vertex -1.3788799976141604 -15.3 2.8429823025642307
      vertex -2.801616915422888 -15.3 1.3499999999999979
    endloop
  endfacet
  facet normal 0 1 0
    outer loop
      vertex -1.3788799976141604 -15.3 2.8429823025642307
      vertex -1.2727922061357857 -15.3 2.7272077938642134
      vertex -2.801616915422888 -15.3 1.3499999999999979
    endloop
  endfacet
  facet normal 0 1 0
    outer loop
      vertex -1.2727922061357857 -15.3 2.7272077938642134
      vertex -1.1570176974357707 -15.3 2.6211200023858403
      vertex -2.801616915422888 -15.3 1.3499999999999979
    endloop
  endfacet
  facet normal 0 1 0
    outer loop
      vertex -1.1570176974357707 -15.3 2.6211200023858403
      vertex -1.032437585431883 -15.3 2.525526320279816
      vertex -2.801616915422888 -15.3 1.3499999999999979
    endloop
  endfacet
  facet normal 0 1 0
    outer loop
      vertex -1.032437585431883 -15.3 2.525526320279816
      vertex -0.9 -15.3 2.441154273188012
      vertex -2.801616915422888 -15.3 1.3499999999999979
    endloop
  endfacet
  facet normal 0 1 0
    outer loop
      vertex -0.9 -15.3 2.441154273188012
      vertex -0.760712871133259 -15.3 2.36864598333403
      vertex -2.801616915422888 -15.3 1.3499999999999979
    endloop
  endfacet
  facet normal 0 1 0
    outer loop
      vertex -0.760712871133259 -15.3 2.36864598333403
      vertex -0.6156362579862037 -15.3 2.3085532825853647
      vertex -2.801616915422888 -15.3 1.3499999999999979
    endloop
  endfacet
  facet normal 0 1 0
    outer loop
      vertex -0.6156362579862037 -15.3 2.3085532825853647
      vertex -0.46587428118453733 -15.3 2.261333512679677
      vertex -2.801616915422888 -15.3 1.3499999999999979
    endloop
  endfacet
  facet normal 0 1 0
    outer loop
      vertex -0.46587428118453733 -15.3 2.261333512679677
      vertex -0.3125667198004746 -15.3 2.2273460445780273
      vertex -2.801616915422888 -15.3 1.3499999999999979
    endloop
  endfacet
  facet normal 0 1 0
    outer loop
      vertex -0.3125667198004746 -15.3 2.2273460445780273
      vertex -0.1568803369457847 -15.3 2.2068495434348563
      vertex -2.801616915422888 -15.3 1.3499999999999979
    endloop
  endfacet
  facet normal 0 1 0
    outer loop
      vertex -0.1568803369457847 -15.3 2.2068495434348563
      vertex 0 -15.3 2.1999999999999993
      vertex -2.801616915422888 -15.3 1.3499999999999979
    endloop
  endfacet
  facet normal 0 1 0
    outer loop
      vertex -2.801616915422888 -15.3 1.3499999999999979
      vertex 0 -15.3 2.1999999999999993
      vertex 0.1568803369457847 -15.3 2.2068495434348563
    endloop
  endfacet
  facet normal 0 1 0
    outer loop
      vertex -2.801616915422888 -15.3 1.3499999999999979
      vertex 0.1568803369457847 -15.3 2.2068495434348563
      vertex 0.3125667198004746 -15.3 2.2273460445780273
    endloop
  endfacet
  facet normal 0 1 0
    outer loop
      vertex -2.801616915422888 -15.3 1.3499999999999979
      vertex 0.3125667198004746 -15.3 2.2273460445780273
      vertex 0.46587428118453733 -15.3 2.261333512679677
    endloop
  endfacet
  facet normal 0 0 -1
    outer loop
      vertex -2.083778132003164 -11.817693036146496 8.02
      vertex -1.045868912971898 -11.954336377100947 8.02
      vertex 3.882285676537811 -14.488887394336025 8.02
    endloop
  endfacet
  facet normal 0 0 -1
    outer loop
      vertex -1.045868912971898 -11.954336377100947 8.02
      vertex 0 -12 8.02
      vertex 3.882285676537811 -14.488887394336025 8.02
    endloop
  endfacet
  facet normal 0 0 -1
    outer loop
      vertex 0 -12 8.02
      vertex 1.045868912971898 -11.954336377100947 8.02
      vertex 3.882285676537811 -14.488887394336025 8.02
    endloop
  endfacet
  facet normal 0 0 -1
    outer loop
      vertex 1.045868912971898 -11.954336377100947 8.02
      vertex 2.083778132003164 -11.817693036146496 8.02
      vertex 3.882285676537811 -14.488887394336025 8.02
    endloop
  endfacet
  facet normal 0 0 -1
    outer loop
      vertex 3.105828541230249 -11.59110991546882 8.02
      vertex 4.104241719908025 -11.276311449430901 8.02
      vertex 4.25 -14.372947513494942 8.02
    endloop
  endfacet
  facet normal 0 0 -1
    outer loop
      vertex 3.105828541230249 -11.59110991546882 8.02
      vertex 3.882285676537811 -14.488887394336025 8.02
      vertex 2.083778132003164 -11.817693036146496 8.02
    endloop
  endfacet
  facet normal 0 0 -1
    outer loop
      vertex -3.105828541230249 -11.59110991546882 8.02
      vertex 2.6047226650039548 -14.772116295183121 8.02
      vertex 1.3073361412148725 -14.942920471376183 8.02
    endloop
  endfacet
  facet normal 0 0 -1
    outer loop
      vertex -3.105828541230249 -11.59110991546882 8.02
      vertex 3.882285676537811 -14.488887394336025 8.02
      vertex 2.6047226650039548 -14.772116295183121 8.02
    endloop
  endfacet
  facet normal 0 1 0
    outer loop
      vertex -4.0996226441961765 -15.3 8
      vertex 4.0996226441961765 -15.3 8
      vertex 0.6156362579862037 -15.3 5.691446717414635
    endloop
  endfacet
  facet normal 0 0 -1
    outer loop
      vertex 3.105828541230249 -11.59110991546882 8.02
      vertex 4.25 -14.372947513494942 8.02
      vertex 3.882285676537811 -14.488887394336025 8.02
    endloop
  endfacet
  facet normal 0 0 -1
    outer loop
      vertex 4.104241719908025 -11.276311449430901 8.02
      vertex 4.25 -11.21593639298863 8.02
      vertex 4.25 -14.372947513494942 8.02
    endloop
  endfacet
  facet normal -1 0 0
    outer loop
      vertex 4.25 -11.21593639298863 8.02
      vertex 4.25 -14.372947513494942 8
      vertex 4.25 -14.372947513494942 8.02
    endloop
  endfacet
  facet normal 0 1 0
    outer loop
      vertex 4.0996226441961765 -15.3 8
      vertex 0.760712871133259 -15.3 5.63135401666597
      vertex 0.6156362579862037 -15.3 5.691446717414635
    endloop
  endfacet
  facet normal 0 1 0
    outer loop
      vertex 4.0996226441961765 -15.3 8
      vertex 0.9 -15.3 5.558845726811988
      vertex 0.760712871133259 -15.3 5.63135401666597
    endloop
  endfacet
  facet normal 0 1 0
    outer loop
      vertex 4.0996226441961765 -15.3 8
      vertex 1.032437585431883 -15.3 5.474473679720184
      vertex 0.9 -15.3 5.558845726811988
    endloop
  endfacet
  facet normal 0 1 0
    outer loop
      vertex 4.0996226441961765 -15.3 8
      vertex 1.1570176974357707 -15.3 5.37887999761416
      vertex 1.032437585431883 -15.3 5.474473679720184
    endloop
  endfacet
  facet normal 0 1 0
    outer loop
      vertex 4.0996226441961765 -15.3 8
      vertex 1.2727922061357857 -15.3 5.272792206135787
      vertex 1.1570176974357707 -15.3 5.37887999761416
    endloop
  endfacet
  facet normal 0 1 0
    outer loop
      vertex 4.0996226441961765 -15.3 8
      vertex 1.3788799976141604 -15.3 5.157017697435769
      vertex 1.2727922061357857 -15.3 5.272792206135787
    endloop
  endfacet
  facet normal 0 1 0
    outer loop
      vertex 4.0996226441961765 -15.3 8
      vertex 4.25 -15.3 8
      vertex 1.738666487320323 -15.3 4.465874281184536
    endloop
  endfacet
  facet normal 0 1 0
    outer loop
      vertex 4.0996226441961765 -15.3 8
      vertex 1.4744736797201852 -15.3 5.032437585431882
      vertex 1.3788799976141604 -15.3 5.157017697435769
    endloop
  endfacet
  facet normal 0 1 0
    outer loop
      vertex 4.0996226441961765 -15.3 8
      vertex 1.5588457268119895 -15.3 4.899999999999999
      vertex 1.4744736797201852 -15.3 5.032437585431882
    endloop
  endfacet
  facet normal 0 1 0
    outer loop
      vertex 4.0996226441961765 -15.3 8
      vertex 1.63135401666597 -15.3 4.760712871133258
      vertex 1.5588457268119895 -15.3 4.899999999999999
    endloop
  endfacet
  facet normal 0 1 0
    outer loop
      vertex 4.0996226441961765 -15.3 8
      vertex 1.6914467174146353 -15.3 4.615636257986203
      vertex 1.63135401666597 -15.3 4.760712871133258
    endloop
  endfacet
  facet normal 0 1 0
    outer loop
      vertex 4.0996226441961765 -15.3 8
      vertex 1.738666487320323 -15.3 4.465874281184536
      vertex 1.6914467174146353 -15.3 4.615636257986203
    endloop
  endfacet
  facet normal 0 1 0
    outer loop
      vertex 4.25 -15.3 8
      vertex 4.25 -15.3 1.3499999999999979
      vertex 1.738666487320323 -15.3 4.465874281184536
    endloop
  endfacet
  facet normal -1 0 0
    outer loop
      vertex 4.25 -11.21593639298863 8.02
      vertex 4.25 -11.21593639298863 1.3499999999999979
      vertex 4.25 -15.3 1.3499999999999979
    endloop
  endfacet
  facet normal -1 0 0
    outer loop
      vertex 4.25 -11.21593639298863 8.02
      vertex 4.25 -15.3 1.3499999999999979
      vertex 4.25 -14.372947513494942 8
    endloop
  endfacet
  facet normal -1 0 0
    outer loop
      vertex 4.25 -14.372947513494942 8
      vertex 4.25 -15.3 1.3499999999999979
      vertex 4.25 -14.613787101924785 8
    endloop
  endfacet
  facet normal -1 0 0
    outer loop
      vertex 4.25 -14.613787101924785 8
      vertex 4.25 -15.3 1.3499999999999979
      vertex 4.25 -15.3 8
    endloop
  endfacet
  facet normal 0 1 0
    outer loop
      vertex 0.46587428118453733 -15.3 2.261333512679677
      vertex 0.6156362579862037 -15.3 2.3085532825853647
      vertex 4.25 -15.3 1.3499999999999979
    endloop
  endfacet
  facet normal 0 1 0
    outer loop
      vertex 0.9 -15.3 2.441154273188012
      vertex 4.25 -15.3 1.3499999999999979
      vertex 0.760712871133259 -15.3 2.36864598333403
    endloop
  endfacet
  facet normal 0 1 0
    outer loop
      vertex 0.6156362579862037 -15.3 2.3085532825853647
      vertex 0.760712871133259 -15.3 2.36864598333403
      vertex 4.25 -15.3 1.3499999999999979
    endloop
  endfacet
  facet normal 0 1 0
    outer loop
      vertex 1.738666487320323 -15.3 4.465874281184536
      vertex 4.25 -15.3 1.3499999999999979
      vertex 1.7726539554219745 -15.3 4.312566719800476
    endloop
  endfacet
  facet normal 0 1 0
    outer loop
      vertex 1.7726539554219745 -15.3 4.312566719800476
      vertex 4.25 -15.3 1.3499999999999979
      vertex 1.793150456565142 -15.3 4.156880336945786
    endloop
  endfacet
  facet normal 0 1 0
    outer loop
      vertex 1.793150456565142 -15.3 4.156880336945786
      vertex 4.25 -15.3 1.3499999999999979
      vertex 1.8 -15.3 4
    endloop
  endfacet
  facet normal 0 1 0
    outer loop
      vertex 1.8 -15.3 4
      vertex 4.25 -15.3 1.3499999999999979
      vertex 1.793150456565142 -15.3 3.843119663054214
    endloop
  endfacet
  facet normal 0 1 0
    outer loop
      vertex 1.793150456565142 -15.3 3.843119663054214
      vertex 4.25 -15.3 1.3499999999999979
      vertex 1.7726539554219745 -15.3 3.6874332801995244
    endloop
  endfacet
  facet normal 0 1 0
    outer loop
      vertex 1.738666487320323 -15.3 3.5341257188154636
      vertex 1.7726539554219745 -15.3 3.6874332801995244
      vertex 4.25 -15.3 1.3499999999999979
    endloop
  endfacet
  facet normal 0 1 0
    outer loop
      vertex 1.738666487320323 -15.3 3.5341257188154636
      vertex 4.25 -15.3 1.3499999999999979
      vertex 1.6914467174146353 -15.3 3.3843637420137966
    endloop
  endfacet
  facet normal 0 1 0
    outer loop
      vertex 1.6914467174146353 -15.3 3.3843637420137966
      vertex 4.25 -15.3 1.3499999999999979
      vertex 1.63135401666597 -15.3 3.239287128866742
    endloop
  endfacet
  facet normal 0 1 0
    outer loop
      vertex 1.63135401666597 -15.3 3.239287128866742
      vertex 4.25 -15.3 1.3499999999999979
      vertex 1.5588457268119895 -15.3 3.1000000000000014
    endloop
  endfacet
  facet normal 0 1 0
    outer loop
      vertex 1.5588457268119895 -15.3 3.1000000000000014
      vertex 4.25 -15.3 1.3499999999999979
      vertex 1.4744736797201852 -15.3 2.9675624145681176
    endloop
  endfacet
  facet normal 0 1 0
    outer loop
      vertex 1.2727922061357857 -15.3 2.7272077938642134
      vertex 4.25 -15.3 1.3499999999999979
      vertex 1.1570176974357707 -15.3 2.6211200023858403
    endloop
  endfacet
  facet normal 0 1 0
    outer loop
      vertex 1.4744736797201852 -15.3 2.9675624145681176
      vertex 4.25 -15.3 1.3499999999999979
      vertex 1.3788799976141604 -15.3 2.8429823025642307
    endloop
  endfacet
  facet normal 0 1 0
    outer loop
      vertex 1.3788799976141604 -15.3 2.8429823025642307
      vertex 4.25 -15.3 1.3499999999999979
      vertex 1.2727922061357857 -15.3 2.7272077938642134
    endloop
  endfacet
  facet normal 0 1 0
    outer loop
      vertex 0.9 -15.3 2.441154273188012
      vertex 1.032437585431883 -15.3 2.525526320279816
      vertex 4.25 -15.3 1.3499999999999979
    endloop
  endfacet
  facet normal 0 1 0
    outer loop
      vertex 1.032437585431883 -15.3 2.525526320279816
      vertex 1.1570176974357707 -15.3 2.6211200023858403
      vertex 4.25 -15.3 1.3499999999999979
    endloop
  endfacet
  facet normal 0 1 0
    outer loop
      vertex -2.801616915422888 -15.3 1.3499999999999979
      vertex 0.46587428118453733 -15.3 2.261333512679677
      vertex 4.25 -15.3 1.3499999999999979
    endloop
  endfacet
  facet normal 0 0 -1
    outer loop
      vertex -5 -10.905276221208807 1.3499999999999979
      vertex -4.25 -11.21593639298863 1.3499999999999979
      vertex -4.25 -15.3 1.3499999999999979
    endloop
  endfacet
  facet normal 1 0 0
    outer loop
      vertex -5 -10.905276221208807 1.3499999999999979
      vertex -5 -15.9 1.3499999999999979
      vertex -5 -10.905276221208807 0.8000000000000007
    endloop
  endfacet
  facet normal 1 0 0
    outer loop
      vertex -5 -10.905276221208807 0.8000000000000007
      vertex -5 -15.9 0
      vertex -5 -11.327271149113662 0
    endloop
  endfacet
  facet normal 0 0 -1
    outer loop
      vertex -5 -10.905276221208807 1.3499999999999979
      vertex -4.25 -15.3 1.3499999999999979
      vertex -5 -15.9 1.3499999999999979
    endloop
  endfacet
  facet normal 1 0 0
    outer loop
      vertex -5 -10.905276221208807 0.8000000000000007
      vertex -5 -15.9 1.3499999999999979
      vertex -5 -15.9 0
    endloop
  endfacet
  facet normal 0 0 -1
    outer loop
      vertex -4.25 -15.3 1.3499999999999979
      vertex -2.801616915422888 -15.3 1.3499999999999979
      vertex -5 -15.9 1.3499999999999979
    endloop
  endfacet
  facet normal 0 1 0
    outer loop
      vertex -5 -15.9 1.3499999999999979
      vertex -3.825517984007952 -15.9 0
      vertex -5 -15.9 0
    endloop
  endfacet
  facet normal 0 0 -1
    outer loop
      vertex -5 -15.9 1.3499999999999979
      vertex -2.801616915422888 -15.3 1.3499999999999979
      vertex 4.25 -15.3 1.3499999999999979
    endloop
  endfacet
  facet normal 0 1 0
    outer loop
      vertex -5 -15.9 1.3499999999999979
      vertex 5 -15.9 1.3499999999999979
      vertex -3.825517984007952 -15.9 0
    endloop
  endfacet
  facet normal 0 1 0
    outer loop
      vertex -3.825517984007952 -15.9 0
      vertex 5 -15.9 1.3499999999999979
      vertex -1.7112529106055854 -15.9 0
    endloop
  endfacet
  facet normal 0 0 -1
    outer loop
      vertex -5 -15.9 1.3499999999999979
      vertex 4.25 -15.3 1.3499999999999979
      vertex 5 -15.9 1.3499999999999979
    endloop
  endfacet
  facet normal 0 1 0
    outer loop
      vertex -1.7112529106055854 -15.9 0
      vertex 5 -15.9 1.3499999999999979
      vertex 5 -15.9 0
    endloop
  endfacet
  facet normal 0 0 -1
    outer loop
      vertex 4.25 -11.21593639298863 1.3499999999999979
      vertex 5 -10.905276221208807 1.3499999999999979
      vertex 4.25 -15.3 1.3499999999999979
    endloop
  endfacet
  facet normal -1 0 0
    outer loop
      vertex 5 -10.905276221208807 1.3499999999999979
      vertex 5 -10.905276221208807 0.8000000000000007
      vertex 5 -15.9 1.3499999999999979
    endloop
  endfacet
  facet normal -1 0 0
    outer loop
      vertex 5 -10.905276221208807 0.8000000000000007
      vertex 5 -11.327271149113662 0
      vertex 5 -15.9 1.3499999999999979
    endloop
  endfacet
  facet normal 0 0 -1
    outer loop
      vertex 5 -10.905276221208807 1.3499999999999979
      vertex 5 -15.9 1.3499999999999979
      vertex 4.25 -15.3 1.3499999999999979
    endloop
  endfacet
  facet normal -1 0 0
    outer loop
      vertex 5 -11.327271149113662 0
      vertex 5 -15.9 0
      vertex 5 -15.9 1.3499999999999979
    endloop
  endfacet
  facet normal 0.6087614290087188 0 -0.7933533402912365
    outer loop
      vertex -1.032437585431883 -15.3 5.474473679720184
      vertex -1.032437585431883 -19.400000000000002 5.474473679720184
      vertex -1.1570176974357707 -15.3 5.37887999761416
    endloop
  endfacet
  facet normal 0.6755902076156531 5.74509589464065e-19 -0.7372773368101306
    outer loop
      vertex -1.2727922061357857 -15.3 5.272792206135787
      vertex -1.1570176974357707 -15.3 5.37887999761416
      vertex -1.1570176974357707 -19.400000000000002 5.37887999761416
    endloop
  endfacet
  facet normal 0.6087614290087188 0 -0.7933533402912365
    outer loop
      vertex -1.1570176974357707 -15.3 5.37887999761416
      vertex -1.032437585431883 -19.400000000000002 5.474473679720184
      vertex -1.1570176974357707 -19.400000000000002 5.37887999761416
    endloop
  endfacet
  facet normal 0.6755902076156531 0 -0.7372773368101306
    outer loop
      vertex -1.2727922061357857 -15.3 5.272792206135787
      vertex -1.1570176974357707 -19.400000000000002 5.37887999761416
      vertex -1.2727922061357857 -19.400000000000002 5.272792206135787
    endloop
  endfacet
  facet normal 0.30070579950427273 6.527251545828379e-19 -0.953716950748227
    outer loop
      vertex -0.6156362579862037 -15.3 5.691446717414635
      vertex -0.46587428118453733 -15.3 5.738666487320323
      vertex -0.46587428118453733 -19.400000000000002 5.738666487320323
    endloop
  endfacet
  facet normal 0.2164396139380912 5.085732282862339e-19 -0.976296007119936
    outer loop
      vertex -0.46587428118453733 -15.3 5.738666487320323
      vertex -0.3125667198004746 -15.3 5.772653955421973
      vertex -0.3125667198004746 -19.400000000000002 5.772653955421973
    endloop
  endfacet
  facet normal 0.04361938736532936 9.49613025560762e-20 -0.9990482215818581
    outer loop
      vertex -0.1568803369457847 -15.3 5.793150456565144
      vertex 0 -15.3 5.800000000000001
      vertex 0 -19.400000000000002 5.800000000000001
    endloop
  endfacet
  facet normal 0.130526192220074 -7.142361772379118e-20 -0.9914448613738074
    outer loop
      vertex -0.3125667198004746 -15.3 5.772653955421973
      vertex -0.1568803369457847 -15.3 5.793150456565144
      vertex -0.1568803369457847 -19.400000000000002 5.793150456565144
    endloop
  endfacet
  facet normal 0.46174861323504074 0 -0.8870108331782182
    outer loop
      vertex -0.760712871133259 -15.3 5.63135401666597
      vertex -0.760712871133259 -19.400000000000002 5.63135401666597
      vertex -0.9 -15.3 5.558845726811988
    endloop
  endfacet
  facet normal 0.5372996083468238 -5.891192241771284e-19 -0.8433914458128857
    outer loop
      vertex -1.032437585431883 -15.3 5.474473679720184
      vertex -0.9 -15.3 5.558845726811988
      vertex -0.9 -19.400000000000002 5.558845726811988
    endloop
  endfacet
  facet normal 0.38268343236509067 0 -0.9238795325112863
    outer loop
      vertex -0.6156362579862037 -15.3 5.691446717414635
      vertex -0.6156362579862037 -19.400000000000002 5.691446717414635
      vertex -0.760712871133259 -15.3 5.63135401666597
    endloop
  endfacet
  facet normal 0.30070579950427273 0 -0.953716950748227
    outer loop
      vertex -0.6156362579862037 -15.3 5.691446717414635
      vertex -0.46587428118453733 -19.400000000000002 5.738666487320323
      vertex -0.6156362579862037 -19.400000000000002 5.691446717414635
    endloop
  endfacet
  facet normal 0.2164396139380912 0 -0.976296007119936
    outer loop
      vertex -0.46587428118453733 -15.3 5.738666487320323
      vertex -0.3125667198004746 -19.400000000000002 5.772653955421973
      vertex -0.46587428118453733 -19.400000000000002 5.738666487320323
    endloop
  endfacet
  facet normal 0.130526192220074 0 -0.9914448613738074
    outer loop
      vertex -0.3125667198004746 -15.3 5.772653955421973
      vertex -0.1568803369457847 -19.400000000000002 5.793150456565144
      vertex -0.3125667198004746 -19.400000000000002 5.772653955421973
    endloop
  endfacet
  facet normal 0.04361938736532936 0 -0.9990482215818581
    outer loop
      vertex -0.1568803369457847 -15.3 5.793150456565144
      vertex 0 -19.400000000000002 5.800000000000001
      vertex -0.1568803369457847 -19.400000000000002 5.793150456565144
    endloop
  endfacet
  facet normal 0.46174861323504074 0 -0.8870108331782182
    outer loop
      vertex -0.9 -15.3 5.558845726811988
      vertex -0.760712871133259 -19.400000000000002 5.63135401666597
      vertex -0.9 -19.400000000000002 5.558845726811988
    endloop
  endfacet
  facet normal 0.5372996083468238 0 -0.8433914458128857
    outer loop
      vertex -1.032437585431883 -15.3 5.474473679720184
      vertex -0.9 -19.400000000000002 5.558845726811988
      vertex -1.032437585431883 -19.400000000000002 5.474473679720184
    endloop
  endfacet
  facet normal 0.38268343236509067 0 -0.9238795325112863
    outer loop
      vertex -0.760712871133259 -15.3 5.63135401666597
      vertex -0.6156362579862037 -19.400000000000002 5.691446717414635
      vertex -0.760712871133259 -19.400000000000002 5.63135401666597
    endloop
  endfacet
  facet normal 0.8433914458128872 -1.131566485098785e-18 -0.5372996083468216
    outer loop
      vertex -1.5588457268119895 -15.3 4.899999999999999
      vertex -1.4744736797201852 -15.3 5.032437585431882
      vertex -1.4744736797201852 -19.400000000000002 5.032437585431882
    endloop
  endfacet
  facet normal 0.8870108331782214 0 -0.4617486132350347
    outer loop
      vertex -1.5588457268119895 -15.3 4.899999999999999
      vertex -1.5588457268119895 -19.400000000000002 4.899999999999999
      vertex -1.63135401666597 -15.3 4.760712871133258
    endloop
  endfacet
  facet normal 0.7372773368101321 0 -0.6755902076156514
    outer loop
      vertex -1.2727922061357857 -15.3 5.272792206135787
      vertex -1.2727922061357857 -19.400000000000002 5.272792206135787
      vertex -1.3788799976141604 -15.3 5.157017697435769
    endloop
  endfacet
  facet normal 0.7933533402912331 0 -0.6087614290087234
    outer loop
      vertex -1.3788799976141604 -15.3 5.157017697435769
      vertex -1.3788799976141604 -19.400000000000002 5.157017697435769
      vertex -1.4744736797201852 -15.3 5.032437585431882
    endloop
  endfacet
  facet normal 0.9238795325112855 0 -0.3826834323650927
    outer loop
      vertex -1.63135401666597 -15.3 4.760712871133258
      vertex -1.63135401666597 -19.400000000000002 4.760712871133258
      vertex -1.6914467174146353 -15.3 4.615636257986203
    endloop
  endfacet
  facet normal 0.9537169507482274 0 -0.3007057995042718
    outer loop
      vertex -1.6914467174146353 -15.3 4.615636257986203
      vertex -1.6914467174146353 -19.400000000000002 4.615636257986203
      vertex -1.738666487320323 -15.3 4.465874281184536
    endloop
  endfacet
  facet normal 0.976296007119933 0 -0.21643961393810443
    outer loop
      vertex -1.738666487320323 -15.3 4.465874281184536
      vertex -1.738666487320323 -19.400000000000002 4.465874281184536
      vertex -1.7726539554219745 -15.3 4.312566719800476
    endloop
  endfacet
  facet normal 0.8433914458128872 0 -0.5372996083468216
    outer loop
      vertex -1.5588457268119895 -15.3 4.899999999999999
      vertex -1.4744736797201852 -19.400000000000002 5.032437585431882
      vertex -1.5588457268119895 -19.400000000000002 4.899999999999999
    endloop
  endfacet
  facet normal 0.7372773368101321 0 -0.6755902076156514
    outer loop
      vertex -1.3788799976141604 -15.3 5.157017697435769
      vertex -1.2727922061357857 -19.400000000000002 5.272792206135787
      vertex -1.3788799976141604 -19.400000000000002 5.157017697435769
    endloop
  endfacet
  facet normal 0.7933533402912331 0 -0.6087614290087234
    outer loop
      vertex -1.4744736797201852 -15.3 5.032437585431882
      vertex -1.3788799976141604 -19.400000000000002 5.157017697435769
      vertex -1.4744736797201852 -19.400000000000002 5.032437585431882
    endloop
  endfacet
  facet normal 0.8870108331782214 0 -0.4617486132350347
    outer loop
      vertex -1.63135401666597 -15.3 4.760712871133258
      vertex -1.5588457268119895 -19.400000000000002 4.899999999999999
      vertex -1.63135401666597 -19.400000000000002 4.760712871133258
    endloop
  endfacet
  facet normal 0.9238795325112855 0 -0.3826834323650927
    outer loop
      vertex -1.6914467174146353 -15.3 4.615636257986203
      vertex -1.63135401666597 -19.400000000000002 4.760712871133258
      vertex -1.6914467174146353 -19.400000000000002 4.615636257986203
    endloop
  endfacet
  facet normal 0.9537169507482274 0 -0.3007057995042718
    outer loop
      vertex -1.738666487320323 -15.3 4.465874281184536
      vertex -1.6914467174146353 -19.400000000000002 4.615636257986203
      vertex -1.738666487320323 -19.400000000000002 4.465874281184536
    endloop
  endfacet
  facet normal 0.9914448613738103 0 -0.1305261922200521
    outer loop
      vertex -1.7726539554219745 -15.3 4.312566719800476
      vertex -1.7726539554219745 -19.400000000000002 4.312566719800476
      vertex -1.793150456565142 -15.3 4.156880336945786
    endloop
  endfacet
  facet normal 0.9990482215818578 0 -0.04361938736533604
    outer loop
      vertex -1.793150456565142 -15.3 4.156880336945786
      vertex -1.793150456565142 -19.400000000000002 4.156880336945786
      vertex -1.8 -15.3 4
    endloop
  endfacet
  facet normal 0.9990482215818578 0 0.04361938736533604
    outer loop
      vertex -1.8 -15.3 4
      vertex -1.8 -19.400000000000002 4
      vertex -1.793150456565142 -15.3 3.843119663054214
    endloop
  endfacet
  facet normal 0.9914448613738105 0 0.13052619222005213
    outer loop
      vertex -1.793150456565142 -15.3 3.843119663054214
      vertex -1.793150456565142 -19.4 3.843119663054214
      vertex -1.7726539554219745 -15.3 3.6874332801995244
    endloop
  endfacet
  facet normal 0.976296007119933 0 0.21643961393810443
    outer loop
      vertex -1.7726539554219745 -15.3 3.6874332801995244
      vertex -1.7726539554219745 -19.4 3.6874332801995244
      vertex -1.738666487320323 -15.3 3.5341257188154636
    endloop
  endfacet
  facet normal 0.976296007119933 0 -0.21643961393810443
    outer loop
      vertex -1.7726539554219745 -15.3 4.312566719800476
      vertex -1.738666487320323 -19.400000000000002 4.465874281184536
      vertex -1.7726539554219745 -19.400000000000002 4.312566719800476
    endloop
  endfacet
  facet normal 0.9914448613738103 0 -0.1305261922200521
    outer loop
      vertex -1.793150456565142 -15.3 4.156880336945786
      vertex -1.7726539554219745 -19.400000000000002 4.312566719800476
      vertex -1.793150456565142 -19.400000000000002 4.156880336945786
    endloop
  endfacet
  facet normal 0.9990482215818578 0 -0.04361938736533604
    outer loop
      vertex -1.8 -15.3 4
      vertex -1.793150456565142 -19.400000000000002 4.156880336945786
      vertex -1.8 -19.400000000000002 4
    endloop
  endfacet
  facet normal 0.9990482215818578 0 0.04361938736533604
    outer loop
      vertex -1.793150456565142 -15.3 3.843119663054214
      vertex -1.8 -19.400000000000002 4
      vertex -1.793150456565142 -19.4 3.843119663054214
    endloop
  endfacet
  facet normal 0.9914448613738105 0 0.13052619222005213
    outer loop
      vertex -1.7726539554219745 -15.3 3.6874332801995244
      vertex -1.793150456565142 -19.4 3.843119663054214
      vertex -1.7726539554219745 -19.4 3.6874332801995244
    endloop
  endfacet
  facet normal 0.976296007119933 0 0.21643961393810443
    outer loop
      vertex -1.738666487320323 -15.3 3.5341257188154636
      vertex -1.7726539554219745 -19.4 3.6874332801995244
      vertex -1.738666487320323 -19.4 3.5341257188154636
    endloop
  endfacet
  facet normal 0.9537169507482274 0 0.3007057995042718
    outer loop
      vertex -1.738666487320323 -15.3 3.5341257188154636
      vertex -1.738666487320323 -19.4 3.5341257188154636
      vertex -1.6914467174146353 -15.3 3.3843637420137966
    endloop
  endfacet
  facet normal 0.9238795325112855 0 0.3826834323650926
    outer loop
      vertex -1.6914467174146353 -15.3 3.3843637420137966
      vertex -1.6914467174146353 -19.4 3.3843637420137966
      vertex -1.63135401666597 -15.3 3.239287128866742
    endloop
  endfacet
  facet normal 0.8870108331782213 0 0.46174861323503463
    outer loop
      vertex -1.63135401666597 -15.3 3.239287128866742
      vertex -1.63135401666597 -19.4 3.239287128866742
      vertex -1.5588457268119895 -15.3 3.1000000000000014
    endloop
  endfacet
  facet normal 0.8433914458128872 0 0.5372996083468216
    outer loop
      vertex -1.5588457268119895 -15.3 3.1000000000000014
      vertex -1.5588457268119895 -19.4 3.1000000000000014
      vertex -1.4744736797201852 -15.3 2.9675624145681176
    endloop
  endfacet
  facet normal 0.793353340291233 0 0.6087614290087233
    outer loop
      vertex -1.4744736797201852 -15.3 2.9675624145681176
      vertex -1.4744736797201852 -19.4 2.9675624145681176
      vertex -1.3788799976141604 -15.3 2.8429823025642307
    endloop
  endfacet
  facet normal 0.7372773368101322 0 0.6755902076156514
    outer loop
      vertex -1.3788799976141604 -15.3 2.8429823025642307
      vertex -1.3788799976141604 -19.4 2.8429823025642307
      vertex -1.2727922061357857 -15.3 2.7272077938642134
    endloop
  endfacet
  facet normal 0.675590207615653 0 0.7372773368101306
    outer loop
      vertex -1.2727922061357857 -15.3 2.7272077938642134
      vertex -1.2727922061357857 -19.4 2.7272077938642134
      vertex -1.1570176974357707 -15.3 2.6211200023858403
    endloop
  endfacet
  facet normal 0.9537169507482274 0 0.3007057995042718
    outer loop
      vertex -1.6914467174146353 -15.3 3.3843637420137966
      vertex -1.738666487320323 -19.4 3.5341257188154636
      vertex -1.6914467174146353 -19.4 3.3843637420137966
    endloop
  endfacet
  facet normal 0.9238795325112855 0 0.3826834323650926
    outer loop
      vertex -1.63135401666597 -15.3 3.239287128866742
      vertex -1.6914467174146353 -19.4 3.3843637420137966
      vertex -1.63135401666597 -19.4 3.239287128866742
    endloop
  endfacet
  facet normal 0.8870108331782213 0 0.46174861323503463
    outer loop
      vertex -1.5588457268119895 -15.3 3.1000000000000014
      vertex -1.63135401666597 -19.4 3.239287128866742
      vertex -1.5588457268119895 -19.4 3.1000000000000014
    endloop
  endfacet
  facet normal 0.8433914458128872 0 0.5372996083468216
    outer loop
      vertex -1.4744736797201852 -15.3 2.9675624145681176
      vertex -1.5588457268119895 -19.4 3.1000000000000014
      vertex -1.4744736797201852 -19.4 2.9675624145681176
    endloop
  endfacet
  facet normal 0.793353340291233 0 0.6087614290087233
    outer loop
      vertex -1.3788799976141604 -15.3 2.8429823025642307
      vertex -1.4744736797201852 -19.4 2.9675624145681176
      vertex -1.3788799976141604 -19.4 2.8429823025642307
    endloop
  endfacet
  facet normal 0.7372773368101322 0 0.6755902076156514
    outer loop
      vertex -1.2727922061357857 -15.3 2.7272077938642134
      vertex -1.3788799976141604 -19.4 2.8429823025642307
      vertex -1.2727922061357857 -19.4 2.7272077938642134
    endloop
  endfacet
  facet normal 0.675590207615653 0 0.7372773368101306
    outer loop
      vertex -1.1570176974357707 -15.3 2.6211200023858403
      vertex -1.2727922061357857 -19.4 2.7272077938642134
      vertex -1.1570176974357707 -19.4 2.6211200023858403
    endloop
  endfacet
  facet normal 0.6087614290087188 0 0.7933533402912365
    outer loop
      vertex -1.1570176974357707 -15.3 2.6211200023858403
      vertex -1.1570176974357707 -19.4 2.6211200023858403
      vertex -1.032437585431883 -15.3 2.525526320279816
    endloop
  endfacet
  facet normal 0.6087614290087188 0 0.7933533402912365
    outer loop
      vertex -1.032437585431883 -15.3 2.525526320279816
      vertex -1.1570176974357707 -19.4 2.6211200023858403
      vertex -1.032437585431883 -19.4 2.525526320279816
    endloop
  endfacet
  facet normal 0.5372996083468238 0 0.8433914458128857
    outer loop
      vertex -1.032437585431883 -15.3 2.525526320279816
      vertex -1.032437585431883 -19.4 2.525526320279816
      vertex -0.9 -15.3 2.441154273188012
    endloop
  endfacet
  facet normal 0.4617486132350407 0 0.887010833178218
    outer loop
      vertex -0.9 -15.3 2.441154273188012
      vertex -0.9 -19.4 2.441154273188012
      vertex -0.760712871133259 -15.3 2.36864598333403
    endloop
  endfacet
  facet normal 0.38268343236509067 0 0.9238795325112864
    outer loop
      vertex -0.760712871133259 -15.3 2.36864598333403
      vertex -0.760712871133259 -19.4 2.36864598333403
      vertex -0.6156362579862037 -15.3 2.3085532825853647
    endloop
  endfacet
  facet normal 0.30070579950427273 0 0.953716950748227
    outer loop
      vertex -0.6156362579862037 -15.3 2.3085532825853647
      vertex -0.6156362579862037 -19.4 2.3085532825853647
      vertex -0.46587428118453733 -15.3 2.261333512679677
    endloop
  endfacet
  facet normal 0.21643961393809116 0 0.9762960071199359
    outer loop
      vertex -0.46587428118453733 -15.3 2.261333512679677
      vertex -0.46587428118453733 -19.4 2.261333512679677
      vertex -0.3125667198004746 -15.3 2.2273460445780273
    endloop
  endfacet
  facet normal 0.130526192220074 0 0.9914448613738074
    outer loop
      vertex -0.3125667198004746 -15.3 2.2273460445780273
      vertex -0.3125667198004746 -19.4 2.2273460445780273
      vertex -0.1568803369457847 -15.3 2.2068495434348563
    endloop
  endfacet
  facet normal 0.04361938736532936 0 0.9990482215818581
    outer loop
      vertex -0.1568803369457847 -15.3 2.2068495434348563
      vertex -0.1568803369457847 -19.4 2.2068495434348563
      vertex 0 -15.3 2.1999999999999993
    endloop
  endfacet
  facet normal 0.5372996083468238 0 0.8433914458128857
    outer loop
      vertex -0.9 -15.3 2.441154273188012
      vertex -1.032437585431883 -19.4 2.525526320279816
      vertex -0.9 -19.4 2.441154273188012
    endloop
  endfacet
  facet normal 0.4617486132350407 0 0.887010833178218
    outer loop
      vertex -0.760712871133259 -15.3 2.36864598333403
      vertex -0.9 -19.4 2.441154273188012
      vertex -0.760712871133259 -19.4 2.36864598333403
    endloop
  endfacet
  facet normal 0.38268343236509067 0 0.9238795325112864
    outer loop
      vertex -0.6156362579862037 -15.3 2.3085532825853647
      vertex -0.760712871133259 -19.4 2.36864598333403
      vertex -0.6156362579862037 -19.4 2.3085532825853647
    endloop
  endfacet
  facet normal 0.30070579950427273 0 0.953716950748227
    outer loop
      vertex -0.46587428118453733 -15.3 2.261333512679677
      vertex -0.6156362579862037 -19.4 2.3085532825853647
      vertex -0.46587428118453733 -19.4 2.261333512679677
    endloop
  endfacet
  facet normal 0.21643961393809116 0 0.9762960071199359
    outer loop
      vertex -0.3125667198004746 -15.3 2.2273460445780273
      vertex -0.46587428118453733 -19.4 2.261333512679677
      vertex -0.3125667198004746 -19.4 2.2273460445780273
    endloop
  endfacet
  facet normal 0.130526192220074 0 0.9914448613738074
    outer loop
      vertex -0.1568803369457847 -15.3 2.2068495434348563
      vertex -0.3125667198004746 -19.4 2.2273460445780273
      vertex -0.1568803369457847 -19.4 2.2068495434348563
    endloop
  endfacet
  facet normal 0.04361938736532936 -9.496130255607628e-20 0.9990482215818581
    outer loop
      vertex -0.1568803369457847 -19.4 2.2068495434348563
      vertex 0 -19.4 2.1999999999999993
      vertex 0 -15.3 2.1999999999999993
    endloop
  endfacet
  facet normal 0.6087614290087187 0 -0.7933533402912366
    outer loop
      vertex -1.032437585431883 -22.6 5.474473679720184
      vertex -1.032437585431883 -29 5.474473679720184
      vertex -1.1570176974357707 -22.6 5.37887999761416
    endloop
  endfacet
  facet normal 0.675590207615653 3.6804520575041677e-19 -0.7372773368101305
    outer loop
      vertex -1.2727922061357857 -22.6 5.272792206135787
      vertex -1.1570176974357707 -22.6 5.37887999761416
      vertex -1.1570176974357707 -29 5.37887999761416
    endloop
  endfacet
  facet normal 0.3007057995042728 4.181520521546308e-19 -0.9537169507482272
    outer loop
      vertex -0.6156362579862037 -22.6 5.691446717414635
      vertex -0.46587428118453733 -22.6 5.738666487320323
      vertex -0.46587428118453733 -29 5.738666487320323
    endloop
  endfacet
  facet normal 0.21643961393809116 3.258047243708688e-19 -0.976296007119936
    outer loop
      vertex -0.46587428118453733 -22.6 5.738666487320323
      vertex -0.3125667198004746 -22.6 5.772653955421973
      vertex -0.3125667198004746 -29 5.772653955421973
    endloop
  endfacet
  facet normal 0.043619387365329367 6.083458444998635e-20 -0.9990482215818581
    outer loop
      vertex -0.1568803369457847 -22.6 5.793150456565144
      vertex 0 -22.6 5.800000000000001
      vertex 0 -29 5.800000000000001
    endloop
  endfacet
  facet normal 0.130526192220074 -4.575575510430375e-20 -0.9914448613738074
    outer loop
      vertex -0.3125667198004746 -22.6 5.772653955421973
      vertex -0.1568803369457847 -22.6 5.793150456565144
      vertex -0.1568803369457847 -29 5.793150456565144
    endloop
  endfacet
  facet normal 0.4617486132350408 0 -0.8870108331782182
    outer loop
      vertex -0.760712871133259 -22.6 5.63135401666597
      vertex -0.760712871133259 -29 5.63135401666597
      vertex -0.9 -22.6 5.558845726811988
    endloop
  endfacet
  facet normal 0.5372996083468238 -3.7740450298847313e-19 -0.8433914458128858
    outer loop
      vertex -1.032437585431883 -22.6 5.474473679720184
      vertex -0.9 -22.6 5.558845726811988
      vertex -0.9 -29 5.558845726811988
    endloop
  endfacet
  facet normal 0.3826834323650907 0 -0.9238795325112865
    outer loop
      vertex -0.6156362579862037 -22.6 5.691446717414635
      vertex -0.6156362579862037 -29 5.691446717414635
      vertex -0.760712871133259 -22.6 5.63135401666597
    endloop
  endfacet
  facet normal 0.8433914458128872 -7.249097795164095e-19 -0.5372996083468216
    outer loop
      vertex -1.5588457268119895 -22.6 4.899999999999999
      vertex -1.4744736797201852 -22.6 5.032437585431882
      vertex -1.4744736797201852 -29 5.032437585431882
    endloop
  endfacet
  facet normal 0.8870108331782214 0 -0.46174861323503474
    outer loop
      vertex -1.5588457268119895 -22.6 4.899999999999999
      vertex -1.5588457268119895 -29 4.899999999999999
      vertex -1.63135401666597 -22.6 4.760712871133258
    endloop
  endfacet
  facet normal 0.7372773368101322 0 -0.6755902076156514
    outer loop
      vertex -1.2727922061357857 -22.6 5.272792206135787
      vertex -1.2727922061357857 -29 5.272792206135787
      vertex -1.3788799976141604 -22.6 5.157017697435769
    endloop
  endfacet
  facet normal 0.793353340291233 0 -0.6087614290087234
    outer loop
      vertex -1.3788799976141604 -22.6 5.157017697435769
      vertex -1.3788799976141604 -29 5.157017697435769
      vertex -1.4744736797201852 -22.6 5.032437585431882
    endloop
  endfacet
  facet normal 0.9238795325112855 0 -0.38268343236509267
    outer loop
      vertex -1.63135401666597 -22.6 4.760712871133258
      vertex -1.63135401666597 -29 4.760712871133258
      vertex -1.6914467174146353 -22.6 4.615636257986203
    endloop
  endfacet
  facet normal 0.9537169507482275 0 -0.3007057995042718
    outer loop
      vertex -1.6914467174146353 -22.6 4.615636257986203
      vertex -1.6914467174146353 -29 4.615636257986203
      vertex -1.738666487320323 -22.6 4.465874281184536
    endloop
  endfacet
  facet normal 0.976296007119933 0 -0.2164396139381044
    outer loop
      vertex -1.738666487320323 -22.6 4.465874281184536
      vertex -1.738666487320323 -29 4.465874281184536
      vertex -1.7726539554219745 -22.6 4.312566719800476
    endloop
  endfacet
  facet normal 0.9914448613738103 0 -0.1305261922200521
    outer loop
      vertex -1.7726539554219745 -22.6 4.312566719800476
      vertex -1.7726539554219745 -29 4.312566719800476
      vertex -1.793150456565142 -22.6 4.156880336945786
    endloop
  endfacet
  facet normal 0.9990482215818579 0 -0.04361938736533605
    outer loop
      vertex -1.793150456565142 -22.6 4.156880336945786
      vertex -1.793150456565142 -29 4.156880336945786
      vertex -1.8 -22.6 4
    endloop
  endfacet
  facet normal 0.9990482215818579 0 0.04361938736533605
    outer loop
      vertex -1.8 -22.6 4
      vertex -1.8 -29 4
      vertex -1.793150456565142 -22.6 3.843119663054214
    endloop
  endfacet
  facet normal 0.9914448613738103 0 0.1305261922200521
    outer loop
      vertex -1.793150456565142 -22.6 3.843119663054214
      vertex -1.793150456565142 -29 3.843119663054214
      vertex -1.7726539554219745 -22.6 3.6874332801995244
    endloop
  endfacet
  facet normal 0.976296007119933 0 0.2164396139381044
    outer loop
      vertex -1.7726539554219745 -22.6 3.6874332801995244
      vertex -1.7726539554219745 -29 3.6874332801995244
      vertex -1.738666487320323 -22.6 3.5341257188154636
    endloop
  endfacet
  facet normal 0.6087614290087187 0 -0.7933533402912366
    outer loop
      vertex -1.1570176974357707 -22.6 5.37887999761416
      vertex -1.032437585431883 -29 5.474473679720184
      vertex -1.1570176974357707 -29 5.37887999761416
    endloop
  endfacet
  facet normal 0.675590207615653 0 -0.7372773368101305
    outer loop
      vertex -1.2727922061357857 -22.6 5.272792206135787
      vertex -1.1570176974357707 -29 5.37887999761416
      vertex -1.2727922061357857 -29 5.272792206135787
    endloop
  endfacet
  facet normal 0.3007057995042728 0 -0.9537169507482272
    outer loop
      vertex -0.6156362579862037 -22.6 5.691446717414635
      vertex -0.46587428118453733 -29 5.738666487320323
      vertex -0.6156362579862037 -29 5.691446717414635
    endloop
  endfacet
  facet normal 0.21643961393809116 0 -0.976296007119936
    outer loop
      vertex -0.46587428118453733 -22.6 5.738666487320323
      vertex -0.3125667198004746 -29 5.772653955421973
      vertex -0.46587428118453733 -29 5.738666487320323
    endloop
  endfacet
  facet normal 0.130526192220074 0 -0.9914448613738074
    outer loop
      vertex -0.3125667198004746 -22.6 5.772653955421973
      vertex -0.1568803369457847 -29 5.793150456565144
      vertex -0.3125667198004746 -29 5.772653955421973
    endloop
  endfacet
  facet normal 0.043619387365329367 0 -0.9990482215818581
    outer loop
      vertex -0.1568803369457847 -22.6 5.793150456565144
      vertex 0 -29 5.800000000000001
      vertex -0.1568803369457847 -29 5.793150456565144
    endloop
  endfacet
  facet normal 0.4617486132350408 0 -0.8870108331782182
    outer loop
      vertex -0.9 -22.6 5.558845726811988
      vertex -0.760712871133259 -29 5.63135401666597
      vertex -0.9 -29 5.558845726811988
    endloop
  endfacet
  facet normal 0.5372996083468238 0 -0.8433914458128858
    outer loop
      vertex -1.032437585431883 -22.6 5.474473679720184
      vertex -0.9 -29 5.558845726811988
      vertex -1.032437585431883 -29 5.474473679720184
    endloop
  endfacet
  facet normal 0.3826834323650907 0 -0.9238795325112865
    outer loop
      vertex -0.760712871133259 -22.6 5.63135401666597
      vertex -0.6156362579862037 -29 5.691446717414635
      vertex -0.760712871133259 -29 5.63135401666597
    endloop
  endfacet
  facet normal 0.8433914458128872 0 -0.5372996083468216
    outer loop
      vertex -1.5588457268119895 -22.6 4.899999999999999
      vertex -1.4744736797201852 -29 5.032437585431882
      vertex -1.5588457268119895 -29 4.899999999999999
    endloop
  endfacet
  facet normal 0.7372773368101322 0 -0.6755902076156514
    outer loop
      vertex -1.3788799976141604 -22.6 5.157017697435769
      vertex -1.2727922061357857 -29 5.272792206135787
      vertex -1.3788799976141604 -29 5.157017697435769
    endloop
  endfacet
  facet normal 0.793353340291233 0 -0.6087614290087234
    outer loop
      vertex -1.4744736797201852 -22.6 5.032437585431882
      vertex -1.3788799976141604 -29 5.157017697435769
      vertex -1.4744736797201852 -29 5.032437585431882
    endloop
  endfacet
  facet normal 0.8870108331782214 0 -0.46174861323503474
    outer loop
      vertex -1.63135401666597 -22.6 4.760712871133258
      vertex -1.5588457268119895 -29 4.899999999999999
      vertex -1.63135401666597 -29 4.760712871133258
    endloop
  endfacet
  facet normal 0.9238795325112855 0 -0.38268343236509267
    outer loop
      vertex -1.6914467174146353 -22.6 4.615636257986203
      vertex -1.63135401666597 -29 4.760712871133258
      vertex -1.6914467174146353 -29 4.615636257986203
    endloop
  endfacet
  facet normal 0.9537169507482275 0 -0.3007057995042718
    outer loop
      vertex -1.738666487320323 -22.6 4.465874281184536
      vertex -1.6914467174146353 -29 4.615636257986203
      vertex -1.738666487320323 -29 4.465874281184536
    endloop
  endfacet
  facet normal 0.976296007119933 0 -0.2164396139381044
    outer loop
      vertex -1.7726539554219745 -22.6 4.312566719800476
      vertex -1.738666487320323 -29 4.465874281184536
      vertex -1.7726539554219745 -29 4.312566719800476
    endloop
  endfacet
  facet normal 0.9914448613738103 0 -0.1305261922200521
    outer loop
      vertex -1.793150456565142 -22.6 4.156880336945786
      vertex -1.7726539554219745 -29 4.312566719800476
      vertex -1.793150456565142 -29 4.156880336945786
    endloop
  endfacet
  facet normal 0.9990482215818579 0 -0.04361938736533605
    outer loop
      vertex -1.8 -22.6 4
      vertex -1.793150456565142 -29 4.156880336945786
      vertex -1.8 -29 4
    endloop
  endfacet
  facet normal 0.9990482215818579 0 0.04361938736533605
    outer loop
      vertex -1.793150456565142 -22.6 3.843119663054214
      vertex -1.8 -29 4
      vertex -1.793150456565142 -29 3.843119663054214
    endloop
  endfacet
  facet normal 0.9914448613738103 0 0.1305261922200521
    outer loop
      vertex -1.7726539554219745 -22.6 3.6874332801995244
      vertex -1.793150456565142 -29 3.843119663054214
      vertex -1.7726539554219745 -29 3.6874332801995244
    endloop
  endfacet
  facet normal 0.976296007119933 0 0.2164396139381044
    outer loop
      vertex -1.738666487320323 -22.6 3.5341257188154636
      vertex -1.7726539554219745 -29 3.6874332801995244
      vertex -1.738666487320323 -29 3.5341257188154636
    endloop
  endfacet
  facet normal 0.9537169507482275 0 0.3007057995042718
    outer loop
      vertex -1.738666487320323 -22.6 3.5341257188154636
      vertex -1.738666487320323 -29 3.5341257188154636
      vertex -1.6914467174146353 -22.6 3.3843637420137966
    endloop
  endfacet
  facet normal 0.9238795325112855 0 0.38268343236509267
    outer loop
      vertex -1.6914467174146353 -22.6 3.3843637420137966
      vertex -1.6914467174146353 -29 3.3843637420137966
      vertex -1.63135401666597 -22.6 3.239287128866742
    endloop
  endfacet
  facet normal 0.8870108331782214 0 0.46174861323503474
    outer loop
      vertex -1.63135401666597 -22.6 3.239287128866742
      vertex -1.63135401666597 -29 3.239287128866742
      vertex -1.5588457268119895 -22.6 3.1000000000000014
    endloop
  endfacet
  facet normal 0.8433914458128872 0 0.5372996083468216
    outer loop
      vertex -1.5588457268119895 -22.6 3.1000000000000014
      vertex -1.5588457268119895 -29 3.1000000000000014
      vertex -1.4744736797201852 -22.6 2.9675624145681176
    endloop
  endfacet
  facet normal 0.793353340291233 0 0.6087614290087234
    outer loop
      vertex -1.4744736797201852 -22.6 2.9675624145681176
      vertex -1.4744736797201852 -29 2.9675624145681176
      vertex -1.3788799976141604 -22.6 2.8429823025642307
    endloop
  endfacet
  facet normal 0.7372773368101322 0 0.6755902076156514
    outer loop
      vertex -1.3788799976141604 -22.6 2.8429823025642307
      vertex -1.3788799976141604 -29 2.8429823025642307
      vertex -1.2727922061357857 -22.6 2.7272077938642134
    endloop
  endfacet
  facet normal 0.675590207615653 0 0.7372773368101305
    outer loop
      vertex -1.2727922061357857 -22.6 2.7272077938642134
      vertex -1.2727922061357857 -29 2.7272077938642134
      vertex -1.1570176974357707 -22.6 2.6211200023858403
    endloop
  endfacet
  facet normal 0.6087614290087187 0 0.7933533402912366
    outer loop
      vertex -1.1570176974357707 -22.6 2.6211200023858403
      vertex -1.1570176974357707 -29 2.6211200023858403
      vertex -1.032437585431883 -22.6 2.525526320279816
    endloop
  endfacet
  facet normal 0.5372996083468238 0 0.8433914458128858
    outer loop
      vertex -1.032437585431883 -22.6 2.525526320279816
      vertex -1.032437585431883 -29 2.525526320279816
      vertex -0.9 -22.6 2.441154273188012
    endloop
  endfacet
  facet normal 0.4617486132350408 0 0.8870108331782182
    outer loop
      vertex -0.9 -22.6 2.441154273188012
      vertex -0.9 -29 2.441154273188012
      vertex -0.760712871133259 -22.6 2.36864598333403
    endloop
  endfacet
  facet normal 0.3826834323650907 0 0.9238795325112865
    outer loop
      vertex -0.760712871133259 -22.6 2.36864598333403
      vertex -0.760712871133259 -29 2.36864598333403
      vertex -0.6156362579862037 -22.6 2.3085532825853647
    endloop
  endfacet
  facet normal 0.3007057995042728 0 0.9537169507482272
    outer loop
      vertex -0.6156362579862037 -22.6 2.3085532825853647
      vertex -0.6156362579862037 -29 2.3085532825853647
      vertex -0.46587428118453733 -22.6 2.261333512679677
    endloop
  endfacet
  facet normal 0.21643961393809116 0 0.976296007119936
    outer loop
      vertex -0.46587428118453733 -22.6 2.261333512679677
      vertex -0.46587428118453733 -29 2.261333512679677
      vertex -0.3125667198004746 -22.6 2.2273460445780273
    endloop
  endfacet
  facet normal 0.130526192220074 0 0.9914448613738074
    outer loop
      vertex -0.3125667198004746 -22.6 2.2273460445780273
      vertex -0.3125667198004746 -29 2.2273460445780273
      vertex -0.1568803369457847 -22.6 2.2068495434348563
    endloop
  endfacet
  facet normal 0.043619387365329367 0 0.9990482215818581
    outer loop
      vertex -0.1568803369457847 -22.6 2.2068495434348563
      vertex -0.1568803369457847 -29 2.2068495434348563
      vertex 0 -22.6 2.1999999999999993
    endloop
  endfacet
  facet normal 0.9537169507482275 0 0.3007057995042718
    outer loop
      vertex -1.6914467174146353 -22.6 3.3843637420137966
      vertex -1.738666487320323 -29 3.5341257188154636
      vertex -1.6914467174146353 -29 3.3843637420137966
    endloop
  endfacet
  facet normal 0.9238795325112855 0 0.38268343236509267
    outer loop
      vertex -1.63135401666597 -22.6 3.239287128866742
      vertex -1.6914467174146353 -29 3.3843637420137966
      vertex -1.63135401666597 -29 3.239287128866742
    endloop
  endfacet
  facet normal 0.8870108331782214 0 0.46174861323503474
    outer loop
      vertex -1.5588457268119895 -22.6 3.1000000000000014
      vertex -1.63135401666597 -29 3.239287128866742
      vertex -1.5588457268119895 -29 3.1000000000000014
    endloop
  endfacet
  facet normal 0.8433914458128872 0 0.5372996083468216
    outer loop
      vertex -1.4744736797201852 -22.6 2.9675624145681176
      vertex -1.5588457268119895 -29 3.1000000000000014
      vertex -1.4744736797201852 -29 2.9675624145681176
    endloop
  endfacet
  facet normal 0.793353340291233 0 0.6087614290087234
    outer loop
      vertex -1.3788799976141604 -22.6 2.8429823025642307
      vertex -1.4744736797201852 -29 2.9675624145681176
      vertex -1.3788799976141604 -29 2.8429823025642307
    endloop
  endfacet
  facet normal 0.7372773368101322 0 0.6755902076156514
    outer loop
      vertex -1.2727922061357857 -22.6 2.7272077938642134
      vertex -1.3788799976141604 -29 2.8429823025642307
      vertex -1.2727922061357857 -29 2.7272077938642134
    endloop
  endfacet
  facet normal 0.675590207615653 0 0.7372773368101305
    outer loop
      vertex -1.1570176974357707 -22.6 2.6211200023858403
      vertex -1.2727922061357857 -29 2.7272077938642134
      vertex -1.1570176974357707 -29 2.6211200023858403
    endloop
  endfacet
  facet normal 0.6087614290087187 0 0.7933533402912366
    outer loop
      vertex -1.032437585431883 -22.6 2.525526320279816
      vertex -1.1570176974357707 -29 2.6211200023858403
      vertex -1.032437585431883 -29 2.525526320279816
    endloop
  endfacet
  facet normal 0.5372996083468238 0 0.8433914458128858
    outer loop
      vertex -0.9 -22.6 2.441154273188012
      vertex -1.032437585431883 -29 2.525526320279816
      vertex -0.9 -29 2.441154273188012
    endloop
  endfacet
  facet normal 0.4617486132350408 0 0.8870108331782182
    outer loop
      vertex -0.760712871133259 -22.6 2.36864598333403
      vertex -0.9 -29 2.441154273188012
      vertex -0.760712871133259 -29 2.36864598333403
    endloop
  endfacet
  facet normal 0.3826834323650907 0 0.9238795325112865
    outer loop
      vertex -0.6156362579862037 -22.6 2.3085532825853647
      vertex -0.760712871133259 -29 2.36864598333403
      vertex -0.6156362579862037 -29 2.3085532825853647
    endloop
  endfacet
  facet normal 0.3007057995042728 0 0.9537169507482272
    outer loop
      vertex -0.46587428118453733 -22.6 2.261333512679677
      vertex -0.6156362579862037 -29 2.3085532825853647
      vertex -0.46587428118453733 -29 2.261333512679677
    endloop
  endfacet
  facet normal 0.21643961393809116 0 0.976296007119936
    outer loop
      vertex -0.3125667198004746 -22.6 2.2273460445780273
      vertex -0.46587428118453733 -29 2.261333512679677
      vertex -0.3125667198004746 -29 2.2273460445780273
    endloop
  endfacet
  facet normal 0.130526192220074 0 0.9914448613738074
    outer loop
      vertex -0.1568803369457847 -22.6 2.2068495434348563
      vertex -0.3125667198004746 -29 2.2273460445780273
      vertex -0.1568803369457847 -29 2.2068495434348563
    endloop
  endfacet
  facet normal 0.043619387365329367 -6.083458444998635e-20 0.9990482215818581
    outer loop
      vertex -0.1568803369457847 -29 2.2068495434348563
      vertex 0 -29 2.1999999999999993
      vertex 0 -22.6 2.1999999999999993
    endloop
  endfacet
  facet normal -0.04361938736532936 -9.49613025560762e-20 -0.9990482215818581
    outer loop
      vertex 0 -15.3 5.800000000000001
      vertex 0.1568803369457847 -15.3 5.793150456565144
      vertex 0.1568803369457847 -19.400000000000002 5.793150456565144
    endloop
  endfacet
  facet normal -0.130526192220074 7.142361772379118e-20 -0.9914448613738074
    outer loop
      vertex 0.1568803369457847 -15.3 5.793150456565144
      vertex 0.3125667198004746 -15.3 5.772653955421973
      vertex 0.3125667198004746 -19.400000000000002 5.772653955421973
    endloop
  endfacet
  facet normal -0.2164396139380912 -5.085732282862339e-19 -0.976296007119936
    outer loop
      vertex 0.3125667198004746 -15.3 5.772653955421973
      vertex 0.46587428118453733 -15.3 5.738666487320323
      vertex 0.46587428118453733 -19.400000000000002 5.738666487320323
    endloop
  endfacet
  facet normal -0.30070579950427273 -6.527251545828379e-19 -0.953716950748227
    outer loop
      vertex 0.46587428118453733 -15.3 5.738666487320323
      vertex 0.6156362579862037 -15.3 5.691446717414635
      vertex 0.6156362579862037 -19.400000000000002 5.691446717414635
    endloop
  endfacet
  facet normal -0.38268343236509067 -9.116056808762738e-19 -0.9238795325112863
    outer loop
      vertex 0.6156362579862037 -15.3 5.691446717414635
      vertex 0.760712871133259 -15.3 5.63135401666597
      vertex 0.760712871133259 -19.400000000000002 5.63135401666597
    endloop
  endfacet
  facet normal -0.46174861323504074 5.173491972422906e-19 -0.8870108331782182
    outer loop
      vertex 0.760712871133259 -15.3 5.63135401666597
      vertex 0.9 -15.3 5.558845726811988
      vertex 0.9 -19.400000000000002 5.558845726811988
    endloop
  endfacet
  facet normal -0.5372996083468238 5.891192241771284e-19 -0.8433914458128857
    outer loop
      vertex 0.9 -15.3 5.558845726811988
      vertex 1.032437585431883 -15.3 5.474473679720184
      vertex 1.032437585431883 -19.400000000000002 5.474473679720184
    endloop
  endfacet
  facet normal -0.04361938736532936 0 -0.9990482215818581
    outer loop
      vertex 0 -15.3 5.800000000000001
      vertex 0.1568803369457847 -19.400000000000002 5.793150456565144
      vertex 0 -19.400000000000002 5.800000000000001
    endloop
  endfacet
  facet normal -0.130526192220074 0 -0.9914448613738074
    outer loop
      vertex 0.1568803369457847 -15.3 5.793150456565144
      vertex 0.3125667198004746 -19.400000000000002 5.772653955421973
      vertex 0.1568803369457847 -19.400000000000002 5.793150456565144
    endloop
  endfacet
  facet normal -0.2164396139380912 0 -0.976296007119936
    outer loop
      vertex 0.3125667198004746 -15.3 5.772653955421973
      vertex 0.46587428118453733 -19.400000000000002 5.738666487320323
      vertex 0.3125667198004746 -19.400000000000002 5.772653955421973
    endloop
  endfacet
  facet normal -0.30070579950427273 0 -0.953716950748227
    outer loop
      vertex 0.46587428118453733 -15.3 5.738666487320323
      vertex 0.6156362579862037 -19.400000000000002 5.691446717414635
      vertex 0.46587428118453733 -19.400000000000002 5.738666487320323
    endloop
  endfacet
  facet normal -0.38268343236509067 0 -0.9238795325112863
    outer loop
      vertex 0.6156362579862037 -15.3 5.691446717414635
      vertex 0.760712871133259 -19.400000000000002 5.63135401666597
      vertex 0.6156362579862037 -19.400000000000002 5.691446717414635
    endloop
  endfacet
  facet normal -0.46174861323504074 0 -0.8870108331782182
    outer loop
      vertex 0.760712871133259 -15.3 5.63135401666597
      vertex 0.9 -19.400000000000002 5.558845726811988
      vertex 0.760712871133259 -19.400000000000002 5.63135401666597
    endloop
  endfacet
  facet normal -0.5372996083468238 0 -0.8433914458128857
    outer loop
      vertex 0.9 -15.3 5.558845726811988
      vertex 1.032437585431883 -19.400000000000002 5.474473679720184
      vertex 0.9 -19.400000000000002 5.558845726811988
    endloop
  endfacet
  facet normal -0.6087614290087188 1.863994542280426e-19 -0.7933533402912365
    outer loop
      vertex 1.032437585431883 -15.3 5.474473679720184
      vertex 1.1570176974357707 -15.3 5.37887999761416
      vertex 1.1570176974357707 -19.400000000000002 5.37887999761416
    endloop
  endfacet
  facet normal -0.6755902076156531 -5.74509589464065e-19 -0.7372773368101306
    outer loop
      vertex 1.1570176974357707 -15.3 5.37887999761416
      vertex 1.2727922061357857 -15.3 5.272792206135787
      vertex 1.2727922061357857 -19.400000000000002 5.272792206135787
    endloop
  endfacet
  facet normal -0.6087614290087188 0 -0.7933533402912365
    outer loop
      vertex 1.032437585431883 -15.3 5.474473679720184
      vertex 1.1570176974357707 -19.400000000000002 5.37887999761416
      vertex 1.032437585431883 -19.400000000000002 5.474473679720184
    endloop
  endfacet
  facet normal -0.6755902076156531 0 -0.7372773368101306
    outer loop
      vertex 1.1570176974357707 -15.3 5.37887999761416
      vertex 1.2727922061357857 -19.400000000000002 5.272792206135787
      vertex 1.1570176974357707 -19.400000000000002 5.37887999761416
    endloop
  endfacet
  facet normal -0.7372773368101321 7.017457400658107e-19 -0.6755902076156514
    outer loop
      vertex 1.2727922061357857 -15.3 5.272792206135787
      vertex 1.3788799976141604 -15.3 5.157017697435769
      vertex 1.3788799976141604 -19.400000000000002 5.157017697435769
    endloop
  endfacet
  facet normal -0.7933533402912331 -1.6600048445372547e-19 -0.6087614290087234
    outer loop
      vertex 1.3788799976141604 -15.3 5.157017697435769
      vertex 1.4744736797201852 -15.3 5.032437585431882
      vertex 1.4744736797201852 -19.400000000000002 5.032437585431882
    endloop
  endfacet
  facet normal -0.8433914458128872 1.131566485098785e-18 -0.5372996083468216
    outer loop
      vertex 1.4744736797201852 -15.3 5.032437585431882
      vertex 1.5588457268119895 -15.3 4.899999999999999
      vertex 1.5588457268119895 -19.400000000000002 4.899999999999999
    endloop
  endfacet
  facet normal -0.8870108331782214 1.200588129172393e-18 -0.4617486132350347
    outer loop
      vertex 1.5588457268119895 -15.3 4.899999999999999
      vertex 1.63135401666597 -15.3 4.760712871133258
      vertex 1.63135401666597 -19.400000000000002 4.760712871133258
    endloop
  endfacet
  facet normal -0.9238795325112855 1.1562568361610585e-18 -0.3826834323650927
    outer loop
      vertex 1.63135401666597 -15.3 4.760712871133258
      vertex 1.6914467174146353 -15.3 4.615636257986203
      vertex 1.6914467174146353 -19.400000000000002 4.615636257986203
    endloop
  endfacet
  facet normal -0.9537169507482274 3.9721695498058316e-19 -0.3007057995042718
    outer loop
      vertex 1.6914467174146353 -15.3 4.615636257986203
      vertex 1.738666487320323 -15.3 4.465874281184536
      vertex 1.738666487320323 -19.400000000000002 4.465874281184536
    endloop
  endfacet
  facet normal -0.7372773368101321 0 -0.6755902076156514
    outer loop
      vertex 1.2727922061357857 -15.3 5.272792206135787
      vertex 1.3788799976141604 -19.400000000000002 5.157017697435769
      vertex 1.2727922061357857 -19.400000000000002 5.272792206135787
    endloop
  endfacet
  facet normal -0.7933533402912331 0 -0.6087614290087234
    outer loop
      vertex 1.3788799976141604 -15.3 5.157017697435769
      vertex 1.4744736797201852 -19.400000000000002 5.032437585431882
      vertex 1.3788799976141604 -19.400000000000002 5.157017697435769
    endloop
  endfacet
  facet normal -0.8433914458128872 0 -0.5372996083468216
    outer loop
      vertex 1.4744736797201852 -15.3 5.032437585431882
      vertex 1.5588457268119895 -19.400000000000002 4.899999999999999
      vertex 1.4744736797201852 -19.400000000000002 5.032437585431882
    endloop
  endfacet
  facet normal -0.8870108331782214 0 -0.4617486132350347
    outer loop
      vertex 1.5588457268119895 -15.3 4.899999999999999
      vertex 1.63135401666597 -19.400000000000002 4.760712871133258
      vertex 1.5588457268119895 -19.400000000000002 4.899999999999999
    endloop
  endfacet
  facet normal -0.9238795325112855 0 -0.3826834323650927
    outer loop
      vertex 1.63135401666597 -15.3 4.760712871133258
      vertex 1.6914467174146353 -19.400000000000002 4.615636257986203
      vertex 1.63135401666597 -19.400000000000002 4.760712871133258
    endloop
  endfacet
  facet normal -0.9537169507482274 0 -0.3007057995042718
    outer loop
      vertex 1.6914467174146353 -15.3 4.615636257986203
      vertex 1.738666487320323 -19.400000000000002 4.465874281184536
      vertex 1.6914467174146353 -19.400000000000002 4.615636257986203
    endloop
  endfacet
  facet normal -0.976296007119933 0 -0.21643961393810443
    outer loop
      vertex 1.738666487320323 -15.3 4.465874281184536
      vertex 1.7726539554219745 -19.400000000000002 4.312566719800476
      vertex 1.738666487320323 -19.400000000000002 4.465874281184536
    endloop
  endfacet
  facet normal -0.976296007119933 5.794943765317785e-19 -0.21643961393810443
    outer loop
      vertex 1.738666487320323 -15.3 4.465874281184536
      vertex 1.7726539554219745 -15.3 4.312566719800476
      vertex 1.7726539554219745 -19.400000000000002 4.312566719800476
    endloop
  endfacet
  facet normal -0.9914448613738103 1.1149591573566601e-19 -0.1305261922200521
    outer loop
      vertex 1.7726539554219745 -15.3 4.312566719800476
      vertex 1.793150456565142 -15.3 4.156880336945786
      vertex 1.793150456565142 -19.400000000000002 4.156880336945786
    endloop
  endfacet
  facet normal -0.9990482215818578 -4.3300356637106607e-16 -0.04361938736533604
    outer loop
      vertex 1.793150456565142 -15.3 4.156880336945786
      vertex 1.8 -15.3 4
      vertex 1.8000000000000018 -19.400000000000002 4
    endloop
  endfacet
  facet normal -0.9990482215818578 1.5816605458088057e-19 0.04361938736533604
    outer loop
      vertex 1.8 -15.3 4
      vertex 1.793150456565142 -15.3 3.843119663054214
      vertex 1.793150456565142 -19.4 3.843119663054214
    endloop
  endfacet
  facet normal -0.9914448613738105 -1.1149591573566613e-19 0.13052619222005213
    outer loop
      vertex 1.793150456565142 -15.3 3.843119663054214
      vertex 1.7726539554219745 -15.3 3.6874332801995244
      vertex 1.7726539554219745 -19.4 3.6874332801995244
    endloop
  endfacet
  facet normal -0.976296007119933 0 0.21643961393810443
    outer loop
      vertex 1.738666487320323 -15.3 3.5341257188154636
      vertex 1.738666487320323 -19.4 3.5341257188154636
      vertex 1.7726539554219745 -15.3 3.6874332801995244
    endloop
  endfacet
  facet normal -0.9914448613738103 0 -0.1305261922200521
    outer loop
      vertex 1.7726539554219745 -15.3 4.312566719800476
      vertex 1.793150456565142 -19.400000000000002 4.156880336945786
      vertex 1.7726539554219745 -19.400000000000002 4.312566719800476
    endloop
  endfacet
  facet normal -0.9990482215818572 0 -0.04361938736534733
    outer loop
      vertex 1.793150456565142 -15.3 4.156880336945786
      vertex 1.8000000000000018 -19.400000000000002 4
      vertex 1.793150456565142 -19.400000000000002 4.156880336945786
    endloop
  endfacet
  facet normal -0.9990482215818572 -4.32845400316485e-16 0.04361938736534733
    outer loop
      vertex 1.8 -15.3 4
      vertex 1.793150456565142 -19.4 3.843119663054214
      vertex 1.8000000000000018 -19.400000000000002 4
    endloop
  endfacet
  facet normal -0.9914448613738105 0 0.13052619222005213
    outer loop
      vertex 1.793150456565142 -15.3 3.843119663054214
      vertex 1.7726539554219745 -19.4 3.6874332801995244
      vertex 1.793150456565142 -19.4 3.843119663054214
    endloop
  endfacet
  facet normal -0.976296007119933 0 0.21643961393810443
    outer loop
      vertex 1.7726539554219745 -15.3 3.6874332801995244
      vertex 1.738666487320323 -19.4 3.5341257188154636
      vertex 1.7726539554219745 -19.4 3.6874332801995244
    endloop
  endfacet
  facet normal -0.9537169507482274 -3.972169549805835e-19 0.3007057995042718
    outer loop
      vertex 1.738666487320323 -15.3 3.5341257188154636
      vertex 1.6914467174146353 -15.3 3.3843637420137966
      vertex 1.6914467174146353 -19.4 3.3843637420137966
    endloop
  endfacet
  facet normal -0.9238795325112855 -1.1562568361610593e-18 0.3826834323650926
    outer loop
      vertex 1.6914467174146353 -15.3 3.3843637420137966
      vertex 1.63135401666597 -15.3 3.239287128866742
      vertex 1.63135401666597 -19.4 3.239287128866742
    endloop
  endfacet
  facet normal -0.8870108331782213 -1.200588129172394e-18 0.46174861323503463
    outer loop
      vertex 1.63135401666597 -15.3 3.239287128866742
      vertex 1.5588457268119895 -15.3 3.1000000000000014
      vertex 1.5588457268119895 -19.4 3.1000000000000014
    endloop
  endfacet
  facet normal -0.793353340291233 1.6600048445372557e-19 0.6087614290087233
    outer loop
      vertex 1.4744736797201852 -15.3 2.9675624145681176
      vertex 1.3788799976141604 -15.3 2.8429823025642307
      vertex 1.3788799976141604 -19.4 2.8429823025642307
    endloop
  endfacet
  facet normal -0.675590207615653 5.745095894640654e-19 0.7372773368101306
    outer loop
      vertex 1.2727922061357857 -15.3 2.7272077938642134
      vertex 1.1570176974357707 -15.3 2.6211200023858403
      vertex 1.1570176974357707 -19.4 2.6211200023858403
    endloop
  endfacet
  facet normal -0.7372773368101322 -7.017457400658113e-19 0.6755902076156514
    outer loop
      vertex 1.3788799976141604 -15.3 2.8429823025642307
      vertex 1.2727922061357857 -15.3 2.7272077938642134
      vertex 1.2727922061357857 -19.4 2.7272077938642134
    endloop
  endfacet
  facet normal -0.8433914458128872 -1.1315664850987861e-18 0.5372996083468216
    outer loop
      vertex 1.5588457268119895 -15.3 3.1000000000000014
      vertex 1.4744736797201852 -15.3 2.9675624145681176
      vertex 1.4744736797201852 -19.4 2.9675624145681176
    endloop
  endfacet
  facet normal -0.9537169507482274 0 0.3007057995042718
    outer loop
      vertex 1.738666487320323 -15.3 3.5341257188154636
      vertex 1.6914467174146353 -19.4 3.3843637420137966
      vertex 1.738666487320323 -19.4 3.5341257188154636
    endloop
  endfacet
  facet normal -0.9238795325112855 0 0.3826834323650926
    outer loop
      vertex 1.6914467174146353 -15.3 3.3843637420137966
      vertex 1.63135401666597 -19.4 3.239287128866742
      vertex 1.6914467174146353 -19.4 3.3843637420137966
    endloop
  endfacet
  facet normal -0.8870108331782213 0 0.46174861323503463
    outer loop
      vertex 1.63135401666597 -15.3 3.239287128866742
      vertex 1.5588457268119895 -19.4 3.1000000000000014
      vertex 1.63135401666597 -19.4 3.239287128866742
    endloop
  endfacet
  facet normal -0.793353340291233 0 0.6087614290087233
    outer loop
      vertex 1.4744736797201852 -15.3 2.9675624145681176
      vertex 1.3788799976141604 -19.4 2.8429823025642307
      vertex 1.4744736797201852 -19.4 2.9675624145681176
    endloop
  endfacet
  facet normal -0.675590207615653 0 0.7372773368101306
    outer loop
      vertex 1.2727922061357857 -15.3 2.7272077938642134
      vertex 1.1570176974357707 -19.4 2.6211200023858403
      vertex 1.2727922061357857 -19.4 2.7272077938642134
    endloop
  endfacet
  facet normal -0.7372773368101322 0 0.6755902076156514
    outer loop
      vertex 1.3788799976141604 -15.3 2.8429823025642307
      vertex 1.2727922061357857 -19.4 2.7272077938642134
      vertex 1.3788799976141604 -19.4 2.8429823025642307
    endloop
  endfacet
  facet normal -0.8433914458128872 0 0.5372996083468216
    outer loop
      vertex 1.5588457268119895 -15.3 3.1000000000000014
      vertex 1.4744736797201852 -19.4 2.9675624145681176
      vertex 1.5588457268119895 -19.4 3.1000000000000014
    endloop
  endfacet
  facet normal -0.04361938736532936 0 0.9990482215818581
    outer loop
      vertex 0 -15.3 2.1999999999999993
      vertex 0 -19.4 2.1999999999999993
      vertex 0.1568803369457847 -15.3 2.2068495434348563
    endloop
  endfacet
  facet normal -0.130526192220074 0 0.9914448613738074
    outer loop
      vertex 0.1568803369457847 -15.3 2.2068495434348563
      vertex 0.1568803369457847 -19.4 2.2068495434348563
      vertex 0.3125667198004746 -15.3 2.2273460445780273
    endloop
  endfacet
  facet normal -0.21643961393809116 0 0.9762960071199359
    outer loop
      vertex 0.3125667198004746 -15.3 2.2273460445780273
      vertex 0.3125667198004746 -19.4 2.2273460445780273
      vertex 0.46587428118453733 -15.3 2.261333512679677
    endloop
  endfacet
  facet normal -0.5372996083468238 0 0.8433914458128857
    outer loop
      vertex 0.9 -15.3 2.441154273188012
      vertex 0.9 -19.4 2.441154273188012
      vertex 1.032437585431883 -15.3 2.525526320279816
    endloop
  endfacet
  facet normal -0.38268343236509067 0 0.9238795325112864
    outer loop
      vertex 0.6156362579862037 -15.3 2.3085532825853647
      vertex 0.6156362579862037 -19.4 2.3085532825853647
      vertex 0.760712871133259 -15.3 2.36864598333403
    endloop
  endfacet
  facet normal -0.30070579950427273 0 0.953716950748227
    outer loop
      vertex 0.46587428118453733 -15.3 2.261333512679677
      vertex 0.46587428118453733 -19.4 2.261333512679677
      vertex 0.6156362579862037 -15.3 2.3085532825853647
    endloop
  endfacet
  facet normal -0.4617486132350407 -5.17349197242291e-19 0.887010833178218
    outer loop
      vertex 0.9 -15.3 2.441154273188012
      vertex 0.760712871133259 -15.3 2.36864598333403
      vertex 0.760712871133259 -19.4 2.36864598333403
    endloop
  endfacet
  facet normal -0.04361938736532936 0 0.9990482215818581
    outer loop
      vertex 0.1568803369457847 -15.3 2.2068495434348563
      vertex 0 -19.4 2.1999999999999993
      vertex 0.1568803369457847 -19.4 2.2068495434348563
    endloop
  endfacet
  facet normal -0.130526192220074 0 0.9914448613738074
    outer loop
      vertex 0.3125667198004746 -15.3 2.2273460445780273
      vertex 0.1568803369457847 -19.4 2.2068495434348563
      vertex 0.3125667198004746 -19.4 2.2273460445780273
    endloop
  endfacet
  facet normal -0.21643961393809116 0 0.9762960071199359
    outer loop
      vertex 0.46587428118453733 -15.3 2.261333512679677
      vertex 0.3125667198004746 -19.4 2.2273460445780273
      vertex 0.46587428118453733 -19.4 2.261333512679677
    endloop
  endfacet
  facet normal -0.4617486132350407 0 0.887010833178218
    outer loop
      vertex 0.9 -15.3 2.441154273188012
      vertex 0.760712871133259 -19.4 2.36864598333403
      vertex 0.9 -19.4 2.441154273188012
    endloop
  endfacet
  facet normal -0.5372996083468238 0 0.8433914458128857
    outer loop
      vertex 1.032437585431883 -15.3 2.525526320279816
      vertex 0.9 -19.4 2.441154273188012
      vertex 1.032437585431883 -19.4 2.525526320279816
    endloop
  endfacet
  facet normal -0.38268343236509067 0 0.9238795325112864
    outer loop
      vertex 0.760712871133259 -15.3 2.36864598333403
      vertex 0.6156362579862037 -19.4 2.3085532825853647
      vertex 0.760712871133259 -19.4 2.36864598333403
    endloop
  endfacet
  facet normal -0.30070579950427273 0 0.953716950748227
    outer loop
      vertex 0.6156362579862037 -15.3 2.3085532825853647
      vertex 0.46587428118453733 -19.4 2.261333512679677
      vertex 0.6156362579862037 -19.4 2.3085532825853647
    endloop
  endfacet
  facet normal -0.6087614290087188 0 0.7933533402912365
    outer loop
      vertex 1.032437585431883 -15.3 2.525526320279816
      vertex 1.032437585431883 -19.4 2.525526320279816
      vertex 1.1570176974357707 -15.3 2.6211200023858403
    endloop
  endfacet
  facet normal -0.6087614290087188 0 0.7933533402912365
    outer loop
      vertex 1.1570176974357707 -15.3 2.6211200023858403
      vertex 1.032437585431883 -19.4 2.525526320279816
      vertex 1.1570176974357707 -19.4 2.6211200023858403
    endloop
  endfacet
  facet normal -0.043619387365329367 -6.083458444998635e-20 -0.9990482215818581
    outer loop
      vertex 0 -22.6 5.800000000000001
      vertex 0.1568803369457847 -22.6 5.793150456565144
      vertex 0.1568803369457847 -29 5.793150456565144
    endloop
  endfacet
  facet normal -0.130526192220074 4.575575510430375e-20 -0.9914448613738074
    outer loop
      vertex 0.1568803369457847 -22.6 5.793150456565144
      vertex 0.3125667198004746 -22.6 5.772653955421973
      vertex 0.3125667198004746 -29 5.772653955421973
    endloop
  endfacet
  facet normal -0.21643961393809116 -3.258047243708688e-19 -0.976296007119936
    outer loop
      vertex 0.3125667198004746 -22.6 5.772653955421973
      vertex 0.46587428118453733 -22.6 5.738666487320323
      vertex 0.46587428118453733 -29 5.738666487320323
    endloop
  endfacet
  facet normal -0.3007057995042728 -4.181520521546308e-19 -0.9537169507482272
    outer loop
      vertex 0.46587428118453733 -22.6 5.738666487320323
      vertex 0.6156362579862037 -22.6 5.691446717414635
      vertex 0.6156362579862037 -29 5.691446717414635
    endloop
  endfacet
  facet normal -0.3826834323650907 -5.839973893113633e-19 -0.9238795325112865
    outer loop
      vertex 0.6156362579862037 -22.6 5.691446717414635
      vertex 0.760712871133259 -22.6 5.63135401666597
      vertex 0.760712871133259 -29 5.63135401666597
    endloop
  endfacet
  facet normal -0.4617486132350408 3.314268294833426e-19 -0.8870108331782182
    outer loop
      vertex 0.760712871133259 -22.6 5.63135401666597
      vertex 0.9 -22.6 5.558845726811988
      vertex 0.9 -29 5.558845726811988
    endloop
  endfacet
  facet normal -0.5372996083468238 3.7740450298847313e-19 -0.8433914458128858
    outer loop
      vertex 0.9 -22.6 5.558845726811988
      vertex 1.032437585431883 -22.6 5.474473679720184
      vertex 1.032437585431883 -29 5.474473679720184
    endloop
  endfacet
  facet normal -0.6087614290087187 1.1941215036483986e-19 -0.7933533402912366
    outer loop
      vertex 1.032437585431883 -22.6 5.474473679720184
      vertex 1.1570176974357707 -22.6 5.37887999761416
      vertex 1.1570176974357707 -29 5.37887999761416
    endloop
  endfacet
  facet normal -0.675590207615653 -3.6804520575041677e-19 -0.7372773368101305
    outer loop
      vertex 1.1570176974357707 -22.6 5.37887999761416
      vertex 1.2727922061357857 -22.6 5.272792206135787
      vertex 1.2727922061357857 -29 5.272792206135787
    endloop
  endfacet
  facet normal -0.7372773368101322 4.495558647296602e-19 -0.6755902076156514
    outer loop
      vertex 1.2727922061357857 -22.6 5.272792206135787
      vertex 1.3788799976141604 -22.6 5.157017697435769
      vertex 1.3788799976141604 -29 5.157017697435769
    endloop
  endfacet
  facet normal -0.793353340291233 -1.0634406035316793e-19 -0.6087614290087234
    outer loop
      vertex 1.3788799976141604 -22.6 5.157017697435769
      vertex 1.4744736797201852 -22.6 5.032437585431882
      vertex 1.4744736797201852 -29 5.032437585431882
    endloop
  endfacet
  facet normal -0.8433914458128872 7.249097795164095e-19 -0.5372996083468216
    outer loop
      vertex 1.4744736797201852 -22.6 5.032437585431882
      vertex 1.5588457268119895 -22.6 4.899999999999999
      vertex 1.5588457268119895 -29 4.899999999999999
    endloop
  endfacet
  facet normal -0.8870108331782214 7.691267702510647e-19 -0.46174861323503474
    outer loop
      vertex 1.5588457268119895 -22.6 4.899999999999999
      vertex 1.63135401666597 -22.6 4.760712871133258
      vertex 1.63135401666597 -29 4.760712871133258
    endloop
  endfacet
  facet normal -0.9238795325112855 7.407270356656785e-19 -0.38268343236509267
    outer loop
      vertex 1.63135401666597 -22.6 4.760712871133258
      vertex 1.6914467174146353 -22.6 4.615636257986203
      vertex 1.6914467174146353 -29 4.615636257986203
    endloop
  endfacet
  facet normal -0.9537169507482275 2.5446711178443627e-19 -0.3007057995042718
    outer loop
      vertex 1.6914467174146353 -22.6 4.615636257986203
      vertex 1.738666487320323 -22.6 4.465874281184536
      vertex 1.738666487320323 -29 4.465874281184536
    endloop
  endfacet
  facet normal -0.976296007119933 3.712385849656708e-19 -0.2164396139381044
    outer loop
      vertex 1.738666487320323 -22.6 4.465874281184536
      vertex 1.7726539554219745 -22.6 4.312566719800476
      vertex 1.7726539554219745 -29 4.312566719800476
    endloop
  endfacet
  facet normal -0.9914448613738103 7.142707101816108e-20 -0.1305261922200521
    outer loop
      vertex 1.7726539554219745 -22.6 4.312566719800476
      vertex 1.793150456565142 -22.6 4.156880336945786
      vertex 1.793150456565142 -29 4.156880336945786
    endloop
  endfacet
  facet normal -0.9990482215818579 -1.0132512871587659e-19 -0.04361938736533605
    outer loop
      vertex 1.793150456565142 -22.6 4.156880336945786
      vertex 1.8 -22.6 4
      vertex 1.8 -29 4
    endloop
  endfacet
  facet normal -0.9990482215818579 1.0132512871587659e-19 0.04361938736533605
    outer loop
      vertex 1.8 -22.6 4
      vertex 1.793150456565142 -22.6 3.843119663054214
      vertex 1.793150456565142 -29 3.843119663054214
    endloop
  endfacet
  facet normal -0.9914448613738103 -7.142707101816108e-20 0.1305261922200521
    outer loop
      vertex 1.793150456565142 -22.6 3.843119663054214
      vertex 1.7726539554219745 -22.6 3.6874332801995244
      vertex 1.7726539554219745 -29 3.6874332801995244
    endloop
  endfacet
  facet normal -0.976296007119933 0 0.2164396139381044
    outer loop
      vertex 1.738666487320323 -22.6 3.5341257188154636
      vertex 1.738666487320323 -29 3.5341257188154636
      vertex 1.7726539554219745 -22.6 3.6874332801995244
    endloop
  endfacet
  facet normal -0.043619387365329367 0 -0.9990482215818581
    outer loop
      vertex 0 -22.6 5.800000000000001
      vertex 0.1568803369457847 -29 5.793150456565144
      vertex 0 -29 5.800000000000001
    endloop
  endfacet
  facet normal -0.130526192220074 0 -0.9914448613738074
    outer loop
      vertex 0.1568803369457847 -22.6 5.793150456565144
      vertex 0.3125667198004746 -29 5.772653955421973
      vertex 0.1568803369457847 -29 5.793150456565144
    endloop
  endfacet
  facet normal -0.21643961393809116 0 -0.976296007119936
    outer loop
      vertex 0.3125667198004746 -22.6 5.772653955421973
      vertex 0.46587428118453733 -29 5.738666487320323
      vertex 0.3125667198004746 -29 5.772653955421973
    endloop
  endfacet
  facet normal -0.3007057995042728 0 -0.9537169507482272
    outer loop
      vertex 0.46587428118453733 -22.6 5.738666487320323
      vertex 0.6156362579862037 -29 5.691446717414635
      vertex 0.46587428118453733 -29 5.738666487320323
    endloop
  endfacet
  facet normal -0.3826834323650907 0 -0.9238795325112865
    outer loop
      vertex 0.6156362579862037 -22.6 5.691446717414635
      vertex 0.760712871133259 -29 5.63135401666597
      vertex 0.6156362579862037 -29 5.691446717414635
    endloop
  endfacet
  facet normal -0.4617486132350408 0 -0.8870108331782182
    outer loop
      vertex 0.760712871133259 -22.6 5.63135401666597
      vertex 0.9 -29 5.558845726811988
      vertex 0.760712871133259 -29 5.63135401666597
    endloop
  endfacet
  facet normal -0.5372996083468238 0 -0.8433914458128858
    outer loop
      vertex 0.9 -22.6 5.558845726811988
      vertex 1.032437585431883 -29 5.474473679720184
      vertex 0.9 -29 5.558845726811988
    endloop
  endfacet
  facet normal -0.6087614290087187 0 -0.7933533402912366
    outer loop
      vertex 1.032437585431883 -22.6 5.474473679720184
      vertex 1.1570176974357707 -29 5.37887999761416
      vertex 1.032437585431883 -29 5.474473679720184
    endloop
  endfacet
  facet normal -0.675590207615653 0 -0.7372773368101305
    outer loop
      vertex 1.1570176974357707 -22.6 5.37887999761416
      vertex 1.2727922061357857 -29 5.272792206135787
      vertex 1.1570176974357707 -29 5.37887999761416
    endloop
  endfacet
  facet normal -0.7372773368101322 0 -0.6755902076156514
    outer loop
      vertex 1.2727922061357857 -22.6 5.272792206135787
      vertex 1.3788799976141604 -29 5.157017697435769
      vertex 1.2727922061357857 -29 5.272792206135787
    endloop
  endfacet
  facet normal -0.793353340291233 0 -0.6087614290087234
    outer loop
      vertex 1.3788799976141604 -22.6 5.157017697435769
      vertex 1.4744736797201852 -29 5.032437585431882
      vertex 1.3788799976141604 -29 5.157017697435769
    endloop
  endfacet
  facet normal -0.8433914458128872 0 -0.5372996083468216
    outer loop
      vertex 1.4744736797201852 -22.6 5.032437585431882
      vertex 1.5588457268119895 -29 4.899999999999999
      vertex 1.4744736797201852 -29 5.032437585431882
    endloop
  endfacet
  facet normal -0.8870108331782214 0 -0.46174861323503474
    outer loop
      vertex 1.5588457268119895 -22.6 4.899999999999999
      vertex 1.63135401666597 -29 4.760712871133258
      vertex 1.5588457268119895 -29 4.899999999999999
    endloop
  endfacet
  facet normal -0.9238795325112855 0 -0.38268343236509267
    outer loop
      vertex 1.63135401666597 -22.6 4.760712871133258
      vertex 1.6914467174146353 -29 4.615636257986203
      vertex 1.63135401666597 -29 4.760712871133258
    endloop
  endfacet
  facet normal -0.9537169507482275 0 -0.3007057995042718
    outer loop
      vertex 1.6914467174146353 -22.6 4.615636257986203
      vertex 1.738666487320323 -29 4.465874281184536
      vertex 1.6914467174146353 -29 4.615636257986203
    endloop
  endfacet
  facet normal -0.976296007119933 0 -0.2164396139381044
    outer loop
      vertex 1.738666487320323 -22.6 4.465874281184536
      vertex 1.7726539554219745 -29 4.312566719800476
      vertex 1.738666487320323 -29 4.465874281184536
    endloop
  endfacet
  facet normal -0.9914448613738103 0 -0.1305261922200521
    outer loop
      vertex 1.7726539554219745 -22.6 4.312566719800476
      vertex 1.793150456565142 -29 4.156880336945786
      vertex 1.7726539554219745 -29 4.312566719800476
    endloop
  endfacet
  facet normal -0.9990482215818579 0 -0.04361938736533605
    outer loop
      vertex 1.793150456565142 -22.6 4.156880336945786
      vertex 1.8 -29 4
      vertex 1.793150456565142 -29 4.156880336945786
    endloop
  endfacet
  facet normal -0.9990482215818579 0 0.04361938736533605
    outer loop
      vertex 1.8 -22.6 4
      vertex 1.793150456565142 -29 3.843119663054214
      vertex 1.8 -29 4
    endloop
  endfacet
  facet normal -0.9914448613738103 0 0.1305261922200521
    outer loop
      vertex 1.793150456565142 -22.6 3.843119663054214
      vertex 1.7726539554219745 -29 3.6874332801995244
      vertex 1.793150456565142 -29 3.843119663054214
    endloop
  endfacet
  facet normal -0.976296007119933 0 0.2164396139381044
    outer loop
      vertex 1.7726539554219745 -22.6 3.6874332801995244
      vertex 1.738666487320323 -29 3.5341257188154636
      vertex 1.7726539554219745 -29 3.6874332801995244
    endloop
  endfacet
  facet normal -0.9537169507482275 -2.5446711178443627e-19 0.3007057995042718
    outer loop
      vertex 1.738666487320323 -22.6 3.5341257188154636
      vertex 1.6914467174146353 -22.6 3.3843637420137966
      vertex 1.6914467174146353 -29 3.3843637420137966
    endloop
  endfacet
  facet normal -0.9238795325112855 -7.407270356656785e-19 0.38268343236509267
    outer loop
      vertex 1.6914467174146353 -22.6 3.3843637420137966
      vertex 1.63135401666597 -22.6 3.239287128866742
      vertex 1.63135401666597 -29 3.239287128866742
    endloop
  endfacet
  facet normal -0.8870108331782214 -7.691267702510647e-19 0.46174861323503474
    outer loop
      vertex 1.63135401666597 -22.6 3.239287128866742
      vertex 1.5588457268119895 -22.6 3.1000000000000014
      vertex 1.5588457268119895 -29 3.1000000000000014
    endloop
  endfacet
  facet normal -0.793353340291233 1.0634406035316793e-19 0.6087614290087234
    outer loop
      vertex 1.4744736797201852 -22.6 2.9675624145681176
      vertex 1.3788799976141604 -22.6 2.8429823025642307
      vertex 1.3788799976141604 -29 2.8429823025642307
    endloop
  endfacet
  facet normal -0.675590207615653 3.6804520575041677e-19 0.7372773368101305
    outer loop
      vertex 1.2727922061357857 -22.6 2.7272077938642134
      vertex 1.1570176974357707 -22.6 2.6211200023858403
      vertex 1.1570176974357707 -29 2.6211200023858403
    endloop
  endfacet
  facet normal -0.7372773368101322 -4.495558647296602e-19 0.6755902076156514
    outer loop
      vertex 1.3788799976141604 -22.6 2.8429823025642307
      vertex 1.2727922061357857 -22.6 2.7272077938642134
      vertex 1.2727922061357857 -29 2.7272077938642134
    endloop
  endfacet
  facet normal -0.8433914458128872 -7.249097795164095e-19 0.5372996083468216
    outer loop
      vertex 1.5588457268119895 -22.6 3.1000000000000014
      vertex 1.4744736797201852 -22.6 2.9675624145681176
      vertex 1.4744736797201852 -29 2.9675624145681176
    endloop
  endfacet
  facet normal -0.043619387365329367 0 0.9990482215818581
    outer loop
      vertex 0 -22.6 2.1999999999999993
      vertex 0 -29 2.1999999999999993
      vertex 0.1568803369457847 -22.6 2.2068495434348563
    endloop
  endfacet
  facet normal -0.130526192220074 0 0.9914448613738074
    outer loop
      vertex 0.1568803369457847 -22.6 2.2068495434348563
      vertex 0.1568803369457847 -29 2.2068495434348563
      vertex 0.3125667198004746 -22.6 2.2273460445780273
    endloop
  endfacet
  facet normal -0.21643961393809116 0 0.976296007119936
    outer loop
      vertex 0.3125667198004746 -22.6 2.2273460445780273
      vertex 0.3125667198004746 -29 2.2273460445780273
      vertex 0.46587428118453733 -22.6 2.261333512679677
    endloop
  endfacet
  facet normal -0.5372996083468238 0 0.8433914458128858
    outer loop
      vertex 0.9 -22.6 2.441154273188012
      vertex 0.9 -29 2.441154273188012
      vertex 1.032437585431883 -22.6 2.525526320279816
    endloop
  endfacet
  facet normal -0.3826834323650907 0 0.9238795325112865
    outer loop
      vertex 0.6156362579862037 -22.6 2.3085532825853647
      vertex 0.6156362579862037 -29 2.3085532825853647
      vertex 0.760712871133259 -22.6 2.36864598333403
    endloop
  endfacet
  facet normal -0.3007057995042728 0 0.9537169507482272
    outer loop
      vertex 0.46587428118453733 -22.6 2.261333512679677
      vertex 0.46587428118453733 -29 2.261333512679677
      vertex 0.6156362579862037 -22.6 2.3085532825853647
    endloop
  endfacet
  facet normal -0.4617486132350408 -3.314268294833426e-19 0.8870108331782182
    outer loop
      vertex 0.9 -22.6 2.441154273188012
      vertex 0.760712871133259 -22.6 2.36864598333403
      vertex 0.760712871133259 -29 2.36864598333403
    endloop
  endfacet
  facet normal -0.6087614290087187 0 0.7933533402912366
    outer loop
      vertex 1.032437585431883 -22.6 2.525526320279816
      vertex 1.032437585431883 -29 2.525526320279816
      vertex 1.1570176974357707 -22.6 2.6211200023858403
    endloop
  endfacet
  facet normal -0.9537169507482275 0 0.3007057995042718
    outer loop
      vertex 1.738666487320323 -22.6 3.5341257188154636
      vertex 1.6914467174146353 -29 3.3843637420137966
      vertex 1.738666487320323 -29 3.5341257188154636
    endloop
  endfacet
  facet normal -0.9238795325112855 0 0.38268343236509267
    outer loop
      vertex 1.6914467174146353 -22.6 3.3843637420137966
      vertex 1.63135401666597 -29 3.239287128866742
      vertex 1.6914467174146353 -29 3.3843637420137966
    endloop
  endfacet
  facet normal -0.8870108331782214 0 0.46174861323503474
    outer loop
      vertex 1.63135401666597 -22.6 3.239287128866742
      vertex 1.5588457268119895 -29 3.1000000000000014
      vertex 1.63135401666597 -29 3.239287128866742
    endloop
  endfacet
  facet normal -0.793353340291233 0 0.6087614290087234
    outer loop
      vertex 1.4744736797201852 -22.6 2.9675624145681176
      vertex 1.3788799976141604 -29 2.8429823025642307
      vertex 1.4744736797201852 -29 2.9675624145681176
    endloop
  endfacet
  facet normal -0.675590207615653 0 0.7372773368101305
    outer loop
      vertex 1.2727922061357857 -22.6 2.7272077938642134
      vertex 1.1570176974357707 -29 2.6211200023858403
      vertex 1.2727922061357857 -29 2.7272077938642134
    endloop
  endfacet
  facet normal -0.7372773368101322 0 0.6755902076156514
    outer loop
      vertex 1.3788799976141604 -22.6 2.8429823025642307
      vertex 1.2727922061357857 -29 2.7272077938642134
      vertex 1.3788799976141604 -29 2.8429823025642307
    endloop
  endfacet
  facet normal -0.8433914458128872 0 0.5372996083468216
    outer loop
      vertex 1.5588457268119895 -22.6 3.1000000000000014
      vertex 1.4744736797201852 -29 2.9675624145681176
      vertex 1.5588457268119895 -29 3.1000000000000014
    endloop
  endfacet
  facet normal -0.043619387365329367 0 0.9990482215818581
    outer loop
      vertex 0.1568803369457847 -22.6 2.2068495434348563
      vertex 0 -29 2.1999999999999993
      vertex 0.1568803369457847 -29 2.2068495434348563
    endloop
  endfacet
  facet normal -0.130526192220074 0 0.9914448613738074
    outer loop
      vertex 0.3125667198004746 -22.6 2.2273460445780273
      vertex 0.1568803369457847 -29 2.2068495434348563
      vertex 0.3125667198004746 -29 2.2273460445780273
    endloop
  endfacet
  facet normal -0.21643961393809116 0 0.976296007119936
    outer loop
      vertex 0.46587428118453733 -22.6 2.261333512679677
      vertex 0.3125667198004746 -29 2.2273460445780273
      vertex 0.46587428118453733 -29 2.261333512679677
    endloop
  endfacet
  facet normal -0.4617486132350408 0 0.8870108331782182
    outer loop
      vertex 0.9 -22.6 2.441154273188012
      vertex 0.760712871133259 -29 2.36864598333403
      vertex 0.9 -29 2.441154273188012
    endloop
  endfacet
  facet normal -0.5372996083468238 0 0.8433914458128858
    outer loop
      vertex 1.032437585431883 -22.6 2.525526320279816
      vertex 0.9 -29 2.441154273188012
      vertex 1.032437585431883 -29 2.525526320279816
    endloop
  endfacet
  facet normal -0.3826834323650907 0 0.9238795325112865
    outer loop
      vertex 0.760712871133259 -22.6 2.36864598333403
      vertex 0.6156362579862037 -29 2.3085532825853647
      vertex 0.760712871133259 -29 2.36864598333403
    endloop
  endfacet
  facet normal -0.3007057995042728 0 0.9537169507482272
    outer loop
      vertex 0.6156362579862037 -22.6 2.3085532825853647
      vertex 0.46587428118453733 -29 2.261333512679677
      vertex 0.6156362579862037 -29 2.3085532825853647
    endloop
  endfacet
  facet normal -0.6087614290087187 0 0.7933533402912366
    outer loop
      vertex 1.1570176974357707 -22.6 2.6211200023858403
      vertex 1.032437585431883 -29 2.525526320279816
      vertex 1.1570176974357707 -29 2.6211200023858403
    endloop
  endfacet
  facet normal 0 -1 0
    outer loop
      vertex -1.675 -19.400000000000002 6.901185102677868
      vertex -3.35 -19.400000000000002 4
      vertex -1.3788799976141604 -19.400000000000002 5.157017697435769
    endloop
  endfacet
  facet normal 0 -1 0
    outer loop
      vertex -1.675 -19.400000000000002 6.901185102677868
      vertex -0.46587428118453733 -19.400000000000002 5.738666487320323
      vertex -0.3125667198004746 -19.400000000000002 5.772653955421973
    endloop
  endfacet
  facet normal 0 -1 0
    outer loop
      vertex -1.675 -19.400000000000002 6.901185102677868
      vertex -0.3125667198004746 -19.400000000000002 5.772653955421973
      vertex -0.1568803369457847 -19.400000000000002 5.793150456565144
    endloop
  endfacet
  facet normal 0 -1 0
    outer loop
      vertex -1.675 -19.400000000000002 6.901185102677868
      vertex -0.1568803369457847 -19.400000000000002 5.793150456565144
      vertex 0 -19.400000000000002 5.800000000000001
    endloop
  endfacet
  facet normal 0 -1 0
    outer loop
      vertex -1.675 -19.400000000000002 6.901185102677868
      vertex 0 -19.400000000000002 5.800000000000001
      vertex 0.1568803369457847 -19.400000000000002 5.793150456565144
    endloop
  endfacet
  facet normal 0 -1 0
    outer loop
      vertex -1.675 -19.400000000000002 6.901185102677868
      vertex 0.1568803369457847 -19.400000000000002 5.793150456565144
      vertex 0.3125667198004746 -19.400000000000002 5.772653955421973
    endloop
  endfacet
  facet normal 0 -1 0
    outer loop
      vertex -1.675 -19.400000000000002 6.901185102677868
      vertex -1.1570176974357707 -19.400000000000002 5.37887999761416
      vertex -1.032437585431883 -19.400000000000002 5.474473679720184
    endloop
  endfacet
  facet normal 0 -1 0
    outer loop
      vertex -1.675 -19.400000000000002 6.901185102677868
      vertex -0.760712871133259 -19.400000000000002 5.63135401666597
      vertex -0.6156362579862037 -19.400000000000002 5.691446717414635
    endloop
  endfacet
  facet normal 0 -1 0
    outer loop
      vertex -1.675 -19.400000000000002 6.901185102677868
      vertex -0.9 -19.400000000000002 5.558845726811988
      vertex -0.760712871133259 -19.400000000000002 5.63135401666597
    endloop
  endfacet
  facet normal 0 -1 0
    outer loop
      vertex -1.675 -19.400000000000002 6.901185102677868
      vertex -1.032437585431883 -19.400000000000002 5.474473679720184
      vertex -0.9 -19.400000000000002 5.558845726811988
    endloop
  endfacet
  facet normal 0 -1 0
    outer loop
      vertex -1.675 -19.400000000000002 6.901185102677868
      vertex -1.2727922061357857 -19.400000000000002 5.272792206135787
      vertex -1.1570176974357707 -19.400000000000002 5.37887999761416
    endloop
  endfacet
  facet normal 0 -1 0
    outer loop
      vertex -1.675 -19.400000000000002 6.901185102677868
      vertex -1.3788799976141604 -19.400000000000002 5.157017697435769
      vertex -1.2727922061357857 -19.400000000000002 5.272792206135787
    endloop
  endfacet
  facet normal 0 -1 0
    outer loop
      vertex -1.675 -19.400000000000002 6.901185102677868
      vertex -0.6156362579862037 -19.400000000000002 5.691446717414635
      vertex -0.46587428118453733 -19.400000000000002 5.738666487320323
    endloop
  endfacet
  facet normal 0 -1 0
    outer loop
      vertex -3.35 -19.400000000000002 4
      vertex -1.4744736797201852 -19.400000000000002 5.032437585431882
      vertex -1.3788799976141604 -19.400000000000002 5.157017697435769
    endloop
  endfacet
  facet normal 0 -1 0
    outer loop
      vertex -3.35 -19.400000000000002 4
      vertex -1.5588457268119895 -19.400000000000002 4.899999999999999
      vertex -1.4744736797201852 -19.400000000000002 5.032437585431882
    endloop
  endfacet
  facet normal 0 -1 0
    outer loop
      vertex -3.35 -19.400000000000002 4
      vertex -1.63135401666597 -19.400000000000002 4.760712871133258
      vertex -1.5588457268119895 -19.400000000000002 4.899999999999999
    endloop
  endfacet
  facet normal 0 -1 0
    outer loop
      vertex -3.35 -19.400000000000002 4
      vertex -1.6914467174146353 -19.400000000000002 4.615636257986203
      vertex -1.63135401666597 -19.400000000000002 4.760712871133258
    endloop
  endfacet
  facet normal 0 -1 0
    outer loop
      vertex -3.35 -19.400000000000002 4
      vertex -1.738666487320323 -19.400000000000002 4.465874281184536
      vertex -1.6914467174146353 -19.400000000000002 4.615636257986203
    endloop
  endfacet
  facet normal 0 -1 0
    outer loop
      vertex -3.35 -19.400000000000002 4
      vertex -1.7726539554219745 -19.400000000000002 4.312566719800476
      vertex -1.738666487320323 -19.400000000000002 4.465874281184536
    endloop
  endfacet
  facet normal 0 -1 0
    outer loop
      vertex -3.35 -19.400000000000002 4
      vertex -1.793150456565142 -19.400000000000002 4.156880336945786
      vertex -1.7726539554219745 -19.400000000000002 4.312566719800476
    endloop
  endfacet
  facet normal 0 -1 0
    outer loop
      vertex -3.35 -19.400000000000002 4
      vertex -1.8 -19.400000000000002 4
      vertex -1.793150456565142 -19.400000000000002 4.156880336945786
    endloop
  endfacet
  facet normal 0.8660254037844385 0 -0.5000000000000001
    outer loop
      vertex -1.675 -19.400000000000002 6.901185102677868
      vertex -1.675 -22.6 6.901185102677868
      vertex -3.35 -22.6 4
    endloop
  endfacet
  facet normal 0 1 0
    outer loop
      vertex -1.675 -22.6 6.901185102677868
      vertex -1.4744736797201852 -22.6 5.032437585431882
      vertex -3.35 -22.6 4
    endloop
  endfacet
  facet normal 0 0 -1
    outer loop
      vertex -1.675 -19.400000000000002 6.901185102677868
      vertex 1.675 -22.6 6.901185102677868
      vertex -1.675 -22.6 6.901185102677868
    endloop
  endfacet
  facet normal 0 1 0
    outer loop
      vertex -1.675 -22.6 6.901185102677868
      vertex -0.3125667198004746 -22.6 5.772653955421973
      vertex -0.46587428118453733 -22.6 5.738666487320323
    endloop
  endfacet
  facet normal 0 1 0
    outer loop
      vertex -1.675 -22.6 6.901185102677868
      vertex 1.675 -22.6 6.901185102677868
      vertex -0.3125667198004746 -22.6 5.772653955421973
    endloop
  endfacet
  facet normal 0 1 0
    outer loop
      vertex -1.675 -22.6 6.901185102677868
      vertex -1.3788799976141604 -22.6 5.157017697435769
      vertex -1.4744736797201852 -22.6 5.032437585431882
    endloop
  endfacet
  facet normal 0 1 0
    outer loop
      vertex -1.675 -22.6 6.901185102677868
      vertex -1.032437585431883 -22.6 5.474473679720184
      vertex -1.1570176974357707 -22.6 5.37887999761416
    endloop
  endfacet
  facet normal 0 1 0
    outer loop
      vertex -1.675 -22.6 6.901185102677868
      vertex -0.6156362579862037 -22.6 5.691446717414635
      vertex -0.760712871133259 -22.6 5.63135401666597
    endloop
  endfacet
  facet normal 0 1 0
    outer loop
      vertex -1.675 -22.6 6.901185102677868
      vertex -0.760712871133259 -22.6 5.63135401666597
      vertex -0.9 -22.6 5.558845726811988
    endloop
  endfacet
  facet normal 0 1 0
    outer loop
      vertex -1.675 -22.6 6.901185102677868
      vertex -0.9 -22.6 5.558845726811988
      vertex -1.032437585431883 -22.6 5.474473679720184
    endloop
  endfacet
  facet normal 0 1 0
    outer loop
      vertex -1.675 -22.6 6.901185102677868
      vertex -1.1570176974357707 -22.6 5.37887999761416
      vertex -1.2727922061357857 -22.6 5.272792206135787
    endloop
  endfacet
  facet normal 0 1 0
    outer loop
      vertex -1.675 -22.6 6.901185102677868
      vertex -1.2727922061357857 -22.6 5.272792206135787
      vertex -1.3788799976141604 -22.6 5.157017697435769
    endloop
  endfacet
  facet normal 0 1 0
    outer loop
      vertex -1.675 -22.6 6.901185102677868
      vertex -0.46587428118453733 -22.6 5.738666487320323
      vertex -0.6156362579862037 -22.6 5.691446717414635
    endloop
  endfacet
  facet normal 0.8660254037844385 -2.940771547223546e-17 -0.5000000000000001
    outer loop
      vertex -1.675 -19.400000000000002 6.901185102677868
      vertex -3.35 -22.6 4
      vertex -3.35 -19.400000000000002 4
    endloop
  endfacet
  facet normal 0 1 0
    outer loop
      vertex -3.35 -22.6 4
      vertex -1.4744736797201852 -22.6 5.032437585431882
      vertex -1.5588457268119895 -22.6 4.899999999999999
    endloop
  endfacet
  facet normal 0 1 0
    outer loop
      vertex -3.35 -22.6 4
      vertex -1.5588457268119895 -22.6 4.899999999999999
      vertex -1.63135401666597 -22.6 4.760712871133258
    endloop
  endfacet
  facet normal 0 1 0
    outer loop
      vertex -3.35 -22.6 4
      vertex -1.63135401666597 -22.6 4.760712871133258
      vertex -1.6914467174146353 -22.6 4.615636257986203
    endloop
  endfacet
  facet normal 0 1 0
    outer loop
      vertex -3.35 -22.6 4
      vertex -1.6914467174146353 -22.6 4.615636257986203
      vertex -1.738666487320323 -22.6 4.465874281184536
    endloop
  endfacet
  facet normal 0 1 0
    outer loop
      vertex -3.35 -22.6 4
      vertex -1.738666487320323 -22.6 4.465874281184536
      vertex -1.7726539554219745 -22.6 4.312566719800476
    endloop
  endfacet
  facet normal 0 1 0
    outer loop
      vertex -3.35 -22.6 4
      vertex -1.7726539554219745 -22.6 4.312566719800476
      vertex -1.793150456565142 -22.6 4.156880336945786
    endloop
  endfacet
  facet normal 0 1 0
    outer loop
      vertex -3.35 -22.6 4
      vertex -1.793150456565142 -22.6 4.156880336945786
      vertex -1.8 -22.6 4
    endloop
  endfacet
  facet normal 0 1 0
    outer loop
      vertex -3.35 -22.6 4
      vertex -1.8 -22.6 4
      vertex -1.793150456565142 -22.6 3.843119663054214
    endloop
  endfacet
  facet normal 0 1 0
    outer loop
      vertex -3.35 -22.6 4
      vertex -1.793150456565142 -22.6 3.843119663054214
      vertex -1.7726539554219745 -22.6 3.6874332801995244
    endloop
  endfacet
  facet normal 0 1 0
    outer loop
      vertex -3.35 -22.6 4
      vertex -1.7726539554219745 -22.6 3.6874332801995244
      vertex -1.738666487320323 -22.6 3.5341257188154636
    endloop
  endfacet
  facet normal 0 1 0
    outer loop
      vertex -3.35 -22.6 4
      vertex -1.738666487320323 -22.6 3.5341257188154636
      vertex -1.6914467174146353 -22.6 3.3843637420137966
    endloop
  endfacet
  facet normal 0 1 0
    outer loop
      vertex -3.35 -22.6 4
      vertex -1.6914467174146353 -22.6 3.3843637420137966
      vertex -1.63135401666597 -22.6 3.239287128866742
    endloop
  endfacet
  facet normal 0 1 0
    outer loop
      vertex -3.35 -22.6 4
      vertex -1.63135401666597 -22.6 3.239287128866742
      vertex -1.5588457268119895 -22.6 3.1000000000000014
    endloop
  endfacet
  facet normal 0 1 0
    outer loop
      vertex -3.35 -22.6 4
      vertex -1.5588457268119895 -22.6 3.1000000000000014
      vertex -1.4744736797201852 -22.6 2.9675624145681176
    endloop
  endfacet
  facet normal 0 1 0
    outer loop
      vertex -3.35 -22.6 4
      vertex -1.4744736797201852 -22.6 2.9675624145681176
      vertex -1.3788799976141604 -22.6 2.8429823025642307
    endloop
  endfacet
  facet normal 0 1 0
    outer loop
      vertex -3.35 -22.6 4
      vertex -1.3788799976141604 -22.6 2.8429823025642307
      vertex -1.675 -22.6 1.0988148973221321
    endloop
  endfacet
  facet normal 0 1 0
    outer loop
      vertex -1.3788799976141604 -22.6 2.8429823025642307
      vertex -1.2727922061357857 -22.6 2.7272077938642134
      vertex -1.675 -22.6 1.0988148973221321
    endloop
  endfacet
  facet normal 0 1 0
    outer loop
      vertex -1.2727922061357857 -22.6 2.7272077938642134
      vertex -1.1570176974357707 -22.6 2.6211200023858403
      vertex -1.675 -22.6 1.0988148973221321
    endloop
  endfacet
  facet normal 0 1 0
    outer loop
      vertex -1.1570176974357707 -22.6 2.6211200023858403
      vertex -1.032437585431883 -22.6 2.525526320279816
      vertex -1.675 -22.6 1.0988148973221321
    endloop
  endfacet
  facet normal 0 1 0
    outer loop
      vertex -1.032437585431883 -22.6 2.525526320279816
      vertex -0.9 -22.6 2.441154273188012
      vertex -1.675 -22.6 1.0988148973221321
    endloop
  endfacet
  facet normal 0 1 0
    outer loop
      vertex -0.9 -22.6 2.441154273188012
      vertex -0.760712871133259 -22.6 2.36864598333403
      vertex -1.675 -22.6 1.0988148973221321
    endloop
  endfacet
  facet normal 0 1 0
    outer loop
      vertex -0.760712871133259 -22.6 2.36864598333403
      vertex -0.6156362579862037 -22.6 2.3085532825853647
      vertex -1.675 -22.6 1.0988148973221321
    endloop
  endfacet
  facet normal 0 1 0
    outer loop
      vertex -0.6156362579862037 -22.6 2.3085532825853647
      vertex -0.46587428118453733 -22.6 2.261333512679677
      vertex -1.675 -22.6 1.0988148973221321
    endloop
  endfacet
  facet normal 0 1 0
    outer loop
      vertex -0.46587428118453733 -22.6 2.261333512679677
      vertex -0.3125667198004746 -22.6 2.2273460445780273
      vertex -1.675 -22.6 1.0988148973221321
    endloop
  endfacet
  facet normal 0 1 0
    outer loop
      vertex -0.3125667198004746 -22.6 2.2273460445780273
      vertex -0.1568803369457847 -22.6 2.2068495434348563
      vertex -1.675 -22.6 1.0988148973221321
    endloop
  endfacet
  facet normal 0 1 0
    outer loop
      vertex -0.1568803369457847 -22.6 2.2068495434348563
      vertex 0 -22.6 2.1999999999999993
      vertex -1.675 -22.6 1.0988148973221321
    endloop
  endfacet
  facet normal 0 1 0
    outer loop
      vertex -1.675 -22.6 1.0988148973221321
      vertex 0 -22.6 2.1999999999999993
      vertex 0.1568803369457847 -22.6 2.2068495434348563
    endloop
  endfacet
  facet normal 0 1 0
    outer loop
      vertex -1.675 -22.6 1.0988148973221321
      vertex 0.1568803369457847 -22.6 2.2068495434348563
      vertex 0.3125667198004746 -22.6 2.2273460445780273
    endloop
  endfacet
  facet normal 0 -1 0
    outer loop
      vertex -1.675 -19.400000000000002 6.901185102677868
      vertex 0.3125667198004746 -19.400000000000002 5.772653955421973
      vertex 1.675 -19.400000000000002 6.901185102677868
    endloop
  endfacet
  facet normal 0 -1 0
    outer loop
      vertex 1.675 -19.400000000000002 6.901185102677868
      vertex 0.3125667198004746 -19.400000000000002 5.772653955421973
      vertex 0.46587428118453733 -19.400000000000002 5.738666487320323
    endloop
  endfacet
  facet normal 0 -1 0
    outer loop
      vertex 1.675 -19.400000000000002 6.901185102677868
      vertex 0.46587428118453733 -19.400000000000002 5.738666487320323
      vertex 0.6156362579862037 -19.400000000000002 5.691446717414635
    endloop
  endfacet
  facet normal 0 -1 0
    outer loop
      vertex 1.675 -19.400000000000002 6.901185102677868
      vertex 0.6156362579862037 -19.400000000000002 5.691446717414635
      vertex 0.760712871133259 -19.400000000000002 5.63135401666597
    endloop
  endfacet
  facet normal 0 -1 0
    outer loop
      vertex 1.675 -19.400000000000002 6.901185102677868
      vertex 0.760712871133259 -19.400000000000002 5.63135401666597
      vertex 0.9 -19.400000000000002 5.558845726811988
    endloop
  endfacet
  facet normal 0 -1 0
    outer loop
      vertex 1.675 -19.400000000000002 6.901185102677868
      vertex 0.9 -19.400000000000002 5.558845726811988
      vertex 1.032437585431883 -19.400000000000002 5.474473679720184
    endloop
  endfacet
  facet normal 0 -1 0
    outer loop
      vertex 1.675 -19.400000000000002 6.901185102677868
      vertex 1.032437585431883 -19.400000000000002 5.474473679720184
      vertex 1.1570176974357707 -19.400000000000002 5.37887999761416
    endloop
  endfacet
  facet normal 0 -1 0
    outer loop
      vertex 1.675 -19.400000000000002 6.901185102677868
      vertex 1.1570176974357707 -19.400000000000002 5.37887999761416
      vertex 1.2727922061357857 -19.400000000000002 5.272792206135787
    endloop
  endfacet
  facet normal 0 -1 0
    outer loop
      vertex 1.675 -19.400000000000002 6.901185102677868
      vertex 1.2727922061357857 -19.400000000000002 5.272792206135787
      vertex 1.3788799976141604 -19.400000000000002 5.157017697435769
    endloop
  endfacet
  facet normal 0 -1 0
    outer loop
      vertex 1.675 -19.400000000000002 6.901185102677868
      vertex 1.3788799976141604 -19.400000000000002 5.157017697435769
      vertex 1.4744736797201852 -19.400000000000002 5.032437585431882
    endloop
  endfacet
  facet normal 0 -1 0
    outer loop
      vertex 1.675 -19.400000000000002 6.901185102677868
      vertex 1.4744736797201852 -19.400000000000002 5.032437585431882
      vertex 3.35 -19.400000000000002 4
    endloop
  endfacet
  facet normal 0 -1 0
    outer loop
      vertex 1.4744736797201852 -19.400000000000002 5.032437585431882
      vertex 1.5588457268119895 -19.400000000000002 4.899999999999999
      vertex 3.35 -19.400000000000002 4
    endloop
  endfacet
  facet normal 0 -1 0
    outer loop
      vertex 1.5588457268119895 -19.400000000000002 4.899999999999999
      vertex 1.63135401666597 -19.400000000000002 4.760712871133258
      vertex 3.35 -19.400000000000002 4
    endloop
  endfacet
  facet normal 0 -1 0
    outer loop
      vertex 1.63135401666597 -19.400000000000002 4.760712871133258
      vertex 1.6914467174146353 -19.400000000000002 4.615636257986203
      vertex 3.35 -19.400000000000002 4
    endloop
  endfacet
  facet normal 0 -1 0
    outer loop
      vertex 1.6914467174146353 -19.400000000000002 4.615636257986203
      vertex 1.738666487320323 -19.400000000000002 4.465874281184536
      vertex 3.35 -19.400000000000002 4
    endloop
  endfacet
  facet normal 0 -1 0
    outer loop
      vertex 1.738666487320323 -19.400000000000002 4.465874281184536
      vertex 1.7726539554219745 -19.400000000000002 4.312566719800476
      vertex 3.35 -19.400000000000002 4
    endloop
  endfacet
  facet normal 0 -1 0
    outer loop
      vertex 1.7726539554219745 -19.400000000000002 4.312566719800476
      vertex 1.793150456565142 -19.400000000000002 4.156880336945786
      vertex 3.35 -19.400000000000002 4
    endloop
  endfacet
  facet normal 0 -1 0
    outer loop
      vertex 1.793150456565142 -19.400000000000002 4.156880336945786
      vertex 1.8000000000000018 -19.400000000000002 4
      vertex 3.35 -19.400000000000002 4
    endloop
  endfacet
  facet normal 0 0 -1
    outer loop
      vertex -1.675 -19.400000000000002 6.901185102677868
      vertex 1.675 -19.400000000000002 6.901185102677868
      vertex 1.675 -22.6 6.901185102677868
    endloop
  endfacet
  facet normal 0 1 0
    outer loop
      vertex -0.3125667198004746 -22.6 5.772653955421973
      vertex 1.675 -22.6 6.901185102677868
      vertex -0.1568803369457847 -22.6 5.793150456565144
    endloop
  endfacet
  facet normal 0 1 0
    outer loop
      vertex -0.1568803369457847 -22.6 5.793150456565144
      vertex 1.675 -22.6 6.901185102677868
      vertex 0 -22.6 5.800000000000001
    endloop
  endfacet
  facet normal 0 1 0
    outer loop
      vertex 1.675 -22.6 6.901185102677868
      vertex 0.1568803369457847 -22.6 5.793150456565144
      vertex 0 -22.6 5.800000000000001
    endloop
  endfacet
  facet normal 0 1 0
    outer loop
      vertex 1.675 -22.6 6.901185102677868
      vertex 0.3125667198004746 -22.6 5.772653955421973
      vertex 0.1568803369457847 -22.6 5.793150456565144
    endloop
  endfacet
  facet normal 0 1 0
    outer loop
      vertex 1.675 -22.6 6.901185102677868
      vertex 0.46587428118453733 -22.6 5.738666487320323
      vertex 0.3125667198004746 -22.6 5.772653955421973
    endloop
  endfacet
  facet normal 0 1 0
    outer loop
      vertex 1.675 -22.6 6.901185102677868
      vertex 0.6156362579862037 -22.6 5.691446717414635
      vertex 0.46587428118453733 -22.6 5.738666487320323
    endloop
  endfacet
  facet normal 0 1 0
    outer loop
      vertex 1.675 -22.6 6.901185102677868
      vertex 0.760712871133259 -22.6 5.63135401666597
      vertex 0.6156362579862037 -22.6 5.691446717414635
    endloop
  endfacet
  facet normal 0 1 0
    outer loop
      vertex 1.675 -22.6 6.901185102677868
      vertex 0.9 -22.6 5.558845726811988
      vertex 0.760712871133259 -22.6 5.63135401666597
    endloop
  endfacet
  facet normal 0 1 0
    outer loop
      vertex 1.675 -22.6 6.901185102677868
      vertex 1.032437585431883 -22.6 5.474473679720184
      vertex 0.9 -22.6 5.558845726811988
    endloop
  endfacet
  facet normal 0 1 0
    outer loop
      vertex 1.675 -22.6 6.901185102677868
      vertex 1.1570176974357707 -22.6 5.37887999761416
      vertex 1.032437585431883 -22.6 5.474473679720184
    endloop
  endfacet
  facet normal 0 1 0
    outer loop
      vertex 1.675 -22.6 6.901185102677868
      vertex 1.2727922061357857 -22.6 5.272792206135787
      vertex 1.1570176974357707 -22.6 5.37887999761416
    endloop
  endfacet
  facet normal 0 1 0
    outer loop
      vertex 1.675 -22.6 6.901185102677868
      vertex 1.3788799976141604 -22.6 5.157017697435769
      vertex 1.2727922061357857 -22.6 5.272792206135787
    endloop
  endfacet
  facet normal -0.8660254037844385 0 -0.5000000000000001
    outer loop
      vertex 1.675 -19.400000000000002 6.901185102677868
      vertex 3.35 -19.400000000000002 4
      vertex 1.675 -22.6 6.901185102677868
    endloop
  endfacet
  facet normal -1.6390417541933842e-15 1 2.7827205502379314e-16
    outer loop
      vertex 1.675 -22.6 6.901185102677868
      vertex 3.3499999999999983 -22.599999999999998 3.9999999999999964
      vertex 1.3788799976141604 -22.6 5.157017697435769
    endloop
  endfacet
  facet normal -0.8660254037844389 1.03585218390847e-15 -0.49999999999999944
    outer loop
      vertex 3.35 -19.400000000000002 4
      vertex 3.3499999999999983 -22.599999999999998 3.9999999999999964
      vertex 1.675 -22.6 6.901185102677868
    endloop
  endfacet
  facet normal -3.2795013784674045e-15 1 -2.5164499148122603e-15
    outer loop
      vertex 1.3788799976141604 -22.6 5.157017697435769
      vertex 3.3499999999999983 -22.599999999999998 3.9999999999999964
      vertex 1.4744736797201852 -22.6 5.032437585431882
    endloop
  endfacet
  facet normal -2.917342603612449e-15 1 -1.8585522133481826e-15
    outer loop
      vertex 1.4744736797201852 -22.6 5.032437585431882
      vertex 3.3499999999999983 -22.599999999999998 3.9999999999999964
      vertex 1.5588457268119895 -22.6 4.899999999999999
    endloop
  endfacet
  facet normal -2.686069624953004e-15 1 -1.3982793422384234e-15
    outer loop
      vertex 1.5588457268119895 -22.6 4.899999999999999
      vertex 3.3499999999999983 -22.599999999999998 3.9999999999999964
      vertex 1.63135401666597 -22.6 4.760712871133258
    endloop
  endfacet
  facet normal -2.531237035615118e-15 1 -1.0484727097328603e-15
    outer loop
      vertex 1.63135401666597 -22.6 4.760712871133258
      vertex 3.3499999999999983 -22.599999999999998 3.9999999999999964
      vertex 1.6914467174146353 -22.6 4.615636257986203
    endloop
  endfacet
  facet normal -2.4259813843725e-15 1 -7.649089923356052e-16
    outer loop
      vertex 1.6914467174146353 -22.6 4.615636257986203
      vertex 3.3499999999999983 -22.599999999999998 3.9999999999999964
      vertex 1.738666487320323 -22.6 4.465874281184536
    endloop
  endfacet
  facet normal -2.3558302059105615e-15 1 -5.222749827433935e-16
    outer loop
      vertex 1.738666487320323 -22.6 4.465874281184536
      vertex 3.3499999999999983 -22.599999999999998 3.9999999999999964
      vertex 1.7726539554219745 -22.6 4.312566719800476
    endloop
  endfacet
  facet normal -2.3126697462766095e-15 1 -3.044687481921259e-16
    outer loop
      vertex 1.7726539554219745 -22.6 4.312566719800476
      vertex 3.3499999999999983 -22.599999999999998 3.9999999999999964
      vertex 1.793150456565142 -22.6 4.156880336945786
    endloop
  endfacet
  facet normal -2.2920733411616162e-15 1 -1.0007408329057992e-16
    outer loop
      vertex 1.793150456565142 -22.6 4.156880336945786
      vertex 3.3499999999999983 -22.599999999999998 3.9999999999999964
      vertex 1.8 -22.6 4
    endloop
  endfacet
  facet normal -2.292073341161616e-15 1 1.0007408329057989e-16
    outer loop
      vertex 1.8 -22.6 4
      vertex 3.3499999999999983 -22.599999999999998 3.9999999999999964
      vertex 1.793150456565142 -22.6 3.843119663054214
    endloop
  endfacet
  facet normal -2.312669746276608e-15 1 3.0446874819212573e-16
    outer loop
      vertex 1.793150456565142 -22.6 3.843119663054214
      vertex 3.3499999999999983 -22.599999999999998 3.9999999999999964
      vertex 1.7726539554219745 -22.6 3.6874332801995244
    endloop
  endfacet
  facet normal -2.3558302059105587e-15 1 5.222749827433929e-16
    outer loop
      vertex 1.738666487320323 -22.6 3.5341257188154636
      vertex 1.7726539554219745 -22.6 3.6874332801995244
      vertex 3.3499999999999983 -22.599999999999998 3.9999999999999964
    endloop
  endfacet
  facet normal -2.5312370356151118e-15 1 1.0484727097328575e-15
    outer loop
      vertex 3.3499999999999983 -22.599999999999998 3.9999999999999964
      vertex 1.63135401666597 -22.6 3.239287128866742
      vertex 1.6914467174146353 -22.6 3.3843637420137966
    endloop
  endfacet
  facet normal -2.425981384372496e-15 1 7.649089923356041e-16
    outer loop
      vertex 1.738666487320323 -22.6 3.5341257188154636
      vertex 3.3499999999999983 -22.599999999999998 3.9999999999999964
      vertex 1.6914467174146353 -22.6 3.3843637420137966
    endloop
  endfacet
  facet normal 0 1 0
    outer loop
      vertex 0.3125667198004746 -22.6 2.2273460445780273
      vertex 0.46587428118453733 -22.6 2.261333512679677
      vertex 1.675 -22.6 1.0988148973221321
    endloop
  endfacet
  facet normal 0 1 0
    outer loop
      vertex 0.46587428118453733 -22.6 2.261333512679677
      vertex 0.6156362579862037 -22.6 2.3085532825853647
      vertex 1.675 -22.6 1.0988148973221321
    endloop
  endfacet
  facet normal 0 1 0
    outer loop
      vertex 1.3788799976141604 -22.6 2.8429823025642307
      vertex 1.675 -22.6 1.0988148973221321
      vertex 1.2727922061357857 -22.6 2.7272077938642134
    endloop
  endfacet
  facet normal 0 1 0
    outer loop
      vertex 1.4744736797201852 -22.6 2.9675624145681176
      vertex 1.675 -22.6 1.0988148973221321
      vertex 1.3788799976141604 -22.6 2.8429823025642307
    endloop
  endfacet
  facet normal 0 1 0
    outer loop
      vertex 0.9 -22.6 2.441154273188012
      vertex 1.675 -22.6 1.0988148973221321
      vertex 0.760712871133259 -22.6 2.36864598333403
    endloop
  endfacet
  facet normal 0 1 0
    outer loop
      vertex 0.9 -22.6 2.441154273188012
      vertex 1.032437585431883 -22.6 2.525526320279816
      vertex 1.675 -22.6 1.0988148973221321
    endloop
  endfacet
  facet normal 0 1 0
    outer loop
      vertex 1.2727922061357857 -22.6 2.7272077938642134
      vertex 1.675 -22.6 1.0988148973221321
      vertex 1.1570176974357707 -22.6 2.6211200023858403
    endloop
  endfacet
  facet normal 0 1 0
    outer loop
      vertex 1.032437585431883 -22.6 2.525526320279816
      vertex 1.1570176974357707 -22.6 2.6211200023858403
      vertex 1.675 -22.6 1.0988148973221321
    endloop
  endfacet
  facet normal 0 1 0
    outer loop
      vertex 0.6156362579862037 -22.6 2.3085532825853647
      vertex 0.760712871133259 -22.6 2.36864598333403
      vertex 1.675 -22.6 1.0988148973221321
    endloop
  endfacet
  facet normal -2.6860696249529953e-15 1 1.3982793422384189e-15
    outer loop
      vertex 3.3499999999999983 -22.599999999999998 3.9999999999999964
      vertex 1.5588457268119895 -22.6 3.1000000000000014
      vertex 1.63135401666597 -22.6 3.239287128866742
    endloop
  endfacet
  facet normal -2.91734260361244e-15 1 1.858552213348177e-15
    outer loop
      vertex 3.3499999999999983 -22.599999999999998 3.9999999999999964
      vertex 1.4744736797201852 -22.6 2.9675624145681176
      vertex 1.5588457268119895 -22.6 3.1000000000000014
    endloop
  endfacet
  facet normal -1.7885977892333064e-15 1 -1.9192583793456132e-16
    outer loop
      vertex 3.3499999999999983 -22.599999999999998 3.9999999999999964
      vertex 1.675 -22.6 1.0988148973221321
      vertex 1.4744736797201852 -22.6 2.9675624145681176
    endloop
  endfacet
  facet normal 0 1 0
    outer loop
      vertex -1.675 -22.6 1.0988148973221321
      vertex 0.3125667198004746 -22.6 2.2273460445780273
      vertex 1.675 -22.6 1.0988148973221321
    endloop
  endfacet
  facet normal 0 -1 -2.2646009996958574e-14
    outer loop
      vertex -3.35 -19.400000000000002 4
      vertex -1.793150456565142 -19.4 3.843119663054214
      vertex -1.8 -19.400000000000002 4
    endloop
  endfacet
  facet normal 2.312669746276606e-15 -1 3.044687481921255e-16
    outer loop
      vertex -3.35 -19.400000000000002 4
      vertex -1.7726539554219745 -19.4 3.6874332801995244
      vertex -1.793150456565142 -19.4 3.843119663054214
    endloop
  endfacet
  facet normal 2.3558302059105575e-15 -1 5.222749827433927e-16
    outer loop
      vertex -3.35 -19.400000000000002 4
      vertex -1.738666487320323 -19.4 3.5341257188154636
      vertex -1.7726539554219745 -19.4 3.6874332801995244
    endloop
  endfacet
  facet normal 2.4259813843724952e-15 -1 7.649089923356038e-16
    outer loop
      vertex -3.35 -19.400000000000002 4
      vertex -1.6914467174146353 -19.4 3.3843637420137966
      vertex -1.738666487320323 -19.4 3.5341257188154636
    endloop
  endfacet
  facet normal 2.5312370356151125e-15 -1 1.048472709732858e-15
    outer loop
      vertex -3.35 -19.400000000000002 4
      vertex -1.63135401666597 -19.4 3.239287128866742
      vertex -1.6914467174146353 -19.4 3.3843637420137966
    endloop
  endfacet
  facet normal 2.686069624952996e-15 -1 1.3982793422384195e-15
    outer loop
      vertex -3.35 -19.400000000000002 4
      vertex -1.5588457268119895 -19.4 3.1000000000000014
      vertex -1.63135401666597 -19.4 3.239287128866742
    endloop
  endfacet
  facet normal 2.9173426036124403e-15 -1 1.8585522133481775e-15
    outer loop
      vertex -3.35 -19.400000000000002 4
      vertex -1.4744736797201852 -19.4 2.9675624145681176
      vertex -1.5588457268119895 -19.4 3.1000000000000014
    endloop
  endfacet
  facet normal 3.279501378467395e-15 -1 2.516449914812253e-15
    outer loop
      vertex -3.35 -19.400000000000002 4
      vertex -1.3788799976141604 -19.4 2.8429823025642307
      vertex -1.4744736797201852 -19.4 2.9675624145681176
    endloop
  endfacet
  facet normal 1.2810359215423593e-15 -1 -8.881784197001252e-16
    outer loop
      vertex -3.35 -19.400000000000002 4
      vertex -3.35 -19.4 0
      vertex -1.3788799976141604 -19.4 2.8429823025642307
    endloop
  endfacet
  facet normal 0 -1 0
    outer loop
      vertex -1.3788799976141604 -19.4 2.8429823025642307
      vertex -3.35 -19.4 0
      vertex -1.2727922061357857 -19.4 2.7272077938642134
    endloop
  endfacet
  facet normal 0 -1 0
    outer loop
      vertex -1.2727922061357857 -19.4 2.7272077938642134
      vertex -3.35 -19.4 0
      vertex -1.1570176974357707 -19.4 2.6211200023858403
    endloop
  endfacet
  facet normal 0 -1 0
    outer loop
      vertex -1.1570176974357707 -19.4 2.6211200023858403
      vertex -3.35 -19.4 0
      vertex -1.032437585431883 -19.4 2.525526320279816
    endloop
  endfacet
  facet normal 0 -1 0
    outer loop
      vertex -1.032437585431883 -19.4 2.525526320279816
      vertex -3.35 -19.4 0
      vertex -0.9 -19.4 2.441154273188012
    endloop
  endfacet
  facet normal 0 -1 0
    outer loop
      vertex -0.9 -19.4 2.441154273188012
      vertex -3.35 -19.4 0
      vertex -0.760712871133259 -19.4 2.36864598333403
    endloop
  endfacet
  facet normal 0 -1 0
    outer loop
      vertex -0.760712871133259 -19.4 2.36864598333403
      vertex -3.35 -19.4 0
      vertex -0.6156362579862037 -19.4 2.3085532825853647
    endloop
  endfacet
  facet normal 0 -1 0
    outer loop
      vertex -0.6156362579862037 -19.4 2.3085532825853647
      vertex -3.35 -19.4 0
      vertex -0.46587428118453733 -19.4 2.261333512679677
    endloop
  endfacet
  facet normal 0 -1 0
    outer loop
      vertex -0.46587428118453733 -19.4 2.261333512679677
      vertex -3.35 -19.4 0
      vertex 0.6488103678011706 -19.4 0
    endloop
  endfacet
  facet normal 1 0 0
    outer loop
      vertex -3.35 -19.400000000000002 4
      vertex -3.35 -22.6 4
      vertex -3.35 -22.599999999999998 0
    endloop
  endfacet
  facet normal 1 0 0
    outer loop
      vertex -3.35 -19.400000000000002 4
      vertex -3.35 -22.599999999999998 0
      vertex -3.35 -19.4 0
    endloop
  endfacet
  facet normal 1.5383701491068503e-15 1 8.881784197001252e-16
    outer loop
      vertex -3.35 -22.6 4
      vertex -1.675 -22.6 1.0988148973221321
      vertex -3.35 -22.599999999999998 0
    endloop
  endfacet
  facet normal 0 1 3.2332230728384236e-15
    outer loop
      vertex -3.35 -22.599999999999998 0
      vertex -1.675 -22.6 1.0988148973221321
      vertex 3.35 -22.599999999999998 0
    endloop
  endfacet
  facet normal 0 -1 -2.2646009996958574e-14
    outer loop
      vertex 1.8000000000000018 -19.400000000000002 4
      vertex 1.793150456565142 -19.4 3.843119663054214
      vertex 3.35 -19.400000000000002 4
    endloop
  endfacet
  facet normal -2.312669746276606e-15 -1 3.044687481921255e-16
    outer loop
      vertex 1.793150456565142 -19.4 3.843119663054214
      vertex 1.7726539554219745 -19.4 3.6874332801995244
      vertex 3.35 -19.400000000000002 4
    endloop
  endfacet
  facet normal -2.355830205910557e-15 -1 5.222749827433925e-16
    outer loop
      vertex 1.738666487320323 -19.4 3.5341257188154636
      vertex 3.35 -19.400000000000002 4
      vertex 1.7726539554219745 -19.4 3.6874332801995244
    endloop
  endfacet
  facet normal 0 -1 0
    outer loop
      vertex 1.738666487320323 -19.4 3.5341257188154636
      vertex 1.6914467174146353 -19.4 3.3843637420137966
      vertex 2.2285714285714313 -19.4 0
    endloop
  endfacet
  facet normal 0 -1 0
    outer loop
      vertex 1.6914467174146353 -19.4 3.3843637420137966
      vertex 1.63135401666597 -19.4 3.239287128866742
      vertex 2.2285714285714313 -19.4 0
    endloop
  endfacet
  facet normal 0 -1 0
    outer loop
      vertex 1.63135401666597 -19.4 3.239287128866742
      vertex 1.5588457268119895 -19.4 3.1000000000000014
      vertex 2.2285714285714313 -19.4 0
    endloop
  endfacet
  facet normal 0 -1 0
    outer loop
      vertex 1.5588457268119895 -19.4 3.1000000000000014
      vertex 1.4744736797201852 -19.4 2.9675624145681176
      vertex 2.2285714285714313 -19.4 0
    endloop
  endfacet
  facet normal 0 -1 0
    outer loop
      vertex 1.4744736797201852 -19.4 2.9675624145681176
      vertex 1.3788799976141604 -19.4 2.8429823025642307
      vertex 2.2285714285714313 -19.4 0
    endloop
  endfacet
  facet normal 0 -1 0
    outer loop
      vertex 1.2727922061357857 -19.4 2.7272077938642134
      vertex 1.1570176974357707 -19.4 2.6211200023858403
      vertex 2.2285714285714313 -19.4 0
    endloop
  endfacet
  facet normal 0 -1 0
    outer loop
      vertex 1.3788799976141604 -19.4 2.8429823025642307
      vertex 1.2727922061357857 -19.4 2.7272077938642134
      vertex 2.2285714285714313 -19.4 0
    endloop
  endfacet
  facet normal -1.9480350723538186e-15 -1 -8.881784197001252e-16
    outer loop
      vertex 1.738666487320323 -19.4 3.5341257188154636
      vertex 3.35 -19.4 0
      vertex 3.35 -19.400000000000002 4
    endloop
  endfacet
  facet normal 0 -1 0
    outer loop
      vertex -0.46587428118453733 -19.4 2.261333512679677
      vertex 2.2285714285714313 -19.4 0
      vertex -0.3125667198004746 -19.4 2.2273460445780273
    endloop
  endfacet
  facet normal 0 -1 0
    outer loop
      vertex -0.3125667198004746 -19.4 2.2273460445780273
      vertex 2.2285714285714313 -19.4 0
      vertex -0.1568803369457847 -19.4 2.2068495434348563
    endloop
  endfacet
  facet normal 0 -1 0
    outer loop
      vertex -0.1568803369457847 -19.4 2.2068495434348563
      vertex 2.2285714285714313 -19.4 0
      vertex 0 -19.4 2.1999999999999993
    endloop
  endfacet
  facet normal 0 -1 0
    outer loop
      vertex 0 -19.4 2.1999999999999993
      vertex 2.2285714285714313 -19.4 0
      vertex 0.1568803369457847 -19.4 2.2068495434348563
    endloop
  endfacet
  facet normal 0 -1 0
    outer loop
      vertex 0.1568803369457847 -19.4 2.2068495434348563
      vertex 2.2285714285714313 -19.4 0
      vertex 0.3125667198004746 -19.4 2.2273460445780273
    endloop
  endfacet
  facet normal 0 -1 0
    outer loop
      vertex 0.6156362579862037 -19.4 2.3085532825853647
      vertex 2.2285714285714313 -19.4 0
      vertex 0.760712871133259 -19.4 2.36864598333403
    endloop
  endfacet
  facet normal 0 -1 0
    outer loop
      vertex 1.032437585431883 -19.4 2.525526320279816
      vertex 2.2285714285714313 -19.4 0
      vertex 1.1570176974357707 -19.4 2.6211200023858403
    endloop
  endfacet
  facet normal 0 -1 0
    outer loop
      vertex 0.9 -19.4 2.441154273188012
      vertex 2.2285714285714313 -19.4 0
      vertex 1.032437585431883 -19.4 2.525526320279816
    endloop
  endfacet
  facet normal 0 -1 0
    outer loop
      vertex 0.9 -19.4 2.441154273188012
      vertex 0.760712871133259 -19.4 2.36864598333403
      vertex 2.2285714285714313 -19.4 0
    endloop
  endfacet
  facet normal 0 -1 0
    outer loop
      vertex 0.3125667198004746 -19.4 2.2273460445780273
      vertex 2.2285714285714313 -19.4 0
      vertex 0.46587428118453733 -19.4 2.261333512679677
    endloop
  endfacet
  facet normal 0 -1 0
    outer loop
      vertex 0.46587428118453733 -19.4 2.261333512679677
      vertex 2.2285714285714313 -19.4 0
      vertex 0.6156362579862037 -19.4 2.3085532825853647
    endloop
  endfacet
  facet normal 0 -1 0
    outer loop
      vertex -0.46587428118453733 -19.4 2.261333512679677
      vertex 0.6488103678011706 -19.4 0
      vertex 2.2285714285714313 -19.4 0
    endloop
  endfacet
  facet normal 0 -1 0
    outer loop
      vertex 1.738666487320323 -19.4 3.5341257188154636
      vertex 2.2285714285714313 -19.4 0
      vertex 3.35 -19.4 0
    endloop
  endfacet
  facet normal -1 5.551115123125791e-16 4.930380657631331e-31
    outer loop
      vertex 3.35 -19.400000000000002 4
      vertex 3.35 -19.4 0
      vertex 3.3499999999999983 -22.599999999999998 3.9999999999999964
    endloop
  endfacet
  facet normal 0 1 3.2332230728384236e-15
    outer loop
      vertex -1.675 -22.6 1.0988148973221321
      vertex 1.675 -22.6 1.0988148973221321
      vertex 3.35 -22.599999999999998 0
    endloop
  endfacet
  facet normal -2.121023091821195e-15 1 -9.419234689206123e-31
    outer loop
      vertex 3.3499999999999983 -22.599999999999998 3.9999999999999964
      vertex 3.35 -22.599999999999998 0
      vertex 1.675 -22.6 1.0988148973221321
    endloop
  endfacet
  facet normal -1 0 -4.44089209850063e-16
    outer loop
      vertex 3.3499999999999983 -22.599999999999998 3.9999999999999964
      vertex 3.35 -19.4 0
      vertex 3.35 -22.599999999999998 0
    endloop
  endfacet
  facet normal 0.6073102232649625 -0.6627628094353346 -0.4380864653778337
    outer loop
      vertex -8.485281374238571 8.485281374238571 0.8000000000000007
      vertex -8.03705811398845 8.957419216510747 0.7070849301521172
      vertex -8.005008906201201 8.925370008723498 0.8000000000000007
    endloop
  endfacet
  facet normal 0.6073102232649651 -0.6627628094353359 -0.4380864653778278
    outer loop
      vertex -8.761225483969907 8.761225483969907 0
      vertex -8.03705811398845 8.957419216510747 0.7070849301521172
      vertex -8.485281374238571 8.485281374238571 0.8000000000000007
    endloop
  endfacet
  facet normal 0.6073102232649655 -0.6627628094353354 -0.4380864653778283
    outer loop
      vertex -8.761225483969907 8.761225483969907 0
      vertex -8.093873922756533 9.068926519677758 0.45962758190020736
      vertex -8.03705811398845 8.957419216510747 0.7070849301521172
    endloop
  endfacet
  facet normal 0.6073102232649654 -0.6627628094353356 -0.4380864653778281
    outer loop
      vertex -8.761225483969907 8.761225483969907 0
      vertex -8.113451316238471 9.192533317427737 0.24548825744599156
      vertex -8.093873922756533 9.068926519677758 0.45962758190020736
    endloop
  endfacet
  facet normal 0.6073102232649656 -0.6627628094353386 -0.4380864653778231
    outer loop
      vertex -8.761225483969907 8.761225483969907 0
      vertex -8.093873922756533 9.316140115177715 0.08562840586344933
      vertex -8.113451316238471 9.192533317427737 0.24548825744599156
    endloop
  endfacet
  facet normal 0.6073102232649643 -0.6627628094353363 -0.43808646537782847
    outer loop
      vertex -8.761225483969907 8.761225483969907 0
      vertex -8.039777080108674 9.422311146873064 0
      vertex -8.093873922756533 9.316140115177715 0.08562840586344933
    endloop
  endfacet
  facet normal 0.48299626227105313 -0.7581522666885275 -0.43808646537782897
    outer loop
      vertex -7.106751943081254 10.149493621922144 0
      vertex -6 10.392304845413264 0.8000000000000007
      vertex -6.882917236212553 9.829824531467901 0.8000000000000007
    endloop
  endfacet
  facet normal 0.48299626227105236 -0.758152266688529 -0.4380864653778274
    outer loop
      vertex -7.106751943081254 10.149493621922144 0
      vertex -6.195121951219512 10.730265978597435 0
      vertex -6 10.392304845413264 0.8000000000000007
    endloop
  endfacet
  facet normal 0.5472356395916114 -0.7131713704387747 -0.4380864653778295
    outer loop
      vertex -6.882917236212553 9.829824531467901 0.8000000000000007
      vertex -7.397312366023097 9.43511526587933 0.8000000000000007
      vertex -7.478337215321481 9.516140115177716 0.5668855440346405
    endloop
  endfacet
  facet normal 0.547235639591611 -0.7131713704387798 -0.43808646537782153
    outer loop
      vertex -6.882917236212553 9.829824531467901 0.8000000000000007
      vertex -7.478337215321481 9.516140115177716 0.5668855440346405
      vertex -7.589844518488492 9.572955923945798 0.33510440813060427
    endloop
  endfacet
  facet normal 0.5472356395916126 -0.7131713704387722 -0.43808646537783197
    outer loop
      vertex -7.106751943081254 10.149493621922144 0
      vertex -7.713451316238471 9.592533317427737 0.14883049187680086
      vertex -7.83705811398845 9.572955923945798 0.026297584042840327
    endloop
  endfacet
  facet normal 0.5472356395916161 -0.7131713704387762 -0.438086465377821
    outer loop
      vertex -7.106751943081254 10.149493621922144 0
      vertex -7.83705811398845 9.572955923945798 0.026297584042840327
      vertex -7.899718964061869 9.541028626146437 0
    endloop
  endfacet
  facet normal 0.547235639591614 -0.713171370438773 -0.438086465377829
    outer loop
      vertex -7.106751943081254 10.149493621922144 0
      vertex -6.882917236212553 9.829824531467901 0.8000000000000007
      vertex -7.713451316238471 9.592533317427737 0.14883049187680086
    endloop
  endfacet
  facet normal 0.5472356395916126 -0.7131713704387758 -0.43808646537782603
    outer loop
      vertex -6.882917236212553 9.829824531467901 0.8000000000000007
      vertex -7.589844518488492 9.572955923945798 0.33510440813060427
      vertex -7.713451316238471 9.592533317427737 0.14883049187680086
    endloop
  endfacet
  facet normal 0.4150809917534933 -0.7973631664039279 -0.4380864653778277
    outer loop
      vertex -6.195121951219512 10.730265978597435 0
      vertex -5.2363433405920805 11.229374532063858 0
      vertex -5.071419140888393 10.875693444439799 0.8000000000000007
    endloop
  endfacet
  facet normal 0.4150809917534931 -0.797363166403928 -0.4380864653778274
    outer loop
      vertex -6.195121951219512 10.730265978597435 0
      vertex -5.071419140888393 10.875693444439799 0.8000000000000007
      vertex -6 10.392304845413264 0.8000000000000007
    endloop
  endfacet
  facet normal 0.3440067042559362 -0.8305056509619487 -0.4380864653778278
    outer loop
      vertex -5.071419140888393 10.875693444439799 0.8000000000000007
      vertex -5.2363433405920805 11.229374532063858 0
      vertex -4.104241719908025 11.276311449430901 0.8000000000000007
    endloop
  endfacet
  facet normal 0.3440067042559356 -0.8305056509619494 -0.4380864653778269
    outer loop
      vertex -4.2377129953521875 11.643020764859548 0
      vertex -4.104241719908025 11.276311449430901 0.8000000000000007
      vertex -5.2363433405920805 11.229374532063858 0
    endloop
  endfacet
  facet normal 0.2703143180220625 -0.8573274860431274 -0.43808646537782764
    outer loop
      vertex -4.2377129953521875 11.643020764859548 0
      vertex -3.2068310954165984 11.968056579386506 0
      vertex -3.105828541230249 11.59110991546882 0.8000000000000007
    endloop
  endfacet
  facet normal 0.19456467660779128 -0.8776245412870285 -0.4380864653778276
    outer loop
      vertex -3.2068310954165984 11.968056579386506 0
      vertex -2.083778132003164 11.817693036146496 0.8000000000000007
      vertex -3.105828541230249 11.59110991546882 0.8000000000000007
    endloop
  endfacet
  facet normal 0.19456467660779128 -0.8776245412870284 -0.43808646537782764
    outer loop
      vertex -3.2068310954165984 11.968056579386506 0
      vertex -2.151543274507332 12.202008256834187 0
      vertex -2.083778132003164 11.817693036146496 0.8000000000000007
    endloop
  endfacet
  facet normal 0.11733428052317595 -0.8912423438475474 -0.43808646537782764
    outer loop
      vertex -2.083778132003164 11.817693036146496 0.8000000000000007
      vertex -2.151543274507332 12.202008256834187 0
      vertex -1.045868912971898 11.954336377100947 0.8000000000000007
    endloop
  endfacet
  facet normal 0.11733428052317531 -0.891242343847548 -0.43808646537782686
    outer loop
      vertex -2.151543274507332 12.202008256834187 0
      vertex -1.0798809101417157 12.343095283673335 0
      vertex -1.045868912971898 11.954336377100947 0.8000000000000007
    endloop
  endfacet
  facet normal 0.03921089971539815 -0.8980772540245472 -0.438086465377827
    outer loop
      vertex -1.045868912971898 11.954336377100947 0.8000000000000007
      vertex -1.0798809101417157 12.343095283673335 0
      vertex 0 12 0.8000000000000007
    endloop
  endfacet
  facet normal 0.03921089971539887 -0.8980772540245467 -0.4380864653778277
    outer loop
      vertex -1.0798809101417157 12.343095283673335 0
      vertex 0 12.390243902439025 0
      vertex 0 12 0.8000000000000007
    endloop
  endfacet
  facet normal 0.27031431802206196 -0.8573274860431278 -0.438086465377827
    outer loop
      vertex -4.2377129953521875 11.643020764859548 0
      vertex -3.105828541230249 11.59110991546882 0.8000000000000007
      vertex -4.104241719908025 11.276311449430901 0.8000000000000007
    endloop
  endfacet
  facet normal 0.7581522666885282 -0.48299626227105363 -0.43808646537782747
    outer loop
      vertex -10.730265978597435 6.195121951219512 0
      vertex -9.829824531467901 6.882917236212553 0.8000000000000007
      vertex -10.392304845413264 6 0.8000000000000007
    endloop
  endfacet
  facet normal 0.7581522666885283 -0.48299626227105197 -0.438086465377829
    outer loop
      vertex -10.149493621922144 7.106751943081254 0
      vertex -9.829824531467901 6.882917236212553 0.8000000000000007
      vertex -10.730265978597435 6.195121951219512 0
    endloop
  endfacet
  facet normal 0.7973631664039279 -0.41508099175349306 -0.4380864653778277
    outer loop
      vertex -10.392304845413264 6 0.8000000000000007
      vertex -10.875693444439799 5.071419140888393 0.8000000000000007
      vertex -11.229374532063858 5.2363433405920805 0
    endloop
  endfacet
  facet normal 0.797363166403928 -0.41508099175349333 -0.43808646537782747
    outer loop
      vertex -10.730265978597435 6.195121951219512 0
      vertex -10.392304845413264 6 0.8000000000000007
      vertex -11.229374532063858 5.2363433405920805 0
    endloop
  endfacet
  facet normal 0.6627628094353363 -0.6073102232649653 -0.4380864653778272
    outer loop
      vertex -9.491477490352215 7.964295261481999 0
      vertex -8.485281374238571 8.485281374238571 0.8000000000000007
      vertex -9.192533317427737 7.713451316238471 0.8000000000000007
    endloop
  endfacet
  facet normal 0.7131713704387744 -0.5472356395916119 -0.43808646537782897
    outer loop
      vertex -10.149493621922144 7.106751943081254 0
      vertex -9.192533317427737 7.713451316238471 0.8000000000000007
      vertex -9.829824531467901 6.882917236212553 0.8000000000000007
    endloop
  endfacet
  facet normal 0.7131713704387741 -0.5472356395916138 -0.4380864653778272
    outer loop
      vertex -10.149493621922144 7.106751943081254 0
      vertex -9.491477490352215 7.964295261481999 0
      vertex -9.192533317427737 7.713451316238471 0.8000000000000007
    endloop
  endfacet
  facet normal 0.6627628094353364 -0.6073102232649646 -0.4380864653778278
    outer loop
      vertex -8.761225483969907 8.761225483969907 0
      vertex -8.485281374238571 8.485281374238571 0.8000000000000007
      vertex -9.491477490352215 7.964295261481999 0
    endloop
  endfacet
  facet normal 0.830505650961949 -0.34400670425593544 -0.43808646537782775
    outer loop
      vertex -11.229374532063858 5.2363433405920805 0
      vertex -10.875693444439799 5.071419140888393 0.8000000000000007
      vertex -11.643020764859548 4.2377129953521875 0
    endloop
  endfacet
  facet normal 0.8305056509619491 -0.3440067042559363 -0.43808646537782686
    outer loop
      vertex -11.276311449430901 4.104241719908025 0.8000000000000007
      vertex -11.643020764859548 4.2377129953521875 0
      vertex -10.875693444439799 5.071419140888393 0.8000000000000007
    endloop
  endfacet
  facet normal 0.8573274860431277 -0.27031431802206257 -0.43808646537782703
    outer loop
      vertex -11.276311449430901 4.104241719908025 0.8000000000000007
      vertex -11.968056579386506 3.2068310954165984 0
      vertex -11.643020764859548 4.2377129953521875 0
    endloop
  endfacet
  facet normal 0.8573274860431276 -0.27031431802206185 -0.4380864653778276
    outer loop
      vertex -11.276311449430901 4.104241719908025 0.8000000000000007
      vertex -11.59110991546882 3.105828541230249 0.8000000000000007
      vertex -11.968056579386506 3.2068310954165984 0
    endloop
  endfacet
  facet normal 0.8776245412870284 -0.19456467660779123 -0.4380864653778277
    outer loop
      vertex -11.59110991546882 3.105828541230249 0.8000000000000007
      vertex -11.817693036146496 2.083778132003164 0.8000000000000007
      vertex -12.202008256834187 2.151543274507332 0
    endloop
  endfacet
  facet normal 0.8776245412870284 -0.19456467660779128 -0.4380864653778276
    outer loop
      vertex -11.59110991546882 3.105828541230249 0.8000000000000007
      vertex -12.202008256834187 2.151543274507332 0
      vertex -11.968056579386506 3.2068310954165984 0
    endloop
  endfacet
  facet normal 0.8912423438475476 -0.11733428052317525 -0.43808646537782764
    outer loop
      vertex -12.202008256834187 2.151543274507332 0
      vertex -11.817693036146496 2.083778132003164 0.8000000000000007
      vertex -12.343095283673335 1.0798809101417157 0
    endloop
  endfacet
  facet normal 0.8912423438475477 -0.117334280523176 -0.43808646537782686
    outer loop
      vertex -12.343095283673335 1.0798809101417157 0
      vertex -11.817693036146496 2.083778132003164 0.8000000000000007
      vertex -11.954336377100947 1.045868912971898 0.8000000000000007
    endloop
  endfacet
  facet normal 0.8980772540245472 -0.03921089971539889 -0.4380864653778269
    outer loop
      vertex -12.343095283673335 1.0798809101417157 0
      vertex -11.954336377100947 1.045868912971898 0.8000000000000007
      vertex -12.390243902439025 0 0
    endloop
  endfacet
  facet normal 0.8980772540245467 -0.03921089971539815 -0.4380864653778277
    outer loop
      vertex -12.390243902439025 0 0
      vertex -11.954336377100947 1.045868912971898 0.8000000000000007
      vertex -12 0 0.8000000000000007
    endloop
  endfacet
  facet normal 0.8980772540245472 0.03921089971539815 -0.438086465377827
    outer loop
      vertex -12.343095283673335 -1.0798809101417157 0
      vertex -12 0 0.8000000000000007
      vertex -11.954336377100947 -1.045868912971898 0.8000000000000007
    endloop
  endfacet
  facet normal 0.8980772540245467 0.03921089971539887 -0.4380864653778277
    outer loop
      vertex -12.390243902439025 0 0
      vertex -12 0 0.8000000000000007
      vertex -12.343095283673335 -1.0798809101417157 0
    endloop
  endfacet
  facet normal 0.891242343847548 0.11733428052317531 -0.43808646537782686
    outer loop
      vertex -12.343095283673335 -1.0798809101417157 0
      vertex -11.954336377100947 -1.045868912971898 0.8000000000000007
      vertex -12.202008256834187 -2.151543274507332 0
    endloop
  endfacet
  facet normal 0.8912423438475474 0.11733428052317593 -0.4380864653778276
    outer loop
      vertex -12.202008256834187 -2.151543274507332 0
      vertex -11.954336377100947 -1.045868912971898 0.8000000000000007
      vertex -11.817693036146496 -2.083778132003164 0.8000000000000007
    endloop
  endfacet
  facet normal 0.8776245412870285 0.19456467660779125 -0.4380864653778276
    outer loop
      vertex -11.817693036146496 -2.083778132003164 0.8000000000000007
      vertex -11.59110991546882 -3.105828541230249 0.8000000000000007
      vertex -11.968056579386506 -3.2068310954165984 0
    endloop
  endfacet
  facet normal 0.8776245412870284 0.19456467660779128 -0.43808646537782764
    outer loop
      vertex -12.202008256834187 -2.151543274507332 0
      vertex -11.817693036146496 -2.083778132003164 0.8000000000000007
      vertex -11.968056579386506 -3.2068310954165984 0
    endloop
  endfacet
  facet normal 0.8573274860431278 0.27031431802206196 -0.438086465377827
    outer loop
      vertex -11.59110991546882 -3.105828541230249 0.8000000000000007
      vertex -11.276311449430901 -4.104241719908025 0.8000000000000007
      vertex -11.643020764859548 -4.2377129953521875 0
    endloop
  endfacet
  facet normal 0.8573274860431274 0.2703143180220625 -0.43808646537782764
    outer loop
      vertex -11.59110991546882 -3.105828541230249 0.8000000000000007
      vertex -11.643020764859548 -4.2377129953521875 0
      vertex -11.968056579386506 -3.2068310954165984 0
    endloop
  endfacet
  facet normal 0.8305056509619494 0.3440067042559356 -0.4380864653778269
    outer loop
      vertex -11.276311449430901 -4.104241719908025 0.8000000000000007
      vertex -11.229374532063858 -5.2363433405920805 0
      vertex -11.643020764859548 -4.2377129953521875 0
    endloop
  endfacet
  facet normal 0.8305056509619487 0.3440067042559362 -0.4380864653778278
    outer loop
      vertex -11.276311449430901 -4.104241719908025 0.8000000000000007
      vertex -10.875693444439799 -5.071419140888393 0.8000000000000007
      vertex -11.229374532063858 -5.2363433405920805 0
    endloop
  endfacet
  facet normal 0.7973631664039278 0.4150809917534933 -0.4380864653778277
    outer loop
      vertex -11.229374532063858 -5.2363433405920805 0
      vertex -10.875693444439799 -5.071419140888393 0.8000000000000007
      vertex -10.730265978597435 -6.195121951219512 0
    endloop
  endfacet
  facet normal 0.797363166403928 0.4150809917534931 -0.4380864653778274
    outer loop
      vertex -10.875693444439799 -5.071419140888393 0.8000000000000007
      vertex -10.392304845413264 -6 0.8000000000000007
      vertex -10.730265978597435 -6.195121951219512 0
    endloop
  endfacet
  facet normal 0.7581522666885275 0.48299626227105313 -0.43808646537782897
    outer loop
      vertex -10.392304845413264 -6 0.8000000000000007
      vertex -9.829824531467901 -6.882917236212553 0.8000000000000007
      vertex -10.149493621922144 -7.106751943081254 0
    endloop
  endfacet
  facet normal 0.758152266688529 0.48299626227105236 -0.43808646537782747
    outer loop
      vertex -10.392304845413264 -6 0.8000000000000007
      vertex -10.149493621922144 -7.106751943081254 0
      vertex -10.730265978597435 -6.195121951219512 0
    endloop
  endfacet
  facet normal 0.7131713704387752 0.5472356395916125 -0.43808646537782714
    outer loop
      vertex -9.829824531467901 -6.882917236212553 0.8000000000000007
      vertex -9.192533317427737 -7.713451316238471 0.8000000000000007
      vertex -9.491477490352215 -7.964295261481999 0
    endloop
  endfacet
  facet normal 0.7131713704387734 0.5472356395916133 -0.4380864653778289
    outer loop
      vertex -10.149493621922144 -7.106751943081254 0
      vertex -9.829824531467901 -6.882917236212553 0.8000000000000007
      vertex -9.491477490352215 -7.964295261481999 0
    endloop
  endfacet
  facet normal 0.6627628094353366 0.6073102232649649 -0.4380864653778272
    outer loop
      vertex -9.192533317427737 -7.713451316238471 0.8000000000000007
      vertex -8.761225483969907 -8.761225483969907 0
      vertex -9.491477490352215 -7.964295261481999 0
    endloop
  endfacet
  facet normal 0.662762809435336 0.6073102232649651 -0.4380864653778278
    outer loop
      vertex -9.192533317427737 -7.713451316238471 0.8000000000000007
      vertex -8.485281374238571 -8.485281374238571 0.8000000000000007
      vertex -8.761225483969907 -8.761225483969907 0
    endloop
  endfacet
  facet normal 0.6073102232649653 0.6627628094353363 -0.43808646537782714
    outer loop
      vertex -8.485281374238571 -8.485281374238571 0.8000000000000007
      vertex -7.713451316238471 -9.192533317427737 0.8000000000000007
      vertex -7.964295261481999 -9.491477490352215 0
    endloop
  endfacet
  facet normal 0.6073102232649646 0.6627628094353364 -0.4380864653778278
    outer loop
      vertex -8.485281374238571 -8.485281374238571 0.8000000000000007
      vertex -7.964295261481999 -9.491477490352215 0
      vertex -8.761225483969907 -8.761225483969907 0
    endloop
  endfacet
  facet normal 0.5472356395916119 0.7131713704387744 -0.43808646537782897
    outer loop
      vertex -7.713451316238471 -9.192533317427737 0.8000000000000007
      vertex -6.882917236212553 -9.829824531467901 0.8000000000000007
      vertex -7.106751943081254 -10.149493621922144 0
    endloop
  endfacet
  facet normal 0.5472356395916138 0.7131713704387741 -0.43808646537782714
    outer loop
      vertex -7.713451316238471 -9.192533317427737 0.8000000000000007
      vertex -7.106751943081254 -10.149493621922144 0
      vertex -7.964295261481999 -9.491477490352215 0
    endloop
  endfacet
  facet normal 0.48299626227105197 0.7581522666885283 -0.43808646537782897
    outer loop
      vertex -7.106751943081254 -10.149493621922144 0
      vertex -6.882917236212553 -9.829824531467901 0.8000000000000007
      vertex -6.195121951219512 -10.730265978597435 0
    endloop
  endfacet
  facet normal 0.4829962622710536 0.7581522666885282 -0.43808646537782747
    outer loop
      vertex -6.882917236212553 -9.829824531467901 0.8000000000000007
      vertex -6 -10.392304845413264 0.8000000000000007
      vertex -6.195121951219512 -10.730265978597435 0
    endloop
  endfacet
  facet normal 0.415080991753493 0.7973631664039278 -0.4380864653778277
    outer loop
      vertex -6 -10.392304845413264 0.8000000000000007
      vertex -5.071419140888393 -10.875693444439799 0.8000000000000007
      vertex -5.2363433405920805 -11.229374532063858 0
    endloop
  endfacet
  facet normal 0.4150809917534933 0.7973631664039279 -0.43808646537782747
    outer loop
      vertex -6.195121951219512 -10.730265978597435 0
      vertex -6 -10.392304845413264 0.8000000000000007
      vertex -5.2363433405920805 -11.229374532063858 0
    endloop
  endfacet
  facet normal 0.34400670425594054 0.8305056509619475 -0.4380864653778267
    outer loop
      vertex -5.071419140888393 -10.875693444439799 0.8000000000000007
      vertex -5 -10.905276221208807 0.8000000000000007
      vertex -5 -11.327271149113662 0
    endloop
  endfacet
  facet normal 0.34400670425593616 0.8305056509619486 -0.4380864653778277
    outer loop
      vertex -5.071419140888393 -10.875693444439799 0.8000000000000007
      vertex -5 -11.327271149113662 0
      vertex -5.2363433405920805 -11.229374532063858 0
    endloop
  endfacet
  facet normal -0.03921089971539812 -0.8980772540245467 -0.4380864653778277
    outer loop
      vertex 0 12 0.8000000000000007
      vertex 0 12.390243902439025 0
      vertex 1.045868912971898 11.954336377100947 0.8000000000000007
    endloop
  endfacet
  facet normal -0.03921089971539889 -0.8980772540245472 -0.4380864653778269
    outer loop
      vertex 0 12.390243902439025 0
      vertex 1.0798809101417157 12.343095283673335 0
      vertex 1.045868912971898 11.954336377100947 0.8000000000000007
    endloop
  endfacet
  facet normal -0.11733428052317599 -0.8912423438475477 -0.4380864653778268
    outer loop
      vertex 1.045868912971898 11.954336377100947 0.8000000000000007
      vertex 1.0798809101417157 12.343095283673335 0
      vertex 2.083778132003164 11.817693036146496 0.8000000000000007
    endloop
  endfacet
  facet normal -0.11733428052317525 -0.8912423438475476 -0.4380864653778276
    outer loop
      vertex 1.0798809101417157 12.343095283673335 0
      vertex 2.151543274507332 12.202008256834187 0
      vertex 2.083778132003164 11.817693036146496 0.8000000000000007
    endloop
  endfacet
  facet normal -0.19456467660779125 -0.8776245412870285 -0.43808646537782764
    outer loop
      vertex 2.083778132003164 11.817693036146496 0.8000000000000007
      vertex 2.151543274507332 12.202008256834187 0
      vertex 3.105828541230249 11.59110991546882 0.8000000000000007
    endloop
  endfacet
  facet normal -0.19456467660779128 -0.8776245412870284 -0.4380864653778276
    outer loop
      vertex 2.151543274507332 12.202008256834187 0
      vertex 3.2068310954165984 11.968056579386506 0
      vertex 3.105828541230249 11.59110991546882 0.8000000000000007
    endloop
  endfacet
  facet normal -0.27031431802206257 -0.8573274860431277 -0.43808646537782703
    outer loop
      vertex 3.2068310954165984 11.968056579386506 0
      vertex 4.2377129953521875 11.643020764859548 0
      vertex 4.104241719908025 11.276311449430901 0.8000000000000007
    endloop
  endfacet
  facet normal -0.27031431802206185 -0.8573274860431276 -0.4380864653778276
    outer loop
      vertex 3.2068310954165984 11.968056579386506 0
      vertex 4.104241719908025 11.276311449430901 0.8000000000000007
      vertex 3.105828541230249 11.59110991546882 0.8000000000000007
    endloop
  endfacet
  facet normal -0.34400670425593644 -0.8305056509619491 -0.4380864653778269
    outer loop
      vertex 4.2377129953521875 11.643020764859548 0
      vertex 5.071419140888393 10.875693444439799 0.8000000000000007
      vertex 4.104241719908025 11.276311449430901 0.8000000000000007
    endloop
  endfacet
  facet normal -0.34400670425593544 -0.830505650961949 -0.43808646537782775
    outer loop
      vertex 4.2377129953521875 11.643020764859548 0
      vertex 5.2363433405920805 11.229374532063858 0
      vertex 5.071419140888393 10.875693444439799 0.8000000000000007
    endloop
  endfacet
  facet normal -0.415080991753493 -0.7973631664039278 -0.4380864653778277
    outer loop
      vertex 5.071419140888393 10.875693444439799 0.8000000000000007
      vertex 5.2363433405920805 11.229374532063858 0
      vertex 6 10.392304845413264 0.8000000000000007
    endloop
  endfacet
  facet normal -0.41508099175349333 -0.797363166403928 -0.43808646537782747
    outer loop
      vertex 5.2363433405920805 11.229374532063858 0
      vertex 6.195121951219512 10.730265978597435 0
      vertex 6 10.392304845413264 0.8000000000000007
    endloop
  endfacet
  facet normal -0.4829962622710536 -0.7581522666885282 -0.43808646537782736
    outer loop
      vertex 6 10.392304845413264 0.8000000000000007
      vertex 6.195121951219512 10.730265978597435 0
      vertex 6.882917236212553 9.829824531467901 0.8000000000000007
    endloop
  endfacet
  facet normal -0.48299626227105197 -0.7581522666885283 -0.438086465377829
    outer loop
      vertex 6.195121951219512 10.730265978597435 0
      vertex 7.106751943081254 10.149493621922144 0
      vertex 6.882917236212553 9.829824531467901 0.8000000000000007
    endloop
  endfacet
  facet normal -0.5472356395916116 -0.7131713704387748 -0.43808646537782897
    outer loop
      vertex 7.106751943081254 10.149493621922144 0
      vertex 7.397312366023097 9.43511526587933 0.8000000000000007
      vertex 6.882917236212553 9.829824531467901 0.8000000000000007
    endloop
  endfacet
  facet normal -0.5472356395916108 -0.713171370438775 -0.4380864653778294
    outer loop
      vertex 7.106751943081254 10.149493621922144 0
      vertex 7.478337215321481 9.516140115177716 0.5668855440346405
      vertex 7.397312366023097 9.43511526587933 0.8000000000000007
    endloop
  endfacet
  facet normal -0.5472356395916177 -0.7131713704387734 -0.4380864653778233
    outer loop
      vertex 7.106751943081254 10.149493621922144 0
      vertex 7.589844518488492 9.572955923945798 0.33510440813060427
      vertex 7.478337215321481 9.516140115177716 0.5668855440346405
    endloop
  endfacet
  facet normal -0.5472356395916106 -0.7131713704387731 -0.4380864653778329
    outer loop
      vertex 7.106751943081254 10.149493621922144 0
      vertex 7.713451316238471 9.592533317427737 0.14883049187680442
      vertex 7.589844518488492 9.572955923945798 0.33510440813060427
    endloop
  endfacet
  facet normal -0.5472356395916156 -0.7131713704387758 -0.4380864653778222
    outer loop
      vertex 7.106751943081254 10.149493621922144 0
      vertex 7.83705811398845 9.572955923945798 0.026297584042840327
      vertex 7.713451316238471 9.592533317427737 0.14883049187680442
    endloop
  endfacet
  facet normal -0.5472356395916161 -0.7131713704387762 -0.43808646537782087
    outer loop
      vertex 7.106751943081254 10.149493621922144 0
      vertex 7.899718964061869 9.541028626146437 0
      vertex 7.83705811398845 9.572955923945798 0.026297584042840327
    endloop
  endfacet
  facet normal -0.6073102232649651 -0.6627628094353358 -0.43808646537782836
    outer loop
      vertex 8.485281374238571 8.485281374238571 0.8000000000000007
      vertex 8.093873922756533 9.068926519677758 0.45962758190020736
      vertex 8.113451316238471 9.192533317427737 0.24548825744599156
    endloop
  endfacet
  facet normal -0.6073102232649625 -0.6627628094353346 -0.43808646537783363
    outer loop
      vertex 8.485281374238571 8.485281374238571 0.8000000000000007
      vertex 8.005008906201201 8.925370008723498 0.8000000000000007
      vertex 8.03705811398845 8.957419216510747 0.7070849301521172
    endloop
  endfacet
  facet normal -0.6073102232649649 -0.6627628094353357 -0.43808646537782836
    outer loop
      vertex 8.485281374238571 8.485281374238571 0.8000000000000007
      vertex 8.03705811398845 8.957419216510747 0.7070849301521172
      vertex 8.093873922756533 9.068926519677758 0.45962758190020736
    endloop
  endfacet
  facet normal -0.6073102232649756 -0.6627628094353331 -0.43808646537781765
    outer loop
      vertex 8.485281374238571 8.485281374238571 0.8000000000000007
      vertex 8.113451316238471 9.192533317427737 0.24548825744599156
      vertex 8.093873922756533 9.316140115177715 0.08562840586344933
    endloop
  endfacet
  facet normal -0.6073102232649644 -0.6627628094353364 -0.43808646537782825
    outer loop
      vertex 8.761225483969907 8.761225483969907 0
      vertex 8.093873922756533 9.316140115177715 0.08562840586344933
      vertex 8.039777080108674 9.422311146873064 0
    endloop
  endfacet
  facet normal -0.6073102232649644 -0.6627628094353365 -0.4380864653778278
    outer loop
      vertex 8.761225483969907 8.761225483969907 0
      vertex 8.485281374238571 8.485281374238571 0.8000000000000007
      vertex 8.093873922756533 9.316140115177715 0.08562840586344933
    endloop
  endfacet
  facet normal -0.662762809435336 -0.6073102232649651 -0.4380864653778278
    outer loop
      vertex 8.761225483969907 8.761225483969907 0
      vertex 9.192533317427737 7.713451316238471 0.8000000000000007
      vertex 8.485281374238571 8.485281374238571 0.8000000000000007
    endloop
  endfacet
  facet normal -0.6627628094353366 -0.6073102232649649 -0.4380864653778272
    outer loop
      vertex 8.761225483969907 8.761225483969907 0
      vertex 9.491477490352215 7.964295261481999 0
      vertex 9.192533317427737 7.713451316238471 0.8000000000000007
    endloop
  endfacet
  facet normal -0.7131713704387752 -0.5472356395916125 -0.43808646537782714
    outer loop
      vertex 9.491477490352215 7.964295261481999 0
      vertex 9.829824531467901 6.882917236212553 0.8000000000000007
      vertex 9.192533317427737 7.713451316238471 0.8000000000000007
    endloop
  endfacet
  facet normal -0.7131713704387734 -0.5472356395916133 -0.4380864653778289
    outer loop
      vertex 9.491477490352215 7.964295261481999 0
      vertex 10.149493621922144 7.106751943081254 0
      vertex 9.829824531467901 6.882917236212553 0.8000000000000007
    endloop
  endfacet
  facet normal -0.7581522666885275 -0.48299626227105313 -0.438086465377829
    outer loop
      vertex 9.829824531467901 6.882917236212553 0.8000000000000007
      vertex 10.149493621922144 7.106751943081254 0
      vertex 10.392304845413264 6 0.8000000000000007
    endloop
  endfacet
  facet normal -0.758152266688529 -0.48299626227105236 -0.43808646537782747
    outer loop
      vertex 10.149493621922144 7.106751943081254 0
      vertex 10.730265978597435 6.195121951219512 0
      vertex 10.392304845413264 6 0.8000000000000007
    endloop
  endfacet
  facet normal -0.797363166403928 -0.4150809917534931 -0.4380864653778274
    outer loop
      vertex 10.730265978597435 6.195121951219512 0
      vertex 10.875693444439799 5.071419140888393 0.8000000000000007
      vertex 10.392304845413264 6 0.8000000000000007
    endloop
  endfacet
  facet normal -0.7973631664039278 -0.4150809917534933 -0.4380864653778277
    outer loop
      vertex 10.730265978597435 6.195121951219512 0
      vertex 11.229374532063858 5.2363433405920805 0
      vertex 10.875693444439799 5.071419140888393 0.8000000000000007
    endloop
  endfacet
  facet normal -0.8305056509619487 -0.3440067042559362 -0.4380864653778278
    outer loop
      vertex 10.875693444439799 5.071419140888393 0.8000000000000007
      vertex 11.229374532063858 5.2363433405920805 0
      vertex 11.276311449430901 4.104241719908025 0.8000000000000007
    endloop
  endfacet
  facet normal -0.8573274860431278 -0.27031431802206196 -0.438086465377827
    outer loop
      vertex 11.276311449430901 4.104241719908025 0.8000000000000007
      vertex 11.643020764859548 4.2377129953521875 0
      vertex 11.59110991546882 3.105828541230249 0.8000000000000007
    endloop
  endfacet
  facet normal -0.8305056509619494 -0.3440067042559356 -0.4380864653778269
    outer loop
      vertex 11.229374532063858 5.2363433405920805 0
      vertex 11.643020764859548 4.2377129953521875 0
      vertex 11.276311449430901 4.104241719908025 0.8000000000000007
    endloop
  endfacet
  facet normal -0.8573274860431274 -0.2703143180220625 -0.4380864653778277
    outer loop
      vertex 11.643020764859548 4.2377129953521875 0
      vertex 11.968056579386506 3.2068310954165984 0
      vertex 11.59110991546882 3.105828541230249 0.8000000000000007
    endloop
  endfacet
  facet normal -0.8776245412870285 -0.19456467660779125 -0.4380864653778276
    outer loop
      vertex 11.59110991546882 3.105828541230249 0.8000000000000007
      vertex 11.968056579386506 3.2068310954165984 0
      vertex 11.817693036146496 2.083778132003164 0.8000000000000007
    endloop
  endfacet
  facet normal -0.8776245412870284 -0.19456467660779128 -0.43808646537782764
    outer loop
      vertex 11.968056579386506 3.2068310954165984 0
      vertex 12.202008256834187 2.151543274507332 0
      vertex 11.817693036146496 2.083778132003164 0.8000000000000007
    endloop
  endfacet
  facet normal -0.8912423438475474 -0.11733428052317595 -0.4380864653778276
    outer loop
      vertex 11.817693036146496 2.083778132003164 0.8000000000000007
      vertex 12.202008256834187 2.151543274507332 0
      vertex 11.954336377100947 1.045868912971898 0.8000000000000007
    endloop
  endfacet
  facet normal -0.8776245412870285 0.19456467660779125 -0.43808646537782764
    outer loop
      vertex 11.817693036146496 -2.083778132003164 0.8000000000000007
      vertex 12.202008256834187 -2.151543274507332 0
      vertex 11.59110991546882 -3.105828541230249 0.8000000000000007
    endloop
  endfacet
  facet normal -0.8776245412870284 0.19456467660779128 -0.4380864653778276
    outer loop
      vertex 11.59110991546882 -3.105828541230249 0.8000000000000007
      vertex 12.202008256834187 -2.151543274507332 0
      vertex 11.968056579386506 -3.2068310954165984 0
    endloop
  endfacet
  facet normal -0.8573274860431276 0.27031431802206185 -0.4380864653778276
    outer loop
      vertex 11.59110991546882 -3.105828541230249 0.8000000000000007
      vertex 11.968056579386506 -3.2068310954165984 0
      vertex 11.276311449430901 -4.104241719908025 0.8000000000000007
    endloop
  endfacet
  facet normal -0.8573274860431277 0.27031431802206257 -0.43808646537782703
    outer loop
      vertex 11.968056579386506 -3.2068310954165984 0
      vertex 11.643020764859548 -4.2377129953521875 0
      vertex 11.276311449430901 -4.104241719908025 0.8000000000000007
    endloop
  endfacet
  facet normal -0.8980772540245472 -0.03921089971539815 -0.438086465377827
    outer loop
      vertex 11.954336377100947 1.045868912971898 0.8000000000000007
      vertex 12.343095283673335 1.0798809101417157 0
      vertex 12 0 0.8000000000000007
    endloop
  endfacet
  facet normal -0.891242343847548 -0.1173342805231753 -0.4380864653778269
    outer loop
      vertex 11.954336377100947 1.045868912971898 0.8000000000000007
      vertex 12.202008256834187 2.151543274507332 0
      vertex 12.343095283673335 1.0798809101417157 0
    endloop
  endfacet
  facet normal -0.8980772540245467 -0.03921089971539887 -0.4380864653778277
    outer loop
      vertex 12.343095283673335 1.0798809101417157 0
      vertex 12.390243902439025 0 0
      vertex 12 0 0.8000000000000007
    endloop
  endfacet
  facet normal -0.8980772540245467 0.03921089971539812 -0.4380864653778277
    outer loop
      vertex 11.954336377100947 -1.045868912971898 0.8000000000000007
      vertex 12 0 0.8000000000000007
      vertex 12.390243902439025 0 0
    endloop
  endfacet
  facet normal -0.8980772540245472 0.039210899715398914 -0.4380864653778269
    outer loop
      vertex 11.954336377100947 -1.045868912971898 0.8000000000000007
      vertex 12.390243902439025 0 0
      vertex 12.343095283673335 -1.0798809101417157 0
    endloop
  endfacet
  facet normal -0.8912423438475477 0.11733428052317599 -0.4380864653778268
    outer loop
      vertex 11.954336377100947 -1.045868912971898 0.8000000000000007
      vertex 12.343095283673335 -1.0798809101417157 0
      vertex 11.817693036146496 -2.083778132003164 0.8000000000000007
    endloop
  endfacet
  facet normal -0.8912423438475476 0.11733428052317527 -0.4380864653778276
    outer loop
      vertex 11.817693036146496 -2.083778132003164 0.8000000000000007
      vertex 12.343095283673335 -1.0798809101417157 0
      vertex 12.202008256834187 -2.151543274507332 0
    endloop
  endfacet
  facet normal -0.48299626227105313 0.7581522666885275 -0.43808646537782897
    outer loop
      vertex 6.882917236212553 -9.829824531467901 0.8000000000000007
      vertex 7.106751943081254 -10.149493621922144 0
      vertex 6 -10.392304845413264 0.8000000000000007
    endloop
  endfacet
  facet normal -0.5472356395916125 0.7131713704387752 -0.43808646537782714
    outer loop
      vertex 6.882917236212553 -9.829824531467901 0.8000000000000007
      vertex 7.713451316238471 -9.192533317427737 0.8000000000000007
      vertex 7.964295261481999 -9.491477490352215 0
    endloop
  endfacet
  facet normal -0.5472356395916133 0.7131713704387735 -0.43808646537782897
    outer loop
      vertex 6.882917236212553 -9.829824531467901 0.8000000000000007
      vertex 7.964295261481999 -9.491477490352215 0
      vertex 7.106751943081254 -10.149493621922144 0
    endloop
  endfacet
  facet normal -0.3440067042559403 0.830505650961947 -0.43808646537782786
    outer loop
      vertex 5 -10.905276221208807 0.8000000000000007
      vertex 5.071419140888393 -10.875693444439799 0.8000000000000007
      vertex 5.2363433405920805 -11.229374532063858 0
    endloop
  endfacet
  facet normal -0.4150809917534931 0.797363166403928 -0.43808646537782736
    outer loop
      vertex 5.071419140888393 -10.875693444439799 0.8000000000000007
      vertex 6 -10.392304845413264 0.8000000000000007
      vertex 6.195121951219512 -10.730265978597435 0
    endloop
  endfacet
  facet normal -0.4150809917534933 0.7973631664039278 -0.4380864653778277
    outer loop
      vertex 5.071419140888393 -10.875693444439799 0.8000000000000007
      vertex 6.195121951219512 -10.730265978597435 0
      vertex 5.2363433405920805 -11.229374532063858 0
    endloop
  endfacet
  facet normal -0.3440067042559361 0.8305056509619488 -0.4380864653778274
    outer loop
      vertex 5 -10.905276221208807 0.8000000000000007
      vertex 5.2363433405920805 -11.229374532063858 0
      vertex 5 -11.327271149113662 0
    endloop
  endfacet
  facet normal -0.48299626227105236 0.758152266688529 -0.4380864653778274
    outer loop
      vertex 7.106751943081254 -10.149493621922144 0
      vertex 6.195121951219512 -10.730265978597435 0
      vertex 6 -10.392304845413264 0.8000000000000007
    endloop
  endfacet
  facet normal -0.7973631664039278 0.415080991753493 -0.4380864653778277
    outer loop
      vertex 10.875693444439799 -5.071419140888393 0.8000000000000007
      vertex 11.229374532063858 -5.2363433405920805 0
      vertex 10.392304845413264 -6 0.8000000000000007
    endloop
  endfacet
  facet normal -0.8305056509619492 0.3440067042559364 -0.43808646537782686
    outer loop
      vertex 10.875693444439799 -5.071419140888393 0.8000000000000007
      vertex 11.276311449430901 -4.104241719908025 0.8000000000000007
      vertex 11.643020764859548 -4.2377129953521875 0
    endloop
  endfacet
  facet normal -0.830505650961949 0.34400670425593544 -0.43808646537782775
    outer loop
      vertex 10.875693444439799 -5.071419140888393 0.8000000000000007
      vertex 11.643020764859548 -4.2377129953521875 0
      vertex 11.229374532063858 -5.2363433405920805 0
    endloop
  endfacet
  facet normal -0.797363166403928 0.41508099175349333 -0.4380864653778274
    outer loop
      vertex 11.229374532063858 -5.2363433405920805 0
      vertex 10.730265978597435 -6.195121951219512 0
      vertex 10.392304845413264 -6 0.8000000000000007
    endloop
  endfacet
  facet normal -0.7581522666885282 0.4829962622710536 -0.4380864653778275
    outer loop
      vertex 9.829824531467901 -6.882917236212553 0.8000000000000007
      vertex 10.392304845413264 -6 0.8000000000000007
      vertex 10.730265978597435 -6.195121951219512 0
    endloop
  endfacet
  facet normal -0.7581522666885283 0.482996262271052 -0.438086465377829
    outer loop
      vertex 9.829824531467901 -6.882917236212553 0.8000000000000007
      vertex 10.730265978597435 -6.195121951219512 0
      vertex 10.149493621922144 -7.106751943081254 0
    endloop
  endfacet
  facet normal -0.6627628094353364 0.6073102232649645 -0.4380864653778278
    outer loop
      vertex 8.485281374238571 -8.485281374238571 0.8000000000000007
      vertex 9.491477490352215 -7.964295261481999 0
      vertex 8.761225483969907 -8.761225483969907 0
    endloop
  endfacet
  facet normal -0.7131713704387744 0.5472356395916119 -0.43808646537782897
    outer loop
      vertex 9.829824531467901 -6.882917236212553 0.8000000000000007
      vertex 10.149493621922144 -7.106751943081254 0
      vertex 9.192533317427737 -7.713451316238471 0.8000000000000007
    endloop
  endfacet
  facet normal -0.7131713704387741 0.5472356395916138 -0.4380864653778272
    outer loop
      vertex 10.149493621922144 -7.106751943081254 0
      vertex 9.491477490352215 -7.964295261481999 0
      vertex 9.192533317427737 -7.713451316238471 0.8000000000000007
    endloop
  endfacet
  facet normal -0.6627628094353363 0.6073102232649653 -0.4380864653778272
    outer loop
      vertex 8.485281374238571 -8.485281374238571 0.8000000000000007
      vertex 9.192533317427737 -7.713451316238471 0.8000000000000007
      vertex 9.491477490352215 -7.964295261481999 0
    endloop
  endfacet
  facet normal -0.6073102232649651 0.662762809435336 -0.4380864653778278
    outer loop
      vertex 7.713451316238471 -9.192533317427737 0.8000000000000007
      vertex 8.485281374238571 -8.485281374238571 0.8000000000000007
      vertex 8.761225483969907 -8.761225483969907 0
    endloop
  endfacet
  facet normal -0.6073102232649649 0.6627628094353367 -0.43808646537782714
    outer loop
      vertex 7.713451316238471 -9.192533317427737 0.8000000000000007
      vertex 8.761225483969907 -8.761225483969907 0
      vertex 7.964295261481999 -9.491477490352215 0
    endloop
  endfacet
  facet normal 0.6087614290087204 -0.7933533402912353 -1.7031172936237875e-17
    outer loop
      vertex -7.713451316238471 9.192533317427737 28
      vertex -7.397312366023097 9.43511526587933 8
      vertex -6.882917236212553 9.829824531467901 28
    endloop
  endfacet
  facet normal 0.6755902076156589 -0.7372773368101253 1.1877376980888064e-18
    outer loop
      vertex -7.713451316238471 9.192533317427737 28
      vertex -8.485281374238571 8.485281374238571 28
      vertex -8.485281374238571 8.485281374238571 0.8000000000000007
    endloop
  endfacet
  facet normal 0.5372996083468246 -0.8433914458128853 0
    outer loop
      vertex -6.882917236212553 9.829824531467901 28
      vertex -6.882917236212553 9.829824531467901 0.8000000000000007
      vertex -6 10.392304845413264 28
    endloop
  endfacet
  facet normal 0.46174861323503313 -0.8870108331782222 -8.970698126123954e-19
    outer loop
      vertex -5.071419140888393 10.875693444439799 28
      vertex -6 10.392304845413264 28
      vertex -6 10.392304845413264 0.8000000000000007
    endloop
  endfacet
  facet normal 0.3826834323650909 -0.9238795325112863 0
    outer loop
      vertex -5.071419140888393 10.875693444439799 28
      vertex -5.071419140888393 10.875693444439799 0.8000000000000007
      vertex -4.104241719908025 11.276311449430901 28
    endloop
  endfacet
  facet normal 0.2164396139381014 -0.9762960071199337 -3.1444571028878623e-19
    outer loop
      vertex -2.083778132003164 11.817693036146496 28
      vertex -3.105828541230249 11.59110991546882 28
      vertex -3.105828541230249 11.59110991546882 0.8000000000000007
    endloop
  endfacet
  facet normal 0.13052619222005346 -0.9914448613738102 0
    outer loop
      vertex -2.083778132003164 11.817693036146496 28
      vertex -2.083778132003164 11.817693036146496 0.8000000000000007
      vertex -1.045868912971898 11.954336377100947 28
    endloop
  endfacet
  facet normal 0.04361938736533501 -0.9990482215818578 0
    outer loop
      vertex -1.045868912971898 11.954336377100947 28
      vertex -1.045868912971898 11.954336377100947 0.8000000000000007
      vertex 0 12 28
    endloop
  endfacet
  facet normal 0.30070579950427323 -0.9537169507482269 0
    outer loop
      vertex -4.104241719908025 11.276311449430901 28
      vertex -4.104241719908025 11.276311449430901 0.8000000000000007
      vertex -3.105828541230249 11.59110991546882 28
    endloop
  endfacet
  facet normal 0.6755902076156601 -0.7372773368101242 0
    outer loop
      vertex -7.713451316238471 9.192533317427737 28
      vertex -8.005008906201201 8.925370008723498 8
      vertex -7.713451316238471 9.192533317427737 8
    endloop
  endfacet
  facet normal 0.6087614290087211 -0.7933533402912347 0
    outer loop
      vertex -7.713451316238471 9.192533317427737 28
      vertex -7.713451316238471 9.192533317427737 8
      vertex -7.397312366023097 9.43511526587933 8
    endloop
  endfacet
  facet normal 0.8433914458128853 -0.5372996083468246 0
    outer loop
      vertex -10.392304845413264 6 28
      vertex -10.392304845413264 6 0.8000000000000007
      vertex -9.829824531467901 6.882917236212553 28
    endloop
  endfacet
  facet normal 0.8870108331782222 -0.46174861323503313 -8.970698126123954e-19
    outer loop
      vertex -10.392304845413264 6 28
      vertex -10.875693444439799 5.071419140888393 28
      vertex -10.875693444439799 5.071419140888393 0.8000000000000007
    endloop
  endfacet
  facet normal 0.7933533402912353 -0.6087614290087204 1.3630852281071862e-18
    outer loop
      vertex -9.192533317427737 7.713451316238471 28
      vertex -9.829824531467901 6.882917236212553 28
      vertex -9.829824531467901 6.882917236212553 0.8000000000000007
    endloop
  endfacet
  facet normal 0.7372773368101253 -0.6755902076156589 0
    outer loop
      vertex -9.192533317427737 7.713451316238471 28
      vertex -9.192533317427737 7.713451316238471 0.8000000000000007
      vertex -8.485281374238571 8.485281374238571 28
    endloop
  endfacet
  facet normal 0.9238795325112863 -0.3826834323650909 0
    outer loop
      vertex -11.276311449430901 4.104241719908025 28
      vertex -11.276311449430901 4.104241719908025 0.8000000000000007
      vertex -10.875693444439799 5.071419140888393 28
    endloop
  endfacet
  facet normal 0.9537169507482269 -0.30070579950427323 -6.106296515505907e-19
    outer loop
      vertex -11.276311449430901 4.104241719908025 28
      vertex -11.59110991546882 3.105828541230249 28
      vertex -11.59110991546882 3.105828541230249 0.8000000000000007
    endloop
  endfacet
  facet normal 0.9762960071199337 -0.2164396139381014 -3.1444571028878623e-19
    outer loop
      vertex -11.59110991546882 3.105828541230249 28
      vertex -11.817693036146496 2.083778132003164 28
      vertex -11.817693036146496 2.083778132003164 0.8000000000000007
    endloop
  endfacet
  facet normal 0.9914448613738102 -0.13052619222005346 1.4740801935418272e-19
    outer loop
      vertex -11.817693036146496 2.083778132003164 28
      vertex -11.954336377100947 1.045868912971898 28
      vertex -11.954336377100947 1.045868912971898 0.8000000000000007
    endloop
  endfacet
  facet normal 0.9990482215818578 -0.04361938736533501 4.032954909502786e-20
    outer loop
      vertex -11.954336377100947 1.045868912971898 28
      vertex -12 0 28
      vertex -12 0 0.8000000000000007
    endloop
  endfacet
  facet normal 0.9990482215818578 0.04361938736533501 -4.032954909502786e-20
    outer loop
      vertex -12 0 28
      vertex -11.954336377100947 -1.045868912971898 28
      vertex -11.954336377100947 -1.045868912971898 0.8000000000000007
    endloop
  endfacet
  facet normal 0.9914448613738102 0.13052619222005346 -1.4740801935418272e-19
    outer loop
      vertex -11.954336377100947 -1.045868912971898 28
      vertex -11.817693036146496 -2.083778132003164 28
      vertex -11.817693036146496 -2.083778132003164 0.8000000000000007
    endloop
  endfacet
  facet normal 0.9762960071199337 0.2164396139381014 3.1444571028878623e-19
    outer loop
      vertex -11.817693036146496 -2.083778132003164 28
      vertex -11.59110991546882 -3.105828541230249 28
      vertex -11.59110991546882 -3.105828541230249 0.8000000000000007
    endloop
  endfacet
  facet normal 0.9537169507482269 0.30070579950427323 6.106296515505907e-19
    outer loop
      vertex -11.59110991546882 -3.105828541230249 28
      vertex -11.276311449430901 -4.104241719908025 28
      vertex -11.276311449430901 -4.104241719908025 0.8000000000000007
    endloop
  endfacet
  facet normal 0.6755902076156576 -0.7372773368101265 6.943341651519856e-17
    outer loop
      vertex -7.713451316238471 9.192533317427737 28
      vertex -8.485281374238571 8.485281374238571 0.8000000000000007
      vertex -8.005008906201201 8.925370008723498 8
    endloop
  endfacet
  facet normal 0.6087614290087201 -0.7933533402912356 0
    outer loop
      vertex -6.882917236212553 9.829824531467901 28
      vertex -7.397312366023097 9.43511526587933 8
      vertex -6.882917236212553 9.829824531467901 0.8000000000000007
    endloop
  endfacet
  facet normal 0.5372996083468246 -0.8433914458128853 0
    outer loop
      vertex -6 10.392304845413264 28
      vertex -6.882917236212553 9.829824531467901 0.8000000000000007
      vertex -6 10.392304845413264 0.8000000000000007
    endloop
  endfacet
  facet normal 0.46174861323503313 -0.8870108331782222 0
    outer loop
      vertex -5.071419140888393 10.875693444439799 28
      vertex -6 10.392304845413264 0.8000000000000007
      vertex -5.071419140888393 10.875693444439799 0.8000000000000007
    endloop
  endfacet
  facet normal 0.3826834323650909 -0.9238795325112863 0
    outer loop
      vertex -4.104241719908025 11.276311449430901 28
      vertex -5.071419140888393 10.875693444439799 0.8000000000000007
      vertex -4.104241719908025 11.276311449430901 0.8000000000000007
    endloop
  endfacet
  facet normal 0.2164396139381014 -0.9762960071199337 0
    outer loop
      vertex -2.083778132003164 11.817693036146496 28
      vertex -3.105828541230249 11.59110991546882 0.8000000000000007
      vertex -2.083778132003164 11.817693036146496 0.8000000000000007
    endloop
  endfacet
  facet normal 0.13052619222005346 -0.9914448613738102 0
    outer loop
      vertex -1.045868912971898 11.954336377100947 28
      vertex -2.083778132003164 11.817693036146496 0.8000000000000007
      vertex -1.045868912971898 11.954336377100947 0.8000000000000007
    endloop
  endfacet
  facet normal 0.04361938736533501 -0.9990482215818578 4.032954909502786e-20
    outer loop
      vertex -1.045868912971898 11.954336377100947 0.8000000000000007
      vertex 0 12 0.8000000000000007
      vertex 0 12 28
    endloop
  endfacet
  facet normal 0.30070579950427323 -0.9537169507482269 0
    outer loop
      vertex -3.105828541230249 11.59110991546882 28
      vertex -4.104241719908025 11.276311449430901 0.8000000000000007
      vertex -3.105828541230249 11.59110991546882 0.8000000000000007
    endloop
  endfacet
  facet normal 0.6755902076156582 -0.737277336810126 -1.3328271240526884e-18
    outer loop
      vertex -8.485281374238571 8.485281374238571 0.8000000000000007
      vertex -8.005008906201201 8.925370008723498 0.8000000000000007
      vertex -8.005008906201201 8.925370008723498 8
    endloop
  endfacet
  facet normal 0.60876142900872 -0.7933533402912357 1.5208609711310346e-18
    outer loop
      vertex -6.882917236212553 9.829824531467901 0.8000000000000007
      vertex -7.397312366023097 9.43511526587933 8
      vertex -7.397312366023097 9.43511526587933 0.8000000000000007
    endloop
  endfacet
  facet normal 0.8433914458128853 -0.5372996083468246 0
    outer loop
      vertex -9.829824531467901 6.882917236212553 28
      vertex -10.392304845413264 6 0.8000000000000007
      vertex -9.829824531467901 6.882917236212553 0.8000000000000007
    endloop
  endfacet
  facet normal 0.8870108331782222 -0.46174861323503313 0
    outer loop
      vertex -10.392304845413264 6 28
      vertex -10.875693444439799 5.071419140888393 0.8000000000000007
      vertex -10.392304845413264 6 0.8000000000000007
    endloop
  endfacet
  facet normal 0.7933533402912353 -0.6087614290087204 0
    outer loop
      vertex -9.192533317427737 7.713451316238471 28
      vertex -9.829824531467901 6.882917236212553 0.8000000000000007
      vertex -9.192533317427737 7.713451316238471 0.8000000000000007
    endloop
  endfacet
  facet normal 0.7372773368101253 -0.6755902076156589 0
    outer loop
      vertex -8.485281374238571 8.485281374238571 28
      vertex -9.192533317427737 7.713451316238471 0.8000000000000007
      vertex -8.485281374238571 8.485281374238571 0.8000000000000007
    endloop
  endfacet
  facet normal 0.9238795325112863 -0.3826834323650909 0
    outer loop
      vertex -10.875693444439799 5.071419140888393 28
      vertex -11.276311449430901 4.104241719908025 0.8000000000000007
      vertex -10.875693444439799 5.071419140888393 0.8000000000000007
    endloop
  endfacet
  facet normal 0.9537169507482269 -0.30070579950427323 0
    outer loop
      vertex -11.276311449430901 4.104241719908025 28
      vertex -11.59110991546882 3.105828541230249 0.8000000000000007
      vertex -11.276311449430901 4.104241719908025 0.8000000000000007
    endloop
  endfacet
  facet normal 0.9762960071199337 -0.2164396139381014 0
    outer loop
      vertex -11.59110991546882 3.105828541230249 28
      vertex -11.817693036146496 2.083778132003164 0.8000000000000007
      vertex -11.59110991546882 3.105828541230249 0.8000000000000007
    endloop
  endfacet
  facet normal 0.9914448613738102 -0.13052619222005346 0
    outer loop
      vertex -11.817693036146496 2.083778132003164 28
      vertex -11.954336377100947 1.045868912971898 0.8000000000000007
      vertex -11.817693036146496 2.083778132003164 0.8000000000000007
    endloop
  endfacet
  facet normal 0.9990482215818578 -0.04361938736533501 0
    outer loop
      vertex -11.954336377100947 1.045868912971898 28
      vertex -12 0 0.8000000000000007
      vertex -11.954336377100947 1.045868912971898 0.8000000000000007
    endloop
  endfacet
  facet normal 0.9990482215818578 0.04361938736533501 0
    outer loop
      vertex -12 0 28
      vertex -11.954336377100947 -1.045868912971898 0.8000000000000007
      vertex -12 0 0.8000000000000007
    endloop
  endfacet
  facet normal 0.9914448613738102 0.13052619222005346 0
    outer loop
      vertex -11.954336377100947 -1.045868912971898 28
      vertex -11.817693036146496 -2.083778132003164 0.8000000000000007
      vertex -11.954336377100947 -1.045868912971898 0.8000000000000007
    endloop
  endfacet
  facet normal 0.9762960071199337 0.2164396139381014 0
    outer loop
      vertex -11.817693036146496 -2.083778132003164 28
      vertex -11.59110991546882 -3.105828541230249 0.8000000000000007
      vertex -11.817693036146496 -2.083778132003164 0.8000000000000007
    endloop
  endfacet
  facet normal 0.9537169507482269 0.30070579950427323 0
    outer loop
      vertex -11.59110991546882 -3.105828541230249 28
      vertex -11.276311449430901 -4.104241719908025 0.8000000000000007
      vertex -11.59110991546882 -3.105828541230249 0.8000000000000007
    endloop
  endfacet
  facet normal 0.38268343236509084 0.9238795325112864 -8.167753597250464e-19
    outer loop
      vertex -5.071419140888393 -10.875693444439799 28
      vertex -4.104241719908025 -11.276311449430901 28
      vertex -4.104241719908025 -11.276311449430901 8.02
    endloop
  endfacet
  facet normal 0.30070579950427323 0.9537169507482268 8.312876137225259e-19
    outer loop
      vertex -4.104241719908025 -11.276311449430901 28
      vertex -3.105828541230249 -11.59110991546882 28
      vertex -3.105828541230249 -11.59110991546882 8.02
    endloop
  endfacet
  facet normal 0.2164396139381014 0.9762960071199337 4.2807424023298223e-19
    outer loop
      vertex -3.105828541230249 -11.59110991546882 28
      vertex -2.083778132003164 -11.817693036146496 28
      vertex -2.083778132003164 -11.817693036146496 8.02
    endloop
  endfacet
  facet normal 0.13052619222005346 0.9914448613738102 -2.0067558190359207e-19
    outer loop
      vertex -2.083778132003164 -11.817693036146496 28
      vertex -1.045868912971898 -11.954336377100947 28
      vertex -1.045868912971898 -11.954336377100947 8.02
    endloop
  endfacet
  facet normal 0.04361938736533501 0.9990482215818578 -5.490308985909698e-20
    outer loop
      vertex -1.045868912971898 -11.954336377100947 28
      vertex 0 -12 28
      vertex 0 -12 8.02
    endloop
  endfacet
  facet normal 0.9238795325112863 0.3826834323650909 -5.999695473274422e-19
    outer loop
      vertex -11.276311449430901 -4.104241719908025 28
      vertex -10.875693444439799 -5.071419140888393 28
      vertex -10.875693444439799 -5.071419140888393 0.8000000000000007
    endloop
  endfacet
  facet normal 0.8870108331782222 0.46174861323503313 8.970698126123954e-19
    outer loop
      vertex -10.875693444439799 -5.071419140888393 28
      vertex -10.392304845413264 -6 28
      vertex -10.392304845413264 -6 0.8000000000000007
    endloop
  endfacet
  facet normal 0.8433914458128853 0.5372996083468246 3.1855522188625937e-19
    outer loop
      vertex -10.392304845413264 -6 28
      vertex -9.829824531467901 -6.882917236212553 28
      vertex -9.829824531467901 -6.882917236212553 0.8000000000000007
    endloop
  endfacet
  facet normal 0.7933533402912353 0.6087614290087204 -1.3630852281071862e-18
    outer loop
      vertex -9.829824531467901 -6.882917236212553 28
      vertex -9.192533317427737 -7.713451316238471 28
      vertex -9.192533317427737 -7.713451316238471 0.8000000000000007
    endloop
  endfacet
  facet normal 0.7372773368101253 0.6755902076156589 -1.1877376980888064e-18
    outer loop
      vertex -9.192533317427737 -7.713451316238471 28
      vertex -8.485281374238571 -8.485281374238571 28
      vertex -8.485281374238571 -8.485281374238571 0.8000000000000007
    endloop
  endfacet
  facet normal 0.6755902076156589 0.7372773368101253 -1.1877376980888064e-18
    outer loop
      vertex -8.485281374238571 -8.485281374238571 28
      vertex -7.713451316238471 -9.192533317427737 28
      vertex -7.713451316238471 -9.192533317427737 0.8000000000000007
    endloop
  endfacet
  facet normal 0.6087614290087204 0.7933533402912353 -1.3630852281071862e-18
    outer loop
      vertex -7.713451316238471 -9.192533317427737 28
      vertex -6.882917236212553 -9.829824531467901 28
      vertex -6.882917236212553 -9.829824531467901 0.8000000000000007
    endloop
  endfacet
  facet normal 0.5372996083468246 0.8433914458128853 3.1855522188625937e-19
    outer loop
      vertex -6.882917236212553 -9.829824531467901 28
      vertex -6 -10.392304845413264 28
      vertex -6 -10.392304845413264 0.8000000000000007
    endloop
  endfacet
  facet normal 0.46174861323503313 0.8870108331782222 8.970698126123954e-19
    outer loop
      vertex -6 -10.392304845413264 28
      vertex -5.071419140888393 -10.875693444439799 28
      vertex -5.071419140888393 -10.875693444439799 0.8000000000000007
    endloop
  endfacet
  facet normal 0.38268343236508634 0.9238795325112882 -2.482877384639743e-16
    outer loop
      vertex -5.071419140888393 -10.875693444439799 28
      vertex -4.104241719908025 -11.276311449430901 8.02
      vertex -4.25 -11.21593639298863 8.02
    endloop
  endfacet
  facet normal 0.30070579950427323 0.9537169507482268 0
    outer loop
      vertex -4.104241719908025 -11.276311449430901 28
      vertex -3.105828541230249 -11.59110991546882 8.02
      vertex -4.104241719908025 -11.276311449430901 8.02
    endloop
  endfacet
  facet normal 0.2164396139381014 0.9762960071199337 0
    outer loop
      vertex -3.105828541230249 -11.59110991546882 28
      vertex -2.083778132003164 -11.817693036146496 8.02
      vertex -3.105828541230249 -11.59110991546882 8.02
    endloop
  endfacet
  facet normal 0.13052619222005346 0.9914448613738102 0
    outer loop
      vertex -2.083778132003164 -11.817693036146496 28
      vertex -1.045868912971898 -11.954336377100947 8.02
      vertex -2.083778132003164 -11.817693036146496 8.02
    endloop
  endfacet
  facet normal 0.04361938736533501 0.9990482215818578 0
    outer loop
      vertex -1.045868912971898 -11.954336377100947 28
      vertex 0 -12 8.02
      vertex -1.045868912971898 -11.954336377100947 8.02
    endloop
  endfacet
  facet normal 0.9238795325112863 0.3826834323650909 0
    outer loop
      vertex -11.276311449430901 -4.104241719908025 28
      vertex -10.875693444439799 -5.071419140888393 0.8000000000000007
      vertex -11.276311449430901 -4.104241719908025 0.8000000000000007
    endloop
  endfacet
  facet normal 0.8870108331782222 0.46174861323503313 0
    outer loop
      vertex -10.875693444439799 -5.071419140888393 28
      vertex -10.392304845413264 -6 0.8000000000000007
      vertex -10.875693444439799 -5.071419140888393 0.8000000000000007
    endloop
  endfacet
  facet normal 0.8433914458128853 0.5372996083468246 0
    outer loop
      vertex -10.392304845413264 -6 28
      vertex -9.829824531467901 -6.882917236212553 0.8000000000000007
      vertex -10.392304845413264 -6 0.8000000000000007
    endloop
  endfacet
  facet normal 0.7933533402912353 0.6087614290087204 0
    outer loop
      vertex -9.829824531467901 -6.882917236212553 28
      vertex -9.192533317427737 -7.713451316238471 0.8000000000000007
      vertex -9.829824531467901 -6.882917236212553 0.8000000000000007
    endloop
  endfacet
  facet normal 0.7372773368101253 0.6755902076156589 0
    outer loop
      vertex -9.192533317427737 -7.713451316238471 28
      vertex -8.485281374238571 -8.485281374238571 0.8000000000000007
      vertex -9.192533317427737 -7.713451316238471 0.8000000000000007
    endloop
  endfacet
  facet normal 0.6755902076156589 0.7372773368101253 0
    outer loop
      vertex -8.485281374238571 -8.485281374238571 28
      vertex -7.713451316238471 -9.192533317427737 0.8000000000000007
      vertex -8.485281374238571 -8.485281374238571 0.8000000000000007
    endloop
  endfacet
  facet normal 0.6087614290087204 0.7933533402912353 0
    outer loop
      vertex -7.713451316238471 -9.192533317427737 28
      vertex -6.882917236212553 -9.829824531467901 0.8000000000000007
      vertex -7.713451316238471 -9.192533317427737 0.8000000000000007
    endloop
  endfacet
  facet normal 0.5372996083468246 0.8433914458128853 0
    outer loop
      vertex -6.882917236212553 -9.829824531467901 28
      vertex -6 -10.392304845413264 0.8000000000000007
      vertex -6.882917236212553 -9.829824531467901 0.8000000000000007
    endloop
  endfacet
  facet normal 0.3826834323650914 0.9238795325112861 -1.2628062054979639e-17
    outer loop
      vertex -5.071419140888393 -10.875693444439799 28
      vertex -4.25 -11.21593639298863 8.02
      vertex -5 -10.905276221208807 1.3499999999999979
    endloop
  endfacet
  facet normal 0.46174861323503313 0.8870108331782222 0
    outer loop
      vertex -6 -10.392304845413264 28
      vertex -5.071419140888393 -10.875693444439799 0.8000000000000007
      vertex -6 -10.392304845413264 0.8000000000000007
    endloop
  endfacet
  facet normal 0.3826834323650954 0.9238795325112843 0
    outer loop
      vertex -5.071419140888393 -10.875693444439799 28
      vertex -5 -10.905276221208807 1.3499999999999979
      vertex -5.071419140888393 -10.875693444439799 0.8000000000000007
    endloop
  endfacet
  facet normal 0.3826834323650914 0.9238795325112862 0
    outer loop
      vertex -4.25 -11.21593639298863 8.02
      vertex -4.25 -11.21593639298863 1.3499999999999979
      vertex -5 -10.905276221208807 1.3499999999999979
    endloop
  endfacet
  facet normal 0.3826834323650954 0.9238795325112845 0
    outer loop
      vertex -5 -10.905276221208807 1.3499999999999979
      vertex -5 -10.905276221208807 0.8000000000000007
      vertex -5.071419140888393 -10.875693444439799 0.8000000000000007
    endloop
  endfacet
  facet normal -0.6755902076156589 -0.7372773368101252 3.248126247052936e-17
    outer loop
      vertex 7.713451316238471 9.192533317427737 28
      vertex 8.005008906201201 8.925370008723498 8
      vertex 8.485281374238571 8.485281374238571 28
    endloop
  endfacet
  facet normal -0.04361938736533501 -0.9990482215818578 0
    outer loop
      vertex 0 12 28
      vertex 0 12 0.8000000000000007
      vertex 1.045868912971898 11.954336377100947 28
    endloop
  endfacet
  facet normal -0.13052619222005346 -0.9914448613738102 0
    outer loop
      vertex 1.045868912971898 11.954336377100947 28
      vertex 1.045868912971898 11.954336377100947 0.8000000000000007
      vertex 2.083778132003164 11.817693036146496 28
    endloop
  endfacet
  facet normal -0.2164396139381014 -0.9762960071199337 0
    outer loop
      vertex 2.083778132003164 11.817693036146496 28
      vertex 2.083778132003164 11.817693036146496 0.8000000000000007
      vertex 3.105828541230249 11.59110991546882 28
    endloop
  endfacet
  facet normal -0.30070579950427323 -0.9537169507482269 0
    outer loop
      vertex 3.105828541230249 11.59110991546882 28
      vertex 3.105828541230249 11.59110991546882 0.8000000000000007
      vertex 4.104241719908025 11.276311449430901 28
    endloop
  endfacet
  facet normal -0.3826834323650909 -0.9238795325112863 0
    outer loop
      vertex 4.104241719908025 11.276311449430901 28
      vertex 4.104241719908025 11.276311449430901 0.8000000000000007
      vertex 5.071419140888393 10.875693444439799 28
    endloop
  endfacet
  facet normal -0.46174861323503313 -0.8870108331782222 0
    outer loop
      vertex 5.071419140888393 10.875693444439799 28
      vertex 5.071419140888393 10.875693444439799 0.8000000000000007
      vertex 6 10.392304845413264 28
    endloop
  endfacet
  facet normal -0.5372996083468246 -0.8433914458128853 0
    outer loop
      vertex 6 10.392304845413264 28
      vertex 6 10.392304845413264 0.8000000000000007
      vertex 6.882917236212553 9.829824531467901 28
    endloop
  endfacet
  facet normal -0.6087614290087204 -0.7933533402912353 0
    outer loop
      vertex 6.882917236212553 9.829824531467901 28
      vertex 6.882917236212553 9.829824531467901 0.8000000000000007
      vertex 7.713451316238471 9.192533317427737 28
    endloop
  endfacet
  facet normal -0.6087614290087211 -0.7933533402912347 0
    outer loop
      vertex 7.713451316238471 9.192533317427737 28
      vertex 7.397312366023097 9.43511526587933 8
      vertex 7.713451316238471 9.192533317427737 8
    endloop
  endfacet
  facet normal -0.6755902076156601 -0.7372773368101242 0
    outer loop
      vertex 7.713451316238471 9.192533317427737 28
      vertex 7.713451316238471 9.192533317427737 8
      vertex 8.005008906201201 8.925370008723498 8
    endloop
  endfacet
  facet normal -0.7372773368101253 -0.6755902076156589 0
    outer loop
      vertex 8.485281374238571 8.485281374238571 28
      vertex 8.485281374238571 8.485281374238571 0.8000000000000007
      vertex 9.192533317427737 7.713451316238471 28
    endloop
  endfacet
  facet normal -0.7933533402912353 -0.6087614290087204 0
    outer loop
      vertex 9.192533317427737 7.713451316238471 28
      vertex 9.192533317427737 7.713451316238471 0.8000000000000007
      vertex 9.829824531467901 6.882917236212553 28
    endloop
  endfacet
  facet normal -0.8433914458128853 -0.5372996083468246 0
    outer loop
      vertex 9.829824531467901 6.882917236212553 28
      vertex 9.829824531467901 6.882917236212553 0.8000000000000007
      vertex 10.392304845413264 6 28
    endloop
  endfacet
  facet normal -0.8870108331782222 -0.46174861323503313 0
    outer loop
      vertex 10.392304845413264 6 28
      vertex 10.392304845413264 6 0.8000000000000007
      vertex 10.875693444439799 5.071419140888393 28
    endloop
  endfacet
  facet normal -0.9238795325112863 -0.3826834323650909 0
    outer loop
      vertex 10.875693444439799 5.071419140888393 28
      vertex 10.875693444439799 5.071419140888393 0.8000000000000007
      vertex 11.276311449430901 4.104241719908025 28
    endloop
  endfacet
  facet normal -0.9537169507482269 -0.30070579950427323 0
    outer loop
      vertex 11.276311449430901 4.104241719908025 28
      vertex 11.276311449430901 4.104241719908025 0.8000000000000007
      vertex 11.59110991546882 3.105828541230249 28
    endloop
  endfacet
  facet normal -0.9762960071199337 -0.2164396139381014 0
    outer loop
      vertex 11.59110991546882 3.105828541230249 28
      vertex 11.59110991546882 3.105828541230249 0.8000000000000007
      vertex 11.817693036146496 2.083778132003164 28
    endloop
  endfacet
  facet normal -0.9914448613738102 -0.13052619222005346 0
    outer loop
      vertex 11.817693036146496 2.083778132003164 28
      vertex 11.817693036146496 2.083778132003164 0.8000000000000007
      vertex 11.954336377100947 1.045868912971898 28
    endloop
  endfacet
  facet normal -0.9990482215818578 -0.04361938736533501 0
    outer loop
      vertex 11.954336377100947 1.045868912971898 28
      vertex 11.954336377100947 1.045868912971898 0.8000000000000007
      vertex 12 0 28
    endloop
  endfacet
  facet normal -0.9990482215818578 0.04361938736533501 4.032954909502786e-20
    outer loop
      vertex 11.954336377100947 -1.045868912971898 28
      vertex 12 0 28
      vertex 12 0 0.8000000000000007
    endloop
  endfacet
  facet normal -0.9914448613738102 0.13052619222005346 0
    outer loop
      vertex 11.954336377100947 -1.045868912971898 28
      vertex 11.954336377100947 -1.045868912971898 0.8000000000000007
      vertex 11.817693036146496 -2.083778132003164 28
    endloop
  endfacet
  facet normal -0.9762960071199337 0.2164396139381014 0
    outer loop
      vertex 11.817693036146496 -2.083778132003164 28
      vertex 11.817693036146496 -2.083778132003164 0.8000000000000007
      vertex 11.59110991546882 -3.105828541230249 28
    endloop
  endfacet
  facet normal -0.9537169507482269 0.30070579950427323 0
    outer loop
      vertex 11.59110991546882 -3.105828541230249 28
      vertex 11.59110991546882 -3.105828541230249 0.8000000000000007
      vertex 11.276311449430901 -4.104241719908025 28
    endloop
  endfacet
  facet normal -0.6087614290087198 -0.7933533402912358 -3.7091594610234444e-17
    outer loop
      vertex 7.713451316238471 9.192533317427737 28
      vertex 6.882917236212553 9.829824531467901 0.8000000000000007
      vertex 7.397312366023097 9.43511526587933 8
    endloop
  endfacet
  facet normal -0.04361938736533501 -0.9990482215818578 0
    outer loop
      vertex 1.045868912971898 11.954336377100947 28
      vertex 0 12 0.8000000000000007
      vertex 1.045868912971898 11.954336377100947 0.8000000000000007
    endloop
  endfacet
  facet normal -0.13052619222005346 -0.9914448613738102 0
    outer loop
      vertex 2.083778132003164 11.817693036146496 28
      vertex 1.045868912971898 11.954336377100947 0.8000000000000007
      vertex 2.083778132003164 11.817693036146496 0.8000000000000007
    endloop
  endfacet
  facet normal -0.2164396139381014 -0.9762960071199337 0
    outer loop
      vertex 3.105828541230249 11.59110991546882 28
      vertex 2.083778132003164 11.817693036146496 0.8000000000000007
      vertex 3.105828541230249 11.59110991546882 0.8000000000000007
    endloop
  endfacet
  facet normal -0.30070579950427323 -0.9537169507482269 0
    outer loop
      vertex 4.104241719908025 11.276311449430901 28
      vertex 3.105828541230249 11.59110991546882 0.8000000000000007
      vertex 4.104241719908025 11.276311449430901 0.8000000000000007
    endloop
  endfacet
  facet normal -0.3826834323650909 -0.9238795325112863 0
    outer loop
      vertex 5.071419140888393 10.875693444439799 28
      vertex 4.104241719908025 11.276311449430901 0.8000000000000007
      vertex 5.071419140888393 10.875693444439799 0.8000000000000007
    endloop
  endfacet
  facet normal -0.46174861323503313 -0.8870108331782222 0
    outer loop
      vertex 6 10.392304845413264 28
      vertex 5.071419140888393 10.875693444439799 0.8000000000000007
      vertex 6 10.392304845413264 0.8000000000000007
    endloop
  endfacet
  facet normal -0.5372996083468246 -0.8433914458128853 0
    outer loop
      vertex 6.882917236212553 9.829824531467901 28
      vertex 6 10.392304845413264 0.8000000000000007
      vertex 6.882917236212553 9.829824531467901 0.8000000000000007
    endloop
  endfacet
  facet normal -0.6755902076156582 -0.737277336810126 1.3328271240526884e-18
    outer loop
      vertex 8.485281374238571 8.485281374238571 28
      vertex 8.005008906201201 8.925370008723498 8
      vertex 8.005008906201201 8.925370008723498 0.8000000000000007
    endloop
  endfacet
  facet normal -0.6755902076156581 -0.737277336810126 0
    outer loop
      vertex 8.485281374238571 8.485281374238571 28
      vertex 8.005008906201201 8.925370008723498 0.8000000000000007
      vertex 8.485281374238571 8.485281374238571 0.8000000000000007
    endloop
  endfacet
  facet normal -0.60876142900872 -0.7933533402912357 -1.5208609711310346e-18
    outer loop
      vertex 6.882917236212553 9.829824531467901 0.8000000000000007
      vertex 7.397312366023097 9.43511526587933 0.8000000000000007
      vertex 7.397312366023097 9.43511526587933 8
    endloop
  endfacet
  facet normal -0.7372773368101253 -0.6755902076156589 0
    outer loop
      vertex 9.192533317427737 7.713451316238471 28
      vertex 8.485281374238571 8.485281374238571 0.8000000000000007
      vertex 9.192533317427737 7.713451316238471 0.8000000000000007
    endloop
  endfacet
  facet normal -0.7933533402912353 -0.6087614290087204 0
    outer loop
      vertex 9.829824531467901 6.882917236212553 28
      vertex 9.192533317427737 7.713451316238471 0.8000000000000007
      vertex 9.829824531467901 6.882917236212553 0.8000000000000007
    endloop
  endfacet
  facet normal -0.8433914458128853 -0.5372996083468246 0
    outer loop
      vertex 10.392304845413264 6 28
      vertex 9.829824531467901 6.882917236212553 0.8000000000000007
      vertex 10.392304845413264 6 0.8000000000000007
    endloop
  endfacet
  facet normal -0.8870108331782222 -0.46174861323503313 0
    outer loop
      vertex 10.875693444439799 5.071419140888393 28
      vertex 10.392304845413264 6 0.8000000000000007
      vertex 10.875693444439799 5.071419140888393 0.8000000000000007
    endloop
  endfacet
  facet normal -0.9238795325112863 -0.3826834323650909 0
    outer loop
      vertex 11.276311449430901 4.104241719908025 28
      vertex 10.875693444439799 5.071419140888393 0.8000000000000007
      vertex 11.276311449430901 4.104241719908025 0.8000000000000007
    endloop
  endfacet
  facet normal -0.9537169507482269 -0.30070579950427323 0
    outer loop
      vertex 11.59110991546882 3.105828541230249 28
      vertex 11.276311449430901 4.104241719908025 0.8000000000000007
      vertex 11.59110991546882 3.105828541230249 0.8000000000000007
    endloop
  endfacet
  facet normal -0.9762960071199337 -0.2164396139381014 0
    outer loop
      vertex 11.817693036146496 2.083778132003164 28
      vertex 11.59110991546882 3.105828541230249 0.8000000000000007
      vertex 11.817693036146496 2.083778132003164 0.8000000000000007
    endloop
  endfacet
  facet normal -0.9914448613738102 -0.13052619222005346 0
    outer loop
      vertex 11.954336377100947 1.045868912971898 28
      vertex 11.817693036146496 2.083778132003164 0.8000000000000007
      vertex 11.954336377100947 1.045868912971898 0.8000000000000007
    endloop
  endfacet
  facet normal -0.9990482215818578 -0.04361938736533501 0
    outer loop
      vertex 12 0 28
      vertex 11.954336377100947 1.045868912971898 0.8000000000000007
      vertex 12 0 0.8000000000000007
    endloop
  endfacet
  facet normal -0.9990482215818578 0.04361938736533501 0
    outer loop
      vertex 11.954336377100947 -1.045868912971898 28
      vertex 12 0 0.8000000000000007
      vertex 11.954336377100947 -1.045868912971898 0.8000000000000007
    endloop
  endfacet
  facet normal -0.9914448613738102 0.13052619222005346 0
    outer loop
      vertex 11.817693036146496 -2.083778132003164 28
      vertex 11.954336377100947 -1.045868912971898 0.8000000000000007
      vertex 11.817693036146496 -2.083778132003164 0.8000000000000007
    endloop
  endfacet
  facet normal -0.9762960071199337 0.2164396139381014 0
    outer loop
      vertex 11.59110991546882 -3.105828541230249 28
      vertex 11.817693036146496 -2.083778132003164 0.8000000000000007
      vertex 11.59110991546882 -3.105828541230249 0.8000000000000007
    endloop
  endfacet
  facet normal -0.9537169507482269 0.30070579950427323 -6.106296515505907e-19
    outer loop
      vertex 11.59110991546882 -3.105828541230249 0.8000000000000007
      vertex 11.276311449430901 -4.104241719908025 0.8000000000000007
      vertex 11.276311449430901 -4.104241719908025 28
    endloop
  endfacet
  facet normal -0.04361938736533501 0.9990482215818578 5.490308985909698e-20
    outer loop
      vertex 0 -12 28
      vertex 1.045868912971898 -11.954336377100947 28
      vertex 1.045868912971898 -11.954336377100947 8.02
    endloop
  endfacet
  facet normal -0.13052619222005346 0.9914448613738102 2.0067558190359207e-19
    outer loop
      vertex 1.045868912971898 -11.954336377100947 28
      vertex 2.083778132003164 -11.817693036146496 28
      vertex 2.083778132003164 -11.817693036146496 8.02
    endloop
  endfacet
  facet normal -0.2164396139381014 0.9762960071199337 0
    outer loop
      vertex 3.105828541230249 -11.59110991546882 28
      vertex 3.105828541230249 -11.59110991546882 8.02
      vertex 2.083778132003164 -11.817693036146496 28
    endloop
  endfacet
  facet normal -0.30070579950427323 0.9537169507482268 -8.312876137225259e-19
    outer loop
      vertex 3.105828541230249 -11.59110991546882 28
      vertex 4.104241719908025 -11.276311449430901 28
      vertex 4.104241719908025 -11.276311449430901 8.02
    endloop
  endfacet
  facet normal -0.5372996083468246 0.8433914458128853 0
    outer loop
      vertex 6.882917236212553 -9.829824531467901 28
      vertex 6.882917236212553 -9.829824531467901 0.8000000000000007
      vertex 6 -10.392304845413264 28
    endloop
  endfacet
  facet normal -0.6087614290087204 0.7933533402912353 1.3630852281071862e-18
    outer loop
      vertex 6.882917236212553 -9.829824531467901 28
      vertex 7.713451316238471 -9.192533317427737 28
      vertex 7.713451316238471 -9.192533317427737 0.8000000000000007
    endloop
  endfacet
  facet normal -0.38268343236509084 0.9238795325112864 -1.5034717490984065e-17
    outer loop
      vertex 4.104241719908025 -11.276311449430901 28
      vertex 5.071419140888393 -10.875693444439799 28
      vertex 5 -10.905276221208807 1.3499999999999979
    endloop
  endfacet
  facet normal -0.46174861323503313 0.8870108331782222 -8.970698126123954e-19
    outer loop
      vertex 5.071419140888393 -10.875693444439799 28
      vertex 6 -10.392304845413264 28
      vertex 6 -10.392304845413264 0.8000000000000007
    endloop
  endfacet
  facet normal -0.04361938736533501 0.9990482215818578 0
    outer loop
      vertex 0 -12 28
      vertex 1.045868912971898 -11.954336377100947 8.02
      vertex 0 -12 8.02
    endloop
  endfacet
  facet normal -0.13052619222005346 0.9914448613738102 0
    outer loop
      vertex 1.045868912971898 -11.954336377100947 28
      vertex 2.083778132003164 -11.817693036146496 8.02
      vertex 1.045868912971898 -11.954336377100947 8.02
    endloop
  endfacet
  facet normal -0.2164396139381014 0.9762960071199337 0
    outer loop
      vertex 2.083778132003164 -11.817693036146496 28
      vertex 3.105828541230249 -11.59110991546882 8.02
      vertex 2.083778132003164 -11.817693036146496 8.02
    endloop
  endfacet
  facet normal -0.30070579950427323 0.9537169507482268 0
    outer loop
      vertex 3.105828541230249 -11.59110991546882 28
      vertex 4.104241719908025 -11.276311449430901 8.02
      vertex 3.105828541230249 -11.59110991546882 8.02
    endloop
  endfacet
  facet normal -0.3826834323650864 0.9238795325112882 0
    outer loop
      vertex 4.104241719908025 -11.276311449430901 28
      vertex 4.25 -11.21593639298863 8.02
      vertex 4.104241719908025 -11.276311449430901 8.02
    endloop
  endfacet
  facet normal -0.8870108331782222 0.46174861323503313 0
    outer loop
      vertex 10.875693444439799 -5.071419140888393 28
      vertex 10.875693444439799 -5.071419140888393 0.8000000000000007
      vertex 10.392304845413264 -6 28
    endloop
  endfacet
  facet normal -0.9238795325112863 0.3826834323650909 5.999695473274422e-19
    outer loop
      vertex 10.875693444439799 -5.071419140888393 28
      vertex 11.276311449430901 -4.104241719908025 28
      vertex 11.276311449430901 -4.104241719908025 0.8000000000000007
    endloop
  endfacet
  facet normal -0.8433914458128853 0.5372996083468246 -3.1855522188625937e-19
    outer loop
      vertex 9.829824531467901 -6.882917236212553 28
      vertex 10.392304845413264 -6 28
      vertex 10.392304845413264 -6 0.8000000000000007
    endloop
  endfacet
  facet normal -0.7372773368101253 0.6755902076156589 1.1877376980888064e-18
    outer loop
      vertex 8.485281374238571 -8.485281374238571 28
      vertex 9.192533317427737 -7.713451316238471 28
      vertex 9.192533317427737 -7.713451316238471 0.8000000000000007
    endloop
  endfacet
  facet normal -0.7933533402912353 0.6087614290087204 0
    outer loop
      vertex 9.829824531467901 -6.882917236212553 28
      vertex 9.829824531467901 -6.882917236212553 0.8000000000000007
      vertex 9.192533317427737 -7.713451316238471 28
    endloop
  endfacet
  facet normal -0.6755902076156589 0.7372773368101253 1.1877376980888064e-18
    outer loop
      vertex 7.713451316238471 -9.192533317427737 28
      vertex 8.485281374238571 -8.485281374238571 28
      vertex 8.485281374238571 -8.485281374238571 0.8000000000000007
    endloop
  endfacet
  facet normal -0.5372996083468246 0.8433914458128853 0
    outer loop
      vertex 6 -10.392304845413264 28
      vertex 6.882917236212553 -9.829824531467901 0.8000000000000007
      vertex 6 -10.392304845413264 0.8000000000000007
    endloop
  endfacet
  facet normal -0.6755902076156589 0.7372773368101253 0
    outer loop
      vertex 7.713451316238471 -9.192533317427737 28
      vertex 8.485281374238571 -8.485281374238571 0.8000000000000007
      vertex 7.713451316238471 -9.192533317427737 0.8000000000000007
    endloop
  endfacet
  facet normal -0.6087614290087204 0.7933533402912353 0
    outer loop
      vertex 6.882917236212553 -9.829824531467901 28
      vertex 7.713451316238471 -9.192533317427737 0.8000000000000007
      vertex 6.882917236212553 -9.829824531467901 0.8000000000000007
    endloop
  endfacet
  facet normal -0.38268343236509156 0.923879532511286 -4.4947517709128837e-17
    outer loop
      vertex 4.104241719908025 -11.276311449430901 28
      vertex 5 -10.905276221208807 1.3499999999999979
      vertex 4.25 -11.21593639298863 8.02
    endloop
  endfacet
  facet normal -0.3826834323650954 0.9238795325112843 0
    outer loop
      vertex 5.071419140888393 -10.875693444439799 28
      vertex 5.071419140888393 -10.875693444439799 0.8000000000000007
      vertex 5 -10.905276221208807 1.3499999999999979
    endloop
  endfacet
  facet normal -0.46174861323503313 0.8870108331782222 0
    outer loop
      vertex 5.071419140888393 -10.875693444439799 28
      vertex 6 -10.392304845413264 0.8000000000000007
      vertex 5.071419140888393 -10.875693444439799 0.8000000000000007
    endloop
  endfacet
  facet normal -0.9238795325112863 0.3826834323650909 0
    outer loop
      vertex 10.875693444439799 -5.071419140888393 28
      vertex 11.276311449430901 -4.104241719908025 0.8000000000000007
      vertex 10.875693444439799 -5.071419140888393 0.8000000000000007
    endloop
  endfacet
  facet normal -0.8870108331782222 0.46174861323503313 0
    outer loop
      vertex 10.392304845413264 -6 28
      vertex 10.875693444439799 -5.071419140888393 0.8000000000000007
      vertex 10.392304845413264 -6 0.8000000000000007
    endloop
  endfacet
  facet normal -0.8433914458128853 0.5372996083468246 0
    outer loop
      vertex 9.829824531467901 -6.882917236212553 28
      vertex 10.392304845413264 -6 0.8000000000000007
      vertex 9.829824531467901 -6.882917236212553 0.8000000000000007
    endloop
  endfacet
  facet normal -0.7372773368101253 0.6755902076156589 0
    outer loop
      vertex 8.485281374238571 -8.485281374238571 28
      vertex 9.192533317427737 -7.713451316238471 0.8000000000000007
      vertex 8.485281374238571 -8.485281374238571 0.8000000000000007
    endloop
  endfacet
  facet normal -0.7933533402912353 0.6087614290087204 0
    outer loop
      vertex 9.192533317427737 -7.713451316238471 28
      vertex 9.829824531467901 -6.882917236212553 0.8000000000000007
      vertex 9.192533317427737 -7.713451316238471 0.8000000000000007
    endloop
  endfacet
  facet normal -0.3826834323650914 0.9238795325112862 0
    outer loop
      vertex 4.25 -11.21593639298863 8.02
      vertex 5 -10.905276221208807 1.3499999999999979
      vertex 4.25 -11.21593639298863 1.3499999999999979
    endloop
  endfacet
  facet normal -0.3826834323650954 0.9238795325112845 0
    outer loop
      vertex 5 -10.905276221208807 1.3499999999999979
      vertex 5.071419140888393 -10.875693444439799 0.8000000000000007
      vertex 5 -10.905276221208807 0.8000000000000007
    endloop
  endfacet
  facet normal 0 0 1
    outer loop
      vertex -7.948565417155461 8.868926519677757 8
      vertex -7.713451316238471 9.192533317427737 8
      vertex -8.005008906201201 8.925370008723498 8
    endloop
  endfacet
  facet normal 0 0 1
    outer loop
      vertex -7.948565417155461 8.868926519677757 8
      vertex -7.83705811398845 8.812110710909675 8
      vertex -7.713451316238471 9.192533317427737 8
    endloop
  endfacet
  facet normal 0 0 1
    outer loop
      vertex -7.83705811398845 8.812110710909675 8
      vertex -7.713451316238471 8.792533317427736 8
      vertex -7.713451316238471 9.192533317427737 8
    endloop
  endfacet
  facet normal 0 0 1
    outer loop
      vertex -7.589844518488492 8.812110710909675 8
      vertex -7.397312366023097 9.43511526587933 8
      vertex -7.713451316238471 9.192533317427737 8
    endloop
  endfacet
  facet normal 0 0 1
    outer loop
      vertex -7.713451316238471 8.792533317427736 8
      vertex -7.589844518488492 8.812110710909675 8
      vertex -7.713451316238471 9.192533317427737 8
    endloop
  endfacet
  facet normal 0 0 1
    outer loop
      vertex -7.389844518488492 9.427647418344726 8
      vertex -7.397312366023097 9.43511526587933 8
      vertex -7.389844518488492 8.957419216510747 8
    endloop
  endfacet
  facet normal 0 0 1
    outer loop
      vertex -7.389844518488492 8.957419216510747 8
      vertex -7.397312366023097 9.43511526587933 8
      vertex -7.478337215321481 8.868926519677757 8
    endloop
  endfacet
  facet normal 0 0 1
    outer loop
      vertex -7.389844518488492 9.427647418344726 8
      vertex -7.333028709720409 9.068926519677758 8
      vertex -7.333028709720409 9.316140115177715 8
    endloop
  endfacet
  facet normal 0 0 1
    outer loop
      vertex -7.333028709720409 9.316140115177715 8
      vertex -7.333028709720409 9.068926519677758 8
      vertex -7.313451316238471 9.192533317427737 8
    endloop
  endfacet
  facet normal 0 0 1
    outer loop
      vertex -7.389844518488492 9.427647418344726 8
      vertex -7.389844518488492 8.957419216510747 8
      vertex -7.333028709720409 9.068926519677758 8
    endloop
  endfacet
  facet normal 0 0 1
    outer loop
      vertex -7.478337215321481 8.868926519677757 8
      vertex -7.397312366023097 9.43511526587933 8
      vertex -7.589844518488492 8.812110710909675 8
    endloop
  endfacet
  facet normal 0 0 -1
    outer loop
      vertex -8.093873922756533 9.316140115177715 0
      vertex -8.039777080108674 9.422311146873064 0
      vertex -8.037585180230295 9.424319653061946 0
    endloop
  endfacet
  facet normal -0.8910065241883716 0.4539904997395395 0
    outer loop
      vertex -8.093873922756533 9.316140115177715 0
      vertex -8.093873922756533 9.316140115177715 0.08562840586344933
      vertex -8.039777080108674 9.422311146873064 0
    endloop
  endfacet
  facet normal 0 0 -1
    outer loop
      vertex -8.03705811398845 8.957419216510747 0
      vertex -8.03705811398845 9.424802620290121 0
      vertex -7.950835833113783 9.501805272981917 0
    endloop
  endfacet
  facet normal 0 0 -1
    outer loop
      vertex -8.093873922756533 9.068926519677758 0
      vertex -8.037585180230295 9.424319653061946 0
      vertex -8.03705811398845 9.424802620290121 0
    endloop
  endfacet
  facet normal -0.9876883405951378 -0.1564344650402311 0
    outer loop
      vertex -8.093873922756533 9.068926519677758 0
      vertex -8.093873922756533 9.068926519677758 0.45962758190020736
      vertex -8.113451316238471 9.192533317427737 0.24548825744599156
    endloop
  endfacet
  facet normal -0.8910065241883702 -0.4539904997395421 0
    outer loop
      vertex -8.03705811398845 8.957419216510747 0
      vertex -8.03705811398845 8.957419216510747 0.7070849301521172
      vertex -8.093873922756533 9.068926519677758 0.45962758190020736
    endloop
  endfacet
  facet normal -0.7071067811865476 -0.7071067811865476 0
    outer loop
      vertex -8.03705811398845 8.957419216510747 0
      vertex -7.948565417155461 8.868926519677757 0
      vertex -8.03705811398845 8.957419216510747 0.7070849301521172
    endloop
  endfacet
  facet normal -0.9876883405951377 0.15643446504023106 0
    outer loop
      vertex -8.113451316238471 9.192533317427737 0
      vertex -8.113451316238471 9.192533317427737 0.24548825744599156
      vertex -8.093873922756533 9.316140115177715 0.08562840586344933
    endloop
  endfacet
  facet normal -0.9876883405951377 0.15643446504023106 0
    outer loop
      vertex -8.093873922756533 9.316140115177715 0
      vertex -8.113451316238471 9.192533317427737 0
      vertex -8.093873922756533 9.316140115177715 0.08562840586344933
    endloop
  endfacet
  facet normal 0 0 -1
    outer loop
      vertex -8.093873922756533 9.316140115177715 0
      vertex -8.037585180230295 9.424319653061946 0
      vertex -8.093873922756533 9.068926519677758 0
    endloop
  endfacet
  facet normal 0 0 -1
    outer loop
      vertex -8.093873922756533 9.316140115177715 0
      vertex -8.093873922756533 9.068926519677758 0
      vertex -8.113451316238471 9.192533317427737 0
    endloop
  endfacet
  facet normal -0.9876883405951377 -0.15643446504023106 0
    outer loop
      vertex -8.113451316238471 9.192533317427737 0
      vertex -8.093873922756533 9.068926519677758 0
      vertex -8.113451316238471 9.192533317427737 0.24548825744599156
    endloop
  endfacet
  facet normal 0 0 -1
    outer loop
      vertex -8.093873922756533 9.068926519677758 0
      vertex -8.03705811398845 9.424802620290121 0
      vertex -8.03705811398845 8.957419216510747 0
    endloop
  endfacet
  facet normal -0.8910065241883702 -0.4539904997395421 0
    outer loop
      vertex -8.093873922756533 9.068926519677758 0
      vertex -8.03705811398845 8.957419216510747 0
      vertex -8.093873922756533 9.068926519677758 0.45962758190020736
    endloop
  endfacet
  facet normal 0.7071067811865476 0.7071067811865476 -1.0403488429558221e-20
    outer loop
      vertex -7.389844518488492 9.427647418344726 8
      vertex -7.397312366023097 9.43511526587933 0.8000000000000007
      vertex -7.397312366023097 9.43511526587933 8
    endloop
  endfacet
  facet normal 0.8910065241883673 0.4539904997395477 0
    outer loop
      vertex -7.389844518488492 9.427647418344726 8
      vertex -7.333028709720409 9.316140115177715 8
      vertex -7.389844518488492 9.427647418344726 0
    endloop
  endfacet
  facet normal -0.7071067811865475 -0.7071067811865475 0
    outer loop
      vertex -7.948565417155461 8.868926519677757 8
      vertex -8.005008906201201 8.925370008723498 8
      vertex -7.948565417155461 8.868926519677757 0
    endloop
  endfacet
  facet normal -0.45399049973954214 -0.8910065241883703 0
    outer loop
      vertex -7.948565417155461 8.868926519677757 8
      vertex -7.948565417155461 8.868926519677757 0
      vertex -7.83705811398845 8.812110710909675 8
    endloop
  endfacet
  facet normal -0.15643446504023106 -0.9876883405951377 0
    outer loop
      vertex -7.83705811398845 8.812110710909675 8
      vertex -7.83705811398845 8.812110710909675 0
      vertex -7.713451316238471 8.792533317427736 8
    endloop
  endfacet
  facet normal 0.15643446504023106 -0.9876883405951377 0
    outer loop
      vertex -7.713451316238471 8.792533317427736 8
      vertex -7.713451316238471 8.792533317427736 0
      vertex -7.589844518488492 8.812110710909675 8
    endloop
  endfacet
  facet normal 0.45399049973954214 -0.8910065241883703 3.6200233448142723e-19
    outer loop
      vertex -7.478337215321481 8.868926519677757 8
      vertex -7.589844518488492 8.812110710909675 8
      vertex -7.589844518488492 8.812110710909675 0
    endloop
  endfacet
  facet normal 0.9876883405951377 0.15643446504023106 0
    outer loop
      vertex -7.333028709720409 9.316140115177715 8
      vertex -7.313451316238471 9.192533317427737 8
      vertex -7.333028709720409 9.316140115177715 0
    endloop
  endfacet
  facet normal 0.9876883405951377 -0.15643446504023106 0
    outer loop
      vertex -7.313451316238471 9.192533317427737 8
      vertex -7.333028709720409 9.068926519677758 8
      vertex -7.313451316238471 9.192533317427737 0
    endloop
  endfacet
  facet normal 0.707106781186551 -0.7071067811865439 0
    outer loop
      vertex -7.389844518488492 8.957419216510747 8
      vertex -7.478337215321481 8.868926519677757 8
      vertex -7.389844518488492 8.957419216510747 0
    endloop
  endfacet
  facet normal 0.8910065241883673 -0.4539904997395477 0
    outer loop
      vertex -7.333028709720409 9.068926519677758 8
      vertex -7.389844518488492 8.957419216510747 8
      vertex -7.333028709720409 9.068926519677758 0
    endloop
  endfacet
  facet normal 0.7071067811865475 0.7071067811865475 0
    outer loop
      vertex -7.389844518488492 9.427647418344726 8
      vertex -7.389844518488492 9.427647418344726 0
      vertex -7.397312366023097 9.43511526587933 0.8000000000000007
    endloop
  endfacet
  facet normal 0.8910065241883673 0.4539904997395477 0
    outer loop
      vertex -7.333028709720409 9.316140115177715 8
      vertex -7.333028709720409 9.316140115177715 0
      vertex -7.389844518488492 9.427647418344726 0
    endloop
  endfacet
  facet normal -0.7071067811865475 -0.7071067811865475 -1.0843158312162085e-19
    outer loop
      vertex -7.948565417155461 8.868926519677757 0
      vertex -8.005008906201201 8.925370008723498 8
      vertex -8.005008906201201 8.925370008723498 0.8000000000000007
    endloop
  endfacet
  facet normal -0.45399049973954214 -0.8910065241883703 0
    outer loop
      vertex -7.83705811398845 8.812110710909675 8
      vertex -7.948565417155461 8.868926519677757 0
      vertex -7.83705811398845 8.812110710909675 0
    endloop
  endfacet
  facet normal -0.15643446504023106 -0.9876883405951377 0
    outer loop
      vertex -7.713451316238471 8.792533317427736 8
      vertex -7.83705811398845 8.812110710909675 0
      vertex -7.713451316238471 8.792533317427736 0
    endloop
  endfacet
  facet normal 0.15643446504023106 -0.9876883405951377 0
    outer loop
      vertex -7.589844518488492 8.812110710909675 8
      vertex -7.713451316238471 8.792533317427736 0
      vertex -7.589844518488492 8.812110710909675 0
    endloop
  endfacet
  facet normal 0.45399049973954214 -0.8910065241883703 0
    outer loop
      vertex -7.478337215321481 8.868926519677757 8
      vertex -7.589844518488492 8.812110710909675 0
      vertex -7.478337215321481 8.868926519677757 0
    endloop
  endfacet
  facet normal 0.9876883405951377 0.15643446504023106 6.347857704671907e-21
    outer loop
      vertex -7.333028709720409 9.316140115177715 0
      vertex -7.313451316238471 9.192533317427737 8
      vertex -7.313451316238471 9.192533317427737 0
    endloop
  endfacet
  facet normal 0.9876883405951377 -0.15643446504023106 0
    outer loop
      vertex -7.333028709720409 9.068926519677758 8
      vertex -7.333028709720409 9.068926519677758 0
      vertex -7.313451316238471 9.192533317427737 0
    endloop
  endfacet
  facet normal 0.707106781186551 -0.7071067811865439 0
    outer loop
      vertex -7.478337215321481 8.868926519677757 8
      vertex -7.478337215321481 8.868926519677757 0
      vertex -7.389844518488492 8.957419216510747 0
    endloop
  endfacet
  facet normal 0.8910065241883673 -0.4539904997395477 0
    outer loop
      vertex -7.389844518488492 8.957419216510747 8
      vertex -7.389844518488492 8.957419216510747 0
      vertex -7.333028709720409 9.068926519677758 0
    endloop
  endfacet
  facet normal 0.7071067811865511 0.7071067811865438 7.029542673730901e-17
    outer loop
      vertex -7.389844518488492 9.427647418344726 0
      vertex -7.478337215321481 9.516140115177716 0.5668855440346405
      vertex -7.397312366023097 9.43511526587933 0.8000000000000007
    endloop
  endfacet
  facet normal 0.45399049973954203 0.8910065241883702 0
    outer loop
      vertex -7.478337215321481 9.516140115177716 0
      vertex -7.589844518488492 9.572955923945798 0.33510440813060427
      vertex -7.478337215321481 9.516140115177716 0.5668855440346405
    endloop
  endfacet
  facet normal -0.1564344650402311 0.9876883405951377 0
    outer loop
      vertex -7.713451316238471 9.592533317427737 0
      vertex -7.83705811398845 9.572955923945798 0.026297584042840327
      vertex -7.713451316238471 9.592533317427737 0.14883049187680086
    endloop
  endfacet
  facet normal -0.1564344650402311 0.9876883405951378 -1.931084678906129e-18
    outer loop
      vertex -7.713451316238471 9.592533317427737 0
      vertex -7.83705811398845 9.572955923945798 0
      vertex -7.83705811398845 9.572955923945798 0.026297584042840327
    endloop
  endfacet
  facet normal -0.45399049973954525 0.8910065241883687 0
    outer loop
      vertex -7.83705811398845 9.572955923945798 0
      vertex -7.899718964061869 9.541028626146437 0
      vertex -7.83705811398845 9.572955923945798 0.026297584042840327
    endloop
  endfacet
  facet normal 0 0 -1
    outer loop
      vertex -7.963556979344609 9.501148552988568 0
      vertex -7.950835833113783 9.501805272981917 0
      vertex -8.03705811398845 9.424802620290121 0
    endloop
  endfacet
  facet normal 0 0 -1
    outer loop
      vertex -7.963556979344609 9.501148552988568 0
      vertex -8.03705811398845 9.424802620290121 0
      vertex -7.965073603582489 9.499631928750688 0
    endloop
  endfacet
  facet normal 0 0 -1
    outer loop
      vertex -7.83705811398845 9.572955923945798 0
      vertex -7.948565417155461 8.868926519677757 0
      vertex -7.899718964061869 9.541028626146437 0
    endloop
  endfacet
  facet normal 0 0 -1
    outer loop
      vertex -7.948565417155461 8.868926519677757 0
      vertex -7.950835833113783 9.501805272981917 0
      vertex -7.899718964061869 9.541028626146437 0
    endloop
  endfacet
  facet normal 0 0 -1
    outer loop
      vertex -7.713451316238471 9.592533317427737 0
      vertex -7.83705811398845 8.812110710909675 0
      vertex -7.83705811398845 9.572955923945798 0
    endloop
  endfacet
  facet normal 0.15643446504023106 0.9876883405951377 0
    outer loop
      vertex -7.589844518488492 9.572955923945798 0
      vertex -7.713451316238471 9.592533317427737 0.14883049187680086
      vertex -7.589844518488492 9.572955923945798 0.33510440813060427
    endloop
  endfacet
  facet normal 0.45399049973954203 0.8910065241883702 0
    outer loop
      vertex -7.589844518488492 9.572955923945798 0
      vertex -7.589844518488492 9.572955923945798 0.33510440813060427
      vertex -7.478337215321481 9.516140115177716 0
    endloop
  endfacet
  facet normal 0.1564344650402311 0.9876883405951377 0
    outer loop
      vertex -7.713451316238471 9.592533317427737 0
      vertex -7.713451316238471 9.592533317427737 0.14883049187680086
      vertex -7.589844518488492 9.572955923945798 0
    endloop
  endfacet
  facet normal 0 0 -1
    outer loop
      vertex -7.713451316238471 9.592533317427737 0
      vertex -7.589844518488492 9.572955923945798 0
      vertex -7.713451316238471 8.792533317427736 0
    endloop
  endfacet
  facet normal 0 0 -1
    outer loop
      vertex -7.589844518488492 9.572955923945798 0
      vertex -7.478337215321481 9.516140115177716 0
      vertex -7.589844518488492 8.812110710909675 0
    endloop
  endfacet
  facet normal 0.7071067811865511 0.7071067811865439 0
    outer loop
      vertex -7.478337215321481 9.516140115177716 0
      vertex -7.478337215321481 9.516140115177716 0.5668855440346405
      vertex -7.389844518488492 9.427647418344726 0
    endloop
  endfacet
  facet normal -0.7071067811865476 -0.7071067811865475 -1.422662413017853e-18
    outer loop
      vertex -7.948565417155461 8.868926519677757 0
      vertex -8.005008906201201 8.925370008723498 0.8000000000000007
      vertex -8.03705811398845 8.957419216510747 0.7070849301521172
    endloop
  endfacet
  facet normal 0 0 -1
    outer loop
      vertex -8.03705811398845 8.957419216510747 0
      vertex -7.950835833113783 9.501805272981917 0
      vertex -7.948565417155461 8.868926519677757 0
    endloop
  endfacet
  facet normal 0 0 -1
    outer loop
      vertex -7.83705811398845 9.572955923945798 0
      vertex -7.83705811398845 8.812110710909675 0
      vertex -7.948565417155461 8.868926519677757 0
    endloop
  endfacet
  facet normal 0 0 -1
    outer loop
      vertex -7.713451316238471 9.592533317427737 0
      vertex -7.713451316238471 8.792533317427736 0
      vertex -7.83705811398845 8.812110710909675 0
    endloop
  endfacet
  facet normal 0 0 -1
    outer loop
      vertex -7.589844518488492 9.572955923945798 0
      vertex -7.589844518488492 8.812110710909675 0
      vertex -7.713451316238471 8.792533317427736 0
    endloop
  endfacet
  facet normal 0 0 -1
    outer loop
      vertex -7.478337215321481 9.516140115177716 0
      vertex -7.478337215321481 8.868926519677757 0
      vertex -7.589844518488492 8.812110710909675 0
    endloop
  endfacet
  facet normal 0 0 -1
    outer loop
      vertex -7.478337215321481 9.516140115177716 0
      vertex -7.389844518488492 9.427647418344726 0
      vertex -7.478337215321481 8.868926519677757 0
    endloop
  endfacet
  facet normal 0 0 -1
    outer loop
      vertex -7.389844518488492 9.427647418344726 0
      vertex -7.333028709720409 9.316140115177715 0
      vertex -7.389844518488492 8.957419216510747 0
    endloop
  endfacet
  facet normal 0 0 -1
    outer loop
      vertex -7.333028709720409 9.316140115177715 0
      vertex -7.313451316238471 9.192533317427737 0
      vertex -7.333028709720409 9.068926519677758 0
    endloop
  endfacet
  facet normal 0 0 -1
    outer loop
      vertex -7.333028709720409 9.316140115177715 0
      vertex -7.333028709720409 9.068926519677758 0
      vertex -7.389844518488492 8.957419216510747 0
    endloop
  endfacet
  facet normal 0 0 -1
    outer loop
      vertex -7.389844518488492 9.427647418344726 0
      vertex -7.389844518488492 8.957419216510747 0
      vertex -7.478337215321481 8.868926519677757 0
    endloop
  endfacet
  facet normal 0 0 1
    outer loop
      vertex 7.389844518488492 9.427647418344726 8
      vertex 7.713451316238471 9.192533317427737 8
      vertex 7.397312366023097 9.43511526587933 8
    endloop
  endfacet
  facet normal 0 0 1
    outer loop
      vertex 7.389844518488492 9.427647418344726 8
      vertex 7.333028709720409 9.316140115177715 8
      vertex 7.389844518488492 8.957419216510747 8
    endloop
  endfacet
  facet normal 0 0 1
    outer loop
      vertex 7.333028709720409 9.316140115177715 8
      vertex 7.313451316238471 9.192533317427737 8
      vertex 7.333028709720409 9.068926519677758 8
    endloop
  endfacet
  facet normal 0 0 1
    outer loop
      vertex 7.333028709720409 9.316140115177715 8
      vertex 7.333028709720409 9.068926519677758 8
      vertex 7.389844518488492 8.957419216510747 8
    endloop
  endfacet
  facet normal 0 0 1
    outer loop
      vertex 7.389844518488492 9.427647418344726 8
      vertex 7.389844518488492 8.957419216510747 8
      vertex 7.478337215321481 8.868926519677757 8
    endloop
  endfacet
  facet normal 0 0 1
    outer loop
      vertex 7.389844518488492 9.427647418344726 8
      vertex 7.478337215321481 8.868926519677757 8
      vertex 7.713451316238471 9.192533317427737 8
    endloop
  endfacet
  facet normal 0 0 1
    outer loop
      vertex 7.478337215321481 8.868926519677757 8
      vertex 7.589844518488492 8.812110710909675 8
      vertex 7.713451316238471 9.192533317427737 8
    endloop
  endfacet
  facet normal 0 0 1
    outer loop
      vertex 7.589844518488492 8.812110710909675 8
      vertex 7.713451316238471 8.792533317427736 8
      vertex 7.713451316238471 9.192533317427737 8
    endloop
  endfacet
  facet normal 0 0 1
    outer loop
      vertex 7.713451316238471 8.792533317427736 8
      vertex 8.005008906201201 8.925370008723498 8
      vertex 7.713451316238471 9.192533317427737 8
    endloop
  endfacet
  facet normal 0 0 1
    outer loop
      vertex 7.83705811398845 8.812110710909675 8
      vertex 8.005008906201201 8.925370008723498 8
      vertex 7.713451316238471 8.792533317427736 8
    endloop
  endfacet
  facet normal 0 0 1
    outer loop
      vertex 7.948565417155461 8.868926519677757 8
      vertex 8.005008906201201 8.925370008723498 8
      vertex 7.83705811398845 8.812110710909675 8
    endloop
  endfacet
  facet normal -0.8910065241883673 0.4539904997395477 -3.4538210101685313e-19
    outer loop
      vertex 7.389844518488492 9.427647418344726 8
      vertex 7.333028709720409 9.316140115177715 0
      vertex 7.333028709720409 9.316140115177715 8
    endloop
  endfacet
  facet normal -0.7071067811865475 0.7071067811865475 0
    outer loop
      vertex 7.389844518488492 9.427647418344726 8
      vertex 7.397312366023097 9.43511526587933 8
      vertex 7.389844518488492 9.427647418344726 0
    endloop
  endfacet
  facet normal -0.9876883405951377 0.15643446504023106 -6.347857704671907e-21
    outer loop
      vertex 7.333028709720409 9.316140115177715 8
      vertex 7.313451316238471 9.192533317427737 0
      vertex 7.313451316238471 9.192533317427737 8
    endloop
  endfacet
  facet normal -0.9876883405951377 -0.15643446504023106 6.347857704671907e-21
    outer loop
      vertex 7.313451316238471 9.192533317427737 8
      vertex 7.333028709720409 9.068926519677758 0
      vertex 7.333028709720409 9.068926519677758 8
    endloop
  endfacet
  facet normal -0.8910065241883673 -0.4539904997395477 3.4538210101685313e-19
    outer loop
      vertex 7.333028709720409 9.068926519677758 8
      vertex 7.389844518488492 8.957419216510747 0
      vertex 7.389844518488492 8.957419216510747 8
    endloop
  endfacet
  facet normal -0.707106781186551 -0.7071067811865439 1.2863170594495826e-19
    outer loop
      vertex 7.389844518488492 8.957419216510747 8
      vertex 7.478337215321481 8.868926519677757 0
      vertex 7.478337215321481 8.868926519677757 8
    endloop
  endfacet
  facet normal 0.7071067811865475 -0.7071067811865475 1.0843158312162085e-19
    outer loop
      vertex 7.948565417155461 8.868926519677757 8
      vertex 8.005008906201201 8.925370008723498 0.8000000000000007
      vertex 8.005008906201201 8.925370008723498 8
    endloop
  endfacet
  facet normal -0.45399049973954214 -0.8910065241883703 0
    outer loop
      vertex 7.478337215321481 8.868926519677757 8
      vertex 7.478337215321481 8.868926519677757 0
      vertex 7.589844518488492 8.812110710909675 8
    endloop
  endfacet
  facet normal -0.15643446504023106 -0.9876883405951377 0
    outer loop
      vertex 7.589844518488492 8.812110710909675 8
      vertex 7.589844518488492 8.812110710909675 0
      vertex 7.713451316238471 8.792533317427736 8
    endloop
  endfacet
  facet normal 0.15643446504023106 -0.9876883405951377 -6.347857704671907e-21
    outer loop
      vertex 7.83705811398845 8.812110710909675 8
      vertex 7.713451316238471 8.792533317427736 8
      vertex 7.713451316238471 8.792533317427736 0
    endloop
  endfacet
  facet normal 0.45399049973954214 -0.8910065241883703 3.6200233448142723e-19
    outer loop
      vertex 7.948565417155461 8.868926519677757 8
      vertex 7.83705811398845 8.812110710909675 8
      vertex 7.83705811398845 8.812110710909675 0
    endloop
  endfacet
  facet normal -0.7071067811865476 0.7071067811865476 1.0403488429558221e-20
    outer loop
      vertex 7.389844518488492 9.427647418344726 0
      vertex 7.397312366023097 9.43511526587933 8
      vertex 7.397312366023097 9.43511526587933 0.8000000000000007
    endloop
  endfacet
  facet normal -0.8910065241883673 0.4539904997395477 0
    outer loop
      vertex 7.389844518488492 9.427647418344726 8
      vertex 7.389844518488492 9.427647418344726 0
      vertex 7.333028709720409 9.316140115177715 0
    endloop
  endfacet
  facet normal -0.9876883405951377 0.15643446504023106 0
    outer loop
      vertex 7.333028709720409 9.316140115177715 8
      vertex 7.333028709720409 9.316140115177715 0
      vertex 7.313451316238471 9.192533317427737 0
    endloop
  endfacet
  facet normal -0.9876883405951377 -0.15643446504023106 0
    outer loop
      vertex 7.313451316238471 9.192533317427737 8
      vertex 7.313451316238471 9.192533317427737 0
      vertex 7.333028709720409 9.068926519677758 0
    endloop
  endfacet
  facet normal -0.8910065241883673 -0.4539904997395477 0
    outer loop
      vertex 7.333028709720409 9.068926519677758 8
      vertex 7.333028709720409 9.068926519677758 0
      vertex 7.389844518488492 8.957419216510747 0
    endloop
  endfacet
  facet normal -0.707106781186551 -0.7071067811865439 0
    outer loop
      vertex 7.389844518488492 8.957419216510747 8
      vertex 7.389844518488492 8.957419216510747 0
      vertex 7.478337215321481 8.868926519677757 0
    endloop
  endfacet
  facet normal 0.7071067811865475 -0.7071067811865475 0
    outer loop
      vertex 7.948565417155461 8.868926519677757 8
      vertex 7.948565417155461 8.868926519677757 0
      vertex 8.005008906201201 8.925370008723498 0.8000000000000007
    endloop
  endfacet
  facet normal -0.45399049973954214 -0.8910065241883703 0
    outer loop
      vertex 7.589844518488492 8.812110710909675 8
      vertex 7.478337215321481 8.868926519677757 0
      vertex 7.589844518488492 8.812110710909675 0
    endloop
  endfacet
  facet normal -0.15643446504023106 -0.9876883405951377 0
    outer loop
      vertex 7.713451316238471 8.792533317427736 8
      vertex 7.589844518488492 8.812110710909675 0
      vertex 7.713451316238471 8.792533317427736 0
    endloop
  endfacet
  facet normal 0.15643446504023106 -0.9876883405951377 0
    outer loop
      vertex 7.83705811398845 8.812110710909675 8
      vertex 7.713451316238471 8.792533317427736 0
      vertex 7.83705811398845 8.812110710909675 0
    endloop
  endfacet
  facet normal 0.45399049973954214 -0.8910065241883703 0
    outer loop
      vertex 7.948565417155461 8.868926519677757 8
      vertex 7.83705811398845 8.812110710909675 0
      vertex 7.948565417155461 8.868926519677757 0
    endloop
  endfacet
  facet normal -0.7071067811865515 0.7071067811865438 0
    outer loop
      vertex 7.478337215321481 9.516140115177716 0
      vertex 7.397312366023097 9.43511526587933 0.8000000000000007
      vertex 7.478337215321481 9.516140115177716 0.5668855440346405
    endloop
  endfacet
  facet normal -0.7071067811865511 0.707106781186544 6.263967103205523e-17
    outer loop
      vertex 7.478337215321481 9.516140115177716 0
      vertex 7.389844518488492 9.427647418344726 0
      vertex 7.397312366023097 9.43511526587933 0.8000000000000007
    endloop
  endfacet
  facet normal 0 0 -1
    outer loop
      vertex 7.478337215321481 9.516140115177716 0
      vertex 7.389844518488492 8.957419216510747 0
      vertex 7.389844518488492 9.427647418344726 0
    endloop
  endfacet
  facet normal -0.45399049973954203 0.8910065241883702 0
    outer loop
      vertex 7.589844518488492 9.572955923945798 0
      vertex 7.478337215321481 9.516140115177716 0.5668855440346405
      vertex 7.589844518488492 9.572955923945798 0.33510440813060427
    endloop
  endfacet
  facet normal -0.45399049973954203 0.8910065241883702 5.108647956058041e-18
    outer loop
      vertex 7.589844518488492 9.572955923945798 0
      vertex 7.478337215321481 9.516140115177716 0
      vertex 7.478337215321481 9.516140115177716 0.5668855440346405
    endloop
  endfacet
  facet normal -0.1564344650402311 0.9876883405951378 0
    outer loop
      vertex 7.713451316238471 9.592533317427737 0
      vertex 7.589844518488492 9.572955923945798 0.33510440813060427
      vertex 7.713451316238471 9.592533317427737 0.14883049187680442
    endloop
  endfacet
  facet normal -0.15643446504023106 0.9876883405951377 0
    outer loop
      vertex 7.589844518488492 9.572955923945798 0
      vertex 7.589844518488492 9.572955923945798 0.33510440813060427
      vertex 7.713451316238471 9.592533317427737 0
    endloop
  endfacet
  facet normal 0 0 -1
    outer loop
      vertex 7.589844518488492 9.572955923945798 0
      vertex 7.478337215321481 8.868926519677757 0
      vertex 7.478337215321481 9.516140115177716 0
    endloop
  endfacet
  facet normal 0 0 -1
    outer loop
      vertex 7.589844518488492 9.572955923945798 0
      vertex 7.713451316238471 9.592533317427737 0
      vertex 7.589844518488492 8.812110710909675 0
    endloop
  endfacet
  facet normal 0.1564344650402311 0.9876883405951378 0
    outer loop
      vertex 7.83705811398845 9.572955923945798 0
      vertex 7.713451316238471 9.592533317427737 0.14883049187680442
      vertex 7.83705811398845 9.572955923945798 0.026297584042840327
    endloop
  endfacet
  facet normal 0.1564344650402311 0.9876883405951378 0
    outer loop
      vertex 7.713451316238471 9.592533317427737 0
      vertex 7.713451316238471 9.592533317427737 0.14883049187680442
      vertex 7.83705811398845 9.572955923945798 0
    endloop
  endfacet
  facet normal 0.45399049973954525 0.8910065241883687 0
    outer loop
      vertex 7.83705811398845 9.572955923945798 0
      vertex 7.83705811398845 9.572955923945798 0.026297584042840327
      vertex 7.899718964061869 9.541028626146437 0
    endloop
  endfacet
  facet normal 0 0 -1
    outer loop
      vertex 7.713451316238471 9.592533317427737 0
      vertex 7.83705811398845 9.572955923945798 0
      vertex 7.713451316238471 8.792533317427736 0
    endloop
  endfacet
  facet normal 0 0 -1
    outer loop
      vertex 7.83705811398845 9.572955923945798 0
      vertex 7.899718964061869 9.541028626146437 0
      vertex 7.83705811398845 8.812110710909675 0
    endloop
  endfacet
  facet normal 0 0 -1
    outer loop
      vertex 7.965073603582489 9.499631928750688 0
      vertex 8.036664647111639 9.425163166255286 0
      vertex 7.948565417155461 9.503547424420676 0
    endloop
  endfacet
  facet normal 0 0 -1
    outer loop
      vertex 7.83705811398845 8.812110710909675 0
      vertex 7.899718964061869 9.541028626146437 0
      vertex 7.946787059416266 9.504912006308242 0
    endloop
  endfacet
  facet normal 0 0 -1
    outer loop
      vertex 7.948565417155461 8.868926519677757 0
      vertex 7.946787059416266 9.504912006308242 0
      vertex 7.948565417155461 9.503547424420676 0
    endloop
  endfacet
  facet normal 0.7071067811865475 -0.7071067811865476 1.422662413017853e-18
    outer loop
      vertex 7.948565417155461 8.868926519677757 0
      vertex 8.03705811398845 8.957419216510747 0.7070849301521172
      vertex 8.005008906201201 8.925370008723498 0.8000000000000007
    endloop
  endfacet
  facet normal 0 0 -1
    outer loop
      vertex 7.389844518488492 9.427647418344726 0
      vertex 7.333028709720409 9.068926519677758 0
      vertex 7.333028709720409 9.316140115177715 0
    endloop
  endfacet
  facet normal 0 0 -1
    outer loop
      vertex 7.333028709720409 9.316140115177715 0
      vertex 7.333028709720409 9.068926519677758 0
      vertex 7.313451316238471 9.192533317427737 0
    endloop
  endfacet
  facet normal 0 0 -1
    outer loop
      vertex 7.389844518488492 9.427647418344726 0
      vertex 7.389844518488492 8.957419216510747 0
      vertex 7.333028709720409 9.068926519677758 0
    endloop
  endfacet
  facet normal 0 0 -1
    outer loop
      vertex 7.478337215321481 9.516140115177716 0
      vertex 7.478337215321481 8.868926519677757 0
      vertex 7.389844518488492 8.957419216510747 0
    endloop
  endfacet
  facet normal 0 0 -1
    outer loop
      vertex 7.589844518488492 9.572955923945798 0
      vertex 7.589844518488492 8.812110710909675 0
      vertex 7.478337215321481 8.868926519677757 0
    endloop
  endfacet
  facet normal 0 0 -1
    outer loop
      vertex 7.713451316238471 9.592533317427737 0
      vertex 7.713451316238471 8.792533317427736 0
      vertex 7.589844518488492 8.812110710909675 0
    endloop
  endfacet
  facet normal 0 0 -1
    outer loop
      vertex 7.948565417155461 8.868926519677757 0
      vertex 7.948565417155461 9.503547424420676 0
      vertex 8.036664647111639 9.425163166255286 0
    endloop
  endfacet
  facet normal 0 0 -1
    outer loop
      vertex 7.83705811398845 9.572955923945798 0
      vertex 7.83705811398845 8.812110710909675 0
      vertex 7.713451316238471 8.792533317427736 0
    endloop
  endfacet
  facet normal 0 0 -1
    outer loop
      vertex 7.948565417155461 8.868926519677757 0
      vertex 7.83705811398845 8.812110710909675 0
      vertex 7.946787059416266 9.504912006308242 0
    endloop
  endfacet
  facet normal 0 0 -1
    outer loop
      vertex 8.093873922756533 9.316140115177715 0
      vertex 8.036664647111639 9.425163166255286 0
      vertex 8.039777080108674 9.422311146873064 0
    endloop
  endfacet
  facet normal 0.8910065241883716 0.4539904997395395 0
    outer loop
      vertex 8.093873922756533 9.316140115177715 0
      vertex 8.039777080108674 9.422311146873064 0
      vertex 8.093873922756533 9.316140115177715 0.08562840586344933
    endloop
  endfacet
  facet normal 0.9876883405951378 -0.1564344650402311 0
    outer loop
      vertex 8.093873922756533 9.068926519677758 0
      vertex 8.113451316238471 9.192533317427737 0.24548825744599156
      vertex 8.093873922756533 9.068926519677758 0.45962758190020736
    endloop
  endfacet
  facet normal 0.8910065241883702 -0.4539904997395421 0
    outer loop
      vertex 8.03705811398845 8.957419216510747 0
      vertex 8.093873922756533 9.068926519677758 0.45962758190020736
      vertex 8.03705811398845 8.957419216510747 0.7070849301521172
    endloop
  endfacet
  facet normal 0.7071067811865476 -0.7071067811865476 0
    outer loop
      vertex 8.03705811398845 8.957419216510747 0
      vertex 8.03705811398845 8.957419216510747 0.7070849301521172
      vertex 7.948565417155461 8.868926519677757 0
    endloop
  endfacet
  facet normal 0.9876883405951377 0.15643446504023106 0
    outer loop
      vertex 8.113451316238471 9.192533317427737 0
      vertex 8.093873922756533 9.316140115177715 0.08562840586344933
      vertex 8.113451316238471 9.192533317427737 0.24548825744599156
    endloop
  endfacet
  facet normal 0 0 -1
    outer loop
      vertex 8.093873922756533 9.316140115177715 0
      vertex 8.03705811398845 8.957419216510747 0
      vertex 8.036664647111639 9.425163166255286 0
    endloop
  endfacet
  facet normal 0.9876883405951377 0.15643446504023106 0
    outer loop
      vertex 8.093873922756533 9.316140115177715 0
      vertex 8.093873922756533 9.316140115177715 0.08562840586344933
      vertex 8.113451316238471 9.192533317427737 0
    endloop
  endfacet
  facet normal 0 0 -1
    outer loop
      vertex 8.093873922756533 9.316140115177715 0
      vertex 8.113451316238471 9.192533317427737 0
      vertex 8.093873922756533 9.068926519677758 0
    endloop
  endfacet
  facet normal 0.9876883405951377 -0.15643446504023106 0
    outer loop
      vertex 8.113451316238471 9.192533317427737 0
      vertex 8.113451316238471 9.192533317427737 0.24548825744599156
      vertex 8.093873922756533 9.068926519677758 0
    endloop
  endfacet
  facet normal 0 0 -1
    outer loop
      vertex 8.093873922756533 9.316140115177715 0
      vertex 8.093873922756533 9.068926519677758 0
      vertex 8.03705811398845 8.957419216510747 0
    endloop
  endfacet
  facet normal 0.8910065241883702 -0.4539904997395421 0
    outer loop
      vertex 8.093873922756533 9.068926519677758 0
      vertex 8.093873922756533 9.068926519677758 0.45962758190020736
      vertex 8.03705811398845 8.957419216510747 0
    endloop
  endfacet
  facet normal 0 0 -1
    outer loop
      vertex 8.03705811398845 8.957419216510747 0
      vertex 7.948565417155461 8.868926519677757 0
      vertex 8.036664647111639 9.425163166255286 0
    endloop
  endfacet
endsolid OpenSCAD_Model
