solid OpenSCAD_Model
  facet normal -0.6755902076156616 -0.7372773368101226 0
    outer loop
      vertex -48.92738936467117 -13.022755533022627 0
      vertex -48.92738936467117 -13.022755533022627 0.4
      vertex -50.020815280171306 -12.020815280171309 0
    endloop
  endfacet
  facet normal -0.6087614290087193 -0.7933533402912362 -1.7456393436192485e-17
    outer loop
      vertex -48.92738936467117 -13.022755533022627 0
      vertex -47.750799417967784 -13.92558475291286 0
      vertex -47.750799417967784 -13.92558475291286 0.4
    endloop
  endfacet
  facet normal -0.6087614290087193 -0.7933533402912362 0
    outer loop
      vertex -48.92738936467117 -13.022755533022627 0
      vertex -47.750799417967784 -13.92558475291286 0.4
      vertex -48.92738936467117 -13.022755533022627 0.4
    endloop
  endfacet
  facet normal -0.7933533402912342 -0.608761429008722 -1.5975526601478433e-16
    outer loop
      vertex -51.022755533022625 -10.927389364671168 0
      vertex -51.92558475291286 -9.750799417967784 0.4
      vertex -51.92558475291286 -9.750799417967784 0
    endloop
  endfacet
  facet normal -0.8433914458128866 -0.5372996083468223 -7.630520058084239e-17
    outer loop
      vertex -51.92558475291286 -9.750799417967784 0
      vertex -52.722431864335455 -8.5 0.4
      vertex -52.722431864335455 -8.5 0
    endloop
  endfacet
  facet normal -0.8433914458128866 -0.5372996083468223 0
    outer loop
      vertex -51.92558475291286 -9.750799417967784 0
      vertex -51.92558475291286 -9.750799417967784 0.4
      vertex -52.722431864335455 -8.5 0.4
    endloop
  endfacet
  facet normal -0.8870108331782219 -0.46174861323503336 0
    outer loop
      vertex -52.722431864335455 -8.5 0
      vertex -52.722431864335455 -8.5 0.4
      vertex -53.407232379623046 -7.18451044959189 0.4
    endloop
  endfacet
  facet normal -0.7372773368101243 -0.67559020761566 0
    outer loop
      vertex -51.022755533022625 -10.927389364671168 0
      vertex -50.020815280171306 -12.020815280171309 0
      vertex -51.022755533022625 -10.927389364671168 0.4
    endloop
  endfacet
  facet normal 0 0 -1
    outer loop
      vertex -48.92738936467117 -13.022755533022627 0
      vertex -50.020815280171306 -12.020815280171309 0
      vertex -48.56550992617015 -6.1 0
    endloop
  endfacet
  facet normal -0.7372773368101243 -0.67559020761566 0
    outer loop
      vertex -50.020815280171306 -12.020815280171309 0
      vertex -50.020815280171306 -12.020815280171309 0.4
      vertex -51.022755533022625 -10.927389364671168 0.4
    endloop
  endfacet
  facet normal -0.7933533402912342 -0.608761429008722 0
    outer loop
      vertex -51.022755533022625 -10.927389364671168 0
      vertex -51.022755533022625 -10.927389364671168 0.4
      vertex -51.92558475291286 -9.750799417967784 0.4
    endloop
  endfacet
  facet normal -0.6755902076156616 -0.7372773368101226 0
    outer loop
      vertex -50.020815280171306 -12.020815280171309 0
      vertex -48.92738936467117 -13.022755533022627 0.4
      vertex -50.020815280171306 -12.020815280171309 0.4
    endloop
  endfacet
  facet normal 0 0 -1
    outer loop
      vertex -51.022755533022625 -10.927389364671168 0
      vertex -50.01465458674894 -2.11850776753655 0
      vertex -50.020815280171306 -12.020815280171309 0
    endloop
  endfacet
  facet normal 0 0 -1
    outer loop
      vertex -48.92738936467117 -13.022755533022627 0
      vertex -48.56550992617015 -6.1 0
      vertex -47.9936549403257 -6.997632523482761 0
    endloop
  endfacet
  facet normal 0 0 1
    outer loop
      vertex -48.92738936467117 -13.022755533022627 0.4
      vertex -47.750799417967784 -13.92558475291286 0.4
      vertex -48.56550992617015 -6.1 0.4
    endloop
  endfacet
  facet normal 0 0 1
    outer loop
      vertex -48.92738936467117 -13.022755533022627 0.4
      vertex -49.46424997358808 -4.172645748573158 0.4
      vertex -50.020815280171306 -12.020815280171309 0.4
    endloop
  endfacet
  facet normal 0 0 1
    outer loop
      vertex -48.92738936467117 -13.022755533022627 0.4
      vertex -48.56550992617015 -6.1 0.4
      vertex -49.05695500184713 -5.155942793236533 0.4
    endloop
  endfacet
  facet normal -0.46174861323503336 -0.8870108331782219 0
    outer loop
      vertex -45.18451044959189 -15.407232379623048 0
      vertex -45.18451044959189 -15.407232379623048 0.4
      vertex -46.5 -14.722431864335457 0
    endloop
  endfacet
  facet normal -0.46174861323503336 -0.8870108331782219 0
    outer loop
      vertex -46.5 -14.722431864335457 0
      vertex -45.18451044959189 -15.407232379623048 0.4
      vertex -46.5 -14.722431864335457 0.4
    endloop
  endfacet
  facet normal -0.38268343236509017 -0.9238795325112865 0
    outer loop
      vertex -45.18451044959189 -15.407232379623048 0
      vertex -43.814342436536364 -15.974774553360444 0.4
      vertex -45.18451044959189 -15.407232379623048 0.4
    endloop
  endfacet
  facet normal -0.537299608346824 -0.8433914458128855 -8.109277616425116e-17
    outer loop
      vertex -47.750799417967784 -13.92558475291286 0
      vertex -46.5 -14.722431864335457 0
      vertex -46.5 -14.722431864335457 0.4
    endloop
  endfacet
  facet normal 0 0 -1
    outer loop
      vertex -47.750799417967784 -13.92558475291286 0
      vertex -45.84200883817578 -9.345742206051531 0
      vertex -46.5 -14.722431864335457 0
    endloop
  endfacet
  facet normal 0 0 -1
    outer loop
      vertex -45.18451044959189 -15.407232379623048 0
      vertex -46.5 -14.722431864335457 0
      vertex -44.997632523482764 -9.9936549403257 0
    endloop
  endfacet
  facet normal -0.537299608346824 -0.8433914458128855 0
    outer loop
      vertex -47.750799417967784 -13.92558475291286 0
      vertex -46.5 -14.722431864335457 0.4
      vertex -47.750799417967784 -13.92558475291286 0.4
    endloop
  endfacet
  facet normal -0.38268343236509017 -0.9238795325112865 -4.982217620264941e-17
    outer loop
      vertex -45.18451044959189 -15.407232379623048 0
      vertex -43.814342436536364 -15.974774553360444 0
      vertex -43.814342436536364 -15.974774553360444 0.4
    endloop
  endfacet
  facet normal -0.30070579950427284 -0.9537169507482269 4.89628465337839e-18
    outer loop
      vertex -43.814342436536364 -15.974774553360444 0
      vertex -42.39992376674285 -16.42073904691416 0
      vertex -42.39992376674285 -16.42073904691416 0.4
    endloop
  endfacet
  facet normal -0.21643961393810207 -0.9762960071199335 4.6763050929643334e-17
    outer loop
      vertex -42.39992376674285 -16.42073904691416 0
      vertex -40.952019020337815 -16.741731801207536 0
      vertex -40.952019020337815 -16.741731801207536 0.4
    endloop
  endfacet
  facet normal -0.30070579950427284 -0.9537169507482269 0
    outer loop
      vertex -43.814342436536364 -15.974774553360444 0
      vertex -42.39992376674285 -16.42073904691416 0.4
      vertex -43.814342436536364 -15.974774553360444 0.4
    endloop
  endfacet
  facet normal -0.21643961393810207 -0.9762960071199335 0
    outer loop
      vertex -42.39992376674285 -16.42073904691416 0
      vertex -40.952019020337815 -16.741731801207536 0.4
      vertex -42.39992376674285 -16.42073904691416 0.4
    endloop
  endfacet
  facet normal 0 0 -1
    outer loop
      vertex -45.18451044959189 -15.407232379623048 0
      vertex -43.155942793236534 -11.056955001847129 0
      vertex -43.814342436536364 -15.974774553360444 0
    endloop
  endfacet
  facet normal 0 0 -1
    outer loop
      vertex -43.814342436536364 -15.974774553360444 0
      vertex -43.155942793236534 -11.056955001847129 0
      vertex -42.17264574857316 -11.464249973588082 0
    endloop
  endfacet
  facet normal 0 0 -1
    outer loop
      vertex -43.814342436536364 -15.974774553360444 0
      vertex -42.17264574857316 -11.464249973588082 0
      vertex -42.39992376674285 -16.42073904691416 0
    endloop
  endfacet
  facet normal 0 0 -1
    outer loop
      vertex -42.39992376674285 -16.42073904691416 0
      vertex -42.17264574857316 -11.464249973588082 0
      vertex -41.15759235025075 -11.784295080726633 0
    endloop
  endfacet
  facet normal 0 0 1
    outer loop
      vertex -45.18451044959189 -15.407232379623048 0.4
      vertex -45.84200883817578 -9.345742206051531 0.4
      vertex -46.5 -14.722431864335457 0.4
    endloop
  endfacet
  facet normal 0 0 1
    outer loop
      vertex -42.39992376674285 -16.42073904691416 0.4
      vertex -40.952019020337815 -16.741731801207536 0.4
      vertex -42.17264574857316 -11.464249973588082 0.4
    endloop
  endfacet
  facet normal 0 0 1
    outer loop
      vertex -45.18451044959189 -15.407232379623048 0.4
      vertex -43.814342436536364 -15.974774553360444 0.4
      vertex -44.1 -10.56550992617015 0.4
    endloop
  endfacet
  facet normal 0 0 1
    outer loop
      vertex -43.814342436536364 -15.974774553360444 0.4
      vertex -42.39992376674285 -16.42073904691416 0.4
      vertex -43.155942793236534 -11.056955001847129 0.4
    endloop
  endfacet
  facet normal 0 0 1
    outer loop
      vertex -43.814342436536364 -15.974774553360444 0.4
      vertex -43.155942793236534 -11.056955001847129 0.4
      vertex -44.1 -10.56550992617015 0.4
    endloop
  endfacet
  facet normal 0 0 1
    outer loop
      vertex -42.39992376674285 -16.42073904691416 0.4
      vertex -42.17264574857316 -11.464249973588082 0.4
      vertex -43.155942793236534 -11.056955001847129 0.4
    endloop
  endfacet
  facet normal 0 0 1
    outer loop
      vertex -40.952019020337815 -16.741731801207536 0.4
      vertex -41.15759235025075 -11.784295080726633 0.4
      vertex -42.17264574857316 -11.464249973588082 0.4
    endloop
  endfacet
  facet normal 0 0 -1
    outer loop
      vertex -48.92738936467117 -13.022755533022627 0
      vertex -47.34574220605153 -7.842008838175778 0
      vertex -47.750799417967784 -13.92558475291286 0
    endloop
  endfacet
  facet normal 0 0 -1
    outer loop
      vertex -47.750799417967784 -13.92558475291286 0
      vertex -46.626702730475884 -8.62670273047588 0
      vertex -45.84200883817578 -9.345742206051531 0
    endloop
  endfacet
  facet normal 0 0 -1
    outer loop
      vertex -45.18451044959189 -15.407232379623048 0
      vertex -44.997632523482764 -9.9936549403257 0
      vertex -44.1 -10.56550992617015 0
    endloop
  endfacet
  facet normal 0 0 -1
    outer loop
      vertex -46.5 -14.722431864335457 0
      vertex -45.84200883817578 -9.345742206051531 0
      vertex -44.997632523482764 -9.9936549403257 0
    endloop
  endfacet
  facet normal 0 0 -1
    outer loop
      vertex -48.92738936467117 -13.022755533022627 0
      vertex -47.9936549403257 -6.997632523482761 0
      vertex -47.34574220605153 -7.842008838175778 0
    endloop
  endfacet
  facet normal 0 0 -1
    outer loop
      vertex -47.750799417967784 -13.92558475291286 0
      vertex -47.34574220605153 -7.842008838175778 0
      vertex -46.626702730475884 -8.62670273047588 0
    endloop
  endfacet
  facet normal 0 0 -1
    outer loop
      vertex -45.18451044959189 -15.407232379623048 0
      vertex -44.1 -10.56550992617015 0
      vertex -43.155942793236534 -11.056955001847129 0
    endloop
  endfacet
  facet normal 0 0 1
    outer loop
      vertex -47.750799417967784 -13.92558475291286 0.4
      vertex -46.5 -14.722431864335457 0.4
      vertex -47.34574220605153 -7.842008838175778 0.4
    endloop
  endfacet
  facet normal 0 0 1
    outer loop
      vertex -46.5 -14.722431864335457 0.4
      vertex -46.626702730475884 -8.62670273047588 0.4
      vertex -47.34574220605153 -7.842008838175778 0.4
    endloop
  endfacet
  facet normal 0 0 1
    outer loop
      vertex -45.18451044959189 -15.407232379623048 0.4
      vertex -44.1 -10.56550992617015 0.4
      vertex -44.997632523482764 -9.9936549403257 0.4
    endloop
  endfacet
  facet normal 0 0 1
    outer loop
      vertex -45.18451044959189 -15.407232379623048 0.4
      vertex -44.997632523482764 -9.9936549403257 0.4
      vertex -45.84200883817578 -9.345742206051531 0.4
    endloop
  endfacet
  facet normal 0 0 1
    outer loop
      vertex -46.5 -14.722431864335457 0.4
      vertex -45.84200883817578 -9.345742206051531 0.4
      vertex -46.626702730475884 -8.62670273047588 0.4
    endloop
  endfacet
  facet normal 0 0 1
    outer loop
      vertex -47.750799417967784 -13.92558475291286 0.4
      vertex -47.34574220605153 -7.842008838175778 0.4
      vertex -47.9936549403257 -6.997632523482761 0.4
    endloop
  endfacet
  facet normal 0 0 1
    outer loop
      vertex -47.750799417967784 -13.92558475291286 0.4
      vertex -47.9936549403257 -6.997632523482761 0.4
      vertex -48.56550992617015 -6.1 0.4
    endloop
  endfacet
  facet normal -0.923879532511285 -0.3826834323650941 2.3781425812556167e-17
    outer loop
      vertex -53.407232379623046 -7.18451044959189 0
      vertex -53.97477455336045 -5.814342436536368 0.4
      vertex -53.97477455336045 -5.814342436536368 0
    endloop
  endfacet
  facet normal -0.8870108331782219 -0.46174861323503336 0
    outer loop
      vertex -53.407232379623046 -7.18451044959189 0
      vertex -52.722431864335455 -8.5 0
      vertex -53.407232379623046 -7.18451044959189 0.4
    endloop
  endfacet
  facet normal -0.923879532511285 -0.3826834323650941 0
    outer loop
      vertex -53.407232379623046 -7.18451044959189 0
      vertex -53.407232379623046 -7.18451044959189 0.4
      vertex -53.97477455336045 -5.814342436536368 0.4
    endloop
  endfacet
  facet normal -0.9537169507482272 -0.30070579950427234 6.045241208959167e-17
    outer loop
      vertex -53.97477455336045 -5.814342436536368 0
      vertex -54.420739046914164 -4.399923766742853 0.4
      vertex -54.420739046914164 -4.399923766742853 0
    endloop
  endfacet
  facet normal -0.9537169507482272 -0.30070579950427234 0
    outer loop
      vertex -53.97477455336045 -5.814342436536368 0
      vertex -53.97477455336045 -5.814342436536368 0.4
      vertex -54.420739046914164 -4.399923766742853 0.4
    endloop
  endfacet
  facet normal -0.976296007119934 -0.21643961393809977 0
    outer loop
      vertex -54.420739046914164 -4.399923766742853 0
      vertex -54.420739046914164 -4.399923766742853 0.4
      vertex -54.741731801207536 -2.952019020337816 0.4
    endloop
  endfacet
  facet normal 0 0 -1
    outer loop
      vertex -50.020815280171306 -12.020815280171309 0
      vertex -50.01465458674894 -2.11850776753655 0
      vertex -49.784295080726636 -3.157592350250753 0
    endloop
  endfacet
  facet normal 0 0 -1
    outer loop
      vertex -50.020815280171306 -12.020815280171309 0
      vertex -49.05695500184713 -5.155942793236533 0
      vertex -48.56550992617015 -6.1 0
    endloop
  endfacet
  facet normal 0 0 -1
    outer loop
      vertex -50.020815280171306 -12.020815280171309 0
      vertex -49.46424997358808 -4.172645748573158 0
      vertex -49.05695500184713 -5.155942793236533 0
    endloop
  endfacet
  facet normal 0 0 -1
    outer loop
      vertex -50.020815280171306 -12.020815280171309 0
      vertex -49.784295080726636 -3.157592350250753 0
      vertex -49.46424997358808 -4.172645748573158 0
    endloop
  endfacet
  facet normal 0 0 -1
    outer loop
      vertex -51.022755533022625 -10.927389364671168 0
      vertex -50.1535753167193 -1.0633000615214296 0
      vertex -50.01465458674894 -2.11850776753655 0
    endloop
  endfacet
  facet normal 0 0 -1
    outer loop
      vertex -51.022755533022625 -10.927389364671168 0
      vertex -50.2 0 0
      vertex -50.1535753167193 -1.0633000615214296 0
    endloop
  endfacet
  facet normal 0 0 1
    outer loop
      vertex -51.022755533022625 -10.927389364671168 0.4
      vertex -51.92558475291286 9.750799417967784 0.4
      vertex -51.92558475291286 -9.750799417967784 0.4
    endloop
  endfacet
  facet normal 0 0 1
    outer loop
      vertex -50.020815280171306 -12.020815280171309 0.4
      vertex -49.784295080726636 -3.157592350250753 0.4
      vertex -50.01465458674894 -2.11850776753655 0.4
    endloop
  endfacet
  facet normal 0 0 1
    outer loop
      vertex -48.92738936467117 -13.022755533022627 0.4
      vertex -49.05695500184713 -5.155942793236533 0.4
      vertex -49.46424997358808 -4.172645748573158 0.4
    endloop
  endfacet
  facet normal 0 0 1
    outer loop
      vertex -50.020815280171306 -12.020815280171309 0.4
      vertex -49.46424997358808 -4.172645748573158 0.4
      vertex -49.784295080726636 -3.157592350250753 0.4
    endloop
  endfacet
  facet normal 0 0 1
    outer loop
      vertex -50.020815280171306 -12.020815280171309 0.4
      vertex -50.01465458674894 -2.11850776753655 0.4
      vertex -50.1535753167193 -1.0633000615214296 0.4
    endloop
  endfacet
  facet normal 0 0 1
    outer loop
      vertex -50.020815280171306 -12.020815280171309 0.4
      vertex -50.1535753167193 -1.0633000615214296 0.4
      vertex -50.2 0 0.4
    endloop
  endfacet
  facet normal 0 0 1
    outer loop
      vertex -51.022755533022625 -10.927389364671168 0.4
      vertex -50.020815280171306 -12.020815280171309 0.4
      vertex -51.022755533022625 10.927389364671168 0.4
    endloop
  endfacet
  facet normal -0.976296007119934 -0.21643961393809977 1.5499857384298446e-17
    outer loop
      vertex -54.420739046914164 -4.399923766742853 0
      vertex -54.741731801207536 -2.952019020337816 0.4
      vertex -54.741731801207536 -2.952019020337816 0
    endloop
  endfacet
  facet normal 0 0 -1
    outer loop
      vertex -53.407232379623046 -7.18451044959189 0
      vertex -53.97477455336045 -5.814342436536368 0
      vertex -53.407232379623046 7.18451044959189 0
    endloop
  endfacet
  facet normal 0 0 -1
    outer loop
      vertex -53.97477455336045 -5.814342436536368 0
      vertex -54.420739046914164 -4.399923766742853 0
      vertex -53.97477455336045 5.814342436536368 0
    endloop
  endfacet
  facet normal -0.9914448613738103 -0.13052619222005254 -1.9657201604349888e-17
    outer loop
      vertex -54.741731801207536 -2.952019020337816 0
      vertex -54.935309867559674 -1.4816476267101888 0.4
      vertex -54.935309867559674 -1.4816476267101888 0
    endloop
  endfacet
  facet normal 0 0 -1
    outer loop
      vertex -53.407232379623046 -7.18451044959189 0
      vertex -52.722431864335455 8.5 0
      vertex -52.722431864335455 -8.5 0
    endloop
  endfacet
  facet normal 0 0 -1
    outer loop
      vertex -51.92558475291286 -9.750799417967784 0
      vertex -52.722431864335455 -8.5 0
      vertex -51.92558475291286 9.750799417967784 0
    endloop
  endfacet
  facet normal -0.9914448613738103 -0.13052619222005254 0
    outer loop
      vertex -54.741731801207536 -2.952019020337816 0
      vertex -54.741731801207536 -2.952019020337816 0.4
      vertex -54.935309867559674 -1.4816476267101888 0.4
    endloop
  endfacet
  facet normal 0 0 -1
    outer loop
      vertex -54.420739046914164 -4.399923766742853 0
      vertex -54.741731801207536 -2.952019020337816 0
      vertex -54.420739046914164 4.399923766742853 0
    endloop
  endfacet
  facet normal 0 0 -1
    outer loop
      vertex -54.741731801207536 -2.952019020337816 0
      vertex -54.935309867559674 -1.4816476267101888 0
      vertex -54.741731801207536 2.952019020337816 0
    endloop
  endfacet
  facet normal -0.9990482215818578 -0.04361938736533601 6.609258042604181e-18
    outer loop
      vertex -54.935309867559674 -1.4816476267101888 0
      vertex -55 0 0.4
      vertex -55 0 0
    endloop
  endfacet
  facet normal 0 0 -1
    outer loop
      vertex -54.935309867559674 -1.4816476267101888 0
      vertex -55 0 0
      vertex -54.935309867559674 1.4816476267101888 0
    endloop
  endfacet
  facet normal 0 0 -1
    outer loop
      vertex -54.935309867559674 -1.4816476267101888 0
      vertex -54.935309867559674 1.4816476267101888 0
      vertex -54.741731801207536 2.952019020337816 0
    endloop
  endfacet
  facet normal -0.9990482215818578 0.04361938736533601 -6.609258042604181e-18
    outer loop
      vertex -55 0 0
      vertex -54.935309867559674 1.4816476267101888 0.4
      vertex -54.935309867559674 1.4816476267101888 0
    endloop
  endfacet
  facet normal -0.9990482215818578 -0.04361938736533601 0
    outer loop
      vertex -54.935309867559674 -1.4816476267101888 0
      vertex -54.935309867559674 -1.4816476267101888 0.4
      vertex -55 0 0.4
    endloop
  endfacet
  facet normal -0.9990482215818578 0.04361938736533601 0
    outer loop
      vertex -55 0 0
      vertex -55 0 0.4
      vertex -54.935309867559674 1.4816476267101888 0.4
    endloop
  endfacet
  facet normal 0 0 -1
    outer loop
      vertex -51.022755533022625 -10.927389364671168 0
      vertex -51.92558475291286 -9.750799417967784 0
      vertex -51.022755533022625 10.927389364671168 0
    endloop
  endfacet
  facet normal 0 0 -1
    outer loop
      vertex -51.022755533022625 -10.927389364671168 0
      vertex -50.020815280171306 12.020815280171309 0
      vertex -50.2 0 0
    endloop
  endfacet
  facet normal 0 0 1
    outer loop
      vertex -53.407232379623046 -7.18451044959189 0.4
      vertex -53.97477455336045 5.814342436536368 0.4
      vertex -53.97477455336045 -5.814342436536368 0.4
    endloop
  endfacet
  facet normal 0 0 1
    outer loop
      vertex -53.97477455336045 -5.814342436536368 0.4
      vertex -54.420739046914164 4.399923766742853 0.4
      vertex -54.420739046914164 -4.399923766742853 0.4
    endloop
  endfacet
  facet normal 0 0 1
    outer loop
      vertex -54.420739046914164 -4.399923766742853 0.4
      vertex -54.741731801207536 2.952019020337816 0.4
      vertex -54.741731801207536 -2.952019020337816 0.4
    endloop
  endfacet
  facet normal 0 0 1
    outer loop
      vertex -51.92558475291286 -9.750799417967784 0.4
      vertex -52.722431864335455 8.5 0.4
      vertex -52.722431864335455 -8.5 0.4
    endloop
  endfacet
  facet normal 0 0 1
    outer loop
      vertex -53.407232379623046 -7.18451044959189 0.4
      vertex -52.722431864335455 -8.5 0.4
      vertex -53.407232379623046 7.18451044959189 0.4
    endloop
  endfacet
  facet normal 0 0 1
    outer loop
      vertex -54.741731801207536 -2.952019020337816 0.4
      vertex -54.935309867559674 1.4816476267101888 0.4
      vertex -54.935309867559674 -1.4816476267101888 0.4
    endloop
  endfacet
  facet normal 0 0 1
    outer loop
      vertex -54.935309867559674 -1.4816476267101888 0.4
      vertex -54.935309867559674 1.4816476267101888 0.4
      vertex -55 0 0.4
    endloop
  endfacet
  facet normal 0 0 1
    outer loop
      vertex -54.741731801207536 -2.952019020337816 0.4
      vertex -54.741731801207536 2.952019020337816 0.4
      vertex -54.935309867559674 1.4816476267101888 0.4
    endloop
  endfacet
  facet normal 0 0 1
    outer loop
      vertex -54.420739046914164 -4.399923766742853 0.4
      vertex -54.420739046914164 4.399923766742853 0.4
      vertex -54.741731801207536 2.952019020337816 0.4
    endloop
  endfacet
  facet normal 0 0 1
    outer loop
      vertex -50.020815280171306 -12.020815280171309 0.4
      vertex -50.2 0 0.4
      vertex -51.022755533022625 10.927389364671168 0.4
    endloop
  endfacet
  facet normal -0.1305261922200529 -0.9914448613738103 -2.54943632818036e-17
    outer loop
      vertex -40.952019020337815 -16.741731801207536 0
      vertex -39.48164762671019 -16.935309867559674 0
      vertex -39.48164762671019 -16.935309867559674 0.4
    endloop
  endfacet
  facet normal 0 0 -1
    outer loop
      vertex -42.39992376674285 -16.42073904691416 0
      vertex -40.11850776753655 -12.014654586748938 0
      vertex -40.952019020337815 -16.741731801207536 0
    endloop
  endfacet
  facet normal 0 0 -1
    outer loop
      vertex -40.952019020337815 -16.741731801207536 0
      vertex -39.06330006152143 -12.153575316719294 0
      vertex -39.48164762671019 -16.935309867559674 0
    endloop
  endfacet
  facet normal -0.04361938736533592 -0.9990482215818578 -4.8675249307696215e-18
    outer loop
      vertex -39.48164762671019 -16.935309867559674 0
      vertex -38 -17 0
      vertex -38 -17 0.4
    endloop
  endfacet
  facet normal 0 0 -1
    outer loop
      vertex -39.48164762671019 -16.935309867559674 0
      vertex -39.06330006152143 -12.153575316719294 0
      vertex -38 -17 0
    endloop
  endfacet
  facet normal -0.1305261922200529 -0.9914448613738103 0
    outer loop
      vertex -40.952019020337815 -16.741731801207536 0
      vertex -39.48164762671019 -16.935309867559674 0.4
      vertex -40.952019020337815 -16.741731801207536 0.4
    endloop
  endfacet
  facet normal -0.04361938736533592 -0.9990482215818578 0
    outer loop
      vertex -39.48164762671019 -16.935309867559674 0
      vertex -38 -17 0.4
      vertex -39.48164762671019 -16.935309867559674 0.4
    endloop
  endfacet
  facet normal 0 0 -1
    outer loop
      vertex -40.952019020337815 -16.741731801207536 0
      vertex -40.11850776753655 -12.014654586748938 0
      vertex -39.06330006152143 -12.153575316719294 0
    endloop
  endfacet
  facet normal 0 0 -1
    outer loop
      vertex -42.39992376674285 -16.42073904691416 0
      vertex -41.15759235025075 -11.784295080726633 0
      vertex -40.11850776753655 -12.014654586748938 0
    endloop
  endfacet
  facet normal 0 0 -1
    outer loop
      vertex -38 -17 0
      vertex -39.06330006152143 -12.153575316719294 0
      vertex -38 -12.2 0
    endloop
  endfacet
  facet normal 0.04361938736533592 -0.9990482215818578 4.8675249307696215e-18
    outer loop
      vertex -38 -17 0
      vertex -36.51835237328981 -16.935309867559674 0
      vertex -36.51835237328981 -16.935309867559674 0.4
    endloop
  endfacet
  facet normal 0 0 -1
    outer loop
      vertex -38 -17 0
      vertex -36.93669993847857 -12.153575316719294 0
      vertex -36.51835237328981 -16.935309867559674 0
    endloop
  endfacet
  facet normal 0.1305261922200529 -0.9914448613738103 2.54943632818036e-17
    outer loop
      vertex -36.51835237328981 -16.935309867559674 0
      vertex -35.047980979662185 -16.741731801207536 0
      vertex -35.047980979662185 -16.741731801207536 0.4
    endloop
  endfacet
  facet normal 0 0 -1
    outer loop
      vertex -36.51835237328981 -16.935309867559674 0
      vertex -35.88149223246345 -12.014654586748938 0
      vertex -35.047980979662185 -16.741731801207536 0
    endloop
  endfacet
  facet normal 0.04361938736533592 -0.9990482215818578 0
    outer loop
      vertex -38 -17 0
      vertex -36.51835237328981 -16.935309867559674 0.4
      vertex -38 -17 0.4
    endloop
  endfacet
  facet normal 0.1305261922200529 -0.9914448613738103 0
    outer loop
      vertex -36.51835237328981 -16.935309867559674 0
      vertex -35.047980979662185 -16.741731801207536 0.4
      vertex -36.51835237328981 -16.935309867559674 0.4
    endloop
  endfacet
  facet normal 0.21643961393810207 -0.9762960071199335 0
    outer loop
      vertex -35.047980979662185 -16.741731801207536 0
      vertex -33.60007623325715 -16.42073904691416 0.4
      vertex -35.047980979662185 -16.741731801207536 0.4
    endloop
  endfacet
  facet normal 0 0 -1
    outer loop
      vertex -38 -17 0
      vertex -38 -12.2 0
      vertex -36.93669993847857 -12.153575316719294 0
    endloop
  endfacet
  facet normal 0 0 -1
    outer loop
      vertex -36.51835237328981 -16.935309867559674 0
      vertex -36.93669993847857 -12.153575316719294 0
      vertex -35.88149223246345 -12.014654586748938 0
    endloop
  endfacet
  facet normal 0 0 -1
    outer loop
      vertex -35.047980979662185 -16.741731801207536 0
      vertex -35.88149223246345 -12.014654586748938 0
      vertex -34.84240764974925 -11.784295080726633 0
    endloop
  endfacet
  facet normal 0 0 -1
    outer loop
      vertex -35.047980979662185 -16.741731801207536 0
      vertex -34.84240764974925 -11.784295080726633 0
      vertex -33.82735425142684 -11.464249973588082 0
    endloop
  endfacet
  facet normal 0 0 1
    outer loop
      vertex -40.952019020337815 -16.741731801207536 0.4
      vertex -39.48164762671019 -16.935309867559674 0.4
      vertex -40.11850776753655 -12.014654586748938 0.4
    endloop
  endfacet
  facet normal 0 0 1
    outer loop
      vertex -39.48164762671019 -16.935309867559674 0.4
      vertex -38 -17 0.4
      vertex -39.06330006152143 -12.153575316719294 0.4
    endloop
  endfacet
  facet normal 0 0 1
    outer loop
      vertex -39.48164762671019 -16.935309867559674 0.4
      vertex -39.06330006152143 -12.153575316719294 0.4
      vertex -40.11850776753655 -12.014654586748938 0.4
    endloop
  endfacet
  facet normal 0 0 1
    outer loop
      vertex -40.952019020337815 -16.741731801207536 0.4
      vertex -40.11850776753655 -12.014654586748938 0.4
      vertex -41.15759235025075 -11.784295080726633 0.4
    endloop
  endfacet
  facet normal 0 0 1
    outer loop
      vertex -38 -17 0.4
      vertex -38 -12.2 0.4
      vertex -39.06330006152143 -12.153575316719294 0.4
    endloop
  endfacet
  facet normal 0 0 1
    outer loop
      vertex -38 -17 0.4
      vertex -36.51835237328981 -16.935309867559674 0.4
      vertex -36.93669993847857 -12.153575316719294 0.4
    endloop
  endfacet
  facet normal 0 0 1
    outer loop
      vertex -36.51835237328981 -16.935309867559674 0.4
      vertex -35.047980979662185 -16.741731801207536 0.4
      vertex -36.93669993847857 -12.153575316719294 0.4
    endloop
  endfacet
  facet normal 0 0 1
    outer loop
      vertex -35.047980979662185 -16.741731801207536 0.4
      vertex -33.60007623325715 -16.42073904691416 0.4
      vertex -35.88149223246345 -12.014654586748938 0.4
    endloop
  endfacet
  facet normal 0 0 1
    outer loop
      vertex -38 -17 0.4
      vertex -36.93669993847857 -12.153575316719294 0.4
      vertex -38 -12.2 0.4
    endloop
  endfacet
  facet normal 0 0 1
    outer loop
      vertex -35.047980979662185 -16.741731801207536 0.4
      vertex -35.88149223246345 -12.014654586748938 0.4
      vertex -36.93669993847857 -12.153575316719294 0.4
    endloop
  endfacet
  facet normal 0 0 1
    outer loop
      vertex -33.60007623325715 -16.42073904691416 0.4
      vertex -34.84240764974925 -11.784295080726633 0.4
      vertex -35.88149223246345 -12.014654586748938 0.4
    endloop
  endfacet
  facet normal 0.21643961393810207 -0.9762960071199335 -4.6763050929643334e-17
    outer loop
      vertex -35.047980979662185 -16.741731801207536 0
      vertex -33.60007623325715 -16.42073904691416 0
      vertex -33.60007623325715 -16.42073904691416 0.4
    endloop
  endfacet
  facet normal 0.30070579950427284 -0.9537169507482269 -4.89628465337839e-18
    outer loop
      vertex -33.60007623325715 -16.42073904691416 0
      vertex -32.185657563463636 -15.974774553360444 0
      vertex -32.185657563463636 -15.974774553360444 0.4
    endloop
  endfacet
  facet normal 0 0 -1
    outer loop
      vertex -35.047980979662185 -16.741731801207536 0
      vertex -33.82735425142684 -11.464249973588082 0
      vertex -33.60007623325715 -16.42073904691416 0
    endloop
  endfacet
  facet normal 0.38268343236509017 -0.9238795325112865 4.982217620264941e-17
    outer loop
      vertex -32.185657563463636 -15.974774553360444 0
      vertex -30.81548955040811 -15.407232379623048 0
      vertex -30.81548955040811 -15.407232379623048 0.4
    endloop
  endfacet
  facet normal 0.30070579950427284 -0.9537169507482269 0
    outer loop
      vertex -33.60007623325715 -16.42073904691416 0
      vertex -32.185657563463636 -15.974774553360444 0.4
      vertex -33.60007623325715 -16.42073904691416 0.4
    endloop
  endfacet
  facet normal 0.38268343236509017 -0.9238795325112865 0
    outer loop
      vertex -32.185657563463636 -15.974774553360444 0
      vertex -30.81548955040811 -15.407232379623048 0.4
      vertex -32.185657563463636 -15.974774553360444 0.4
    endloop
  endfacet
  facet normal 0 0 -1
    outer loop
      vertex -33.60007623325715 -16.42073904691416 0
      vertex -32.844057206763466 -11.056955001847129 0
      vertex -32.185657563463636 -15.974774553360444 0
    endloop
  endfacet
  facet normal 0 0 -1
    outer loop
      vertex -33.60007623325715 -16.42073904691416 0
      vertex -33.82735425142684 -11.464249973588082 0
      vertex -32.844057206763466 -11.056955001847129 0
    endloop
  endfacet
  facet normal 0 0 -1
    outer loop
      vertex -32.185657563463636 -15.974774553360444 0
      vertex -31.9 -10.56550992617015 0
      vertex -30.81548955040811 -15.407232379623048 0
    endloop
  endfacet
  facet normal 0 0 -1
    outer loop
      vertex -32.185657563463636 -15.974774553360444 0
      vertex -32.844057206763466 -11.056955001847129 0
      vertex -31.9 -10.56550992617015 0
    endloop
  endfacet
  facet normal 0.46174861323503336 -0.8870108331782219 -1.3324561876984942e-17
    outer loop
      vertex -30.81548955040811 -15.407232379623048 0
      vertex -29.5 -14.722431864335457 0
      vertex -29.5 -14.722431864335457 0.4
    endloop
  endfacet
  facet normal 0.46174861323503336 -0.8870108331782219 0
    outer loop
      vertex -30.81548955040811 -15.407232379623048 0
      vertex -29.5 -14.722431864335457 0.4
      vertex -30.81548955040811 -15.407232379623048 0.4
    endloop
  endfacet
  facet normal 0 0 -1
    outer loop
      vertex -30.81548955040811 -15.407232379623048 0
      vertex -30.15799116182422 -9.345742206051531 0
      vertex -29.5 -14.722431864335457 0
    endloop
  endfacet
  facet normal 0.537299608346824 -0.8433914458128855 8.109277616425116e-17
    outer loop
      vertex -29.5 -14.722431864335457 0
      vertex -28.249200582032216 -13.92558475291286 0
      vertex -28.249200582032216 -13.92558475291286 0.4
    endloop
  endfacet
  facet normal 0.537299608346824 -0.8433914458128855 0
    outer loop
      vertex -29.5 -14.722431864335457 0
      vertex -28.249200582032216 -13.92558475291286 0.4
      vertex -29.5 -14.722431864335457 0.4
    endloop
  endfacet
  facet normal 0.6087614290087204 -0.7933533402912353 0
    outer loop
      vertex -28.249200582032216 -13.92558475291286 0
      vertex -27.072610635328832 -13.022755533022627 0.4
      vertex -28.249200582032216 -13.92558475291286 0.4
    endloop
  endfacet
  facet normal 0 0 1
    outer loop
      vertex -33.60007623325715 -16.42073904691416 0.4
      vertex -32.185657563463636 -15.974774553360444 0.4
      vertex -33.82735425142684 -11.464249973588082 0.4
    endloop
  endfacet
  facet normal 0 0 1
    outer loop
      vertex -33.60007623325715 -16.42073904691416 0.4
      vertex -33.82735425142684 -11.464249973588082 0.4
      vertex -34.84240764974925 -11.784295080726633 0.4
    endloop
  endfacet
  facet normal 0 0 1
    outer loop
      vertex -32.185657563463636 -15.974774553360444 0.4
      vertex -32.844057206763466 -11.056955001847129 0.4
      vertex -33.82735425142684 -11.464249973588082 0.4
    endloop
  endfacet
  facet normal 0 0 1
    outer loop
      vertex -32.185657563463636 -15.974774553360444 0.4
      vertex -30.81548955040811 -15.407232379623048 0.4
      vertex -32.844057206763466 -11.056955001847129 0.4
    endloop
  endfacet
  facet normal 0 0 1
    outer loop
      vertex -30.81548955040811 -15.407232379623048 0.4
      vertex -29.5 -14.722431864335457 0.4
      vertex -31.00236747651724 -9.9936549403257 0.4
    endloop
  endfacet
  facet normal 0 0 1
    outer loop
      vertex -29.5 -14.722431864335457 0.4
      vertex -28.249200582032216 -13.92558475291286 0.4
      vertex -30.15799116182422 -9.345742206051531 0.4
    endloop
  endfacet
  facet normal 0 0 -1
    outer loop
      vertex -30.81548955040811 -15.407232379623048 0
      vertex -31.9 -10.56550992617015 0
      vertex -31.00236747651724 -9.9936549403257 0
    endloop
  endfacet
  facet normal 0 0 -1
    outer loop
      vertex -30.81548955040811 -15.407232379623048 0
      vertex -31.00236747651724 -9.9936549403257 0
      vertex -30.15799116182422 -9.345742206051531 0
    endloop
  endfacet
  facet normal 0 0 -1
    outer loop
      vertex -29.5 -14.722431864335457 0
      vertex -30.15799116182422 -9.345742206051531 0
      vertex -29.37329726952412 -8.62670273047588 0
    endloop
  endfacet
  facet normal 0 0 -1
    outer loop
      vertex -29.5 -14.722431864335457 0
      vertex -28.654257793948467 -7.842008838175778 0
      vertex -28.249200582032216 -13.92558475291286 0
    endloop
  endfacet
  facet normal 0 0 -1
    outer loop
      vertex -29.5 -14.722431864335457 0
      vertex -29.37329726952412 -8.62670273047588 0
      vertex -28.654257793948467 -7.842008838175778 0
    endloop
  endfacet
  facet normal 0 0 -1
    outer loop
      vertex -28.249200582032216 -13.92558475291286 0
      vertex -27.43449007382985 -6.1 0
      vertex -27.072610635328832 -13.022755533022627 0
    endloop
  endfacet
  facet normal 0 0 -1
    outer loop
      vertex -28.249200582032216 -13.92558475291286 0
      vertex -28.654257793948467 -7.842008838175778 0
      vertex -28.006345059674302 -6.997632523482761 0
    endloop
  endfacet
  facet normal 0 0 -1
    outer loop
      vertex -28.249200582032216 -13.92558475291286 0
      vertex -28.006345059674302 -6.997632523482761 0
      vertex -27.43449007382985 -6.1 0
    endloop
  endfacet
  facet normal 0 0 1
    outer loop
      vertex -30.81548955040811 -15.407232379623048 0.4
      vertex -31.9 -10.56550992617015 0.4
      vertex -32.844057206763466 -11.056955001847129 0.4
    endloop
  endfacet
  facet normal 0 0 1
    outer loop
      vertex -30.81548955040811 -15.407232379623048 0.4
      vertex -31.00236747651724 -9.9936549403257 0.4
      vertex -31.9 -10.56550992617015 0.4
    endloop
  endfacet
  facet normal 0 0 1
    outer loop
      vertex -29.5 -14.722431864335457 0.4
      vertex -30.15799116182422 -9.345742206051531 0.4
      vertex -31.00236747651724 -9.9936549403257 0.4
    endloop
  endfacet
  facet normal 0 0 1
    outer loop
      vertex -28.249200582032216 -13.92558475291286 0.4
      vertex -29.37329726952412 -8.62670273047588 0.4
      vertex -30.15799116182422 -9.345742206051531 0.4
    endloop
  endfacet
  facet normal 0 0 1
    outer loop
      vertex -28.249200582032216 -13.92558475291286 0.4
      vertex -27.072610635328832 -13.022755533022627 0.4
      vertex -28.654257793948467 -7.842008838175778 0.4
    endloop
  endfacet
  facet normal 0 0 1
    outer loop
      vertex -28.249200582032216 -13.92558475291286 0.4
      vertex -28.654257793948467 -7.842008838175778 0.4
      vertex -29.37329726952412 -8.62670273047588 0.4
    endloop
  endfacet
  facet normal 0 0 1
    outer loop
      vertex -27.072610635328832 -13.022755533022627 0.4
      vertex -28.006345059674302 -6.997632523482761 0.4
      vertex -28.654257793948467 -7.842008838175778 0.4
    endloop
  endfacet
  facet normal 0 0 1
    outer loop
      vertex -27.072610635328832 -13.022755533022627 0.4
      vertex -27.43449007382985 -6.1 0.4
      vertex -28.006345059674302 -6.997632523482761 0.4
    endloop
  endfacet
  facet normal 0 0 -1
    outer loop
      vertex -54.741731801207536 -2.952019020337816 0
      vertex -54.741731801207536 2.952019020337816 0
      vertex -54.420739046914164 4.399923766742853 0
    endloop
  endfacet
  facet normal 0 0 -1
    outer loop
      vertex -54.420739046914164 -4.399923766742853 0
      vertex -54.420739046914164 4.399923766742853 0
      vertex -53.97477455336045 5.814342436536368 0
    endloop
  endfacet
  facet normal 0 0 -1
    outer loop
      vertex -53.97477455336045 -5.814342436536368 0
      vertex -53.97477455336045 5.814342436536368 0
      vertex -53.407232379623046 7.18451044959189 0
    endloop
  endfacet
  facet normal -0.9914448613738103 0.13052619222005254 1.9657201604349888e-17
    outer loop
      vertex -54.935309867559674 1.4816476267101888 0
      vertex -54.741731801207536 2.952019020337816 0.4
      vertex -54.741731801207536 2.952019020337816 0
    endloop
  endfacet
  facet normal 0 0 -1
    outer loop
      vertex -53.407232379623046 -7.18451044959189 0
      vertex -53.407232379623046 7.18451044959189 0
      vertex -52.722431864335455 8.5 0
    endloop
  endfacet
  facet normal -0.9914448613738103 0.13052619222005254 0
    outer loop
      vertex -54.935309867559674 1.4816476267101888 0
      vertex -54.935309867559674 1.4816476267101888 0.4
      vertex -54.741731801207536 2.952019020337816 0.4
    endloop
  endfacet
  facet normal -0.976296007119934 0.21643961393809977 -1.5499857384298446e-17
    outer loop
      vertex -54.741731801207536 2.952019020337816 0
      vertex -54.420739046914164 4.399923766742853 0.4
      vertex -54.420739046914164 4.399923766742853 0
    endloop
  endfacet
  facet normal -0.9537169507482272 0.30070579950427234 -6.045241208959167e-17
    outer loop
      vertex -54.420739046914164 4.399923766742853 0
      vertex -53.97477455336045 5.814342436536368 0.4
      vertex -53.97477455336045 5.814342436536368 0
    endloop
  endfacet
  facet normal 0 0 -1
    outer loop
      vertex -52.722431864335455 -8.5 0
      vertex -52.722431864335455 8.5 0
      vertex -51.92558475291286 9.750799417967784 0
    endloop
  endfacet
  facet normal 0 0 -1
    outer loop
      vertex -51.92558475291286 -9.750799417967784 0
      vertex -51.92558475291286 9.750799417967784 0
      vertex -51.022755533022625 10.927389364671168 0
    endloop
  endfacet
  facet normal -0.976296007119934 0.21643961393809977 0
    outer loop
      vertex -54.741731801207536 2.952019020337816 0
      vertex -54.741731801207536 2.952019020337816 0.4
      vertex -54.420739046914164 4.399923766742853 0.4
    endloop
  endfacet
  facet normal -0.9537169507482272 0.30070579950427234 0
    outer loop
      vertex -54.420739046914164 4.399923766742853 0
      vertex -54.420739046914164 4.399923766742853 0.4
      vertex -53.97477455336045 5.814342436536368 0.4
    endloop
  endfacet
  facet normal 0 0 -1
    outer loop
      vertex -51.022755533022625 -10.927389364671168 0
      vertex -51.022755533022625 10.927389364671168 0
      vertex -50.020815280171306 12.020815280171309 0
    endloop
  endfacet
  facet normal 0 0 -1
    outer loop
      vertex -50.020815280171306 12.020815280171309 0
      vertex -50.1535753167193 1.0633000615214296 0
      vertex -50.2 0 0
    endloop
  endfacet
  facet normal 0 0 -1
    outer loop
      vertex -50.020815280171306 12.020815280171309 0
      vertex -50.01465458674894 2.11850776753655 0
      vertex -50.1535753167193 1.0633000615214296 0
    endloop
  endfacet
  facet normal 0 0 1
    outer loop
      vertex -53.97477455336045 -5.814342436536368 0.4
      vertex -53.97477455336045 5.814342436536368 0.4
      vertex -54.420739046914164 4.399923766742853 0.4
    endloop
  endfacet
  facet normal 0 0 1
    outer loop
      vertex -53.407232379623046 -7.18451044959189 0.4
      vertex -53.407232379623046 7.18451044959189 0.4
      vertex -53.97477455336045 5.814342436536368 0.4
    endloop
  endfacet
  facet normal 0 0 1
    outer loop
      vertex -52.722431864335455 -8.5 0.4
      vertex -52.722431864335455 8.5 0.4
      vertex -53.407232379623046 7.18451044959189 0.4
    endloop
  endfacet
  facet normal 0 0 1
    outer loop
      vertex -51.92558475291286 -9.750799417967784 0.4
      vertex -51.92558475291286 9.750799417967784 0.4
      vertex -52.722431864335455 8.5 0.4
    endloop
  endfacet
  facet normal 0 0 1
    outer loop
      vertex -51.022755533022625 -10.927389364671168 0.4
      vertex -51.022755533022625 10.927389364671168 0.4
      vertex -51.92558475291286 9.750799417967784 0.4
    endloop
  endfacet
  facet normal 0 0 1
    outer loop
      vertex -51.022755533022625 10.927389364671168 0.4
      vertex -50.2 0 0.4
      vertex -50.1535753167193 1.0633000615214296 0.4
    endloop
  endfacet
  facet normal 0 0 1
    outer loop
      vertex -51.022755533022625 10.927389364671168 0.4
      vertex -50.1535753167193 1.0633000615214296 0.4
      vertex -50.01465458674894 2.11850776753655 0.4
    endloop
  endfacet
  facet normal -0.923879532511285 0.3826834323650941 -2.3781425812556167e-17
    outer loop
      vertex -53.97477455336045 5.814342436536368 0
      vertex -53.407232379623046 7.18451044959189 0.4
      vertex -53.407232379623046 7.18451044959189 0
    endloop
  endfacet
  facet normal -0.923879532511285 0.3826834323650941 0
    outer loop
      vertex -53.97477455336045 5.814342436536368 0
      vertex -53.97477455336045 5.814342436536368 0.4
      vertex -53.407232379623046 7.18451044959189 0.4
    endloop
  endfacet
  facet normal -0.8870108331782219 0.46174861323503336 0
    outer loop
      vertex -53.407232379623046 7.18451044959189 0
      vertex -53.407232379623046 7.18451044959189 0.4
      vertex -52.722431864335455 8.5 0.4
    endloop
  endfacet
  facet normal -0.8870108331782219 0.46174861323503336 -1.3324561876984942e-17
    outer loop
      vertex -53.407232379623046 7.18451044959189 0
      vertex -52.722431864335455 8.5 0.4
      vertex -52.722431864335455 8.5 0
    endloop
  endfacet
  facet normal -0.8433914458128866 0.5372996083468223 7.630520058084239e-17
    outer loop
      vertex -52.722431864335455 8.5 0
      vertex -51.92558475291286 9.750799417967784 0.4
      vertex -51.92558475291286 9.750799417967784 0
    endloop
  endfacet
  facet normal -0.8433914458128866 0.5372996083468223 0
    outer loop
      vertex -52.722431864335455 8.5 0
      vertex -52.722431864335455 8.5 0.4
      vertex -51.92558475291286 9.750799417967784 0.4
    endloop
  endfacet
  facet normal 0 0 -1
    outer loop
      vertex -50.020815280171306 12.020815280171309 0
      vertex -49.784295080726636 3.157592350250753 0
      vertex -50.01465458674894 2.11850776753655 0
    endloop
  endfacet
  facet normal 0 0 -1
    outer loop
      vertex -50.020815280171306 12.020815280171309 0
      vertex -49.46424997358808 4.172645748573158 0
      vertex -49.784295080726636 3.157592350250753 0
    endloop
  endfacet
  facet normal 0 0 -1
    outer loop
      vertex -48.92738936467117 13.022755533022627 0
      vertex -49.05695500184713 5.155942793236533 0
      vertex -49.46424997358808 4.172645748573158 0
    endloop
  endfacet
  facet normal 0 0 -1
    outer loop
      vertex -48.92738936467117 13.022755533022627 0
      vertex -48.56550992617015 6.1 0
      vertex -49.05695500184713 5.155942793236533 0
    endloop
  endfacet
  facet normal 0 0 -1
    outer loop
      vertex -50.020815280171306 12.020815280171309 0
      vertex -48.92738936467117 13.022755533022627 0
      vertex -49.46424997358808 4.172645748573158 0
    endloop
  endfacet
  facet normal 0 0 1
    outer loop
      vertex -50.020815280171306 12.020815280171309 0.4
      vertex -50.01465458674894 2.11850776753655 0.4
      vertex -49.784295080726636 3.157592350250753 0.4
    endloop
  endfacet
  facet normal 0 0 1
    outer loop
      vertex -50.020815280171306 12.020815280171309 0.4
      vertex -49.784295080726636 3.157592350250753 0.4
      vertex -49.46424997358808 4.172645748573158 0.4
    endloop
  endfacet
  facet normal 0 0 1
    outer loop
      vertex -50.020815280171306 12.020815280171309 0.4
      vertex -49.46424997358808 4.172645748573158 0.4
      vertex -49.05695500184713 5.155942793236533 0.4
    endloop
  endfacet
  facet normal 0 0 1
    outer loop
      vertex -51.022755533022625 10.927389364671168 0.4
      vertex -50.01465458674894 2.11850776753655 0.4
      vertex -50.020815280171306 12.020815280171309 0.4
    endloop
  endfacet
  facet normal 0 0 1
    outer loop
      vertex -50.020815280171306 12.020815280171309 0.4
      vertex -49.05695500184713 5.155942793236533 0.4
      vertex -48.56550992617015 6.1 0.4
    endloop
  endfacet
  facet normal 0 0 1
    outer loop
      vertex -48.92738936467117 13.022755533022627 0.4
      vertex -48.56550992617015 6.1 0.4
      vertex -47.9936549403257 6.997632523482761 0.4
    endloop
  endfacet
  facet normal 0 0 -1
    outer loop
      vertex -47.750799417967784 13.92558475291286 0
      vertex -47.9936549403257 6.997632523482761 0
      vertex -48.56550992617015 6.1 0
    endloop
  endfacet
  facet normal 0 0 -1
    outer loop
      vertex -47.750799417967784 13.92558475291286 0
      vertex -47.34574220605153 7.842008838175778 0
      vertex -47.9936549403257 6.997632523482761 0
    endloop
  endfacet
  facet normal 0 0 1
    outer loop
      vertex -48.92738936467117 13.022755533022627 0.4
      vertex -47.9936549403257 6.997632523482761 0.4
      vertex -47.34574220605153 7.842008838175778 0.4
    endloop
  endfacet
  facet normal -0.7933533402912342 0.608761429008722 0
    outer loop
      vertex -51.92558475291286 9.750799417967784 0
      vertex -51.92558475291286 9.750799417967784 0.4
      vertex -51.022755533022625 10.927389364671168 0.4
    endloop
  endfacet
  facet normal -0.7933533402912342 0.608761429008722 1.5975526601478433e-16
    outer loop
      vertex -51.92558475291286 9.750799417967784 0
      vertex -51.022755533022625 10.927389364671168 0.4
      vertex -51.022755533022625 10.927389364671168 0
    endloop
  endfacet
  facet normal -0.7372773368101243 0.67559020761566 9.411511569016747e-18
    outer loop
      vertex -51.022755533022625 10.927389364671168 0
      vertex -50.020815280171306 12.020815280171309 0.4
      vertex -50.020815280171306 12.020815280171309 0
    endloop
  endfacet
  facet normal 0 0 -1
    outer loop
      vertex -48.92738936467117 13.022755533022627 0
      vertex -47.750799417967784 13.92558475291286 0
      vertex -48.56550992617015 6.1 0
    endloop
  endfacet
  facet normal -0.7372773368101243 0.67559020761566 0
    outer loop
      vertex -51.022755533022625 10.927389364671168 0
      vertex -51.022755533022625 10.927389364671168 0.4
      vertex -50.020815280171306 12.020815280171309 0.4
    endloop
  endfacet
  facet normal -0.6755902076156616 0.7372773368101226 0
    outer loop
      vertex -50.020815280171306 12.020815280171309 0
      vertex -50.020815280171306 12.020815280171309 0.4
      vertex -48.92738936467117 13.022755533022627 0
    endloop
  endfacet
  facet normal -0.6087614290087193 0.7933533402912362 0
    outer loop
      vertex -48.92738936467117 13.022755533022627 0
      vertex -48.92738936467117 13.022755533022627 0.4
      vertex -47.750799417967784 13.92558475291286 0
    endloop
  endfacet
  facet normal -0.6755902076156616 0.7372773368101226 0
    outer loop
      vertex -48.92738936467117 13.022755533022627 0
      vertex -50.020815280171306 12.020815280171309 0.4
      vertex -48.92738936467117 13.022755533022627 0.4
    endloop
  endfacet
  facet normal -0.6087614290087193 0.7933533402912362 0
    outer loop
      vertex -47.750799417967784 13.92558475291286 0
      vertex -48.92738936467117 13.022755533022627 0.4
      vertex -47.750799417967784 13.92558475291286 0.4
    endloop
  endfacet
  facet normal 0 0 1
    outer loop
      vertex -50.020815280171306 12.020815280171309 0.4
      vertex -48.56550992617015 6.1 0.4
      vertex -48.92738936467117 13.022755533022627 0.4
    endloop
  endfacet
  facet normal 0 0 -1
    outer loop
      vertex -46.5 14.722431864335457 0
      vertex -46.626702730475884 8.62670273047588 0
      vertex -47.34574220605153 7.842008838175778 0
    endloop
  endfacet
  facet normal 0 0 -1
    outer loop
      vertex -47.750799417967784 13.92558475291286 0
      vertex -46.5 14.722431864335457 0
      vertex -47.34574220605153 7.842008838175778 0
    endloop
  endfacet
  facet normal 0 0 -1
    outer loop
      vertex -46.5 14.722431864335457 0
      vertex -45.84200883817578 9.345742206051531 0
      vertex -46.626702730475884 8.62670273047588 0
    endloop
  endfacet
  facet normal 0 0 -1
    outer loop
      vertex -45.18451044959189 15.407232379623048 0
      vertex -44.997632523482764 9.9936549403257 0
      vertex -45.84200883817578 9.345742206051531 0
    endloop
  endfacet
  facet normal 0 0 -1
    outer loop
      vertex -45.18451044959189 15.407232379623048 0
      vertex -44.1 10.56550992617015 0
      vertex -44.997632523482764 9.9936549403257 0
    endloop
  endfacet
  facet normal -0.537299608346824 0.8433914458128855 0
    outer loop
      vertex -47.750799417967784 13.92558475291286 0
      vertex -47.750799417967784 13.92558475291286 0.4
      vertex -46.5 14.722431864335457 0
    endloop
  endfacet
  facet normal 0 0 -1
    outer loop
      vertex -46.5 14.722431864335457 0
      vertex -45.18451044959189 15.407232379623048 0
      vertex -45.84200883817578 9.345742206051531 0
    endloop
  endfacet
  facet normal -0.537299608346824 0.8433914458128855 0
    outer loop
      vertex -46.5 14.722431864335457 0
      vertex -47.750799417967784 13.92558475291286 0.4
      vertex -46.5 14.722431864335457 0.4
    endloop
  endfacet
  facet normal 0 0 -1
    outer loop
      vertex -43.814342436536364 15.974774553360444 0
      vertex -43.155942793236534 11.056955001847129 0
      vertex -44.1 10.56550992617015 0
    endloop
  endfacet
  facet normal 0 0 -1
    outer loop
      vertex -45.18451044959189 15.407232379623048 0
      vertex -43.814342436536364 15.974774553360444 0
      vertex -44.1 10.56550992617015 0
    endloop
  endfacet
  facet normal 0 0 -1
    outer loop
      vertex -42.39992376674285 16.42073904691416 0
      vertex -42.17264574857316 11.464249973588082 0
      vertex -43.155942793236534 11.056955001847129 0
    endloop
  endfacet
  facet normal 0 0 -1
    outer loop
      vertex -40.952019020337815 16.741731801207536 0
      vertex -41.15759235025075 11.784295080726633 0
      vertex -42.17264574857316 11.464249973588082 0
    endloop
  endfacet
  facet normal 0 0 1
    outer loop
      vertex -47.750799417967784 13.92558475291286 0.4
      vertex -47.34574220605153 7.842008838175778 0.4
      vertex -46.626702730475884 8.62670273047588 0.4
    endloop
  endfacet
  facet normal 0 0 1
    outer loop
      vertex -47.750799417967784 13.92558475291286 0.4
      vertex -46.626702730475884 8.62670273047588 0.4
      vertex -45.84200883817578 9.345742206051531 0.4
    endloop
  endfacet
  facet normal 0 0 1
    outer loop
      vertex -48.92738936467117 13.022755533022627 0.4
      vertex -47.34574220605153 7.842008838175778 0.4
      vertex -47.750799417967784 13.92558475291286 0.4
    endloop
  endfacet
  facet normal 0 0 1
    outer loop
      vertex -46.5 14.722431864335457 0.4
      vertex -45.84200883817578 9.345742206051531 0.4
      vertex -44.997632523482764 9.9936549403257 0.4
    endloop
  endfacet
  facet normal 0 0 1
    outer loop
      vertex -45.18451044959189 15.407232379623048 0.4
      vertex -44.997632523482764 9.9936549403257 0.4
      vertex -44.1 10.56550992617015 0.4
    endloop
  endfacet
  facet normal 0 0 1
    outer loop
      vertex -47.750799417967784 13.92558475291286 0.4
      vertex -45.84200883817578 9.345742206051531 0.4
      vertex -46.5 14.722431864335457 0.4
    endloop
  endfacet
  facet normal 0 0 1
    outer loop
      vertex -46.5 14.722431864335457 0.4
      vertex -44.997632523482764 9.9936549403257 0.4
      vertex -45.18451044959189 15.407232379623048 0.4
    endloop
  endfacet
  facet normal 0 0 1
    outer loop
      vertex -45.18451044959189 15.407232379623048 0.4
      vertex -44.1 10.56550992617015 0.4
      vertex -43.155942793236534 11.056955001847129 0.4
    endloop
  endfacet
  facet normal 0 0 1
    outer loop
      vertex -43.814342436536364 15.974774553360444 0.4
      vertex -43.155942793236534 11.056955001847129 0.4
      vertex -42.17264574857316 11.464249973588082 0.4
    endloop
  endfacet
  facet normal 0 0 1
    outer loop
      vertex -45.18451044959189 15.407232379623048 0.4
      vertex -43.155942793236534 11.056955001847129 0.4
      vertex -43.814342436536364 15.974774553360444 0.4
    endloop
  endfacet
  facet normal 0 0 1
    outer loop
      vertex -42.39992376674285 16.42073904691416 0.4
      vertex -42.17264574857316 11.464249973588082 0.4
      vertex -41.15759235025075 11.784295080726633 0.4
    endloop
  endfacet
  facet normal -0.46174861323503336 0.8870108331782219 0
    outer loop
      vertex -46.5 14.722431864335457 0
      vertex -46.5 14.722431864335457 0.4
      vertex -45.18451044959189 15.407232379623048 0
    endloop
  endfacet
  facet normal -0.38268343236509017 0.9238795325112865 0
    outer loop
      vertex -45.18451044959189 15.407232379623048 0
      vertex -45.18451044959189 15.407232379623048 0.4
      vertex -43.814342436536364 15.974774553360444 0
    endloop
  endfacet
  facet normal -0.46174861323503336 0.8870108331782219 0
    outer loop
      vertex -45.18451044959189 15.407232379623048 0
      vertex -46.5 14.722431864335457 0.4
      vertex -45.18451044959189 15.407232379623048 0.4
    endloop
  endfacet
  facet normal 0 0 -1
    outer loop
      vertex -43.814342436536364 15.974774553360444 0
      vertex -42.39992376674285 16.42073904691416 0
      vertex -43.155942793236534 11.056955001847129 0
    endloop
  endfacet
  facet normal -0.30070579950427284 0.9537169507482269 0
    outer loop
      vertex -43.814342436536364 15.974774553360444 0
      vertex -43.814342436536364 15.974774553360444 0.4
      vertex -42.39992376674285 16.42073904691416 0
    endloop
  endfacet
  facet normal 0 0 -1
    outer loop
      vertex -42.39992376674285 16.42073904691416 0
      vertex -40.952019020337815 16.741731801207536 0
      vertex -42.17264574857316 11.464249973588082 0
    endloop
  endfacet
  facet normal -0.21643961393810207 0.9762960071199335 0
    outer loop
      vertex -42.39992376674285 16.42073904691416 0
      vertex -42.39992376674285 16.42073904691416 0.4
      vertex -40.952019020337815 16.741731801207536 0
    endloop
  endfacet
  facet normal -0.38268343236509017 0.9238795325112865 0
    outer loop
      vertex -43.814342436536364 15.974774553360444 0
      vertex -45.18451044959189 15.407232379623048 0.4
      vertex -43.814342436536364 15.974774553360444 0.4
    endloop
  endfacet
  facet normal -0.30070579950427284 0.9537169507482269 0
    outer loop
      vertex -42.39992376674285 16.42073904691416 0
      vertex -43.814342436536364 15.974774553360444 0.4
      vertex -42.39992376674285 16.42073904691416 0.4
    endloop
  endfacet
  facet normal -0.21643961393810207 0.9762960071199335 0
    outer loop
      vertex -40.952019020337815 16.741731801207536 0
      vertex -42.39992376674285 16.42073904691416 0.4
      vertex -40.952019020337815 16.741731801207536 0.4
    endloop
  endfacet
  facet normal 0 0 1
    outer loop
      vertex -43.814342436536364 15.974774553360444 0.4
      vertex -42.17264574857316 11.464249973588082 0.4
      vertex -42.39992376674285 16.42073904691416 0.4
    endloop
  endfacet
  facet normal 0 0 -1
    outer loop
      vertex -27.072610635328832 13.022755533022627 0
      vertex -27.43449007382985 6.1 0
      vertex -28.006345059674302 6.997632523482761 0
    endloop
  endfacet
  facet normal 0 0 -1
    outer loop
      vertex -27.072610635328832 13.022755533022627 0
      vertex -28.006345059674302 6.997632523482761 0
      vertex -28.654257793948467 7.842008838175778 0
    endloop
  endfacet
  facet normal 0 0 1
    outer loop
      vertex -28.249200582032216 13.92558475291286 0.4
      vertex -28.006345059674302 6.997632523482761 0.4
      vertex -27.43449007382985 6.1 0.4
    endloop
  endfacet
  facet normal 0 0 1
    outer loop
      vertex -28.249200582032216 13.92558475291286 0.4
      vertex -28.654257793948467 7.842008838175778 0.4
      vertex -28.006345059674302 6.997632523482761 0.4
    endloop
  endfacet
  facet normal 0 0 -1
    outer loop
      vertex -40.952019020337815 16.741731801207536 0
      vertex -40.11850776753655 12.014654586748938 0
      vertex -41.15759235025075 11.784295080726633 0
    endloop
  endfacet
  facet normal 0 0 -1
    outer loop
      vertex -39.48164762671019 16.935309867559674 0
      vertex -39.06330006152143 12.153575316719294 0
      vertex -40.11850776753655 12.014654586748938 0
    endloop
  endfacet
  facet normal 0 0 -1
    outer loop
      vertex -39 16.956339057091487 0
      vertex -39 12.156339057091486 0
      vertex -39.06330006152143 12.153575316719294 0
    endloop
  endfacet
  facet normal 0 0 -1
    outer loop
      vertex -37 12.156339057091486 0
      vertex -37 16.956339057091487 0
      vertex -36.93669993847857 12.153575316719294 0
    endloop
  endfacet
  facet normal 0 0 -1
    outer loop
      vertex -35.047980979662185 16.741731801207536 0
      vertex -35.88149223246345 12.014654586748938 0
      vertex -36.93669993847857 12.153575316719294 0
    endloop
  endfacet
  facet normal 0 0 -1
    outer loop
      vertex -33.60007623325715 16.42073904691416 0
      vertex -34.84240764974925 11.784295080726633 0
      vertex -35.88149223246345 12.014654586748938 0
    endloop
  endfacet
  facet normal 0 0 1
    outer loop
      vertex -42.39992376674285 16.42073904691416 0.4
      vertex -41.15759235025075 11.784295080726633 0.4
      vertex -40.11850776753655 12.014654586748938 0.4
    endloop
  endfacet
  facet normal 0 0 1
    outer loop
      vertex -40.952019020337815 16.741731801207536 0.4
      vertex -40.11850776753655 12.014654586748938 0.4
      vertex -39.06330006152143 12.153575316719294 0.4
    endloop
  endfacet
  facet normal 0 0 1
    outer loop
      vertex -39 12.156339057091486 0.4
      vertex -39 16.956339057091487 0.4
      vertex -39.06330006152143 12.153575316719294 0.4
    endloop
  endfacet
  facet normal 0 0 1
    outer loop
      vertex -37 16.956339057091487 0.4
      vertex -37 12.156339057091486 0.4
      vertex -36.93669993847857 12.153575316719294 0.4
    endloop
  endfacet
  facet normal 0 0 1
    outer loop
      vertex -36.51835237328981 16.935309867559674 0.4
      vertex -36.93669993847857 12.153575316719294 0.4
      vertex -35.88149223246345 12.014654586748938 0.4
    endloop
  endfacet
  facet normal 0 0 1
    outer loop
      vertex -35.047980979662185 16.741731801207536 0.4
      vertex -34.84240764974925 11.784295080726633 0.4
      vertex -33.82735425142684 11.464249973588082 0.4
    endloop
  endfacet
  facet normal 0 0 1
    outer loop
      vertex -35.047980979662185 16.741731801207536 0.4
      vertex -35.88149223246345 12.014654586748938 0.4
      vertex -34.84240764974925 11.784295080726633 0.4
    endloop
  endfacet
  facet normal 0 0 -1
    outer loop
      vertex -40.952019020337815 16.741731801207536 0
      vertex -39.48164762671019 16.935309867559674 0
      vertex -40.11850776753655 12.014654586748938 0
    endloop
  endfacet
  facet normal 0 0 -1
    outer loop
      vertex -39.48164762671019 16.935309867559674 0
      vertex -39 16.956339057091487 0
      vertex -39.06330006152143 12.153575316719294 0
    endloop
  endfacet
  facet normal -0.1305261922200529 0.9914448613738103 0
    outer loop
      vertex -40.952019020337815 16.741731801207536 0
      vertex -40.952019020337815 16.741731801207536 0.4
      vertex -39.48164762671019 16.935309867559674 0
    endloop
  endfacet
  facet normal -0.04361938736533363 0.9990482215818578 0
    outer loop
      vertex -39.48164762671019 16.935309867559674 0
      vertex -39.48164762671019 16.935309867559674 0.4
      vertex -39 16.956339057091487 0
    endloop
  endfacet
  facet normal -0.1305261922200529 0.9914448613738103 0
    outer loop
      vertex -39.48164762671019 16.935309867559674 0
      vertex -40.952019020337815 16.741731801207536 0.4
      vertex -39.48164762671019 16.935309867559674 0.4
    endloop
  endfacet
  facet normal -0.04361938736533363 0.9990482215818578 -2.414643714401192e-18
    outer loop
      vertex -39.48164762671019 16.935309867559674 0.4
      vertex -39 16.956339057091487 0.4
      vertex -39 16.956339057091487 0
    endloop
  endfacet
  facet normal 0 0 -1
    outer loop
      vertex -36.51835237328981 16.935309867559674 0
      vertex -36.93669993847857 12.153575316719294 0
      vertex -37 16.956339057091487 0
    endloop
  endfacet
  facet normal 0 0 -1
    outer loop
      vertex -36.51835237328981 16.935309867559674 0
      vertex -35.047980979662185 16.741731801207536 0
      vertex -36.93669993847857 12.153575316719294 0
    endloop
  endfacet
  facet normal 0 0 -1
    outer loop
      vertex -35.047980979662185 16.741731801207536 0
      vertex -33.60007623325715 16.42073904691416 0
      vertex -35.88149223246345 12.014654586748938 0
    endloop
  endfacet
  facet normal 0.21643961393810207 0.9762960071199335 0
    outer loop
      vertex -35.047980979662185 16.741731801207536 0
      vertex -35.047980979662185 16.741731801207536 0.4
      vertex -33.60007623325715 16.42073904691416 0
    endloop
  endfacet
  facet normal 0.04361938736533363 0.9990482215818578 2.414643714401192e-18
    outer loop
      vertex -36.51835237328981 16.935309867559674 0
      vertex -37 16.956339057091487 0
      vertex -37 16.956339057091487 0.4
    endloop
  endfacet
  facet normal 0.1305261922200529 0.9914448613738103 0
    outer loop
      vertex -36.51835237328981 16.935309867559674 0
      vertex -36.51835237328981 16.935309867559674 0.4
      vertex -35.047980979662185 16.741731801207536 0
    endloop
  endfacet
  facet normal 0.04361938736533363 0.9990482215818578 0
    outer loop
      vertex -36.51835237328981 16.935309867559674 0
      vertex -37 16.956339057091487 0.4
      vertex -36.51835237328981 16.935309867559674 0.4
    endloop
  endfacet
  facet normal 0.1305261922200529 0.9914448613738103 0
    outer loop
      vertex -35.047980979662185 16.741731801207536 0
      vertex -36.51835237328981 16.935309867559674 0.4
      vertex -35.047980979662185 16.741731801207536 0.4
    endloop
  endfacet
  facet normal 0 0 1
    outer loop
      vertex -42.39992376674285 16.42073904691416 0.4
      vertex -40.11850776753655 12.014654586748938 0.4
      vertex -40.952019020337815 16.741731801207536 0.4
    endloop
  endfacet
  facet normal 0 0 1
    outer loop
      vertex -40.952019020337815 16.741731801207536 0.4
      vertex -39.06330006152143 12.153575316719294 0.4
      vertex -39.48164762671019 16.935309867559674 0.4
    endloop
  endfacet
  facet normal 0 0 1
    outer loop
      vertex -39.48164762671019 16.935309867559674 0.4
      vertex -39.06330006152143 12.153575316719294 0.4
      vertex -39 16.956339057091487 0.4
    endloop
  endfacet
  facet normal 0 0 1
    outer loop
      vertex -36.51835237328981 16.935309867559674 0.4
      vertex -37 16.956339057091487 0.4
      vertex -36.93669993847857 12.153575316719294 0.4
    endloop
  endfacet
  facet normal 0 0 1
    outer loop
      vertex -36.51835237328981 16.935309867559674 0.4
      vertex -35.88149223246345 12.014654586748938 0.4
      vertex -35.047980979662185 16.741731801207536 0.4
    endloop
  endfacet
  facet normal 0 0 -1
    outer loop
      vertex -30.81548955040811 15.407232379623048 0
      vertex -31.00236747651724 9.9936549403257 0
      vertex -31.9 10.56550992617015 0
    endloop
  endfacet
  facet normal 0 0 -1
    outer loop
      vertex -33.60007623325715 16.42073904691416 0
      vertex -33.82735425142684 11.464249973588082 0
      vertex -34.84240764974925 11.784295080726633 0
    endloop
  endfacet
  facet normal 0 0 -1
    outer loop
      vertex -32.185657563463636 15.974774553360444 0
      vertex -32.844057206763466 11.056955001847129 0
      vertex -33.82735425142684 11.464249973588082 0
    endloop
  endfacet
  facet normal 0 0 -1
    outer loop
      vertex -30.81548955040811 15.407232379623048 0
      vertex -31.9 10.56550992617015 0
      vertex -32.844057206763466 11.056955001847129 0
    endloop
  endfacet
  facet normal 0 0 -1
    outer loop
      vertex -32.185657563463636 15.974774553360444 0
      vertex -30.81548955040811 15.407232379623048 0
      vertex -32.844057206763466 11.056955001847129 0
    endloop
  endfacet
  facet normal 0 0 -1
    outer loop
      vertex -28.249200582032216 13.92558475291286 0
      vertex -29.37329726952412 8.62670273047588 0
      vertex -30.15799116182422 9.345742206051531 0
    endloop
  endfacet
  facet normal 0 0 -1
    outer loop
      vertex -29.5 14.722431864335457 0
      vertex -30.15799116182422 9.345742206051531 0
      vertex -31.00236747651724 9.9936549403257 0
    endloop
  endfacet
  facet normal 0 0 -1
    outer loop
      vertex -28.249200582032216 13.92558475291286 0
      vertex -28.654257793948467 7.842008838175778 0
      vertex -29.37329726952412 8.62670273047588 0
    endloop
  endfacet
  facet normal 0 0 -1
    outer loop
      vertex -28.249200582032216 13.92558475291286 0
      vertex -27.072610635328832 13.022755533022627 0
      vertex -28.654257793948467 7.842008838175778 0
    endloop
  endfacet
  facet normal 0 0 -1
    outer loop
      vertex -29.5 14.722431864335457 0
      vertex -28.249200582032216 13.92558475291286 0
      vertex -30.15799116182422 9.345742206051531 0
    endloop
  endfacet
  facet normal 0 0 -1
    outer loop
      vertex -30.81548955040811 15.407232379623048 0
      vertex -29.5 14.722431864335457 0
      vertex -31.00236747651724 9.9936549403257 0
    endloop
  endfacet
  facet normal 0.537299608346824 0.8433914458128855 0
    outer loop
      vertex -29.5 14.722431864335457 0
      vertex -29.5 14.722431864335457 0.4
      vertex -28.249200582032216 13.92558475291286 0
    endloop
  endfacet
  facet normal 0.6087614290087204 0.7933533402912353 0
    outer loop
      vertex -28.249200582032216 13.92558475291286 0
      vertex -28.249200582032216 13.92558475291286 0.4
      vertex -27.072610635328832 13.022755533022627 0
    endloop
  endfacet
  facet normal 0.537299608346824 0.8433914458128855 0
    outer loop
      vertex -28.249200582032216 13.92558475291286 0
      vertex -29.5 14.722431864335457 0.4
      vertex -28.249200582032216 13.92558475291286 0.4
    endloop
  endfacet
  facet normal 0 0 1
    outer loop
      vertex -30.81548955040811 15.407232379623048 0.4
      vertex -31.9 10.56550992617015 0.4
      vertex -31.00236747651724 9.9936549403257 0.4
    endloop
  endfacet
  facet normal 0 0 1
    outer loop
      vertex -33.60007623325715 16.42073904691416 0.4
      vertex -33.82735425142684 11.464249973588082 0.4
      vertex -32.844057206763466 11.056955001847129 0.4
    endloop
  endfacet
  facet normal 0 0 1
    outer loop
      vertex -32.185657563463636 15.974774553360444 0.4
      vertex -32.844057206763466 11.056955001847129 0.4
      vertex -31.9 10.56550992617015 0.4
    endloop
  endfacet
  facet normal 0 0 1
    outer loop
      vertex -32.185657563463636 15.974774553360444 0.4
      vertex -31.9 10.56550992617015 0.4
      vertex -30.81548955040811 15.407232379623048 0.4
    endloop
  endfacet
  facet normal 0 0 1
    outer loop
      vertex -29.5 14.722431864335457 0.4
      vertex -30.15799116182422 9.345742206051531 0.4
      vertex -29.37329726952412 8.62670273047588 0.4
    endloop
  endfacet
  facet normal 0 0 1
    outer loop
      vertex -30.81548955040811 15.407232379623048 0.4
      vertex -31.00236747651724 9.9936549403257 0.4
      vertex -30.15799116182422 9.345742206051531 0.4
    endloop
  endfacet
  facet normal 0 0 1
    outer loop
      vertex -29.5 14.722431864335457 0.4
      vertex -29.37329726952412 8.62670273047588 0.4
      vertex -28.654257793948467 7.842008838175778 0.4
    endloop
  endfacet
  facet normal 0 0 1
    outer loop
      vertex -28.249200582032216 13.92558475291286 0.4
      vertex -27.43449007382985 6.1 0.4
      vertex -27.072610635328832 13.022755533022627 0.4
    endloop
  endfacet
  facet normal 0 0 1
    outer loop
      vertex -29.5 14.722431864335457 0.4
      vertex -28.654257793948467 7.842008838175778 0.4
      vertex -28.249200582032216 13.92558475291286 0.4
    endloop
  endfacet
  facet normal 0 0 1
    outer loop
      vertex -30.81548955040811 15.407232379623048 0.4
      vertex -30.15799116182422 9.345742206051531 0.4
      vertex -29.5 14.722431864335457 0.4
    endloop
  endfacet
  facet normal 0 0 -1
    outer loop
      vertex -33.60007623325715 16.42073904691416 0
      vertex -32.185657563463636 15.974774553360444 0
      vertex -33.82735425142684 11.464249973588082 0
    endloop
  endfacet
  facet normal 0.30070579950427284 0.9537169507482269 0
    outer loop
      vertex -33.60007623325715 16.42073904691416 0
      vertex -33.60007623325715 16.42073904691416 0.4
      vertex -32.185657563463636 15.974774553360444 0
    endloop
  endfacet
  facet normal 0.38268343236509017 0.9238795325112865 0
    outer loop
      vertex -32.185657563463636 15.974774553360444 0
      vertex -32.185657563463636 15.974774553360444 0.4
      vertex -30.81548955040811 15.407232379623048 0
    endloop
  endfacet
  facet normal 0.21643961393810207 0.9762960071199335 0
    outer loop
      vertex -33.60007623325715 16.42073904691416 0
      vertex -35.047980979662185 16.741731801207536 0.4
      vertex -33.60007623325715 16.42073904691416 0.4
    endloop
  endfacet
  facet normal 0.30070579950427284 0.9537169507482269 0
    outer loop
      vertex -32.185657563463636 15.974774553360444 0
      vertex -33.60007623325715 16.42073904691416 0.4
      vertex -32.185657563463636 15.974774553360444 0.4
    endloop
  endfacet
  facet normal 0.38268343236509017 0.9238795325112865 0
    outer loop
      vertex -30.81548955040811 15.407232379623048 0
      vertex -32.185657563463636 15.974774553360444 0.4
      vertex -30.81548955040811 15.407232379623048 0.4
    endloop
  endfacet
  facet normal 0.46174861323503336 0.8870108331782219 0
    outer loop
      vertex -30.81548955040811 15.407232379623048 0
      vertex -30.81548955040811 15.407232379623048 0.4
      vertex -29.5 14.722431864335457 0
    endloop
  endfacet
  facet normal 0.46174861323503336 0.8870108331782219 0
    outer loop
      vertex -29.5 14.722431864335457 0
      vertex -30.81548955040811 15.407232379623048 0.4
      vertex -29.5 14.722431864335457 0.4
    endloop
  endfacet
  facet normal 0 0 1
    outer loop
      vertex -35.047980979662185 16.741731801207536 0.4
      vertex -33.82735425142684 11.464249973588082 0.4
      vertex -33.60007623325715 16.42073904691416 0.4
    endloop
  endfacet
  facet normal 0 0 1
    outer loop
      vertex -33.60007623325715 16.42073904691416 0.4
      vertex -32.844057206763466 11.056955001847129 0.4
      vertex -32.185657563463636 15.974774553360444 0.4
    endloop
  endfacet
  facet normal 0.6087614290087204 -0.7933533402912353 -1.4920797867089368e-16
    outer loop
      vertex -28.249200582032216 -13.92558475291286 0
      vertex -27.072610635328832 -13.022755533022627 0
      vertex -27.072610635328832 -13.022755533022627 0.4
    endloop
  endfacet
  facet normal 0.6755902076156594 -0.7372773368101249 0
    outer loop
      vertex -27.072610635328832 -13.022755533022627 0
      vertex -25.97918471982869 -12.020815280171309 0.4
      vertex -27.072610635328832 -13.022755533022627 0.4
    endloop
  endfacet
  facet normal 0.6755902076156594 -0.7372773368101249 1.0395737000092909e-16
    outer loop
      vertex -27.072610635328832 -13.022755533022627 0
      vertex -25.97918471982869 -12.020815280171309 0
      vertex -25.97918471982869 -12.020815280171309 0.4
    endloop
  endfacet
  facet normal 0.7372773368101254 -0.6755902076156587 0
    outer loop
      vertex -25.97918471982869 -12.020815280171309 0
      vertex -24.977244466977375 -10.927389364671168 0
      vertex -25.97918471982869 -12.020815280171309 0.4
    endloop
  endfacet
  facet normal 0.7933533402912342 -0.608761429008722 0
    outer loop
      vertex -24.977244466977375 -10.927389364671168 0
      vertex -24.07441524708714 -9.750799417967784 0
      vertex -24.977244466977375 -10.927389364671168 0.4
    endloop
  endfacet
  facet normal 0.7372773368101254 -0.6755902076156587 0
    outer loop
      vertex -24.977244466977375 -10.927389364671168 0
      vertex -24.977244466977375 -10.927389364671168 0.4
      vertex -25.97918471982869 -12.020815280171309 0.4
    endloop
  endfacet
  facet normal 0 0 -1
    outer loop
      vertex -27.072610635328832 -13.022755533022627 0
      vertex -26.535750026411918 -4.172645748573158 0
      vertex -25.97918471982869 -12.020815280171309 0
    endloop
  endfacet
  facet normal 0 0 -1
    outer loop
      vertex -27.072610635328832 -13.022755533022627 0
      vertex -27.43449007382985 -6.1 0
      vertex -26.94304499815287 -5.155942793236533 0
    endloop
  endfacet
  facet normal 0.7933533402912342 -0.608761429008722 0
    outer loop
      vertex -24.07441524708714 -9.750799417967784 0
      vertex -24.07441524708714 -9.750799417967784 0.4
      vertex -24.977244466977375 -10.927389364671168 0.4
    endloop
  endfacet
  facet normal 0.8433914458128866 -0.5372996083468223 0
    outer loop
      vertex -24.07441524708714 -9.750799417967784 0
      vertex -23.277568135664545 -8.5 0
      vertex -24.07441524708714 -9.750799417967784 0.4
    endloop
  endfacet
  facet normal 0.8870108331782219 -0.46174861323503336 0
    outer loop
      vertex -23.277568135664545 -8.5 0
      vertex -22.592767620376954 -7.18451044959189 0
      vertex -23.277568135664545 -8.5 0.4
    endloop
  endfacet
  facet normal 0.8433914458128866 -0.5372996083468223 0
    outer loop
      vertex -23.277568135664545 -8.5 0
      vertex -23.277568135664545 -8.5 0.4
      vertex -24.07441524708714 -9.750799417967784 0.4
    endloop
  endfacet
  facet normal 0 0 1
    outer loop
      vertex -27.072610635328832 -13.022755533022627 0.4
      vertex -25.97918471982869 -12.020815280171309 0.4
      vertex -27.43449007382985 -6.1 0.4
    endloop
  endfacet
  facet normal 0 0 1
    outer loop
      vertex -25.97918471982869 -12.020815280171309 0.4
      vertex -24.977244466977375 -10.927389364671168 0.4
      vertex -25.98534541325106 -2.11850776753655 0.4
    endloop
  endfacet
  facet normal 0 0 -1
    outer loop
      vertex -27.072610635328832 -13.022755533022627 0
      vertex -26.94304499815287 -5.155942793236533 0
      vertex -26.535750026411918 -4.172645748573158 0
    endloop
  endfacet
  facet normal 0 0 -1
    outer loop
      vertex -25.97918471982869 -12.020815280171309 0
      vertex -26.535750026411918 -4.172645748573158 0
      vertex -26.215704919273367 -3.157592350250753 0
    endloop
  endfacet
  facet normal 0 0 -1
    outer loop
      vertex -25.97918471982869 -12.020815280171309 0
      vertex -26.215704919273367 -3.157592350250753 0
      vertex -25.98534541325106 -2.11850776753655 0
    endloop
  endfacet
  facet normal 0 0 -1
    outer loop
      vertex -25.97918471982869 -12.020815280171309 0
      vertex -25.98534541325106 -2.11850776753655 0
      vertex -25.846424683280706 -1.0633000615214296 0
    endloop
  endfacet
  facet normal 0 0 -1
    outer loop
      vertex -25.97918471982869 -12.020815280171309 0
      vertex -25.846424683280706 -1.0633000615214296 0
      vertex -25.8 0 0
    endloop
  endfacet
  facet normal 0 0 -1
    outer loop
      vertex -25.97918471982869 -12.020815280171309 0
      vertex -24.977244466977375 10.927389364671168 0
      vertex -24.977244466977375 -10.927389364671168 0
    endloop
  endfacet
  facet normal 0 0 -1
    outer loop
      vertex -24.977244466977375 -10.927389364671168 0
      vertex -24.07441524708714 9.750799417967784 0
      vertex -24.07441524708714 -9.750799417967784 0
    endloop
  endfacet
  facet normal 0.9238795325112859 -0.38268343236509206 0
    outer loop
      vertex -22.592767620376954 -7.18451044959189 0
      vertex -22.025225446639556 -5.814342436536368 0
      vertex -22.592767620376954 -7.18451044959189 0.4
    endloop
  endfacet
  facet normal 0.8870108331782219 -0.46174861323503336 0
    outer loop
      vertex -22.592767620376954 -7.18451044959189 0
      vertex -22.592767620376954 -7.18451044959189 0.4
      vertex -23.277568135664545 -8.5 0.4
    endloop
  endfacet
  facet normal 0.9238795325112859 -0.38268343236509206 0
    outer loop
      vertex -22.025225446639556 -5.814342436536368 0
      vertex -22.025225446639556 -5.814342436536368 0.4
      vertex -22.592767620376954 -7.18451044959189 0.4
    endloop
  endfacet
  facet normal 0.9537169507482272 -0.30070579950427234 0
    outer loop
      vertex -22.025225446639556 -5.814342436536368 0
      vertex -21.57926095308584 -4.399923766742853 0
      vertex -22.025225446639556 -5.814342436536368 0.4
    endloop
  endfacet
  facet normal 0.9762960071199335 -0.21643961393810207 0
    outer loop
      vertex -21.57926095308584 -4.399923766742853 0
      vertex -21.258268198792464 -2.952019020337816 0
      vertex -21.57926095308584 -4.399923766742853 0.4
    endloop
  endfacet
  facet normal 0.9537169507482272 -0.30070579950427234 0
    outer loop
      vertex -21.57926095308584 -4.399923766742853 0
      vertex -21.57926095308584 -4.399923766742853 0.4
      vertex -22.025225446639556 -5.814342436536368 0.4
    endloop
  endfacet
  facet normal 0 0 1
    outer loop
      vertex -25.97918471982869 -12.020815280171309 0.4
      vertex -26.94304499815287 -5.155942793236533 0.4
      vertex -27.43449007382985 -6.1 0.4
    endloop
  endfacet
  facet normal 0 0 1
    outer loop
      vertex -25.97918471982869 -12.020815280171309 0.4
      vertex -26.535750026411918 -4.172645748573158 0.4
      vertex -26.94304499815287 -5.155942793236533 0.4
    endloop
  endfacet
  facet normal 0 0 1
    outer loop
      vertex -25.97918471982869 -12.020815280171309 0.4
      vertex -26.215704919273367 -3.157592350250753 0.4
      vertex -26.535750026411918 -4.172645748573158 0.4
    endloop
  endfacet
  facet normal 0 0 1
    outer loop
      vertex -25.97918471982869 -12.020815280171309 0.4
      vertex -25.98534541325106 -2.11850776753655 0.4
      vertex -26.215704919273367 -3.157592350250753 0.4
    endloop
  endfacet
  facet normal 0 0 1
    outer loop
      vertex -24.977244466977375 -10.927389364671168 0.4
      vertex -25.846424683280706 -1.0633000615214296 0.4
      vertex -25.98534541325106 -2.11850776753655 0.4
    endloop
  endfacet
  facet normal 0 0 1
    outer loop
      vertex -24.977244466977375 -10.927389364671168 0.4
      vertex -25.8 0 0.4
      vertex -25.846424683280706 -1.0633000615214296 0.4
    endloop
  endfacet
  facet normal 0 0 -1
    outer loop
      vertex -25.97918471982869 -12.020815280171309 0
      vertex -25.8 0 0
      vertex -24.977244466977375 10.927389364671168 0
    endloop
  endfacet
  facet normal 0 0 -1
    outer loop
      vertex -24.07441524708714 -9.750799417967784 0
      vertex -23.277568135664545 8.5 0
      vertex -23.277568135664545 -8.5 0
    endloop
  endfacet
  facet normal 0 0 -1
    outer loop
      vertex -23.277568135664545 -8.5 0
      vertex -22.592767620376954 7.18451044959189 0
      vertex -22.592767620376954 -7.18451044959189 0
    endloop
  endfacet
  facet normal 0 0 -1
    outer loop
      vertex -22.592767620376954 -7.18451044959189 0
      vertex -22.025225446639556 5.814342436536368 0
      vertex -22.025225446639556 -5.814342436536368 0
    endloop
  endfacet
  facet normal 0.9914448613738103 -0.13052619222005254 0
    outer loop
      vertex -21.258268198792464 -2.952019020337816 0
      vertex -21.064690132440326 -1.4816476267101888 0
      vertex -21.258268198792464 -2.952019020337816 0.4
    endloop
  endfacet
  facet normal 0 0 -1
    outer loop
      vertex -22.025225446639556 -5.814342436536368 0
      vertex -21.57926095308584 4.399923766742853 0
      vertex -21.57926095308584 -4.399923766742853 0
    endloop
  endfacet
  facet normal 0 0 -1
    outer loop
      vertex -21.57926095308584 -4.399923766742853 0
      vertex -21.258268198792464 2.952019020337816 0
      vertex -21.258268198792464 -2.952019020337816 0
    endloop
  endfacet
  facet normal 0.9762960071199335 -0.21643961393810207 0
    outer loop
      vertex -21.258268198792464 -2.952019020337816 0
      vertex -21.258268198792464 -2.952019020337816 0.4
      vertex -21.57926095308584 -4.399923766742853 0.4
    endloop
  endfacet
  facet normal 0.9914448613738103 -0.13052619222005254 0
    outer loop
      vertex -21.064690132440326 -1.4816476267101888 0
      vertex -21.064690132440326 -1.4816476267101888 0.4
      vertex -21.258268198792464 -2.952019020337816 0.4
    endloop
  endfacet
  facet normal 0 0 -1
    outer loop
      vertex -21.258268198792464 -2.952019020337816 0
      vertex -21.064690132440326 1.4816476267101888 0
      vertex -21.064690132440326 -1.4816476267101888 0
    endloop
  endfacet
  facet normal 0.9990482215818578 -0.04361938736533601 0
    outer loop
      vertex -21.064690132440326 -1.4816476267101888 0
      vertex -21 0 0
      vertex -21.064690132440326 -1.4816476267101888 0.4
    endloop
  endfacet
  facet normal 0 0 -1
    outer loop
      vertex -21.064690132440326 -1.4816476267101888 0
      vertex -21.064690132440326 1.4816476267101888 0
      vertex -21 0 0
    endloop
  endfacet
  facet normal 0 0 -1
    outer loop
      vertex -21.258268198792464 -2.952019020337816 0
      vertex -21.258268198792464 2.952019020337816 0
      vertex -21.064690132440326 1.4816476267101888 0
    endloop
  endfacet
  facet normal 0 0 -1
    outer loop
      vertex -21.57926095308584 -4.399923766742853 0
      vertex -21.57926095308584 4.399923766742853 0
      vertex -21.258268198792464 2.952019020337816 0
    endloop
  endfacet
  facet normal 0.9990482215818578 0.04361938736533601 0
    outer loop
      vertex -21 0 0
      vertex -21.064690132440326 1.4816476267101888 0
      vertex -21 0 0.4
    endloop
  endfacet
  facet normal 0.9990482215818578 -0.04361938736533601 -6.609258042604181e-18
    outer loop
      vertex -21.064690132440326 -1.4816476267101888 0.4
      vertex -21 0 0
      vertex -21 0 0.4
    endloop
  endfacet
  facet normal 0.9990482215818578 0.04361938736533601 0
    outer loop
      vertex -21.064690132440326 1.4816476267101888 0
      vertex -21.064690132440326 1.4816476267101888 0.4
      vertex -21 0 0.4
    endloop
  endfacet
  facet normal 0 0 1
    outer loop
      vertex -24.977244466977375 -10.927389364671168 0.4
      vertex -24.07441524708714 -9.750799417967784 0.4
      vertex -24.977244466977375 10.927389364671168 0.4
    endloop
  endfacet
  facet normal 0 0 1
    outer loop
      vertex -24.977244466977375 -10.927389364671168 0.4
      vertex -25.97918471982869 12.020815280171309 0.4
      vertex -25.8 0 0.4
    endloop
  endfacet
  facet normal 0 0 1
    outer loop
      vertex -24.07441524708714 -9.750799417967784 0.4
      vertex -23.277568135664545 -8.5 0.4
      vertex -24.07441524708714 9.750799417967784 0.4
    endloop
  endfacet
  facet normal 0 0 1
    outer loop
      vertex -23.277568135664545 -8.5 0.4
      vertex -22.592767620376954 -7.18451044959189 0.4
      vertex -23.277568135664545 8.5 0.4
    endloop
  endfacet
  facet normal 0 0 1
    outer loop
      vertex -22.592767620376954 -7.18451044959189 0.4
      vertex -22.025225446639556 -5.814342436536368 0.4
      vertex -22.592767620376954 7.18451044959189 0.4
    endloop
  endfacet
  facet normal 0 0 1
    outer loop
      vertex -22.025225446639556 -5.814342436536368 0.4
      vertex -21.57926095308584 -4.399923766742853 0.4
      vertex -22.025225446639556 5.814342436536368 0.4
    endloop
  endfacet
  facet normal 0 0 1
    outer loop
      vertex -21.57926095308584 -4.399923766742853 0.4
      vertex -21.258268198792464 -2.952019020337816 0.4
      vertex -21.57926095308584 4.399923766742853 0.4
    endloop
  endfacet
  facet normal 0 0 1
    outer loop
      vertex -21.258268198792464 -2.952019020337816 0.4
      vertex -21.064690132440326 -1.4816476267101888 0.4
      vertex -21.258268198792464 2.952019020337816 0.4
    endloop
  endfacet
  facet normal 0 0 1
    outer loop
      vertex -21.064690132440326 -1.4816476267101888 0.4
      vertex -21 0 0.4
      vertex -21.064690132440326 1.4816476267101888 0.4
    endloop
  endfacet
  facet normal 0 0 1
    outer loop
      vertex -21.064690132440326 -1.4816476267101888 0.4
      vertex -21.064690132440326 1.4816476267101888 0.4
      vertex -21.258268198792464 2.952019020337816 0.4
    endloop
  endfacet
  facet normal 0 0 -1
    outer loop
      vertex -24.977244466977375 10.927389364671168 0
      vertex -25.8 0 0
      vertex -25.846424683280706 1.0633000615214296 0
    endloop
  endfacet
  facet normal 0 0 -1
    outer loop
      vertex -24.977244466977375 -10.927389364671168 0
      vertex -24.977244466977375 10.927389364671168 0
      vertex -24.07441524708714 9.750799417967784 0
    endloop
  endfacet
  facet normal 0 0 -1
    outer loop
      vertex -24.977244466977375 10.927389364671168 0
      vertex -25.846424683280706 1.0633000615214296 0
      vertex -25.98534541325106 2.11850776753655 0
    endloop
  endfacet
  facet normal 0 0 -1
    outer loop
      vertex -22.592767620376954 -7.18451044959189 0
      vertex -22.592767620376954 7.18451044959189 0
      vertex -22.025225446639556 5.814342436536368 0
    endloop
  endfacet
  facet normal 0 0 -1
    outer loop
      vertex -24.07441524708714 -9.750799417967784 0
      vertex -24.07441524708714 9.750799417967784 0
      vertex -23.277568135664545 8.5 0
    endloop
  endfacet
  facet normal 0 0 -1
    outer loop
      vertex -23.277568135664545 -8.5 0
      vertex -23.277568135664545 8.5 0
      vertex -22.592767620376954 7.18451044959189 0
    endloop
  endfacet
  facet normal 0 0 -1
    outer loop
      vertex -22.025225446639556 -5.814342436536368 0
      vertex -22.025225446639556 5.814342436536368 0
      vertex -21.57926095308584 4.399923766742853 0
    endloop
  endfacet
  facet normal 0.9914448613738103 0.13052619222005254 0
    outer loop
      vertex -21.064690132440326 1.4816476267101888 0
      vertex -21.258268198792464 2.952019020337816 0
      vertex -21.064690132440326 1.4816476267101888 0.4
    endloop
  endfacet
  facet normal 0.9914448613738103 0.13052619222005254 0
    outer loop
      vertex -21.258268198792464 2.952019020337816 0
      vertex -21.258268198792464 2.952019020337816 0.4
      vertex -21.064690132440326 1.4816476267101888 0.4
    endloop
  endfacet
  facet normal 0.9762960071199335 0.21643961393810207 0
    outer loop
      vertex -21.258268198792464 2.952019020337816 0
      vertex -21.57926095308584 4.399923766742853 0
      vertex -21.258268198792464 2.952019020337816 0.4
    endloop
  endfacet
  facet normal 0.9537169507482272 0.30070579950427234 0
    outer loop
      vertex -21.57926095308584 4.399923766742853 0
      vertex -22.025225446639556 5.814342436536368 0
      vertex -21.57926095308584 4.399923766742853 0.4
    endloop
  endfacet
  facet normal 0.9762960071199335 0.21643961393810207 0
    outer loop
      vertex -21.57926095308584 4.399923766742853 0
      vertex -21.57926095308584 4.399923766742853 0.4
      vertex -21.258268198792464 2.952019020337816 0.4
    endloop
  endfacet
  facet normal 0.9537169507482272 0.30070579950427234 0
    outer loop
      vertex -22.025225446639556 5.814342436536368 0
      vertex -22.025225446639556 5.814342436536368 0.4
      vertex -21.57926095308584 4.399923766742853 0.4
    endloop
  endfacet
  facet normal 0 0 1
    outer loop
      vertex -25.97918471982869 12.020815280171309 0.4
      vertex -25.846424683280706 1.0633000615214296 0.4
      vertex -25.8 0 0.4
    endloop
  endfacet
  facet normal 0 0 1
    outer loop
      vertex -25.97918471982869 12.020815280171309 0.4
      vertex -25.98534541325106 2.11850776753655 0.4
      vertex -25.846424683280706 1.0633000615214296 0.4
    endloop
  endfacet
  facet normal 0 0 1
    outer loop
      vertex -24.977244466977375 -10.927389364671168 0.4
      vertex -24.977244466977375 10.927389364671168 0.4
      vertex -25.97918471982869 12.020815280171309 0.4
    endloop
  endfacet
  facet normal 0 0 1
    outer loop
      vertex -24.07441524708714 -9.750799417967784 0.4
      vertex -24.07441524708714 9.750799417967784 0.4
      vertex -24.977244466977375 10.927389364671168 0.4
    endloop
  endfacet
  facet normal 0 0 1
    outer loop
      vertex -22.592767620376954 -7.18451044959189 0.4
      vertex -22.592767620376954 7.18451044959189 0.4
      vertex -23.277568135664545 8.5 0.4
    endloop
  endfacet
  facet normal 0 0 1
    outer loop
      vertex -21.57926095308584 -4.399923766742853 0.4
      vertex -21.57926095308584 4.399923766742853 0.4
      vertex -22.025225446639556 5.814342436536368 0.4
    endloop
  endfacet
  facet normal 0 0 1
    outer loop
      vertex -21.258268198792464 -2.952019020337816 0.4
      vertex -21.258268198792464 2.952019020337816 0.4
      vertex -21.57926095308584 4.399923766742853 0.4
    endloop
  endfacet
  facet normal 0 0 1
    outer loop
      vertex -22.025225446639556 -5.814342436536368 0.4
      vertex -22.025225446639556 5.814342436536368 0.4
      vertex -22.592767620376954 7.18451044959189 0.4
    endloop
  endfacet
  facet normal 0 0 1
    outer loop
      vertex -23.277568135664545 -8.5 0.4
      vertex -23.277568135664545 8.5 0.4
      vertex -24.07441524708714 9.750799417967784 0.4
    endloop
  endfacet
  facet normal 0 0 -1
    outer loop
      vertex -25.97918471982869 12.020815280171309 0
      vertex -25.98534541325106 2.11850776753655 0
      vertex -26.215704919273367 3.157592350250753 0
    endloop
  endfacet
  facet normal 0 0 -1
    outer loop
      vertex -25.97918471982869 12.020815280171309 0
      vertex -26.215704919273367 3.157592350250753 0
      vertex -26.535750026411918 4.172645748573158 0
    endloop
  endfacet
  facet normal 0 0 -1
    outer loop
      vertex -25.97918471982869 12.020815280171309 0
      vertex -26.535750026411918 4.172645748573158 0
      vertex -26.94304499815287 5.155942793236533 0
    endloop
  endfacet
  facet normal 0 0 -1
    outer loop
      vertex -25.97918471982869 12.020815280171309 0
      vertex -26.94304499815287 5.155942793236533 0
      vertex -27.43449007382985 6.1 0
    endloop
  endfacet
  facet normal 0 0 -1
    outer loop
      vertex -25.97918471982869 12.020815280171309 0
      vertex -24.977244466977375 10.927389364671168 0
      vertex -25.98534541325106 2.11850776753655 0
    endloop
  endfacet
  facet normal 0.8870108331782219 0.46174861323503336 0
    outer loop
      vertex -22.592767620376954 7.18451044959189 0
      vertex -23.277568135664545 8.5 0
      vertex -22.592767620376954 7.18451044959189 0.4
    endloop
  endfacet
  facet normal 0.9238795325112859 0.38268343236509206 0
    outer loop
      vertex -22.025225446639556 5.814342436536368 0
      vertex -22.592767620376954 7.18451044959189 0
      vertex -22.025225446639556 5.814342436536368 0.4
    endloop
  endfacet
  facet normal 0.9238795325112859 0.38268343236509206 0
    outer loop
      vertex -22.592767620376954 7.18451044959189 0
      vertex -22.592767620376954 7.18451044959189 0.4
      vertex -22.025225446639556 5.814342436536368 0.4
    endloop
  endfacet
  facet normal 0.8433914458128866 0.5372996083468223 0
    outer loop
      vertex -23.277568135664545 8.5 0
      vertex -24.07441524708714 9.750799417967784 0
      vertex -23.277568135664545 8.5 0.4
    endloop
  endfacet
  facet normal 0.8870108331782219 0.46174861323503336 0
    outer loop
      vertex -23.277568135664545 8.5 0
      vertex -23.277568135664545 8.5 0.4
      vertex -22.592767620376954 7.18451044959189 0.4
    endloop
  endfacet
  facet normal 0.8433914458128866 0.5372996083468223 0
    outer loop
      vertex -24.07441524708714 9.750799417967784 0
      vertex -24.07441524708714 9.750799417967784 0.4
      vertex -23.277568135664545 8.5 0.4
    endloop
  endfacet
  facet normal 0 0 1
    outer loop
      vertex -25.97918471982869 12.020815280171309 0.4
      vertex -26.215704919273367 3.157592350250753 0.4
      vertex -25.98534541325106 2.11850776753655 0.4
    endloop
  endfacet
  facet normal 0 0 1
    outer loop
      vertex -25.97918471982869 12.020815280171309 0.4
      vertex -26.535750026411918 4.172645748573158 0.4
      vertex -26.215704919273367 3.157592350250753 0.4
    endloop
  endfacet
  facet normal 0 0 1
    outer loop
      vertex -27.072610635328832 13.022755533022627 0.4
      vertex -26.94304499815287 5.155942793236533 0.4
      vertex -26.535750026411918 4.172645748573158 0.4
    endloop
  endfacet
  facet normal 0 0 1
    outer loop
      vertex -27.072610635328832 13.022755533022627 0.4
      vertex -27.43449007382985 6.1 0.4
      vertex -26.94304499815287 5.155942793236533 0.4
    endloop
  endfacet
  facet normal 0 0 1
    outer loop
      vertex -25.97918471982869 12.020815280171309 0.4
      vertex -27.072610635328832 13.022755533022627 0.4
      vertex -26.535750026411918 4.172645748573158 0.4
    endloop
  endfacet
  facet normal 0 0 -1
    outer loop
      vertex -25.97918471982869 12.020815280171309 0
      vertex -27.43449007382985 6.1 0
      vertex -27.072610635328832 13.022755533022627 0
    endloop
  endfacet
  facet normal 0.7933533402912342 0.608761429008722 0
    outer loop
      vertex -24.07441524708714 9.750799417967784 0
      vertex -24.977244466977375 10.927389364671168 0
      vertex -24.07441524708714 9.750799417967784 0.4
    endloop
  endfacet
  facet normal 0.7372773368101254 0.6755902076156587 1.7579843355333434e-16
    outer loop
      vertex -25.97918471982869 12.020815280171309 0
      vertex -24.977244466977375 10.927389364671168 0.4
      vertex -24.977244466977375 10.927389364671168 0
    endloop
  endfacet
  facet normal 0.7933533402912342 0.608761429008722 0
    outer loop
      vertex -24.977244466977375 10.927389364671168 0
      vertex -24.977244466977375 10.927389364671168 0.4
      vertex -24.07441524708714 9.750799417967784 0.4
    endloop
  endfacet
  facet normal 0.7372773368101254 0.6755902076156587 0
    outer loop
      vertex -25.97918471982869 12.020815280171309 0
      vertex -25.97918471982869 12.020815280171309 0.4
      vertex -24.977244466977375 10.927389364671168 0.4
    endloop
  endfacet
  facet normal 0.6755902076156594 0.7372773368101249 -1.0395737000092909e-16
    outer loop
      vertex -25.97918471982869 12.020815280171309 0
      vertex -27.072610635328832 13.022755533022627 0
      vertex -27.072610635328832 13.022755533022627 0.4
    endloop
  endfacet
  facet normal 0.6087614290087204 0.7933533402912353 0
    outer loop
      vertex -27.072610635328832 13.022755533022627 0
      vertex -28.249200582032216 13.92558475291286 0.4
      vertex -27.072610635328832 13.022755533022627 0.4
    endloop
  endfacet
  facet normal 0.6755902076156594 0.7372773368101249 0
    outer loop
      vertex -25.97918471982869 12.020815280171309 0
      vertex -27.072610635328832 13.022755533022627 0.4
      vertex -25.97918471982869 12.020815280171309 0.4
    endloop
  endfacet
  facet normal 0.7372773368101266 0.6755902076156574 8.783782155590877e-17
    outer loop
      vertex -46.626702730475884 -8.62670273047588 0
      vertex -47.34574220605153 -7.842008838175778 0
      vertex -47.34574220605153 -7.842008838175778 0.4
    endloop
  endfacet
  facet normal 0.608761429008722 0.793353340291234 0
    outer loop
      vertex -45.84200883817578 -9.345742206051531 0
      vertex -45.84200883817578 -9.345742206051531 0.4
      vertex -44.997632523482764 -9.9936549403257 0
    endloop
  endfacet
  facet normal 0.5372996083468236 0.8433914458128858 0
    outer loop
      vertex -44.997632523482764 -9.9936549403257 0.4
      vertex -44.1 -10.56550992617015 0
      vertex -44.997632523482764 -9.9936549403257 0
    endloop
  endfacet
  facet normal 0.675590207615657 0.737277336810127 -1.2393170015834106e-16
    outer loop
      vertex -45.84200883817578 -9.345742206051531 0
      vertex -46.626702730475884 -8.62670273047588 0
      vertex -46.626702730475884 -8.62670273047588 0.4
    endloop
  endfacet
  facet normal 0.7372773368101266 0.6755902076156574 8.783782155590877e-17
    outer loop
      vertex -47.34574220605153 -7.842008838175778 0.4
      vertex -46.626702730475884 -8.62670273047588 0.4
      vertex -46.626702730475884 -8.62670273047588 0
    endloop
  endfacet
  facet normal 0.608761429008722 0.793353340291234 0
    outer loop
      vertex -44.997632523482764 -9.9936549403257 0.4
      vertex -44.997632523482764 -9.9936549403257 0
      vertex -45.84200883817578 -9.345742206051531 0.4
    endloop
  endfacet
  facet normal 0.675590207615657 0.737277336810127 0
    outer loop
      vertex -45.84200883817578 -9.345742206051531 0
      vertex -46.626702730475884 -8.62670273047588 0.4
      vertex -45.84200883817578 -9.345742206051531 0.4
    endloop
  endfacet
  facet normal 0.46174861323503374 0.8870108331782218 0
    outer loop
      vertex -44.1 -10.56550992617015 0
      vertex -44.1 -10.56550992617015 0.4
      vertex -43.155942793236534 -11.056955001847129 0
    endloop
  endfacet
  facet normal 0.3007057995042724 0.9537169507482272 0
    outer loop
      vertex -42.17264574857316 -11.464249973588082 0
      vertex -42.17264574857316 -11.464249973588082 0.4
      vertex -41.15759235025075 -11.784295080726633 0
    endloop
  endfacet
  facet normal 0.38268343236509017 0.9238795325112866 0
    outer loop
      vertex -43.155942793236534 -11.056955001847129 0
      vertex -43.155942793236534 -11.056955001847129 0.4
      vertex -42.17264574857316 -11.464249973588082 0
    endloop
  endfacet
  facet normal 0.5372996083468236 0.8433914458128858 0
    outer loop
      vertex -44.1 -10.56550992617015 0
      vertex -44.997632523482764 -9.9936549403257 0.4
      vertex -44.1 -10.56550992617015 0.4
    endloop
  endfacet
  facet normal 0.46174861323503374 0.8870108331782218 0
    outer loop
      vertex -43.155942793236534 -11.056955001847129 0
      vertex -44.1 -10.56550992617015 0.4
      vertex -43.155942793236534 -11.056955001847129 0.4
    endloop
  endfacet
  facet normal 0.3007057995042724 0.9537169507482272 -3.03187136889722e-17
    outer loop
      vertex -42.17264574857316 -11.464249973588082 0.4
      vertex -41.15759235025075 -11.784295080726633 0.4
      vertex -41.15759235025075 -11.784295080726633 0
    endloop
  endfacet
  facet normal 0.38268343236509017 0.9238795325112866 0
    outer loop
      vertex -42.17264574857316 -11.464249973588082 0
      vertex -43.155942793236534 -11.056955001847129 0.4
      vertex -42.17264574857316 -11.464249973588082 0.4
    endloop
  endfacet
  facet normal 0.8433914458128849 0.5372996083468251 1.2333022287174228e-16
    outer loop
      vertex -47.9936549403257 -6.997632523482761 0
      vertex -48.56550992617015 -6.1 0
      vertex -48.56550992617015 -6.1 0.4
    endloop
  endfacet
  facet normal 0.8433914458128849 0.5372996083468251 1.2333022287174228e-16
    outer loop
      vertex -48.56550992617015 -6.1 0.4
      vertex -47.9936549403257 -6.997632523482761 0.4
      vertex -47.9936549403257 -6.997632523482761 0
    endloop
  endfacet
  facet normal 0.8870108331782216 0.4617486132350341 -3.1418695444428803e-17
    outer loop
      vertex -49.05695500184713 -5.155942793236533 0.4
      vertex -48.56550992617015 -6.1 0.4
      vertex -48.56550992617015 -6.1 0
    endloop
  endfacet
  facet normal 0.8870108331782216 0.4617486132350341 -3.1418695444428803e-17
    outer loop
      vertex -48.56550992617015 -6.1 0
      vertex -49.05695500184713 -5.155942793236533 0
      vertex -49.05695500184713 -5.155942793236533 0.4
    endloop
  endfacet
  facet normal 0.9238795325112867 0.3826834323650899 -1.6262672987630216e-17
    outer loop
      vertex -49.05695500184713 -5.155942793236533 0
      vertex -49.46424997358808 -4.172645748573158 0
      vertex -49.46424997358808 -4.172645748573158 0.4
    endloop
  endfacet
  facet normal 0.9238795325112867 0.3826834323650899 -1.6262672987630216e-17
    outer loop
      vertex -49.46424997358808 -4.172645748573158 0.4
      vertex -49.05695500184713 -5.155942793236533 0.4
      vertex -49.05695500184713 -5.155942793236533 0
    endloop
  endfacet
  facet normal 0.9537169507482259 0.30070579950427617 0
    outer loop
      vertex -49.46424997358808 -4.172645748573158 0
      vertex -49.784295080726636 -3.157592350250753 0.4
      vertex -49.46424997358808 -4.172645748573158 0.4
    endloop
  endfacet
  facet normal 0.9762960071199338 0.21643961393810104 0
    outer loop
      vertex -50.01465458674894 -2.11850776753655 0.4
      vertex -49.784295080726636 -3.157592350250753 0
      vertex -50.01465458674894 -2.11850776753655 0
    endloop
  endfacet
  facet normal 0.9914448613738103 0.13052619222005288 -3.1503867900515227e-17
    outer loop
      vertex -50.01465458674894 -2.11850776753655 0
      vertex -50.1535753167193 -1.0633000615214296 0
      vertex -50.1535753167193 -1.0633000615214296 0.4
    endloop
  endfacet
  facet normal 0.9537169507482259 0.30070579950427617 2.167477889181468e-17
    outer loop
      vertex -49.46424997358808 -4.172645748573158 0
      vertex -49.784295080726636 -3.157592350250753 0
      vertex -49.784295080726636 -3.157592350250753 0.4
    endloop
  endfacet
  facet normal 0.9762960071199338 0.21643961393810104 2.5692906842191785e-17
    outer loop
      vertex -50.01465458674894 -2.11850776753655 0.4
      vertex -49.784295080726636 -3.157592350250753 0.4
      vertex -49.784295080726636 -3.157592350250753 0
    endloop
  endfacet
  facet normal 0.9914448613738103 0.13052619222005288 -3.1503867900515227e-17
    outer loop
      vertex -50.1535753167193 -1.0633000615214296 0.4
      vertex -50.01465458674894 -2.11850776753655 0.4
      vertex -50.01465458674894 -2.11850776753655 0
    endloop
  endfacet
  facet normal 0.9990482215818579 0.0436193873653364 -6.5365551277279096e-18
    outer loop
      vertex -50.1535753167193 -1.0633000615214296 0
      vertex -50.2 0 0
      vertex -50.2 0 0.4
    endloop
  endfacet
  facet normal 0.9990482215818579 -0.0436193873653364 6.5365551277279096e-18
    outer loop
      vertex -50.2 0 0
      vertex -50.1535753167193 1.0633000615214296 0
      vertex -50.1535753167193 1.0633000615214296 0.4
    endloop
  endfacet
  facet normal 0.9990482215818579 0.0436193873653364 0
    outer loop
      vertex -50.1535753167193 -1.0633000615214296 0
      vertex -50.2 0 0.4
      vertex -50.1535753167193 -1.0633000615214296 0.4
    endloop
  endfacet
  facet normal 0.9990482215818579 -0.0436193873653364 0
    outer loop
      vertex -50.2 0 0
      vertex -50.1535753167193 1.0633000615214296 0.4
      vertex -50.2 0 0.4
    endloop
  endfacet
  facet normal 0.7933533402912364 0.6087614290087191 -1.0152989929063758e-16
    outer loop
      vertex -47.34574220605153 -7.842008838175778 0
      vertex -47.9936549403257 -6.997632523482761 0
      vertex -47.9936549403257 -6.997632523482761 0.4
    endloop
  endfacet
  facet normal 0.7933533402912364 0.6087614290087191 -1.0152989929063758e-16
    outer loop
      vertex -47.9936549403257 -6.997632523482761 0.4
      vertex -47.34574220605153 -7.842008838175778 0.4
      vertex -47.34574220605153 -7.842008838175778 0
    endloop
  endfacet
  facet normal 0.2164396139381026 0.9762960071199335 0
    outer loop
      vertex -41.15759235025075 -11.784295080726633 0
      vertex -41.15759235025075 -11.784295080726633 0.4
      vertex -40.11850776753655 -12.014654586748938 0
    endloop
  endfacet
  facet normal 0.13052619222005157 0.9914448613738105 0
    outer loop
      vertex -40.11850776753655 -12.014654586748938 0
      vertex -40.11850776753655 -12.014654586748938 0.4
      vertex -39.06330006152143 -12.153575316719294 0
    endloop
  endfacet
  facet normal 0.043619387365336326 0.9990482215818577 0
    outer loop
      vertex -39.06330006152143 -12.153575316719294 0
      vertex -39.06330006152143 -12.153575316719294 0.4
      vertex -38 -12.2 0
    endloop
  endfacet
  facet normal 0.2164396139381026 0.9762960071199335 0
    outer loop
      vertex -40.11850776753655 -12.014654586748938 0
      vertex -41.15759235025075 -11.784295080726633 0.4
      vertex -40.11850776753655 -12.014654586748938 0.4
    endloop
  endfacet
  facet normal 0.13052619222005157 0.9914448613738105 0
    outer loop
      vertex -39.06330006152143 -12.153575316719294 0
      vertex -40.11850776753655 -12.014654586748938 0.4
      vertex -39.06330006152143 -12.153575316719294 0.4
    endloop
  endfacet
  facet normal 0.043619387365336326 0.9990482215818577 0
    outer loop
      vertex -38 -12.2 0
      vertex -39.06330006152143 -12.153575316719294 0.4
      vertex -38 -12.2 0.4
    endloop
  endfacet
  facet normal -0.043619387365336326 0.9990482215818577 0
    outer loop
      vertex -38 -12.2 0
      vertex -38 -12.2 0.4
      vertex -36.93669993847857 -12.153575316719294 0
    endloop
  endfacet
  facet normal -0.13052619222005157 0.9914448613738105 0
    outer loop
      vertex -36.93669993847857 -12.153575316719294 0
      vertex -36.93669993847857 -12.153575316719294 0.4
      vertex -35.88149223246345 -12.014654586748938 0
    endloop
  endfacet
  facet normal -0.2164396139381026 0.9762960071199335 0
    outer loop
      vertex -35.88149223246345 -12.014654586748938 0
      vertex -35.88149223246345 -12.014654586748938 0.4
      vertex -34.84240764974925 -11.784295080726633 0
    endloop
  endfacet
  facet normal -0.3007057995042724 0.9537169507482272 3.03187136889722e-17
    outer loop
      vertex -33.82735425142684 -11.464249973588082 0
      vertex -34.84240764974925 -11.784295080726633 0
      vertex -34.84240764974925 -11.784295080726633 0.4
    endloop
  endfacet
  facet normal -0.043619387365336326 0.9990482215818577 0
    outer loop
      vertex -36.93669993847857 -12.153575316719294 0
      vertex -38 -12.2 0.4
      vertex -36.93669993847857 -12.153575316719294 0.4
    endloop
  endfacet
  facet normal -0.13052619222005157 0.9914448613738105 0
    outer loop
      vertex -35.88149223246345 -12.014654586748938 0
      vertex -36.93669993847857 -12.153575316719294 0.4
      vertex -35.88149223246345 -12.014654586748938 0.4
    endloop
  endfacet
  facet normal -0.2164396139381026 0.9762960071199335 0
    outer loop
      vertex -34.84240764974925 -11.784295080726633 0.4
      vertex -34.84240764974925 -11.784295080726633 0
      vertex -35.88149223246345 -12.014654586748938 0.4
    endloop
  endfacet
  facet normal -0.38268343236509017 0.9238795325112866 0
    outer loop
      vertex -33.82735425142684 -11.464249973588082 0.4
      vertex -32.844057206763466 -11.056955001847129 0
      vertex -33.82735425142684 -11.464249973588082 0
    endloop
  endfacet
  facet normal -0.46174861323503374 0.8870108331782218 0
    outer loop
      vertex -32.844057206763466 -11.056955001847129 0
      vertex -32.844057206763466 -11.056955001847129 0.4
      vertex -31.9 -10.56550992617015 0
    endloop
  endfacet
  facet normal -0.537299608346825 0.8433914458128848 0
    outer loop
      vertex -31.9 -10.56550992617015 0
      vertex -31.9 -10.56550992617015 0.4
      vertex -31.00236747651724 -9.9936549403257 0
    endloop
  endfacet
  facet normal -0.3007057995042724 0.9537169507482272 0
    outer loop
      vertex -33.82735425142684 -11.464249973588082 0
      vertex -34.84240764974925 -11.784295080726633 0.4
      vertex -33.82735425142684 -11.464249973588082 0.4
    endloop
  endfacet
  facet normal -0.38268343236509017 0.9238795325112866 0
    outer loop
      vertex -32.844057206763466 -11.056955001847129 0
      vertex -33.82735425142684 -11.464249973588082 0.4
      vertex -32.844057206763466 -11.056955001847129 0.4
    endloop
  endfacet
  facet normal -0.46174861323503374 0.8870108331782218 0
    outer loop
      vertex -31.9 -10.56550992617015 0
      vertex -32.844057206763466 -11.056955001847129 0.4
      vertex -31.9 -10.56550992617015 0.4
    endloop
  endfacet
  facet normal -0.537299608346825 0.8433914458128848 0
    outer loop
      vertex -31.00236747651724 -9.9936549403257 0
      vertex -31.9 -10.56550992617015 0.4
      vertex -31.00236747651724 -9.9936549403257 0.4
    endloop
  endfacet
  facet normal -0.6087614290087204 0.7933533402912354 0
    outer loop
      vertex -31.00236747651724 -9.9936549403257 0
      vertex -31.00236747651724 -9.9936549403257 0.4
      vertex -30.15799116182422 -9.345742206051531 0
    endloop
  endfacet
  facet normal -0.6755902076156588 0.7372773368101254 0
    outer loop
      vertex -30.15799116182422 -9.345742206051531 0
      vertex -30.15799116182422 -9.345742206051531 0.4
      vertex -29.37329726952412 -8.62670273047588 0
    endloop
  endfacet
  facet normal -0.737277336810125 0.6755902076156592 -5.909824332941226e-17
    outer loop
      vertex -28.654257793948467 -7.842008838175778 0
      vertex -29.37329726952412 -8.62670273047588 0
      vertex -29.37329726952412 -8.62670273047588 0.4
    endloop
  endfacet
  facet normal -0.6087614290087204 0.7933533402912354 0
    outer loop
      vertex -30.15799116182422 -9.345742206051531 0
      vertex -31.00236747651724 -9.9936549403257 0.4
      vertex -30.15799116182422 -9.345742206051531 0.4
    endloop
  endfacet
  facet normal -0.6755902076156588 0.7372773368101254 0
    outer loop
      vertex -29.37329726952412 -8.62670273047588 0.4
      vertex -29.37329726952412 -8.62670273047588 0
      vertex -30.15799116182422 -9.345742206051531 0.4
    endloop
  endfacet
  facet normal -0.737277336810125 0.6755902076156592 0
    outer loop
      vertex -28.654257793948467 -7.842008838175778 0
      vertex -29.37329726952412 -8.62670273047588 0.4
      vertex -28.654257793948467 -7.842008838175778 0.4
    endloop
  endfacet
  facet normal -0.7933533402912364 0.6087614290087191 1.0152989929063758e-16
    outer loop
      vertex -28.006345059674302 -6.997632523482761 0
      vertex -28.654257793948467 -7.842008838175778 0
      vertex -28.654257793948467 -7.842008838175778 0.4
    endloop
  endfacet
  facet normal -0.8433914458128849 0.5372996083468251 -1.2333022287174228e-16
    outer loop
      vertex -27.43449007382985 -6.1 0
      vertex -28.006345059674302 -6.997632523482761 0
      vertex -28.006345059674302 -6.997632523482761 0.4
    endloop
  endfacet
  facet normal -0.7933533402912364 0.6087614290087191 1.0152989929063758e-16
    outer loop
      vertex -28.654257793948467 -7.842008838175778 0.4
      vertex -28.006345059674302 -6.997632523482761 0.4
      vertex -28.006345059674302 -6.997632523482761 0
    endloop
  endfacet
  facet normal -0.8433914458128849 0.5372996083468251 0
    outer loop
      vertex -27.43449007382985 -6.1 0
      vertex -28.006345059674302 -6.997632523482761 0.4
      vertex -27.43449007382985 -6.1 0.4
    endloop
  endfacet
  facet normal 0.9914448613738103 -0.13052619222005288 3.1503867900515227e-17
    outer loop
      vertex -50.1535753167193 1.0633000615214296 0
      vertex -50.01465458674894 2.11850776753655 0
      vertex -50.01465458674894 2.11850776753655 0.4
    endloop
  endfacet
  facet normal 0.9762960071199338 -0.21643961393810104 0
    outer loop
      vertex -49.784295080726636 3.157592350250753 0.4
      vertex -50.01465458674894 2.11850776753655 0
      vertex -49.784295080726636 3.157592350250753 0
    endloop
  endfacet
  facet normal 0.9914448613738103 -0.13052619222005288 0
    outer loop
      vertex -50.1535753167193 1.0633000615214296 0
      vertex -50.01465458674894 2.11850776753655 0.4
      vertex -50.1535753167193 1.0633000615214296 0.4
    endloop
  endfacet
  facet normal 0.9762960071199338 -0.21643961393810104 -2.5692906842191785e-17
    outer loop
      vertex -49.784295080726636 3.157592350250753 0.4
      vertex -50.01465458674894 2.11850776753655 0.4
      vertex -50.01465458674894 2.11850776753655 0
    endloop
  endfacet
  facet normal 0.9537169507482259 -0.30070579950427617 -2.167477889181468e-17
    outer loop
      vertex -49.784295080726636 3.157592350250753 0
      vertex -49.46424997358808 4.172645748573158 0
      vertex -49.46424997358808 4.172645748573158 0.4
    endloop
  endfacet
  facet normal 0.9238795325112867 -0.3826834323650899 1.6262672987630216e-17
    outer loop
      vertex -49.46424997358808 4.172645748573158 0
      vertex -49.05695500184713 5.155942793236533 0
      vertex -49.05695500184713 5.155942793236533 0.4
    endloop
  endfacet
  facet normal 0.9537169507482259 -0.30070579950427617 -2.167477889181468e-17
    outer loop
      vertex -49.46424997358808 4.172645748573158 0.4
      vertex -49.784295080726636 3.157592350250753 0.4
      vertex -49.784295080726636 3.157592350250753 0
    endloop
  endfacet
  facet normal 0.9238795325112867 -0.3826834323650899 0
    outer loop
      vertex -49.46424997358808 4.172645748573158 0
      vertex -49.05695500184713 5.155942793236533 0.4
      vertex -49.46424997358808 4.172645748573158 0.4
    endloop
  endfacet
  facet normal 0.8870108331782216 -0.4617486132350341 3.1418695444428803e-17
    outer loop
      vertex -48.56550992617015 6.1 0.4
      vertex -49.05695500184713 5.155942793236533 0.4
      vertex -49.05695500184713 5.155942793236533 0
    endloop
  endfacet
  facet normal 0.8870108331782216 -0.4617486132350341 3.1418695444428803e-17
    outer loop
      vertex -49.05695500184713 5.155942793236533 0
      vertex -48.56550992617015 6.1 0
      vertex -48.56550992617015 6.1 0.4
    endloop
  endfacet
  facet normal 0.8433914458128849 -0.5372996083468251 -1.2333022287174228e-16
    outer loop
      vertex -48.56550992617015 6.1 0
      vertex -47.9936549403257 6.997632523482761 0
      vertex -47.9936549403257 6.997632523482761 0.4
    endloop
  endfacet
  facet normal 0.8433914458128849 -0.5372996083468251 0
    outer loop
      vertex -48.56550992617015 6.1 0
      vertex -47.9936549403257 6.997632523482761 0.4
      vertex -48.56550992617015 6.1 0.4
    endloop
  endfacet
  facet normal 0.7933533402912364 -0.6087614290087191 1.0152989929063758e-16
    outer loop
      vertex -47.9936549403257 6.997632523482761 0
      vertex -47.34574220605153 7.842008838175778 0
      vertex -47.34574220605153 7.842008838175778 0.4
    endloop
  endfacet
  facet normal 0.7933533402912364 -0.6087614290087191 1.0152989929063758e-16
    outer loop
      vertex -47.34574220605153 7.842008838175778 0.4
      vertex -47.9936549403257 6.997632523482761 0.4
      vertex -47.9936549403257 6.997632523482761 0
    endloop
  endfacet
  facet normal 0.7372773368101266 -0.6755902076156574 -8.783782155590877e-17
    outer loop
      vertex -47.34574220605153 7.842008838175778 0
      vertex -46.626702730475884 8.62670273047588 0
      vertex -46.626702730475884 8.62670273047588 0.4
    endloop
  endfacet
  facet normal 0.675590207615657 -0.737277336810127 0
    outer loop
      vertex -45.84200883817578 9.345742206051531 0
      vertex -45.84200883817578 9.345742206051531 0.4
      vertex -46.626702730475884 8.62670273047588 0
    endloop
  endfacet
  facet normal 0.608761429008722 -0.793353340291234 0
    outer loop
      vertex -44.997632523482764 9.9936549403257 0.4
      vertex -45.84200883817578 9.345742206051531 0
      vertex -44.997632523482764 9.9936549403257 0
    endloop
  endfacet
  facet normal 0.7372773368101266 -0.6755902076156574 0
    outer loop
      vertex -47.34574220605153 7.842008838175778 0
      vertex -46.626702730475884 8.62670273047588 0.4
      vertex -47.34574220605153 7.842008838175778 0.4
    endloop
  endfacet
  facet normal 0.675590207615657 -0.737277336810127 0
    outer loop
      vertex -46.626702730475884 8.62670273047588 0
      vertex -45.84200883817578 9.345742206051531 0.4
      vertex -46.626702730475884 8.62670273047588 0.4
    endloop
  endfacet
  facet normal 0.608761429008722 -0.793353340291234 0
    outer loop
      vertex -45.84200883817578 9.345742206051531 0
      vertex -44.997632523482764 9.9936549403257 0.4
      vertex -45.84200883817578 9.345742206051531 0.4
    endloop
  endfacet
  facet normal 0.5372996083468236 -0.8433914458128858 0
    outer loop
      vertex -44.997632523482764 9.9936549403257 0.4
      vertex -44.997632523482764 9.9936549403257 0
      vertex -44.1 10.56550992617015 0.4
    endloop
  endfacet
  facet normal 0.5372996083468236 -0.8433914458128858 0
    outer loop
      vertex -44.1 10.56550992617015 0
      vertex -44.1 10.56550992617015 0.4
      vertex -44.997632523482764 9.9936549403257 0
    endloop
  endfacet
  facet normal 0.46174861323503374 -0.8870108331782218 0
    outer loop
      vertex -43.155942793236534 11.056955001847129 0
      vertex -43.155942793236534 11.056955001847129 0.4
      vertex -44.1 10.56550992617015 0
    endloop
  endfacet
  facet normal 0.38268343236509017 -0.9238795325112866 0
    outer loop
      vertex -42.17264574857316 11.464249973588082 0.4
      vertex -43.155942793236534 11.056955001847129 0
      vertex -42.17264574857316 11.464249973588082 0
    endloop
  endfacet
  facet normal 0.3007057995042724 -0.9537169507482272 3.03187136889722e-17
    outer loop
      vertex -42.17264574857316 11.464249973588082 0
      vertex -41.15759235025075 11.784295080726633 0
      vertex -41.15759235025075 11.784295080726633 0.4
    endloop
  endfacet
  facet normal 0.46174861323503374 -0.8870108331782218 0
    outer loop
      vertex -44.1 10.56550992617015 0
      vertex -43.155942793236534 11.056955001847129 0.4
      vertex -44.1 10.56550992617015 0.4
    endloop
  endfacet
  facet normal 0.38268343236509017 -0.9238795325112866 0
    outer loop
      vertex -43.155942793236534 11.056955001847129 0
      vertex -42.17264574857316 11.464249973588082 0.4
      vertex -43.155942793236534 11.056955001847129 0.4
    endloop
  endfacet
  facet normal 0.3007057995042724 -0.9537169507482272 0
    outer loop
      vertex -42.17264574857316 11.464249973588082 0
      vertex -41.15759235025075 11.784295080726633 0.4
      vertex -42.17264574857316 11.464249973588082 0.4
    endloop
  endfacet
  facet normal -0.8433914458128849 -0.5372996083468251 1.2333022287174228e-16
    outer loop
      vertex -28.006345059674302 6.997632523482761 0
      vertex -27.43449007382985 6.1 0
      vertex -27.43449007382985 6.1 0.4
    endloop
  endfacet
  facet normal -0.7933533402912364 -0.6087614290087191 -1.0152989929063758e-16
    outer loop
      vertex -28.654257793948467 7.842008838175778 0
      vertex -28.006345059674302 6.997632523482761 0
      vertex -28.006345059674302 6.997632523482761 0.4
    endloop
  endfacet
  facet normal -0.7933533402912364 -0.6087614290087191 -1.0152989929063758e-16
    outer loop
      vertex -28.006345059674302 6.997632523482761 0.4
      vertex -28.654257793948467 7.842008838175778 0.4
      vertex -28.654257793948467 7.842008838175778 0
    endloop
  endfacet
  facet normal -0.8433914458128849 -0.5372996083468251 1.2333022287174228e-16
    outer loop
      vertex -27.43449007382985 6.1 0.4
      vertex -28.006345059674302 6.997632523482761 0.4
      vertex -28.006345059674302 6.997632523482761 0
    endloop
  endfacet
  facet normal -0.6087614290087204 -0.7933533402912354 0
    outer loop
      vertex -30.15799116182422 9.345742206051531 0
      vertex -30.15799116182422 9.345742206051531 0.4
      vertex -31.00236747651724 9.9936549403257 0
    endloop
  endfacet
  facet normal -0.6755902076156588 -0.7372773368101254 -1.2151600151677292e-16
    outer loop
      vertex -30.15799116182422 9.345742206051531 0
      vertex -29.37329726952412 8.62670273047588 0
      vertex -29.37329726952412 8.62670273047588 0.4
    endloop
  endfacet
  facet normal -0.737277336810125 -0.6755902076156592 5.909824332941226e-17
    outer loop
      vertex -29.37329726952412 8.62670273047588 0
      vertex -28.654257793948467 7.842008838175778 0
      vertex -28.654257793948467 7.842008838175778 0.4
    endloop
  endfacet
  facet normal -0.6087614290087204 -0.7933533402912354 0
    outer loop
      vertex -31.00236747651724 9.9936549403257 0
      vertex -30.15799116182422 9.345742206051531 0.4
      vertex -31.00236747651724 9.9936549403257 0.4
    endloop
  endfacet
  facet normal -0.6755902076156588 -0.7372773368101254 0
    outer loop
      vertex -30.15799116182422 9.345742206051531 0
      vertex -29.37329726952412 8.62670273047588 0.4
      vertex -30.15799116182422 9.345742206051531 0.4
    endloop
  endfacet
  facet normal -0.737277336810125 -0.6755902076156592 5.909824332941226e-17
    outer loop
      vertex -28.654257793948467 7.842008838175778 0.4
      vertex -29.37329726952412 8.62670273047588 0.4
      vertex -29.37329726952412 8.62670273047588 0
    endloop
  endfacet
  facet normal 0.2164396139381026 -0.9762960071199335 0
    outer loop
      vertex -40.11850776753655 12.014654586748938 0
      vertex -40.11850776753655 12.014654586748938 0.4
      vertex -41.15759235025075 11.784295080726633 0
    endloop
  endfacet
  facet normal 0.13052619222005157 -0.9914448613738105 -2.519599006090596e-17
    outer loop
      vertex -40.11850776753655 12.014654586748938 0
      vertex -39.06330006152143 12.153575316719294 0
      vertex -39.06330006152143 12.153575316719294 0.4
    endloop
  endfacet
  facet normal 0.043619387365325425 -0.9990482215818581 1.6429856846744077e-19
    outer loop
      vertex -39.06330006152143 12.153575316719294 0
      vertex -39 12.156339057091486 0
      vertex -39 12.156339057091486 0.4
    endloop
  endfacet
  facet normal 0.2164396139381026 -0.9762960071199335 0
    outer loop
      vertex -41.15759235025075 11.784295080726633 0
      vertex -40.11850776753655 12.014654586748938 0.4
      vertex -41.15759235025075 11.784295080726633 0.4
    endloop
  endfacet
  facet normal 0.13052619222005157 -0.9914448613738105 0
    outer loop
      vertex -40.11850776753655 12.014654586748938 0
      vertex -39.06330006152143 12.153575316719294 0.4
      vertex -40.11850776753655 12.014654586748938 0.4
    endloop
  endfacet
  facet normal 0.043619387365325425 -0.9990482215818581 0
    outer loop
      vertex -39.06330006152143 12.153575316719294 0
      vertex -39 12.156339057091486 0.4
      vertex -39.06330006152143 12.153575316719294 0.4
    endloop
  endfacet
  facet normal -0.043619387365325425 -0.9990482215818581 -1.6429856846744077e-19
    outer loop
      vertex -37 12.156339057091486 0
      vertex -36.93669993847857 12.153575316719294 0
      vertex -36.93669993847857 12.153575316719294 0.4
    endloop
  endfacet
  facet normal -0.13052619222005157 -0.9914448613738105 0
    outer loop
      vertex -35.88149223246345 12.014654586748938 0
      vertex -35.88149223246345 12.014654586748938 0.4
      vertex -36.93669993847857 12.153575316719294 0
    endloop
  endfacet
  facet normal -0.2164396139381026 -0.9762960071199335 0
    outer loop
      vertex -34.84240764974925 11.784295080726633 0.4
      vertex -35.88149223246345 12.014654586748938 0
      vertex -34.84240764974925 11.784295080726633 0
    endloop
  endfacet
  facet normal -0.043619387365325425 -0.9990482215818581 0
    outer loop
      vertex -37 12.156339057091486 0
      vertex -36.93669993847857 12.153575316719294 0.4
      vertex -37 12.156339057091486 0.4
    endloop
  endfacet
  facet normal -0.13052619222005157 -0.9914448613738105 0
    outer loop
      vertex -36.93669993847857 12.153575316719294 0
      vertex -35.88149223246345 12.014654586748938 0.4
      vertex -36.93669993847857 12.153575316719294 0.4
    endloop
  endfacet
  facet normal -0.2164396139381026 -0.9762960071199335 0
    outer loop
      vertex -35.88149223246345 12.014654586748938 0
      vertex -34.84240764974925 11.784295080726633 0.4
      vertex -35.88149223246345 12.014654586748938 0.4
    endloop
  endfacet
  facet normal -0.3007057995042724 -0.9537169507482272 -3.03187136889722e-17
    outer loop
      vertex -33.82735425142684 11.464249973588082 0.4
      vertex -34.84240764974925 11.784295080726633 0.4
      vertex -34.84240764974925 11.784295080726633 0
    endloop
  endfacet
  facet normal -0.3007057995042724 -0.9537169507482272 0
    outer loop
      vertex -33.82735425142684 11.464249973588082 0
      vertex -33.82735425142684 11.464249973588082 0.4
      vertex -34.84240764974925 11.784295080726633 0
    endloop
  endfacet
  facet normal -0.38268343236509017 -0.9238795325112866 0
    outer loop
      vertex -32.844057206763466 11.056955001847129 0
      vertex -32.844057206763466 11.056955001847129 0.4
      vertex -33.82735425142684 11.464249973588082 0
    endloop
  endfacet
  facet normal -0.46174861323503374 -0.8870108331782218 0
    outer loop
      vertex -31.9 10.56550992617015 0
      vertex -31.9 10.56550992617015 0.4
      vertex -32.844057206763466 11.056955001847129 0
    endloop
  endfacet
  facet normal -0.537299608346825 -0.8433914458128848 0
    outer loop
      vertex -31.00236747651724 9.9936549403257 0
      vertex -31.00236747651724 9.9936549403257 0.4
      vertex -31.9 10.56550992617015 0
    endloop
  endfacet
  facet normal -0.38268343236509017 -0.9238795325112866 0
    outer loop
      vertex -33.82735425142684 11.464249973588082 0
      vertex -32.844057206763466 11.056955001847129 0.4
      vertex -33.82735425142684 11.464249973588082 0.4
    endloop
  endfacet
  facet normal -0.46174861323503374 -0.8870108331782218 0
    outer loop
      vertex -32.844057206763466 11.056955001847129 0
      vertex -31.9 10.56550992617015 0.4
      vertex -32.844057206763466 11.056955001847129 0.4
    endloop
  endfacet
  facet normal -0.537299608346825 -0.8433914458128848 0
    outer loop
      vertex -31.9 10.56550992617015 0
      vertex -31.00236747651724 9.9936549403257 0.4
      vertex -31.9 10.56550992617015 0.4
    endloop
  endfacet
  facet normal -0.8870108331782216 0.4617486132350341 3.1418695444428803e-17
    outer loop
      vertex -26.94304499815287 -5.155942793236533 0
      vertex -27.43449007382985 -6.1 0
      vertex -27.43449007382985 -6.1 0.4
    endloop
  endfacet
  facet normal -0.9238795325112867 0.3826834323650899 1.6262672987630216e-17
    outer loop
      vertex -26.535750026411918 -4.172645748573158 0
      vertex -26.94304499815287 -5.155942793236533 0
      vertex -26.94304499815287 -5.155942793236533 0.4
    endloop
  endfacet
  facet normal -0.9537169507482269 0.3007057995042732 -1.69047136005327e-17
    outer loop
      vertex -26.215704919273367 -3.157592350250753 0
      vertex -26.535750026411918 -4.172645748573158 0
      vertex -26.535750026411918 -4.172645748573158 0.4
    endloop
  endfacet
  facet normal -0.8870108331782216 0.4617486132350341 3.1418695444428803e-17
    outer loop
      vertex -27.43449007382985 -6.1 0.4
      vertex -26.94304499815287 -5.155942793236533 0.4
      vertex -26.94304499815287 -5.155942793236533 0
    endloop
  endfacet
  facet normal -0.9238795325112867 0.3826834323650899 0
    outer loop
      vertex -26.535750026411918 -4.172645748573158 0
      vertex -26.94304499815287 -5.155942793236533 0.4
      vertex -26.535750026411918 -4.172645748573158 0.4
    endloop
  endfacet
  facet normal -0.976296007119933 0.21643961393810418 -2.5508624687877034e-17
    outer loop
      vertex -25.98534541325106 -2.11850776753655 0
      vertex -26.215704919273367 -3.157592350250753 0
      vertex -26.215704919273367 -3.157592350250753 0.4
    endloop
  endfacet
  facet normal -0.9914448613738106 0.13052619222004957 2.716270384465827e-17
    outer loop
      vertex -25.846424683280706 -1.0633000615214296 0
      vertex -25.98534541325106 -2.11850776753655 0
      vertex -25.98534541325106 -2.11850776753655 0.4
    endloop
  endfacet
  facet normal -0.9537169507482269 0.3007057995042732 -1.69047136005327e-17
    outer loop
      vertex -26.535750026411918 -4.172645748573158 0.4
      vertex -26.215704919273367 -3.157592350250753 0.4
      vertex -26.215704919273367 -3.157592350250753 0
    endloop
  endfacet
  facet normal -0.976296007119933 0.21643961393810418 0
    outer loop
      vertex -25.98534541325106 -2.11850776753655 0
      vertex -26.215704919273367 -3.157592350250753 0.4
      vertex -25.98534541325106 -2.11850776753655 0.4
    endloop
  endfacet
  facet normal -0.9914448613738106 0.13052619222004957 2.716270384465827e-17
    outer loop
      vertex -25.98534541325106 -2.11850776753655 0.4
      vertex -25.846424683280706 -1.0633000615214296 0.4
      vertex -25.846424683280706 -1.0633000615214296 0
    endloop
  endfacet
  facet normal -0.9990482215818579 0.0436193873653364 0
    outer loop
      vertex -25.846424683280706 -1.0633000615214296 0.4
      vertex -25.8 0 0
      vertex -25.846424683280706 -1.0633000615214296 0
    endloop
  endfacet
  facet normal -0.9990482215818579 -0.0436193873653364 0
    outer loop
      vertex -25.8 0 0
      vertex -25.8 0 0.4
      vertex -25.846424683280706 1.0633000615214296 0
    endloop
  endfacet
  facet normal -0.9990482215818579 0.0436193873653364 6.5365551277279096e-18
    outer loop
      vertex -25.846424683280706 -1.0633000615214296 0.4
      vertex -25.8 0 0.4
      vertex -25.8 0 0
    endloop
  endfacet
  facet normal -0.9990482215818579 -0.0436193873653364 0
    outer loop
      vertex -25.846424683280706 1.0633000615214296 0.4
      vertex -25.846424683280706 1.0633000615214296 0
      vertex -25.8 0 0.4
    endloop
  endfacet
  facet normal -0.9914448613738106 -0.13052619222004957 0
    outer loop
      vertex -25.846424683280706 1.0633000615214296 0.4
      vertex -25.98534541325106 2.11850776753655 0
      vertex -25.846424683280706 1.0633000615214296 0
    endloop
  endfacet
  facet normal -0.976296007119933 -0.21643961393810418 2.5508624687877034e-17
    outer loop
      vertex -26.215704919273367 3.157592350250753 0
      vertex -25.98534541325106 2.11850776753655 0
      vertex -25.98534541325106 2.11850776753655 0.4
    endloop
  endfacet
  facet normal -0.9914448613738106 -0.13052619222004957 -2.716270384465827e-17
    outer loop
      vertex -25.846424683280706 1.0633000615214296 0.4
      vertex -25.98534541325106 2.11850776753655 0.4
      vertex -25.98534541325106 2.11850776753655 0
    endloop
  endfacet
  facet normal -0.976296007119933 -0.21643961393810418 0
    outer loop
      vertex -26.215704919273367 3.157592350250753 0
      vertex -25.98534541325106 2.11850776753655 0.4
      vertex -26.215704919273367 3.157592350250753 0.4
    endloop
  endfacet
  facet normal -0.9537169507482269 -0.3007057995042732 1.69047136005327e-17
    outer loop
      vertex -26.535750026411918 4.172645748573158 0
      vertex -26.215704919273367 3.157592350250753 0
      vertex -26.215704919273367 3.157592350250753 0.4
    endloop
  endfacet
  facet normal -0.9238795325112867 -0.3826834323650899 -1.6262672987630216e-17
    outer loop
      vertex -26.94304499815287 5.155942793236533 0
      vertex -26.535750026411918 4.172645748573158 0
      vertex -26.535750026411918 4.172645748573158 0.4
    endloop
  endfacet
  facet normal -0.8870108331782216 -0.4617486132350341 -3.1418695444428803e-17
    outer loop
      vertex -27.43449007382985 6.1 0
      vertex -26.94304499815287 5.155942793236533 0
      vertex -26.94304499815287 5.155942793236533 0.4
    endloop
  endfacet
  facet normal -0.9537169507482269 -0.3007057995042732 0
    outer loop
      vertex -26.535750026411918 4.172645748573158 0
      vertex -26.215704919273367 3.157592350250753 0.4
      vertex -26.535750026411918 4.172645748573158 0.4
    endloop
  endfacet
  facet normal -0.9238795325112867 -0.3826834323650899 -1.6262672987630216e-17
    outer loop
      vertex -26.535750026411918 4.172645748573158 0.4
      vertex -26.94304499815287 5.155942793236533 0.4
      vertex -26.94304499815287 5.155942793236533 0
    endloop
  endfacet
  facet normal -0.8870108331782216 -0.4617486132350341 -3.1418695444428803e-17
    outer loop
      vertex -26.94304499815287 5.155942793236533 0.4
      vertex -27.43449007382985 6.1 0.4
      vertex -27.43449007382985 6.1 0
    endloop
  endfacet
  facet normal 1 0 0
    outer loop
      vertex -39 12.156339057091486 0
      vertex -39 16.956339057091487 0.4
      vertex -39 12.156339057091486 0.4
    endloop
  endfacet
  facet normal -1 0 0
    outer loop
      vertex -37 12.156339057091486 0
      vertex -37 12.156339057091486 0.4
      vertex -37 16.956339057091487 0
    endloop
  endfacet
  facet normal 1 0 0
    outer loop
      vertex -39 16.956339057091487 0
      vertex -39 16.956339057091487 0.4
      vertex -39 12.156339057091486 0
    endloop
  endfacet
  facet normal -1 0 0
    outer loop
      vertex -37 16.956339057091487 0.4
      vertex -37 16.956339057091487 0
      vertex -37 12.156339057091486 0.4
    endloop
  endfacet
  facet normal 0.45399049973954914 -0.8910065241883667 4.35062156208209e-18
    outer loop
      vertex -5.685410196624969 -15.929366090222908 0
      vertex -5.789748355259552 -15.982529037400615 0.8
      vertex -5.789748355259552 -15.982529037400615 0
    endloop
  endfacet
  facet normal 0.15643446504023034 -0.9876883405951378 0
    outer loop
      vertex -5.5 -15.9 0
      vertex -5.5 -15.9 0.8
      vertex -5.685410196624969 -15.929366090222908 0
    endloop
  endfacet
  facet normal -0.15643446504023034 -0.9876883405951378 0
    outer loop
      vertex -5.314589803375031 -15.929366090222908 0
      vertex -5.314589803375031 -15.929366090222908 0.8
      vertex -5.5 -15.9 0
    endloop
  endfacet
  facet normal -0.4539904997395459 -0.8910065241883682 0
    outer loop
      vertex -5.147328848624516 -16.01458980337503 0
      vertex -5.147328848624516 -16.01458980337503 0.8
      vertex -5.314589803375031 -15.929366090222908 0
    endloop
  endfacet
  facet normal -0.8910065241883717 -0.4539904997395394 -2.641953374208708e-18
    outer loop
      vertex -4.966264558935251 -16.242172481043134 0
      vertex -5.014589803375031 -16.147328848624515 0.8
      vertex -5.014589803375031 -16.147328848624515 0
    endloop
  endfacet
  facet normal -0.7071067811865428 -0.7071067811865522 -4.0633307799395984e-18
    outer loop
      vertex -5.147328848624516 -16.01458980337503 0
      vertex -5.014589803375031 -16.147328848624515 0
      vertex -5.014589803375031 -16.147328848624515 0.8
    endloop
  endfacet
  facet normal 0.45399049973954914 -0.8910065241883667 0
    outer loop
      vertex -5.685410196624969 -15.929366090222908 0
      vertex -5.685410196624969 -15.929366090222908 0.8
      vertex -5.789748355259552 -15.982529037400615 0.8
    endloop
  endfacet
  facet normal 0.15643446504023034 -0.9876883405951378 0
    outer loop
      vertex -5.685410196624969 -15.929366090222908 0
      vertex -5.5 -15.9 0.8
      vertex -5.685410196624969 -15.929366090222908 0.8
    endloop
  endfacet
  facet normal -0.15643446504023034 -0.9876883405951378 0
    outer loop
      vertex -5.5 -15.9 0
      vertex -5.314589803375031 -15.929366090222908 0.8
      vertex -5.5 -15.9 0.8
    endloop
  endfacet
  facet normal -0.4539904997395459 -0.8910065241883682 0
    outer loop
      vertex -5.314589803375031 -15.929366090222908 0
      vertex -5.147328848624516 -16.01458980337503 0.8
      vertex -5.314589803375031 -15.929366090222908 0.8
    endloop
  endfacet
  facet normal -0.8910065241883717 -0.4539904997395394 0
    outer loop
      vertex -4.966264558935251 -16.242172481043134 0
      vertex -4.966264558935251 -16.242172481043134 0.8
      vertex -5.014589803375031 -16.147328848624515 0.8
    endloop
  endfacet
  facet normal -0.7071067811865428 -0.7071067811865522 0
    outer loop
      vertex -5.147328848624516 -16.01458980337503 0
      vertex -5.014589803375031 -16.147328848624515 0.8
      vertex -5.147328848624516 -16.01458980337503 0.8
    endloop
  endfacet
  facet normal -0.8433914458128855 -0.537299608346824 -4.054638808212558e-17
    outer loop
      vertex -13.92558475291286 -9.750799417967784 0
      vertex -14.722431864335457 -8.5 0.8
      vertex -14.722431864335457 -8.5 0
    endloop
  endfacet
  facet normal -0.8433914458128855 -0.537299608346824 0
    outer loop
      vertex -13.92558475291286 -9.750799417967784 0
      vertex -13.92558475291286 -9.750799417967784 0.8
      vertex -14.722431864335457 -8.5 0.8
    endloop
  endfacet
  facet normal -0.8870108331782219 -0.46174861323503336 0
    outer loop
      vertex -14.722431864335457 -8.5 0
      vertex -14.722431864335457 -8.5 0.8
      vertex -15.407232379623048 -7.18451044959189 0.8
    endloop
  endfacet
  facet normal -0.9238795325112862 -0.38268343236509106 -9.812736021883092e-18
    outer loop
      vertex -15.407232379623048 -7.18451044959189 0
      vertex -15.974774553360444 -5.814342436536368 0.8
      vertex -15.974774553360444 -5.814342436536368 0
    endloop
  endfacet
  facet normal -0.8870108331782219 -0.46174861323503336 0
    outer loop
      vertex -15.407232379623048 -7.18451044959189 0
      vertex -14.722431864335457 -8.5 0
      vertex -15.407232379623048 -7.18451044959189 0.8
    endloop
  endfacet
  facet normal -0.9537169507482272 -0.30070579950427234 3.0226206044795837e-17
    outer loop
      vertex -15.974774553360444 -5.814342436536368 0
      vertex -16.42073904691416 -4.399923766742853 0.8
      vertex -16.42073904691416 -4.399923766742853 0
    endloop
  endfacet
  facet normal -0.9238795325112862 -0.38268343236509106 0
    outer loop
      vertex -15.407232379623048 -7.18451044959189 0
      vertex -15.407232379623048 -7.18451044959189 0.8
      vertex -15.974774553360444 -5.814342436536368 0.8
    endloop
  endfacet
  facet normal -0.9537169507482272 -0.30070579950427234 0
    outer loop
      vertex -15.974774553360444 -5.814342436536368 0
      vertex -15.974774553360444 -5.814342436536368 0.8
      vertex -16.42073904691416 -4.399923766742853 0.8
    endloop
  endfacet
  facet normal -0.9762960071199335 -0.21643961393810207 0
    outer loop
      vertex -16.42073904691416 -4.399923766742853 0
      vertex -16.42073904691416 -4.399923766742853 0.8
      vertex -16.741731801207536 -2.952019020337816 0.8
    endloop
  endfacet
  facet normal 0 0 -1
    outer loop
      vertex -15.407232379623048 -7.18451044959189 0
      vertex -15.974774553360444 -5.814342436536368 0
      vertex -15.407232379623048 7.18451044959189 0
    endloop
  endfacet
  facet normal 0 0 -1
    outer loop
      vertex -15.974774553360444 -5.814342436536368 0
      vertex -16.42073904691416 -4.399923766742853 0
      vertex -15.974774553360444 5.814342436536368 0
    endloop
  endfacet
  facet normal 0 0 -1
    outer loop
      vertex -15.407232379623048 -7.18451044959189 0
      vertex -14.722431864335457 8.5 0
      vertex -14.722431864335457 -8.5 0
    endloop
  endfacet
  facet normal 0 0 -1
    outer loop
      vertex -13.92558475291286 -9.750799417967784 0
      vertex -14.722431864335457 -8.5 0
      vertex -13.92558475291286 9.750799417967784 0
    endloop
  endfacet
  facet normal -0.9762960071199335 -0.21643961393810207 2.3381525464821667e-17
    outer loop
      vertex -16.42073904691416 -4.399923766742853 0
      vertex -16.741731801207536 -2.952019020337816 0.8
      vertex -16.741731801207536 -2.952019020337816 0
    endloop
  endfacet
  facet normal -0.9914448613738103 -0.13052619222005254 -9.828600802174944e-18
    outer loop
      vertex -16.741731801207536 -2.952019020337816 0
      vertex -16.935309867559674 -1.4816476267101888 0.8
      vertex -16.935309867559674 -1.4816476267101888 0
    endloop
  endfacet
  facet normal 0 0 -1
    outer loop
      vertex -16.42073904691416 -4.399923766742853 0
      vertex -16.741731801207536 -2.952019020337816 0
      vertex -16.42073904691416 4.399923766742853 0
    endloop
  endfacet
  facet normal 0 0 -1
    outer loop
      vertex -16.741731801207536 -2.952019020337816 0
      vertex -16.935309867559674 -1.4816476267101888 0
      vertex -16.741731801207536 2.952019020337816 0
    endloop
  endfacet
  facet normal 0 0 -1
    outer loop
      vertex -16.935309867559674 -1.4816476267101888 0
      vertex -17 0 0
      vertex -16.935309867559674 1.4816476267101888 0
    endloop
  endfacet
  facet normal 0 0 -1
    outer loop
      vertex -16.935309867559674 -1.4816476267101888 0
      vertex -16.935309867559674 1.4816476267101888 0
      vertex -16.741731801207536 2.952019020337816 0
    endloop
  endfacet
  facet normal -0.9990482215818578 -0.04361938736533601 3.3046290213020904e-18
    outer loop
      vertex -16.935309867559674 -1.4816476267101888 0
      vertex -17 0 0.8
      vertex -17 0 0
    endloop
  endfacet
  facet normal -0.9990482215818578 0.04361938736533601 -3.3046290213020904e-18
    outer loop
      vertex -17 0 0
      vertex -16.935309867559674 1.4816476267101888 0.8
      vertex -16.935309867559674 1.4816476267101888 0
    endloop
  endfacet
  facet normal -0.9914448613738103 -0.13052619222005254 0
    outer loop
      vertex -16.741731801207536 -2.952019020337816 0
      vertex -16.741731801207536 -2.952019020337816 0.8
      vertex -16.935309867559674 -1.4816476267101888 0.8
    endloop
  endfacet
  facet normal -0.9990482215818578 -0.04361938736533601 0
    outer loop
      vertex -16.935309867559674 -1.4816476267101888 0
      vertex -16.935309867559674 -1.4816476267101888 0.8
      vertex -17 0 0.8
    endloop
  endfacet
  facet normal -0.9990482215818578 0.04361938736533601 0
    outer loop
      vertex -17 0 0
      vertex -17 0 0.8
      vertex -16.935309867559674 1.4816476267101888 0.8
    endloop
  endfacet
  facet normal 0 0 1
    outer loop
      vertex -15.407232379623048 -7.18451044959189 0.8
      vertex -15.974774553360444 5.814342436536368 0.8
      vertex -15.974774553360444 -5.814342436536368 0.8
    endloop
  endfacet
  facet normal 0 0 1
    outer loop
      vertex -16.42073904691416 -4.399923766742853 0.8
      vertex -16.741731801207536 2.952019020337816 0.8
      vertex -16.741731801207536 -2.952019020337816 0.8
    endloop
  endfacet
  facet normal 0 0 1
    outer loop
      vertex -15.974774553360444 -5.814342436536368 0.8
      vertex -16.42073904691416 4.399923766742853 0.8
      vertex -16.42073904691416 -4.399923766742853 0.8
    endloop
  endfacet
  facet normal 0 0 1
    outer loop
      vertex -15.407232379623048 -7.18451044959189 0.8
      vertex -14.722431864335457 -8.5 0.8
      vertex -15.407232379623048 7.18451044959189 0.8
    endloop
  endfacet
  facet normal 0 0 1
    outer loop
      vertex -13.92558475291286 -9.750799417967784 0.8
      vertex -14.722431864335457 8.5 0.8
      vertex -14.722431864335457 -8.5 0.8
    endloop
  endfacet
  facet normal 0 0 1
    outer loop
      vertex -16.741731801207536 -2.952019020337816 0.8
      vertex -16.935309867559674 1.4816476267101888 0.8
      vertex -16.935309867559674 -1.4816476267101888 0.8
    endloop
  endfacet
  facet normal 0 0 1
    outer loop
      vertex -16.935309867559674 -1.4816476267101888 0.8
      vertex -16.935309867559674 1.4816476267101888 0.8
      vertex -17 0 0.8
    endloop
  endfacet
  facet normal 0 0 1
    outer loop
      vertex -16.741731801207536 -2.952019020337816 0.8
      vertex -16.741731801207536 2.952019020337816 0.8
      vertex -16.935309867559674 1.4816476267101888 0.8
    endloop
  endfacet
  facet normal 0 0 1
    outer loop
      vertex -16.42073904691416 -4.399923766742853 0.8
      vertex -16.42073904691416 4.399923766742853 0.8
      vertex -16.741731801207536 2.952019020337816 0.8
    endloop
  endfacet
  facet normal -0.6755902076156594 -0.7372773368101249 0
    outer loop
      vertex -10.927389364671168 -13.022755533022627 0
      vertex -10.927389364671168 -13.022755533022627 0.8
      vertex -12.020815280171309 -12.020815280171309 0
    endloop
  endfacet
  facet normal -0.46174861323503336 -0.8870108331782219 0
    outer loop
      vertex -7.18451044959189 -15.407232379623048 0
      vertex -7.18451044959189 -15.407232379623048 0.8
      vertex -8.5 -14.722431864335457 0
    endloop
  endfacet
  facet normal 0 0 -1
    outer loop
      vertex -9.750799417967784 -13.92558475291286 0
      vertex -7.842008838175778 -9.345742206051531 0
      vertex -8.5 -14.722431864335457 0
    endloop
  endfacet
  facet normal 0 0 -1
    outer loop
      vertex -7.18451044959189 -15.407232379623048 0
      vertex -8.5 -14.722431864335457 0
      vertex -6.997632523482761 -9.9936549403257 0
    endloop
  endfacet
  facet normal -0.537299608346824 -0.8433914458128855 -4.054638808212558e-17
    outer loop
      vertex -9.750799417967784 -13.92558475291286 0
      vertex -8.5 -14.722431864335457 0
      vertex -8.5 -14.722431864335457 0.8
    endloop
  endfacet
  facet normal -0.6087614290087204 -0.7933533402912353 7.460398933544684e-17
    outer loop
      vertex -10.927389364671168 -13.022755533022627 0
      vertex -9.750799417967784 -13.92558475291286 0
      vertex -9.750799417967784 -13.92558475291286 0.8
    endloop
  endfacet
  facet normal -0.6087614290087204 -0.7933533402912353 0
    outer loop
      vertex -10.927389364671168 -13.022755533022627 0
      vertex -9.750799417967784 -13.92558475291286 0.8
      vertex -10.927389364671168 -13.022755533022627 0.8
    endloop
  endfacet
  facet normal -0.46174861323503336 -0.8870108331782219 0
    outer loop
      vertex -8.5 -14.722431864335457 0
      vertex -7.18451044959189 -15.407232379623048 0.8
      vertex -8.5 -14.722431864335457 0.8
    endloop
  endfacet
  facet normal -0.537299608346824 -0.8433914458128855 0
    outer loop
      vertex -9.750799417967784 -13.92558475291286 0
      vertex -8.5 -14.722431864335457 0.8
      vertex -9.750799417967784 -13.92558475291286 0.8
    endloop
  endfacet
  facet normal 0 0 -1
    outer loop
      vertex -10.927389364671168 -13.022755533022627 0
      vertex -12.020815280171309 -12.020815280171309 0
      vertex -10.56550992617015 -6.1 0
    endloop
  endfacet
  facet normal -0.7372773368101249 -0.6755902076156594 0
    outer loop
      vertex -13.022755533022627 -10.927389364671168 0
      vertex -12.020815280171309 -12.020815280171309 0
      vertex -13.022755533022627 -10.927389364671168 0.8
    endloop
  endfacet
  facet normal 0 0 -1
    outer loop
      vertex -13.022755533022627 -10.927389364671168 0
      vertex -12.014654586748938 -2.11850776753655 0
      vertex -12.020815280171309 -12.020815280171309 0
    endloop
  endfacet
  facet normal 0 0 -1
    outer loop
      vertex -10.927389364671168 -13.022755533022627 0
      vertex -10.56550992617015 -6.1 0
      vertex -9.9936549403257 -6.997632523482761 0
    endloop
  endfacet
  facet normal -0.7933533402912353 -0.6087614290087204 7.460398933544684e-17
    outer loop
      vertex -13.022755533022627 -10.927389364671168 0
      vertex -13.92558475291286 -9.750799417967784 0.8
      vertex -13.92558475291286 -9.750799417967784 0
    endloop
  endfacet
  facet normal 0 0 -1
    outer loop
      vertex -10.927389364671168 -13.022755533022627 0
      vertex -9.345742206051531 -7.842008838175778 0
      vertex -9.750799417967784 -13.92558475291286 0
    endloop
  endfacet
  facet normal 0 0 -1
    outer loop
      vertex -9.750799417967784 -13.92558475291286 0
      vertex -8.62670273047588 -8.62670273047588 0
      vertex -7.842008838175778 -9.345742206051531 0
    endloop
  endfacet
  facet normal 0 0 -1
    outer loop
      vertex -8.5 -14.722431864335457 0
      vertex -7.842008838175778 -9.345742206051531 0
      vertex -6.997632523482761 -9.9936549403257 0
    endloop
  endfacet
  facet normal 0 0 -1
    outer loop
      vertex -10.927389364671168 -13.022755533022627 0
      vertex -9.9936549403257 -6.997632523482761 0
      vertex -9.345742206051531 -7.842008838175778 0
    endloop
  endfacet
  facet normal 0 0 -1
    outer loop
      vertex -9.750799417967784 -13.92558475291286 0
      vertex -9.345742206051531 -7.842008838175778 0
      vertex -8.62670273047588 -8.62670273047588 0
    endloop
  endfacet
  facet normal -0.7372773368101249 -0.6755902076156594 0
    outer loop
      vertex -12.020815280171309 -12.020815280171309 0
      vertex -12.020815280171309 -12.020815280171309 0.8
      vertex -13.022755533022627 -10.927389364671168 0.8
    endloop
  endfacet
  facet normal -0.7933533402912353 -0.6087614290087204 0
    outer loop
      vertex -13.022755533022627 -10.927389364671168 0
      vertex -13.022755533022627 -10.927389364671168 0.8
      vertex -13.92558475291286 -9.750799417967784 0.8
    endloop
  endfacet
  facet normal -0.6755902076156594 -0.7372773368101249 0
    outer loop
      vertex -12.020815280171309 -12.020815280171309 0
      vertex -10.927389364671168 -13.022755533022627 0.8
      vertex -12.020815280171309 -12.020815280171309 0.8
    endloop
  endfacet
  facet normal -0.3007057995042875 -0.9537169507482223 -7.215537962955676e-20
    outer loop
      vertex -5.814342436536368 -15.974774553360444 0
      vertex -5.789748355259552 -15.982529037400615 0
      vertex -5.789748355259552 -15.982529037400615 0.8
    endloop
  endfacet
  facet normal -0.38268343236509106 -0.9238795325112862 -9.812736021883092e-18
    outer loop
      vertex -7.18451044959189 -15.407232379623048 0
      vertex -5.814342436536368 -15.974774553360444 0
      vertex -5.814342436536368 -15.974774553360444 0.8
    endloop
  endfacet
  facet normal -0.30070579950427195 -0.9537169507482273 0
    outer loop
      vertex -4.399923766742853 -16.42073904691416 0
      vertex -4.399923766742853 -16.42073904691416 0.8
      vertex -4.966264558935251 -16.242172481043134 0
    endloop
  endfacet
  facet normal 0 0 -1
    outer loop
      vertex -7.18451044959189 -15.407232379623048 0
      vertex -5.155942793236533 -11.056955001847129 0
      vertex -5.814342436536368 -15.974774553360444 0
    endloop
  endfacet
  facet normal 0 0 -1
    outer loop
      vertex -5.814342436536368 -15.974774553360444 0
      vertex -4.172645748573158 -11.464249973588082 0
      vertex -5.789748355259552 -15.982529037400615 0
    endloop
  endfacet
  facet normal 0 0 -1
    outer loop
      vertex -4.172645748573158 -11.464249973588082 0
      vertex -5.685410196624969 -15.929366090222908 0
      vertex -5.789748355259552 -15.982529037400615 0
    endloop
  endfacet
  facet normal 0 0 -1
    outer loop
      vertex -4.172645748573158 -11.464249973588082 0
      vertex -5.014589803375031 -16.147328848624515 0
      vertex -5.147328848624516 -16.01458980337503 0
    endloop
  endfacet
  facet normal 0 0 -1
    outer loop
      vertex -4.172645748573158 -11.464249973588082 0
      vertex -5.5 -15.9 0
      vertex -5.685410196624969 -15.929366090222908 0
    endloop
  endfacet
  facet normal 0 0 -1
    outer loop
      vertex -4.172645748573158 -11.464249973588082 0
      vertex -5.314589803375031 -15.929366090222908 0
      vertex -5.5 -15.9 0
    endloop
  endfacet
  facet normal 0 0 -1
    outer loop
      vertex -4.172645748573158 -11.464249973588082 0
      vertex -5.147328848624516 -16.01458980337503 0
      vertex -5.314589803375031 -15.929366090222908 0
    endloop
  endfacet
  facet normal 0 0 -1
    outer loop
      vertex -4.966264558935251 -16.242172481043134 0
      vertex -5.014589803375031 -16.147328848624515 0
      vertex -4.172645748573158 -11.464249973588082 0
    endloop
  endfacet
  facet normal 0 0 -1
    outer loop
      vertex -4.399923766742853 -16.42073904691416 0
      vertex -4.966264558935251 -16.242172481043134 0
      vertex -4.172645748573158 -11.464249973588082 0
    endloop
  endfacet
  facet normal 0 0 -1
    outer loop
      vertex -5.814342436536368 -15.974774553360444 0
      vertex -5.155942793236533 -11.056955001847129 0
      vertex -4.172645748573158 -11.464249973588082 0
    endloop
  endfacet
  facet normal 0 0 -1
    outer loop
      vertex -4.399923766742853 -16.42073904691416 0
      vertex -4.172645748573158 -11.464249973588082 0
      vertex -3.157592350250753 -11.784295080726633 0
    endloop
  endfacet
  facet normal 0 0 -1
    outer loop
      vertex -4.399923766742853 -16.42073904691416 0
      vertex -2.11850776753655 -12.014654586748938 0
      vertex -2.952019020337816 -16.741731801207536 0
    endloop
  endfacet
  facet normal 0 0 -1
    outer loop
      vertex -2.952019020337816 -16.741731801207536 0
      vertex -1.0633000615214296 -12.153575316719294 0
      vertex -1.4816476267101888 -16.935309867559674 0
    endloop
  endfacet
  facet normal 0 0 -1
    outer loop
      vertex -1.4816476267101888 -16.935309867559674 0
      vertex -1.0633000615214296 -12.153575316719294 0
      vertex 0 -17 0
    endloop
  endfacet
  facet normal -0.21643961393810207 -0.9762960071199335 2.3381525464821667e-17
    outer loop
      vertex -4.399923766742853 -16.42073904691416 0
      vertex -2.952019020337816 -16.741731801207536 0
      vertex -2.952019020337816 -16.741731801207536 0.8
    endloop
  endfacet
  facet normal -0.13052619222005254 -0.9914448613738103 -9.828600802174944e-18
    outer loop
      vertex -2.952019020337816 -16.741731801207536 0
      vertex -1.4816476267101888 -16.935309867559674 0
      vertex -1.4816476267101888 -16.935309867559674 0.8
    endloop
  endfacet
  facet normal -0.04361938736533601 -0.9990482215818578 3.3046290213020904e-18
    outer loop
      vertex -1.4816476267101888 -16.935309867559674 0
      vertex 0 -17 0
      vertex 0 -17 0.8
    endloop
  endfacet
  facet normal 0 0 -1
    outer loop
      vertex -2.952019020337816 -16.741731801207536 0
      vertex -2.11850776753655 -12.014654586748938 0
      vertex -1.0633000615214296 -12.153575316719294 0
    endloop
  endfacet
  facet normal 0 0 -1
    outer loop
      vertex -4.399923766742853 -16.42073904691416 0
      vertex -3.157592350250753 -11.784295080726633 0
      vertex -2.11850776753655 -12.014654586748938 0
    endloop
  endfacet
  facet normal 0 0 -1
    outer loop
      vertex 0 -17 0
      vertex -1.0633000615214296 -12.153575316719294 0
      vertex 0 -12.2 0
    endloop
  endfacet
  facet normal -0.3007057995042875 -0.9537169507482223 0
    outer loop
      vertex -5.814342436536368 -15.974774553360444 0
      vertex -5.789748355259552 -15.982529037400615 0.8
      vertex -5.814342436536368 -15.974774553360444 0.8
    endloop
  endfacet
  facet normal -0.38268343236509106 -0.9238795325112862 0
    outer loop
      vertex -7.18451044959189 -15.407232379623048 0
      vertex -5.814342436536368 -15.974774553360444 0.8
      vertex -7.18451044959189 -15.407232379623048 0.8
    endloop
  endfacet
  facet normal -0.30070579950427195 -0.9537169507482273 1.0574283908381167e-17
    outer loop
      vertex -4.399923766742853 -16.42073904691416 0.8
      vertex -4.966264558935251 -16.242172481043134 0.8
      vertex -4.966264558935251 -16.242172481043134 0
    endloop
  endfacet
  facet normal -0.21643961393810207 -0.9762960071199335 0
    outer loop
      vertex -4.399923766742853 -16.42073904691416 0
      vertex -2.952019020337816 -16.741731801207536 0.8
      vertex -4.399923766742853 -16.42073904691416 0.8
    endloop
  endfacet
  facet normal -0.13052619222005254 -0.9914448613738103 0
    outer loop
      vertex -2.952019020337816 -16.741731801207536 0
      vertex -1.4816476267101888 -16.935309867559674 0.8
      vertex -2.952019020337816 -16.741731801207536 0.8
    endloop
  endfacet
  facet normal -0.04361938736533601 -0.9990482215818578 0
    outer loop
      vertex -1.4816476267101888 -16.935309867559674 0
      vertex 0 -17 0.8
      vertex -1.4816476267101888 -16.935309867559674 0.8
    endloop
  endfacet
  facet normal 0 0 -1
    outer loop
      vertex -7.18451044959189 -15.407232379623048 0
      vertex -6.997632523482761 -9.9936549403257 0
      vertex -6.1 -10.56550992617015 0
    endloop
  endfacet
  facet normal 0 0 -1
    outer loop
      vertex -7.18451044959189 -15.407232379623048 0
      vertex -6.1 -10.56550992617015 0
      vertex -5.155942793236533 -11.056955001847129 0
    endloop
  endfacet
  facet normal 0 0 1
    outer loop
      vertex -7.18451044959189 -15.407232379623048 0.8
      vertex -7.842008838175778 -9.345742206051531 0.8
      vertex -8.5 -14.722431864335457 0.8
    endloop
  endfacet
  facet normal 0 0 1
    outer loop
      vertex -10.927389364671168 -13.022755533022627 0.8
      vertex -9.750799417967784 -13.92558475291286 0.8
      vertex -10.56550992617015 -6.1 0.8
    endloop
  endfacet
  facet normal 0 0 1
    outer loop
      vertex -10.927389364671168 -13.022755533022627 0.8
      vertex -11.464249973588082 -4.172645748573158 0.8
      vertex -12.020815280171309 -12.020815280171309 0.8
    endloop
  endfacet
  facet normal 0 0 1
    outer loop
      vertex -10.927389364671168 -13.022755533022627 0.8
      vertex -10.56550992617015 -6.1 0.8
      vertex -11.056955001847129 -5.155942793236533 0.8
    endloop
  endfacet
  facet normal 0 0 1
    outer loop
      vertex -9.750799417967784 -13.92558475291286 0.8
      vertex -8.5 -14.722431864335457 0.8
      vertex -9.345742206051531 -7.842008838175778 0.8
    endloop
  endfacet
  facet normal 0 0 1
    outer loop
      vertex -8.5 -14.722431864335457 0.8
      vertex -8.62670273047588 -8.62670273047588 0.8
      vertex -9.345742206051531 -7.842008838175778 0.8
    endloop
  endfacet
  facet normal 0 0 1
    outer loop
      vertex -7.18451044959189 -15.407232379623048 0.8
      vertex -6.997632523482761 -9.9936549403257 0.8
      vertex -7.842008838175778 -9.345742206051531 0.8
    endloop
  endfacet
  facet normal 0 0 1
    outer loop
      vertex -8.5 -14.722431864335457 0.8
      vertex -7.842008838175778 -9.345742206051531 0.8
      vertex -8.62670273047588 -8.62670273047588 0.8
    endloop
  endfacet
  facet normal 0 0 1
    outer loop
      vertex -9.750799417967784 -13.92558475291286 0.8
      vertex -9.345742206051531 -7.842008838175778 0.8
      vertex -9.9936549403257 -6.997632523482761 0.8
    endloop
  endfacet
  facet normal 0 0 1
    outer loop
      vertex -9.750799417967784 -13.92558475291286 0.8
      vertex -9.9936549403257 -6.997632523482761 0.8
      vertex -10.56550992617015 -6.1 0.8
    endloop
  endfacet
  facet normal 0 0 1
    outer loop
      vertex -4.399923766742853 -16.42073904691416 0.8
      vertex -2.952019020337816 -16.741731801207536 0.8
      vertex -4.172645748573158 -11.464249973588082 0.8
    endloop
  endfacet
  facet normal 0 0 1
    outer loop
      vertex -7.18451044959189 -15.407232379623048 0.8
      vertex -5.814342436536368 -15.974774553360444 0.8
      vertex -6.1 -10.56550992617015 0.8
    endloop
  endfacet
  facet normal 0 0 1
    outer loop
      vertex -5.814342436536368 -15.974774553360444 0.8
      vertex -5.789748355259552 -15.982529037400615 0.8
      vertex -5.155942793236533 -11.056955001847129 0.8
    endloop
  endfacet
  facet normal 0 0 1
    outer loop
      vertex -5.789748355259552 -15.982529037400615 0.8
      vertex -5.685410196624969 -15.929366090222908 0.8
      vertex -5.155942793236533 -11.056955001847129 0.8
    endloop
  endfacet
  facet normal 0 0 1
    outer loop
      vertex -5.155942793236533 -11.056955001847129 0.8
      vertex -5.685410196624969 -15.929366090222908 0.8
      vertex -5.5 -15.9 0.8
    endloop
  endfacet
  facet normal 0 0 1
    outer loop
      vertex -5.155942793236533 -11.056955001847129 0.8
      vertex -5.314589803375031 -15.929366090222908 0.8
      vertex -5.147328848624516 -16.01458980337503 0.8
    endloop
  endfacet
  facet normal 0 0 1
    outer loop
      vertex -5.155942793236533 -11.056955001847129 0.8
      vertex -5.5 -15.9 0.8
      vertex -5.314589803375031 -15.929366090222908 0.8
    endloop
  endfacet
  facet normal 0 0 1
    outer loop
      vertex -5.814342436536368 -15.974774553360444 0.8
      vertex -5.155942793236533 -11.056955001847129 0.8
      vertex -6.1 -10.56550992617015 0.8
    endloop
  endfacet
  facet normal 0 0 1
    outer loop
      vertex -4.966264558935251 -16.242172481043134 0.8
      vertex -5.155942793236533 -11.056955001847129 0.8
      vertex -5.014589803375031 -16.147328848624515 0.8
    endloop
  endfacet
  facet normal 0 0 1
    outer loop
      vertex -4.399923766742853 -16.42073904691416 0.8
      vertex -5.155942793236533 -11.056955001847129 0.8
      vertex -4.966264558935251 -16.242172481043134 0.8
    endloop
  endfacet
  facet normal 0 0 1
    outer loop
      vertex -5.155942793236533 -11.056955001847129 0.8
      vertex -5.147328848624516 -16.01458980337503 0.8
      vertex -5.014589803375031 -16.147328848624515 0.8
    endloop
  endfacet
  facet normal 0 0 1
    outer loop
      vertex -4.399923766742853 -16.42073904691416 0.8
      vertex -4.172645748573158 -11.464249973588082 0.8
      vertex -5.155942793236533 -11.056955001847129 0.8
    endloop
  endfacet
  facet normal 0 0 1
    outer loop
      vertex -2.952019020337816 -16.741731801207536 0.8
      vertex -1.4816476267101888 -16.935309867559674 0.8
      vertex -2.11850776753655 -12.014654586748938 0.8
    endloop
  endfacet
  facet normal 0 0 1
    outer loop
      vertex -1.4816476267101888 -16.935309867559674 0.8
      vertex 0 -17 0.8
      vertex -1.0633000615214296 -12.153575316719294 0.8
    endloop
  endfacet
  facet normal 0 0 1
    outer loop
      vertex -2.952019020337816 -16.741731801207536 0.8
      vertex -3.157592350250753 -11.784295080726633 0.8
      vertex -4.172645748573158 -11.464249973588082 0.8
    endloop
  endfacet
  facet normal 0 0 1
    outer loop
      vertex -2.952019020337816 -16.741731801207536 0.8
      vertex -2.11850776753655 -12.014654586748938 0.8
      vertex -3.157592350250753 -11.784295080726633 0.8
    endloop
  endfacet
  facet normal 0 0 1
    outer loop
      vertex -1.4816476267101888 -16.935309867559674 0.8
      vertex -1.0633000615214296 -12.153575316719294 0.8
      vertex -2.11850776753655 -12.014654586748938 0.8
    endloop
  endfacet
  facet normal 0 0 1
    outer loop
      vertex 0 -17 0.8
      vertex 0 -12.2 0.8
      vertex -1.0633000615214296 -12.153575316719294 0.8
    endloop
  endfacet
  facet normal 0 0 1
    outer loop
      vertex -7.18451044959189 -15.407232379623048 0.8
      vertex -6.1 -10.56550992617015 0.8
      vertex -6.997632523482761 -9.9936549403257 0.8
    endloop
  endfacet
  facet normal 0 0 -1
    outer loop
      vertex -12.020815280171309 -12.020815280171309 0
      vertex -11.056955001847129 -5.155942793236533 0
      vertex -10.56550992617015 -6.1 0
    endloop
  endfacet
  facet normal 0 0 -1
    outer loop
      vertex -12.020815280171309 -12.020815280171309 0
      vertex -11.464249973588082 -4.172645748573158 0
      vertex -11.056955001847129 -5.155942793236533 0
    endloop
  endfacet
  facet normal 0 0 -1
    outer loop
      vertex -12.020815280171309 -12.020815280171309 0
      vertex -11.784295080726633 -3.157592350250753 0
      vertex -11.464249973588082 -4.172645748573158 0
    endloop
  endfacet
  facet normal 0 0 -1
    outer loop
      vertex -12.020815280171309 -12.020815280171309 0
      vertex -12.014654586748938 -2.11850776753655 0
      vertex -11.784295080726633 -3.157592350250753 0
    endloop
  endfacet
  facet normal 0 0 -1
    outer loop
      vertex -13.022755533022627 -10.927389364671168 0
      vertex -12.153575316719294 -1.0633000615214296 0
      vertex -12.014654586748938 -2.11850776753655 0
    endloop
  endfacet
  facet normal 0 0 -1
    outer loop
      vertex -13.022755533022627 -10.927389364671168 0
      vertex -12.2 0 0
      vertex -12.153575316719294 -1.0633000615214296 0
    endloop
  endfacet
  facet normal 0 0 -1
    outer loop
      vertex -13.022755533022627 -10.927389364671168 0
      vertex -13.92558475291286 -9.750799417967784 0
      vertex -13.022755533022627 10.927389364671168 0
    endloop
  endfacet
  facet normal 0 0 -1
    outer loop
      vertex -13.022755533022627 -10.927389364671168 0
      vertex -12.020815280171309 12.020815280171309 0
      vertex -12.2 0 0
    endloop
  endfacet
  facet normal 0 0 1
    outer loop
      vertex -10.927389364671168 -13.022755533022627 0.8
      vertex -11.056955001847129 -5.155942793236533 0.8
      vertex -11.464249973588082 -4.172645748573158 0.8
    endloop
  endfacet
  facet normal 0 0 1
    outer loop
      vertex -12.020815280171309 -12.020815280171309 0.8
      vertex -11.464249973588082 -4.172645748573158 0.8
      vertex -11.784295080726633 -3.157592350250753 0.8
    endloop
  endfacet
  facet normal 0 0 1
    outer loop
      vertex -12.020815280171309 -12.020815280171309 0.8
      vertex -11.784295080726633 -3.157592350250753 0.8
      vertex -12.014654586748938 -2.11850776753655 0.8
    endloop
  endfacet
  facet normal 0 0 1
    outer loop
      vertex -12.020815280171309 -12.020815280171309 0.8
      vertex -12.014654586748938 -2.11850776753655 0.8
      vertex -12.153575316719294 -1.0633000615214296 0.8
    endloop
  endfacet
  facet normal 0 0 1
    outer loop
      vertex -13.022755533022627 -10.927389364671168 0.8
      vertex -13.92558475291286 9.750799417967784 0.8
      vertex -13.92558475291286 -9.750799417967784 0.8
    endloop
  endfacet
  facet normal 0 0 1
    outer loop
      vertex -12.020815280171309 -12.020815280171309 0.8
      vertex -12.153575316719294 -1.0633000615214296 0.8
      vertex -12.2 0 0.8
    endloop
  endfacet
  facet normal 0 0 1
    outer loop
      vertex -13.022755533022627 -10.927389364671168 0.8
      vertex -12.020815280171309 -12.020815280171309 0.8
      vertex -13.022755533022627 10.927389364671168 0.8
    endloop
  endfacet
  facet normal 0 0 1
    outer loop
      vertex -12.020815280171309 -12.020815280171309 0.8
      vertex -12.2 0 0.8
      vertex -13.022755533022627 10.927389364671168 0.8
    endloop
  endfacet
  facet normal 0 0 -1
    outer loop
      vertex -16.741731801207536 -2.952019020337816 0
      vertex -16.741731801207536 2.952019020337816 0
      vertex -16.42073904691416 4.399923766742853 0
    endloop
  endfacet
  facet normal 0 0 -1
    outer loop
      vertex -16.42073904691416 -4.399923766742853 0
      vertex -16.42073904691416 4.399923766742853 0
      vertex -15.974774553360444 5.814342436536368 0
    endloop
  endfacet
  facet normal 0 0 -1
    outer loop
      vertex -15.974774553360444 -5.814342436536368 0
      vertex -15.974774553360444 5.814342436536368 0
      vertex -15.407232379623048 7.18451044959189 0
    endloop
  endfacet
  facet normal 0 0 -1
    outer loop
      vertex -15.407232379623048 -7.18451044959189 0
      vertex -15.407232379623048 7.18451044959189 0
      vertex -14.722431864335457 8.5 0
    endloop
  endfacet
  facet normal -0.9914448613738103 0.13052619222005254 9.828600802174944e-18
    outer loop
      vertex -16.935309867559674 1.4816476267101888 0
      vertex -16.741731801207536 2.952019020337816 0.8
      vertex -16.741731801207536 2.952019020337816 0
    endloop
  endfacet
  facet normal 0 0 -1
    outer loop
      vertex -14.722431864335457 -8.5 0
      vertex -14.722431864335457 8.5 0
      vertex -13.92558475291286 9.750799417967784 0
    endloop
  endfacet
  facet normal -0.9762960071199335 0.21643961393810207 -2.3381525464821667e-17
    outer loop
      vertex -16.741731801207536 2.952019020337816 0
      vertex -16.42073904691416 4.399923766742853 0.8
      vertex -16.42073904691416 4.399923766742853 0
    endloop
  endfacet
  facet normal -0.9537169507482272 0.30070579950427234 -3.0226206044795837e-17
    outer loop
      vertex -16.42073904691416 4.399923766742853 0
      vertex -15.974774553360444 5.814342436536368 0.8
      vertex -15.974774553360444 5.814342436536368 0
    endloop
  endfacet
  facet normal -0.9914448613738103 0.13052619222005254 0
    outer loop
      vertex -16.935309867559674 1.4816476267101888 0
      vertex -16.935309867559674 1.4816476267101888 0.8
      vertex -16.741731801207536 2.952019020337816 0.8
    endloop
  endfacet
  facet normal -0.9762960071199335 0.21643961393810207 0
    outer loop
      vertex -16.741731801207536 2.952019020337816 0
      vertex -16.741731801207536 2.952019020337816 0.8
      vertex -16.42073904691416 4.399923766742853 0.8
    endloop
  endfacet
  facet normal -0.9537169507482272 0.30070579950427234 0
    outer loop
      vertex -16.42073904691416 4.399923766742853 0
      vertex -16.42073904691416 4.399923766742853 0.8
      vertex -15.974774553360444 5.814342436536368 0.8
    endloop
  endfacet
  facet normal -0.9238795325112862 0.38268343236509106 9.812736021883092e-18
    outer loop
      vertex -15.974774553360444 5.814342436536368 0
      vertex -15.407232379623048 7.18451044959189 0.8
      vertex -15.407232379623048 7.18451044959189 0
    endloop
  endfacet
  facet normal -0.8870108331782219 0.46174861323503336 -6.662280938492471e-18
    outer loop
      vertex -15.407232379623048 7.18451044959189 0
      vertex -14.722431864335457 8.5 0.8
      vertex -14.722431864335457 8.5 0
    endloop
  endfacet
  facet normal -0.8433914458128855 0.537299608346824 4.054638808212558e-17
    outer loop
      vertex -14.722431864335457 8.5 0
      vertex -13.92558475291286 9.750799417967784 0.8
      vertex -13.92558475291286 9.750799417967784 0
    endloop
  endfacet
  facet normal -0.9238795325112862 0.38268343236509106 0
    outer loop
      vertex -15.974774553360444 5.814342436536368 0
      vertex -15.974774553360444 5.814342436536368 0.8
      vertex -15.407232379623048 7.18451044959189 0.8
    endloop
  endfacet
  facet normal -0.8870108331782219 0.46174861323503336 0
    outer loop
      vertex -15.407232379623048 7.18451044959189 0
      vertex -15.407232379623048 7.18451044959189 0.8
      vertex -14.722431864335457 8.5 0.8
    endloop
  endfacet
  facet normal -0.8433914458128855 0.537299608346824 0
    outer loop
      vertex -14.722431864335457 8.5 0
      vertex -14.722431864335457 8.5 0.8
      vertex -13.92558475291286 9.750799417967784 0.8
    endloop
  endfacet
  facet normal 0 0 1
    outer loop
      vertex -15.974774553360444 -5.814342436536368 0.8
      vertex -15.974774553360444 5.814342436536368 0.8
      vertex -16.42073904691416 4.399923766742853 0.8
    endloop
  endfacet
  facet normal 0 0 1
    outer loop
      vertex -15.407232379623048 -7.18451044959189 0.8
      vertex -15.407232379623048 7.18451044959189 0.8
      vertex -15.974774553360444 5.814342436536368 0.8
    endloop
  endfacet
  facet normal 0 0 1
    outer loop
      vertex -14.722431864335457 -8.5 0.8
      vertex -14.722431864335457 8.5 0.8
      vertex -15.407232379623048 7.18451044959189 0.8
    endloop
  endfacet
  facet normal 0 0 1
    outer loop
      vertex -13.92558475291286 -9.750799417967784 0.8
      vertex -13.92558475291286 9.750799417967784 0.8
      vertex -14.722431864335457 8.5 0.8
    endloop
  endfacet
  facet normal 0 0 -1
    outer loop
      vertex -13.92558475291286 -9.750799417967784 0
      vertex -13.92558475291286 9.750799417967784 0
      vertex -13.022755533022627 10.927389364671168 0
    endloop
  endfacet
  facet normal 0 0 -1
    outer loop
      vertex -13.022755533022627 -10.927389364671168 0
      vertex -13.022755533022627 10.927389364671168 0
      vertex -12.020815280171309 12.020815280171309 0
    endloop
  endfacet
  facet normal 0 0 -1
    outer loop
      vertex -12.020815280171309 12.020815280171309 0
      vertex -12.153575316719294 1.0633000615214296 0
      vertex -12.2 0 0
    endloop
  endfacet
  facet normal 0 0 -1
    outer loop
      vertex -12.020815280171309 12.020815280171309 0
      vertex -12.014654586748938 2.11850776753655 0
      vertex -12.153575316719294 1.0633000615214296 0
    endloop
  endfacet
  facet normal 0 0 -1
    outer loop
      vertex -12.020815280171309 12.020815280171309 0
      vertex -11.784295080726633 3.157592350250753 0
      vertex -12.014654586748938 2.11850776753655 0
    endloop
  endfacet
  facet normal 0 0 -1
    outer loop
      vertex -12.020815280171309 12.020815280171309 0
      vertex -11.464249973588082 4.172645748573158 0
      vertex -11.784295080726633 3.157592350250753 0
    endloop
  endfacet
  facet normal 0 0 -1
    outer loop
      vertex -10.927389364671168 13.022755533022627 0
      vertex -11.056955001847129 5.155942793236533 0
      vertex -11.464249973588082 4.172645748573158 0
    endloop
  endfacet
  facet normal 0 0 -1
    outer loop
      vertex -10.927389364671168 13.022755533022627 0
      vertex -10.56550992617015 6.1 0
      vertex -11.056955001847129 5.155942793236533 0
    endloop
  endfacet
  facet normal 0 0 -1
    outer loop
      vertex -12.020815280171309 12.020815280171309 0
      vertex -10.927389364671168 13.022755533022627 0
      vertex -11.464249973588082 4.172645748573158 0
    endloop
  endfacet
  facet normal 0 0 -1
    outer loop
      vertex -9.750799417967784 13.92558475291286 0
      vertex -9.9936549403257 6.997632523482761 0
      vertex -10.56550992617015 6.1 0
    endloop
  endfacet
  facet normal 0 0 -1
    outer loop
      vertex -9.750799417967784 13.92558475291286 0
      vertex -9.345742206051531 7.842008838175778 0
      vertex -9.9936549403257 6.997632523482761 0
    endloop
  endfacet
  facet normal 0 0 1
    outer loop
      vertex -13.022755533022627 -10.927389364671168 0.8
      vertex -13.022755533022627 10.927389364671168 0.8
      vertex -13.92558475291286 9.750799417967784 0.8
    endloop
  endfacet
  facet normal 0 0 1
    outer loop
      vertex -13.022755533022627 10.927389364671168 0.8
      vertex -12.2 0 0.8
      vertex -12.153575316719294 1.0633000615214296 0.8
    endloop
  endfacet
  facet normal 0 0 1
    outer loop
      vertex -13.022755533022627 10.927389364671168 0.8
      vertex -12.153575316719294 1.0633000615214296 0.8
      vertex -12.014654586748938 2.11850776753655 0.8
    endloop
  endfacet
  facet normal 0 0 1
    outer loop
      vertex -12.020815280171309 12.020815280171309 0.8
      vertex -12.014654586748938 2.11850776753655 0.8
      vertex -11.784295080726633 3.157592350250753 0.8
    endloop
  endfacet
  facet normal 0 0 1
    outer loop
      vertex -12.020815280171309 12.020815280171309 0.8
      vertex -11.784295080726633 3.157592350250753 0.8
      vertex -11.464249973588082 4.172645748573158 0.8
    endloop
  endfacet
  facet normal 0 0 1
    outer loop
      vertex -12.020815280171309 12.020815280171309 0.8
      vertex -11.464249973588082 4.172645748573158 0.8
      vertex -11.056955001847129 5.155942793236533 0.8
    endloop
  endfacet
  facet normal 0 0 1
    outer loop
      vertex -13.022755533022627 10.927389364671168 0.8
      vertex -12.014654586748938 2.11850776753655 0.8
      vertex -12.020815280171309 12.020815280171309 0.8
    endloop
  endfacet
  facet normal 0 0 1
    outer loop
      vertex -12.020815280171309 12.020815280171309 0.8
      vertex -11.056955001847129 5.155942793236533 0.8
      vertex -10.56550992617015 6.1 0.8
    endloop
  endfacet
  facet normal 0 0 1
    outer loop
      vertex -10.927389364671168 13.022755533022627 0.8
      vertex -10.56550992617015 6.1 0.8
      vertex -9.9936549403257 6.997632523482761 0.8
    endloop
  endfacet
  facet normal 0 0 1
    outer loop
      vertex -10.927389364671168 13.022755533022627 0.8
      vertex -9.9936549403257 6.997632523482761 0.8
      vertex -9.345742206051531 7.842008838175778 0.8
    endloop
  endfacet
  facet normal 0 0 -1
    outer loop
      vertex -10.927389364671168 13.022755533022627 0
      vertex -9.750799417967784 13.92558475291286 0
      vertex -10.56550992617015 6.1 0
    endloop
  endfacet
  facet normal -0.7933533402912353 0.6087614290087204 -7.460398933544684e-17
    outer loop
      vertex -13.92558475291286 9.750799417967784 0
      vertex -13.022755533022627 10.927389364671168 0.8
      vertex -13.022755533022627 10.927389364671168 0
    endloop
  endfacet
  facet normal -0.7372773368101249 0.6755902076156594 5.1978685000464545e-17
    outer loop
      vertex -13.022755533022627 10.927389364671168 0
      vertex -12.020815280171309 12.020815280171309 0.8
      vertex -12.020815280171309 12.020815280171309 0
    endloop
  endfacet
  facet normal -0.6755902076156594 0.7372773368101249 0
    outer loop
      vertex -12.020815280171309 12.020815280171309 0
      vertex -12.020815280171309 12.020815280171309 0.8
      vertex -10.927389364671168 13.022755533022627 0
    endloop
  endfacet
  facet normal -0.6087614290087204 0.7933533402912353 0
    outer loop
      vertex -10.927389364671168 13.022755533022627 0
      vertex -10.927389364671168 13.022755533022627 0.8
      vertex -9.750799417967784 13.92558475291286 0
    endloop
  endfacet
  facet normal 0 0 -1
    outer loop
      vertex -8.5 14.722431864335457 0
      vertex -8.62670273047588 8.62670273047588 0
      vertex -9.345742206051531 7.842008838175778 0
    endloop
  endfacet
  facet normal 0 0 -1
    outer loop
      vertex -9.750799417967784 13.92558475291286 0
      vertex -8.5 14.722431864335457 0
      vertex -9.345742206051531 7.842008838175778 0
    endloop
  endfacet
  facet normal 0 0 -1
    outer loop
      vertex -8.5 14.722431864335457 0
      vertex -7.842008838175778 9.345742206051531 0
      vertex -8.62670273047588 8.62670273047588 0
    endloop
  endfacet
  facet normal 0 0 -1
    outer loop
      vertex -7.18451044959189 15.407232379623048 0
      vertex -6.997632523482761 9.9936549403257 0
      vertex -7.842008838175778 9.345742206051531 0
    endloop
  endfacet
  facet normal 0 0 -1
    outer loop
      vertex -8.5 14.722431864335457 0
      vertex -7.18451044959189 15.407232379623048 0
      vertex -7.842008838175778 9.345742206051531 0
    endloop
  endfacet
  facet normal -0.537299608346824 0.8433914458128855 0
    outer loop
      vertex -9.750799417967784 13.92558475291286 0
      vertex -9.750799417967784 13.92558475291286 0.8
      vertex -8.5 14.722431864335457 0
    endloop
  endfacet
  facet normal -0.7933533402912353 0.6087614290087204 0
    outer loop
      vertex -13.92558475291286 9.750799417967784 0
      vertex -13.92558475291286 9.750799417967784 0.8
      vertex -13.022755533022627 10.927389364671168 0.8
    endloop
  endfacet
  facet normal -0.7372773368101249 0.6755902076156594 0
    outer loop
      vertex -13.022755533022627 10.927389364671168 0
      vertex -13.022755533022627 10.927389364671168 0.8
      vertex -12.020815280171309 12.020815280171309 0.8
    endloop
  endfacet
  facet normal -0.6755902076156594 0.7372773368101249 0
    outer loop
      vertex -10.927389364671168 13.022755533022627 0
      vertex -12.020815280171309 12.020815280171309 0.8
      vertex -10.927389364671168 13.022755533022627 0.8
    endloop
  endfacet
  facet normal -0.6087614290087204 0.7933533402912353 0
    outer loop
      vertex -9.750799417967784 13.92558475291286 0
      vertex -10.927389364671168 13.022755533022627 0.8
      vertex -9.750799417967784 13.92558475291286 0.8
    endloop
  endfacet
  facet normal -0.537299608346824 0.8433914458128855 0
    outer loop
      vertex -8.5 14.722431864335457 0
      vertex -9.750799417967784 13.92558475291286 0.8
      vertex -8.5 14.722431864335457 0.8
    endloop
  endfacet
  facet normal -0.46174861323503336 0.8870108331782219 0
    outer loop
      vertex -8.5 14.722431864335457 0
      vertex -8.5 14.722431864335457 0.8
      vertex -7.18451044959189 15.407232379623048 0
    endloop
  endfacet
  facet normal -0.46174861323503336 0.8870108331782219 0
    outer loop
      vertex -7.18451044959189 15.407232379623048 0
      vertex -8.5 14.722431864335457 0.8
      vertex -7.18451044959189 15.407232379623048 0.8
    endloop
  endfacet
  facet normal 0 0 -1
    outer loop
      vertex -7.18451044959189 15.407232379623048 0
      vertex -6.1 10.56550992617015 0
      vertex -6.997632523482761 9.9936549403257 0
    endloop
  endfacet
  facet normal 0 0 -1
    outer loop
      vertex -5.814342436536368 15.974774553360444 0
      vertex -5.155942793236533 11.056955001847129 0
      vertex -6.1 10.56550992617015 0
    endloop
  endfacet
  facet normal 0 0 -1
    outer loop
      vertex -7.18451044959189 15.407232379623048 0
      vertex -5.814342436536368 15.974774553360444 0
      vertex -6.1 10.56550992617015 0
    endloop
  endfacet
  facet normal 0 0 -1
    outer loop
      vertex -4.399923766742853 16.42073904691416 0
      vertex -4.172645748573158 11.464249973588082 0
      vertex -5.155942793236533 11.056955001847129 0
    endloop
  endfacet
  facet normal 0 0 -1
    outer loop
      vertex -2.952019020337816 16.741731801207536 0
      vertex -3.157592350250753 11.784295080726633 0
      vertex -4.172645748573158 11.464249973588082 0
    endloop
  endfacet
  facet normal 0 0 -1
    outer loop
      vertex -2.952019020337816 16.741731801207536 0
      vertex -2.11850776753655 12.014654586748938 0
      vertex -3.157592350250753 11.784295080726633 0
    endloop
  endfacet
  facet normal 0 0 -1
    outer loop
      vertex -1.4816476267101888 16.935309867559674 0
      vertex -1.0633000615214296 12.153575316719294 0
      vertex -2.11850776753655 12.014654586748938 0
    endloop
  endfacet
  facet normal 0 0 -1
    outer loop
      vertex -1 16.956339057091487 0
      vertex -1 12.156339057091486 0
      vertex -1.0633000615214296 12.153575316719294 0
    endloop
  endfacet
  facet normal 0 0 -1
    outer loop
      vertex -5.814342436536368 15.974774553360444 0
      vertex -4.399923766742853 16.42073904691416 0
      vertex -5.155942793236533 11.056955001847129 0
    endloop
  endfacet
  facet normal 0 0 -1
    outer loop
      vertex -4.399923766742853 16.42073904691416 0
      vertex -2.952019020337816 16.741731801207536 0
      vertex -4.172645748573158 11.464249973588082 0
    endloop
  endfacet
  facet normal -0.38268343236509106 0.9238795325112862 0
    outer loop
      vertex -7.18451044959189 15.407232379623048 0
      vertex -7.18451044959189 15.407232379623048 0.8
      vertex -5.814342436536368 15.974774553360444 0
    endloop
  endfacet
  facet normal -0.30070579950427234 0.9537169507482272 0
    outer loop
      vertex -5.814342436536368 15.974774553360444 0
      vertex -5.814342436536368 15.974774553360444 0.8
      vertex -4.399923766742853 16.42073904691416 0
    endloop
  endfacet
  facet normal -0.21643961393810207 0.9762960071199335 0
    outer loop
      vertex -4.399923766742853 16.42073904691416 0
      vertex -4.399923766742853 16.42073904691416 0.8
      vertex -2.952019020337816 16.741731801207536 0
    endloop
  endfacet
  facet normal 0 0 -1
    outer loop
      vertex -2.952019020337816 16.741731801207536 0
      vertex -1.4816476267101888 16.935309867559674 0
      vertex -2.11850776753655 12.014654586748938 0
    endloop
  endfacet
  facet normal 0 0 -1
    outer loop
      vertex -1.4816476267101888 16.935309867559674 0
      vertex -1 16.956339057091487 0
      vertex -1.0633000615214296 12.153575316719294 0
    endloop
  endfacet
  facet normal -0.13052619222005254 0.9914448613738103 0
    outer loop
      vertex -2.952019020337816 16.741731801207536 0
      vertex -2.952019020337816 16.741731801207536 0.8
      vertex -1.4816476267101888 16.935309867559674 0
    endloop
  endfacet
  facet normal -0.04361938736533391 0.9990482215818578 0
    outer loop
      vertex -1.4816476267101888 16.935309867559674 0
      vertex -1.4816476267101888 16.935309867559674 0.8
      vertex -1 16.956339057091487 0
    endloop
  endfacet
  facet normal -0.38268343236509106 0.9238795325112862 0
    outer loop
      vertex -5.814342436536368 15.974774553360444 0
      vertex -7.18451044959189 15.407232379623048 0.8
      vertex -5.814342436536368 15.974774553360444 0.8
    endloop
  endfacet
  facet normal -0.30070579950427234 0.9537169507482272 0
    outer loop
      vertex -4.399923766742853 16.42073904691416 0
      vertex -5.814342436536368 15.974774553360444 0.8
      vertex -4.399923766742853 16.42073904691416 0.8
    endloop
  endfacet
  facet normal -0.21643961393810207 0.9762960071199335 0
    outer loop
      vertex -2.952019020337816 16.741731801207536 0
      vertex -4.399923766742853 16.42073904691416 0.8
      vertex -2.952019020337816 16.741731801207536 0.8
    endloop
  endfacet
  facet normal -0.13052619222005254 0.9914448613738103 0
    outer loop
      vertex -1.4816476267101888 16.935309867559674 0
      vertex -2.952019020337816 16.741731801207536 0.8
      vertex -1.4816476267101888 16.935309867559674 0.8
    endloop
  endfacet
  facet normal -0.04361938736533391 0.9990482215818578 2.125899337483558e-19
    outer loop
      vertex -1.4816476267101888 16.935309867559674 0.8
      vertex -1 16.956339057091487 0.8
      vertex -1 16.956339057091487 0
    endloop
  endfacet
  facet normal 0 0 1
    outer loop
      vertex -12.020815280171309 12.020815280171309 0.8
      vertex -10.56550992617015 6.1 0.8
      vertex -10.927389364671168 13.022755533022627 0.8
    endloop
  endfacet
  facet normal 0 0 1
    outer loop
      vertex -9.750799417967784 13.92558475291286 0.8
      vertex -9.345742206051531 7.842008838175778 0.8
      vertex -8.62670273047588 8.62670273047588 0.8
    endloop
  endfacet
  facet normal 0 0 1
    outer loop
      vertex -9.750799417967784 13.92558475291286 0.8
      vertex -8.62670273047588 8.62670273047588 0.8
      vertex -7.842008838175778 9.345742206051531 0.8
    endloop
  endfacet
  facet normal 0 0 1
    outer loop
      vertex -10.927389364671168 13.022755533022627 0.8
      vertex -9.345742206051531 7.842008838175778 0.8
      vertex -9.750799417967784 13.92558475291286 0.8
    endloop
  endfacet
  facet normal 0 0 1
    outer loop
      vertex -8.5 14.722431864335457 0.8
      vertex -7.842008838175778 9.345742206051531 0.8
      vertex -6.997632523482761 9.9936549403257 0.8
    endloop
  endfacet
  facet normal 0 0 1
    outer loop
      vertex -9.750799417967784 13.92558475291286 0.8
      vertex -7.842008838175778 9.345742206051531 0.8
      vertex -8.5 14.722431864335457 0.8
    endloop
  endfacet
  facet normal 0 0 1
    outer loop
      vertex -8.5 14.722431864335457 0.8
      vertex -6.997632523482761 9.9936549403257 0.8
      vertex -7.18451044959189 15.407232379623048 0.8
    endloop
  endfacet
  facet normal 0 0 1
    outer loop
      vertex -7.18451044959189 15.407232379623048 0.8
      vertex -6.997632523482761 9.9936549403257 0.8
      vertex -6.1 10.56550992617015 0.8
    endloop
  endfacet
  facet normal 0 0 1
    outer loop
      vertex -7.18451044959189 15.407232379623048 0.8
      vertex -6.1 10.56550992617015 0.8
      vertex -5.155942793236533 11.056955001847129 0.8
    endloop
  endfacet
  facet normal 0 0 1
    outer loop
      vertex -7.18451044959189 15.407232379623048 0.8
      vertex -5.155942793236533 11.056955001847129 0.8
      vertex -5.814342436536368 15.974774553360444 0.8
    endloop
  endfacet
  facet normal 0 0 1
    outer loop
      vertex -5.814342436536368 15.974774553360444 0.8
      vertex -5.155942793236533 11.056955001847129 0.8
      vertex -4.172645748573158 11.464249973588082 0.8
    endloop
  endfacet
  facet normal 0 0 1
    outer loop
      vertex -4.399923766742853 16.42073904691416 0.8
      vertex -4.172645748573158 11.464249973588082 0.8
      vertex -3.157592350250753 11.784295080726633 0.8
    endloop
  endfacet
  facet normal 0 0 1
    outer loop
      vertex -4.399923766742853 16.42073904691416 0.8
      vertex -3.157592350250753 11.784295080726633 0.8
      vertex -2.11850776753655 12.014654586748938 0.8
    endloop
  endfacet
  facet normal 0 0 1
    outer loop
      vertex -2.952019020337816 16.741731801207536 0.8
      vertex -2.11850776753655 12.014654586748938 0.8
      vertex -1.0633000615214296 12.153575316719294 0.8
    endloop
  endfacet
  facet normal 0 0 1
    outer loop
      vertex -1 12.156339057091486 0.8
      vertex -1 16.956339057091487 0.8
      vertex -1.0633000615214296 12.153575316719294 0.8
    endloop
  endfacet
  facet normal 0 0 1
    outer loop
      vertex -5.814342436536368 15.974774553360444 0.8
      vertex -4.172645748573158 11.464249973588082 0.8
      vertex -4.399923766742853 16.42073904691416 0.8
    endloop
  endfacet
  facet normal 0 0 1
    outer loop
      vertex -4.399923766742853 16.42073904691416 0.8
      vertex -2.11850776753655 12.014654586748938 0.8
      vertex -2.952019020337816 16.741731801207536 0.8
    endloop
  endfacet
  facet normal 0 0 1
    outer loop
      vertex -2.952019020337816 16.741731801207536 0.8
      vertex -1.0633000615214296 12.153575316719294 0.8
      vertex -1.4816476267101888 16.935309867559674 0.8
    endloop
  endfacet
  facet normal 0 0 1
    outer loop
      vertex -1.4816476267101888 16.935309867559674 0.8
      vertex -1.0633000615214296 12.153575316719294 0.8
      vertex -1 16.956339057091487 0.8
    endloop
  endfacet
  facet normal 0 0 -1
    outer loop
      vertex 0 -17 0
      vertex 1.0633000615214296 -12.153575316719294 0
      vertex 1.4816476267101888 -16.935309867559674 0
    endloop
  endfacet
  facet normal 0 0 -1
    outer loop
      vertex 1.4816476267101888 -16.935309867559674 0
      vertex 2.11850776753655 -12.014654586748938 0
      vertex 2.952019020337816 -16.741731801207536 0
    endloop
  endfacet
  facet normal 0.04361938736533601 -0.9990482215818578 -3.3046290213020904e-18
    outer loop
      vertex 0 -17 0
      vertex 1.4816476267101888 -16.935309867559674 0
      vertex 1.4816476267101888 -16.935309867559674 0.8
    endloop
  endfacet
  facet normal 0.13052619222005254 -0.9914448613738103 9.828600802174944e-18
    outer loop
      vertex 1.4816476267101888 -16.935309867559674 0
      vertex 2.952019020337816 -16.741731801207536 0
      vertex 2.952019020337816 -16.741731801207536 0.8
    endloop
  endfacet
  facet normal 0 0 -1
    outer loop
      vertex 0 -17 0
      vertex 0 -12.2 0
      vertex 1.0633000615214296 -12.153575316719294 0
    endloop
  endfacet
  facet normal 0 0 -1
    outer loop
      vertex 1.4816476267101888 -16.935309867559674 0
      vertex 1.0633000615214296 -12.153575316719294 0
      vertex 2.11850776753655 -12.014654586748938 0
    endloop
  endfacet
  facet normal 0 0 -1
    outer loop
      vertex 2.952019020337816 -16.741731801207536 0
      vertex 2.11850776753655 -12.014654586748938 0
      vertex 3.157592350250753 -11.784295080726633 0
    endloop
  endfacet
  facet normal 0 0 -1
    outer loop
      vertex 2.952019020337816 -16.741731801207536 0
      vertex 3.157592350250753 -11.784295080726633 0
      vertex 4.172645748573158 -11.464249973588082 0
    endloop
  endfacet
  facet normal 0 0 -1
    outer loop
      vertex 2.952019020337816 -16.741731801207536 0
      vertex 4.172645748573158 -11.464249973588082 0
      vertex 4.399923766742853 -16.42073904691416 0
    endloop
  endfacet
  facet normal 0.21643961393810207 -0.9762960071199335 -2.3381525464821667e-17
    outer loop
      vertex 2.952019020337816 -16.741731801207536 0
      vertex 4.399923766742853 -16.42073904691416 0
      vertex 4.399923766742853 -16.42073904691416 0.8
    endloop
  endfacet
  facet normal 0.30070579950427234 -0.9537169507482272 -3.0226206044795837e-17
    outer loop
      vertex 4.399923766742853 -16.42073904691416 0
      vertex 5.814342436536368 -15.974774553360444 0
      vertex 5.814342436536368 -15.974774553360444 0.8
    endloop
  endfacet
  facet normal 0.38268343236509106 -0.9238795325112862 9.812736021883092e-18
    outer loop
      vertex 5.814342436536368 -15.974774553360444 0
      vertex 7.18451044959189 -15.407232379623048 0
      vertex 7.18451044959189 -15.407232379623048 0.8
    endloop
  endfacet
  facet normal 0 0 -1
    outer loop
      vertex 4.399923766742853 -16.42073904691416 0
      vertex 5.155942793236533 -11.056955001847129 0
      vertex 5.814342436536368 -15.974774553360444 0
    endloop
  endfacet
  facet normal 0 0 -1
    outer loop
      vertex 4.399923766742853 -16.42073904691416 0
      vertex 4.172645748573158 -11.464249973588082 0
      vertex 5.155942793236533 -11.056955001847129 0
    endloop
  endfacet
  facet normal 0 0 -1
    outer loop
      vertex 5.814342436536368 -15.974774553360444 0
      vertex 6.1 -10.56550992617015 0
      vertex 7.18451044959189 -15.407232379623048 0
    endloop
  endfacet
  facet normal 0 0 -1
    outer loop
      vertex 5.814342436536368 -15.974774553360444 0
      vertex 5.155942793236533 -11.056955001847129 0
      vertex 6.1 -10.56550992617015 0
    endloop
  endfacet
  facet normal 0.04361938736533601 -0.9990482215818578 0
    outer loop
      vertex 0 -17 0
      vertex 1.4816476267101888 -16.935309867559674 0.8
      vertex 0 -17 0.8
    endloop
  endfacet
  facet normal 0.13052619222005254 -0.9914448613738103 0
    outer loop
      vertex 1.4816476267101888 -16.935309867559674 0
      vertex 2.952019020337816 -16.741731801207536 0.8
      vertex 1.4816476267101888 -16.935309867559674 0.8
    endloop
  endfacet
  facet normal 0.21643961393810207 -0.9762960071199335 0
    outer loop
      vertex 2.952019020337816 -16.741731801207536 0
      vertex 4.399923766742853 -16.42073904691416 0.8
      vertex 2.952019020337816 -16.741731801207536 0.8
    endloop
  endfacet
  facet normal 0.30070579950427234 -0.9537169507482272 0
    outer loop
      vertex 4.399923766742853 -16.42073904691416 0
      vertex 5.814342436536368 -15.974774553360444 0.8
      vertex 4.399923766742853 -16.42073904691416 0.8
    endloop
  endfacet
  facet normal 0.38268343236509106 -0.9238795325112862 0
    outer loop
      vertex 5.814342436536368 -15.974774553360444 0
      vertex 7.18451044959189 -15.407232379623048 0.8
      vertex 5.814342436536368 -15.974774553360444 0.8
    endloop
  endfacet
  facet normal 0 0 -1
    outer loop
      vertex 7.18451044959189 -15.407232379623048 0
      vertex 6.1 -10.56550992617015 0
      vertex 6.997632523482761 -9.9936549403257 0
    endloop
  endfacet
  facet normal 0.46174861323503336 -0.8870108331782219 -6.662280938492471e-18
    outer loop
      vertex 7.18451044959189 -15.407232379623048 0
      vertex 8.5 -14.722431864335457 0
      vertex 8.5 -14.722431864335457 0.8
    endloop
  endfacet
  facet normal 0 0 -1
    outer loop
      vertex 7.18451044959189 -15.407232379623048 0
      vertex 7.842008838175778 -9.345742206051531 0
      vertex 8.5 -14.722431864335457 0
    endloop
  endfacet
  facet normal 0.537299608346824 -0.8433914458128855 4.054638808212558e-17
    outer loop
      vertex 8.5 -14.722431864335457 0
      vertex 9.750799417967784 -13.92558475291286 0
      vertex 9.750799417967784 -13.92558475291286 0.8
    endloop
  endfacet
  facet normal 0.6087614290087204 -0.7933533402912353 -7.460398933544684e-17
    outer loop
      vertex 9.750799417967784 -13.92558475291286 0
      vertex 10.927389364671168 -13.022755533022627 0
      vertex 10.927389364671168 -13.022755533022627 0.8
    endloop
  endfacet
  facet normal 0.46174861323503336 -0.8870108331782219 0
    outer loop
      vertex 7.18451044959189 -15.407232379623048 0
      vertex 8.5 -14.722431864335457 0.8
      vertex 7.18451044959189 -15.407232379623048 0.8
    endloop
  endfacet
  facet normal 0.537299608346824 -0.8433914458128855 0
    outer loop
      vertex 8.5 -14.722431864335457 0
      vertex 9.750799417967784 -13.92558475291286 0.8
      vertex 8.5 -14.722431864335457 0.8
    endloop
  endfacet
  facet normal 0.6087614290087204 -0.7933533402912353 0
    outer loop
      vertex 9.750799417967784 -13.92558475291286 0
      vertex 10.927389364671168 -13.022755533022627 0.8
      vertex 9.750799417967784 -13.92558475291286 0.8
    endloop
  endfacet
  facet normal 0.6755902076156594 -0.7372773368101249 0
    outer loop
      vertex 10.927389364671168 -13.022755533022627 0
      vertex 12.020815280171309 -12.020815280171309 0.8
      vertex 10.927389364671168 -13.022755533022627 0.8
    endloop
  endfacet
  facet normal 0 0 -1
    outer loop
      vertex 7.18451044959189 -15.407232379623048 0
      vertex 6.997632523482761 -9.9936549403257 0
      vertex 7.842008838175778 -9.345742206051531 0
    endloop
  endfacet
  facet normal 0 0 -1
    outer loop
      vertex 8.5 -14.722431864335457 0
      vertex 7.842008838175778 -9.345742206051531 0
      vertex 8.62670273047588 -8.62670273047588 0
    endloop
  endfacet
  facet normal 0 0 -1
    outer loop
      vertex 8.5 -14.722431864335457 0
      vertex 9.345742206051531 -7.842008838175778 0
      vertex 9.750799417967784 -13.92558475291286 0
    endloop
  endfacet
  facet normal 0 0 -1
    outer loop
      vertex 8.5 -14.722431864335457 0
      vertex 8.62670273047588 -8.62670273047588 0
      vertex 9.345742206051531 -7.842008838175778 0
    endloop
  endfacet
  facet normal 0 0 -1
    outer loop
      vertex 9.750799417967784 -13.92558475291286 0
      vertex 9.345742206051531 -7.842008838175778 0
      vertex 9.9936549403257 -6.997632523482761 0
    endloop
  endfacet
  facet normal 0 0 -1
    outer loop
      vertex 9.750799417967784 -13.92558475291286 0
      vertex 9.9936549403257 -6.997632523482761 0
      vertex 10.56550992617015 -6.1 0
    endloop
  endfacet
  facet normal 0 0 -1
    outer loop
      vertex 9.750799417967784 -13.92558475291286 0
      vertex 10.56550992617015 -6.1 0
      vertex 10.927389364671168 -13.022755533022627 0
    endloop
  endfacet
  facet normal 0.6755902076156594 -0.7372773368101249 5.1978685000464545e-17
    outer loop
      vertex 10.927389364671168 -13.022755533022627 0
      vertex 12.020815280171309 -12.020815280171309 0
      vertex 12.020815280171309 -12.020815280171309 0.8
    endloop
  endfacet
  facet normal 0.7372773368101249 -0.6755902076156594 0
    outer loop
      vertex 12.020815280171309 -12.020815280171309 0
      vertex 13.022755533022627 -10.927389364671168 0
      vertex 12.020815280171309 -12.020815280171309 0.8
    endloop
  endfacet
  facet normal 0.7933533402912353 -0.6087614290087204 0
    outer loop
      vertex 13.022755533022627 -10.927389364671168 0
      vertex 13.92558475291286 -9.750799417967784 0
      vertex 13.022755533022627 -10.927389364671168 0.8
    endloop
  endfacet
  facet normal 0 0 -1
    outer loop
      vertex 10.927389364671168 -13.022755533022627 0
      vertex 11.464249973588082 -4.172645748573158 0
      vertex 12.020815280171309 -12.020815280171309 0
    endloop
  endfacet
  facet normal 0 0 -1
    outer loop
      vertex 10.927389364671168 -13.022755533022627 0
      vertex 10.56550992617015 -6.1 0
      vertex 11.056955001847129 -5.155942793236533 0
    endloop
  endfacet
  facet normal 0.7372773368101249 -0.6755902076156594 0
    outer loop
      vertex 13.022755533022627 -10.927389364671168 0
      vertex 13.022755533022627 -10.927389364671168 0.8
      vertex 12.020815280171309 -12.020815280171309 0.8
    endloop
  endfacet
  facet normal 0.7933533402912353 -0.6087614290087204 0
    outer loop
      vertex 13.92558475291286 -9.750799417967784 0
      vertex 13.92558475291286 -9.750799417967784 0.8
      vertex 13.022755533022627 -10.927389364671168 0.8
    endloop
  endfacet
  facet normal 0 0 1
    outer loop
      vertex 0 -17 0.8
      vertex 1.4816476267101888 -16.935309867559674 0.8
      vertex 1.0633000615214296 -12.153575316719294 0.8
    endloop
  endfacet
  facet normal 0 0 1
    outer loop
      vertex 1.4816476267101888 -16.935309867559674 0.8
      vertex 2.952019020337816 -16.741731801207536 0.8
      vertex 1.0633000615214296 -12.153575316719294 0.8
    endloop
  endfacet
  facet normal 0 0 1
    outer loop
      vertex 2.952019020337816 -16.741731801207536 0.8
      vertex 4.399923766742853 -16.42073904691416 0.8
      vertex 2.11850776753655 -12.014654586748938 0.8
    endloop
  endfacet
  facet normal 0 0 1
    outer loop
      vertex 0 -17 0.8
      vertex 1.0633000615214296 -12.153575316719294 0.8
      vertex 0 -12.2 0.8
    endloop
  endfacet
  facet normal 0 0 1
    outer loop
      vertex 2.952019020337816 -16.741731801207536 0.8
      vertex 2.11850776753655 -12.014654586748938 0.8
      vertex 1.0633000615214296 -12.153575316719294 0.8
    endloop
  endfacet
  facet normal 0 0 1
    outer loop
      vertex 4.399923766742853 -16.42073904691416 0.8
      vertex 3.157592350250753 -11.784295080726633 0.8
      vertex 2.11850776753655 -12.014654586748938 0.8
    endloop
  endfacet
  facet normal 0 0 1
    outer loop
      vertex 4.399923766742853 -16.42073904691416 0.8
      vertex 5.814342436536368 -15.974774553360444 0.8
      vertex 4.172645748573158 -11.464249973588082 0.8
    endloop
  endfacet
  facet normal 0 0 1
    outer loop
      vertex 4.399923766742853 -16.42073904691416 0.8
      vertex 4.172645748573158 -11.464249973588082 0.8
      vertex 3.157592350250753 -11.784295080726633 0.8
    endloop
  endfacet
  facet normal 0 0 1
    outer loop
      vertex 5.814342436536368 -15.974774553360444 0.8
      vertex 5.155942793236533 -11.056955001847129 0.8
      vertex 4.172645748573158 -11.464249973588082 0.8
    endloop
  endfacet
  facet normal 0 0 1
    outer loop
      vertex 5.814342436536368 -15.974774553360444 0.8
      vertex 7.18451044959189 -15.407232379623048 0.8
      vertex 5.155942793236533 -11.056955001847129 0.8
    endloop
  endfacet
  facet normal 0 0 1
    outer loop
      vertex 7.18451044959189 -15.407232379623048 0.8
      vertex 6.1 -10.56550992617015 0.8
      vertex 5.155942793236533 -11.056955001847129 0.8
    endloop
  endfacet
  facet normal 0 0 1
    outer loop
      vertex 7.18451044959189 -15.407232379623048 0.8
      vertex 6.997632523482761 -9.9936549403257 0.8
      vertex 6.1 -10.56550992617015 0.8
    endloop
  endfacet
  facet normal 0 0 1
    outer loop
      vertex 7.18451044959189 -15.407232379623048 0.8
      vertex 8.5 -14.722431864335457 0.8
      vertex 6.997632523482761 -9.9936549403257 0.8
    endloop
  endfacet
  facet normal 0 0 1
    outer loop
      vertex 8.5 -14.722431864335457 0.8
      vertex 9.750799417967784 -13.92558475291286 0.8
      vertex 7.842008838175778 -9.345742206051531 0.8
    endloop
  endfacet
  facet normal 0 0 1
    outer loop
      vertex 8.5 -14.722431864335457 0.8
      vertex 7.842008838175778 -9.345742206051531 0.8
      vertex 6.997632523482761 -9.9936549403257 0.8
    endloop
  endfacet
  facet normal 0 0 1
    outer loop
      vertex 9.750799417967784 -13.92558475291286 0.8
      vertex 10.927389364671168 -13.022755533022627 0.8
      vertex 9.345742206051531 -7.842008838175778 0.8
    endloop
  endfacet
  facet normal 0 0 1
    outer loop
      vertex 9.750799417967784 -13.92558475291286 0.8
      vertex 8.62670273047588 -8.62670273047588 0.8
      vertex 7.842008838175778 -9.345742206051531 0.8
    endloop
  endfacet
  facet normal 0 0 1
    outer loop
      vertex 9.750799417967784 -13.92558475291286 0.8
      vertex 9.345742206051531 -7.842008838175778 0.8
      vertex 8.62670273047588 -8.62670273047588 0.8
    endloop
  endfacet
  facet normal 0 0 1
    outer loop
      vertex 10.927389364671168 -13.022755533022627 0.8
      vertex 9.9936549403257 -6.997632523482761 0.8
      vertex 9.345742206051531 -7.842008838175778 0.8
    endloop
  endfacet
  facet normal 0 0 1
    outer loop
      vertex 10.927389364671168 -13.022755533022627 0.8
      vertex 12.020815280171309 -12.020815280171309 0.8
      vertex 10.56550992617015 -6.1 0.8
    endloop
  endfacet
  facet normal 0 0 1
    outer loop
      vertex 10.927389364671168 -13.022755533022627 0.8
      vertex 10.56550992617015 -6.1 0.8
      vertex 9.9936549403257 -6.997632523482761 0.8
    endloop
  endfacet
  facet normal 0 0 1
    outer loop
      vertex 12.020815280171309 -12.020815280171309 0.8
      vertex 13.022755533022627 -10.927389364671168 0.8
      vertex 12.014654586748938 -2.11850776753655 0.8
    endloop
  endfacet
  facet normal 0 0 -1
    outer loop
      vertex 10.927389364671168 -13.022755533022627 0
      vertex 11.056955001847129 -5.155942793236533 0
      vertex 11.464249973588082 -4.172645748573158 0
    endloop
  endfacet
  facet normal 0 0 -1
    outer loop
      vertex 12.020815280171309 -12.020815280171309 0
      vertex 11.464249973588082 -4.172645748573158 0
      vertex 11.784295080726633 -3.157592350250753 0
    endloop
  endfacet
  facet normal 0 0 -1
    outer loop
      vertex 12.020815280171309 -12.020815280171309 0
      vertex 11.784295080726633 -3.157592350250753 0
      vertex 12.014654586748938 -2.11850776753655 0
    endloop
  endfacet
  facet normal 0 0 -1
    outer loop
      vertex 12.020815280171309 -12.020815280171309 0
      vertex 12.014654586748938 -2.11850776753655 0
      vertex 12.153575316719294 -1.0633000615214296 0
    endloop
  endfacet
  facet normal 0 0 -1
    outer loop
      vertex 12.020815280171309 -12.020815280171309 0
      vertex 12.153575316719294 -1.0633000615214296 0
      vertex 12.2 0 0
    endloop
  endfacet
  facet normal 0 0 -1
    outer loop
      vertex 12.020815280171309 -12.020815280171309 0
      vertex 13.022755533022627 10.927389364671168 0
      vertex 13.022755533022627 -10.927389364671168 0
    endloop
  endfacet
  facet normal 0 0 -1
    outer loop
      vertex 13.022755533022627 -10.927389364671168 0
      vertex 13.92558475291286 9.750799417967784 0
      vertex 13.92558475291286 -9.750799417967784 0
    endloop
  endfacet
  facet normal 0 0 -1
    outer loop
      vertex 12.020815280171309 -12.020815280171309 0
      vertex 12.2 0 0
      vertex 13.022755533022627 10.927389364671168 0
    endloop
  endfacet
  facet normal 0 0 1
    outer loop
      vertex 12.020815280171309 -12.020815280171309 0.8
      vertex 11.056955001847129 -5.155942793236533 0.8
      vertex 10.56550992617015 -6.1 0.8
    endloop
  endfacet
  facet normal 0 0 1
    outer loop
      vertex 12.020815280171309 -12.020815280171309 0.8
      vertex 11.464249973588082 -4.172645748573158 0.8
      vertex 11.056955001847129 -5.155942793236533 0.8
    endloop
  endfacet
  facet normal 0 0 1
    outer loop
      vertex 12.020815280171309 -12.020815280171309 0.8
      vertex 11.784295080726633 -3.157592350250753 0.8
      vertex 11.464249973588082 -4.172645748573158 0.8
    endloop
  endfacet
  facet normal 0 0 1
    outer loop
      vertex 12.020815280171309 -12.020815280171309 0.8
      vertex 12.014654586748938 -2.11850776753655 0.8
      vertex 11.784295080726633 -3.157592350250753 0.8
    endloop
  endfacet
  facet normal 0 0 1
    outer loop
      vertex 13.022755533022627 -10.927389364671168 0.8
      vertex 12.153575316719294 -1.0633000615214296 0.8
      vertex 12.014654586748938 -2.11850776753655 0.8
    endloop
  endfacet
  facet normal 0 0 1
    outer loop
      vertex 13.022755533022627 -10.927389364671168 0.8
      vertex 12.2 0 0.8
      vertex 12.153575316719294 -1.0633000615214296 0.8
    endloop
  endfacet
  facet normal 0 0 1
    outer loop
      vertex 13.022755533022627 -10.927389364671168 0.8
      vertex 13.92558475291286 -9.750799417967784 0.8
      vertex 13.022755533022627 10.927389364671168 0.8
    endloop
  endfacet
  facet normal 0 0 1
    outer loop
      vertex 13.022755533022627 -10.927389364671168 0.8
      vertex 12.020815280171309 12.020815280171309 0.8
      vertex 12.2 0 0.8
    endloop
  endfacet
  facet normal 0.8433914458128855 -0.537299608346824 0
    outer loop
      vertex 13.92558475291286 -9.750799417967784 0
      vertex 14.722431864335457 -8.5 0
      vertex 13.92558475291286 -9.750799417967784 0.8
    endloop
  endfacet
  facet normal 0.8870108331782219 -0.46174861323503336 0
    outer loop
      vertex 14.722431864335457 -8.5 0
      vertex 15.407232379623048 -7.18451044959189 0
      vertex 14.722431864335457 -8.5 0.8
    endloop
  endfacet
  facet normal 0.8433914458128855 -0.537299608346824 0
    outer loop
      vertex 14.722431864335457 -8.5 0
      vertex 14.722431864335457 -8.5 0.8
      vertex 13.92558475291286 -9.750799417967784 0.8
    endloop
  endfacet
  facet normal 0.9238795325112862 -0.38268343236509106 0
    outer loop
      vertex 15.407232379623048 -7.18451044959189 0
      vertex 15.974774553360444 -5.814342436536368 0
      vertex 15.407232379623048 -7.18451044959189 0.8
    endloop
  endfacet
  facet normal 0.9537169507482272 -0.30070579950427234 0
    outer loop
      vertex 15.974774553360444 -5.814342436536368 0
      vertex 16.42073904691416 -4.399923766742853 0
      vertex 15.974774553360444 -5.814342436536368 0.8
    endloop
  endfacet
  facet normal 0.9762960071199335 -0.21643961393810207 0
    outer loop
      vertex 16.42073904691416 -4.399923766742853 0
      vertex 16.741731801207536 -2.952019020337816 0
      vertex 16.42073904691416 -4.399923766742853 0.8
    endloop
  endfacet
  facet normal 0.8870108331782219 -0.46174861323503336 0
    outer loop
      vertex 15.407232379623048 -7.18451044959189 0
      vertex 15.407232379623048 -7.18451044959189 0.8
      vertex 14.722431864335457 -8.5 0.8
    endloop
  endfacet
  facet normal 0.9238795325112862 -0.38268343236509106 0
    outer loop
      vertex 15.974774553360444 -5.814342436536368 0
      vertex 15.974774553360444 -5.814342436536368 0.8
      vertex 15.407232379623048 -7.18451044959189 0.8
    endloop
  endfacet
  facet normal 0.9537169507482272 -0.30070579950427234 0
    outer loop
      vertex 16.42073904691416 -4.399923766742853 0
      vertex 16.42073904691416 -4.399923766742853 0.8
      vertex 15.974774553360444 -5.814342436536368 0.8
    endloop
  endfacet
  facet normal 0 0 -1
    outer loop
      vertex 13.92558475291286 -9.750799417967784 0
      vertex 14.722431864335457 8.5 0
      vertex 14.722431864335457 -8.5 0
    endloop
  endfacet
  facet normal 0 0 -1
    outer loop
      vertex 14.722431864335457 -8.5 0
      vertex 15.407232379623048 7.18451044959189 0
      vertex 15.407232379623048 -7.18451044959189 0
    endloop
  endfacet
  facet normal 0 0 -1
    outer loop
      vertex 15.407232379623048 -7.18451044959189 0
      vertex 15.974774553360444 5.814342436536368 0
      vertex 15.974774553360444 -5.814342436536368 0
    endloop
  endfacet
  facet normal 0 0 -1
    outer loop
      vertex 15.974774553360444 -5.814342436536368 0
      vertex 16.42073904691416 4.399923766742853 0
      vertex 16.42073904691416 -4.399923766742853 0
    endloop
  endfacet
  facet normal 0 0 -1
    outer loop
      vertex 16.42073904691416 -4.399923766742853 0
      vertex 16.741731801207536 2.952019020337816 0
      vertex 16.741731801207536 -2.952019020337816 0
    endloop
  endfacet
  facet normal 0.9914448613738103 -0.13052619222005254 0
    outer loop
      vertex 16.741731801207536 -2.952019020337816 0
      vertex 16.935309867559674 -1.4816476267101888 0
      vertex 16.741731801207536 -2.952019020337816 0.8
    endloop
  endfacet
  facet normal 0 0 -1
    outer loop
      vertex 16.741731801207536 -2.952019020337816 0
      vertex 16.935309867559674 1.4816476267101888 0
      vertex 16.935309867559674 -1.4816476267101888 0
    endloop
  endfacet
  facet normal 0 0 -1
    outer loop
      vertex 16.935309867559674 -1.4816476267101888 0
      vertex 16.935309867559674 1.4816476267101888 0
      vertex 17 0 0
    endloop
  endfacet
  facet normal 0 0 -1
    outer loop
      vertex 16.42073904691416 -4.399923766742853 0
      vertex 16.42073904691416 4.399923766742853 0
      vertex 16.741731801207536 2.952019020337816 0
    endloop
  endfacet
  facet normal 0 0 -1
    outer loop
      vertex 16.741731801207536 -2.952019020337816 0
      vertex 16.741731801207536 2.952019020337816 0
      vertex 16.935309867559674 1.4816476267101888 0
    endloop
  endfacet
  facet normal 0.9990482215818578 -0.04361938736533601 0
    outer loop
      vertex 16.935309867559674 -1.4816476267101888 0
      vertex 17 0 0
      vertex 16.935309867559674 -1.4816476267101888 0.8
    endloop
  endfacet
  facet normal 0.9990482215818578 0.04361938736533601 0
    outer loop
      vertex 17 0 0
      vertex 16.935309867559674 1.4816476267101888 0
      vertex 17 0 0.8
    endloop
  endfacet
  facet normal 0.9762960071199335 -0.21643961393810207 0
    outer loop
      vertex 16.741731801207536 -2.952019020337816 0
      vertex 16.741731801207536 -2.952019020337816 0.8
      vertex 16.42073904691416 -4.399923766742853 0.8
    endloop
  endfacet
  facet normal 0.9914448613738103 -0.13052619222005254 0
    outer loop
      vertex 16.935309867559674 -1.4816476267101888 0
      vertex 16.935309867559674 -1.4816476267101888 0.8
      vertex 16.741731801207536 -2.952019020337816 0.8
    endloop
  endfacet
  facet normal 0.9990482215818578 -0.04361938736533601 -3.3046290213020904e-18
    outer loop
      vertex 16.935309867559674 -1.4816476267101888 0.8
      vertex 17 0 0
      vertex 17 0 0.8
    endloop
  endfacet
  facet normal 0.9990482215818578 0.04361938736533601 0
    outer loop
      vertex 16.935309867559674 1.4816476267101888 0
      vertex 16.935309867559674 1.4816476267101888 0.8
      vertex 17 0 0.8
    endloop
  endfacet
  facet normal 0 0 1
    outer loop
      vertex 13.92558475291286 -9.750799417967784 0.8
      vertex 14.722431864335457 -8.5 0.8
      vertex 13.92558475291286 9.750799417967784 0.8
    endloop
  endfacet
  facet normal 0 0 1
    outer loop
      vertex 14.722431864335457 -8.5 0.8
      vertex 15.407232379623048 -7.18451044959189 0.8
      vertex 14.722431864335457 8.5 0.8
    endloop
  endfacet
  facet normal 0 0 1
    outer loop
      vertex 15.407232379623048 -7.18451044959189 0.8
      vertex 15.974774553360444 -5.814342436536368 0.8
      vertex 15.407232379623048 7.18451044959189 0.8
    endloop
  endfacet
  facet normal 0 0 1
    outer loop
      vertex 15.974774553360444 -5.814342436536368 0.8
      vertex 16.42073904691416 -4.399923766742853 0.8
      vertex 15.974774553360444 5.814342436536368 0.8
    endloop
  endfacet
  facet normal 0 0 1
    outer loop
      vertex 16.42073904691416 -4.399923766742853 0.8
      vertex 16.741731801207536 -2.952019020337816 0.8
      vertex 16.42073904691416 4.399923766742853 0.8
    endloop
  endfacet
  facet normal 0 0 1
    outer loop
      vertex 16.741731801207536 -2.952019020337816 0.8
      vertex 16.935309867559674 -1.4816476267101888 0.8
      vertex 16.741731801207536 2.952019020337816 0.8
    endloop
  endfacet
  facet normal 0 0 1
    outer loop
      vertex 16.935309867559674 -1.4816476267101888 0.8
      vertex 17 0 0.8
      vertex 16.935309867559674 1.4816476267101888 0.8
    endloop
  endfacet
  facet normal 0 0 1
    outer loop
      vertex 16.935309867559674 -1.4816476267101888 0.8
      vertex 16.935309867559674 1.4816476267101888 0.8
      vertex 16.741731801207536 2.952019020337816 0.8
    endloop
  endfacet
  facet normal 0 0 -1
    outer loop
      vertex 13.022755533022627 10.927389364671168 0
      vertex 12.2 0 0
      vertex 12.153575316719294 1.0633000615214296 0
    endloop
  endfacet
  facet normal 0 0 -1
    outer loop
      vertex 13.022755533022627 -10.927389364671168 0
      vertex 13.022755533022627 10.927389364671168 0
      vertex 13.92558475291286 9.750799417967784 0
    endloop
  endfacet
  facet normal 0 0 -1
    outer loop
      vertex 13.022755533022627 10.927389364671168 0
      vertex 12.153575316719294 1.0633000615214296 0
      vertex 12.014654586748938 2.11850776753655 0
    endloop
  endfacet
  facet normal 0 0 -1
    outer loop
      vertex 10.927389364671168 13.022755533022627 0
      vertex 9.9936549403257 6.997632523482761 0
      vertex 9.345742206051531 7.842008838175778 0
    endloop
  endfacet
  facet normal 0 0 -1
    outer loop
      vertex 12.020815280171309 12.020815280171309 0
      vertex 12.014654586748938 2.11850776753655 0
      vertex 11.784295080726633 3.157592350250753 0
    endloop
  endfacet
  facet normal 0 0 -1
    outer loop
      vertex 12.020815280171309 12.020815280171309 0
      vertex 11.784295080726633 3.157592350250753 0
      vertex 11.464249973588082 4.172645748573158 0
    endloop
  endfacet
  facet normal 0 0 -1
    outer loop
      vertex 12.020815280171309 12.020815280171309 0
      vertex 11.464249973588082 4.172645748573158 0
      vertex 11.056955001847129 5.155942793236533 0
    endloop
  endfacet
  facet normal 0 0 -1
    outer loop
      vertex 10.927389364671168 13.022755533022627 0
      vertex 10.56550992617015 6.1 0
      vertex 9.9936549403257 6.997632523482761 0
    endloop
  endfacet
  facet normal 0 0 -1
    outer loop
      vertex 12.020815280171309 12.020815280171309 0
      vertex 11.056955001847129 5.155942793236533 0
      vertex 10.56550992617015 6.1 0
    endloop
  endfacet
  facet normal 0 0 -1
    outer loop
      vertex 12.020815280171309 12.020815280171309 0
      vertex 13.022755533022627 10.927389364671168 0
      vertex 12.014654586748938 2.11850776753655 0
    endloop
  endfacet
  facet normal 0 0 1
    outer loop
      vertex 12.020815280171309 12.020815280171309 0.8
      vertex 12.153575316719294 1.0633000615214296 0.8
      vertex 12.2 0 0.8
    endloop
  endfacet
  facet normal 0 0 1
    outer loop
      vertex 13.022755533022627 -10.927389364671168 0.8
      vertex 13.022755533022627 10.927389364671168 0.8
      vertex 12.020815280171309 12.020815280171309 0.8
    endloop
  endfacet
  facet normal 0 0 1
    outer loop
      vertex 13.92558475291286 -9.750799417967784 0.8
      vertex 13.92558475291286 9.750799417967784 0.8
      vertex 13.022755533022627 10.927389364671168 0.8
    endloop
  endfacet
  facet normal 0 0 1
    outer loop
      vertex 12.020815280171309 12.020815280171309 0.8
      vertex 12.014654586748938 2.11850776753655 0.8
      vertex 12.153575316719294 1.0633000615214296 0.8
    endloop
  endfacet
  facet normal 0 0 1
    outer loop
      vertex 9.750799417967784 13.92558475291286 0.8
      vertex 9.9936549403257 6.997632523482761 0.8
      vertex 10.56550992617015 6.1 0.8
    endloop
  endfacet
  facet normal 0 0 1
    outer loop
      vertex 9.750799417967784 13.92558475291286 0.8
      vertex 9.345742206051531 7.842008838175778 0.8
      vertex 9.9936549403257 6.997632523482761 0.8
    endloop
  endfacet
  facet normal 0 0 1
    outer loop
      vertex 12.020815280171309 12.020815280171309 0.8
      vertex 11.784295080726633 3.157592350250753 0.8
      vertex 12.014654586748938 2.11850776753655 0.8
    endloop
  endfacet
  facet normal 0 0 1
    outer loop
      vertex 12.020815280171309 12.020815280171309 0.8
      vertex 11.464249973588082 4.172645748573158 0.8
      vertex 11.784295080726633 3.157592350250753 0.8
    endloop
  endfacet
  facet normal 0 0 1
    outer loop
      vertex 10.927389364671168 13.022755533022627 0.8
      vertex 11.056955001847129 5.155942793236533 0.8
      vertex 11.464249973588082 4.172645748573158 0.8
    endloop
  endfacet
  facet normal 0 0 1
    outer loop
      vertex 10.927389364671168 13.022755533022627 0.8
      vertex 10.56550992617015 6.1 0.8
      vertex 11.056955001847129 5.155942793236533 0.8
    endloop
  endfacet
  facet normal 0 0 1
    outer loop
      vertex 12.020815280171309 12.020815280171309 0.8
      vertex 10.927389364671168 13.022755533022627 0.8
      vertex 11.464249973588082 4.172645748573158 0.8
    endloop
  endfacet
  facet normal 0 0 -1
    outer loop
      vertex 1 12.156339057091486 0
      vertex 1 16.956339057091487 0
      vertex 1.0633000615214296 12.153575316719294 0
    endloop
  endfacet
  facet normal 0 0 -1
    outer loop
      vertex 2.952019020337816 16.741731801207536 0
      vertex 2.11850776753655 12.014654586748938 0
      vertex 1.0633000615214296 12.153575316719294 0
    endloop
  endfacet
  facet normal 0 0 -1
    outer loop
      vertex 4.399923766742853 16.42073904691416 0
      vertex 3.157592350250753 11.784295080726633 0
      vertex 2.11850776753655 12.014654586748938 0
    endloop
  endfacet
  facet normal 0 0 -1
    outer loop
      vertex 7.18451044959189 15.407232379623048 0
      vertex 6.997632523482761 9.9936549403257 0
      vertex 6.1 10.56550992617015 0
    endloop
  endfacet
  facet normal 0 0 -1
    outer loop
      vertex 4.399923766742853 16.42073904691416 0
      vertex 4.172645748573158 11.464249973588082 0
      vertex 3.157592350250753 11.784295080726633 0
    endloop
  endfacet
  facet normal 0 0 -1
    outer loop
      vertex 5.814342436536368 15.974774553360444 0
      vertex 5.155942793236533 11.056955001847129 0
      vertex 4.172645748573158 11.464249973588082 0
    endloop
  endfacet
  facet normal 0 0 -1
    outer loop
      vertex 7.18451044959189 15.407232379623048 0
      vertex 6.1 10.56550992617015 0
      vertex 5.155942793236533 11.056955001847129 0
    endloop
  endfacet
  facet normal 0 0 -1
    outer loop
      vertex 5.814342436536368 15.974774553360444 0
      vertex 7.18451044959189 15.407232379623048 0
      vertex 5.155942793236533 11.056955001847129 0
    endloop
  endfacet
  facet normal 0 0 -1
    outer loop
      vertex 1.4816476267101888 16.935309867559674 0
      vertex 1.0633000615214296 12.153575316719294 0
      vertex 1 16.956339057091487 0
    endloop
  endfacet
  facet normal 0 0 -1
    outer loop
      vertex 1.4816476267101888 16.935309867559674 0
      vertex 2.952019020337816 16.741731801207536 0
      vertex 1.0633000615214296 12.153575316719294 0
    endloop
  endfacet
  facet normal 0 0 -1
    outer loop
      vertex 2.952019020337816 16.741731801207536 0
      vertex 4.399923766742853 16.42073904691416 0
      vertex 2.11850776753655 12.014654586748938 0
    endloop
  endfacet
  facet normal 0.21643961393810207 0.9762960071199335 0
    outer loop
      vertex 2.952019020337816 16.741731801207536 0
      vertex 2.952019020337816 16.741731801207536 0.8
      vertex 4.399923766742853 16.42073904691416 0
    endloop
  endfacet
  facet normal 0.04361938736533391 0.9990482215818578 -2.125899337483558e-19
    outer loop
      vertex 1.4816476267101888 16.935309867559674 0
      vertex 1 16.956339057091487 0
      vertex 1 16.956339057091487 0.8
    endloop
  endfacet
  facet normal 0.13052619222005254 0.9914448613738103 0
    outer loop
      vertex 1.4816476267101888 16.935309867559674 0
      vertex 1.4816476267101888 16.935309867559674 0.8
      vertex 2.952019020337816 16.741731801207536 0
    endloop
  endfacet
  facet normal 0 0 -1
    outer loop
      vertex 4.399923766742853 16.42073904691416 0
      vertex 5.814342436536368 15.974774553360444 0
      vertex 4.172645748573158 11.464249973588082 0
    endloop
  endfacet
  facet normal 0.30070579950427234 0.9537169507482272 0
    outer loop
      vertex 4.399923766742853 16.42073904691416 0
      vertex 4.399923766742853 16.42073904691416 0.8
      vertex 5.814342436536368 15.974774553360444 0
    endloop
  endfacet
  facet normal 0.38268343236509106 0.9238795325112862 0
    outer loop
      vertex 5.814342436536368 15.974774553360444 0
      vertex 5.814342436536368 15.974774553360444 0.8
      vertex 7.18451044959189 15.407232379623048 0
    endloop
  endfacet
  facet normal 0.04361938736533391 0.9990482215818578 0
    outer loop
      vertex 1.4816476267101888 16.935309867559674 0
      vertex 1 16.956339057091487 0.8
      vertex 1.4816476267101888 16.935309867559674 0.8
    endloop
  endfacet
  facet normal 0.13052619222005254 0.9914448613738103 0
    outer loop
      vertex 2.952019020337816 16.741731801207536 0
      vertex 1.4816476267101888 16.935309867559674 0.8
      vertex 2.952019020337816 16.741731801207536 0.8
    endloop
  endfacet
  facet normal 0.21643961393810207 0.9762960071199335 0
    outer loop
      vertex 4.399923766742853 16.42073904691416 0
      vertex 2.952019020337816 16.741731801207536 0.8
      vertex 4.399923766742853 16.42073904691416 0.8
    endloop
  endfacet
  facet normal 0.38268343236509106 0.9238795325112862 0
    outer loop
      vertex 7.18451044959189 15.407232379623048 0
      vertex 5.814342436536368 15.974774553360444 0.8
      vertex 7.18451044959189 15.407232379623048 0.8
    endloop
  endfacet
  facet normal 0.30070579950427234 0.9537169507482272 0
    outer loop
      vertex 5.814342436536368 15.974774553360444 0
      vertex 4.399923766742853 16.42073904691416 0.8
      vertex 5.814342436536368 15.974774553360444 0.8
    endloop
  endfacet
  facet normal 0 0 -1
    outer loop
      vertex 8.5 14.722431864335457 0
      vertex 7.842008838175778 9.345742206051531 0
      vertex 6.997632523482761 9.9936549403257 0
    endloop
  endfacet
  facet normal 0 0 -1
    outer loop
      vertex 9.750799417967784 13.92558475291286 0
      vertex 9.345742206051531 7.842008838175778 0
      vertex 8.62670273047588 8.62670273047588 0
    endloop
  endfacet
  facet normal 0 0 -1
    outer loop
      vertex 9.750799417967784 13.92558475291286 0
      vertex 8.62670273047588 8.62670273047588 0
      vertex 7.842008838175778 9.345742206051531 0
    endloop
  endfacet
  facet normal 0 0 -1
    outer loop
      vertex 9.750799417967784 13.92558475291286 0
      vertex 10.927389364671168 13.022755533022627 0
      vertex 9.345742206051531 7.842008838175778 0
    endloop
  endfacet
  facet normal 0 0 -1
    outer loop
      vertex 7.18451044959189 15.407232379623048 0
      vertex 8.5 14.722431864335457 0
      vertex 6.997632523482761 9.9936549403257 0
    endloop
  endfacet
  facet normal 0 0 -1
    outer loop
      vertex 8.5 14.722431864335457 0
      vertex 9.750799417967784 13.92558475291286 0
      vertex 7.842008838175778 9.345742206051531 0
    endloop
  endfacet
  facet normal 0.537299608346824 0.8433914458128855 0
    outer loop
      vertex 8.5 14.722431864335457 0
      vertex 8.5 14.722431864335457 0.8
      vertex 9.750799417967784 13.92558475291286 0
    endloop
  endfacet
  facet normal 0.6087614290087204 0.7933533402912353 0
    outer loop
      vertex 9.750799417967784 13.92558475291286 0
      vertex 9.750799417967784 13.92558475291286 0.8
      vertex 10.927389364671168 13.022755533022627 0
    endloop
  endfacet
  facet normal 0 0 -1
    outer loop
      vertex 12.020815280171309 12.020815280171309 0
      vertex 10.56550992617015 6.1 0
      vertex 10.927389364671168 13.022755533022627 0
    endloop
  endfacet
  facet normal 0.7933533402912353 0.6087614290087204 0
    outer loop
      vertex 13.92558475291286 9.750799417967784 0
      vertex 13.022755533022627 10.927389364671168 0
      vertex 13.92558475291286 9.750799417967784 0.8
    endloop
  endfacet
  facet normal 0.7372773368101249 0.6755902076156594 -5.1978685000464545e-17
    outer loop
      vertex 12.020815280171309 12.020815280171309 0
      vertex 13.022755533022627 10.927389364671168 0.8
      vertex 13.022755533022627 10.927389364671168 0
    endloop
  endfacet
  facet normal 0.6755902076156594 0.7372773368101249 -5.1978685000464545e-17
    outer loop
      vertex 12.020815280171309 12.020815280171309 0
      vertex 10.927389364671168 13.022755533022627 0
      vertex 10.927389364671168 13.022755533022627 0.8
    endloop
  endfacet
  facet normal 0.537299608346824 0.8433914458128855 0
    outer loop
      vertex 9.750799417967784 13.92558475291286 0
      vertex 8.5 14.722431864335457 0.8
      vertex 9.750799417967784 13.92558475291286 0.8
    endloop
  endfacet
  facet normal 0.7933533402912353 0.6087614290087204 0
    outer loop
      vertex 13.022755533022627 10.927389364671168 0
      vertex 13.022755533022627 10.927389364671168 0.8
      vertex 13.92558475291286 9.750799417967784 0.8
    endloop
  endfacet
  facet normal 0.7372773368101249 0.6755902076156594 0
    outer loop
      vertex 12.020815280171309 12.020815280171309 0
      vertex 12.020815280171309 12.020815280171309 0.8
      vertex 13.022755533022627 10.927389364671168 0.8
    endloop
  endfacet
  facet normal 0.6087614290087204 0.7933533402912353 0
    outer loop
      vertex 10.927389364671168 13.022755533022627 0
      vertex 9.750799417967784 13.92558475291286 0.8
      vertex 10.927389364671168 13.022755533022627 0.8
    endloop
  endfacet
  facet normal 0.6755902076156594 0.7372773368101249 0
    outer loop
      vertex 12.020815280171309 12.020815280171309 0
      vertex 10.927389364671168 13.022755533022627 0.8
      vertex 12.020815280171309 12.020815280171309 0.8
    endloop
  endfacet
  facet normal 0.46174861323503336 0.8870108331782219 0
    outer loop
      vertex 7.18451044959189 15.407232379623048 0
      vertex 7.18451044959189 15.407232379623048 0.8
      vertex 8.5 14.722431864335457 0
    endloop
  endfacet
  facet normal 0.46174861323503336 0.8870108331782219 0
    outer loop
      vertex 8.5 14.722431864335457 0
      vertex 7.18451044959189 15.407232379623048 0.8
      vertex 8.5 14.722431864335457 0.8
    endloop
  endfacet
  facet normal 0 0 1
    outer loop
      vertex 1 16.956339057091487 0.8
      vertex 1 12.156339057091486 0.8
      vertex 1.0633000615214296 12.153575316719294 0.8
    endloop
  endfacet
  facet normal 0 0 1
    outer loop
      vertex 1.4816476267101888 16.935309867559674 0.8
      vertex 1.0633000615214296 12.153575316719294 0.8
      vertex 2.11850776753655 12.014654586748938 0.8
    endloop
  endfacet
  facet normal 0 0 1
    outer loop
      vertex 2.952019020337816 16.741731801207536 0.8
      vertex 3.157592350250753 11.784295080726633 0.8
      vertex 4.172645748573158 11.464249973588082 0.8
    endloop
  endfacet
  facet normal 0 0 1
    outer loop
      vertex 2.952019020337816 16.741731801207536 0.8
      vertex 2.11850776753655 12.014654586748938 0.8
      vertex 3.157592350250753 11.784295080726633 0.8
    endloop
  endfacet
  facet normal 0 0 1
    outer loop
      vertex 7.18451044959189 15.407232379623048 0.8
      vertex 6.1 10.56550992617015 0.8
      vertex 6.997632523482761 9.9936549403257 0.8
    endloop
  endfacet
  facet normal 0 0 1
    outer loop
      vertex 4.399923766742853 16.42073904691416 0.8
      vertex 4.172645748573158 11.464249973588082 0.8
      vertex 5.155942793236533 11.056955001847129 0.8
    endloop
  endfacet
  facet normal 0 0 1
    outer loop
      vertex 5.814342436536368 15.974774553360444 0.8
      vertex 5.155942793236533 11.056955001847129 0.8
      vertex 6.1 10.56550992617015 0.8
    endloop
  endfacet
  facet normal 0 0 1
    outer loop
      vertex 5.814342436536368 15.974774553360444 0.8
      vertex 6.1 10.56550992617015 0.8
      vertex 7.18451044959189 15.407232379623048 0.8
    endloop
  endfacet
  facet normal 0 0 1
    outer loop
      vertex 1.4816476267101888 16.935309867559674 0.8
      vertex 1 16.956339057091487 0.8
      vertex 1.0633000615214296 12.153575316719294 0.8
    endloop
  endfacet
  facet normal 0 0 1
    outer loop
      vertex 1.4816476267101888 16.935309867559674 0.8
      vertex 2.11850776753655 12.014654586748938 0.8
      vertex 2.952019020337816 16.741731801207536 0.8
    endloop
  endfacet
  facet normal 0 0 1
    outer loop
      vertex 2.952019020337816 16.741731801207536 0.8
      vertex 4.172645748573158 11.464249973588082 0.8
      vertex 4.399923766742853 16.42073904691416 0.8
    endloop
  endfacet
  facet normal 0 0 1
    outer loop
      vertex 4.399923766742853 16.42073904691416 0.8
      vertex 5.155942793236533 11.056955001847129 0.8
      vertex 5.814342436536368 15.974774553360444 0.8
    endloop
  endfacet
  facet normal 0 0 1
    outer loop
      vertex 8.5 14.722431864335457 0.8
      vertex 7.842008838175778 9.345742206051531 0.8
      vertex 8.62670273047588 8.62670273047588 0.8
    endloop
  endfacet
  facet normal 0 0 1
    outer loop
      vertex 7.18451044959189 15.407232379623048 0.8
      vertex 6.997632523482761 9.9936549403257 0.8
      vertex 7.842008838175778 9.345742206051531 0.8
    endloop
  endfacet
  facet normal 0 0 1
    outer loop
      vertex 8.5 14.722431864335457 0.8
      vertex 8.62670273047588 8.62670273047588 0.8
      vertex 9.345742206051531 7.842008838175778 0.8
    endloop
  endfacet
  facet normal 0 0 1
    outer loop
      vertex 8.5 14.722431864335457 0.8
      vertex 9.345742206051531 7.842008838175778 0.8
      vertex 9.750799417967784 13.92558475291286 0.8
    endloop
  endfacet
  facet normal 0 0 1
    outer loop
      vertex 7.18451044959189 15.407232379623048 0.8
      vertex 7.842008838175778 9.345742206051531 0.8
      vertex 8.5 14.722431864335457 0.8
    endloop
  endfacet
  facet normal 0 0 1
    outer loop
      vertex 9.750799417967784 13.92558475291286 0.8
      vertex 10.56550992617015 6.1 0.8
      vertex 10.927389364671168 13.022755533022627 0.8
    endloop
  endfacet
  facet normal 0 0 -1
    outer loop
      vertex 13.92558475291286 -9.750799417967784 0
      vertex 13.92558475291286 9.750799417967784 0
      vertex 14.722431864335457 8.5 0
    endloop
  endfacet
  facet normal 0 0 -1
    outer loop
      vertex 14.722431864335457 -8.5 0
      vertex 14.722431864335457 8.5 0
      vertex 15.407232379623048 7.18451044959189 0
    endloop
  endfacet
  facet normal 0 0 -1
    outer loop
      vertex 15.974774553360444 -5.814342436536368 0
      vertex 15.974774553360444 5.814342436536368 0
      vertex 16.42073904691416 4.399923766742853 0
    endloop
  endfacet
  facet normal 0 0 -1
    outer loop
      vertex 15.407232379623048 -7.18451044959189 0
      vertex 15.407232379623048 7.18451044959189 0
      vertex 15.974774553360444 5.814342436536368 0
    endloop
  endfacet
  facet normal 0.9914448613738103 0.13052619222005254 0
    outer loop
      vertex 16.935309867559674 1.4816476267101888 0
      vertex 16.741731801207536 2.952019020337816 0
      vertex 16.935309867559674 1.4816476267101888 0.8
    endloop
  endfacet
  facet normal 0.9762960071199335 0.21643961393810207 0
    outer loop
      vertex 16.741731801207536 2.952019020337816 0
      vertex 16.42073904691416 4.399923766742853 0
      vertex 16.741731801207536 2.952019020337816 0.8
    endloop
  endfacet
  facet normal 0.9537169507482272 0.30070579950427234 0
    outer loop
      vertex 16.42073904691416 4.399923766742853 0
      vertex 15.974774553360444 5.814342436536368 0
      vertex 16.42073904691416 4.399923766742853 0.8
    endloop
  endfacet
  facet normal 0.9914448613738103 0.13052619222005254 0
    outer loop
      vertex 16.741731801207536 2.952019020337816 0
      vertex 16.741731801207536 2.952019020337816 0.8
      vertex 16.935309867559674 1.4816476267101888 0.8
    endloop
  endfacet
  facet normal 0.9762960071199335 0.21643961393810207 0
    outer loop
      vertex 16.42073904691416 4.399923766742853 0
      vertex 16.42073904691416 4.399923766742853 0.8
      vertex 16.741731801207536 2.952019020337816 0.8
    endloop
  endfacet
  facet normal 0.9537169507482272 0.30070579950427234 0
    outer loop
      vertex 15.974774553360444 5.814342436536368 0
      vertex 15.974774553360444 5.814342436536368 0.8
      vertex 16.42073904691416 4.399923766742853 0.8
    endloop
  endfacet
  facet normal 0.8870108331782219 0.46174861323503336 0
    outer loop
      vertex 15.407232379623048 7.18451044959189 0
      vertex 14.722431864335457 8.5 0
      vertex 15.407232379623048 7.18451044959189 0.8
    endloop
  endfacet
  facet normal 0.9238795325112862 0.38268343236509106 0
    outer loop
      vertex 15.974774553360444 5.814342436536368 0
      vertex 15.407232379623048 7.18451044959189 0
      vertex 15.974774553360444 5.814342436536368 0.8
    endloop
  endfacet
  facet normal 0.8433914458128855 0.537299608346824 0
    outer loop
      vertex 14.722431864335457 8.5 0
      vertex 13.92558475291286 9.750799417967784 0
      vertex 14.722431864335457 8.5 0.8
    endloop
  endfacet
  facet normal 0.9238795325112862 0.38268343236509106 0
    outer loop
      vertex 15.407232379623048 7.18451044959189 0
      vertex 15.407232379623048 7.18451044959189 0.8
      vertex 15.974774553360444 5.814342436536368 0.8
    endloop
  endfacet
  facet normal 0.8870108331782219 0.46174861323503336 0
    outer loop
      vertex 14.722431864335457 8.5 0
      vertex 14.722431864335457 8.5 0.8
      vertex 15.407232379623048 7.18451044959189 0.8
    endloop
  endfacet
  facet normal 0.8433914458128855 0.537299608346824 0
    outer loop
      vertex 13.92558475291286 9.750799417967784 0
      vertex 13.92558475291286 9.750799417967784 0.8
      vertex 14.722431864335457 8.5 0.8
    endloop
  endfacet
  facet normal 0 0 1
    outer loop
      vertex 15.407232379623048 -7.18451044959189 0.8
      vertex 15.407232379623048 7.18451044959189 0.8
      vertex 14.722431864335457 8.5 0.8
    endloop
  endfacet
  facet normal 0 0 1
    outer loop
      vertex 16.42073904691416 -4.399923766742853 0.8
      vertex 16.42073904691416 4.399923766742853 0.8
      vertex 15.974774553360444 5.814342436536368 0.8
    endloop
  endfacet
  facet normal 0 0 1
    outer loop
      vertex 16.741731801207536 -2.952019020337816 0.8
      vertex 16.741731801207536 2.952019020337816 0.8
      vertex 16.42073904691416 4.399923766742853 0.8
    endloop
  endfacet
  facet normal 0 0 1
    outer loop
      vertex 15.974774553360444 -5.814342436536368 0.8
      vertex 15.974774553360444 5.814342436536368 0.8
      vertex 15.407232379623048 7.18451044959189 0.8
    endloop
  endfacet
  facet normal 0 0 1
    outer loop
      vertex 14.722431864335457 -8.5 0.8
      vertex 14.722431864335457 8.5 0.8
      vertex 13.92558475291286 9.750799417967784 0.8
    endloop
  endfacet
  facet normal 0.7372773368101257 0.6755902076156584 -2.846196998527823e-17
    outer loop
      vertex -8.62670273047588 -8.62670273047588 0
      vertex -9.345742206051531 -7.842008838175778 0
      vertex -9.345742206051531 -7.842008838175778 0.8
    endloop
  endfacet
  facet normal 0.6087614290087212 0.7933533402912347 0
    outer loop
      vertex -7.842008838175778 -9.345742206051531 0
      vertex -7.842008838175778 -9.345742206051531 0.8
      vertex -6.997632523482761 -9.9936549403257 0
    endloop
  endfacet
  facet normal 0.6755902076156584 0.7372773368101257 -2.846196998527823e-17
    outer loop
      vertex -7.842008838175778 -9.345742206051531 0
      vertex -8.62670273047588 -8.62670273047588 0
      vertex -8.62670273047588 -8.62670273047588 0.8
    endloop
  endfacet
  facet normal 0.7372773368101257 0.6755902076156584 -2.846196998527823e-17
    outer loop
      vertex -9.345742206051531 -7.842008838175778 0.8
      vertex -8.62670273047588 -8.62670273047588 0.8
      vertex -8.62670273047588 -8.62670273047588 0
    endloop
  endfacet
  facet normal 0.6087614290087212 0.7933533402912347 0
    outer loop
      vertex -6.997632523482761 -9.9936549403257 0.8
      vertex -6.997632523482761 -9.9936549403257 0
      vertex -7.842008838175778 -9.345742206051531 0.8
    endloop
  endfacet
  facet normal 0.6755902076156584 0.7372773368101257 0
    outer loop
      vertex -7.842008838175778 -9.345742206051531 0
      vertex -8.62670273047588 -8.62670273047588 0.8
      vertex -7.842008838175778 -9.345742206051531 0.8
    endloop
  endfacet
  facet normal 0.4617486132350341 0.8870108331782216 0
    outer loop
      vertex -6.1 -10.56550992617015 0
      vertex -6.1 -10.56550992617015 0.8
      vertex -5.155942793236533 -11.056955001847129 0
    endloop
  endfacet
  facet normal 0.3007057995042732 0.9537169507482269 0
    outer loop
      vertex -4.172645748573158 -11.464249973588082 0
      vertex -4.172645748573158 -11.464249973588082 0.8
      vertex -3.157592350250753 -11.784295080726633 0
    endloop
  endfacet
  facet normal 0.3826834323650899 0.9238795325112867 0
    outer loop
      vertex -5.155942793236533 -11.056955001847129 0
      vertex -5.155942793236533 -11.056955001847129 0.8
      vertex -4.172645748573158 -11.464249973588082 0
    endloop
  endfacet
  facet normal 0.537299608346824 0.8433914458128856 0
    outer loop
      vertex -6.997632523482761 -9.9936549403257 0.8
      vertex -6.1 -10.56550992617015 0
      vertex -6.997632523482761 -9.9936549403257 0
    endloop
  endfacet
  facet normal 0.2164396139381026 0.9762960071199335 0
    outer loop
      vertex -3.157592350250753 -11.784295080726633 0
      vertex -3.157592350250753 -11.784295080726633 0.8
      vertex -2.11850776753655 -12.014654586748938 0
    endloop
  endfacet
  facet normal 0.1305261922200512 0.9914448613738105 0
    outer loop
      vertex -2.11850776753655 -12.014654586748938 0
      vertex -2.11850776753655 -12.014654586748938 0.8
      vertex -1.0633000615214296 -12.153575316719294 0
    endloop
  endfacet
  facet normal 0.0436193873653364 0.9990482215818579 0
    outer loop
      vertex -1.0633000615214296 -12.153575316719294 0
      vertex -1.0633000615214296 -12.153575316719294 0.8
      vertex 0 -12.2 0
    endloop
  endfacet
  facet normal 0.537299608346824 0.8433914458128856 0
    outer loop
      vertex -6.1 -10.56550992617015 0
      vertex -6.997632523482761 -9.9936549403257 0.8
      vertex -6.1 -10.56550992617015 0.8
    endloop
  endfacet
  facet normal 0.4617486132350341 0.8870108331782216 0
    outer loop
      vertex -5.155942793236533 -11.056955001847129 0
      vertex -6.1 -10.56550992617015 0.8
      vertex -5.155942793236533 -11.056955001847129 0.8
    endloop
  endfacet
  facet normal 0.3007057995042732 0.9537169507482269 8.45235680026635e-18
    outer loop
      vertex -4.172645748573158 -11.464249973588082 0.8
      vertex -3.157592350250753 -11.784295080726633 0.8
      vertex -3.157592350250753 -11.784295080726633 0
    endloop
  endfacet
  facet normal 0.3826834323650899 0.9238795325112867 0
    outer loop
      vertex -4.172645748573158 -11.464249973588082 0
      vertex -5.155942793236533 -11.056955001847129 0.8
      vertex -4.172645748573158 -11.464249973588082 0.8
    endloop
  endfacet
  facet normal 0.2164396139381026 0.9762960071199335 0
    outer loop
      vertex -2.11850776753655 -12.014654586748938 0
      vertex -3.157592350250753 -11.784295080726633 0.8
      vertex -2.11850776753655 -12.014654586748938 0.8
    endloop
  endfacet
  facet normal 0.1305261922200512 0.9914448613738105 0
    outer loop
      vertex -1.0633000615214296 -12.153575316719294 0
      vertex -2.11850776753655 -12.014654586748938 0.8
      vertex -1.0633000615214296 -12.153575316719294 0.8
    endloop
  endfacet
  facet normal 0.0436193873653364 0.9990482215818579 0
    outer loop
      vertex 0 -12.2 0
      vertex -1.0633000615214296 -12.153575316719294 0.8
      vertex 0 -12.2 0.8
    endloop
  endfacet
  facet normal 0.8433914458128856 0.537299608346824 -2.150927093565368e-17
    outer loop
      vertex -9.9936549403257 -6.997632523482761 0
      vertex -10.56550992617015 -6.1 0
      vertex -10.56550992617015 -6.1 0.8
    endloop
  endfacet
  facet normal 0.8870108331782216 0.4617486132350341 -1.5709347722214402e-17
    outer loop
      vertex -10.56550992617015 -6.1 0
      vertex -11.056955001847129 -5.155942793236533 0
      vertex -11.056955001847129 -5.155942793236533 0.8
    endloop
  endfacet
  facet normal 0.9238795325112867 0.3826834323650899 -8.131336493815108e-18
    outer loop
      vertex -11.056955001847129 -5.155942793236533 0
      vertex -11.464249973588082 -4.172645748573158 0
      vertex -11.464249973588082 -4.172645748573158 0.8
    endloop
  endfacet
  facet normal 0.7933533402912347 0.6087614290087212 -5.3378274706882344e-17
    outer loop
      vertex -9.345742206051531 -7.842008838175778 0
      vertex -9.9936549403257 -6.997632523482761 0
      vertex -9.9936549403257 -6.997632523482761 0.8
    endloop
  endfacet
  facet normal 0.8870108331782216 0.4617486132350341 -1.5709347722214402e-17
    outer loop
      vertex -11.056955001847129 -5.155942793236533 0.8
      vertex -10.56550992617015 -6.1 0.8
      vertex -10.56550992617015 -6.1 0
    endloop
  endfacet
  facet normal 0.9238795325112867 0.3826834323650899 -8.131336493815108e-18
    outer loop
      vertex -11.464249973588082 -4.172645748573158 0.8
      vertex -11.056955001847129 -5.155942793236533 0.8
      vertex -11.056955001847129 -5.155942793236533 0
    endloop
  endfacet
  facet normal 0.9537169507482269 0.3007057995042732 0
    outer loop
      vertex -11.464249973588082 -4.172645748573158 0
      vertex -11.784295080726633 -3.157592350250753 0.8
      vertex -11.464249973588082 -4.172645748573158 0.8
    endloop
  endfacet
  facet normal 0.7933533402912347 0.6087614290087212 -5.3378274706882344e-17
    outer loop
      vertex -9.9936549403257 -6.997632523482761 0.8
      vertex -9.345742206051531 -7.842008838175778 0.8
      vertex -9.345742206051531 -7.842008838175778 0
    endloop
  endfacet
  facet normal 0.8433914458128856 0.537299608346824 -2.150927093565368e-17
    outer loop
      vertex -10.56550992617015 -6.1 0.8
      vertex -9.9936549403257 -6.997632523482761 0.8
      vertex -9.9936549403257 -6.997632523482761 0
    endloop
  endfacet
  facet normal 0.9914448613738105 0.1305261922200512 1.6323536153587523e-18
    outer loop
      vertex -12.014654586748938 -2.11850776753655 0
      vertex -12.153575316719294 -1.0633000615214296 0
      vertex -12.153575316719294 -1.0633000615214296 0.8
    endloop
  endfacet
  facet normal 0.9537169507482269 0.3007057995042732 8.45235680026635e-18
    outer loop
      vertex -11.464249973588082 -4.172645748573158 0
      vertex -11.784295080726633 -3.157592350250753 0
      vertex -11.784295080726633 -3.157592350250753 0.8
    endloop
  endfacet
  facet normal 0.9762960071199335 0.2164396139381026 0
    outer loop
      vertex -12.014654586748938 -2.11850776753655 0.8
      vertex -11.784295080726633 -3.157592350250753 0
      vertex -12.014654586748938 -2.11850776753655 0
    endloop
  endfacet
  facet normal 0.9990482215818579 0.0436193873653364 -3.2682775638639548e-18
    outer loop
      vertex -12.153575316719294 -1.0633000615214296 0
      vertex -12.2 0 0
      vertex -12.2 0 0.8
    endloop
  endfacet
  facet normal 0.9990482215818579 -0.0436193873653364 3.2682775638639548e-18
    outer loop
      vertex -12.2 0 0
      vertex -12.153575316719294 1.0633000615214296 0
      vertex -12.153575316719294 1.0633000615214296 0.8
    endloop
  endfacet
  facet normal 0.9914448613738105 0.1305261922200512 1.6323536153587523e-18
    outer loop
      vertex -12.153575316719294 -1.0633000615214296 0.8
      vertex -12.014654586748938 -2.11850776753655 0.8
      vertex -12.014654586748938 -2.11850776753655 0
    endloop
  endfacet
  facet normal 0.9762960071199335 0.2164396139381026 -3.498613669134921e-18
    outer loop
      vertex -12.014654586748938 -2.11850776753655 0.8
      vertex -11.784295080726633 -3.157592350250753 0.8
      vertex -11.784295080726633 -3.157592350250753 0
    endloop
  endfacet
  facet normal 0.9990482215818579 0.0436193873653364 0
    outer loop
      vertex -12.153575316719294 -1.0633000615214296 0
      vertex -12.2 0 0.8
      vertex -12.153575316719294 -1.0633000615214296 0.8
    endloop
  endfacet
  facet normal 0.9990482215818579 -0.0436193873653364 0
    outer loop
      vertex -12.2 0 0
      vertex -12.153575316719294 1.0633000615214296 0.8
      vertex -12.2 0 0.8
    endloop
  endfacet
  facet normal 0.9914448613738105 -0.1305261922200512 -1.6323536153587523e-18
    outer loop
      vertex -12.153575316719294 1.0633000615214296 0
      vertex -12.014654586748938 2.11850776753655 0
      vertex -12.014654586748938 2.11850776753655 0.8
    endloop
  endfacet
  facet normal 0.9762960071199335 -0.2164396139381026 0
    outer loop
      vertex -11.784295080726633 3.157592350250753 0.8
      vertex -12.014654586748938 2.11850776753655 0
      vertex -11.784295080726633 3.157592350250753 0
    endloop
  endfacet
  facet normal 0.9537169507482269 -0.3007057995042732 -8.45235680026635e-18
    outer loop
      vertex -11.784295080726633 3.157592350250753 0
      vertex -11.464249973588082 4.172645748573158 0
      vertex -11.464249973588082 4.172645748573158 0.8
    endloop
  endfacet
  facet normal 0.9238795325112867 -0.3826834323650899 8.131336493815108e-18
    outer loop
      vertex -11.464249973588082 4.172645748573158 0
      vertex -11.056955001847129 5.155942793236533 0
      vertex -11.056955001847129 5.155942793236533 0.8
    endloop
  endfacet
  facet normal 0.9914448613738105 -0.1305261922200512 -1.6323536153587523e-18
    outer loop
      vertex -12.014654586748938 2.11850776753655 0.8
      vertex -12.153575316719294 1.0633000615214296 0.8
      vertex -12.153575316719294 1.0633000615214296 0
    endloop
  endfacet
  facet normal 0.9762960071199335 -0.2164396139381026 3.498613669134921e-18
    outer loop
      vertex -11.784295080726633 3.157592350250753 0.8
      vertex -12.014654586748938 2.11850776753655 0.8
      vertex -12.014654586748938 2.11850776753655 0
    endloop
  endfacet
  facet normal 0.9537169507482269 -0.3007057995042732 -8.45235680026635e-18
    outer loop
      vertex -11.464249973588082 4.172645748573158 0.8
      vertex -11.784295080726633 3.157592350250753 0.8
      vertex -11.784295080726633 3.157592350250753 0
    endloop
  endfacet
  facet normal 0.9238795325112867 -0.3826834323650899 0
    outer loop
      vertex -11.464249973588082 4.172645748573158 0
      vertex -11.056955001847129 5.155942793236533 0.8
      vertex -11.464249973588082 4.172645748573158 0.8
    endloop
  endfacet
  facet normal 0.8870108331782216 -0.4617486132350341 1.5709347722214402e-17
    outer loop
      vertex -10.56550992617015 6.1 0.8
      vertex -11.056955001847129 5.155942793236533 0.8
      vertex -11.056955001847129 5.155942793236533 0
    endloop
  endfacet
  facet normal 0.8870108331782216 -0.4617486132350341 1.5709347722214402e-17
    outer loop
      vertex -11.056955001847129 5.155942793236533 0
      vertex -10.56550992617015 6.1 0
      vertex -10.56550992617015 6.1 0.8
    endloop
  endfacet
  facet normal 0.8433914458128856 -0.537299608346824 2.150927093565368e-17
    outer loop
      vertex -10.56550992617015 6.1 0
      vertex -9.9936549403257 6.997632523482761 0
      vertex -9.9936549403257 6.997632523482761 0.8
    endloop
  endfacet
  facet normal 0.7933533402912347 -0.6087614290087212 5.3378274706882344e-17
    outer loop
      vertex -9.9936549403257 6.997632523482761 0
      vertex -9.345742206051531 7.842008838175778 0
      vertex -9.345742206051531 7.842008838175778 0.8
    endloop
  endfacet
  facet normal 0.7372773368101257 -0.6755902076156584 2.846196998527823e-17
    outer loop
      vertex -9.345742206051531 7.842008838175778 0
      vertex -8.62670273047588 8.62670273047588 0
      vertex -8.62670273047588 8.62670273047588 0.8
    endloop
  endfacet
  facet normal 0.6755902076156584 -0.7372773368101257 0
    outer loop
      vertex -7.842008838175778 9.345742206051531 0
      vertex -7.842008838175778 9.345742206051531 0.8
      vertex -8.62670273047588 8.62670273047588 0
    endloop
  endfacet
  facet normal 0.6087614290087212 -0.7933533402912347 0
    outer loop
      vertex -6.997632523482761 9.9936549403257 0.8
      vertex -7.842008838175778 9.345742206051531 0
      vertex -6.997632523482761 9.9936549403257 0
    endloop
  endfacet
  facet normal 0.8433914458128856 -0.537299608346824 0
    outer loop
      vertex -10.56550992617015 6.1 0
      vertex -9.9936549403257 6.997632523482761 0.8
      vertex -10.56550992617015 6.1 0.8
    endloop
  endfacet
  facet normal 0.7933533402912347 -0.6087614290087212 5.3378274706882344e-17
    outer loop
      vertex -9.345742206051531 7.842008838175778 0.8
      vertex -9.9936549403257 6.997632523482761 0.8
      vertex -9.9936549403257 6.997632523482761 0
    endloop
  endfacet
  facet normal 0.7372773368101257 -0.6755902076156584 0
    outer loop
      vertex -9.345742206051531 7.842008838175778 0
      vertex -8.62670273047588 8.62670273047588 0.8
      vertex -9.345742206051531 7.842008838175778 0.8
    endloop
  endfacet
  facet normal 0.6755902076156584 -0.7372773368101257 0
    outer loop
      vertex -8.62670273047588 8.62670273047588 0
      vertex -7.842008838175778 9.345742206051531 0.8
      vertex -8.62670273047588 8.62670273047588 0.8
    endloop
  endfacet
  facet normal 0.6087614290087212 -0.7933533402912347 0
    outer loop
      vertex -7.842008838175778 9.345742206051531 0
      vertex -6.997632523482761 9.9936549403257 0.8
      vertex -7.842008838175778 9.345742206051531 0.8
    endloop
  endfacet
  facet normal 0.537299608346824 -0.8433914458128856 0
    outer loop
      vertex -6.1 10.56550992617015 0
      vertex -6.1 10.56550992617015 0.8
      vertex -6.997632523482761 9.9936549403257 0
    endloop
  endfacet
  facet normal 0.4617486132350341 -0.8870108331782216 0
    outer loop
      vertex -5.155942793236533 11.056955001847129 0
      vertex -5.155942793236533 11.056955001847129 0.8
      vertex -6.1 10.56550992617015 0
    endloop
  endfacet
  facet normal 0.3826834323650899 -0.9238795325112867 0
    outer loop
      vertex -4.172645748573158 11.464249973588082 0.8
      vertex -5.155942793236533 11.056955001847129 0
      vertex -4.172645748573158 11.464249973588082 0
    endloop
  endfacet
  facet normal 0.3007057995042732 -0.9537169507482269 -8.45235680026635e-18
    outer loop
      vertex -4.172645748573158 11.464249973588082 0
      vertex -3.157592350250753 11.784295080726633 0
      vertex -3.157592350250753 11.784295080726633 0.8
    endloop
  endfacet
  facet normal 0.2164396139381026 -0.9762960071199335 0
    outer loop
      vertex -2.11850776753655 12.014654586748938 0
      vertex -2.11850776753655 12.014654586748938 0.8
      vertex -3.157592350250753 11.784295080726633 0
    endloop
  endfacet
  facet normal 0.1305261922200512 -0.9914448613738105 -1.6323536153587523e-18
    outer loop
      vertex -2.11850776753655 12.014654586748938 0
      vertex -1.0633000615214296 12.153575316719294 0
      vertex -1.0633000615214296 12.153575316719294 0.8
    endloop
  endfacet
  facet normal 0.043619387365326646 -0.9990482215818581 1.5580028160116008e-20
    outer loop
      vertex -1.0633000615214296 12.153575316719294 0
      vertex -1 12.156339057091486 0
      vertex -1 12.156339057091486 0.8
    endloop
  endfacet
  facet normal 0.537299608346824 -0.8433914458128856 0
    outer loop
      vertex -6.997632523482761 9.9936549403257 0.8
      vertex -6.997632523482761 9.9936549403257 0
      vertex -6.1 10.56550992617015 0.8
    endloop
  endfacet
  facet normal 0.4617486132350341 -0.8870108331782216 0
    outer loop
      vertex -6.1 10.56550992617015 0
      vertex -5.155942793236533 11.056955001847129 0.8
      vertex -6.1 10.56550992617015 0.8
    endloop
  endfacet
  facet normal 0.3826834323650899 -0.9238795325112867 0
    outer loop
      vertex -5.155942793236533 11.056955001847129 0
      vertex -4.172645748573158 11.464249973588082 0.8
      vertex -5.155942793236533 11.056955001847129 0.8
    endloop
  endfacet
  facet normal 0.3007057995042732 -0.9537169507482269 0
    outer loop
      vertex -4.172645748573158 11.464249973588082 0
      vertex -3.157592350250753 11.784295080726633 0.8
      vertex -4.172645748573158 11.464249973588082 0.8
    endloop
  endfacet
  facet normal 0.2164396139381026 -0.9762960071199335 0
    outer loop
      vertex -3.157592350250753 11.784295080726633 0
      vertex -2.11850776753655 12.014654586748938 0.8
      vertex -3.157592350250753 11.784295080726633 0.8
    endloop
  endfacet
  facet normal 0.1305261922200512 -0.9914448613738105 0
    outer loop
      vertex -2.11850776753655 12.014654586748938 0
      vertex -1.0633000615214296 12.153575316719294 0.8
      vertex -2.11850776753655 12.014654586748938 0.8
    endloop
  endfacet
  facet normal 0.043619387365326646 -0.9990482215818581 0
    outer loop
      vertex -1.0633000615214296 12.153575316719294 0
      vertex -1 12.156339057091486 0.8
      vertex -1.0633000615214296 12.153575316719294 0.8
    endloop
  endfacet
  facet normal -0.0436193873653364 0.9990482215818579 0
    outer loop
      vertex 0 -12.2 0.8
      vertex 1.0633000615214296 -12.153575316719294 0
      vertex 0 -12.2 0
    endloop
  endfacet
  facet normal -0.1305261922200512 0.9914448613738105 0
    outer loop
      vertex 1.0633000615214296 -12.153575316719294 0
      vertex 1.0633000615214296 -12.153575316719294 0.8
      vertex 2.11850776753655 -12.014654586748938 0
    endloop
  endfacet
  facet normal -0.2164396139381026 0.9762960071199335 0
    outer loop
      vertex 2.11850776753655 -12.014654586748938 0
      vertex 2.11850776753655 -12.014654586748938 0.8
      vertex 3.157592350250753 -11.784295080726633 0
    endloop
  endfacet
  facet normal -0.3007057995042732 0.9537169507482269 -8.45235680026635e-18
    outer loop
      vertex 4.172645748573158 -11.464249973588082 0
      vertex 3.157592350250753 -11.784295080726633 0
      vertex 3.157592350250753 -11.784295080726633 0.8
    endloop
  endfacet
  facet normal -0.3826834323650899 0.9238795325112867 0
    outer loop
      vertex 4.172645748573158 -11.464249973588082 0.8
      vertex 5.155942793236533 -11.056955001847129 0
      vertex 4.172645748573158 -11.464249973588082 0
    endloop
  endfacet
  facet normal -0.4617486132350341 0.8870108331782216 0
    outer loop
      vertex 5.155942793236533 -11.056955001847129 0
      vertex 5.155942793236533 -11.056955001847129 0.8
      vertex 6.1 -10.56550992617015 0
    endloop
  endfacet
  facet normal -0.537299608346824 0.8433914458128856 0
    outer loop
      vertex 6.1 -10.56550992617015 0
      vertex 6.1 -10.56550992617015 0.8
      vertex 6.997632523482761 -9.9936549403257 0
    endloop
  endfacet
  facet normal -0.0436193873653364 0.9990482215818579 0
    outer loop
      vertex 1.0633000615214296 -12.153575316719294 0
      vertex 0 -12.2 0.8
      vertex 1.0633000615214296 -12.153575316719294 0.8
    endloop
  endfacet
  facet normal -0.1305261922200512 0.9914448613738105 0
    outer loop
      vertex 2.11850776753655 -12.014654586748938 0
      vertex 1.0633000615214296 -12.153575316719294 0.8
      vertex 2.11850776753655 -12.014654586748938 0.8
    endloop
  endfacet
  facet normal -0.2164396139381026 0.9762960071199335 0
    outer loop
      vertex 3.157592350250753 -11.784295080726633 0.8
      vertex 3.157592350250753 -11.784295080726633 0
      vertex 2.11850776753655 -12.014654586748938 0.8
    endloop
  endfacet
  facet normal -0.3007057995042732 0.9537169507482269 0
    outer loop
      vertex 4.172645748573158 -11.464249973588082 0
      vertex 3.157592350250753 -11.784295080726633 0.8
      vertex 4.172645748573158 -11.464249973588082 0.8
    endloop
  endfacet
  facet normal -0.3826834323650899 0.9238795325112867 0
    outer loop
      vertex 5.155942793236533 -11.056955001847129 0
      vertex 4.172645748573158 -11.464249973588082 0.8
      vertex 5.155942793236533 -11.056955001847129 0.8
    endloop
  endfacet
  facet normal -0.4617486132350341 0.8870108331782216 0
    outer loop
      vertex 6.1 -10.56550992617015 0
      vertex 5.155942793236533 -11.056955001847129 0.8
      vertex 6.1 -10.56550992617015 0.8
    endloop
  endfacet
  facet normal -0.537299608346824 0.8433914458128856 0
    outer loop
      vertex 6.997632523482761 -9.9936549403257 0
      vertex 6.1 -10.56550992617015 0.8
      vertex 6.997632523482761 -9.9936549403257 0.8
    endloop
  endfacet
  facet normal -0.6087614290087212 0.7933533402912347 0
    outer loop
      vertex 6.997632523482761 -9.9936549403257 0
      vertex 6.997632523482761 -9.9936549403257 0.8
      vertex 7.842008838175778 -9.345742206051531 0
    endloop
  endfacet
  facet normal -0.6755902076156584 0.7372773368101257 0
    outer loop
      vertex 7.842008838175778 -9.345742206051531 0
      vertex 7.842008838175778 -9.345742206051531 0.8
      vertex 8.62670273047588 -8.62670273047588 0
    endloop
  endfacet
  facet normal -0.7372773368101257 0.6755902076156584 2.846196998527823e-17
    outer loop
      vertex 9.345742206051531 -7.842008838175778 0
      vertex 8.62670273047588 -8.62670273047588 0
      vertex 8.62670273047588 -8.62670273047588 0.8
    endloop
  endfacet
  facet normal -0.6087614290087212 0.7933533402912347 0
    outer loop
      vertex 7.842008838175778 -9.345742206051531 0
      vertex 6.997632523482761 -9.9936549403257 0.8
      vertex 7.842008838175778 -9.345742206051531 0.8
    endloop
  endfacet
  facet normal -0.6755902076156584 0.7372773368101257 0
    outer loop
      vertex 8.62670273047588 -8.62670273047588 0.8
      vertex 8.62670273047588 -8.62670273047588 0
      vertex 7.842008838175778 -9.345742206051531 0.8
    endloop
  endfacet
  facet normal -0.7372773368101257 0.6755902076156584 0
    outer loop
      vertex 9.345742206051531 -7.842008838175778 0
      vertex 8.62670273047588 -8.62670273047588 0.8
      vertex 9.345742206051531 -7.842008838175778 0.8
    endloop
  endfacet
  facet normal -0.7933533402912347 0.6087614290087212 5.3378274706882344e-17
    outer loop
      vertex 9.9936549403257 -6.997632523482761 0
      vertex 9.345742206051531 -7.842008838175778 0
      vertex 9.345742206051531 -7.842008838175778 0.8
    endloop
  endfacet
  facet normal -0.8433914458128856 0.537299608346824 2.150927093565368e-17
    outer loop
      vertex 10.56550992617015 -6.1 0
      vertex 9.9936549403257 -6.997632523482761 0
      vertex 9.9936549403257 -6.997632523482761 0.8
    endloop
  endfacet
  facet normal -0.8870108331782216 0.4617486132350341 1.5709347722214402e-17
    outer loop
      vertex 11.056955001847129 -5.155942793236533 0
      vertex 10.56550992617015 -6.1 0
      vertex 10.56550992617015 -6.1 0.8
    endloop
  endfacet
  facet normal -0.9238795325112867 0.3826834323650899 8.131336493815108e-18
    outer loop
      vertex 11.464249973588082 -4.172645748573158 0
      vertex 11.056955001847129 -5.155942793236533 0
      vertex 11.056955001847129 -5.155942793236533 0.8
    endloop
  endfacet
  facet normal -0.9537169507482269 0.3007057995042732 -8.45235680026635e-18
    outer loop
      vertex 11.784295080726633 -3.157592350250753 0
      vertex 11.464249973588082 -4.172645748573158 0
      vertex 11.464249973588082 -4.172645748573158 0.8
    endloop
  endfacet
  facet normal -0.7933533402912347 0.6087614290087212 5.3378274706882344e-17
    outer loop
      vertex 9.345742206051531 -7.842008838175778 0.8
      vertex 9.9936549403257 -6.997632523482761 0.8
      vertex 9.9936549403257 -6.997632523482761 0
    endloop
  endfacet
  facet normal -0.8433914458128856 0.537299608346824 0
    outer loop
      vertex 10.56550992617015 -6.1 0
      vertex 9.9936549403257 -6.997632523482761 0.8
      vertex 10.56550992617015 -6.1 0.8
    endloop
  endfacet
  facet normal -0.8870108331782216 0.4617486132350341 1.5709347722214402e-17
    outer loop
      vertex 10.56550992617015 -6.1 0.8
      vertex 11.056955001847129 -5.155942793236533 0.8
      vertex 11.056955001847129 -5.155942793236533 0
    endloop
  endfacet
  facet normal -0.9238795325112867 0.3826834323650899 0
    outer loop
      vertex 11.464249973588082 -4.172645748573158 0
      vertex 11.056955001847129 -5.155942793236533 0.8
      vertex 11.464249973588082 -4.172645748573158 0.8
    endloop
  endfacet
  facet normal -0.9762960071199335 0.2164396139381026 3.498613669134921e-18
    outer loop
      vertex 12.014654586748938 -2.11850776753655 0
      vertex 11.784295080726633 -3.157592350250753 0
      vertex 11.784295080726633 -3.157592350250753 0.8
    endloop
  endfacet
  facet normal -0.9914448613738105 0.1305261922200512 -1.6323536153587523e-18
    outer loop
      vertex 12.153575316719294 -1.0633000615214296 0
      vertex 12.014654586748938 -2.11850776753655 0
      vertex 12.014654586748938 -2.11850776753655 0.8
    endloop
  endfacet
  facet normal -0.9990482215818579 0.0436193873653364 0
    outer loop
      vertex 12.153575316719294 -1.0633000615214296 0.8
      vertex 12.2 0 0
      vertex 12.153575316719294 -1.0633000615214296 0
    endloop
  endfacet
  facet normal -0.9990482215818579 -0.0436193873653364 0
    outer loop
      vertex 12.2 0 0
      vertex 12.2 0 0.8
      vertex 12.153575316719294 1.0633000615214296 0
    endloop
  endfacet
  facet normal -0.9537169507482269 0.3007057995042732 -8.45235680026635e-18
    outer loop
      vertex 11.464249973588082 -4.172645748573158 0.8
      vertex 11.784295080726633 -3.157592350250753 0.8
      vertex 11.784295080726633 -3.157592350250753 0
    endloop
  endfacet
  facet normal -0.9762960071199335 0.2164396139381026 0
    outer loop
      vertex 12.014654586748938 -2.11850776753655 0
      vertex 11.784295080726633 -3.157592350250753 0.8
      vertex 12.014654586748938 -2.11850776753655 0.8
    endloop
  endfacet
  facet normal -0.9914448613738105 0.1305261922200512 -1.6323536153587523e-18
    outer loop
      vertex 12.014654586748938 -2.11850776753655 0.8
      vertex 12.153575316719294 -1.0633000615214296 0.8
      vertex 12.153575316719294 -1.0633000615214296 0
    endloop
  endfacet
  facet normal -0.9990482215818579 0.0436193873653364 3.2682775638639548e-18
    outer loop
      vertex 12.153575316719294 -1.0633000615214296 0.8
      vertex 12.2 0 0.8
      vertex 12.2 0 0
    endloop
  endfacet
  facet normal -0.9990482215818579 -0.0436193873653364 0
    outer loop
      vertex 12.153575316719294 1.0633000615214296 0.8
      vertex 12.153575316719294 1.0633000615214296 0
      vertex 12.2 0 0.8
    endloop
  endfacet
  facet normal -0.9762960071199335 -0.2164396139381026 -3.498613669134921e-18
    outer loop
      vertex 11.784295080726633 3.157592350250753 0
      vertex 12.014654586748938 2.11850776753655 0
      vertex 12.014654586748938 2.11850776753655 0.8
    endloop
  endfacet
  facet normal -0.9914448613738105 -0.1305261922200512 1.6323536153587523e-18
    outer loop
      vertex 12.014654586748938 2.11850776753655 0
      vertex 12.153575316719294 1.0633000615214296 0
      vertex 12.153575316719294 1.0633000615214296 0.8
    endloop
  endfacet
  facet normal -0.9537169507482269 -0.3007057995042732 8.45235680026635e-18
    outer loop
      vertex 11.464249973588082 4.172645748573158 0
      vertex 11.784295080726633 3.157592350250753 0
      vertex 11.784295080726633 3.157592350250753 0.8
    endloop
  endfacet
  facet normal -0.8870108331782216 -0.4617486132350341 -1.5709347722214402e-17
    outer loop
      vertex 10.56550992617015 6.1 0
      vertex 11.056955001847129 5.155942793236533 0
      vertex 11.056955001847129 5.155942793236533 0.8
    endloop
  endfacet
  facet normal -0.9238795325112867 -0.3826834323650899 -8.131336493815108e-18
    outer loop
      vertex 11.056955001847129 5.155942793236533 0
      vertex 11.464249973588082 4.172645748573158 0
      vertex 11.464249973588082 4.172645748573158 0.8
    endloop
  endfacet
  facet normal -0.9762960071199335 -0.2164396139381026 0
    outer loop
      vertex 11.784295080726633 3.157592350250753 0
      vertex 12.014654586748938 2.11850776753655 0.8
      vertex 11.784295080726633 3.157592350250753 0.8
    endloop
  endfacet
  facet normal -0.9914448613738105 -0.1305261922200512 1.6323536153587523e-18
    outer loop
      vertex 12.153575316719294 1.0633000615214296 0.8
      vertex 12.014654586748938 2.11850776753655 0.8
      vertex 12.014654586748938 2.11850776753655 0
    endloop
  endfacet
  facet normal -0.9537169507482269 -0.3007057995042732 0
    outer loop
      vertex 11.464249973588082 4.172645748573158 0
      vertex 11.784295080726633 3.157592350250753 0.8
      vertex 11.464249973588082 4.172645748573158 0.8
    endloop
  endfacet
  facet normal -0.9238795325112867 -0.3826834323650899 -8.131336493815108e-18
    outer loop
      vertex 11.464249973588082 4.172645748573158 0.8
      vertex 11.056955001847129 5.155942793236533 0.8
      vertex 11.056955001847129 5.155942793236533 0
    endloop
  endfacet
  facet normal -0.7933533402912347 -0.6087614290087212 -5.3378274706882344e-17
    outer loop
      vertex 9.345742206051531 7.842008838175778 0
      vertex 9.9936549403257 6.997632523482761 0
      vertex 9.9936549403257 6.997632523482761 0.8
    endloop
  endfacet
  facet normal -0.6087614290087212 -0.7933533402912347 0
    outer loop
      vertex 7.842008838175778 9.345742206051531 0
      vertex 7.842008838175778 9.345742206051531 0.8
      vertex 6.997632523482761 9.9936549403257 0
    endloop
  endfacet
  facet normal -0.6755902076156584 -0.7372773368101257 -2.846196998527823e-17
    outer loop
      vertex 7.842008838175778 9.345742206051531 0
      vertex 8.62670273047588 8.62670273047588 0
      vertex 8.62670273047588 8.62670273047588 0.8
    endloop
  endfacet
  facet normal -0.7372773368101257 -0.6755902076156584 -2.846196998527823e-17
    outer loop
      vertex 8.62670273047588 8.62670273047588 0
      vertex 9.345742206051531 7.842008838175778 0
      vertex 9.345742206051531 7.842008838175778 0.8
    endloop
  endfacet
  facet normal -0.8433914458128856 -0.537299608346824 -2.150927093565368e-17
    outer loop
      vertex 9.9936549403257 6.997632523482761 0
      vertex 10.56550992617015 6.1 0
      vertex 10.56550992617015 6.1 0.8
    endloop
  endfacet
  facet normal -0.8433914458128856 -0.537299608346824 -2.150927093565368e-17
    outer loop
      vertex 10.56550992617015 6.1 0.8
      vertex 9.9936549403257 6.997632523482761 0.8
      vertex 9.9936549403257 6.997632523482761 0
    endloop
  endfacet
  facet normal -0.7933533402912347 -0.6087614290087212 -5.3378274706882344e-17
    outer loop
      vertex 9.9936549403257 6.997632523482761 0.8
      vertex 9.345742206051531 7.842008838175778 0.8
      vertex 9.345742206051531 7.842008838175778 0
    endloop
  endfacet
  facet normal -0.6087614290087212 -0.7933533402912347 0
    outer loop
      vertex 6.997632523482761 9.9936549403257 0
      vertex 7.842008838175778 9.345742206051531 0.8
      vertex 6.997632523482761 9.9936549403257 0.8
    endloop
  endfacet
  facet normal -0.6755902076156584 -0.7372773368101257 0
    outer loop
      vertex 7.842008838175778 9.345742206051531 0
      vertex 8.62670273047588 8.62670273047588 0.8
      vertex 7.842008838175778 9.345742206051531 0.8
    endloop
  endfacet
  facet normal -0.7372773368101257 -0.6755902076156584 -2.846196998527823e-17
    outer loop
      vertex 9.345742206051531 7.842008838175778 0.8
      vertex 8.62670273047588 8.62670273047588 0.8
      vertex 8.62670273047588 8.62670273047588 0
    endloop
  endfacet
  facet normal -0.8870108331782216 -0.4617486132350341 -1.5709347722214402e-17
    outer loop
      vertex 11.056955001847129 5.155942793236533 0.8
      vertex 10.56550992617015 6.1 0.8
      vertex 10.56550992617015 6.1 0
    endloop
  endfacet
  facet normal -0.043619387365326646 -0.9990482215818581 -1.5580028160116008e-20
    outer loop
      vertex 1 12.156339057091486 0
      vertex 1.0633000615214296 12.153575316719294 0
      vertex 1.0633000615214296 12.153575316719294 0.8
    endloop
  endfacet
  facet normal -0.1305261922200512 -0.9914448613738105 0
    outer loop
      vertex 2.11850776753655 12.014654586748938 0
      vertex 2.11850776753655 12.014654586748938 0.8
      vertex 1.0633000615214296 12.153575316719294 0
    endloop
  endfacet
  facet normal -0.2164396139381026 -0.9762960071199335 0
    outer loop
      vertex 3.157592350250753 11.784295080726633 0.8
      vertex 2.11850776753655 12.014654586748938 0
      vertex 3.157592350250753 11.784295080726633 0
    endloop
  endfacet
  facet normal -0.3007057995042732 -0.9537169507482269 0
    outer loop
      vertex 4.172645748573158 11.464249973588082 0
      vertex 4.172645748573158 11.464249973588082 0.8
      vertex 3.157592350250753 11.784295080726633 0
    endloop
  endfacet
  facet normal -0.3826834323650899 -0.9238795325112867 0
    outer loop
      vertex 5.155942793236533 11.056955001847129 0
      vertex 5.155942793236533 11.056955001847129 0.8
      vertex 4.172645748573158 11.464249973588082 0
    endloop
  endfacet
  facet normal -0.4617486132350341 -0.8870108331782216 0
    outer loop
      vertex 6.1 10.56550992617015 0
      vertex 6.1 10.56550992617015 0.8
      vertex 5.155942793236533 11.056955001847129 0
    endloop
  endfacet
  facet normal -0.537299608346824 -0.8433914458128856 0
    outer loop
      vertex 6.997632523482761 9.9936549403257 0
      vertex 6.997632523482761 9.9936549403257 0.8
      vertex 6.1 10.56550992617015 0
    endloop
  endfacet
  facet normal -0.043619387365326646 -0.9990482215818581 0
    outer loop
      vertex 1 12.156339057091486 0
      vertex 1.0633000615214296 12.153575316719294 0.8
      vertex 1 12.156339057091486 0.8
    endloop
  endfacet
  facet normal -0.1305261922200512 -0.9914448613738105 0
    outer loop
      vertex 1.0633000615214296 12.153575316719294 0
      vertex 2.11850776753655 12.014654586748938 0.8
      vertex 1.0633000615214296 12.153575316719294 0.8
    endloop
  endfacet
  facet normal -0.2164396139381026 -0.9762960071199335 0
    outer loop
      vertex 2.11850776753655 12.014654586748938 0
      vertex 3.157592350250753 11.784295080726633 0.8
      vertex 2.11850776753655 12.014654586748938 0.8
    endloop
  endfacet
  facet normal -0.3007057995042732 -0.9537169507482269 8.45235680026635e-18
    outer loop
      vertex 4.172645748573158 11.464249973588082 0.8
      vertex 3.157592350250753 11.784295080726633 0.8
      vertex 3.157592350250753 11.784295080726633 0
    endloop
  endfacet
  facet normal -0.3826834323650899 -0.9238795325112867 0
    outer loop
      vertex 4.172645748573158 11.464249973588082 0
      vertex 5.155942793236533 11.056955001847129 0.8
      vertex 4.172645748573158 11.464249973588082 0.8
    endloop
  endfacet
  facet normal -0.4617486132350341 -0.8870108331782216 0
    outer loop
      vertex 5.155942793236533 11.056955001847129 0
      vertex 6.1 10.56550992617015 0.8
      vertex 5.155942793236533 11.056955001847129 0.8
    endloop
  endfacet
  facet normal -0.537299608346824 -0.8433914458128856 0
    outer loop
      vertex 6.1 10.56550992617015 0
      vertex 6.997632523482761 9.9936549403257 0.8
      vertex 6.1 10.56550992617015 0.8
    endloop
  endfacet
  facet normal 1 0 0
    outer loop
      vertex -1 12.156339057091486 0
      vertex -1 16.956339057091487 0.8
      vertex -1 12.156339057091486 0.8
    endloop
  endfacet
  facet normal 1 0 0
    outer loop
      vertex -1 12.156339057091486 0
      vertex -1 16.956339057091487 0
      vertex -1 16.956339057091487 0.8
    endloop
  endfacet
  facet normal -1 0 0
    outer loop
      vertex 1 12.156339057091486 0
      vertex 1 12.156339057091486 0.8
      vertex 1 16.956339057091487 0
    endloop
  endfacet
  facet normal -1 0 0
    outer loop
      vertex 1 12.156339057091486 0.8
      vertex 1 16.956339057091487 0.8
      vertex 1 16.956339057091487 0
    endloop
  endfacet
  facet normal 0.45399049973954914 -0.8910065241883667 2.175310781041045e-18
    outer loop
      vertex 32.31458980337503 -15.929366090222908 0
      vertex 32.210251644740445 -15.982529037400615 1.6
      vertex 32.210251644740445 -15.982529037400615 0
    endloop
  endfacet
  facet normal 0.15643446504022815 -0.9876883405951381 0
    outer loop
      vertex 32.5 -15.9 0
      vertex 32.5 -15.9 1.6
      vertex 32.31458980337503 -15.929366090222908 0
    endloop
  endfacet
  facet normal -0.15643446504022815 -0.9876883405951381 0
    outer loop
      vertex 32.68541019662497 -15.929366090222908 0
      vertex 32.68541019662497 -15.929366090222908 1.6
      vertex 32.5 -15.9 0
    endloop
  endfacet
  facet normal -0.8910065241883717 -0.4539904997395394 -1.320976687104354e-18
    outer loop
      vertex 33.03373544106475 -16.242172481043134 0
      vertex 32.98541019662497 -16.147328848624515 1.6
      vertex 32.98541019662497 -16.147328848624515 0
    endloop
  endfacet
  facet normal -0.45399049973955546 -0.8910065241883633 0
    outer loop
      vertex 32.85267115137548 -16.01458980337503 0
      vertex 32.85267115137548 -16.01458980337503 1.6
      vertex 32.68541019662497 -15.929366090222908 0
    endloop
  endfacet
  facet normal -0.707106781186538 -0.7071067811865569 -1.5972387688345294e-18
    outer loop
      vertex 32.85267115137548 -16.01458980337503 0
      vertex 32.98541019662497 -16.147328848624515 0
      vertex 32.98541019662497 -16.147328848624515 1.6
    endloop
  endfacet
  facet normal 0.45399049973954914 -0.8910065241883667 0
    outer loop
      vertex 32.31458980337503 -15.929366090222908 0
      vertex 32.31458980337503 -15.929366090222908 1.6
      vertex 32.210251644740445 -15.982529037400615 1.6
    endloop
  endfacet
  facet normal 0.15643446504022815 -0.9876883405951381 0
    outer loop
      vertex 32.31458980337503 -15.929366090222908 0
      vertex 32.5 -15.9 1.6
      vertex 32.31458980337503 -15.929366090222908 1.6
    endloop
  endfacet
  facet normal -0.15643446504022815 -0.9876883405951381 0
    outer loop
      vertex 32.5 -15.9 0
      vertex 32.68541019662497 -15.929366090222908 1.6
      vertex 32.5 -15.9 1.6
    endloop
  endfacet
  facet normal -0.8910065241883717 -0.4539904997395394 0
    outer loop
      vertex 33.03373544106475 -16.242172481043134 0
      vertex 33.03373544106475 -16.242172481043134 1.6
      vertex 32.98541019662497 -16.147328848624515 1.6
    endloop
  endfacet
  facet normal -0.45399049973955546 -0.8910065241883633 0
    outer loop
      vertex 32.68541019662497 -15.929366090222908 0
      vertex 32.85267115137548 -16.01458980337503 1.6
      vertex 32.68541019662497 -15.929366090222908 1.6
    endloop
  endfacet
  facet normal -0.707106781186538 -0.7071067811865569 0
    outer loop
      vertex 32.85267115137548 -16.01458980337503 0
      vertex 32.98541019662497 -16.147328848624515 1.6
      vertex 32.85267115137548 -16.01458980337503 1.6
    endloop
  endfacet
  facet normal 0.9876883405951377 0.15643446504023167 0
    outer loop
      vertex 34.416099304209474 -16.601647006337792 0
      vertex 34.4 -16.5 0
      vertex 34.416099304209474 -16.601647006337792 1.6
    endloop
  endfacet
  facet normal 0.9876883405951377 -0.15643446504023106 -7.695580651039885e-19
    outer loop
      vertex 34.4 -16.5 0
      vertex 34.429366090222906 -16.314589803375032 0
      vertex 34.429366090222906 -16.314589803375032 1.6
    endloop
  endfacet
  facet normal 0.8910065241883673 -0.45399049973954764 7.499227865146119e-19
    outer loop
      vertex 34.429366090222906 -16.314589803375032 0
      vertex 34.51458980337503 -16.147328848624515 0
      vertex 34.51458980337503 -16.147328848624515 1.6
    endloop
  endfacet
  facet normal 0.707106781186538 -0.7071067811865569 1.5972387688345294e-18
    outer loop
      vertex 34.51458980337503 -16.147328848624515 0
      vertex 34.64732884862452 -16.01458980337503 0
      vertex 34.64732884862452 -16.01458980337503 1.6
    endloop
  endfacet
  facet normal 0.45399049973955546 -0.8910065241883633 0
    outer loop
      vertex 34.81458980337503 -15.929366090222908 0
      vertex 34.81458980337503 -15.929366090222908 1.6
      vertex 34.64732884862452 -16.01458980337503 0
    endloop
  endfacet
  facet normal 0.15643446504022815 -0.9876883405951381 0
    outer loop
      vertex 35 -15.9 0
      vertex 35 -15.9 1.6
      vertex 34.81458980337503 -15.929366090222908 0
    endloop
  endfacet
  facet normal -0.15643446504022815 -0.9876883405951381 0
    outer loop
      vertex 35.18541019662497 -15.929366090222908 0
      vertex 35.18541019662497 -15.929366090222908 1.6
      vertex 35 -15.9 0
    endloop
  endfacet
  facet normal -0.8910065241883653 0.45399049973955163 -1.6368135964230822e-18
    outer loop
      vertex 35.510884886842156 -16.802674256730743 0
      vertex 35.570633909777094 -16.685410196624968 1.6
      vertex 35.570633909777094 -16.685410196624968 0
    endloop
  endfacet
  facet normal -0.9876883405951377 0.15643446504023106 -7.695580651039885e-19
    outer loop
      vertex 35.6 -16.5 0
      vertex 35.570633909777094 -16.685410196624968 0
      vertex 35.570633909777094 -16.685410196624968 1.6
    endloop
  endfacet
  facet normal -0.9876883405951377 -0.15643446504023106 7.695580651039885e-19
    outer loop
      vertex 35.570633909777094 -16.314589803375032 0
      vertex 35.6 -16.5 0
      vertex 35.6 -16.5 1.6
    endloop
  endfacet
  facet normal -0.8910065241883673 -0.45399049973954764 -7.499227865146119e-19
    outer loop
      vertex 35.48541019662497 -16.147328848624515 0
      vertex 35.570633909777094 -16.314589803375032 0
      vertex 35.570633909777094 -16.314589803375032 1.6
    endloop
  endfacet
  facet normal -0.707106781186538 -0.7071067811865569 -1.5972387688345294e-18
    outer loop
      vertex 35.35267115137548 -16.01458980337503 0
      vertex 35.48541019662497 -16.147328848624515 0
      vertex 35.48541019662497 -16.147328848624515 1.6
    endloop
  endfacet
  facet normal -0.45399049973955546 -0.8910065241883633 0
    outer loop
      vertex 35.35267115137548 -16.01458980337503 0
      vertex 35.35267115137548 -16.01458980337503 1.6
      vertex 35.18541019662497 -15.929366090222908 0
    endloop
  endfacet
  facet normal 0.9876883405951377 0.15643446504023167 5.380020696127238e-19
    outer loop
      vertex 34.416099304209474 -16.601647006337792 1.6
      vertex 34.4 -16.5 0
      vertex 34.4 -16.5 1.6
    endloop
  endfacet
  facet normal 0.9876883405951377 -0.15643446504023106 0
    outer loop
      vertex 34.4 -16.5 0
      vertex 34.429366090222906 -16.314589803375032 1.6
      vertex 34.4 -16.5 1.6
    endloop
  endfacet
  facet normal 0.8910065241883673 -0.45399049973954764 0
    outer loop
      vertex 34.429366090222906 -16.314589803375032 0
      vertex 34.51458980337503 -16.147328848624515 1.6
      vertex 34.429366090222906 -16.314589803375032 1.6
    endloop
  endfacet
  facet normal 0.707106781186538 -0.7071067811865569 0
    outer loop
      vertex 34.51458980337503 -16.147328848624515 0
      vertex 34.64732884862452 -16.01458980337503 1.6
      vertex 34.51458980337503 -16.147328848624515 1.6
    endloop
  endfacet
  facet normal 0.45399049973955546 -0.8910065241883633 0
    outer loop
      vertex 34.64732884862452 -16.01458980337503 0
      vertex 34.81458980337503 -15.929366090222908 1.6
      vertex 34.64732884862452 -16.01458980337503 1.6
    endloop
  endfacet
  facet normal 0.15643446504022815 -0.9876883405951381 0
    outer loop
      vertex 34.81458980337503 -15.929366090222908 0
      vertex 35 -15.9 1.6
      vertex 34.81458980337503 -15.929366090222908 1.6
    endloop
  endfacet
  facet normal -0.15643446504022815 -0.9876883405951381 0
    outer loop
      vertex 35 -15.9 0
      vertex 35.18541019662497 -15.929366090222908 1.6
      vertex 35 -15.9 1.6
    endloop
  endfacet
  facet normal -0.8910065241883653 0.45399049973955163 0
    outer loop
      vertex 35.510884886842156 -16.802674256730743 1.6
      vertex 35.570633909777094 -16.685410196624968 1.6
      vertex 35.510884886842156 -16.802674256730743 0
    endloop
  endfacet
  facet normal -0.9876883405951377 0.15643446504023106 0
    outer loop
      vertex 35.6 -16.5 0
      vertex 35.570633909777094 -16.685410196624968 1.6
      vertex 35.6 -16.5 1.6
    endloop
  endfacet
  facet normal -0.9876883405951377 -0.15643446504023106 0
    outer loop
      vertex 35.570633909777094 -16.314589803375032 0
      vertex 35.6 -16.5 1.6
      vertex 35.570633909777094 -16.314589803375032 1.6
    endloop
  endfacet
  facet normal -0.8910065241883673 -0.45399049973954764 0
    outer loop
      vertex 35.48541019662497 -16.147328848624515 0
      vertex 35.570633909777094 -16.314589803375032 1.6
      vertex 35.48541019662497 -16.147328848624515 1.6
    endloop
  endfacet
  facet normal -0.707106781186538 -0.7071067811865569 0
    outer loop
      vertex 35.35267115137548 -16.01458980337503 0
      vertex 35.48541019662497 -16.147328848624515 1.6
      vertex 35.35267115137548 -16.01458980337503 1.6
    endloop
  endfacet
  facet normal -0.45399049973955546 -0.8910065241883633 0
    outer loop
      vertex 35.18541019662497 -15.929366090222908 0
      vertex 35.35267115137548 -16.01458980337503 1.6
      vertex 35.18541019662497 -15.929366090222908 1.6
    endloop
  endfacet
  facet normal -0.6755902076156594 -0.7372773368101249 0
    outer loop
      vertex 27.072610635328832 -13.022755533022627 0
      vertex 27.072610635328832 -13.022755533022627 1.6
      vertex 25.97918471982869 -12.020815280171309 0
    endloop
  endfacet
  facet normal 0 0 -1
    outer loop
      vertex 27.072610635328832 -13.022755533022627 0
      vertex 25.97918471982869 -12.020815280171309 0
      vertex 27.43449007382985 -6.1 0
    endloop
  endfacet
  facet normal 0 0 -1
    outer loop
      vertex 24.977244466977375 -10.927389364671168 0
      vertex 25.98534541325106 -2.11850776753655 0
      vertex 25.97918471982869 -12.020815280171309 0
    endloop
  endfacet
  facet normal -0.8433914458128866 -0.5372996083468223 -1.9076300145210598e-17
    outer loop
      vertex 24.07441524708714 -9.750799417967784 0
      vertex 23.277568135664545 -8.5 1.6
      vertex 23.277568135664545 -8.5 0
    endloop
  endfacet
  facet normal -0.7372773368101254 -0.6755902076156587 0
    outer loop
      vertex 24.977244466977375 -10.927389364671168 0
      vertex 25.97918471982869 -12.020815280171309 0
      vertex 24.977244466977375 -10.927389364671168 1.6
    endloop
  endfacet
  facet normal -0.7933533402912342 -0.608761429008722 -3.993881650369608e-17
    outer loop
      vertex 24.977244466977375 -10.927389364671168 0
      vertex 24.07441524708714 -9.750799417967784 1.6
      vertex 24.07441524708714 -9.750799417967784 0
    endloop
  endfacet
  facet normal -0.6087614290087204 -0.7933533402912353 0
    outer loop
      vertex 27.072610635328832 -13.022755533022627 0
      vertex 28.249200582032216 -13.92558475291286 1.6
      vertex 27.072610635328832 -13.022755533022627 1.6
    endloop
  endfacet
  facet normal -0.8433914458128866 -0.5372996083468223 0
    outer loop
      vertex 24.07441524708714 -9.750799417967784 0
      vertex 24.07441524708714 -9.750799417967784 1.6
      vertex 23.277568135664545 -8.5 1.6
    endloop
  endfacet
  facet normal -0.8870108331782219 -0.46174861323503336 0
    outer loop
      vertex 23.277568135664545 -8.5 0
      vertex 23.277568135664545 -8.5 1.6
      vertex 22.592767620376954 -7.18451044959189 1.6
    endloop
  endfacet
  facet normal -0.7372773368101254 -0.6755902076156587 0
    outer loop
      vertex 25.97918471982869 -12.020815280171309 0
      vertex 25.97918471982869 -12.020815280171309 1.6
      vertex 24.977244466977375 -10.927389364671168 1.6
    endloop
  endfacet
  facet normal -0.7933533402912342 -0.608761429008722 0
    outer loop
      vertex 24.977244466977375 -10.927389364671168 0
      vertex 24.977244466977375 -10.927389364671168 1.6
      vertex 24.07441524708714 -9.750799417967784 1.6
    endloop
  endfacet
  facet normal -0.6755902076156594 -0.7372773368101249 0
    outer loop
      vertex 25.97918471982869 -12.020815280171309 0
      vertex 27.072610635328832 -13.022755533022627 1.6
      vertex 25.97918471982869 -12.020815280171309 1.6
    endloop
  endfacet
  facet normal 0 0 -1
    outer loop
      vertex 25.97918471982869 -12.020815280171309 0
      vertex 26.535750026411918 -4.172645748573158 0
      vertex 26.94304499815287 -5.155942793236533 0
    endloop
  endfacet
  facet normal 0 0 -1
    outer loop
      vertex 25.97918471982869 -12.020815280171309 0
      vertex 26.94304499815287 -5.155942793236533 0
      vertex 27.43449007382985 -6.1 0
    endloop
  endfacet
  facet normal 0 0 -1
    outer loop
      vertex 25.97918471982869 -12.020815280171309 0
      vertex 26.215704919273367 -3.157592350250753 0
      vertex 26.535750026411918 -4.172645748573158 0
    endloop
  endfacet
  facet normal 0 0 -1
    outer loop
      vertex 25.97918471982869 -12.020815280171309 0
      vertex 25.98534541325106 -2.11850776753655 0
      vertex 26.215704919273367 -3.157592350250753 0
    endloop
  endfacet
  facet normal 0 0 -1
    outer loop
      vertex 24.977244466977375 -10.927389364671168 0
      vertex 25.846424683280706 -1.0633000615214296 0
      vertex 25.98534541325106 -2.11850776753655 0
    endloop
  endfacet
  facet normal 0 0 -1
    outer loop
      vertex 24.977244466977375 -10.927389364671168 0
      vertex 25.8 0 0
      vertex 25.846424683280706 -1.0633000615214296 0
    endloop
  endfacet
  facet normal -0.9238795325112859 -0.38268343236509206 -1.2891265229146805e-18
    outer loop
      vertex 22.592767620376954 -7.18451044959189 0
      vertex 22.025225446639556 -5.814342436536368 1.6
      vertex 22.025225446639556 -5.814342436536368 0
    endloop
  endfacet
  facet normal -0.8870108331782219 -0.46174861323503336 0
    outer loop
      vertex 22.592767620376954 -7.18451044959189 0
      vertex 23.277568135664545 -8.5 0
      vertex 22.592767620376954 -7.18451044959189 1.6
    endloop
  endfacet
  facet normal -0.9537169507482272 -0.30070579950427234 1.5113103022397918e-17
    outer loop
      vertex 22.025225446639556 -5.814342436536368 0
      vertex 21.57926095308584 -4.399923766742853 1.6
      vertex 21.57926095308584 -4.399923766742853 0
    endloop
  endfacet
  facet normal 0 0 -1
    outer loop
      vertex 22.025225446639556 -5.814342436536368 0
      vertex 21.57926095308584 -4.399923766742853 0
      vertex 22.025225446639556 5.814342436536368 0
    endloop
  endfacet
  facet normal 0 0 -1
    outer loop
      vertex 22.592767620376954 -7.18451044959189 0
      vertex 23.277568135664545 8.5 0
      vertex 23.277568135664545 -8.5 0
    endloop
  endfacet
  facet normal 0 0 -1
    outer loop
      vertex 24.07441524708714 -9.750799417967784 0
      vertex 23.277568135664545 -8.5 0
      vertex 24.07441524708714 9.750799417967784 0
    endloop
  endfacet
  facet normal 0 0 -1
    outer loop
      vertex 22.592767620376954 -7.18451044959189 0
      vertex 22.025225446639556 -5.814342436536368 0
      vertex 22.592767620376954 7.18451044959189 0
    endloop
  endfacet
  facet normal 0 0 -1
    outer loop
      vertex 21.57926095308584 -4.399923766742853 0
      vertex 21.258268198792464 -2.952019020337816 0
      vertex 21.57926095308584 4.399923766742853 0
    endloop
  endfacet
  facet normal 0 0 -1
    outer loop
      vertex 21.258268198792464 -2.952019020337816 0
      vertex 21.064690132440326 -1.4816476267101888 0
      vertex 21.258268198792464 2.952019020337816 0
    endloop
  endfacet
  facet normal 0 0 -1
    outer loop
      vertex 21.064690132440326 -1.4816476267101888 0
      vertex 21 0 0
      vertex 21.064690132440326 1.4816476267101888 0
    endloop
  endfacet
  facet normal 0 0 -1
    outer loop
      vertex 21.064690132440326 -1.4816476267101888 0
      vertex 21.064690132440326 1.4816476267101888 0
      vertex 21.258268198792464 2.952019020337816 0
    endloop
  endfacet
  facet normal 0 0 -1
    outer loop
      vertex 24.977244466977375 -10.927389364671168 0
      vertex 24.07441524708714 -9.750799417967784 0
      vertex 24.977244466977375 10.927389364671168 0
    endloop
  endfacet
  facet normal 0 0 -1
    outer loop
      vertex 24.977244466977375 -10.927389364671168 0
      vertex 25.97918471982869 12.020815280171309 0
      vertex 25.8 0 0
    endloop
  endfacet
  facet normal -0.9762960071199335 -0.21643961393810207 1.1690762732410833e-17
    outer loop
      vertex 21.57926095308584 -4.399923766742853 0
      vertex 21.258268198792464 -2.952019020337816 1.6
      vertex 21.258268198792464 -2.952019020337816 0
    endloop
  endfacet
  facet normal -0.9914448613738103 -0.13052619222005254 -4.914300401087472e-18
    outer loop
      vertex 21.258268198792464 -2.952019020337816 0
      vertex 21.064690132440326 -1.4816476267101888 1.6
      vertex 21.064690132440326 -1.4816476267101888 0
    endloop
  endfacet
  facet normal -0.9990482215818578 -0.04361938736533601 1.6523145106510452e-18
    outer loop
      vertex 21.064690132440326 -1.4816476267101888 0
      vertex 21 0 1.6
      vertex 21 0 0
    endloop
  endfacet
  facet normal -0.9990482215818578 0.04361938736533601 -1.6523145106510452e-18
    outer loop
      vertex 21 0 0
      vertex 21.064690132440326 1.4816476267101888 1.6
      vertex 21.064690132440326 1.4816476267101888 0
    endloop
  endfacet
  facet normal -0.9238795325112859 -0.38268343236509206 0
    outer loop
      vertex 22.592767620376954 -7.18451044959189 0
      vertex 22.592767620376954 -7.18451044959189 1.6
      vertex 22.025225446639556 -5.814342436536368 1.6
    endloop
  endfacet
  facet normal -0.9537169507482272 -0.30070579950427234 0
    outer loop
      vertex 22.025225446639556 -5.814342436536368 0
      vertex 22.025225446639556 -5.814342436536368 1.6
      vertex 21.57926095308584 -4.399923766742853 1.6
    endloop
  endfacet
  facet normal -0.9762960071199335 -0.21643961393810207 0
    outer loop
      vertex 21.57926095308584 -4.399923766742853 0
      vertex 21.57926095308584 -4.399923766742853 1.6
      vertex 21.258268198792464 -2.952019020337816 1.6
    endloop
  endfacet
  facet normal -0.9914448613738103 -0.13052619222005254 0
    outer loop
      vertex 21.258268198792464 -2.952019020337816 0
      vertex 21.258268198792464 -2.952019020337816 1.6
      vertex 21.064690132440326 -1.4816476267101888 1.6
    endloop
  endfacet
  facet normal -0.9990482215818578 -0.04361938736533601 0
    outer loop
      vertex 21.064690132440326 -1.4816476267101888 0
      vertex 21.064690132440326 -1.4816476267101888 1.6
      vertex 21 0 1.6
    endloop
  endfacet
  facet normal -0.9990482215818578 0.04361938736533601 0
    outer loop
      vertex 21 0 0
      vertex 21 0 1.6
      vertex 21.064690132440326 1.4816476267101888 1.6
    endloop
  endfacet
  facet normal 0 0 1
    outer loop
      vertex 27.072610635328832 -13.022755533022627 1.6
      vertex 26.535750026411918 -4.172645748573158 1.6
      vertex 25.97918471982869 -12.020815280171309 1.6
    endloop
  endfacet
  facet normal 0 0 1
    outer loop
      vertex 27.072610635328832 -13.022755533022627 1.6
      vertex 27.43449007382985 -6.1 1.6
      vertex 26.94304499815287 -5.155942793236533 1.6
    endloop
  endfacet
  facet normal 0 0 1
    outer loop
      vertex 27.072610635328832 -13.022755533022627 1.6
      vertex 26.94304499815287 -5.155942793236533 1.6
      vertex 26.535750026411918 -4.172645748573158 1.6
    endloop
  endfacet
  facet normal 0 0 1
    outer loop
      vertex 25.97918471982869 -12.020815280171309 1.6
      vertex 26.535750026411918 -4.172645748573158 1.6
      vertex 26.215704919273367 -3.157592350250753 1.6
    endloop
  endfacet
  facet normal 0 0 1
    outer loop
      vertex 25.97918471982869 -12.020815280171309 1.6
      vertex 26.215704919273367 -3.157592350250753 1.6
      vertex 25.98534541325106 -2.11850776753655 1.6
    endloop
  endfacet
  facet normal 0 0 1
    outer loop
      vertex 24.977244466977375 -10.927389364671168 1.6
      vertex 24.07441524708714 9.750799417967784 1.6
      vertex 24.07441524708714 -9.750799417967784 1.6
    endloop
  endfacet
  facet normal 0 0 1
    outer loop
      vertex 24.977244466977375 -10.927389364671168 1.6
      vertex 25.97918471982869 -12.020815280171309 1.6
      vertex 24.977244466977375 10.927389364671168 1.6
    endloop
  endfacet
  facet normal 0 0 1
    outer loop
      vertex 25.97918471982869 -12.020815280171309 1.6
      vertex 25.98534541325106 -2.11850776753655 1.6
      vertex 25.846424683280706 -1.0633000615214296 1.6
    endloop
  endfacet
  facet normal 0 0 1
    outer loop
      vertex 25.97918471982869 -12.020815280171309 1.6
      vertex 25.846424683280706 -1.0633000615214296 1.6
      vertex 25.8 0 1.6
    endloop
  endfacet
  facet normal 0 0 1
    outer loop
      vertex 22.592767620376954 -7.18451044959189 1.6
      vertex 22.025225446639556 5.814342436536368 1.6
      vertex 22.025225446639556 -5.814342436536368 1.6
    endloop
  endfacet
  facet normal 0 0 1
    outer loop
      vertex 21.57926095308584 -4.399923766742853 1.6
      vertex 21.258268198792464 2.952019020337816 1.6
      vertex 21.258268198792464 -2.952019020337816 1.6
    endloop
  endfacet
  facet normal 0 0 1
    outer loop
      vertex 22.025225446639556 -5.814342436536368 1.6
      vertex 21.57926095308584 4.399923766742853 1.6
      vertex 21.57926095308584 -4.399923766742853 1.6
    endloop
  endfacet
  facet normal 0 0 1
    outer loop
      vertex 22.592767620376954 -7.18451044959189 1.6
      vertex 23.277568135664545 -8.5 1.6
      vertex 22.592767620376954 7.18451044959189 1.6
    endloop
  endfacet
  facet normal 0 0 1
    outer loop
      vertex 24.07441524708714 -9.750799417967784 1.6
      vertex 23.277568135664545 8.5 1.6
      vertex 23.277568135664545 -8.5 1.6
    endloop
  endfacet
  facet normal 0 0 1
    outer loop
      vertex 21.258268198792464 -2.952019020337816 1.6
      vertex 21.064690132440326 1.4816476267101888 1.6
      vertex 21.064690132440326 -1.4816476267101888 1.6
    endloop
  endfacet
  facet normal 0 0 1
    outer loop
      vertex 21.064690132440326 -1.4816476267101888 1.6
      vertex 21.064690132440326 1.4816476267101888 1.6
      vertex 21 0 1.6
    endloop
  endfacet
  facet normal 0 0 1
    outer loop
      vertex 21.258268198792464 -2.952019020337816 1.6
      vertex 21.258268198792464 2.952019020337816 1.6
      vertex 21.064690132440326 1.4816476267101888 1.6
    endloop
  endfacet
  facet normal 0 0 1
    outer loop
      vertex 21.57926095308584 -4.399923766742853 1.6
      vertex 21.57926095308584 4.399923766742853 1.6
      vertex 21.258268198792464 2.952019020337816 1.6
    endloop
  endfacet
  facet normal 0 0 1
    outer loop
      vertex 25.97918471982869 -12.020815280171309 1.6
      vertex 25.8 0 1.6
      vertex 24.977244466977375 10.927389364671168 1.6
    endloop
  endfacet
  facet normal 0 0 -1
    outer loop
      vertex 21.258268198792464 -2.952019020337816 0
      vertex 21.258268198792464 2.952019020337816 0
      vertex 21.57926095308584 4.399923766742853 0
    endloop
  endfacet
  facet normal 0 0 -1
    outer loop
      vertex 21.57926095308584 -4.399923766742853 0
      vertex 21.57926095308584 4.399923766742853 0
      vertex 22.025225446639556 5.814342436536368 0
    endloop
  endfacet
  facet normal 0 0 -1
    outer loop
      vertex 22.025225446639556 -5.814342436536368 0
      vertex 22.025225446639556 5.814342436536368 0
      vertex 22.592767620376954 7.18451044959189 0
    endloop
  endfacet
  facet normal 0 0 -1
    outer loop
      vertex 22.592767620376954 -7.18451044959189 0
      vertex 22.592767620376954 7.18451044959189 0
      vertex 23.277568135664545 8.5 0
    endloop
  endfacet
  facet normal 0 0 -1
    outer loop
      vertex 23.277568135664545 -8.5 0
      vertex 23.277568135664545 8.5 0
      vertex 24.07441524708714 9.750799417967784 0
    endloop
  endfacet
  facet normal 0 0 -1
    outer loop
      vertex 24.07441524708714 -9.750799417967784 0
      vertex 24.07441524708714 9.750799417967784 0
      vertex 24.977244466977375 10.927389364671168 0
    endloop
  endfacet
  facet normal 0 0 -1
    outer loop
      vertex 24.977244466977375 -10.927389364671168 0
      vertex 24.977244466977375 10.927389364671168 0
      vertex 25.97918471982869 12.020815280171309 0
    endloop
  endfacet
  facet normal 0 0 -1
    outer loop
      vertex 25.97918471982869 12.020815280171309 0
      vertex 25.846424683280706 1.0633000615214296 0
      vertex 25.8 0 0
    endloop
  endfacet
  facet normal 0 0 -1
    outer loop
      vertex 25.97918471982869 12.020815280171309 0
      vertex 25.98534541325106 2.11850776753655 0
      vertex 25.846424683280706 1.0633000615214296 0
    endloop
  endfacet
  facet normal -0.9914448613738103 0.13052619222005254 4.914300401087472e-18
    outer loop
      vertex 21.064690132440326 1.4816476267101888 0
      vertex 21.258268198792464 2.952019020337816 1.6
      vertex 21.258268198792464 2.952019020337816 0
    endloop
  endfacet
  facet normal -0.9762960071199335 0.21643961393810207 -1.1690762732410833e-17
    outer loop
      vertex 21.258268198792464 2.952019020337816 0
      vertex 21.57926095308584 4.399923766742853 1.6
      vertex 21.57926095308584 4.399923766742853 0
    endloop
  endfacet
  facet normal -0.9537169507482272 0.30070579950427234 -1.5113103022397918e-17
    outer loop
      vertex 21.57926095308584 4.399923766742853 0
      vertex 22.025225446639556 5.814342436536368 1.6
      vertex 22.025225446639556 5.814342436536368 0
    endloop
  endfacet
  facet normal 0 0 -1
    outer loop
      vertex 25.97918471982869 12.020815280171309 0
      vertex 26.215704919273367 3.157592350250753 0
      vertex 25.98534541325106 2.11850776753655 0
    endloop
  endfacet
  facet normal 0 0 -1
    outer loop
      vertex 25.97918471982869 12.020815280171309 0
      vertex 26.535750026411918 4.172645748573158 0
      vertex 26.215704919273367 3.157592350250753 0
    endloop
  endfacet
  facet normal 0 0 -1
    outer loop
      vertex 27.072610635328832 13.022755533022627 0
      vertex 26.94304499815287 5.155942793236533 0
      vertex 26.535750026411918 4.172645748573158 0
    endloop
  endfacet
  facet normal 0 0 -1
    outer loop
      vertex 27.072610635328832 13.022755533022627 0
      vertex 27.43449007382985 6.1 0
      vertex 26.94304499815287 5.155942793236533 0
    endloop
  endfacet
  facet normal 0 0 -1
    outer loop
      vertex 25.97918471982869 12.020815280171309 0
      vertex 27.072610635328832 13.022755533022627 0
      vertex 26.535750026411918 4.172645748573158 0
    endloop
  endfacet
  facet normal -0.9238795325112859 0.38268343236509206 1.2891265229146805e-18
    outer loop
      vertex 22.025225446639556 5.814342436536368 0
      vertex 22.592767620376954 7.18451044959189 1.6
      vertex 22.592767620376954 7.18451044959189 0
    endloop
  endfacet
  facet normal -0.8870108331782219 0.46174861323503336 -3.3311404692462355e-18
    outer loop
      vertex 22.592767620376954 7.18451044959189 0
      vertex 23.277568135664545 8.5 1.6
      vertex 23.277568135664545 8.5 0
    endloop
  endfacet
  facet normal -0.8433914458128866 0.5372996083468223 1.9076300145210598e-17
    outer loop
      vertex 23.277568135664545 8.5 0
      vertex 24.07441524708714 9.750799417967784 1.6
      vertex 24.07441524708714 9.750799417967784 0
    endloop
  endfacet
  facet normal -0.9914448613738103 0.13052619222005254 0
    outer loop
      vertex 21.064690132440326 1.4816476267101888 0
      vertex 21.064690132440326 1.4816476267101888 1.6
      vertex 21.258268198792464 2.952019020337816 1.6
    endloop
  endfacet
  facet normal -0.9762960071199335 0.21643961393810207 0
    outer loop
      vertex 21.258268198792464 2.952019020337816 0
      vertex 21.258268198792464 2.952019020337816 1.6
      vertex 21.57926095308584 4.399923766742853 1.6
    endloop
  endfacet
  facet normal -0.9537169507482272 0.30070579950427234 0
    outer loop
      vertex 21.57926095308584 4.399923766742853 0
      vertex 21.57926095308584 4.399923766742853 1.6
      vertex 22.025225446639556 5.814342436536368 1.6
    endloop
  endfacet
  facet normal -0.9238795325112859 0.38268343236509206 0
    outer loop
      vertex 22.025225446639556 5.814342436536368 0
      vertex 22.025225446639556 5.814342436536368 1.6
      vertex 22.592767620376954 7.18451044959189 1.6
    endloop
  endfacet
  facet normal -0.8870108331782219 0.46174861323503336 0
    outer loop
      vertex 22.592767620376954 7.18451044959189 0
      vertex 22.592767620376954 7.18451044959189 1.6
      vertex 23.277568135664545 8.5 1.6
    endloop
  endfacet
  facet normal -0.8433914458128866 0.5372996083468223 0
    outer loop
      vertex 23.277568135664545 8.5 0
      vertex 23.277568135664545 8.5 1.6
      vertex 24.07441524708714 9.750799417967784 1.6
    endloop
  endfacet
  facet normal -0.7933533402912342 0.608761429008722 3.993881650369608e-17
    outer loop
      vertex 24.07441524708714 9.750799417967784 0
      vertex 24.977244466977375 10.927389364671168 1.6
      vertex 24.977244466977375 10.927389364671168 0
    endloop
  endfacet
  facet normal -0.7372773368101254 0.6755902076156587 -4.3949608388333585e-17
    outer loop
      vertex 24.977244466977375 10.927389364671168 0
      vertex 25.97918471982869 12.020815280171309 1.6
      vertex 25.97918471982869 12.020815280171309 0
    endloop
  endfacet
  facet normal -0.6755902076156594 0.7372773368101249 0
    outer loop
      vertex 25.97918471982869 12.020815280171309 0
      vertex 25.97918471982869 12.020815280171309 1.6
      vertex 27.072610635328832 13.022755533022627 0
    endloop
  endfacet
  facet normal -0.6087614290087204 0.7933533402912353 0
    outer loop
      vertex 27.072610635328832 13.022755533022627 0
      vertex 27.072610635328832 13.022755533022627 1.6
      vertex 28.249200582032216 13.92558475291286 0
    endloop
  endfacet
  facet normal -0.7933533402912342 0.608761429008722 0
    outer loop
      vertex 24.07441524708714 9.750799417967784 0
      vertex 24.07441524708714 9.750799417967784 1.6
      vertex 24.977244466977375 10.927389364671168 1.6
    endloop
  endfacet
  facet normal -0.7372773368101254 0.6755902076156587 0
    outer loop
      vertex 24.977244466977375 10.927389364671168 0
      vertex 24.977244466977375 10.927389364671168 1.6
      vertex 25.97918471982869 12.020815280171309 1.6
    endloop
  endfacet
  facet normal -0.6755902076156594 0.7372773368101249 0
    outer loop
      vertex 27.072610635328832 13.022755533022627 0
      vertex 25.97918471982869 12.020815280171309 1.6
      vertex 27.072610635328832 13.022755533022627 1.6
    endloop
  endfacet
  facet normal 0 0 1
    outer loop
      vertex 22.025225446639556 -5.814342436536368 1.6
      vertex 22.025225446639556 5.814342436536368 1.6
      vertex 21.57926095308584 4.399923766742853 1.6
    endloop
  endfacet
  facet normal 0 0 1
    outer loop
      vertex 22.592767620376954 -7.18451044959189 1.6
      vertex 22.592767620376954 7.18451044959189 1.6
      vertex 22.025225446639556 5.814342436536368 1.6
    endloop
  endfacet
  facet normal 0 0 1
    outer loop
      vertex 23.277568135664545 -8.5 1.6
      vertex 23.277568135664545 8.5 1.6
      vertex 22.592767620376954 7.18451044959189 1.6
    endloop
  endfacet
  facet normal 0 0 1
    outer loop
      vertex 24.07441524708714 -9.750799417967784 1.6
      vertex 24.07441524708714 9.750799417967784 1.6
      vertex 23.277568135664545 8.5 1.6
    endloop
  endfacet
  facet normal 0 0 1
    outer loop
      vertex 24.977244466977375 -10.927389364671168 1.6
      vertex 24.977244466977375 10.927389364671168 1.6
      vertex 24.07441524708714 9.750799417967784 1.6
    endloop
  endfacet
  facet normal 0 0 1
    outer loop
      vertex 24.977244466977375 10.927389364671168 1.6
      vertex 25.8 0 1.6
      vertex 25.846424683280706 1.0633000615214296 1.6
    endloop
  endfacet
  facet normal 0 0 1
    outer loop
      vertex 24.977244466977375 10.927389364671168 1.6
      vertex 25.846424683280706 1.0633000615214296 1.6
      vertex 25.98534541325106 2.11850776753655 1.6
    endloop
  endfacet
  facet normal 0 0 1
    outer loop
      vertex 25.97918471982869 12.020815280171309 1.6
      vertex 25.98534541325106 2.11850776753655 1.6
      vertex 26.215704919273367 3.157592350250753 1.6
    endloop
  endfacet
  facet normal 0 0 1
    outer loop
      vertex 25.97918471982869 12.020815280171309 1.6
      vertex 26.215704919273367 3.157592350250753 1.6
      vertex 26.535750026411918 4.172645748573158 1.6
    endloop
  endfacet
  facet normal 0 0 1
    outer loop
      vertex 25.97918471982869 12.020815280171309 1.6
      vertex 26.535750026411918 4.172645748573158 1.6
      vertex 26.94304499815287 5.155942793236533 1.6
    endloop
  endfacet
  facet normal 0 0 1
    outer loop
      vertex 24.977244466977375 10.927389364671168 1.6
      vertex 25.98534541325106 2.11850776753655 1.6
      vertex 25.97918471982869 12.020815280171309 1.6
    endloop
  endfacet
  facet normal 0 0 1
    outer loop
      vertex 25.97918471982869 12.020815280171309 1.6
      vertex 26.94304499815287 5.155942793236533 1.6
      vertex 27.43449007382985 6.1 1.6
    endloop
  endfacet
  facet normal 0 0 1
    outer loop
      vertex 25.97918471982869 12.020815280171309 1.6
      vertex 27.43449007382985 6.1 1.6
      vertex 27.072610635328832 13.022755533022627 1.6
    endloop
  endfacet
  facet normal 0 0 -1
    outer loop
      vertex 28.249200582032216 -13.92558475291286 0
      vertex 30.15799116182422 -9.345742206051531 0
      vertex 29.5 -14.722431864335457 0
    endloop
  endfacet
  facet normal 0 0 -1
    outer loop
      vertex 30.81548955040811 -15.407232379623048 0
      vertex 29.5 -14.722431864335457 0
      vertex 31.00236747651724 -9.9936549403257 0
    endloop
  endfacet
  facet normal 0 0 -1
    outer loop
      vertex 33.60007623325715 -16.42073904691416 0
      vertex 34.4 -16.5 0
      vertex 34.416099304209474 -16.601647006337792 0
    endloop
  endfacet
  facet normal 0 0 -1
    outer loop
      vertex 33.60007623325715 -16.42073904691416 0
      vertex 34.429366090222906 -16.314589803375032 0
      vertex 34.4 -16.5 0
    endloop
  endfacet
  facet normal 0 0 -1
    outer loop
      vertex 33.60007623325715 -16.42073904691416 0
      vertex 34.84240764974925 -11.784295080726633 0
      vertex 34.429366090222906 -16.314589803375032 0
    endloop
  endfacet
  facet normal 0 0 -1
    outer loop
      vertex 30.81548955040811 -15.407232379623048 0
      vertex 32.844057206763466 -11.056955001847129 0
      vertex 32.185657563463636 -15.974774553360444 0
    endloop
  endfacet
  facet normal 0 0 -1
    outer loop
      vertex 32.185657563463636 -15.974774553360444 0
      vertex 33.82735425142684 -11.464249973588082 0
      vertex 32.210251644740445 -15.982529037400615 0
    endloop
  endfacet
  facet normal 0 0 -1
    outer loop
      vertex 33.82735425142684 -11.464249973588082 0
      vertex 32.31458980337503 -15.929366090222908 0
      vertex 32.210251644740445 -15.982529037400615 0
    endloop
  endfacet
  facet normal 0 0 -1
    outer loop
      vertex 33.82735425142684 -11.464249973588082 0
      vertex 32.5 -15.9 0
      vertex 32.31458980337503 -15.929366090222908 0
    endloop
  endfacet
  facet normal 0 0 -1
    outer loop
      vertex 33.82735425142684 -11.464249973588082 0
      vertex 32.68541019662497 -15.929366090222908 0
      vertex 32.5 -15.9 0
    endloop
  endfacet
  facet normal 0 0 -1
    outer loop
      vertex 33.03373544106475 -16.242172481043134 0
      vertex 32.98541019662497 -16.147328848624515 0
      vertex 33.82735425142684 -11.464249973588082 0
    endloop
  endfacet
  facet normal 0 0 -1
    outer loop
      vertex 33.82735425142684 -11.464249973588082 0
      vertex 32.98541019662497 -16.147328848624515 0
      vertex 32.85267115137548 -16.01458980337503 0
    endloop
  endfacet
  facet normal 0 0 -1
    outer loop
      vertex 33.60007623325715 -16.42073904691416 0
      vertex 33.03373544106475 -16.242172481043134 0
      vertex 33.82735425142684 -11.464249973588082 0
    endloop
  endfacet
  facet normal 0 0 -1
    outer loop
      vertex 33.82735425142684 -11.464249973588082 0
      vertex 32.85267115137548 -16.01458980337503 0
      vertex 32.68541019662497 -15.929366090222908 0
    endloop
  endfacet
  facet normal 0 0 -1
    outer loop
      vertex 32.185657563463636 -15.974774553360444 0
      vertex 32.844057206763466 -11.056955001847129 0
      vertex 33.82735425142684 -11.464249973588082 0
    endloop
  endfacet
  facet normal 0 0 -1
    outer loop
      vertex 33.60007623325715 -16.42073904691416 0
      vertex 33.82735425142684 -11.464249973588082 0
      vertex 34.84240764974925 -11.784295080726633 0
    endloop
  endfacet
  facet normal -0.46174861323503336 -0.8870108331782219 0
    outer loop
      vertex 30.81548955040811 -15.407232379623048 0
      vertex 30.81548955040811 -15.407232379623048 1.6
      vertex 29.5 -14.722431864335457 0
    endloop
  endfacet
  facet normal -0.537299608346824 -0.8433914458128855 -2.027319404106279e-17
    outer loop
      vertex 28.249200582032216 -13.92558475291286 0
      vertex 29.5 -14.722431864335457 0
      vertex 29.5 -14.722431864335457 1.6
    endloop
  endfacet
  facet normal -0.6087614290087204 -0.7933533402912353 3.730199466772342e-17
    outer loop
      vertex 27.072610635328832 -13.022755533022627 0
      vertex 28.249200582032216 -13.92558475291286 0
      vertex 28.249200582032216 -13.92558475291286 1.6
    endloop
  endfacet
  facet normal -0.30070579950435666 -0.9537169507482006 -2.3806321687659913e-19
    outer loop
      vertex 32.185657563463636 -15.974774553360444 0
      vertex 32.210251644740445 -15.982529037400615 0
      vertex 32.210251644740445 -15.982529037400615 1.6
    endloop
  endfacet
  facet normal -0.38268343236509017 -0.9238795325112865 -1.2455544050662353e-17
    outer loop
      vertex 30.81548955040811 -15.407232379623048 0
      vertex 32.185657563463636 -15.974774553360444 0
      vertex 32.185657563463636 -15.974774553360444 1.6
    endloop
  endfacet
  facet normal -0.30070579950427156 -0.9537169507482275 0
    outer loop
      vertex 33.60007623325715 -16.42073904691416 0
      vertex 33.60007623325715 -16.42073904691416 1.6
      vertex 33.03373544106475 -16.242172481043134 0
    endloop
  endfacet
  facet normal -0.21643961393810265 -0.9762960071199334 -8.291246678815623e-18
    outer loop
      vertex 33.60007623325715 -16.42073904691416 0
      vertex 34.416099304209474 -16.601647006337792 0
      vertex 34.416099304209474 -16.601647006337792 1.6
    endloop
  endfacet
  facet normal 0 0 -1
    outer loop
      vertex 27.072610635328832 -13.022755533022627 0
      vertex 28.654257793948467 -7.842008838175778 0
      vertex 28.249200582032216 -13.92558475291286 0
    endloop
  endfacet
  facet normal 0 0 -1
    outer loop
      vertex 28.249200582032216 -13.92558475291286 0
      vertex 29.37329726952412 -8.62670273047588 0
      vertex 30.15799116182422 -9.345742206051531 0
    endloop
  endfacet
  facet normal 0 0 -1
    outer loop
      vertex 29.5 -14.722431864335457 0
      vertex 30.15799116182422 -9.345742206051531 0
      vertex 31.00236747651724 -9.9936549403257 0
    endloop
  endfacet
  facet normal 0 0 -1
    outer loop
      vertex 27.072610635328832 -13.022755533022627 0
      vertex 28.006345059674302 -6.997632523482761 0
      vertex 28.654257793948467 -7.842008838175778 0
    endloop
  endfacet
  facet normal 0 0 -1
    outer loop
      vertex 28.249200582032216 -13.92558475291286 0
      vertex 28.654257793948467 -7.842008838175778 0
      vertex 29.37329726952412 -8.62670273047588 0
    endloop
  endfacet
  facet normal 0 0 -1
    outer loop
      vertex 27.072610635328832 -13.022755533022627 0
      vertex 27.43449007382985 -6.1 0
      vertex 28.006345059674302 -6.997632523482761 0
    endloop
  endfacet
  facet normal 0 0 -1
    outer loop
      vertex 30.81548955040811 -15.407232379623048 0
      vertex 31.00236747651724 -9.9936549403257 0
      vertex 31.9 -10.56550992617015 0
    endloop
  endfacet
  facet normal 0 0 -1
    outer loop
      vertex 30.81548955040811 -15.407232379623048 0
      vertex 31.9 -10.56550992617015 0
      vertex 32.844057206763466 -11.056955001847129 0
    endloop
  endfacet
  facet normal 0 0 -1
    outer loop
      vertex 36.51835237328981 -16.935309867559674 0
      vertex 35.510884886842156 -16.802674256730743 0
      vertex 35.570633909777094 -16.685410196624968 0
    endloop
  endfacet
  facet normal 0 0 -1
    outer loop
      vertex 36.51835237328981 -16.935309867559674 0
      vertex 35.570633909777094 -16.685410196624968 0
      vertex 35.6 -16.5 0
    endloop
  endfacet
  facet normal 0 0 -1
    outer loop
      vertex 36.93669993847857 -12.153575316719294 0
      vertex 35.6 -16.5 0
      vertex 35.570633909777094 -16.314589803375032 0
    endloop
  endfacet
  facet normal 0 0 -1
    outer loop
      vertex 36.93669993847857 -12.153575316719294 0
      vertex 35.48541019662497 -16.147328848624515 0
      vertex 35.35267115137548 -16.01458980337503 0
    endloop
  endfacet
  facet normal 0 0 -1
    outer loop
      vertex 36.93669993847857 -12.153575316719294 0
      vertex 35.570633909777094 -16.314589803375032 0
      vertex 35.48541019662497 -16.147328848624515 0
    endloop
  endfacet
  facet normal 0 0 -1
    outer loop
      vertex 36.51835237328981 -16.935309867559674 0
      vertex 35.6 -16.5 0
      vertex 36.93669993847857 -12.153575316719294 0
    endloop
  endfacet
  facet normal 0 0 -1
    outer loop
      vertex 36.51835237328981 -16.935309867559674 0
      vertex 36.93669993847857 -12.153575316719294 0
      vertex 38 -17 0
    endloop
  endfacet
  facet normal 0 0 -1
    outer loop
      vertex 34.429366090222906 -16.314589803375032 0
      vertex 34.84240764974925 -11.784295080726633 0
      vertex 34.51458980337503 -16.147328848624515 0
    endloop
  endfacet
  facet normal 0 0 -1
    outer loop
      vertex 34.51458980337503 -16.147328848624515 0
      vertex 34.84240764974925 -11.784295080726633 0
      vertex 34.64732884862452 -16.01458980337503 0
    endloop
  endfacet
  facet normal 0 0 -1
    outer loop
      vertex 34.81458980337503 -15.929366090222908 0
      vertex 34.64732884862452 -16.01458980337503 0
      vertex 34.84240764974925 -11.784295080726633 0
    endloop
  endfacet
  facet normal 0 0 -1
    outer loop
      vertex 35.88149223246345 -12.014654586748938 0
      vertex 35 -15.9 0
      vertex 34.81458980337503 -15.929366090222908 0
    endloop
  endfacet
  facet normal 0 0 -1
    outer loop
      vertex 35.18541019662497 -15.929366090222908 0
      vertex 35 -15.9 0
      vertex 35.88149223246345 -12.014654586748938 0
    endloop
  endfacet
  facet normal 0 0 -1
    outer loop
      vertex 36.93669993847857 -12.153575316719294 0
      vertex 35.35267115137548 -16.01458980337503 0
      vertex 35.18541019662497 -15.929366090222908 0
    endloop
  endfacet
  facet normal 0 0 -1
    outer loop
      vertex 34.81458980337503 -15.929366090222908 0
      vertex 34.84240764974925 -11.784295080726633 0
      vertex 35.88149223246345 -12.014654586748938 0
    endloop
  endfacet
  facet normal 0 0 -1
    outer loop
      vertex 35.18541019662497 -15.929366090222908 0
      vertex 35.88149223246345 -12.014654586748938 0
      vertex 36.93669993847857 -12.153575316719294 0
    endloop
  endfacet
  facet normal 0 0 -1
    outer loop
      vertex 38 -17 0
      vertex 36.93669993847857 -12.153575316719294 0
      vertex 38 -12.2 0
    endloop
  endfacet
  facet normal 0 0 -1
    outer loop
      vertex 38 -17 0
      vertex 39.06330006152143 -12.153575316719294 0
      vertex 39.48164762671019 -16.935309867559674 0
    endloop
  endfacet
  facet normal 0 0 -1
    outer loop
      vertex 39.48164762671019 -16.935309867559674 0
      vertex 40.11850776753655 -12.014654586748938 0
      vertex 40.952019020337815 -16.741731801207536 0
    endloop
  endfacet
  facet normal 0 0 -1
    outer loop
      vertex 38 -17 0
      vertex 38 -12.2 0
      vertex 39.06330006152143 -12.153575316719294 0
    endloop
  endfacet
  facet normal 0 0 -1
    outer loop
      vertex 39.48164762671019 -16.935309867559674 0
      vertex 39.06330006152143 -12.153575316719294 0
      vertex 40.11850776753655 -12.014654586748938 0
    endloop
  endfacet
  facet normal 0 0 -1
    outer loop
      vertex 40.952019020337815 -16.741731801207536 0
      vertex 40.11850776753655 -12.014654586748938 0
      vertex 41.15759235025075 -11.784295080726633 0
    endloop
  endfacet
  facet normal -0.13052619222005332 -0.9914448613738102 0
    outer loop
      vertex 36.51835237328981 -16.935309867559674 0
      vertex 36.51835237328981 -16.935309867559674 1.6
      vertex 35.510884886842156 -16.802674256730743 0
    endloop
  endfacet
  facet normal -0.04361938736533592 -0.9990482215818578 -1.2168812326924054e-18
    outer loop
      vertex 36.51835237328981 -16.935309867559674 0
      vertex 38 -17 0
      vertex 38 -17 1.6
    endloop
  endfacet
  facet normal 0.04361938736533592 -0.9990482215818578 1.2168812326924054e-18
    outer loop
      vertex 38 -17 0
      vertex 39.48164762671019 -16.935309867559674 0
      vertex 39.48164762671019 -16.935309867559674 1.6
    endloop
  endfacet
  facet normal 0.1305261922200529 -0.9914448613738103 6.3735908204509e-18
    outer loop
      vertex 39.48164762671019 -16.935309867559674 0
      vertex 40.952019020337815 -16.741731801207536 0
      vertex 40.952019020337815 -16.741731801207536 1.6
    endloop
  endfacet
  facet normal -0.46174861323503336 -0.8870108331782219 0
    outer loop
      vertex 29.5 -14.722431864335457 0
      vertex 30.81548955040811 -15.407232379623048 1.6
      vertex 29.5 -14.722431864335457 1.6
    endloop
  endfacet
  facet normal -0.537299608346824 -0.8433914458128855 0
    outer loop
      vertex 28.249200582032216 -13.92558475291286 0
      vertex 29.5 -14.722431864335457 1.6
      vertex 28.249200582032216 -13.92558475291286 1.6
    endloop
  endfacet
  facet normal -0.30070579950435666 -0.9537169507482006 0
    outer loop
      vertex 32.185657563463636 -15.974774553360444 0
      vertex 32.210251644740445 -15.982529037400615 1.6
      vertex 32.185657563463636 -15.974774553360444 1.6
    endloop
  endfacet
  facet normal -0.38268343236509017 -0.9238795325112865 0
    outer loop
      vertex 30.81548955040811 -15.407232379623048 0
      vertex 32.185657563463636 -15.974774553360444 1.6
      vertex 30.81548955040811 -15.407232379623048 1.6
    endloop
  endfacet
  facet normal -0.30070579950427156 -0.9537169507482275 -9.681797404681802e-19
    outer loop
      vertex 33.60007623325715 -16.42073904691416 1.6
      vertex 33.03373544106475 -16.242172481043134 1.6
      vertex 33.03373544106475 -16.242172481043134 0
    endloop
  endfacet
  facet normal -0.21643961393810265 -0.9762960071199334 0
    outer loop
      vertex 33.60007623325715 -16.42073904691416 0
      vertex 34.416099304209474 -16.601647006337792 1.6
      vertex 33.60007623325715 -16.42073904691416 1.6
    endloop
  endfacet
  facet normal -0.13052619222005332 -0.9914448613738102 -1.3756753471711695e-18
    outer loop
      vertex 36.51835237328981 -16.935309867559674 1.6
      vertex 35.510884886842156 -16.802674256730743 1.6
      vertex 35.510884886842156 -16.802674256730743 0
    endloop
  endfacet
  facet normal -0.04361938736533592 -0.9990482215818578 0
    outer loop
      vertex 36.51835237328981 -16.935309867559674 0
      vertex 38 -17 1.6
      vertex 36.51835237328981 -16.935309867559674 1.6
    endloop
  endfacet
  facet normal 0.04361938736533592 -0.9990482215818578 0
    outer loop
      vertex 38 -17 0
      vertex 39.48164762671019 -16.935309867559674 1.6
      vertex 38 -17 1.6
    endloop
  endfacet
  facet normal 0.1305261922200529 -0.9914448613738103 0
    outer loop
      vertex 39.48164762671019 -16.935309867559674 0
      vertex 40.952019020337815 -16.741731801207536 1.6
      vertex 39.48164762671019 -16.935309867559674 1.6
    endloop
  endfacet
  facet normal 0 0 -1
    outer loop
      vertex 40.952019020337815 -16.741731801207536 0
      vertex 42.17264574857316 -11.464249973588082 0
      vertex 42.39992376674285 -16.42073904691416 0
    endloop
  endfacet
  facet normal 0 0 -1
    outer loop
      vertex 40.952019020337815 -16.741731801207536 0
      vertex 41.15759235025075 -11.784295080726633 0
      vertex 42.17264574857316 -11.464249973588082 0
    endloop
  endfacet
  facet normal 0 0 -1
    outer loop
      vertex 42.39992376674285 -16.42073904691416 0
      vertex 42.17264574857316 -11.464249973588082 0
      vertex 43.155942793236534 -11.056955001847129 0
    endloop
  endfacet
  facet normal 0 0 -1
    outer loop
      vertex 42.39992376674285 -16.42073904691416 0
      vertex 43.155942793236534 -11.056955001847129 0
      vertex 43.814342436536364 -15.974774553360444 0
    endloop
  endfacet
  facet normal 0 0 -1
    outer loop
      vertex 43.814342436536364 -15.974774553360444 0
      vertex 44.1 -10.56550992617015 0
      vertex 45.18451044959189 -15.407232379623048 0
    endloop
  endfacet
  facet normal 0 0 -1
    outer loop
      vertex 43.814342436536364 -15.974774553360444 0
      vertex 43.155942793236534 -11.056955001847129 0
      vertex 44.1 -10.56550992617015 0
    endloop
  endfacet
  facet normal 0 0 -1
    outer loop
      vertex 45.18451044959189 -15.407232379623048 0
      vertex 45.84200883817578 -9.345742206051531 0
      vertex 46.5 -14.722431864335457 0
    endloop
  endfacet
  facet normal 0.21643961393810207 -0.9762960071199335 -1.1690762732410833e-17
    outer loop
      vertex 40.952019020337815 -16.741731801207536 0
      vertex 42.39992376674285 -16.42073904691416 0
      vertex 42.39992376674285 -16.42073904691416 1.6
    endloop
  endfacet
  facet normal 0.30070579950427284 -0.9537169507482269 -1.2240711633445974e-18
    outer loop
      vertex 42.39992376674285 -16.42073904691416 0
      vertex 43.814342436536364 -15.974774553360444 0
      vertex 43.814342436536364 -15.974774553360444 1.6
    endloop
  endfacet
  facet normal 0.38268343236509017 -0.9238795325112865 1.2455544050662353e-17
    outer loop
      vertex 43.814342436536364 -15.974774553360444 0
      vertex 45.18451044959189 -15.407232379623048 0
      vertex 45.18451044959189 -15.407232379623048 1.6
    endloop
  endfacet
  facet normal 0.46174861323503336 -0.8870108331782219 -3.3311404692462355e-18
    outer loop
      vertex 45.18451044959189 -15.407232379623048 0
      vertex 46.5 -14.722431864335457 0
      vertex 46.5 -14.722431864335457 1.6
    endloop
  endfacet
  facet normal 0.537299608346824 -0.8433914458128855 2.027319404106279e-17
    outer loop
      vertex 46.5 -14.722431864335457 0
      vertex 47.750799417967784 -13.92558475291286 0
      vertex 47.750799417967784 -13.92558475291286 1.6
    endloop
  endfacet
  facet normal 0 0 -1
    outer loop
      vertex 45.18451044959189 -15.407232379623048 0
      vertex 44.1 -10.56550992617015 0
      vertex 44.997632523482764 -9.9936549403257 0
    endloop
  endfacet
  facet normal 0 0 -1
    outer loop
      vertex 45.18451044959189 -15.407232379623048 0
      vertex 44.997632523482764 -9.9936549403257 0
      vertex 45.84200883817578 -9.345742206051531 0
    endloop
  endfacet
  facet normal 0 0 -1
    outer loop
      vertex 46.5 -14.722431864335457 0
      vertex 45.84200883817578 -9.345742206051531 0
      vertex 46.626702730475884 -8.62670273047588 0
    endloop
  endfacet
  facet normal 0 0 -1
    outer loop
      vertex 46.5 -14.722431864335457 0
      vertex 47.34574220605153 -7.842008838175778 0
      vertex 47.750799417967784 -13.92558475291286 0
    endloop
  endfacet
  facet normal 0 0 -1
    outer loop
      vertex 46.5 -14.722431864335457 0
      vertex 46.626702730475884 -8.62670273047588 0
      vertex 47.34574220605153 -7.842008838175778 0
    endloop
  endfacet
  facet normal 0 0 -1
    outer loop
      vertex 47.750799417967784 -13.92558475291286 0
      vertex 47.34574220605153 -7.842008838175778 0
      vertex 47.9936549403257 -6.997632523482761 0
    endloop
  endfacet
  facet normal 0 0 -1
    outer loop
      vertex 47.750799417967784 -13.92558475291286 0
      vertex 47.9936549403257 -6.997632523482761 0
      vertex 48.56550992617015 -6.1 0
    endloop
  endfacet
  facet normal 0.6087614290087193 -0.7933533402912362 4.364098359048121e-18
    outer loop
      vertex 47.750799417967784 -13.92558475291286 0
      vertex 48.92738936467117 -13.022755533022627 0
      vertex 48.92738936467117 -13.022755533022627 1.6
    endloop
  endfacet
  facet normal 0 0 -1
    outer loop
      vertex 47.750799417967784 -13.92558475291286 0
      vertex 48.56550992617015 -6.1 0
      vertex 48.92738936467117 -13.022755533022627 0
    endloop
  endfacet
  facet normal 0 0 -1
    outer loop
      vertex 48.92738936467117 -13.022755533022627 0
      vertex 49.46424997358808 -4.172645748573158 0
      vertex 50.020815280171306 -12.020815280171309 0
    endloop
  endfacet
  facet normal 0 0 -1
    outer loop
      vertex 48.92738936467117 -13.022755533022627 0
      vertex 48.56550992617015 -6.1 0
      vertex 49.05695500184713 -5.155942793236533 0
    endloop
  endfacet
  facet normal 0.6755902076156616 -0.7372773368101226 2.0179423564858584e-17
    outer loop
      vertex 48.92738936467117 -13.022755533022627 0
      vertex 50.020815280171306 -12.020815280171309 0
      vertex 50.020815280171306 -12.020815280171309 1.6
    endloop
  endfacet
  facet normal 0.7372773368101243 -0.67559020761566 0
    outer loop
      vertex 50.020815280171306 -12.020815280171309 0
      vertex 51.022755533022625 -10.927389364671168 0
      vertex 50.020815280171306 -12.020815280171309 1.6
    endloop
  endfacet
  facet normal 0.7933533402912342 -0.608761429008722 0
    outer loop
      vertex 51.022755533022625 -10.927389364671168 0
      vertex 51.92558475291286 -9.750799417967784 0
      vertex 51.022755533022625 -10.927389364671168 1.6
    endloop
  endfacet
  facet normal 0.8433914458128866 -0.5372996083468223 0
    outer loop
      vertex 51.92558475291286 -9.750799417967784 0
      vertex 52.722431864335455 -8.5 0
      vertex 51.92558475291286 -9.750799417967784 1.6
    endloop
  endfacet
  facet normal 0.8870108331782219 -0.46174861323503336 0
    outer loop
      vertex 52.722431864335455 -8.5 0
      vertex 53.407232379623046 -7.18451044959189 0
      vertex 52.722431864335455 -8.5 1.6
    endloop
  endfacet
  facet normal 0.21643961393810207 -0.9762960071199335 0
    outer loop
      vertex 40.952019020337815 -16.741731801207536 0
      vertex 42.39992376674285 -16.42073904691416 1.6
      vertex 40.952019020337815 -16.741731801207536 1.6
    endloop
  endfacet
  facet normal 0.30070579950427284 -0.9537169507482269 0
    outer loop
      vertex 42.39992376674285 -16.42073904691416 0
      vertex 43.814342436536364 -15.974774553360444 1.6
      vertex 42.39992376674285 -16.42073904691416 1.6
    endloop
  endfacet
  facet normal 0.38268343236509017 -0.9238795325112865 0
    outer loop
      vertex 43.814342436536364 -15.974774553360444 0
      vertex 45.18451044959189 -15.407232379623048 1.6
      vertex 43.814342436536364 -15.974774553360444 1.6
    endloop
  endfacet
  facet normal 0.46174861323503336 -0.8870108331782219 0
    outer loop
      vertex 45.18451044959189 -15.407232379623048 0
      vertex 46.5 -14.722431864335457 1.6
      vertex 45.18451044959189 -15.407232379623048 1.6
    endloop
  endfacet
  facet normal 0.537299608346824 -0.8433914458128855 0
    outer loop
      vertex 46.5 -14.722431864335457 0
      vertex 47.750799417967784 -13.92558475291286 1.6
      vertex 46.5 -14.722431864335457 1.6
    endloop
  endfacet
  facet normal 0.6087614290087193 -0.7933533402912362 0
    outer loop
      vertex 47.750799417967784 -13.92558475291286 0
      vertex 48.92738936467117 -13.022755533022627 1.6
      vertex 47.750799417967784 -13.92558475291286 1.6
    endloop
  endfacet
  facet normal 0.6755902076156616 -0.7372773368101226 0
    outer loop
      vertex 48.92738936467117 -13.022755533022627 0
      vertex 50.020815280171306 -12.020815280171309 1.6
      vertex 48.92738936467117 -13.022755533022627 1.6
    endloop
  endfacet
  facet normal 0.7372773368101243 -0.67559020761566 0
    outer loop
      vertex 51.022755533022625 -10.927389364671168 0
      vertex 51.022755533022625 -10.927389364671168 1.6
      vertex 50.020815280171306 -12.020815280171309 1.6
    endloop
  endfacet
  facet normal 0.7933533402912342 -0.608761429008722 0
    outer loop
      vertex 51.92558475291286 -9.750799417967784 0
      vertex 51.92558475291286 -9.750799417967784 1.6
      vertex 51.022755533022625 -10.927389364671168 1.6
    endloop
  endfacet
  facet normal 0.8433914458128866 -0.5372996083468223 0
    outer loop
      vertex 52.722431864335455 -8.5 0
      vertex 52.722431864335455 -8.5 1.6
      vertex 51.92558475291286 -9.750799417967784 1.6
    endloop
  endfacet
  facet normal 0 0 -1
    outer loop
      vertex 48.92738936467117 -13.022755533022627 0
      vertex 49.05695500184713 -5.155942793236533 0
      vertex 49.46424997358808 -4.172645748573158 0
    endloop
  endfacet
  facet normal 0 0 -1
    outer loop
      vertex 50.020815280171306 -12.020815280171309 0
      vertex 49.46424997358808 -4.172645748573158 0
      vertex 49.784295080726636 -3.157592350250753 0
    endloop
  endfacet
  facet normal 0 0 -1
    outer loop
      vertex 50.020815280171306 -12.020815280171309 0
      vertex 49.784295080726636 -3.157592350250753 0
      vertex 50.01465458674894 -2.11850776753655 0
    endloop
  endfacet
  facet normal 0 0 -1
    outer loop
      vertex 50.020815280171306 -12.020815280171309 0
      vertex 50.01465458674894 -2.11850776753655 0
      vertex 50.1535753167193 -1.0633000615214296 0
    endloop
  endfacet
  facet normal 0 0 -1
    outer loop
      vertex 50.020815280171306 -12.020815280171309 0
      vertex 50.1535753167193 -1.0633000615214296 0
      vertex 50.2 0 0
    endloop
  endfacet
  facet normal 0 0 -1
    outer loop
      vertex 50.020815280171306 -12.020815280171309 0
      vertex 51.022755533022625 10.927389364671168 0
      vertex 51.022755533022625 -10.927389364671168 0
    endloop
  endfacet
  facet normal 0 0 -1
    outer loop
      vertex 51.022755533022625 -10.927389364671168 0
      vertex 51.92558475291286 9.750799417967784 0
      vertex 51.92558475291286 -9.750799417967784 0
    endloop
  endfacet
  facet normal 0.923879532511285 -0.3826834323650941 0
    outer loop
      vertex 53.407232379623046 -7.18451044959189 0
      vertex 53.97477455336045 -5.814342436536368 0
      vertex 53.407232379623046 -7.18451044959189 1.6
    endloop
  endfacet
  facet normal 0.9537169507482272 -0.30070579950427234 0
    outer loop
      vertex 53.97477455336045 -5.814342436536368 0
      vertex 54.420739046914164 -4.399923766742853 0
      vertex 53.97477455336045 -5.814342436536368 1.6
    endloop
  endfacet
  facet normal 0.976296007119934 -0.21643961393809977 0
    outer loop
      vertex 54.420739046914164 -4.399923766742853 0
      vertex 54.741731801207536 -2.952019020337816 0
      vertex 54.420739046914164 -4.399923766742853 1.6
    endloop
  endfacet
  facet normal 0 0 -1
    outer loop
      vertex 50.020815280171306 -12.020815280171309 0
      vertex 50.2 0 0
      vertex 51.022755533022625 10.927389364671168 0
    endloop
  endfacet
  facet normal 0 0 -1
    outer loop
      vertex 51.92558475291286 -9.750799417967784 0
      vertex 52.722431864335455 8.5 0
      vertex 52.722431864335455 -8.5 0
    endloop
  endfacet
  facet normal 0 0 -1
    outer loop
      vertex 52.722431864335455 -8.5 0
      vertex 53.407232379623046 7.18451044959189 0
      vertex 53.407232379623046 -7.18451044959189 0
    endloop
  endfacet
  facet normal 0 0 -1
    outer loop
      vertex 53.407232379623046 -7.18451044959189 0
      vertex 53.97477455336045 5.814342436536368 0
      vertex 53.97477455336045 -5.814342436536368 0
    endloop
  endfacet
  facet normal 0 0 -1
    outer loop
      vertex 53.97477455336045 -5.814342436536368 0
      vertex 54.420739046914164 4.399923766742853 0
      vertex 54.420739046914164 -4.399923766742853 0
    endloop
  endfacet
  facet normal 0 0 -1
    outer loop
      vertex 54.420739046914164 -4.399923766742853 0
      vertex 54.741731801207536 2.952019020337816 0
      vertex 54.741731801207536 -2.952019020337816 0
    endloop
  endfacet
  facet normal 0 0 -1
    outer loop
      vertex 54.741731801207536 -2.952019020337816 0
      vertex 54.935309867559674 1.4816476267101888 0
      vertex 54.935309867559674 -1.4816476267101888 0
    endloop
  endfacet
  facet normal 0 0 -1
    outer loop
      vertex 54.935309867559674 -1.4816476267101888 0
      vertex 54.935309867559674 1.4816476267101888 0
      vertex 55 0 0
    endloop
  endfacet
  facet normal 0 0 -1
    outer loop
      vertex 54.420739046914164 -4.399923766742853 0
      vertex 54.420739046914164 4.399923766742853 0
      vertex 54.741731801207536 2.952019020337816 0
    endloop
  endfacet
  facet normal 0 0 -1
    outer loop
      vertex 54.741731801207536 -2.952019020337816 0
      vertex 54.741731801207536 2.952019020337816 0
      vertex 54.935309867559674 1.4816476267101888 0
    endloop
  endfacet
  facet normal 0.9914448613738103 -0.13052619222005254 0
    outer loop
      vertex 54.741731801207536 -2.952019020337816 0
      vertex 54.935309867559674 -1.4816476267101888 0
      vertex 54.741731801207536 -2.952019020337816 1.6
    endloop
  endfacet
  facet normal 0.9990482215818578 -0.04361938736533601 0
    outer loop
      vertex 54.935309867559674 -1.4816476267101888 0
      vertex 55 0 0
      vertex 54.935309867559674 -1.4816476267101888 1.6
    endloop
  endfacet
  facet normal 0.9990482215818578 0.04361938736533601 0
    outer loop
      vertex 55 0 0
      vertex 54.935309867559674 1.4816476267101888 0
      vertex 55 0 1.6
    endloop
  endfacet
  facet normal 0.8870108331782219 -0.46174861323503336 0
    outer loop
      vertex 53.407232379623046 -7.18451044959189 0
      vertex 53.407232379623046 -7.18451044959189 1.6
      vertex 52.722431864335455 -8.5 1.6
    endloop
  endfacet
  facet normal 0.923879532511285 -0.3826834323650941 0
    outer loop
      vertex 53.97477455336045 -5.814342436536368 0
      vertex 53.97477455336045 -5.814342436536368 1.6
      vertex 53.407232379623046 -7.18451044959189 1.6
    endloop
  endfacet
  facet normal 0.9537169507482272 -0.30070579950427234 0
    outer loop
      vertex 54.420739046914164 -4.399923766742853 0
      vertex 54.420739046914164 -4.399923766742853 1.6
      vertex 53.97477455336045 -5.814342436536368 1.6
    endloop
  endfacet
  facet normal 0.976296007119934 -0.21643961393809977 0
    outer loop
      vertex 54.741731801207536 -2.952019020337816 0
      vertex 54.741731801207536 -2.952019020337816 1.6
      vertex 54.420739046914164 -4.399923766742853 1.6
    endloop
  endfacet
  facet normal 0.9914448613738103 -0.13052619222005254 0
    outer loop
      vertex 54.935309867559674 -1.4816476267101888 0
      vertex 54.935309867559674 -1.4816476267101888 1.6
      vertex 54.741731801207536 -2.952019020337816 1.6
    endloop
  endfacet
  facet normal 0.9990482215818578 -0.04361938736533601 -1.6523145106510452e-18
    outer loop
      vertex 54.935309867559674 -1.4816476267101888 1.6
      vertex 55 0 0
      vertex 55 0 1.6
    endloop
  endfacet
  facet normal 0.9990482215818578 0.04361938736533601 0
    outer loop
      vertex 54.935309867559674 1.4816476267101888 0
      vertex 54.935309867559674 1.4816476267101888 1.6
      vertex 55 0 1.6
    endloop
  endfacet
  facet normal 0 0 1
    outer loop
      vertex 30.81548955040811 -15.407232379623048 1.6
      vertex 30.15799116182422 -9.345742206051531 1.6
      vertex 29.5 -14.722431864335457 1.6
    endloop
  endfacet
  facet normal 0 0 1
    outer loop
      vertex 33.60007623325715 -16.42073904691416 1.6
      vertex 34.416099304209474 -16.601647006337792 1.6
      vertex 34.4 -16.5 1.6
    endloop
  endfacet
  facet normal 0 0 1
    outer loop
      vertex 33.60007623325715 -16.42073904691416 1.6
      vertex 34.4 -16.5 1.6
      vertex 34.429366090222906 -16.314589803375032 1.6
    endloop
  endfacet
  facet normal 0 0 1
    outer loop
      vertex 30.81548955040811 -15.407232379623048 1.6
      vertex 32.185657563463636 -15.974774553360444 1.6
      vertex 31.9 -10.56550992617015 1.6
    endloop
  endfacet
  facet normal 0 0 1
    outer loop
      vertex 32.185657563463636 -15.974774553360444 1.6
      vertex 32.210251644740445 -15.982529037400615 1.6
      vertex 32.844057206763466 -11.056955001847129 1.6
    endloop
  endfacet
  facet normal 0 0 1
    outer loop
      vertex 32.210251644740445 -15.982529037400615 1.6
      vertex 32.31458980337503 -15.929366090222908 1.6
      vertex 32.844057206763466 -11.056955001847129 1.6
    endloop
  endfacet
  facet normal 0 0 1
    outer loop
      vertex 32.844057206763466 -11.056955001847129 1.6
      vertex 32.31458980337503 -15.929366090222908 1.6
      vertex 32.5 -15.9 1.6
    endloop
  endfacet
  facet normal 0 0 1
    outer loop
      vertex 32.185657563463636 -15.974774553360444 1.6
      vertex 32.844057206763466 -11.056955001847129 1.6
      vertex 31.9 -10.56550992617015 1.6
    endloop
  endfacet
  facet normal 0 0 1
    outer loop
      vertex 33.03373544106475 -16.242172481043134 1.6
      vertex 32.844057206763466 -11.056955001847129 1.6
      vertex 32.98541019662497 -16.147328848624515 1.6
    endloop
  endfacet
  facet normal 0 0 1
    outer loop
      vertex 32.844057206763466 -11.056955001847129 1.6
      vertex 32.68541019662497 -15.929366090222908 1.6
      vertex 32.85267115137548 -16.01458980337503 1.6
    endloop
  endfacet
  facet normal 0 0 1
    outer loop
      vertex 32.844057206763466 -11.056955001847129 1.6
      vertex 32.5 -15.9 1.6
      vertex 32.68541019662497 -15.929366090222908 1.6
    endloop
  endfacet
  facet normal 0 0 1
    outer loop
      vertex 32.844057206763466 -11.056955001847129 1.6
      vertex 32.85267115137548 -16.01458980337503 1.6
      vertex 32.98541019662497 -16.147328848624515 1.6
    endloop
  endfacet
  facet normal 0 0 1
    outer loop
      vertex 33.60007623325715 -16.42073904691416 1.6
      vertex 32.844057206763466 -11.056955001847129 1.6
      vertex 33.03373544106475 -16.242172481043134 1.6
    endloop
  endfacet
  facet normal 0 0 1
    outer loop
      vertex 33.60007623325715 -16.42073904691416 1.6
      vertex 34.429366090222906 -16.314589803375032 1.6
      vertex 33.82735425142684 -11.464249973588082 1.6
    endloop
  endfacet
  facet normal 0 0 1
    outer loop
      vertex 34.51458980337503 -16.147328848624515 1.6
      vertex 33.82735425142684 -11.464249973588082 1.6
      vertex 34.429366090222906 -16.314589803375032 1.6
    endloop
  endfacet
  facet normal 0 0 1
    outer loop
      vertex 34.64732884862452 -16.01458980337503 1.6
      vertex 33.82735425142684 -11.464249973588082 1.6
      vertex 34.51458980337503 -16.147328848624515 1.6
    endloop
  endfacet
  facet normal 0 0 1
    outer loop
      vertex 33.60007623325715 -16.42073904691416 1.6
      vertex 33.82735425142684 -11.464249973588082 1.6
      vertex 32.844057206763466 -11.056955001847129 1.6
    endloop
  endfacet
  facet normal 0 0 1
    outer loop
      vertex 28.249200582032216 -13.92558475291286 1.6
      vertex 29.5 -14.722431864335457 1.6
      vertex 28.654257793948467 -7.842008838175778 1.6
    endloop
  endfacet
  facet normal 0 0 1
    outer loop
      vertex 27.072610635328832 -13.022755533022627 1.6
      vertex 28.249200582032216 -13.92558475291286 1.6
      vertex 27.43449007382985 -6.1 1.6
    endloop
  endfacet
  facet normal 0 0 1
    outer loop
      vertex 29.5 -14.722431864335457 1.6
      vertex 29.37329726952412 -8.62670273047588 1.6
      vertex 28.654257793948467 -7.842008838175778 1.6
    endloop
  endfacet
  facet normal 0 0 1
    outer loop
      vertex 30.81548955040811 -15.407232379623048 1.6
      vertex 31.00236747651724 -9.9936549403257 1.6
      vertex 30.15799116182422 -9.345742206051531 1.6
    endloop
  endfacet
  facet normal 0 0 1
    outer loop
      vertex 29.5 -14.722431864335457 1.6
      vertex 30.15799116182422 -9.345742206051531 1.6
      vertex 29.37329726952412 -8.62670273047588 1.6
    endloop
  endfacet
  facet normal 0 0 1
    outer loop
      vertex 28.249200582032216 -13.92558475291286 1.6
      vertex 28.654257793948467 -7.842008838175778 1.6
      vertex 28.006345059674302 -6.997632523482761 1.6
    endloop
  endfacet
  facet normal 0 0 1
    outer loop
      vertex 28.249200582032216 -13.92558475291286 1.6
      vertex 28.006345059674302 -6.997632523482761 1.6
      vertex 27.43449007382985 -6.1 1.6
    endloop
  endfacet
  facet normal 0 0 1
    outer loop
      vertex 30.81548955040811 -15.407232379623048 1.6
      vertex 31.9 -10.56550992617015 1.6
      vertex 31.00236747651724 -9.9936549403257 1.6
    endloop
  endfacet
  facet normal 0 0 1
    outer loop
      vertex 36.51835237328981 -16.935309867559674 1.6
      vertex 35.570633909777094 -16.685410196624968 1.6
      vertex 35.510884886842156 -16.802674256730743 1.6
    endloop
  endfacet
  facet normal 0 0 1
    outer loop
      vertex 36.51835237328981 -16.935309867559674 1.6
      vertex 35.6 -16.5 1.6
      vertex 35.570633909777094 -16.685410196624968 1.6
    endloop
  endfacet
  facet normal 0 0 1
    outer loop
      vertex 35.88149223246345 -12.014654586748938 1.6
      vertex 35.48541019662497 -16.147328848624515 1.6
      vertex 35.570633909777094 -16.314589803375032 1.6
    endloop
  endfacet
  facet normal 0 0 1
    outer loop
      vertex 36.51835237328981 -16.935309867559674 1.6
      vertex 35.88149223246345 -12.014654586748938 1.6
      vertex 35.6 -16.5 1.6
    endloop
  endfacet
  facet normal 0 0 1
    outer loop
      vertex 35.88149223246345 -12.014654586748938 1.6
      vertex 35.570633909777094 -16.314589803375032 1.6
      vertex 35.6 -16.5 1.6
    endloop
  endfacet
  facet normal 0 0 1
    outer loop
      vertex 36.51835237328981 -16.935309867559674 1.6
      vertex 38 -17 1.6
      vertex 36.93669993847857 -12.153575316719294 1.6
    endloop
  endfacet
  facet normal 0 0 1
    outer loop
      vertex 34.64732884862452 -16.01458980337503 1.6
      vertex 34.81458980337503 -15.929366090222908 1.6
      vertex 33.82735425142684 -11.464249973588082 1.6
    endloop
  endfacet
  facet normal 0 0 1
    outer loop
      vertex 33.82735425142684 -11.464249973588082 1.6
      vertex 34.81458980337503 -15.929366090222908 1.6
      vertex 35 -15.9 1.6
    endloop
  endfacet
  facet normal 0 0 1
    outer loop
      vertex 33.82735425142684 -11.464249973588082 1.6
      vertex 35 -15.9 1.6
      vertex 35.18541019662497 -15.929366090222908 1.6
    endloop
  endfacet
  facet normal 0 0 1
    outer loop
      vertex 35.88149223246345 -12.014654586748938 1.6
      vertex 35.18541019662497 -15.929366090222908 1.6
      vertex 35.35267115137548 -16.01458980337503 1.6
    endloop
  endfacet
  facet normal 0 0 1
    outer loop
      vertex 35.88149223246345 -12.014654586748938 1.6
      vertex 35.35267115137548 -16.01458980337503 1.6
      vertex 35.48541019662497 -16.147328848624515 1.6
    endloop
  endfacet
  facet normal 0 0 1
    outer loop
      vertex 33.82735425142684 -11.464249973588082 1.6
      vertex 35.18541019662497 -15.929366090222908 1.6
      vertex 34.84240764974925 -11.784295080726633 1.6
    endloop
  endfacet
  facet normal 0 0 1
    outer loop
      vertex 35.18541019662497 -15.929366090222908 1.6
      vertex 35.88149223246345 -12.014654586748938 1.6
      vertex 34.84240764974925 -11.784295080726633 1.6
    endloop
  endfacet
  facet normal 0 0 1
    outer loop
      vertex 36.51835237328981 -16.935309867559674 1.6
      vertex 36.93669993847857 -12.153575316719294 1.6
      vertex 35.88149223246345 -12.014654586748938 1.6
    endloop
  endfacet
  facet normal 0 0 1
    outer loop
      vertex 38 -17 1.6
      vertex 38 -12.2 1.6
      vertex 36.93669993847857 -12.153575316719294 1.6
    endloop
  endfacet
  facet normal 0 0 1
    outer loop
      vertex 38 -17 1.6
      vertex 39.48164762671019 -16.935309867559674 1.6
      vertex 39.06330006152143 -12.153575316719294 1.6
    endloop
  endfacet
  facet normal 0 0 1
    outer loop
      vertex 39.48164762671019 -16.935309867559674 1.6
      vertex 40.952019020337815 -16.741731801207536 1.6
      vertex 39.06330006152143 -12.153575316719294 1.6
    endloop
  endfacet
  facet normal 0 0 1
    outer loop
      vertex 40.952019020337815 -16.741731801207536 1.6
      vertex 42.39992376674285 -16.42073904691416 1.6
      vertex 40.11850776753655 -12.014654586748938 1.6
    endloop
  endfacet
  facet normal 0 0 1
    outer loop
      vertex 38 -17 1.6
      vertex 39.06330006152143 -12.153575316719294 1.6
      vertex 38 -12.2 1.6
    endloop
  endfacet
  facet normal 0 0 1
    outer loop
      vertex 40.952019020337815 -16.741731801207536 1.6
      vertex 40.11850776753655 -12.014654586748938 1.6
      vertex 39.06330006152143 -12.153575316719294 1.6
    endloop
  endfacet
  facet normal 0 0 1
    outer loop
      vertex 42.39992376674285 -16.42073904691416 1.6
      vertex 41.15759235025075 -11.784295080726633 1.6
      vertex 40.11850776753655 -12.014654586748938 1.6
    endloop
  endfacet
  facet normal 0 0 1
    outer loop
      vertex 42.39992376674285 -16.42073904691416 1.6
      vertex 43.814342436536364 -15.974774553360444 1.6
      vertex 42.17264574857316 -11.464249973588082 1.6
    endloop
  endfacet
  facet normal 0 0 1
    outer loop
      vertex 42.39992376674285 -16.42073904691416 1.6
      vertex 42.17264574857316 -11.464249973588082 1.6
      vertex 41.15759235025075 -11.784295080726633 1.6
    endloop
  endfacet
  facet normal 0 0 1
    outer loop
      vertex 43.814342436536364 -15.974774553360444 1.6
      vertex 45.18451044959189 -15.407232379623048 1.6
      vertex 43.155942793236534 -11.056955001847129 1.6
    endloop
  endfacet
  facet normal 0 0 1
    outer loop
      vertex 43.814342436536364 -15.974774553360444 1.6
      vertex 43.155942793236534 -11.056955001847129 1.6
      vertex 42.17264574857316 -11.464249973588082 1.6
    endloop
  endfacet
  facet normal 0 0 1
    outer loop
      vertex 45.18451044959189 -15.407232379623048 1.6
      vertex 46.5 -14.722431864335457 1.6
      vertex 44.997632523482764 -9.9936549403257 1.6
    endloop
  endfacet
  facet normal 0 0 1
    outer loop
      vertex 46.5 -14.722431864335457 1.6
      vertex 47.750799417967784 -13.92558475291286 1.6
      vertex 45.84200883817578 -9.345742206051531 1.6
    endloop
  endfacet
  facet normal 0 0 1
    outer loop
      vertex 45.18451044959189 -15.407232379623048 1.6
      vertex 44.1 -10.56550992617015 1.6
      vertex 43.155942793236534 -11.056955001847129 1.6
    endloop
  endfacet
  facet normal 0 0 1
    outer loop
      vertex 45.18451044959189 -15.407232379623048 1.6
      vertex 44.997632523482764 -9.9936549403257 1.6
      vertex 44.1 -10.56550992617015 1.6
    endloop
  endfacet
  facet normal 0 0 1
    outer loop
      vertex 46.5 -14.722431864335457 1.6
      vertex 45.84200883817578 -9.345742206051531 1.6
      vertex 44.997632523482764 -9.9936549403257 1.6
    endloop
  endfacet
  facet normal 0 0 1
    outer loop
      vertex 47.750799417967784 -13.92558475291286 1.6
      vertex 48.92738936467117 -13.022755533022627 1.6
      vertex 47.34574220605153 -7.842008838175778 1.6
    endloop
  endfacet
  facet normal 0 0 1
    outer loop
      vertex 47.750799417967784 -13.92558475291286 1.6
      vertex 46.626702730475884 -8.62670273047588 1.6
      vertex 45.84200883817578 -9.345742206051531 1.6
    endloop
  endfacet
  facet normal 0 0 1
    outer loop
      vertex 47.750799417967784 -13.92558475291286 1.6
      vertex 47.34574220605153 -7.842008838175778 1.6
      vertex 46.626702730475884 -8.62670273047588 1.6
    endloop
  endfacet
  facet normal 0 0 1
    outer loop
      vertex 48.92738936467117 -13.022755533022627 1.6
      vertex 47.9936549403257 -6.997632523482761 1.6
      vertex 47.34574220605153 -7.842008838175778 1.6
    endloop
  endfacet
  facet normal 0 0 1
    outer loop
      vertex 48.92738936467117 -13.022755533022627 1.6
      vertex 50.020815280171306 -12.020815280171309 1.6
      vertex 48.56550992617015 -6.1 1.6
    endloop
  endfacet
  facet normal 0 0 1
    outer loop
      vertex 48.92738936467117 -13.022755533022627 1.6
      vertex 48.56550992617015 -6.1 1.6
      vertex 47.9936549403257 -6.997632523482761 1.6
    endloop
  endfacet
  facet normal 0 0 1
    outer loop
      vertex 50.020815280171306 -12.020815280171309 1.6
      vertex 51.022755533022625 -10.927389364671168 1.6
      vertex 50.01465458674894 -2.11850776753655 1.6
    endloop
  endfacet
  facet normal 0 0 1
    outer loop
      vertex 50.020815280171306 -12.020815280171309 1.6
      vertex 49.05695500184713 -5.155942793236533 1.6
      vertex 48.56550992617015 -6.1 1.6
    endloop
  endfacet
  facet normal 0 0 1
    outer loop
      vertex 50.020815280171306 -12.020815280171309 1.6
      vertex 49.46424997358808 -4.172645748573158 1.6
      vertex 49.05695500184713 -5.155942793236533 1.6
    endloop
  endfacet
  facet normal 0 0 1
    outer loop
      vertex 50.020815280171306 -12.020815280171309 1.6
      vertex 49.784295080726636 -3.157592350250753 1.6
      vertex 49.46424997358808 -4.172645748573158 1.6
    endloop
  endfacet
  facet normal 0 0 1
    outer loop
      vertex 50.020815280171306 -12.020815280171309 1.6
      vertex 50.01465458674894 -2.11850776753655 1.6
      vertex 49.784295080726636 -3.157592350250753 1.6
    endloop
  endfacet
  facet normal 0 0 1
    outer loop
      vertex 51.022755533022625 -10.927389364671168 1.6
      vertex 50.1535753167193 -1.0633000615214296 1.6
      vertex 50.01465458674894 -2.11850776753655 1.6
    endloop
  endfacet
  facet normal 0 0 1
    outer loop
      vertex 51.022755533022625 -10.927389364671168 1.6
      vertex 50.2 0 1.6
      vertex 50.1535753167193 -1.0633000615214296 1.6
    endloop
  endfacet
  facet normal 0 0 1
    outer loop
      vertex 51.022755533022625 -10.927389364671168 1.6
      vertex 51.92558475291286 -9.750799417967784 1.6
      vertex 51.022755533022625 10.927389364671168 1.6
    endloop
  endfacet
  facet normal 0 0 1
    outer loop
      vertex 51.022755533022625 -10.927389364671168 1.6
      vertex 50.020815280171306 12.020815280171309 1.6
      vertex 50.2 0 1.6
    endloop
  endfacet
  facet normal 0 0 1
    outer loop
      vertex 51.92558475291286 -9.750799417967784 1.6
      vertex 52.722431864335455 -8.5 1.6
      vertex 51.92558475291286 9.750799417967784 1.6
    endloop
  endfacet
  facet normal 0 0 1
    outer loop
      vertex 52.722431864335455 -8.5 1.6
      vertex 53.407232379623046 -7.18451044959189 1.6
      vertex 52.722431864335455 8.5 1.6
    endloop
  endfacet
  facet normal 0 0 1
    outer loop
      vertex 53.407232379623046 -7.18451044959189 1.6
      vertex 53.97477455336045 -5.814342436536368 1.6
      vertex 53.407232379623046 7.18451044959189 1.6
    endloop
  endfacet
  facet normal 0 0 1
    outer loop
      vertex 53.97477455336045 -5.814342436536368 1.6
      vertex 54.420739046914164 -4.399923766742853 1.6
      vertex 53.97477455336045 5.814342436536368 1.6
    endloop
  endfacet
  facet normal 0 0 1
    outer loop
      vertex 54.420739046914164 -4.399923766742853 1.6
      vertex 54.741731801207536 -2.952019020337816 1.6
      vertex 54.420739046914164 4.399923766742853 1.6
    endloop
  endfacet
  facet normal 0 0 1
    outer loop
      vertex 54.741731801207536 -2.952019020337816 1.6
      vertex 54.935309867559674 -1.4816476267101888 1.6
      vertex 54.741731801207536 2.952019020337816 1.6
    endloop
  endfacet
  facet normal 0 0 1
    outer loop
      vertex 54.935309867559674 -1.4816476267101888 1.6
      vertex 55 0 1.6
      vertex 54.935309867559674 1.4816476267101888 1.6
    endloop
  endfacet
  facet normal 0 0 1
    outer loop
      vertex 54.935309867559674 -1.4816476267101888 1.6
      vertex 54.935309867559674 1.4816476267101888 1.6
      vertex 54.741731801207536 2.952019020337816 1.6
    endloop
  endfacet
  facet normal 0 0 -1
    outer loop
      vertex 28.249200582032216 13.92558475291286 0
      vertex 28.006345059674302 6.997632523482761 0
      vertex 27.43449007382985 6.1 0
    endloop
  endfacet
  facet normal 0 0 -1
    outer loop
      vertex 28.249200582032216 13.92558475291286 0
      vertex 28.654257793948467 7.842008838175778 0
      vertex 28.006345059674302 6.997632523482761 0
    endloop
  endfacet
  facet normal 0 0 -1
    outer loop
      vertex 27.072610635328832 13.022755533022627 0
      vertex 28.249200582032216 13.92558475291286 0
      vertex 27.43449007382985 6.1 0
    endloop
  endfacet
  facet normal 0 0 -1
    outer loop
      vertex 29.5 14.722431864335457 0
      vertex 29.37329726952412 8.62670273047588 0
      vertex 28.654257793948467 7.842008838175778 0
    endloop
  endfacet
  facet normal 0 0 -1
    outer loop
      vertex 28.249200582032216 13.92558475291286 0
      vertex 29.5 14.722431864335457 0
      vertex 28.654257793948467 7.842008838175778 0
    endloop
  endfacet
  facet normal 0 0 -1
    outer loop
      vertex 29.5 14.722431864335457 0
      vertex 30.15799116182422 9.345742206051531 0
      vertex 29.37329726952412 8.62670273047588 0
    endloop
  endfacet
  facet normal 0 0 -1
    outer loop
      vertex 30.81548955040811 15.407232379623048 0
      vertex 31.00236747651724 9.9936549403257 0
      vertex 30.15799116182422 9.345742206051531 0
    endloop
  endfacet
  facet normal 0 0 -1
    outer loop
      vertex 29.5 14.722431864335457 0
      vertex 30.81548955040811 15.407232379623048 0
      vertex 30.15799116182422 9.345742206051531 0
    endloop
  endfacet
  facet normal 0 0 -1
    outer loop
      vertex 30.81548955040811 15.407232379623048 0
      vertex 31.9 10.56550992617015 0
      vertex 31.00236747651724 9.9936549403257 0
    endloop
  endfacet
  facet normal 0 0 -1
    outer loop
      vertex 32.185657563463636 15.974774553360444 0
      vertex 32.844057206763466 11.056955001847129 0
      vertex 31.9 10.56550992617015 0
    endloop
  endfacet
  facet normal 0 0 -1
    outer loop
      vertex 30.81548955040811 15.407232379623048 0
      vertex 32.185657563463636 15.974774553360444 0
      vertex 31.9 10.56550992617015 0
    endloop
  endfacet
  facet normal 0 0 -1
    outer loop
      vertex 33.60007623325715 16.42073904691416 0
      vertex 33.82735425142684 11.464249973588082 0
      vertex 32.844057206763466 11.056955001847129 0
    endloop
  endfacet
  facet normal -0.537299608346824 0.8433914458128855 0
    outer loop
      vertex 28.249200582032216 13.92558475291286 0
      vertex 28.249200582032216 13.92558475291286 1.6
      vertex 29.5 14.722431864335457 0
    endloop
  endfacet
  facet normal 0 0 -1
    outer loop
      vertex 32.185657563463636 15.974774553360444 0
      vertex 33.60007623325715 16.42073904691416 0
      vertex 32.844057206763466 11.056955001847129 0
    endloop
  endfacet
  facet normal 0 0 -1
    outer loop
      vertex 33.60007623325715 16.42073904691416 0
      vertex 35.047980979662185 16.741731801207536 0
      vertex 33.82735425142684 11.464249973588082 0
    endloop
  endfacet
  facet normal -0.46174861323503336 0.8870108331782219 0
    outer loop
      vertex 29.5 14.722431864335457 0
      vertex 29.5 14.722431864335457 1.6
      vertex 30.81548955040811 15.407232379623048 0
    endloop
  endfacet
  facet normal -0.38268343236509017 0.9238795325112865 0
    outer loop
      vertex 30.81548955040811 15.407232379623048 0
      vertex 30.81548955040811 15.407232379623048 1.6
      vertex 32.185657563463636 15.974774553360444 0
    endloop
  endfacet
  facet normal -0.30070579950427284 0.9537169507482269 0
    outer loop
      vertex 32.185657563463636 15.974774553360444 0
      vertex 32.185657563463636 15.974774553360444 1.6
      vertex 33.60007623325715 16.42073904691416 0
    endloop
  endfacet
  facet normal -0.21643961393810207 0.9762960071199335 0
    outer loop
      vertex 33.60007623325715 16.42073904691416 0
      vertex 33.60007623325715 16.42073904691416 1.6
      vertex 35.047980979662185 16.741731801207536 0
    endloop
  endfacet
  facet normal 0 0 -1
    outer loop
      vertex 35.047980979662185 16.741731801207536 0
      vertex 34.84240764974925 11.784295080726633 0
      vertex 33.82735425142684 11.464249973588082 0
    endloop
  endfacet
  facet normal 0 0 -1
    outer loop
      vertex 35.047980979662185 16.741731801207536 0
      vertex 35.88149223246345 12.014654586748938 0
      vertex 34.84240764974925 11.784295080726633 0
    endloop
  endfacet
  facet normal 0 0 -1
    outer loop
      vertex 36.51835237328981 16.935309867559674 0
      vertex 36.93669993847857 12.153575316719294 0
      vertex 35.88149223246345 12.014654586748938 0
    endloop
  endfacet
  facet normal 0 0 -1
    outer loop
      vertex 37 16.956339057091487 0
      vertex 37 12.156339057091486 0
      vertex 36.93669993847857 12.153575316719294 0
    endloop
  endfacet
  facet normal 0 0 -1
    outer loop
      vertex 39 12.156339057091486 0
      vertex 39 16.956339057091487 0
      vertex 39.06330006152143 12.153575316719294 0
    endloop
  endfacet
  facet normal 0 0 -1
    outer loop
      vertex 40.952019020337815 16.741731801207536 0
      vertex 40.11850776753655 12.014654586748938 0
      vertex 39.06330006152143 12.153575316719294 0
    endloop
  endfacet
  facet normal 0 0 -1
    outer loop
      vertex 42.39992376674285 16.42073904691416 0
      vertex 41.15759235025075 11.784295080726633 0
      vertex 40.11850776753655 12.014654586748938 0
    endloop
  endfacet
  facet normal 0 0 -1
    outer loop
      vertex 35.047980979662185 16.741731801207536 0
      vertex 36.51835237328981 16.935309867559674 0
      vertex 35.88149223246345 12.014654586748938 0
    endloop
  endfacet
  facet normal 0 0 -1
    outer loop
      vertex 36.51835237328981 16.935309867559674 0
      vertex 37 16.956339057091487 0
      vertex 36.93669993847857 12.153575316719294 0
    endloop
  endfacet
  facet normal 0 0 -1
    outer loop
      vertex 39.48164762671019 16.935309867559674 0
      vertex 39.06330006152143 12.153575316719294 0
      vertex 39 16.956339057091487 0
    endloop
  endfacet
  facet normal 0 0 -1
    outer loop
      vertex 39.48164762671019 16.935309867559674 0
      vertex 40.952019020337815 16.741731801207536 0
      vertex 39.06330006152143 12.153575316719294 0
    endloop
  endfacet
  facet normal 0 0 -1
    outer loop
      vertex 40.952019020337815 16.741731801207536 0
      vertex 42.39992376674285 16.42073904691416 0
      vertex 40.11850776753655 12.014654586748938 0
    endloop
  endfacet
  facet normal -0.1305261922200529 0.9914448613738103 0
    outer loop
      vertex 35.047980979662185 16.741731801207536 0
      vertex 35.047980979662185 16.741731801207536 1.6
      vertex 36.51835237328981 16.935309867559674 0
    endloop
  endfacet
  facet normal -0.04361938736533363 0.9990482215818578 0
    outer loop
      vertex 36.51835237328981 16.935309867559674 0
      vertex 36.51835237328981 16.935309867559674 1.6
      vertex 37 16.956339057091487 0
    endloop
  endfacet
  facet normal 0.04361938736533363 0.9990482215818578 6.03660928600298e-19
    outer loop
      vertex 39.48164762671019 16.935309867559674 0
      vertex 39 16.956339057091487 0
      vertex 39 16.956339057091487 1.6
    endloop
  endfacet
  facet normal 0.1305261922200529 0.9914448613738103 0
    outer loop
      vertex 39.48164762671019 16.935309867559674 0
      vertex 39.48164762671019 16.935309867559674 1.6
      vertex 40.952019020337815 16.741731801207536 0
    endloop
  endfacet
  facet normal -0.6087614290087204 0.7933533402912353 0
    outer loop
      vertex 28.249200582032216 13.92558475291286 0
      vertex 27.072610635328832 13.022755533022627 1.6
      vertex 28.249200582032216 13.92558475291286 1.6
    endloop
  endfacet
  facet normal -0.537299608346824 0.8433914458128855 0
    outer loop
      vertex 29.5 14.722431864335457 0
      vertex 28.249200582032216 13.92558475291286 1.6
      vertex 29.5 14.722431864335457 1.6
    endloop
  endfacet
  facet normal -0.46174861323503336 0.8870108331782219 0
    outer loop
      vertex 30.81548955040811 15.407232379623048 0
      vertex 29.5 14.722431864335457 1.6
      vertex 30.81548955040811 15.407232379623048 1.6
    endloop
  endfacet
  facet normal -0.38268343236509017 0.9238795325112865 0
    outer loop
      vertex 32.185657563463636 15.974774553360444 0
      vertex 30.81548955040811 15.407232379623048 1.6
      vertex 32.185657563463636 15.974774553360444 1.6
    endloop
  endfacet
  facet normal -0.30070579950427284 0.9537169507482269 0
    outer loop
      vertex 33.60007623325715 16.42073904691416 0
      vertex 32.185657563463636 15.974774553360444 1.6
      vertex 33.60007623325715 16.42073904691416 1.6
    endloop
  endfacet
  facet normal -0.21643961393810207 0.9762960071199335 0
    outer loop
      vertex 35.047980979662185 16.741731801207536 0
      vertex 33.60007623325715 16.42073904691416 1.6
      vertex 35.047980979662185 16.741731801207536 1.6
    endloop
  endfacet
  facet normal -0.1305261922200529 0.9914448613738103 0
    outer loop
      vertex 36.51835237328981 16.935309867559674 0
      vertex 35.047980979662185 16.741731801207536 1.6
      vertex 36.51835237328981 16.935309867559674 1.6
    endloop
  endfacet
  facet normal -0.04361938736533363 0.9990482215818578 -6.03660928600298e-19
    outer loop
      vertex 36.51835237328981 16.935309867559674 1.6
      vertex 37 16.956339057091487 1.6
      vertex 37 16.956339057091487 0
    endloop
  endfacet
  facet normal 0.04361938736533363 0.9990482215818578 0
    outer loop
      vertex 39.48164762671019 16.935309867559674 0
      vertex 39 16.956339057091487 1.6
      vertex 39.48164762671019 16.935309867559674 1.6
    endloop
  endfacet
  facet normal 0.1305261922200529 0.9914448613738103 0
    outer loop
      vertex 40.952019020337815 16.741731801207536 0
      vertex 39.48164762671019 16.935309867559674 1.6
      vertex 40.952019020337815 16.741731801207536 1.6
    endloop
  endfacet
  facet normal 0 0 -1
    outer loop
      vertex 48.92738936467117 13.022755533022627 0
      vertex 47.9936549403257 6.997632523482761 0
      vertex 47.34574220605153 7.842008838175778 0
    endloop
  endfacet
  facet normal 0 0 -1
    outer loop
      vertex 51.022755533022625 10.927389364671168 0
      vertex 50.2 0 0
      vertex 50.1535753167193 1.0633000615214296 0
    endloop
  endfacet
  facet normal 0 0 -1
    outer loop
      vertex 51.022755533022625 -10.927389364671168 0
      vertex 51.022755533022625 10.927389364671168 0
      vertex 51.92558475291286 9.750799417967784 0
    endloop
  endfacet
  facet normal 0 0 -1
    outer loop
      vertex 51.022755533022625 10.927389364671168 0
      vertex 50.1535753167193 1.0633000615214296 0
      vertex 50.01465458674894 2.11850776753655 0
    endloop
  endfacet
  facet normal 0 0 -1
    outer loop
      vertex 51.92558475291286 -9.750799417967784 0
      vertex 51.92558475291286 9.750799417967784 0
      vertex 52.722431864335455 8.5 0
    endloop
  endfacet
  facet normal 0 0 -1
    outer loop
      vertex 52.722431864335455 -8.5 0
      vertex 52.722431864335455 8.5 0
      vertex 53.407232379623046 7.18451044959189 0
    endloop
  endfacet
  facet normal 0 0 -1
    outer loop
      vertex 53.97477455336045 -5.814342436536368 0
      vertex 53.97477455336045 5.814342436536368 0
      vertex 54.420739046914164 4.399923766742853 0
    endloop
  endfacet
  facet normal 0 0 -1
    outer loop
      vertex 53.407232379623046 -7.18451044959189 0
      vertex 53.407232379623046 7.18451044959189 0
      vertex 53.97477455336045 5.814342436536368 0
    endloop
  endfacet
  facet normal 0.9914448613738103 0.13052619222005254 0
    outer loop
      vertex 54.935309867559674 1.4816476267101888 0
      vertex 54.741731801207536 2.952019020337816 0
      vertex 54.935309867559674 1.4816476267101888 1.6
    endloop
  endfacet
  facet normal 0.976296007119934 0.21643961393809977 0
    outer loop
      vertex 54.741731801207536 2.952019020337816 0
      vertex 54.420739046914164 4.399923766742853 0
      vertex 54.741731801207536 2.952019020337816 1.6
    endloop
  endfacet
  facet normal 0.9537169507482272 0.30070579950427234 0
    outer loop
      vertex 54.420739046914164 4.399923766742853 0
      vertex 53.97477455336045 5.814342436536368 0
      vertex 54.420739046914164 4.399923766742853 1.6
    endloop
  endfacet
  facet normal 0 0 -1
    outer loop
      vertex 50.020815280171306 12.020815280171309 0
      vertex 49.784295080726636 3.157592350250753 0
      vertex 49.46424997358808 4.172645748573158 0
    endloop
  endfacet
  facet normal 0 0 -1
    outer loop
      vertex 50.020815280171306 12.020815280171309 0
      vertex 49.46424997358808 4.172645748573158 0
      vertex 49.05695500184713 5.155942793236533 0
    endloop
  endfacet
  facet normal 0 0 -1
    outer loop
      vertex 50.020815280171306 12.020815280171309 0
      vertex 50.01465458674894 2.11850776753655 0
      vertex 49.784295080726636 3.157592350250753 0
    endloop
  endfacet
  facet normal 0 0 -1
    outer loop
      vertex 48.92738936467117 13.022755533022627 0
      vertex 48.56550992617015 6.1 0
      vertex 47.9936549403257 6.997632523482761 0
    endloop
  endfacet
  facet normal 0 0 -1
    outer loop
      vertex 50.020815280171306 12.020815280171309 0
      vertex 49.05695500184713 5.155942793236533 0
      vertex 48.56550992617015 6.1 0
    endloop
  endfacet
  facet normal 0 0 -1
    outer loop
      vertex 50.020815280171306 12.020815280171309 0
      vertex 51.022755533022625 10.927389364671168 0
      vertex 50.01465458674894 2.11850776753655 0
    endloop
  endfacet
  facet normal 0.8870108331782219 0.46174861323503336 0
    outer loop
      vertex 53.407232379623046 7.18451044959189 0
      vertex 52.722431864335455 8.5 0
      vertex 53.407232379623046 7.18451044959189 1.6
    endloop
  endfacet
  facet normal 0.923879532511285 0.3826834323650941 0
    outer loop
      vertex 53.97477455336045 5.814342436536368 0
      vertex 53.407232379623046 7.18451044959189 0
      vertex 53.97477455336045 5.814342436536368 1.6
    endloop
  endfacet
  facet normal 0.8433914458128866 0.5372996083468223 0
    outer loop
      vertex 52.722431864335455 8.5 0
      vertex 51.92558475291286 9.750799417967784 0
      vertex 52.722431864335455 8.5 1.6
    endloop
  endfacet
  facet normal 0.9914448613738103 0.13052619222005254 0
    outer loop
      vertex 54.741731801207536 2.952019020337816 0
      vertex 54.741731801207536 2.952019020337816 1.6
      vertex 54.935309867559674 1.4816476267101888 1.6
    endloop
  endfacet
  facet normal 0.976296007119934 0.21643961393809977 0
    outer loop
      vertex 54.420739046914164 4.399923766742853 0
      vertex 54.420739046914164 4.399923766742853 1.6
      vertex 54.741731801207536 2.952019020337816 1.6
    endloop
  endfacet
  facet normal 0.9537169507482272 0.30070579950427234 0
    outer loop
      vertex 53.97477455336045 5.814342436536368 0
      vertex 53.97477455336045 5.814342436536368 1.6
      vertex 54.420739046914164 4.399923766742853 1.6
    endloop
  endfacet
  facet normal 0.923879532511285 0.3826834323650941 0
    outer loop
      vertex 53.407232379623046 7.18451044959189 0
      vertex 53.407232379623046 7.18451044959189 1.6
      vertex 53.97477455336045 5.814342436536368 1.6
    endloop
  endfacet
  facet normal 0.8870108331782219 0.46174861323503336 0
    outer loop
      vertex 52.722431864335455 8.5 0
      vertex 52.722431864335455 8.5 1.6
      vertex 53.407232379623046 7.18451044959189 1.6
    endloop
  endfacet
  facet normal 0.8433914458128866 0.5372996083468223 0
    outer loop
      vertex 51.92558475291286 9.750799417967784 0
      vertex 51.92558475291286 9.750799417967784 1.6
      vertex 52.722431864335455 8.5 1.6
    endloop
  endfacet
  facet normal 0 0 -1
    outer loop
      vertex 42.39992376674285 16.42073904691416 0
      vertex 42.17264574857316 11.464249973588082 0
      vertex 41.15759235025075 11.784295080726633 0
    endloop
  endfacet
  facet normal 0 0 -1
    outer loop
      vertex 43.814342436536364 15.974774553360444 0
      vertex 43.155942793236534 11.056955001847129 0
      vertex 42.17264574857316 11.464249973588082 0
    endloop
  endfacet
  facet normal 0 0 -1
    outer loop
      vertex 45.18451044959189 15.407232379623048 0
      vertex 44.1 10.56550992617015 0
      vertex 43.155942793236534 11.056955001847129 0
    endloop
  endfacet
  facet normal 0 0 -1
    outer loop
      vertex 43.814342436536364 15.974774553360444 0
      vertex 45.18451044959189 15.407232379623048 0
      vertex 43.155942793236534 11.056955001847129 0
    endloop
  endfacet
  facet normal 0 0 -1
    outer loop
      vertex 45.18451044959189 15.407232379623048 0
      vertex 44.997632523482764 9.9936549403257 0
      vertex 44.1 10.56550992617015 0
    endloop
  endfacet
  facet normal 0 0 -1
    outer loop
      vertex 46.5 14.722431864335457 0
      vertex 45.84200883817578 9.345742206051531 0
      vertex 44.997632523482764 9.9936549403257 0
    endloop
  endfacet
  facet normal 0 0 -1
    outer loop
      vertex 47.750799417967784 13.92558475291286 0
      vertex 47.34574220605153 7.842008838175778 0
      vertex 46.626702730475884 8.62670273047588 0
    endloop
  endfacet
  facet normal 0 0 -1
    outer loop
      vertex 47.750799417967784 13.92558475291286 0
      vertex 46.626702730475884 8.62670273047588 0
      vertex 45.84200883817578 9.345742206051531 0
    endloop
  endfacet
  facet normal 0 0 -1
    outer loop
      vertex 47.750799417967784 13.92558475291286 0
      vertex 48.92738936467117 13.022755533022627 0
      vertex 47.34574220605153 7.842008838175778 0
    endloop
  endfacet
  facet normal 0 0 -1
    outer loop
      vertex 45.18451044959189 15.407232379623048 0
      vertex 46.5 14.722431864335457 0
      vertex 44.997632523482764 9.9936549403257 0
    endloop
  endfacet
  facet normal 0 0 -1
    outer loop
      vertex 46.5 14.722431864335457 0
      vertex 47.750799417967784 13.92558475291286 0
      vertex 45.84200883817578 9.345742206051531 0
    endloop
  endfacet
  facet normal 0.537299608346824 0.8433914458128855 0
    outer loop
      vertex 46.5 14.722431864335457 0
      vertex 46.5 14.722431864335457 1.6
      vertex 47.750799417967784 13.92558475291286 0
    endloop
  endfacet
  facet normal 0 0 -1
    outer loop
      vertex 42.39992376674285 16.42073904691416 0
      vertex 43.814342436536364 15.974774553360444 0
      vertex 42.17264574857316 11.464249973588082 0
    endloop
  endfacet
  facet normal 0.21643961393810207 0.9762960071199335 0
    outer loop
      vertex 40.952019020337815 16.741731801207536 0
      vertex 40.952019020337815 16.741731801207536 1.6
      vertex 42.39992376674285 16.42073904691416 0
    endloop
  endfacet
  facet normal 0.30070579950427284 0.9537169507482269 0
    outer loop
      vertex 42.39992376674285 16.42073904691416 0
      vertex 42.39992376674285 16.42073904691416 1.6
      vertex 43.814342436536364 15.974774553360444 0
    endloop
  endfacet
  facet normal 0.38268343236509017 0.9238795325112865 0
    outer loop
      vertex 43.814342436536364 15.974774553360444 0
      vertex 43.814342436536364 15.974774553360444 1.6
      vertex 45.18451044959189 15.407232379623048 0
    endloop
  endfacet
  facet normal 0.46174861323503336 0.8870108331782219 0
    outer loop
      vertex 45.18451044959189 15.407232379623048 0
      vertex 45.18451044959189 15.407232379623048 1.6
      vertex 46.5 14.722431864335457 0
    endloop
  endfacet
  facet normal 0 0 -1
    outer loop
      vertex 50.020815280171306 12.020815280171309 0
      vertex 48.56550992617015 6.1 0
      vertex 48.92738936467117 13.022755533022627 0
    endloop
  endfacet
  facet normal 0.7372773368101243 0.67559020761566 -2.3528778922541867e-18
    outer loop
      vertex 50.020815280171306 12.020815280171309 0
      vertex 51.022755533022625 10.927389364671168 1.6
      vertex 51.022755533022625 10.927389364671168 0
    endloop
  endfacet
  facet normal 0.6755902076156616 0.7372773368101226 -2.0179423564858584e-17
    outer loop
      vertex 50.020815280171306 12.020815280171309 0
      vertex 48.92738936467117 13.022755533022627 0
      vertex 48.92738936467117 13.022755533022627 1.6
    endloop
  endfacet
  facet normal 0.6087614290087193 0.7933533402912362 0
    outer loop
      vertex 47.750799417967784 13.92558475291286 0
      vertex 47.750799417967784 13.92558475291286 1.6
      vertex 48.92738936467117 13.022755533022627 0
    endloop
  endfacet
  facet normal 0.7933533402912342 0.608761429008722 0
    outer loop
      vertex 51.92558475291286 9.750799417967784 0
      vertex 51.022755533022625 10.927389364671168 0
      vertex 51.92558475291286 9.750799417967784 1.6
    endloop
  endfacet
  facet normal 0.537299608346824 0.8433914458128855 0
    outer loop
      vertex 47.750799417967784 13.92558475291286 0
      vertex 46.5 14.722431864335457 1.6
      vertex 47.750799417967784 13.92558475291286 1.6
    endloop
  endfacet
  facet normal 0.21643961393810207 0.9762960071199335 0
    outer loop
      vertex 42.39992376674285 16.42073904691416 0
      vertex 40.952019020337815 16.741731801207536 1.6
      vertex 42.39992376674285 16.42073904691416 1.6
    endloop
  endfacet
  facet normal 0.30070579950427284 0.9537169507482269 0
    outer loop
      vertex 43.814342436536364 15.974774553360444 0
      vertex 42.39992376674285 16.42073904691416 1.6
      vertex 43.814342436536364 15.974774553360444 1.6
    endloop
  endfacet
  facet normal 0.38268343236509017 0.9238795325112865 0
    outer loop
      vertex 45.18451044959189 15.407232379623048 0
      vertex 43.814342436536364 15.974774553360444 1.6
      vertex 45.18451044959189 15.407232379623048 1.6
    endloop
  endfacet
  facet normal 0.46174861323503336 0.8870108331782219 0
    outer loop
      vertex 46.5 14.722431864335457 0
      vertex 45.18451044959189 15.407232379623048 1.6
      vertex 46.5 14.722431864335457 1.6
    endloop
  endfacet
  facet normal 0.7933533402912342 0.608761429008722 0
    outer loop
      vertex 51.022755533022625 10.927389364671168 0
      vertex 51.022755533022625 10.927389364671168 1.6
      vertex 51.92558475291286 9.750799417967784 1.6
    endloop
  endfacet
  facet normal 0.7372773368101243 0.67559020761566 0
    outer loop
      vertex 50.020815280171306 12.020815280171309 0
      vertex 50.020815280171306 12.020815280171309 1.6
      vertex 51.022755533022625 10.927389364671168 1.6
    endloop
  endfacet
  facet normal 0.6087614290087193 0.7933533402912362 0
    outer loop
      vertex 48.92738936467117 13.022755533022627 0
      vertex 47.750799417967784 13.92558475291286 1.6
      vertex 48.92738936467117 13.022755533022627 1.6
    endloop
  endfacet
  facet normal 0.6755902076156616 0.7372773368101226 0
    outer loop
      vertex 50.020815280171306 12.020815280171309 0
      vertex 48.92738936467117 13.022755533022627 1.6
      vertex 50.020815280171306 12.020815280171309 1.6
    endloop
  endfacet
  facet normal 0 0 1
    outer loop
      vertex 27.072610635328832 13.022755533022627 1.6
      vertex 27.43449007382985 6.1 1.6
      vertex 28.006345059674302 6.997632523482761 1.6
    endloop
  endfacet
  facet normal 0 0 1
    outer loop
      vertex 27.072610635328832 13.022755533022627 1.6
      vertex 28.006345059674302 6.997632523482761 1.6
      vertex 28.654257793948467 7.842008838175778 1.6
    endloop
  endfacet
  facet normal 0 0 1
    outer loop
      vertex 28.249200582032216 13.92558475291286 1.6
      vertex 28.654257793948467 7.842008838175778 1.6
      vertex 29.37329726952412 8.62670273047588 1.6
    endloop
  endfacet
  facet normal 0 0 1
    outer loop
      vertex 27.072610635328832 13.022755533022627 1.6
      vertex 28.654257793948467 7.842008838175778 1.6
      vertex 28.249200582032216 13.92558475291286 1.6
    endloop
  endfacet
  facet normal 0 0 1
    outer loop
      vertex 28.249200582032216 13.92558475291286 1.6
      vertex 29.37329726952412 8.62670273047588 1.6
      vertex 30.15799116182422 9.345742206051531 1.6
    endloop
  endfacet
  facet normal 0 0 1
    outer loop
      vertex 29.5 14.722431864335457 1.6
      vertex 30.15799116182422 9.345742206051531 1.6
      vertex 31.00236747651724 9.9936549403257 1.6
    endloop
  endfacet
  facet normal 0 0 1
    outer loop
      vertex 28.249200582032216 13.92558475291286 1.6
      vertex 30.15799116182422 9.345742206051531 1.6
      vertex 29.5 14.722431864335457 1.6
    endloop
  endfacet
  facet normal 0 0 1
    outer loop
      vertex 29.5 14.722431864335457 1.6
      vertex 31.00236747651724 9.9936549403257 1.6
      vertex 30.81548955040811 15.407232379623048 1.6
    endloop
  endfacet
  facet normal 0 0 1
    outer loop
      vertex 30.81548955040811 15.407232379623048 1.6
      vertex 31.00236747651724 9.9936549403257 1.6
      vertex 31.9 10.56550992617015 1.6
    endloop
  endfacet
  facet normal 0 0 1
    outer loop
      vertex 30.81548955040811 15.407232379623048 1.6
      vertex 31.9 10.56550992617015 1.6
      vertex 32.844057206763466 11.056955001847129 1.6
    endloop
  endfacet
  facet normal 0 0 1
    outer loop
      vertex 30.81548955040811 15.407232379623048 1.6
      vertex 32.844057206763466 11.056955001847129 1.6
      vertex 32.185657563463636 15.974774553360444 1.6
    endloop
  endfacet
  facet normal 0 0 1
    outer loop
      vertex 32.185657563463636 15.974774553360444 1.6
      vertex 32.844057206763466 11.056955001847129 1.6
      vertex 33.82735425142684 11.464249973588082 1.6
    endloop
  endfacet
  facet normal 0 0 1
    outer loop
      vertex 33.60007623325715 16.42073904691416 1.6
      vertex 33.82735425142684 11.464249973588082 1.6
      vertex 34.84240764974925 11.784295080726633 1.6
    endloop
  endfacet
  facet normal 0 0 1
    outer loop
      vertex 32.185657563463636 15.974774553360444 1.6
      vertex 33.82735425142684 11.464249973588082 1.6
      vertex 33.60007623325715 16.42073904691416 1.6
    endloop
  endfacet
  facet normal 0 0 1
    outer loop
      vertex 33.60007623325715 16.42073904691416 1.6
      vertex 34.84240764974925 11.784295080726633 1.6
      vertex 35.88149223246345 12.014654586748938 1.6
    endloop
  endfacet
  facet normal 0 0 1
    outer loop
      vertex 35.047980979662185 16.741731801207536 1.6
      vertex 35.88149223246345 12.014654586748938 1.6
      vertex 36.93669993847857 12.153575316719294 1.6
    endloop
  endfacet
  facet normal 0 0 1
    outer loop
      vertex 37 12.156339057091486 1.6
      vertex 37 16.956339057091487 1.6
      vertex 36.93669993847857 12.153575316719294 1.6
    endloop
  endfacet
  facet normal 0 0 1
    outer loop
      vertex 39 16.956339057091487 1.6
      vertex 39 12.156339057091486 1.6
      vertex 39.06330006152143 12.153575316719294 1.6
    endloop
  endfacet
  facet normal 0 0 1
    outer loop
      vertex 39.48164762671019 16.935309867559674 1.6
      vertex 39.06330006152143 12.153575316719294 1.6
      vertex 40.11850776753655 12.014654586748938 1.6
    endloop
  endfacet
  facet normal 0 0 1
    outer loop
      vertex 40.952019020337815 16.741731801207536 1.6
      vertex 40.11850776753655 12.014654586748938 1.6
      vertex 41.15759235025075 11.784295080726633 1.6
    endloop
  endfacet
  facet normal 0 0 1
    outer loop
      vertex 33.60007623325715 16.42073904691416 1.6
      vertex 35.88149223246345 12.014654586748938 1.6
      vertex 35.047980979662185 16.741731801207536 1.6
    endloop
  endfacet
  facet normal 0 0 1
    outer loop
      vertex 35.047980979662185 16.741731801207536 1.6
      vertex 36.93669993847857 12.153575316719294 1.6
      vertex 36.51835237328981 16.935309867559674 1.6
    endloop
  endfacet
  facet normal 0 0 1
    outer loop
      vertex 36.51835237328981 16.935309867559674 1.6
      vertex 36.93669993847857 12.153575316719294 1.6
      vertex 37 16.956339057091487 1.6
    endloop
  endfacet
  facet normal 0 0 1
    outer loop
      vertex 39.48164762671019 16.935309867559674 1.6
      vertex 39 16.956339057091487 1.6
      vertex 39.06330006152143 12.153575316719294 1.6
    endloop
  endfacet
  facet normal 0 0 1
    outer loop
      vertex 39.48164762671019 16.935309867559674 1.6
      vertex 40.11850776753655 12.014654586748938 1.6
      vertex 40.952019020337815 16.741731801207536 1.6
    endloop
  endfacet
  facet normal 0 0 1
    outer loop
      vertex 47.750799417967784 13.92558475291286 1.6
      vertex 47.9936549403257 6.997632523482761 1.6
      vertex 48.56550992617015 6.1 1.6
    endloop
  endfacet
  facet normal 0 0 1
    outer loop
      vertex 47.750799417967784 13.92558475291286 1.6
      vertex 47.34574220605153 7.842008838175778 1.6
      vertex 47.9936549403257 6.997632523482761 1.6
    endloop
  endfacet
  facet normal 0 0 1
    outer loop
      vertex 50.020815280171306 12.020815280171309 1.6
      vertex 50.1535753167193 1.0633000615214296 1.6
      vertex 50.2 0 1.6
    endloop
  endfacet
  facet normal 0 0 1
    outer loop
      vertex 51.022755533022625 -10.927389364671168 1.6
      vertex 51.022755533022625 10.927389364671168 1.6
      vertex 50.020815280171306 12.020815280171309 1.6
    endloop
  endfacet
  facet normal 0 0 1
    outer loop
      vertex 50.020815280171306 12.020815280171309 1.6
      vertex 50.01465458674894 2.11850776753655 1.6
      vertex 50.1535753167193 1.0633000615214296 1.6
    endloop
  endfacet
  facet normal 0 0 1
    outer loop
      vertex 53.407232379623046 -7.18451044959189 1.6
      vertex 53.407232379623046 7.18451044959189 1.6
      vertex 52.722431864335455 8.5 1.6
    endloop
  endfacet
  facet normal 0 0 1
    outer loop
      vertex 54.741731801207536 -2.952019020337816 1.6
      vertex 54.741731801207536 2.952019020337816 1.6
      vertex 54.420739046914164 4.399923766742853 1.6
    endloop
  endfacet
  facet normal 0 0 1
    outer loop
      vertex 54.420739046914164 -4.399923766742853 1.6
      vertex 54.420739046914164 4.399923766742853 1.6
      vertex 53.97477455336045 5.814342436536368 1.6
    endloop
  endfacet
  facet normal 0 0 1
    outer loop
      vertex 53.97477455336045 -5.814342436536368 1.6
      vertex 53.97477455336045 5.814342436536368 1.6
      vertex 53.407232379623046 7.18451044959189 1.6
    endloop
  endfacet
  facet normal 0 0 1
    outer loop
      vertex 51.92558475291286 -9.750799417967784 1.6
      vertex 51.92558475291286 9.750799417967784 1.6
      vertex 51.022755533022625 10.927389364671168 1.6
    endloop
  endfacet
  facet normal 0 0 1
    outer loop
      vertex 52.722431864335455 -8.5 1.6
      vertex 52.722431864335455 8.5 1.6
      vertex 51.92558475291286 9.750799417967784 1.6
    endloop
  endfacet
  facet normal 0 0 1
    outer loop
      vertex 50.020815280171306 12.020815280171309 1.6
      vertex 49.46424997358808 4.172645748573158 1.6
      vertex 49.784295080726636 3.157592350250753 1.6
    endloop
  endfacet
  facet normal 0 0 1
    outer loop
      vertex 48.92738936467117 13.022755533022627 1.6
      vertex 49.05695500184713 5.155942793236533 1.6
      vertex 49.46424997358808 4.172645748573158 1.6
    endloop
  endfacet
  facet normal 0 0 1
    outer loop
      vertex 50.020815280171306 12.020815280171309 1.6
      vertex 49.784295080726636 3.157592350250753 1.6
      vertex 50.01465458674894 2.11850776753655 1.6
    endloop
  endfacet
  facet normal 0 0 1
    outer loop
      vertex 48.92738936467117 13.022755533022627 1.6
      vertex 48.56550992617015 6.1 1.6
      vertex 49.05695500184713 5.155942793236533 1.6
    endloop
  endfacet
  facet normal 0 0 1
    outer loop
      vertex 50.020815280171306 12.020815280171309 1.6
      vertex 48.92738936467117 13.022755533022627 1.6
      vertex 49.46424997358808 4.172645748573158 1.6
    endloop
  endfacet
  facet normal 0 0 1
    outer loop
      vertex 40.952019020337815 16.741731801207536 1.6
      vertex 41.15759235025075 11.784295080726633 1.6
      vertex 42.17264574857316 11.464249973588082 1.6
    endloop
  endfacet
  facet normal 0 0 1
    outer loop
      vertex 42.39992376674285 16.42073904691416 1.6
      vertex 42.17264574857316 11.464249973588082 1.6
      vertex 43.155942793236534 11.056955001847129 1.6
    endloop
  endfacet
  facet normal 0 0 1
    outer loop
      vertex 43.814342436536364 15.974774553360444 1.6
      vertex 43.155942793236534 11.056955001847129 1.6
      vertex 44.1 10.56550992617015 1.6
    endloop
  endfacet
  facet normal 0 0 1
    outer loop
      vertex 43.814342436536364 15.974774553360444 1.6
      vertex 44.1 10.56550992617015 1.6
      vertex 45.18451044959189 15.407232379623048 1.6
    endloop
  endfacet
  facet normal 0 0 1
    outer loop
      vertex 46.5 14.722431864335457 1.6
      vertex 45.84200883817578 9.345742206051531 1.6
      vertex 46.626702730475884 8.62670273047588 1.6
    endloop
  endfacet
  facet normal 0 0 1
    outer loop
      vertex 45.18451044959189 15.407232379623048 1.6
      vertex 44.997632523482764 9.9936549403257 1.6
      vertex 45.84200883817578 9.345742206051531 1.6
    endloop
  endfacet
  facet normal 0 0 1
    outer loop
      vertex 45.18451044959189 15.407232379623048 1.6
      vertex 44.1 10.56550992617015 1.6
      vertex 44.997632523482764 9.9936549403257 1.6
    endloop
  endfacet
  facet normal 0 0 1
    outer loop
      vertex 46.5 14.722431864335457 1.6
      vertex 46.626702730475884 8.62670273047588 1.6
      vertex 47.34574220605153 7.842008838175778 1.6
    endloop
  endfacet
  facet normal 0 0 1
    outer loop
      vertex 46.5 14.722431864335457 1.6
      vertex 47.34574220605153 7.842008838175778 1.6
      vertex 47.750799417967784 13.92558475291286 1.6
    endloop
  endfacet
  facet normal 0 0 1
    outer loop
      vertex 45.18451044959189 15.407232379623048 1.6
      vertex 45.84200883817578 9.345742206051531 1.6
      vertex 46.5 14.722431864335457 1.6
    endloop
  endfacet
  facet normal 0 0 1
    outer loop
      vertex 40.952019020337815 16.741731801207536 1.6
      vertex 42.17264574857316 11.464249973588082 1.6
      vertex 42.39992376674285 16.42073904691416 1.6
    endloop
  endfacet
  facet normal 0 0 1
    outer loop
      vertex 42.39992376674285 16.42073904691416 1.6
      vertex 43.155942793236534 11.056955001847129 1.6
      vertex 43.814342436536364 15.974774553360444 1.6
    endloop
  endfacet
  facet normal 0 0 1
    outer loop
      vertex 47.750799417967784 13.92558475291286 1.6
      vertex 48.56550992617015 6.1 1.6
      vertex 48.92738936467117 13.022755533022627 1.6
    endloop
  endfacet
  facet normal 0.8870108331782216 0.4617486132350341 -7.854673861107201e-18
    outer loop
      vertex 27.43449007382985 -6.1 0
      vertex 26.94304499815287 -5.155942793236533 0
      vertex 26.94304499815287 -5.155942793236533 1.6
    endloop
  endfacet
  facet normal 0.9238795325112867 0.3826834323650899 -4.065668246907554e-18
    outer loop
      vertex 26.94304499815287 -5.155942793236533 0
      vertex 26.535750026411918 -4.172645748573158 0
      vertex 26.535750026411918 -4.172645748573158 1.6
    endloop
  endfacet
  facet normal 0.9537169507482269 0.3007057995042732 4.226178400133175e-18
    outer loop
      vertex 26.535750026411918 -4.172645748573158 0
      vertex 26.215704919273367 -3.157592350250753 0
      vertex 26.215704919273367 -3.157592350250753 1.6
    endloop
  endfacet
  facet normal 0.976296007119933 0.21643961393810418 0
    outer loop
      vertex 25.98534541325106 -2.11850776753655 1.6
      vertex 26.215704919273367 -3.157592350250753 0
      vertex 25.98534541325106 -2.11850776753655 0
    endloop
  endfacet
  facet normal 0.9914448613738106 0.13052619222004957 -6.790675961164568e-18
    outer loop
      vertex 25.98534541325106 -2.11850776753655 0
      vertex 25.846424683280706 -1.0633000615214296 0
      vertex 25.846424683280706 -1.0633000615214296 1.6
    endloop
  endfacet
  facet normal 0.9990482215818579 0.0436193873653364 -1.6341387819319774e-18
    outer loop
      vertex 25.846424683280706 -1.0633000615214296 0
      vertex 25.8 0 0
      vertex 25.8 0 1.6
    endloop
  endfacet
  facet normal 0.9990482215818579 -0.0436193873653364 1.6341387819319774e-18
    outer loop
      vertex 25.8 0 0
      vertex 25.846424683280706 1.0633000615214296 0
      vertex 25.846424683280706 1.0633000615214296 1.6
    endloop
  endfacet
  facet normal 0.8870108331782216 0.4617486132350341 -7.854673861107201e-18
    outer loop
      vertex 26.94304499815287 -5.155942793236533 1.6
      vertex 27.43449007382985 -6.1 1.6
      vertex 27.43449007382985 -6.1 0
    endloop
  endfacet
  facet normal 0.9238795325112867 0.3826834323650899 -4.065668246907554e-18
    outer loop
      vertex 26.535750026411918 -4.172645748573158 1.6
      vertex 26.94304499815287 -5.155942793236533 1.6
      vertex 26.94304499815287 -5.155942793236533 0
    endloop
  endfacet
  facet normal 0.9537169507482269 0.3007057995042732 0
    outer loop
      vertex 26.535750026411918 -4.172645748573158 0
      vertex 26.215704919273367 -3.157592350250753 1.6
      vertex 26.535750026411918 -4.172645748573158 1.6
    endloop
  endfacet
  facet normal 0.976296007119933 0.21643961393810418 6.3771561719692585e-18
    outer loop
      vertex 25.98534541325106 -2.11850776753655 1.6
      vertex 26.215704919273367 -3.157592350250753 1.6
      vertex 26.215704919273367 -3.157592350250753 0
    endloop
  endfacet
  facet normal 0.9914448613738106 0.13052619222004957 -6.790675961164568e-18
    outer loop
      vertex 25.846424683280706 -1.0633000615214296 1.6
      vertex 25.98534541325106 -2.11850776753655 1.6
      vertex 25.98534541325106 -2.11850776753655 0
    endloop
  endfacet
  facet normal 0.9990482215818579 0.0436193873653364 0
    outer loop
      vertex 25.846424683280706 -1.0633000615214296 0
      vertex 25.8 0 1.6
      vertex 25.846424683280706 -1.0633000615214296 1.6
    endloop
  endfacet
  facet normal 0.9990482215818579 -0.0436193873653364 0
    outer loop
      vertex 25.8 0 0
      vertex 25.846424683280706 1.0633000615214296 1.6
      vertex 25.8 0 1.6
    endloop
  endfacet
  facet normal 0.9914448613738106 -0.13052619222004957 6.790675961164568e-18
    outer loop
      vertex 25.846424683280706 1.0633000615214296 0
      vertex 25.98534541325106 2.11850776753655 0
      vertex 25.98534541325106 2.11850776753655 1.6
    endloop
  endfacet
  facet normal 0.976296007119933 -0.21643961393810418 0
    outer loop
      vertex 26.215704919273367 3.157592350250753 1.6
      vertex 25.98534541325106 2.11850776753655 0
      vertex 26.215704919273367 3.157592350250753 0
    endloop
  endfacet
  facet normal 0.9537169507482269 -0.3007057995042732 -4.226178400133175e-18
    outer loop
      vertex 26.215704919273367 3.157592350250753 0
      vertex 26.535750026411918 4.172645748573158 0
      vertex 26.535750026411918 4.172645748573158 1.6
    endloop
  endfacet
  facet normal 0.9238795325112867 -0.3826834323650899 4.065668246907554e-18
    outer loop
      vertex 26.535750026411918 4.172645748573158 0
      vertex 26.94304499815287 5.155942793236533 0
      vertex 26.94304499815287 5.155942793236533 1.6
    endloop
  endfacet
  facet normal 0.8870108331782216 -0.4617486132350341 7.854673861107201e-18
    outer loop
      vertex 26.94304499815287 5.155942793236533 0
      vertex 27.43449007382985 6.1 0
      vertex 27.43449007382985 6.1 1.6
    endloop
  endfacet
  facet normal 0.9914448613738106 -0.13052619222004957 6.790675961164568e-18
    outer loop
      vertex 25.98534541325106 2.11850776753655 1.6
      vertex 25.846424683280706 1.0633000615214296 1.6
      vertex 25.846424683280706 1.0633000615214296 0
    endloop
  endfacet
  facet normal 0.976296007119933 -0.21643961393810418 -6.3771561719692585e-18
    outer loop
      vertex 26.215704919273367 3.157592350250753 1.6
      vertex 25.98534541325106 2.11850776753655 1.6
      vertex 25.98534541325106 2.11850776753655 0
    endloop
  endfacet
  facet normal 0.9537169507482269 -0.3007057995042732 -4.226178400133175e-18
    outer loop
      vertex 26.535750026411918 4.172645748573158 1.6
      vertex 26.215704919273367 3.157592350250753 1.6
      vertex 26.215704919273367 3.157592350250753 0
    endloop
  endfacet
  facet normal 0.9238795325112867 -0.3826834323650899 0
    outer loop
      vertex 26.535750026411918 4.172645748573158 0
      vertex 26.94304499815287 5.155942793236533 1.6
      vertex 26.535750026411918 4.172645748573158 1.6
    endloop
  endfacet
  facet normal 0.8870108331782216 -0.4617486132350341 7.854673861107201e-18
    outer loop
      vertex 27.43449007382985 6.1 1.6
      vertex 26.94304499815287 5.155942793236533 1.6
      vertex 26.94304499815287 5.155942793236533 0
    endloop
  endfacet
  facet normal 0.737277336810125 0.6755902076156592 1.4774560832353065e-17
    outer loop
      vertex 29.37329726952412 -8.62670273047588 0
      vertex 28.654257793948467 -7.842008838175778 0
      vertex 28.654257793948467 -7.842008838175778 1.6
    endloop
  endfacet
  facet normal 0.6087614290087204 0.7933533402912354 0
    outer loop
      vertex 30.15799116182422 -9.345742206051531 0
      vertex 30.15799116182422 -9.345742206051531 1.6
      vertex 31.00236747651724 -9.9936549403257 0
    endloop
  endfacet
  facet normal 0.6755902076156588 0.7372773368101254 -3.037900037919323e-17
    outer loop
      vertex 30.15799116182422 -9.345742206051531 0
      vertex 29.37329726952412 -8.62670273047588 0
      vertex 29.37329726952412 -8.62670273047588 1.6
    endloop
  endfacet
  facet normal 0.46174861323503374 0.8870108331782218 0
    outer loop
      vertex 31.9 -10.56550992617015 0
      vertex 31.9 -10.56550992617015 1.6
      vertex 32.844057206763466 -11.056955001847129 0
    endloop
  endfacet
  facet normal 0.3007057995042724 0.9537169507482272 0
    outer loop
      vertex 33.82735425142684 -11.464249973588082 0
      vertex 33.82735425142684 -11.464249973588082 1.6
      vertex 34.84240764974925 -11.784295080726633 0
    endloop
  endfacet
  facet normal 0.38268343236509017 0.9238795325112866 0
    outer loop
      vertex 32.844057206763466 -11.056955001847129 0
      vertex 32.844057206763466 -11.056955001847129 1.6
      vertex 33.82735425142684 -11.464249973588082 0
    endloop
  endfacet
  facet normal 0.537299608346825 0.8433914458128848 0
    outer loop
      vertex 31.00236747651724 -9.9936549403257 1.6
      vertex 31.9 -10.56550992617015 0
      vertex 31.00236747651724 -9.9936549403257 0
    endloop
  endfacet
  facet normal 0.2164396139381026 0.9762960071199335 0
    outer loop
      vertex 34.84240764974925 -11.784295080726633 0
      vertex 34.84240764974925 -11.784295080726633 1.6
      vertex 35.88149223246345 -12.014654586748938 0
    endloop
  endfacet
  facet normal 0.13052619222005157 0.9914448613738105 0
    outer loop
      vertex 35.88149223246345 -12.014654586748938 0
      vertex 35.88149223246345 -12.014654586748938 1.6
      vertex 36.93669993847857 -12.153575316719294 0
    endloop
  endfacet
  facet normal 0.043619387365336326 0.9990482215818577 0
    outer loop
      vertex 36.93669993847857 -12.153575316719294 0
      vertex 36.93669993847857 -12.153575316719294 1.6
      vertex 38 -12.2 0
    endloop
  endfacet
  facet normal -0.043619387365336326 0.9990482215818577 0
    outer loop
      vertex 38 -12.2 1.6
      vertex 39.06330006152143 -12.153575316719294 0
      vertex 38 -12.2 0
    endloop
  endfacet
  facet normal -0.13052619222005157 0.9914448613738105 0
    outer loop
      vertex 39.06330006152143 -12.153575316719294 0
      vertex 39.06330006152143 -12.153575316719294 1.6
      vertex 40.11850776753655 -12.014654586748938 0
    endloop
  endfacet
  facet normal -0.2164396139381026 0.9762960071199335 0
    outer loop
      vertex 40.11850776753655 -12.014654586748938 0
      vertex 40.11850776753655 -12.014654586748938 1.6
      vertex 41.15759235025075 -11.784295080726633 0
    endloop
  endfacet
  facet normal 0.737277336810125 0.6755902076156592 1.4774560832353065e-17
    outer loop
      vertex 28.654257793948467 -7.842008838175778 1.6
      vertex 29.37329726952412 -8.62670273047588 1.6
      vertex 29.37329726952412 -8.62670273047588 0
    endloop
  endfacet
  facet normal 0.6087614290087204 0.7933533402912354 0
    outer loop
      vertex 31.00236747651724 -9.9936549403257 1.6
      vertex 31.00236747651724 -9.9936549403257 0
      vertex 30.15799116182422 -9.345742206051531 1.6
    endloop
  endfacet
  facet normal 0.6755902076156588 0.7372773368101254 0
    outer loop
      vertex 30.15799116182422 -9.345742206051531 0
      vertex 29.37329726952412 -8.62670273047588 1.6
      vertex 30.15799116182422 -9.345742206051531 1.6
    endloop
  endfacet
  facet normal 0.537299608346825 0.8433914458128848 0
    outer loop
      vertex 31.9 -10.56550992617015 0
      vertex 31.00236747651724 -9.9936549403257 1.6
      vertex 31.9 -10.56550992617015 1.6
    endloop
  endfacet
  facet normal 0.46174861323503374 0.8870108331782218 0
    outer loop
      vertex 32.844057206763466 -11.056955001847129 0
      vertex 31.9 -10.56550992617015 1.6
      vertex 32.844057206763466 -11.056955001847129 1.6
    endloop
  endfacet
  facet normal 0.38268343236509017 0.9238795325112866 0
    outer loop
      vertex 33.82735425142684 -11.464249973588082 0
      vertex 32.844057206763466 -11.056955001847129 1.6
      vertex 33.82735425142684 -11.464249973588082 1.6
    endloop
  endfacet
  facet normal 0.3007057995042724 0.9537169507482272 -7.57967842224305e-18
    outer loop
      vertex 33.82735425142684 -11.464249973588082 1.6
      vertex 34.84240764974925 -11.784295080726633 1.6
      vertex 34.84240764974925 -11.784295080726633 0
    endloop
  endfacet
  facet normal 0.2164396139381026 0.9762960071199335 0
    outer loop
      vertex 35.88149223246345 -12.014654586748938 0
      vertex 34.84240764974925 -11.784295080726633 1.6
      vertex 35.88149223246345 -12.014654586748938 1.6
    endloop
  endfacet
  facet normal 0.13052619222005157 0.9914448613738105 0
    outer loop
      vertex 36.93669993847857 -12.153575316719294 0
      vertex 35.88149223246345 -12.014654586748938 1.6
      vertex 36.93669993847857 -12.153575316719294 1.6
    endloop
  endfacet
  facet normal 0.043619387365336326 0.9990482215818577 0
    outer loop
      vertex 38 -12.2 0
      vertex 36.93669993847857 -12.153575316719294 1.6
      vertex 38 -12.2 1.6
    endloop
  endfacet
  facet normal -0.043619387365336326 0.9990482215818577 0
    outer loop
      vertex 39.06330006152143 -12.153575316719294 0
      vertex 38 -12.2 1.6
      vertex 39.06330006152143 -12.153575316719294 1.6
    endloop
  endfacet
  facet normal -0.13052619222005157 0.9914448613738105 0
    outer loop
      vertex 40.11850776753655 -12.014654586748938 0
      vertex 39.06330006152143 -12.153575316719294 1.6
      vertex 40.11850776753655 -12.014654586748938 1.6
    endloop
  endfacet
  facet normal -0.2164396139381026 0.9762960071199335 0
    outer loop
      vertex 41.15759235025075 -11.784295080726633 1.6
      vertex 41.15759235025075 -11.784295080726633 0
      vertex 40.11850776753655 -12.014654586748938 1.6
    endloop
  endfacet
  facet normal 0.7933533402912364 0.6087614290087191 -2.5382474822659394e-17
    outer loop
      vertex 28.654257793948467 -7.842008838175778 0
      vertex 28.006345059674302 -6.997632523482761 0
      vertex 28.006345059674302 -6.997632523482761 1.6
    endloop
  endfacet
  facet normal 0.8433914458128849 0.5372996083468251 3.083255571793557e-17
    outer loop
      vertex 28.006345059674302 -6.997632523482761 0
      vertex 27.43449007382985 -6.1 0
      vertex 27.43449007382985 -6.1 1.6
    endloop
  endfacet
  facet normal 0.7933533402912364 0.6087614290087191 -2.5382474822659394e-17
    outer loop
      vertex 28.006345059674302 -6.997632523482761 1.6
      vertex 28.654257793948467 -7.842008838175778 1.6
      vertex 28.654257793948467 -7.842008838175778 0
    endloop
  endfacet
  facet normal 0.8433914458128849 0.5372996083468251 3.083255571793557e-17
    outer loop
      vertex 27.43449007382985 -6.1 1.6
      vertex 28.006345059674302 -6.997632523482761 1.6
      vertex 28.006345059674302 -6.997632523482761 0
    endloop
  endfacet
  facet normal -0.3007057995042724 0.9537169507482272 7.57967842224305e-18
    outer loop
      vertex 42.17264574857316 -11.464249973588082 0
      vertex 41.15759235025075 -11.784295080726633 0
      vertex 41.15759235025075 -11.784295080726633 1.6
    endloop
  endfacet
  facet normal -0.38268343236509017 0.9238795325112866 0
    outer loop
      vertex 42.17264574857316 -11.464249973588082 1.6
      vertex 43.155942793236534 -11.056955001847129 0
      vertex 42.17264574857316 -11.464249973588082 0
    endloop
  endfacet
  facet normal -0.46174861323503374 0.8870108331782218 0
    outer loop
      vertex 43.155942793236534 -11.056955001847129 0
      vertex 43.155942793236534 -11.056955001847129 1.6
      vertex 44.1 -10.56550992617015 0
    endloop
  endfacet
  facet normal -0.5372996083468236 0.8433914458128858 0
    outer loop
      vertex 44.1 -10.56550992617015 0
      vertex 44.1 -10.56550992617015 1.6
      vertex 44.997632523482764 -9.9936549403257 0
    endloop
  endfacet
  facet normal -0.608761429008722 0.793353340291234 0
    outer loop
      vertex 44.997632523482764 -9.9936549403257 0
      vertex 44.997632523482764 -9.9936549403257 1.6
      vertex 45.84200883817578 -9.345742206051531 0
    endloop
  endfacet
  facet normal -0.675590207615657 0.737277336810127 0
    outer loop
      vertex 45.84200883817578 -9.345742206051531 0
      vertex 45.84200883817578 -9.345742206051531 1.6
      vertex 46.626702730475884 -8.62670273047588 0
    endloop
  endfacet
  facet normal -0.7372773368101266 0.6755902076156574 -2.1959455388977193e-17
    outer loop
      vertex 47.34574220605153 -7.842008838175778 0
      vertex 46.626702730475884 -8.62670273047588 0
      vertex 46.626702730475884 -8.62670273047588 1.6
    endloop
  endfacet
  facet normal -0.3007057995042724 0.9537169507482272 0
    outer loop
      vertex 42.17264574857316 -11.464249973588082 0
      vertex 41.15759235025075 -11.784295080726633 1.6
      vertex 42.17264574857316 -11.464249973588082 1.6
    endloop
  endfacet
  facet normal -0.38268343236509017 0.9238795325112866 0
    outer loop
      vertex 43.155942793236534 -11.056955001847129 0
      vertex 42.17264574857316 -11.464249973588082 1.6
      vertex 43.155942793236534 -11.056955001847129 1.6
    endloop
  endfacet
  facet normal -0.46174861323503374 0.8870108331782218 0
    outer loop
      vertex 44.1 -10.56550992617015 0
      vertex 43.155942793236534 -11.056955001847129 1.6
      vertex 44.1 -10.56550992617015 1.6
    endloop
  endfacet
  facet normal -0.5372996083468236 0.8433914458128858 0
    outer loop
      vertex 44.997632523482764 -9.9936549403257 0
      vertex 44.1 -10.56550992617015 1.6
      vertex 44.997632523482764 -9.9936549403257 1.6
    endloop
  endfacet
  facet normal -0.608761429008722 0.793353340291234 0
    outer loop
      vertex 45.84200883817578 -9.345742206051531 0
      vertex 44.997632523482764 -9.9936549403257 1.6
      vertex 45.84200883817578 -9.345742206051531 1.6
    endloop
  endfacet
  facet normal -0.675590207615657 0.737277336810127 0
    outer loop
      vertex 46.626702730475884 -8.62670273047588 1.6
      vertex 46.626702730475884 -8.62670273047588 0
      vertex 45.84200883817578 -9.345742206051531 1.6
    endloop
  endfacet
  facet normal -0.7372773368101266 0.6755902076156574 0
    outer loop
      vertex 47.34574220605153 -7.842008838175778 0
      vertex 46.626702730475884 -8.62670273047588 1.6
      vertex 47.34574220605153 -7.842008838175778 1.6
    endloop
  endfacet
  facet normal -0.7933533402912364 0.6087614290087191 2.5382474822659394e-17
    outer loop
      vertex 47.9936549403257 -6.997632523482761 0
      vertex 47.34574220605153 -7.842008838175778 0
      vertex 47.34574220605153 -7.842008838175778 1.6
    endloop
  endfacet
  facet normal -0.8433914458128849 0.5372996083468251 -3.083255571793557e-17
    outer loop
      vertex 48.56550992617015 -6.1 0
      vertex 47.9936549403257 -6.997632523482761 0
      vertex 47.9936549403257 -6.997632523482761 1.6
    endloop
  endfacet
  facet normal -0.8870108331782216 0.4617486132350341 7.854673861107201e-18
    outer loop
      vertex 49.05695500184713 -5.155942793236533 0
      vertex 48.56550992617015 -6.1 0
      vertex 48.56550992617015 -6.1 1.6
    endloop
  endfacet
  facet normal -0.9238795325112867 0.3826834323650899 4.065668246907554e-18
    outer loop
      vertex 49.46424997358808 -4.172645748573158 0
      vertex 49.05695500184713 -5.155942793236533 0
      vertex 49.05695500184713 -5.155942793236533 1.6
    endloop
  endfacet
  facet normal -0.9537169507482259 0.30070579950427617 -5.41869472295367e-18
    outer loop
      vertex 49.784295080726636 -3.157592350250753 0
      vertex 49.46424997358808 -4.172645748573158 0
      vertex 49.46424997358808 -4.172645748573158 1.6
    endloop
  endfacet
  facet normal -0.9762960071199338 0.21643961393810104 -6.423226710547946e-18
    outer loop
      vertex 50.01465458674894 -2.11850776753655 0
      vertex 49.784295080726636 -3.157592350250753 0
      vertex 49.784295080726636 -3.157592350250753 1.6
    endloop
  endfacet
  facet normal -0.9914448613738103 0.13052619222005288 7.875966975128807e-18
    outer loop
      vertex 50.1535753167193 -1.0633000615214296 0
      vertex 50.01465458674894 -2.11850776753655 0
      vertex 50.01465458674894 -2.11850776753655 1.6
    endloop
  endfacet
  facet normal -0.9990482215818579 0.0436193873653364 0
    outer loop
      vertex 50.1535753167193 -1.0633000615214296 1.6
      vertex 50.2 0 0
      vertex 50.1535753167193 -1.0633000615214296 0
    endloop
  endfacet
  facet normal -0.9990482215818579 -0.0436193873653364 0
    outer loop
      vertex 50.2 0 0
      vertex 50.2 0 1.6
      vertex 50.1535753167193 1.0633000615214296 0
    endloop
  endfacet
  facet normal -0.7933533402912364 0.6087614290087191 2.5382474822659394e-17
    outer loop
      vertex 47.34574220605153 -7.842008838175778 1.6
      vertex 47.9936549403257 -6.997632523482761 1.6
      vertex 47.9936549403257 -6.997632523482761 0
    endloop
  endfacet
  facet normal -0.8433914458128849 0.5372996083468251 0
    outer loop
      vertex 48.56550992617015 -6.1 0
      vertex 47.9936549403257 -6.997632523482761 1.6
      vertex 48.56550992617015 -6.1 1.6
    endloop
  endfacet
  facet normal -0.8870108331782216 0.4617486132350341 7.854673861107201e-18
    outer loop
      vertex 48.56550992617015 -6.1 1.6
      vertex 49.05695500184713 -5.155942793236533 1.6
      vertex 49.05695500184713 -5.155942793236533 0
    endloop
  endfacet
  facet normal -0.9238795325112867 0.3826834323650899 0
    outer loop
      vertex 49.46424997358808 -4.172645748573158 0
      vertex 49.05695500184713 -5.155942793236533 1.6
      vertex 49.46424997358808 -4.172645748573158 1.6
    endloop
  endfacet
  facet normal -0.9537169507482259 0.30070579950427617 -5.41869472295367e-18
    outer loop
      vertex 49.46424997358808 -4.172645748573158 1.6
      vertex 49.784295080726636 -3.157592350250753 1.6
      vertex 49.784295080726636 -3.157592350250753 0
    endloop
  endfacet
  facet normal -0.9762960071199338 0.21643961393810104 0
    outer loop
      vertex 50.01465458674894 -2.11850776753655 0
      vertex 49.784295080726636 -3.157592350250753 1.6
      vertex 50.01465458674894 -2.11850776753655 1.6
    endloop
  endfacet
  facet normal -0.9914448613738103 0.13052619222005288 7.875966975128807e-18
    outer loop
      vertex 50.01465458674894 -2.11850776753655 1.6
      vertex 50.1535753167193 -1.0633000615214296 1.6
      vertex 50.1535753167193 -1.0633000615214296 0
    endloop
  endfacet
  facet normal -0.9990482215818579 0.0436193873653364 1.6341387819319774e-18
    outer loop
      vertex 50.1535753167193 -1.0633000615214296 1.6
      vertex 50.2 0 1.6
      vertex 50.2 0 0
    endloop
  endfacet
  facet normal -0.9990482215818579 -0.0436193873653364 0
    outer loop
      vertex 50.1535753167193 1.0633000615214296 1.6
      vertex 50.1535753167193 1.0633000615214296 0
      vertex 50.2 0 1.6
    endloop
  endfacet
  facet normal 0.8433914458128849 -0.5372996083468251 -3.083255571793557e-17
    outer loop
      vertex 27.43449007382985 6.1 0
      vertex 28.006345059674302 6.997632523482761 0
      vertex 28.006345059674302 6.997632523482761 1.6
    endloop
  endfacet
  facet normal 0.7933533402912364 -0.6087614290087191 2.5382474822659394e-17
    outer loop
      vertex 28.006345059674302 6.997632523482761 0
      vertex 28.654257793948467 7.842008838175778 0
      vertex 28.654257793948467 7.842008838175778 1.6
    endloop
  endfacet
  facet normal 0.737277336810125 -0.6755902076156592 -1.4774560832353065e-17
    outer loop
      vertex 28.654257793948467 7.842008838175778 0
      vertex 29.37329726952412 8.62670273047588 0
      vertex 29.37329726952412 8.62670273047588 1.6
    endloop
  endfacet
  facet normal 0.6755902076156588 -0.7372773368101254 0
    outer loop
      vertex 30.15799116182422 9.345742206051531 0
      vertex 30.15799116182422 9.345742206051531 1.6
      vertex 29.37329726952412 8.62670273047588 0
    endloop
  endfacet
  facet normal 0.6087614290087204 -0.7933533402912354 0
    outer loop
      vertex 31.00236747651724 9.9936549403257 1.6
      vertex 30.15799116182422 9.345742206051531 0
      vertex 31.00236747651724 9.9936549403257 0
    endloop
  endfacet
  facet normal 0.8433914458128849 -0.5372996083468251 0
    outer loop
      vertex 27.43449007382985 6.1 0
      vertex 28.006345059674302 6.997632523482761 1.6
      vertex 27.43449007382985 6.1 1.6
    endloop
  endfacet
  facet normal 0.7933533402912364 -0.6087614290087191 2.5382474822659394e-17
    outer loop
      vertex 28.654257793948467 7.842008838175778 1.6
      vertex 28.006345059674302 6.997632523482761 1.6
      vertex 28.006345059674302 6.997632523482761 0
    endloop
  endfacet
  facet normal 0.737277336810125 -0.6755902076156592 0
    outer loop
      vertex 28.654257793948467 7.842008838175778 0
      vertex 29.37329726952412 8.62670273047588 1.6
      vertex 28.654257793948467 7.842008838175778 1.6
    endloop
  endfacet
  facet normal 0.6755902076156588 -0.7372773368101254 0
    outer loop
      vertex 29.37329726952412 8.62670273047588 0
      vertex 30.15799116182422 9.345742206051531 1.6
      vertex 29.37329726952412 8.62670273047588 1.6
    endloop
  endfacet
  facet normal 0.6087614290087204 -0.7933533402912354 0
    outer loop
      vertex 30.15799116182422 9.345742206051531 0
      vertex 31.00236747651724 9.9936549403257 1.6
      vertex 30.15799116182422 9.345742206051531 1.6
    endloop
  endfacet
  facet normal 0.537299608346825 -0.8433914458128848 0
    outer loop
      vertex 31.9 10.56550992617015 0
      vertex 31.9 10.56550992617015 1.6
      vertex 31.00236747651724 9.9936549403257 0
    endloop
  endfacet
  facet normal 0.46174861323503374 -0.8870108331782218 0
    outer loop
      vertex 32.844057206763466 11.056955001847129 0
      vertex 32.844057206763466 11.056955001847129 1.6
      vertex 31.9 10.56550992617015 0
    endloop
  endfacet
  facet normal 0.38268343236509017 -0.9238795325112866 0
    outer loop
      vertex 33.82735425142684 11.464249973588082 1.6
      vertex 32.844057206763466 11.056955001847129 0
      vertex 33.82735425142684 11.464249973588082 0
    endloop
  endfacet
  facet normal 0.3007057995042724 -0.9537169507482272 7.57967842224305e-18
    outer loop
      vertex 33.82735425142684 11.464249973588082 0
      vertex 34.84240764974925 11.784295080726633 0
      vertex 34.84240764974925 11.784295080726633 1.6
    endloop
  endfacet
  facet normal 0.2164396139381026 -0.9762960071199335 0
    outer loop
      vertex 35.88149223246345 12.014654586748938 0
      vertex 35.88149223246345 12.014654586748938 1.6
      vertex 34.84240764974925 11.784295080726633 0
    endloop
  endfacet
  facet normal 0.13052619222005157 -0.9914448613738105 -6.29899751522649e-18
    outer loop
      vertex 35.88149223246345 12.014654586748938 0
      vertex 36.93669993847857 12.153575316719294 0
      vertex 36.93669993847857 12.153575316719294 1.6
    endloop
  endfacet
  facet normal 0.043619387365325425 -0.9990482215818581 4.107464211686019e-20
    outer loop
      vertex 36.93669993847857 12.153575316719294 0
      vertex 37 12.156339057091486 0
      vertex 37 12.156339057091486 1.6
    endloop
  endfacet
  facet normal -0.043619387365325425 -0.9990482215818581 -4.107464211686019e-20
    outer loop
      vertex 39 12.156339057091486 0
      vertex 39.06330006152143 12.153575316719294 0
      vertex 39.06330006152143 12.153575316719294 1.6
    endloop
  endfacet
  facet normal -0.13052619222005157 -0.9914448613738105 0
    outer loop
      vertex 40.11850776753655 12.014654586748938 0
      vertex 40.11850776753655 12.014654586748938 1.6
      vertex 39.06330006152143 12.153575316719294 0
    endloop
  endfacet
  facet normal -0.2164396139381026 -0.9762960071199335 0
    outer loop
      vertex 41.15759235025075 11.784295080726633 1.6
      vertex 40.11850776753655 12.014654586748938 0
      vertex 41.15759235025075 11.784295080726633 0
    endloop
  endfacet
  facet normal 0.537299608346825 -0.8433914458128848 0
    outer loop
      vertex 31.00236747651724 9.9936549403257 1.6
      vertex 31.00236747651724 9.9936549403257 0
      vertex 31.9 10.56550992617015 1.6
    endloop
  endfacet
  facet normal 0.46174861323503374 -0.8870108331782218 0
    outer loop
      vertex 31.9 10.56550992617015 0
      vertex 32.844057206763466 11.056955001847129 1.6
      vertex 31.9 10.56550992617015 1.6
    endloop
  endfacet
  facet normal 0.38268343236509017 -0.9238795325112866 0
    outer loop
      vertex 32.844057206763466 11.056955001847129 0
      vertex 33.82735425142684 11.464249973588082 1.6
      vertex 32.844057206763466 11.056955001847129 1.6
    endloop
  endfacet
  facet normal 0.3007057995042724 -0.9537169507482272 0
    outer loop
      vertex 33.82735425142684 11.464249973588082 0
      vertex 34.84240764974925 11.784295080726633 1.6
      vertex 33.82735425142684 11.464249973588082 1.6
    endloop
  endfacet
  facet normal 0.2164396139381026 -0.9762960071199335 0
    outer loop
      vertex 34.84240764974925 11.784295080726633 0
      vertex 35.88149223246345 12.014654586748938 1.6
      vertex 34.84240764974925 11.784295080726633 1.6
    endloop
  endfacet
  facet normal 0.13052619222005157 -0.9914448613738105 0
    outer loop
      vertex 35.88149223246345 12.014654586748938 0
      vertex 36.93669993847857 12.153575316719294 1.6
      vertex 35.88149223246345 12.014654586748938 1.6
    endloop
  endfacet
  facet normal 0.043619387365325425 -0.9990482215818581 0
    outer loop
      vertex 36.93669993847857 12.153575316719294 0
      vertex 37 12.156339057091486 1.6
      vertex 36.93669993847857 12.153575316719294 1.6
    endloop
  endfacet
  facet normal -0.043619387365325425 -0.9990482215818581 0
    outer loop
      vertex 39 12.156339057091486 0
      vertex 39.06330006152143 12.153575316719294 1.6
      vertex 39 12.156339057091486 1.6
    endloop
  endfacet
  facet normal -0.13052619222005157 -0.9914448613738105 0
    outer loop
      vertex 39.06330006152143 12.153575316719294 0
      vertex 40.11850776753655 12.014654586748938 1.6
      vertex 39.06330006152143 12.153575316719294 1.6
    endloop
  endfacet
  facet normal -0.2164396139381026 -0.9762960071199335 0
    outer loop
      vertex 40.11850776753655 12.014654586748938 0
      vertex 41.15759235025075 11.784295080726633 1.6
      vertex 40.11850776753655 12.014654586748938 1.6
    endloop
  endfacet
  facet normal -0.7933533402912364 -0.6087614290087191 -2.5382474822659394e-17
    outer loop
      vertex 47.34574220605153 7.842008838175778 0
      vertex 47.9936549403257 6.997632523482761 0
      vertex 47.9936549403257 6.997632523482761 1.6
    endloop
  endfacet
  facet normal -0.675590207615657 -0.737277336810127 -3.0982925039585265e-17
    outer loop
      vertex 45.84200883817578 9.345742206051531 0
      vertex 46.626702730475884 8.62670273047588 0
      vertex 46.626702730475884 8.62670273047588 1.6
    endloop
  endfacet
  facet normal -0.608761429008722 -0.793353340291234 0
    outer loop
      vertex 45.84200883817578 9.345742206051531 0
      vertex 45.84200883817578 9.345742206051531 1.6
      vertex 44.997632523482764 9.9936549403257 0
    endloop
  endfacet
  facet normal -0.7372773368101266 -0.6755902076156574 2.1959455388977193e-17
    outer loop
      vertex 46.626702730475884 8.62670273047588 0
      vertex 47.34574220605153 7.842008838175778 0
      vertex 47.34574220605153 7.842008838175778 1.6
    endloop
  endfacet
  facet normal -0.9914448613738103 -0.13052619222005288 -7.875966975128807e-18
    outer loop
      vertex 50.01465458674894 2.11850776753655 0
      vertex 50.1535753167193 1.0633000615214296 0
      vertex 50.1535753167193 1.0633000615214296 1.6
    endloop
  endfacet
  facet normal -0.9762960071199338 -0.21643961393810104 6.423226710547946e-18
    outer loop
      vertex 49.784295080726636 3.157592350250753 0
      vertex 50.01465458674894 2.11850776753655 0
      vertex 50.01465458674894 2.11850776753655 1.6
    endloop
  endfacet
  facet normal -0.9537169507482259 -0.30070579950427617 5.41869472295367e-18
    outer loop
      vertex 49.46424997358808 4.172645748573158 0
      vertex 49.784295080726636 3.157592350250753 0
      vertex 49.784295080726636 3.157592350250753 1.6
    endloop
  endfacet
  facet normal -0.8870108331782216 -0.4617486132350341 -7.854673861107201e-18
    outer loop
      vertex 48.56550992617015 6.1 0
      vertex 49.05695500184713 5.155942793236533 0
      vertex 49.05695500184713 5.155942793236533 1.6
    endloop
  endfacet
  facet normal -0.9238795325112867 -0.3826834323650899 -4.065668246907554e-18
    outer loop
      vertex 49.05695500184713 5.155942793236533 0
      vertex 49.46424997358808 4.172645748573158 0
      vertex 49.46424997358808 4.172645748573158 1.6
    endloop
  endfacet
  facet normal -0.8433914458128849 -0.5372996083468251 3.083255571793557e-17
    outer loop
      vertex 47.9936549403257 6.997632523482761 0
      vertex 48.56550992617015 6.1 0
      vertex 48.56550992617015 6.1 1.6
    endloop
  endfacet
  facet normal -0.7933533402912364 -0.6087614290087191 -2.5382474822659394e-17
    outer loop
      vertex 47.9936549403257 6.997632523482761 1.6
      vertex 47.34574220605153 7.842008838175778 1.6
      vertex 47.34574220605153 7.842008838175778 0
    endloop
  endfacet
  facet normal -0.608761429008722 -0.793353340291234 0
    outer loop
      vertex 44.997632523482764 9.9936549403257 0
      vertex 45.84200883817578 9.345742206051531 1.6
      vertex 44.997632523482764 9.9936549403257 1.6
    endloop
  endfacet
  facet normal -0.675590207615657 -0.737277336810127 0
    outer loop
      vertex 45.84200883817578 9.345742206051531 0
      vertex 46.626702730475884 8.62670273047588 1.6
      vertex 45.84200883817578 9.345742206051531 1.6
    endloop
  endfacet
  facet normal -0.7372773368101266 -0.6755902076156574 2.1959455388977193e-17
    outer loop
      vertex 47.34574220605153 7.842008838175778 1.6
      vertex 46.626702730475884 8.62670273047588 1.6
      vertex 46.626702730475884 8.62670273047588 0
    endloop
  endfacet
  facet normal -0.9914448613738103 -0.13052619222005288 -7.875966975128807e-18
    outer loop
      vertex 50.1535753167193 1.0633000615214296 1.6
      vertex 50.01465458674894 2.11850776753655 1.6
      vertex 50.01465458674894 2.11850776753655 0
    endloop
  endfacet
  facet normal -0.9762960071199338 -0.21643961393810104 0
    outer loop
      vertex 49.784295080726636 3.157592350250753 0
      vertex 50.01465458674894 2.11850776753655 1.6
      vertex 49.784295080726636 3.157592350250753 1.6
    endloop
  endfacet
  facet normal -0.9537169507482259 -0.30070579950427617 0
    outer loop
      vertex 49.46424997358808 4.172645748573158 0
      vertex 49.784295080726636 3.157592350250753 1.6
      vertex 49.46424997358808 4.172645748573158 1.6
    endloop
  endfacet
  facet normal -0.9238795325112867 -0.3826834323650899 -4.065668246907554e-18
    outer loop
      vertex 49.46424997358808 4.172645748573158 1.6
      vertex 49.05695500184713 5.155942793236533 1.6
      vertex 49.05695500184713 5.155942793236533 0
    endloop
  endfacet
  facet normal -0.8870108331782216 -0.4617486132350341 -7.854673861107201e-18
    outer loop
      vertex 49.05695500184713 5.155942793236533 1.6
      vertex 48.56550992617015 6.1 1.6
      vertex 48.56550992617015 6.1 0
    endloop
  endfacet
  facet normal -0.8433914458128849 -0.5372996083468251 3.083255571793557e-17
    outer loop
      vertex 48.56550992617015 6.1 1.6
      vertex 47.9936549403257 6.997632523482761 1.6
      vertex 47.9936549403257 6.997632523482761 0
    endloop
  endfacet
  facet normal -0.3007057995042724 -0.9537169507482272 0
    outer loop
      vertex 42.17264574857316 11.464249973588082 0
      vertex 42.17264574857316 11.464249973588082 1.6
      vertex 41.15759235025075 11.784295080726633 0
    endloop
  endfacet
  facet normal -0.38268343236509017 -0.9238795325112866 0
    outer loop
      vertex 43.155942793236534 11.056955001847129 0
      vertex 43.155942793236534 11.056955001847129 1.6
      vertex 42.17264574857316 11.464249973588082 0
    endloop
  endfacet
  facet normal -0.46174861323503374 -0.8870108331782218 0
    outer loop
      vertex 44.1 10.56550992617015 0
      vertex 44.1 10.56550992617015 1.6
      vertex 43.155942793236534 11.056955001847129 0
    endloop
  endfacet
  facet normal -0.5372996083468236 -0.8433914458128858 0
    outer loop
      vertex 44.997632523482764 9.9936549403257 0
      vertex 44.997632523482764 9.9936549403257 1.6
      vertex 44.1 10.56550992617015 0
    endloop
  endfacet
  facet normal -0.3007057995042724 -0.9537169507482272 -7.57967842224305e-18
    outer loop
      vertex 42.17264574857316 11.464249973588082 1.6
      vertex 41.15759235025075 11.784295080726633 1.6
      vertex 41.15759235025075 11.784295080726633 0
    endloop
  endfacet
  facet normal -0.38268343236509017 -0.9238795325112866 0
    outer loop
      vertex 42.17264574857316 11.464249973588082 0
      vertex 43.155942793236534 11.056955001847129 1.6
      vertex 42.17264574857316 11.464249973588082 1.6
    endloop
  endfacet
  facet normal -0.46174861323503374 -0.8870108331782218 0
    outer loop
      vertex 43.155942793236534 11.056955001847129 0
      vertex 44.1 10.56550992617015 1.6
      vertex 43.155942793236534 11.056955001847129 1.6
    endloop
  endfacet
  facet normal -0.5372996083468236 -0.8433914458128858 0
    outer loop
      vertex 44.1 10.56550992617015 0
      vertex 44.997632523482764 9.9936549403257 1.6
      vertex 44.1 10.56550992617015 1.6
    endloop
  endfacet
  facet normal -1 0 0
    outer loop
      vertex 39 12.156339057091486 0
      vertex 39 12.156339057091486 1.6
      vertex 39 16.956339057091487 0
    endloop
  endfacet
  facet normal 1 0 0
    outer loop
      vertex 37 12.156339057091486 0
      vertex 37 16.956339057091487 0
      vertex 37 16.956339057091487 1.6
    endloop
  endfacet
  facet normal 1 0 0
    outer loop
      vertex 37 12.156339057091486 0
      vertex 37 16.956339057091487 1.6
      vertex 37 12.156339057091486 1.6
    endloop
  endfacet
  facet normal -1 0 0
    outer loop
      vertex 39 12.156339057091486 1.6
      vertex 39 16.956339057091487 1.6
      vertex 39 16.956339057091487 0
    endloop
  endfacet
  facet normal 0.4539904997395733 -0.8910065241883544 -3.7267143232914304e-19
    outer loop
      vertex -24.685410196624968 22.070633909777094 0
      vertex -24.78974835525955 22.017470962599383 3.2
      vertex -24.78974835525955 22.017470962599383 0
    endloop
  endfacet
  facet normal 0.15643446504023106 -0.9876883405951377 0
    outer loop
      vertex -24.5 22.1 0
      vertex -24.5 22.1 3.2
      vertex -24.685410196624968 22.070633909777094 0
    endloop
  endfacet
  facet normal -0.45399049973955535 -0.8910065241883635 0
    outer loop
      vertex -24.147328848624518 21.98541019662497 0
      vertex -24.147328848624518 21.98541019662497 3.2
      vertex -24.314589803375032 22.070633909777094 0
    endloop
  endfacet
  facet normal -0.15643446504023106 -0.9876883405951377 0
    outer loop
      vertex -24.314589803375032 22.070633909777094 0
      vertex -24.314589803375032 22.070633909777094 3.2
      vertex -24.5 22.1 0
    endloop
  endfacet
  facet normal -0.8910065241883717 -0.4539904997395394 -6.60488343552177e-19
    outer loop
      vertex -23.96626455893525 21.757827518956866 0
      vertex -24.01458980337503 21.852671151375485 3.2
      vertex -24.01458980337503 21.852671151375485 0
    endloop
  endfacet
  facet normal -0.707106781186538 -0.7071067811865569 -7.986193844172647e-19
    outer loop
      vertex -24.147328848624518 21.98541019662497 0
      vertex -24.01458980337503 21.852671151375485 0
      vertex -24.01458980337503 21.852671151375485 3.2
    endloop
  endfacet
  facet normal 0.4539904997395733 -0.8910065241883544 0
    outer loop
      vertex -24.685410196624968 22.070633909777094 0
      vertex -24.685410196624968 22.070633909777094 3.2
      vertex -24.78974835525955 22.017470962599383 3.2
    endloop
  endfacet
  facet normal 0.15643446504023106 -0.9876883405951377 0
    outer loop
      vertex -24.685410196624968 22.070633909777094 0
      vertex -24.5 22.1 3.2
      vertex -24.685410196624968 22.070633909777094 3.2
    endloop
  endfacet
  facet normal -0.45399049973955535 -0.8910065241883635 0
    outer loop
      vertex -24.314589803375032 22.070633909777094 0
      vertex -24.147328848624518 21.98541019662497 3.2
      vertex -24.314589803375032 22.070633909777094 3.2
    endloop
  endfacet
  facet normal -0.707106781186538 -0.7071067811865569 0
    outer loop
      vertex -24.147328848624518 21.98541019662497 0
      vertex -24.01458980337503 21.852671151375485 3.2
      vertex -24.147328848624518 21.98541019662497 3.2
    endloop
  endfacet
  facet normal -0.15643446504023106 -0.9876883405951377 0
    outer loop
      vertex -24.5 22.1 0
      vertex -24.314589803375032 22.070633909777094 3.2
      vertex -24.5 22.1 3.2
    endloop
  endfacet
  facet normal -0.8910065241883717 -0.4539904997395394 0
    outer loop
      vertex -23.96626455893525 21.757827518956866 0
      vertex -23.96626455893525 21.757827518956866 3.2
      vertex -24.01458980337503 21.852671151375485 3.2
    endloop
  endfacet
  facet normal 0.9876883405951377 0.15643446504023167 0
    outer loop
      vertex -22.583900695790526 21.398352993662208 0
      vertex -22.6 21.5 0
      vertex -22.583900695790526 21.398352993662208 3.2
    endloop
  endfacet
  facet normal 0.9876883405951377 -0.15643446504023106 -3.8477903255199426e-19
    outer loop
      vertex -22.6 21.5 0
      vertex -22.570633909777094 21.685410196624968 0
      vertex -22.570633909777094 21.685410196624968 3.2
    endloop
  endfacet
  facet normal 0.8910065241883673 -0.45399049973954764 3.7496139325730594e-19
    outer loop
      vertex -22.570633909777094 21.685410196624968 0
      vertex -22.48541019662497 21.852671151375485 0
      vertex -22.48541019662497 21.852671151375485 3.2
    endloop
  endfacet
  facet normal 0.707106781186538 -0.7071067811865569 7.986193844172647e-19
    outer loop
      vertex -22.48541019662497 21.852671151375485 0
      vertex -22.352671151375482 21.98541019662497 0
      vertex -22.352671151375482 21.98541019662497 3.2
    endloop
  endfacet
  facet normal 0.45399049973955535 -0.8910065241883635 0
    outer loop
      vertex -22.185410196624968 22.070633909777094 0
      vertex -22.185410196624968 22.070633909777094 3.2
      vertex -22.352671151375482 21.98541019662497 0
    endloop
  endfacet
  facet normal 0.15643446504023106 -0.9876883405951377 0
    outer loop
      vertex -22 22.1 0
      vertex -22 22.1 3.2
      vertex -22.185410196624968 22.070633909777094 0
    endloop
  endfacet
  facet normal -0.45399049973955535 -0.8910065241883635 0
    outer loop
      vertex -21.647328848624518 21.98541019662497 0
      vertex -21.647328848624518 21.98541019662497 3.2
      vertex -21.814589803375032 22.070633909777094 0
    endloop
  endfacet
  facet normal -0.707106781186538 -0.7071067811865569 -7.986193844172647e-19
    outer loop
      vertex -21.647328848624518 21.98541019662497 0
      vertex -21.51458980337503 21.852671151375485 0
      vertex -21.51458980337503 21.852671151375485 3.2
    endloop
  endfacet
  facet normal -0.15643446504023106 -0.9876883405951377 0
    outer loop
      vertex -21.814589803375032 22.070633909777094 0
      vertex -21.814589803375032 22.070633909777094 3.2
      vertex -22 22.1 0
    endloop
  endfacet
  facet normal -0.8910065241883653 0.45399049973955163 -8.184067982115411e-19
    outer loop
      vertex -21.489115113157844 21.197325743269257 0
      vertex -21.429366090222906 21.314589803375032 3.2
      vertex -21.429366090222906 21.314589803375032 0
    endloop
  endfacet
  facet normal -0.9876883405951377 0.15643446504023106 -3.8477903255199426e-19
    outer loop
      vertex -21.4 21.5 0
      vertex -21.429366090222906 21.314589803375032 0
      vertex -21.429366090222906 21.314589803375032 3.2
    endloop
  endfacet
  facet normal -0.9876883405951377 -0.15643446504023106 3.8477903255199426e-19
    outer loop
      vertex -21.429366090222906 21.685410196624968 0
      vertex -21.4 21.5 0
      vertex -21.4 21.5 3.2
    endloop
  endfacet
  facet normal -0.8910065241883673 -0.45399049973954764 -3.7496139325730594e-19
    outer loop
      vertex -21.51458980337503 21.852671151375485 0
      vertex -21.429366090222906 21.685410196624968 0
      vertex -21.429366090222906 21.685410196624968 3.2
    endloop
  endfacet
  facet normal 0.9876883405951377 0.15643446504023167 2.690010348063619e-19
    outer loop
      vertex -22.583900695790526 21.398352993662208 3.2
      vertex -22.6 21.5 0
      vertex -22.6 21.5 3.2
    endloop
  endfacet
  facet normal 0.9876883405951377 -0.15643446504023106 0
    outer loop
      vertex -22.6 21.5 0
      vertex -22.570633909777094 21.685410196624968 3.2
      vertex -22.6 21.5 3.2
    endloop
  endfacet
  facet normal 0.8910065241883673 -0.45399049973954764 0
    outer loop
      vertex -22.570633909777094 21.685410196624968 0
      vertex -22.48541019662497 21.852671151375485 3.2
      vertex -22.570633909777094 21.685410196624968 3.2
    endloop
  endfacet
  facet normal 0.707106781186538 -0.7071067811865569 0
    outer loop
      vertex -22.48541019662497 21.852671151375485 0
      vertex -22.352671151375482 21.98541019662497 3.2
      vertex -22.48541019662497 21.852671151375485 3.2
    endloop
  endfacet
  facet normal 0.45399049973955535 -0.8910065241883635 0
    outer loop
      vertex -22.352671151375482 21.98541019662497 0
      vertex -22.185410196624968 22.070633909777094 3.2
      vertex -22.352671151375482 21.98541019662497 3.2
    endloop
  endfacet
  facet normal 0.15643446504023106 -0.9876883405951377 0
    outer loop
      vertex -22.185410196624968 22.070633909777094 0
      vertex -22 22.1 3.2
      vertex -22.185410196624968 22.070633909777094 3.2
    endloop
  endfacet
  facet normal -0.15643446504023106 -0.9876883405951377 0
    outer loop
      vertex -22 22.1 0
      vertex -21.814589803375032 22.070633909777094 3.2
      vertex -22 22.1 3.2
    endloop
  endfacet
  facet normal -0.45399049973955535 -0.8910065241883635 0
    outer loop
      vertex -21.814589803375032 22.070633909777094 0
      vertex -21.647328848624518 21.98541019662497 3.2
      vertex -21.814589803375032 22.070633909777094 3.2
    endloop
  endfacet
  facet normal -0.8910065241883673 -0.45399049973954764 0
    outer loop
      vertex -21.51458980337503 21.852671151375485 0
      vertex -21.429366090222906 21.685410196624968 3.2
      vertex -21.51458980337503 21.852671151375485 3.2
    endloop
  endfacet
  facet normal -0.707106781186538 -0.7071067811865569 0
    outer loop
      vertex -21.647328848624518 21.98541019662497 0
      vertex -21.51458980337503 21.852671151375485 3.2
      vertex -21.647328848624518 21.98541019662497 3.2
    endloop
  endfacet
  facet normal -0.8910065241883653 0.45399049973955163 0
    outer loop
      vertex -21.489115113157844 21.197325743269257 3.2
      vertex -21.429366090222906 21.314589803375032 3.2
      vertex -21.489115113157844 21.197325743269257 0
    endloop
  endfacet
  facet normal -0.9876883405951377 0.15643446504023106 0
    outer loop
      vertex -21.4 21.5 0
      vertex -21.429366090222906 21.314589803375032 3.2
      vertex -21.4 21.5 3.2
    endloop
  endfacet
  facet normal -0.9876883405951377 -0.15643446504023106 0
    outer loop
      vertex -21.429366090222906 21.685410196624968 0
      vertex -21.4 21.5 3.2
      vertex -21.429366090222906 21.685410196624968 3.2
    endloop
  endfacet
  facet normal 0.7071067811865476 0.7071067811865476 0
    outer loop
      vertex -19.876343323830472 21.038261975830018 0
      vertex -19.98541019662497 21.147328848624515 0
      vertex -19.876343323830472 21.038261975830018 3.2
    endloop
  endfacet
  facet normal -0.45399049973949934 0.891006524188392 0
    outer loop
      vertex -19.147328848624515 21.01458980337503 0
      vertex -19.16207484931883 21.007076340743016 0
      vertex -19.147328848624515 21.01458980337503 3.2
    endloop
  endfacet
  facet normal -0.7071067811865476 0.7071067811865476 0
    outer loop
      vertex -19.147328848624515 21.01458980337503 0
      vertex -19.147328848624515 21.01458980337503 3.2
      vertex -19.01458980337503 21.147328848624515 0
    endloop
  endfacet
  facet normal -0.8910065241883673 0.45399049973954764 3.7496139325730594e-19
    outer loop
      vertex -18.929366090222906 21.314589803375032 0
      vertex -19.01458980337503 21.147328848624515 0
      vertex -19.01458980337503 21.147328848624515 3.2
    endloop
  endfacet
  facet normal 0.8910065241883673 0.45399049973954764 -3.7496139325730594e-19
    outer loop
      vertex -19.98541019662497 21.147328848624515 0
      vertex -20.070633909777094 21.314589803375032 0
      vertex -20.070633909777094 21.314589803375032 3.2
    endloop
  endfacet
  facet normal 0.9876883405951377 0.15643446504023106 3.8477903255199426e-19
    outer loop
      vertex -20.070633909777094 21.314589803375032 0
      vertex -20.1 21.5 0
      vertex -20.1 21.5 3.2
    endloop
  endfacet
  facet normal 0.9876883405951377 -0.15643446504023106 -3.8477903255199426e-19
    outer loop
      vertex -20.1 21.5 0
      vertex -20.070633909777094 21.685410196624968 0
      vertex -20.070633909777094 21.685410196624968 3.2
    endloop
  endfacet
  facet normal 0.8910065241883673 -0.45399049973954764 3.7496139325730594e-19
    outer loop
      vertex -20.070633909777094 21.685410196624968 0
      vertex -19.98541019662497 21.852671151375485 0
      vertex -19.98541019662497 21.852671151375485 3.2
    endloop
  endfacet
  facet normal 0.7071067811865476 -0.7071067811865476 1.2330460055525373e-18
    outer loop
      vertex -19.98541019662497 21.852671151375485 0
      vertex -19.852671151375485 21.98541019662497 0
      vertex -19.852671151375485 21.98541019662497 3.2
    endloop
  endfacet
  facet normal -0.9876883405951377 0.15643446504023106 -3.8477903255199426e-19
    outer loop
      vertex -18.9 21.5 0
      vertex -18.929366090222906 21.314589803375032 0
      vertex -18.929366090222906 21.314589803375032 3.2
    endloop
  endfacet
  facet normal -0.9876883405951377 -0.15643446504023106 3.8477903255199426e-19
    outer loop
      vertex -18.929366090222906 21.685410196624968 0
      vertex -18.9 21.5 0
      vertex -18.9 21.5 3.2
    endloop
  endfacet
  facet normal -0.8910065241883673 -0.45399049973954764 -3.7496139325730594e-19
    outer loop
      vertex -19.01458980337503 21.852671151375485 0
      vertex -18.929366090222906 21.685410196624968 0
      vertex -18.929366090222906 21.685410196624968 3.2
    endloop
  endfacet
  facet normal 0.45399049973954764 -0.8910065241883673 0
    outer loop
      vertex -19.685410196624968 22.070633909777094 0
      vertex -19.685410196624968 22.070633909777094 3.2
      vertex -19.852671151375485 21.98541019662497 0
    endloop
  endfacet
  facet normal 0.15643446504023106 -0.9876883405951377 0
    outer loop
      vertex -19.5 22.1 0
      vertex -19.5 22.1 3.2
      vertex -19.685410196624968 22.070633909777094 0
    endloop
  endfacet
  facet normal -0.15643446504023106 -0.9876883405951377 0
    outer loop
      vertex -19.314589803375032 22.070633909777094 0
      vertex -19.314589803375032 22.070633909777094 3.2
      vertex -19.5 22.1 0
    endloop
  endfacet
  facet normal -0.45399049973954764 -0.8910065241883673 0
    outer loop
      vertex -19.147328848624515 21.98541019662497 0
      vertex -19.147328848624515 21.98541019662497 3.2
      vertex -19.314589803375032 22.070633909777094 0
    endloop
  endfacet
  facet normal -0.7071067811865476 -0.7071067811865476 -1.2330460055525373e-18
    outer loop
      vertex -19.147328848624515 21.98541019662497 0
      vertex -19.01458980337503 21.852671151375485 0
      vertex -19.01458980337503 21.852671151375485 3.2
    endloop
  endfacet
  facet normal 0.8910065241883673 0.45399049973954764 0
    outer loop
      vertex -19.98541019662497 21.147328848624515 0
      vertex -20.070633909777094 21.314589803375032 3.2
      vertex -19.98541019662497 21.147328848624515 3.2
    endloop
  endfacet
  facet normal 0.7071067811865476 0.7071067811865476 -6.006489595923914e-19
    outer loop
      vertex -19.876343323830472 21.038261975830018 3.2
      vertex -19.98541019662497 21.147328848624515 0
      vertex -19.98541019662497 21.147328848624515 3.2
    endloop
  endfacet
  facet normal -0.45399049973949934 0.891006524188392 -5.730845319289345e-20
    outer loop
      vertex -19.147328848624515 21.01458980337503 3.2
      vertex -19.16207484931883 21.007076340743016 0
      vertex -19.16207484931883 21.007076340743016 3.2
    endloop
  endfacet
  facet normal -0.7071067811865476 0.7071067811865476 0
    outer loop
      vertex -19.01458980337503 21.147328848624515 0
      vertex -19.147328848624515 21.01458980337503 3.2
      vertex -19.01458980337503 21.147328848624515 3.2
    endloop
  endfacet
  facet normal 0.9876883405951377 0.15643446504023106 0
    outer loop
      vertex -20.070633909777094 21.314589803375032 0
      vertex -20.1 21.5 3.2
      vertex -20.070633909777094 21.314589803375032 3.2
    endloop
  endfacet
  facet normal 0.9876883405951377 -0.15643446504023106 0
    outer loop
      vertex -20.1 21.5 0
      vertex -20.070633909777094 21.685410196624968 3.2
      vertex -20.1 21.5 3.2
    endloop
  endfacet
  facet normal 0.8910065241883673 -0.45399049973954764 0
    outer loop
      vertex -20.070633909777094 21.685410196624968 0
      vertex -19.98541019662497 21.852671151375485 3.2
      vertex -20.070633909777094 21.685410196624968 3.2
    endloop
  endfacet
  facet normal 0.7071067811865476 -0.7071067811865476 0
    outer loop
      vertex -19.98541019662497 21.852671151375485 0
      vertex -19.852671151375485 21.98541019662497 3.2
      vertex -19.98541019662497 21.852671151375485 3.2
    endloop
  endfacet
  facet normal 0.45399049973954764 -0.8910065241883673 0
    outer loop
      vertex -19.852671151375485 21.98541019662497 0
      vertex -19.685410196624968 22.070633909777094 3.2
      vertex -19.852671151375485 21.98541019662497 3.2
    endloop
  endfacet
  facet normal -0.8910065241883673 0.45399049973954764 3.7496139325730594e-19
    outer loop
      vertex -19.01458980337503 21.147328848624515 3.2
      vertex -18.929366090222906 21.314589803375032 3.2
      vertex -18.929366090222906 21.314589803375032 0
    endloop
  endfacet
  facet normal -0.9876883405951377 0.15643446504023106 0
    outer loop
      vertex -18.9 21.5 0
      vertex -18.929366090222906 21.314589803375032 3.2
      vertex -18.9 21.5 3.2
    endloop
  endfacet
  facet normal -0.9876883405951377 -0.15643446504023106 0
    outer loop
      vertex -18.929366090222906 21.685410196624968 0
      vertex -18.9 21.5 3.2
      vertex -18.929366090222906 21.685410196624968 3.2
    endloop
  endfacet
  facet normal 0.15643446504023106 -0.9876883405951377 0
    outer loop
      vertex -19.685410196624968 22.070633909777094 0
      vertex -19.5 22.1 3.2
      vertex -19.685410196624968 22.070633909777094 3.2
    endloop
  endfacet
  facet normal -0.15643446504023106 -0.9876883405951377 0
    outer loop
      vertex -19.5 22.1 0
      vertex -19.314589803375032 22.070633909777094 3.2
      vertex -19.5 22.1 3.2
    endloop
  endfacet
  facet normal -0.45399049973954764 -0.8910065241883673 0
    outer loop
      vertex -19.314589803375032 22.070633909777094 0
      vertex -19.147328848624515 21.98541019662497 3.2
      vertex -19.314589803375032 22.070633909777094 3.2
    endloop
  endfacet
  facet normal -0.8910065241883673 -0.45399049973954764 -3.7496139325730594e-19
    outer loop
      vertex -18.929366090222906 21.685410196624968 3.2
      vertex -19.01458980337503 21.852671151375485 3.2
      vertex -19.01458980337503 21.852671151375485 0
    endloop
  endfacet
  facet normal -0.7071067811865476 -0.7071067811865476 -1.2330460055525373e-18
    outer loop
      vertex -19.01458980337503 21.852671151375485 3.2
      vertex -19.147328848624515 21.98541019662497 3.2
      vertex -19.147328848624515 21.98541019662497 0
    endloop
  endfacet
  facet normal 0 0 -1
    outer loop
      vertex -28.750799417967784 24.07441524708714 0
      vertex -26.84200883817578 28.654257793948467 0
      vertex -27.5 23.277568135664545 0
    endloop
  endfacet
  facet normal 0 0 -1
    outer loop
      vertex -29.927389364671168 24.977244466977375 0
      vertex -31.02081528017131 25.97918471982869 0
      vertex -29.56550992617015 31.9 0
    endloop
  endfacet
  facet normal 0 0 -1
    outer loop
      vertex -29.927389364671168 24.977244466977375 0
      vertex -28.345742206051533 30.15799116182422 0
      vertex -28.750799417967784 24.07441524708714 0
    endloop
  endfacet
  facet normal 0 0 -1
    outer loop
      vertex -28.750799417967784 24.07441524708714 0
      vertex -27.62670273047588 29.37329726952412 0
      vertex -26.84200883817578 28.654257793948467 0
    endloop
  endfacet
  facet normal 0 0 -1
    outer loop
      vertex -28.750799417967784 24.07441524708714 0
      vertex -28.345742206051533 30.15799116182422 0
      vertex -27.62670273047588 29.37329726952412 0
    endloop
  endfacet
  facet normal -0.7372773368101254 -0.6755902076156587 0
    outer loop
      vertex -32.022755533022625 27.072610635328832 0
      vertex -31.02081528017131 25.97918471982869 0
      vertex -32.022755533022625 27.072610635328832 3.2
    endloop
  endfacet
  facet normal -0.7933533402912342 -0.608761429008722 -1.996940825184804e-17
    outer loop
      vertex -32.022755533022625 27.072610635328832 0
      vertex -32.92558475291286 28.249200582032216 3.2
      vertex -32.92558475291286 28.249200582032216 0
    endloop
  endfacet
  facet normal -0.6755902076156587 -0.7372773368101254 0
    outer loop
      vertex -29.927389364671168 24.977244466977375 0
      vertex -29.927389364671168 24.977244466977375 3.2
      vertex -31.02081528017131 25.97918471982869 0
    endloop
  endfacet
  facet normal -0.608761429008722 -0.7933533402912342 -1.996940825184804e-17
    outer loop
      vertex -29.927389364671168 24.977244466977375 0
      vertex -28.750799417967784 24.07441524708714 0
      vertex -28.750799417967784 24.07441524708714 3.2
    endloop
  endfacet
  facet normal -0.5372996083468223 -0.8433914458128866 -9.538150072605299e-18
    outer loop
      vertex -28.750799417967784 24.07441524708714 0
      vertex -27.5 23.277568135664545 0
      vertex -27.5 23.277568135664545 3.2
    endloop
  endfacet
  facet normal 0 0 -1
    outer loop
      vertex -34.407232379623046 30.81548955040811 0
      vertex -34.97477455336045 32.185657563463636 0
      vertex -34.407232379623046 45.18451044959189 0
    endloop
  endfacet
  facet normal 0 0 -1
    outer loop
      vertex -34.97477455336045 32.185657563463636 0
      vertex -35.420739046914164 33.60007623325715 0
      vertex -34.97477455336045 43.814342436536364 0
    endloop
  endfacet
  facet normal 0 0 -1
    outer loop
      vertex -32.022755533022625 27.072610635328832 0
      vertex -31.01465458674894 35.88149223246345 0
      vertex -31.02081528017131 25.97918471982869 0
    endloop
  endfacet
  facet normal 0 0 -1
    outer loop
      vertex -31.02081528017131 25.97918471982869 0
      vertex -31.01465458674894 35.88149223246345 0
      vertex -30.784295080726633 34.84240764974925 0
    endloop
  endfacet
  facet normal 0 0 -1
    outer loop
      vertex -29.927389364671168 24.977244466977375 0
      vertex -29.56550992617015 31.9 0
      vertex -28.993654940325698 31.00236747651724 0
    endloop
  endfacet
  facet normal 0 0 -1
    outer loop
      vertex -29.927389364671168 24.977244466977375 0
      vertex -28.993654940325698 31.00236747651724 0
      vertex -28.345742206051533 30.15799116182422 0
    endloop
  endfacet
  facet normal 0 0 -1
    outer loop
      vertex -31.02081528017131 25.97918471982869 0
      vertex -30.05695500184713 32.844057206763466 0
      vertex -29.56550992617015 31.9 0
    endloop
  endfacet
  facet normal 0 0 -1
    outer loop
      vertex -31.02081528017131 25.97918471982869 0
      vertex -30.464249973588082 33.82735425142684 0
      vertex -30.05695500184713 32.844057206763466 0
    endloop
  endfacet
  facet normal 0 0 -1
    outer loop
      vertex -31.02081528017131 25.97918471982869 0
      vertex -30.784295080726633 34.84240764974925 0
      vertex -30.464249973588082 33.82735425142684 0
    endloop
  endfacet
  facet normal 0 0 -1
    outer loop
      vertex -32.022755533022625 27.072610635328832 0
      vertex -31.153575316719294 36.93669993847857 0
      vertex -31.01465458674894 35.88149223246345 0
    endloop
  endfacet
  facet normal 0 0 -1
    outer loop
      vertex -32.022755533022625 27.072610635328832 0
      vertex -31.2 38 0
      vertex -31.153575316719294 36.93669993847857 0
    endloop
  endfacet
  facet normal 0 0 -1
    outer loop
      vertex -34.407232379623046 30.81548955040811 0
      vertex -33.722431864335455 46.5 0
      vertex -33.722431864335455 29.5 0
    endloop
  endfacet
  facet normal 0 0 -1
    outer loop
      vertex -32.92558475291286 28.249200582032216 0
      vertex -33.722431864335455 29.5 0
      vertex -32.92558475291286 47.750799417967784 0
    endloop
  endfacet
  facet normal 0 0 -1
    outer loop
      vertex -32.022755533022625 27.072610635328832 0
      vertex -32.92558475291286 28.249200582032216 0
      vertex -32.022755533022625 48.92738936467117 0
    endloop
  endfacet
  facet normal -0.9238795325112853 -0.3826834323650932 -8.0190979329487915e-19
    outer loop
      vertex -34.407232379623046 30.81548955040811 0
      vertex -34.97477455336045 32.185657563463636 3.2
      vertex -34.97477455336045 32.185657563463636 0
    endloop
  endfacet
  facet normal -0.9537169507482269 -0.30070579950427284 6.120355816722987e-19
    outer loop
      vertex -34.97477455336045 32.185657563463636 0
      vertex -35.420739046914164 33.60007623325715 3.2
      vertex -35.420739046914164 33.60007623325715 0
    endloop
  endfacet
  facet normal -0.976296007119934 -0.21643961393809977 1.9374821730373058e-18
    outer loop
      vertex -35.420739046914164 33.60007623325715 0
      vertex -35.741731801207536 35.047980979662185 3.2
      vertex -35.741731801207536 35.047980979662185 0
    endloop
  endfacet
  facet normal -0.9914448613738103 -0.1305261922200529 -3.18679541022545e-18
    outer loop
      vertex -35.741731801207536 35.047980979662185 0
      vertex -35.935309867559674 36.51835237328981 3.2
      vertex -35.935309867559674 36.51835237328981 0
    endloop
  endfacet
  facet normal -0.8433914458128866 -0.5372996083468223 -9.538150072605299e-18
    outer loop
      vertex -32.92558475291286 28.249200582032216 0
      vertex -33.722431864335455 29.5 3.2
      vertex -33.722431864335455 29.5 0
    endloop
  endfacet
  facet normal -0.8870108331782219 -0.46174861323503336 0
    outer loop
      vertex -34.407232379623046 30.81548955040811 0
      vertex -33.722431864335455 29.5 0
      vertex -34.407232379623046 30.81548955040811 3.2
    endloop
  endfacet
  facet normal -0.7372773368101254 -0.6755902076156587 0
    outer loop
      vertex -31.02081528017131 25.97918471982869 0
      vertex -31.02081528017131 25.97918471982869 3.2
      vertex -32.022755533022625 27.072610635328832 3.2
    endloop
  endfacet
  facet normal -0.7933533402912342 -0.608761429008722 0
    outer loop
      vertex -32.022755533022625 27.072610635328832 0
      vertex -32.022755533022625 27.072610635328832 3.2
      vertex -32.92558475291286 28.249200582032216 3.2
    endloop
  endfacet
  facet normal -0.6755902076156587 -0.7372773368101254 0
    outer loop
      vertex -31.02081528017131 25.97918471982869 0
      vertex -29.927389364671168 24.977244466977375 3.2
      vertex -31.02081528017131 25.97918471982869 3.2
    endloop
  endfacet
  facet normal -0.608761429008722 -0.7933533402912342 0
    outer loop
      vertex -29.927389364671168 24.977244466977375 0
      vertex -28.750799417967784 24.07441524708714 3.2
      vertex -29.927389364671168 24.977244466977375 3.2
    endloop
  endfacet
  facet normal -0.5372996083468223 -0.8433914458128866 0
    outer loop
      vertex -28.750799417967784 24.07441524708714 0
      vertex -27.5 23.277568135664545 3.2
      vertex -28.750799417967784 24.07441524708714 3.2
    endloop
  endfacet
  facet normal -0.9238795325112853 -0.3826834323650932 0
    outer loop
      vertex -34.407232379623046 30.81548955040811 0
      vertex -34.407232379623046 30.81548955040811 3.2
      vertex -34.97477455336045 32.185657563463636 3.2
    endloop
  endfacet
  facet normal -0.9537169507482269 -0.30070579950427284 0
    outer loop
      vertex -34.97477455336045 32.185657563463636 0
      vertex -34.97477455336045 32.185657563463636 3.2
      vertex -35.420739046914164 33.60007623325715 3.2
    endloop
  endfacet
  facet normal -0.976296007119934 -0.21643961393809977 0
    outer loop
      vertex -35.420739046914164 33.60007623325715 0
      vertex -35.420739046914164 33.60007623325715 3.2
      vertex -35.741731801207536 35.047980979662185 3.2
    endloop
  endfacet
  facet normal -0.9914448613738103 -0.1305261922200529 0
    outer loop
      vertex -35.741731801207536 35.047980979662185 0
      vertex -35.741731801207536 35.047980979662185 3.2
      vertex -35.935309867559674 36.51835237328981 3.2
    endloop
  endfacet
  facet normal -0.8433914458128866 -0.5372996083468223 0
    outer loop
      vertex -32.92558475291286 28.249200582032216 0
      vertex -32.92558475291286 28.249200582032216 3.2
      vertex -33.722431864335455 29.5 3.2
    endloop
  endfacet
  facet normal -0.8870108331782219 -0.46174861323503336 0
    outer loop
      vertex -33.722431864335455 29.5 0
      vertex -33.722431864335455 29.5 3.2
      vertex -34.407232379623046 30.81548955040811 3.2
    endloop
  endfacet
  facet normal 0 0 -1
    outer loop
      vertex -35.741731801207536 35.047980979662185 0
      vertex -35.935309867559674 36.51835237328981 0
      vertex -35.741731801207536 40.952019020337815 0
    endloop
  endfacet
  facet normal 0 0 -1
    outer loop
      vertex -35.420739046914164 33.60007623325715 0
      vertex -35.741731801207536 35.047980979662185 0
      vertex -35.420739046914164 42.39992376674285 0
    endloop
  endfacet
  facet normal 0 0 -1
    outer loop
      vertex -35.935309867559674 36.51835237328981 0
      vertex -36 38 0
      vertex -35.935309867559674 39.48164762671019 0
    endloop
  endfacet
  facet normal 0 0 -1
    outer loop
      vertex -35.935309867559674 36.51835237328981 0
      vertex -35.935309867559674 39.48164762671019 0
      vertex -35.741731801207536 40.952019020337815 0
    endloop
  endfacet
  facet normal 0 0 -1
    outer loop
      vertex -35.741731801207536 35.047980979662185 0
      vertex -35.741731801207536 40.952019020337815 0
      vertex -35.420739046914164 42.39992376674285 0
    endloop
  endfacet
  facet normal 0 0 -1
    outer loop
      vertex -35.420739046914164 33.60007623325715 0
      vertex -35.420739046914164 42.39992376674285 0
      vertex -34.97477455336045 43.814342436536364 0
    endloop
  endfacet
  facet normal 0 0 -1
    outer loop
      vertex -34.97477455336045 32.185657563463636 0
      vertex -34.97477455336045 43.814342436536364 0
      vertex -34.407232379623046 45.18451044959189 0
    endloop
  endfacet
  facet normal 0 0 -1
    outer loop
      vertex -32.022755533022625 27.072610635328832 0
      vertex -31.02081528017131 50.020815280171306 0
      vertex -31.2 38 0
    endloop
  endfacet
  facet normal 0 0 -1
    outer loop
      vertex -34.407232379623046 30.81548955040811 0
      vertex -34.407232379623046 45.18451044959189 0
      vertex -33.722431864335455 46.5 0
    endloop
  endfacet
  facet normal 0 0 -1
    outer loop
      vertex -33.722431864335455 29.5 0
      vertex -33.722431864335455 46.5 0
      vertex -32.92558475291286 47.750799417967784 0
    endloop
  endfacet
  facet normal 0 0 -1
    outer loop
      vertex -32.92558475291286 28.249200582032216 0
      vertex -32.92558475291286 47.750799417967784 0
      vertex -32.022755533022625 48.92738936467117 0
    endloop
  endfacet
  facet normal 0 0 -1
    outer loop
      vertex -32.022755533022625 27.072610635328832 0
      vertex -32.022755533022625 48.92738936467117 0
      vertex -31.02081528017131 50.020815280171306 0
    endloop
  endfacet
  facet normal 0 0 -1
    outer loop
      vertex -31.02081528017131 50.020815280171306 0
      vertex -31.153575316719294 39.06330006152143 0
      vertex -31.2 38 0
    endloop
  endfacet
  facet normal 0 0 -1
    outer loop
      vertex -31.02081528017131 50.020815280171306 0
      vertex -31.01465458674894 40.11850776753655 0
      vertex -31.153575316719294 39.06330006152143 0
    endloop
  endfacet
  facet normal 0 0 -1
    outer loop
      vertex -31.02081528017131 50.020815280171306 0
      vertex -30.784295080726633 41.15759235025075 0
      vertex -31.01465458674894 40.11850776753655 0
    endloop
  endfacet
  facet normal 0 0 -1
    outer loop
      vertex -31.02081528017131 50.020815280171306 0
      vertex -30.464249973588082 42.17264574857316 0
      vertex -30.784295080726633 41.15759235025075 0
    endloop
  endfacet
  facet normal 0 0 -1
    outer loop
      vertex -29.927389364671168 51.022755533022625 0
      vertex -30.05695500184713 43.155942793236534 0
      vertex -30.464249973588082 42.17264574857316 0
    endloop
  endfacet
  facet normal -0.9990482215818578 -0.04361938736533592 -6.084406163462027e-19
    outer loop
      vertex -35.935309867559674 36.51835237328981 0
      vertex -36 38 3.2
      vertex -36 38 0
    endloop
  endfacet
  facet normal -0.9990482215818578 0.04361938736533592 6.084406163462027e-19
    outer loop
      vertex -36 38 0
      vertex -35.935309867559674 39.48164762671019 3.2
      vertex -35.935309867559674 39.48164762671019 0
    endloop
  endfacet
  facet normal -0.9914448613738103 0.1305261922200529 3.18679541022545e-18
    outer loop
      vertex -35.935309867559674 39.48164762671019 0
      vertex -35.741731801207536 40.952019020337815 3.2
      vertex -35.741731801207536 40.952019020337815 0
    endloop
  endfacet
  facet normal -0.976296007119934 0.21643961393809977 -1.9374821730373058e-18
    outer loop
      vertex -35.741731801207536 40.952019020337815 0
      vertex -35.420739046914164 42.39992376674285 3.2
      vertex -35.420739046914164 42.39992376674285 0
    endloop
  endfacet
  facet normal -0.9537169507482269 0.30070579950427284 -6.120355816722987e-19
    outer loop
      vertex -35.420739046914164 42.39992376674285 0
      vertex -34.97477455336045 43.814342436536364 3.2
      vertex -34.97477455336045 43.814342436536364 0
    endloop
  endfacet
  facet normal -0.9238795325112853 0.3826834323650932 8.0190979329487915e-19
    outer loop
      vertex -34.97477455336045 43.814342436536364 0
      vertex -34.407232379623046 45.18451044959189 3.2
      vertex -34.407232379623046 45.18451044959189 0
    endloop
  endfacet
  facet normal 0 0 -1
    outer loop
      vertex -29.927389364671168 51.022755533022625 0
      vertex -29.56550992617015 44.1 0
      vertex -30.05695500184713 43.155942793236534 0
    endloop
  endfacet
  facet normal 0 0 -1
    outer loop
      vertex -31.02081528017131 50.020815280171306 0
      vertex -29.927389364671168 51.022755533022625 0
      vertex -30.464249973588082 42.17264574857316 0
    endloop
  endfacet
  facet normal 0 0 -1
    outer loop
      vertex -28.750799417967784 51.92558475291286 0
      vertex -28.993654940325698 44.997632523482764 0
      vertex -29.56550992617015 44.1 0
    endloop
  endfacet
  facet normal 0 0 -1
    outer loop
      vertex -28.750799417967784 51.92558475291286 0
      vertex -28.345742206051533 45.84200883817578 0
      vertex -28.993654940325698 44.997632523482764 0
    endloop
  endfacet
  facet normal 0 0 -1
    outer loop
      vertex -29.927389364671168 51.022755533022625 0
      vertex -28.750799417967784 51.92558475291286 0
      vertex -29.56550992617015 44.1 0
    endloop
  endfacet
  facet normal 0 0 -1
    outer loop
      vertex -27.5 52.722431864335455 0
      vertex -27.62670273047588 46.626702730475884 0
      vertex -28.345742206051533 45.84200883817578 0
    endloop
  endfacet
  facet normal 0 0 -1
    outer loop
      vertex -28.750799417967784 51.92558475291286 0
      vertex -27.5 52.722431864335455 0
      vertex -28.345742206051533 45.84200883817578 0
    endloop
  endfacet
  facet normal -0.8870108331782219 0.46174861323503336 -1.6655702346231177e-18
    outer loop
      vertex -34.407232379623046 45.18451044959189 0
      vertex -33.722431864335455 46.5 3.2
      vertex -33.722431864335455 46.5 0
    endloop
  endfacet
  facet normal -0.8433914458128866 0.5372996083468223 9.538150072605299e-18
    outer loop
      vertex -33.722431864335455 46.5 0
      vertex -32.92558475291286 47.750799417967784 3.2
      vertex -32.92558475291286 47.750799417967784 0
    endloop
  endfacet
  facet normal -0.7933533402912349 0.6087614290087209 -5.985252983035503e-18
    outer loop
      vertex -32.92558475291286 47.750799417967784 0
      vertex -32.022755533022625 48.92738936467117 3.2
      vertex -32.022755533022625 48.92738936467117 0
    endloop
  endfacet
  facet normal -0.7372773368101233 0.675590207615661 2.1907944086421056e-17
    outer loop
      vertex -32.022755533022625 48.92738936467117 0
      vertex -31.02081528017131 50.020815280171306 3.2
      vertex -31.02081528017131 50.020815280171306 0
    endloop
  endfacet
  facet normal -0.67559020761566 0.7372773368101243 0
    outer loop
      vertex -31.02081528017131 50.020815280171306 0
      vertex -31.02081528017131 50.020815280171306 3.2
      vertex -29.927389364671168 51.022755533022625 0
    endloop
  endfacet
  facet normal -0.608761429008722 0.7933533402912342 0
    outer loop
      vertex -29.927389364671168 51.022755533022625 0
      vertex -29.927389364671168 51.022755533022625 3.2
      vertex -28.750799417967784 51.92558475291286 0
    endloop
  endfacet
  facet normal -0.5372996083468223 0.8433914458128866 0
    outer loop
      vertex -28.750799417967784 51.92558475291286 0
      vertex -28.750799417967784 51.92558475291286 3.2
      vertex -27.5 52.722431864335455 0
    endloop
  endfacet
  facet normal -0.9990482215818578 -0.04361938736533592 0
    outer loop
      vertex -35.935309867559674 36.51835237328981 0
      vertex -35.935309867559674 36.51835237328981 3.2
      vertex -36 38 3.2
    endloop
  endfacet
  facet normal -0.9990482215818578 0.04361938736533592 0
    outer loop
      vertex -36 38 0
      vertex -36 38 3.2
      vertex -35.935309867559674 39.48164762671019 3.2
    endloop
  endfacet
  facet normal -0.9914448613738103 0.1305261922200529 0
    outer loop
      vertex -35.935309867559674 39.48164762671019 0
      vertex -35.935309867559674 39.48164762671019 3.2
      vertex -35.741731801207536 40.952019020337815 3.2
    endloop
  endfacet
  facet normal -0.976296007119934 0.21643961393809977 0
    outer loop
      vertex -35.741731801207536 40.952019020337815 0
      vertex -35.741731801207536 40.952019020337815 3.2
      vertex -35.420739046914164 42.39992376674285 3.2
    endloop
  endfacet
  facet normal -0.9537169507482269 0.30070579950427284 0
    outer loop
      vertex -35.420739046914164 42.39992376674285 0
      vertex -35.420739046914164 42.39992376674285 3.2
      vertex -34.97477455336045 43.814342436536364 3.2
    endloop
  endfacet
  facet normal -0.9238795325112853 0.3826834323650932 0
    outer loop
      vertex -34.97477455336045 43.814342436536364 0
      vertex -34.97477455336045 43.814342436536364 3.2
      vertex -34.407232379623046 45.18451044959189 3.2
    endloop
  endfacet
  facet normal -0.8870108331782219 0.46174861323503336 0
    outer loop
      vertex -34.407232379623046 45.18451044959189 0
      vertex -34.407232379623046 45.18451044959189 3.2
      vertex -33.722431864335455 46.5 3.2
    endloop
  endfacet
  facet normal -0.8433914458128866 0.5372996083468223 0
    outer loop
      vertex -33.722431864335455 46.5 0
      vertex -33.722431864335455 46.5 3.2
      vertex -32.92558475291286 47.750799417967784 3.2
    endloop
  endfacet
  facet normal -0.7933533402912349 0.6087614290087209 0
    outer loop
      vertex -32.92558475291286 47.750799417967784 0
      vertex -32.92558475291286 47.750799417967784 3.2
      vertex -32.022755533022625 48.92738936467117 3.2
    endloop
  endfacet
  facet normal -0.7372773368101233 0.675590207615661 0
    outer loop
      vertex -32.022755533022625 48.92738936467117 0
      vertex -32.022755533022625 48.92738936467117 3.2
      vertex -31.02081528017131 50.020815280171306 3.2
    endloop
  endfacet
  facet normal -0.67559020761566 0.7372773368101243 0
    outer loop
      vertex -29.927389364671168 51.022755533022625 0
      vertex -31.02081528017131 50.020815280171306 3.2
      vertex -29.927389364671168 51.022755533022625 3.2
    endloop
  endfacet
  facet normal -0.608761429008722 0.7933533402912342 0
    outer loop
      vertex -28.750799417967784 51.92558475291286 0
      vertex -29.927389364671168 51.022755533022625 3.2
      vertex -28.750799417967784 51.92558475291286 3.2
    endloop
  endfacet
  facet normal -0.5372996083468223 0.8433914458128866 0
    outer loop
      vertex -27.5 52.722431864335455 0
      vertex -28.750799417967784 51.92558475291286 3.2
      vertex -27.5 52.722431864335455 3.2
    endloop
  endfacet
  facet normal 0 0 -1
    outer loop
      vertex -20.48164762671019 21.064690132440326 0
      vertex -21.489115113157844 21.197325743269257 0
      vertex -21.429366090222906 21.314589803375032 0
    endloop
  endfacet
  facet normal 0 0 -1
    outer loop
      vertex -23.39992376674285 21.57926095308584 0
      vertex -22.6 21.5 0
      vertex -22.583900695790526 21.398352993662208 0
    endloop
  endfacet
  facet normal 0 0 -1
    outer loop
      vertex -23.39992376674285 21.57926095308584 0
      vertex -22.570633909777094 21.685410196624968 0
      vertex -22.6 21.5 0
    endloop
  endfacet
  facet normal 0 0 -1
    outer loop
      vertex -23.17264574857316 26.535750026411918 0
      vertex -24.01458980337503 21.852671151375485 0
      vertex -24.147328848624518 21.98541019662497 0
    endloop
  endfacet
  facet normal 0 0 -1
    outer loop
      vertex -23.96626455893525 21.757827518956866 0
      vertex -24.01458980337503 21.852671151375485 0
      vertex -23.17264574857316 26.535750026411918 0
    endloop
  endfacet
  facet normal 0 0 -1
    outer loop
      vertex -23.39992376674285 21.57926095308584 0
      vertex -23.96626455893525 21.757827518956866 0
      vertex -23.17264574857316 26.535750026411918 0
    endloop
  endfacet
  facet normal 0 0 -1
    outer loop
      vertex -23.39992376674285 21.57926095308584 0
      vertex -22.157592350250752 26.215704919273367 0
      vertex -22.570633909777094 21.685410196624968 0
    endloop
  endfacet
  facet normal 0 0 -1
    outer loop
      vertex -22.570633909777094 21.685410196624968 0
      vertex -22.157592350250752 26.215704919273367 0
      vertex -22.48541019662497 21.852671151375485 0
    endloop
  endfacet
  facet normal 0 0 -1
    outer loop
      vertex -20.48164762671019 21.064690132440326 0
      vertex -21.429366090222906 21.314589803375032 0
      vertex -21.4 21.5 0
    endloop
  endfacet
  facet normal 0 0 -1
    outer loop
      vertex -22.48541019662497 21.852671151375485 0
      vertex -22.157592350250752 26.215704919273367 0
      vertex -22.352671151375482 21.98541019662497 0
    endloop
  endfacet
  facet normal 0 0 -1
    outer loop
      vertex -22.185410196624968 22.070633909777094 0
      vertex -22.352671151375482 21.98541019662497 0
      vertex -22.157592350250752 26.215704919273367 0
    endloop
  endfacet
  facet normal 0 0 -1
    outer loop
      vertex -21.11850776753655 25.98534541325106 0
      vertex -22 22.1 0
      vertex -22.185410196624968 22.070633909777094 0
    endloop
  endfacet
  facet normal 0 0 -1
    outer loop
      vertex -21.814589803375032 22.070633909777094 0
      vertex -22 22.1 0
      vertex -21.11850776753655 25.98534541325106 0
    endloop
  endfacet
  facet normal 0 0 -1
    outer loop
      vertex -20.48164762671019 21.064690132440326 0
      vertex -21.4 21.5 0
      vertex -20.06330006152143 25.846424683280706 0
    endloop
  endfacet
  facet normal 0 0 -1
    outer loop
      vertex -20.06330006152143 25.846424683280706 0
      vertex -21.647328848624518 21.98541019662497 0
      vertex -21.814589803375032 22.070633909777094 0
    endloop
  endfacet
  facet normal 0 0 -1
    outer loop
      vertex -20.06330006152143 25.846424683280706 0
      vertex -21.51458980337503 21.852671151375485 0
      vertex -21.647328848624518 21.98541019662497 0
    endloop
  endfacet
  facet normal 0 0 -1
    outer loop
      vertex -20.06330006152143 25.846424683280706 0
      vertex -21.4 21.5 0
      vertex -21.429366090222906 21.685410196624968 0
    endloop
  endfacet
  facet normal 0 0 -1
    outer loop
      vertex -20.06330006152143 25.846424683280706 0
      vertex -21.429366090222906 21.685410196624968 0
      vertex -21.51458980337503 21.852671151375485 0
    endloop
  endfacet
  facet normal 0 0 -1
    outer loop
      vertex -26.18451044959189 22.592767620376954 0
      vertex -27.5 23.277568135664545 0
      vertex -25.99763252348276 28.006345059674302 0
    endloop
  endfacet
  facet normal 0 0 -1
    outer loop
      vertex -26.18451044959189 22.592767620376954 0
      vertex -24.155942793236534 26.94304499815287 0
      vertex -24.814342436536368 22.025225446639556 0
    endloop
  endfacet
  facet normal 0 0 -1
    outer loop
      vertex -24.814342436536368 22.025225446639556 0
      vertex -23.17264574857316 26.535750026411918 0
      vertex -24.78974835525955 22.017470962599383 0
    endloop
  endfacet
  facet normal 0 0 -1
    outer loop
      vertex -23.17264574857316 26.535750026411918 0
      vertex -24.685410196624968 22.070633909777094 0
      vertex -24.78974835525955 22.017470962599383 0
    endloop
  endfacet
  facet normal 0 0 -1
    outer loop
      vertex -23.17264574857316 26.535750026411918 0
      vertex -24.5 22.1 0
      vertex -24.685410196624968 22.070633909777094 0
    endloop
  endfacet
  facet normal 0 0 -1
    outer loop
      vertex -26.18451044959189 22.592767620376954 0
      vertex -25.1 27.43449007382985 0
      vertex -24.155942793236534 26.94304499815287 0
    endloop
  endfacet
  facet normal 0 0 -1
    outer loop
      vertex -27.5 23.277568135664545 0
      vertex -26.84200883817578 28.654257793948467 0
      vertex -25.99763252348276 28.006345059674302 0
    endloop
  endfacet
  facet normal 0 0 -1
    outer loop
      vertex -26.18451044959189 22.592767620376954 0
      vertex -25.99763252348276 28.006345059674302 0
      vertex -25.1 27.43449007382985 0
    endloop
  endfacet
  facet normal 0 0 -1
    outer loop
      vertex -23.17264574857316 26.535750026411918 0
      vertex -24.314589803375032 22.070633909777094 0
      vertex -24.5 22.1 0
    endloop
  endfacet
  facet normal 0 0 -1
    outer loop
      vertex -23.17264574857316 26.535750026411918 0
      vertex -24.147328848624518 21.98541019662497 0
      vertex -24.314589803375032 22.070633909777094 0
    endloop
  endfacet
  facet normal 0 0 -1
    outer loop
      vertex -24.814342436536368 22.025225446639556 0
      vertex -24.155942793236534 26.94304499815287 0
      vertex -23.17264574857316 26.535750026411918 0
    endloop
  endfacet
  facet normal 0 0 -1
    outer loop
      vertex -23.39992376674285 21.57926095308584 0
      vertex -23.17264574857316 26.535750026411918 0
      vertex -22.157592350250752 26.215704919273367 0
    endloop
  endfacet
  facet normal 0 0 -1
    outer loop
      vertex -22.185410196624968 22.070633909777094 0
      vertex -22.157592350250752 26.215704919273367 0
      vertex -21.11850776753655 25.98534541325106 0
    endloop
  endfacet
  facet normal 0 0 -1
    outer loop
      vertex -21.814589803375032 22.070633909777094 0
      vertex -21.11850776753655 25.98534541325106 0
      vertex -20.06330006152143 25.846424683280706 0
    endloop
  endfacet
  facet normal 0 0 -1
    outer loop
      vertex -20.48164762671019 21.064690132440326 0
      vertex -19.98541019662497 21.147328848624515 0
      vertex -19.876343323830472 21.038261975830018 0
    endloop
  endfacet
  facet normal 0 0 -1
    outer loop
      vertex -20.48164762671019 21.064690132440326 0
      vertex -20.070633909777094 21.314589803375032 0
      vertex -19.98541019662497 21.147328848624515 0
    endloop
  endfacet
  facet normal 0 0 -1
    outer loop
      vertex -19 21 0
      vertex -19.16207484931883 21.007076340743016 0
      vertex -19.147328848624515 21.01458980337503 0
    endloop
  endfacet
  facet normal 0 0 -1
    outer loop
      vertex -19 21 0
      vertex -19.147328848624515 21.01458980337503 0
      vertex -19.01458980337503 21.147328848624515 0
    endloop
  endfacet
  facet normal 0 0 -1
    outer loop
      vertex -19 21 0
      vertex -19.01458980337503 21.147328848624515 0
      vertex -18.929366090222906 21.314589803375032 0
    endloop
  endfacet
  facet normal 0 0 -1
    outer loop
      vertex -19 21 0
      vertex -18.929366090222906 21.314589803375032 0
      vertex -17.51835237328981 21.064690132440326 0
    endloop
  endfacet
  facet normal 0 0 -1
    outer loop
      vertex -20.48164762671019 21.064690132440326 0
      vertex -20.1 21.5 0
      vertex -20.070633909777094 21.314589803375032 0
    endloop
  endfacet
  facet normal 0 0 -1
    outer loop
      vertex -20.48164762671019 21.064690132440326 0
      vertex -20.06330006152143 25.846424683280706 0
      vertex -20.1 21.5 0
    endloop
  endfacet
  facet normal 0 0 -1
    outer loop
      vertex -20.06330006152143 25.846424683280706 0
      vertex -20.070633909777094 21.685410196624968 0
      vertex -20.1 21.5 0
    endloop
  endfacet
  facet normal 0 0 -1
    outer loop
      vertex -20.06330006152143 25.846424683280706 0
      vertex -19.98541019662497 21.852671151375485 0
      vertex -20.070633909777094 21.685410196624968 0
    endloop
  endfacet
  facet normal 0 0 -1
    outer loop
      vertex -20.06330006152143 25.846424683280706 0
      vertex -19.852671151375485 21.98541019662497 0
      vertex -19.98541019662497 21.852671151375485 0
    endloop
  endfacet
  facet normal 0 0 -1
    outer loop
      vertex -20.06330006152143 25.846424683280706 0
      vertex -19.685410196624968 22.070633909777094 0
      vertex -19.852671151375485 21.98541019662497 0
    endloop
  endfacet
  facet normal 0 0 -1
    outer loop
      vertex -19.5 22.1 0
      vertex -19.685410196624968 22.070633909777094 0
      vertex -19 25.8 0
    endloop
  endfacet
  facet normal 0 0 -1
    outer loop
      vertex -19 25.8 0
      vertex -19.314589803375032 22.070633909777094 0
      vertex -19.5 22.1 0
    endloop
  endfacet
  facet normal 0 0 -1
    outer loop
      vertex -19 25.8 0
      vertex -19.147328848624515 21.98541019662497 0
      vertex -19.314589803375032 22.070633909777094 0
    endloop
  endfacet
  facet normal 0 0 -1
    outer loop
      vertex -19 25.8 0
      vertex -19.01458980337503 21.852671151375485 0
      vertex -19.147328848624515 21.98541019662497 0
    endloop
  endfacet
  facet normal 0 0 -1
    outer loop
      vertex -17.51835237328981 21.064690132440326 0
      vertex -18.929366090222906 21.314589803375032 0
      vertex -18.9 21.5 0
    endloop
  endfacet
  facet normal 0 0 -1
    outer loop
      vertex -19.01458980337503 21.852671151375485 0
      vertex -16.88149223246345 25.98534541325106 0
      vertex -18.929366090222906 21.685410196624968 0
    endloop
  endfacet
  facet normal 0 0 -1
    outer loop
      vertex -16.88149223246345 25.98534541325106 0
      vertex -18.9 21.5 0
      vertex -18.929366090222906 21.685410196624968 0
    endloop
  endfacet
  facet normal 0 0 -1
    outer loop
      vertex -17.51835237328981 21.064690132440326 0
      vertex -18.9 21.5 0
      vertex -16.88149223246345 25.98534541325106 0
    endloop
  endfacet
  facet normal 0 0 -1
    outer loop
      vertex -17.51835237328981 21.064690132440326 0
      vertex -16.88149223246345 25.98534541325106 0
      vertex -16.047980979662185 21.258268198792464 0
    endloop
  endfacet
  facet normal 0 0 -1
    outer loop
      vertex -16.047980979662185 21.258268198792464 0
      vertex -14.827354251426842 26.535750026411918 0
      vertex -14.600076233257148 21.57926095308584 0
    endloop
  endfacet
  facet normal 0 0 -1
    outer loop
      vertex -19.685410196624968 22.070633909777094 0
      vertex -20.06330006152143 25.846424683280706 0
      vertex -19 25.8 0
    endloop
  endfacet
  facet normal 0 0 -1
    outer loop
      vertex -19.01458980337503 21.852671151375485 0
      vertex -19 25.8 0
      vertex -17.93669993847857 25.846424683280706 0
    endloop
  endfacet
  facet normal 0 0 -1
    outer loop
      vertex -19.01458980337503 21.852671151375485 0
      vertex -17.93669993847857 25.846424683280706 0
      vertex -16.88149223246345 25.98534541325106 0
    endloop
  endfacet
  facet normal 0 0 -1
    outer loop
      vertex -16.047980979662185 21.258268198792464 0
      vertex -16.88149223246345 25.98534541325106 0
      vertex -15.842407649749248 26.215704919273367 0
    endloop
  endfacet
  facet normal 0 0 -1
    outer loop
      vertex -16.047980979662185 21.258268198792464 0
      vertex -15.842407649749248 26.215704919273367 0
      vertex -14.827354251426842 26.535750026411918 0
    endloop
  endfacet
  facet normal 0 0 -1
    outer loop
      vertex -14.600076233257148 21.57926095308584 0
      vertex -13.844057206763466 26.94304499815287 0
      vertex -13.185657563463632 22.025225446639556 0
    endloop
  endfacet
  facet normal 0 0 -1
    outer loop
      vertex -14.600076233257148 21.57926095308584 0
      vertex -14.827354251426842 26.535750026411918 0
      vertex -13.844057206763466 26.94304499815287 0
    endloop
  endfacet
  facet normal -0.46174861323503336 -0.8870108331782219 0
    outer loop
      vertex -26.18451044959189 22.592767620376954 0
      vertex -26.18451044959189 22.592767620376954 3.2
      vertex -27.5 23.277568135664545 0
    endloop
  endfacet
  facet normal -0.38268343236509206 -0.9238795325112859 -6.445632614573402e-19
    outer loop
      vertex -26.18451044959189 22.592767620376954 0
      vertex -24.814342436536368 22.025225446639556 0
      vertex -24.814342436536368 22.025225446639556 3.2
    endloop
  endfacet
  facet normal -0.3007057995043403 -0.9537169507482058 1.5910127619252362e-20
    outer loop
      vertex -24.814342436536368 22.025225446639556 0
      vertex -24.78974835525955 22.017470962599383 0
      vertex -24.78974835525955 22.017470962599383 3.2
    endloop
  endfacet
  facet normal -0.13052619222005285 -0.9914448613738103 0
    outer loop
      vertex -20.48164762671019 21.064690132440326 0
      vertex -20.48164762671019 21.064690132440326 3.2
      vertex -21.489115113157844 21.197325743269257 0
    endloop
  endfacet
  facet normal -0.30070579950427156 -0.9537169507482275 0
    outer loop
      vertex -23.39992376674285 21.57926095308584 0
      vertex -23.39992376674285 21.57926095308584 3.2
      vertex -23.96626455893525 21.757827518956866 0
    endloop
  endfacet
  facet normal -0.21643961393810265 -0.9762960071199334 -4.145623339407811e-18
    outer loop
      vertex -23.39992376674285 21.57926095308584 0
      vertex -22.583900695790526 21.398352993662208 0
      vertex -22.583900695790526 21.398352993662208 3.2
    endloop
  endfacet
  facet normal -0.04361938736533595 -0.9990482215818578 -6.147503772168487e-19
    outer loop
      vertex -20.48164762671019 21.064690132440326 0
      vertex -19.876343323830472 21.038261975830018 0
      vertex -19.876343323830472 21.038261975830018 3.2
    endloop
  endfacet
  facet normal -0.04361938736533903 -0.9990482215818576 0
    outer loop
      vertex -19 21 0
      vertex -19 21 3.2
      vertex -19.16207484931883 21.007076340743016 0
    endloop
  endfacet
  facet normal 0.043619387365336014 -0.9990482215818576 -1.0310998084214836e-18
    outer loop
      vertex -19 21 0
      vertex -17.51835237328981 21.064690132440326 0
      vertex -17.51835237328981 21.064690132440326 3.2
    endloop
  endfacet
  facet normal 0.13052619222005257 -0.9914448613738103 -3.960070852307184e-18
    outer loop
      vertex -17.51835237328981 21.064690132440326 0
      vertex -16.047980979662185 21.258268198792464 0
      vertex -16.047980979662185 21.258268198792464 3.2
    endloop
  endfacet
  facet normal 0.21643961393810207 -0.9762960071199335 -5.845381366205417e-18
    outer loop
      vertex -16.047980979662185 21.258268198792464 0
      vertex -14.600076233257148 21.57926095308584 0
      vertex -14.600076233257148 21.57926095308584 3.2
    endloop
  endfacet
  facet normal 0 0 -1
    outer loop
      vertex -13.185657563463632 22.025225446639556 0
      vertex -12.9 27.43449007382985 0
      vertex -11.81548955040811 22.592767620376954 0
    endloop
  endfacet
  facet normal 0 0 -1
    outer loop
      vertex -13.185657563463632 22.025225446639556 0
      vertex -13.844057206763466 26.94304499815287 0
      vertex -12.9 27.43449007382985 0
    endloop
  endfacet
  facet normal 0 0 -1
    outer loop
      vertex -11.81548955040811 22.592767620376954 0
      vertex -11.15799116182422 28.654257793948467 0
      vertex -10.5 23.277568135664545 0
    endloop
  endfacet
  facet normal 0 0 -1
    outer loop
      vertex -11.81548955040811 22.592767620376954 0
      vertex -12.9 27.43449007382985 0
      vertex -12.00236747651724 28.006345059674302 0
    endloop
  endfacet
  facet normal 0 0 -1
    outer loop
      vertex -11.81548955040811 22.592767620376954 0
      vertex -12.00236747651724 28.006345059674302 0
      vertex -11.15799116182422 28.654257793948467 0
    endloop
  endfacet
  facet normal 0 0 -1
    outer loop
      vertex -10.5 23.277568135664545 0
      vertex -11.15799116182422 28.654257793948467 0
      vertex -10.37329726952412 29.37329726952412 0
    endloop
  endfacet
  facet normal 0 0 -1
    outer loop
      vertex -10.5 23.277568135664545 0
      vertex -9.654257793948469 30.15799116182422 0
      vertex -9.249200582032216 24.07441524708714 0
    endloop
  endfacet
  facet normal 0 0 -1
    outer loop
      vertex -10.5 23.277568135664545 0
      vertex -10.37329726952412 29.37329726952412 0
      vertex -9.654257793948469 30.15799116182422 0
    endloop
  endfacet
  facet normal 0 0 -1
    outer loop
      vertex -9.249200582032216 24.07441524708714 0
      vertex -8.43449007382985 31.9 0
      vertex -8.072610635328832 24.977244466977375 0
    endloop
  endfacet
  facet normal 0.3007057995042722 -0.9537169507482272 5.724512428382817e-18
    outer loop
      vertex -14.600076233257148 21.57926095308584 0
      vertex -13.185657563463632 22.025225446639556 0
      vertex -13.185657563463632 22.025225446639556 3.2
    endloop
  endfacet
  facet normal 0.38268343236509206 -0.9238795325112859 6.445632614573402e-19
    outer loop
      vertex -13.185657563463632 22.025225446639556 0
      vertex -11.81548955040811 22.592767620376954 0
      vertex -11.81548955040811 22.592767620376954 3.2
    endloop
  endfacet
  facet normal 0.46174861323503336 -0.8870108331782219 -1.6655702346231177e-18
    outer loop
      vertex -11.81548955040811 22.592767620376954 0
      vertex -10.5 23.277568135664545 0
      vertex -10.5 23.277568135664545 3.2
    endloop
  endfacet
  facet normal 0.5372996083468223 -0.8433914458128866 9.538150072605299e-18
    outer loop
      vertex -10.5 23.277568135664545 0
      vertex -9.249200582032216 24.07441524708714 0
      vertex -9.249200582032216 24.07441524708714 3.2
    endloop
  endfacet
  facet normal 0.608761429008722 -0.7933533402912342 1.996940825184804e-17
    outer loop
      vertex -9.249200582032216 24.07441524708714 0
      vertex -8.072610635328832 24.977244466977375 0
      vertex -8.072610635328832 24.977244466977375 3.2
    endloop
  endfacet
  facet normal 0.6755902076156587 -0.7372773368101254 -2.1974804194166793e-17
    outer loop
      vertex -8.072610635328832 24.977244466977375 0
      vertex -6.979184719828691 25.97918471982869 0
      vertex -6.979184719828691 25.97918471982869 3.2
    endloop
  endfacet
  facet normal 0.7372773368101249 -0.6755902076156594 0
    outer loop
      vertex -6.979184719828691 25.97918471982869 0
      vertex -5.977244466977373 27.072610635328832 0
      vertex -6.979184719828691 25.97918471982869 3.2
    endloop
  endfacet
  facet normal 0.7933533402912353 -0.6087614290087204 0
    outer loop
      vertex -5.977244466977373 27.072610635328832 0
      vertex -5.07441524708714 28.249200582032216 0
      vertex -5.977244466977373 27.072610635328832 3.2
    endloop
  endfacet
  facet normal 0 0 -1
    outer loop
      vertex -9.249200582032216 24.07441524708714 0
      vertex -9.654257793948469 30.15799116182422 0
      vertex -9.0063450596743 31.00236747651724 0
    endloop
  endfacet
  facet normal 0 0 -1
    outer loop
      vertex -9.249200582032216 24.07441524708714 0
      vertex -9.0063450596743 31.00236747651724 0
      vertex -8.43449007382985 31.9 0
    endloop
  endfacet
  facet normal 0 0 -1
    outer loop
      vertex -8.072610635328832 24.977244466977375 0
      vertex -7.535750026411918 33.82735425142684 0
      vertex -6.979184719828691 25.97918471982869 0
    endloop
  endfacet
  facet normal 0 0 -1
    outer loop
      vertex -8.072610635328832 24.977244466977375 0
      vertex -8.43449007382985 31.9 0
      vertex -7.943044998152871 32.844057206763466 0
    endloop
  endfacet
  facet normal 0 0 -1
    outer loop
      vertex -8.072610635328832 24.977244466977375 0
      vertex -7.943044998152871 32.844057206763466 0
      vertex -7.535750026411918 33.82735425142684 0
    endloop
  endfacet
  facet normal 0 0 -1
    outer loop
      vertex -6.979184719828691 25.97918471982869 0
      vertex -7.535750026411918 33.82735425142684 0
      vertex -7.215704919273367 34.84240764974925 0
    endloop
  endfacet
  facet normal 0 0 -1
    outer loop
      vertex -6.979184719828691 25.97918471982869 0
      vertex -7.215704919273367 34.84240764974925 0
      vertex -6.985345413251062 35.88149223246345 0
    endloop
  endfacet
  facet normal 0 0 -1
    outer loop
      vertex -6.979184719828691 25.97918471982869 0
      vertex -6.985345413251062 35.88149223246345 0
      vertex -6.846424683280706 36.93669993847857 0
    endloop
  endfacet
  facet normal 0 0 -1
    outer loop
      vertex -6.979184719828691 25.97918471982869 0
      vertex -6.846424683280706 36.93669993847857 0
      vertex -6.800000000000001 38 0
    endloop
  endfacet
  facet normal 0 0 -1
    outer loop
      vertex -6.979184719828691 25.97918471982869 0
      vertex -5.977244466977373 48.92738936467117 0
      vertex -5.977244466977373 27.072610635328832 0
    endloop
  endfacet
  facet normal 0 0 -1
    outer loop
      vertex -5.977244466977373 27.072610635328832 0
      vertex -5.07441524708714 47.750799417967784 0
      vertex -5.07441524708714 28.249200582032216 0
    endloop
  endfacet
  facet normal 0 0 -1
    outer loop
      vertex -5.07441524708714 28.249200582032216 0
      vertex -4.277568135664543 46.5 0
      vertex -4.277568135664543 29.5 0
    endloop
  endfacet
  facet normal 0 0 -1
    outer loop
      vertex -4.277568135664543 29.5 0
      vertex -3.592767620376952 45.18451044959189 0
      vertex -3.592767620376952 30.81548955040811 0
    endloop
  endfacet
  facet normal 0 0 -1
    outer loop
      vertex -3.592767620376952 30.81548955040811 0
      vertex -3.0252254466395563 43.814342436536364 0
      vertex -3.0252254466395563 32.185657563463636 0
    endloop
  endfacet
  facet normal 0 0 -1
    outer loop
      vertex -3.0252254466395563 32.185657563463636 0
      vertex -2.5792609530858392 42.39992376674285 0
      vertex -2.5792609530858392 33.60007623325715 0
    endloop
  endfacet
  facet normal 0 0 -1
    outer loop
      vertex -2.5792609530858392 33.60007623325715 0
      vertex -2.2582681987924644 40.952019020337815 0
      vertex -2.2582681987924644 35.047980979662185 0
    endloop
  endfacet
  facet normal 0.8433914458128855 -0.537299608346824 0
    outer loop
      vertex -5.07441524708714 28.249200582032216 0
      vertex -4.277568135664543 29.5 0
      vertex -5.07441524708714 28.249200582032216 3.2
    endloop
  endfacet
  facet normal 0.8870108331782219 -0.46174861323503336 0
    outer loop
      vertex -4.277568135664543 29.5 0
      vertex -3.592767620376952 30.81548955040811 0
      vertex -4.277568135664543 29.5 3.2
    endloop
  endfacet
  facet normal 0.9238795325112865 -0.38268343236509017 0
    outer loop
      vertex -3.592767620376952 30.81548955040811 0
      vertex -3.0252254466395563 32.185657563463636 0
      vertex -3.592767620376952 30.81548955040811 3.2
    endloop
  endfacet
  facet normal 0.9537169507482269 -0.30070579950427284 0
    outer loop
      vertex -3.0252254466395563 32.185657563463636 0
      vertex -2.5792609530858392 33.60007623325715 0
      vertex -3.0252254466395563 32.185657563463636 3.2
    endloop
  endfacet
  facet normal 0.9762960071199335 -0.21643961393810207 0
    outer loop
      vertex -2.5792609530858392 33.60007623325715 0
      vertex -2.2582681987924644 35.047980979662185 0
      vertex -2.5792609530858392 33.60007623325715 3.2
    endloop
  endfacet
  facet normal 0.9914448613738103 -0.1305261922200529 0
    outer loop
      vertex -2.2582681987924644 35.047980979662185 0
      vertex -2.064690132440326 36.51835237328981 0
      vertex -2.2582681987924644 35.047980979662185 3.2
    endloop
  endfacet
  facet normal -0.46174861323503336 -0.8870108331782219 0
    outer loop
      vertex -27.5 23.277568135664545 0
      vertex -26.18451044959189 22.592767620376954 3.2
      vertex -27.5 23.277568135664545 3.2
    endloop
  endfacet
  facet normal -0.3007057995043403 -0.9537169507482058 0
    outer loop
      vertex -24.814342436536368 22.025225446639556 0
      vertex -24.78974835525955 22.017470962599383 3.2
      vertex -24.814342436536368 22.025225446639556 3.2
    endloop
  endfacet
  facet normal -0.38268343236509206 -0.9238795325112859 0
    outer loop
      vertex -26.18451044959189 22.592767620376954 0
      vertex -24.814342436536368 22.025225446639556 3.2
      vertex -26.18451044959189 22.592767620376954 3.2
    endloop
  endfacet
  facet normal -0.13052619222005285 -0.9914448613738103 -4.945745459816559e-19
    outer loop
      vertex -20.48164762671019 21.064690132440326 3.2
      vertex -21.489115113157844 21.197325743269257 3.2
      vertex -21.489115113157844 21.197325743269257 0
    endloop
  endfacet
  facet normal -0.30070579950427156 -0.9537169507482275 -4.840898702340901e-19
    outer loop
      vertex -23.39992376674285 21.57926095308584 3.2
      vertex -23.96626455893525 21.757827518956866 3.2
      vertex -23.96626455893525 21.757827518956866 0
    endloop
  endfacet
  facet normal -0.21643961393810265 -0.9762960071199334 0
    outer loop
      vertex -23.39992376674285 21.57926095308584 0
      vertex -22.583900695790526 21.398352993662208 3.2
      vertex -23.39992376674285 21.57926095308584 3.2
    endloop
  endfacet
  facet normal -0.04361938736533595 -0.9990482215818578 0
    outer loop
      vertex -20.48164762671019 21.064690132440326 0
      vertex -19.876343323830472 21.038261975830018 3.2
      vertex -20.48164762671019 21.064690132440326 3.2
    endloop
  endfacet
  facet normal -0.04361938736533903 -0.9990482215818576 1.8403786984534352e-19
    outer loop
      vertex -19 21 3.2
      vertex -19.16207484931883 21.007076340743016 3.2
      vertex -19.16207484931883 21.007076340743016 0
    endloop
  endfacet
  facet normal 0.043619387365336014 -0.9990482215818576 0
    outer loop
      vertex -19 21 0
      vertex -17.51835237328981 21.064690132440326 3.2
      vertex -19 21 3.2
    endloop
  endfacet
  facet normal 0.13052619222005257 -0.9914448613738103 0
    outer loop
      vertex -17.51835237328981 21.064690132440326 0
      vertex -16.047980979662185 21.258268198792464 3.2
      vertex -17.51835237328981 21.064690132440326 3.2
    endloop
  endfacet
  facet normal 0.21643961393810207 -0.9762960071199335 0
    outer loop
      vertex -16.047980979662185 21.258268198792464 0
      vertex -14.600076233257148 21.57926095308584 3.2
      vertex -16.047980979662185 21.258268198792464 3.2
    endloop
  endfacet
  facet normal 0.3007057995042722 -0.9537169507482272 0
    outer loop
      vertex -14.600076233257148 21.57926095308584 0
      vertex -13.185657563463632 22.025225446639556 3.2
      vertex -14.600076233257148 21.57926095308584 3.2
    endloop
  endfacet
  facet normal 0.38268343236509206 -0.9238795325112859 0
    outer loop
      vertex -13.185657563463632 22.025225446639556 0
      vertex -11.81548955040811 22.592767620376954 3.2
      vertex -13.185657563463632 22.025225446639556 3.2
    endloop
  endfacet
  facet normal 0.46174861323503336 -0.8870108331782219 0
    outer loop
      vertex -11.81548955040811 22.592767620376954 0
      vertex -10.5 23.277568135664545 3.2
      vertex -11.81548955040811 22.592767620376954 3.2
    endloop
  endfacet
  facet normal 0.5372996083468223 -0.8433914458128866 0
    outer loop
      vertex -10.5 23.277568135664545 0
      vertex -9.249200582032216 24.07441524708714 3.2
      vertex -10.5 23.277568135664545 3.2
    endloop
  endfacet
  facet normal 0.608761429008722 -0.7933533402912342 0
    outer loop
      vertex -9.249200582032216 24.07441524708714 0
      vertex -8.072610635328832 24.977244466977375 3.2
      vertex -9.249200582032216 24.07441524708714 3.2
    endloop
  endfacet
  facet normal 0.6755902076156587 -0.7372773368101254 0
    outer loop
      vertex -8.072610635328832 24.977244466977375 0
      vertex -6.979184719828691 25.97918471982869 3.2
      vertex -8.072610635328832 24.977244466977375 3.2
    endloop
  endfacet
  facet normal 0.7372773368101249 -0.6755902076156594 0
    outer loop
      vertex -5.977244466977373 27.072610635328832 0
      vertex -5.977244466977373 27.072610635328832 3.2
      vertex -6.979184719828691 25.97918471982869 3.2
    endloop
  endfacet
  facet normal 0.7933533402912353 -0.6087614290087204 0
    outer loop
      vertex -5.07441524708714 28.249200582032216 0
      vertex -5.07441524708714 28.249200582032216 3.2
      vertex -5.977244466977373 27.072610635328832 3.2
    endloop
  endfacet
  facet normal 0.8433914458128855 -0.537299608346824 0
    outer loop
      vertex -4.277568135664543 29.5 0
      vertex -4.277568135664543 29.5 3.2
      vertex -5.07441524708714 28.249200582032216 3.2
    endloop
  endfacet
  facet normal 0.8870108331782219 -0.46174861323503336 0
    outer loop
      vertex -3.592767620376952 30.81548955040811 0
      vertex -3.592767620376952 30.81548955040811 3.2
      vertex -4.277568135664543 29.5 3.2
    endloop
  endfacet
  facet normal 0.9238795325112865 -0.38268343236509017 0
    outer loop
      vertex -3.0252254466395563 32.185657563463636 0
      vertex -3.0252254466395563 32.185657563463636 3.2
      vertex -3.592767620376952 30.81548955040811 3.2
    endloop
  endfacet
  facet normal 0.9537169507482269 -0.30070579950427284 0
    outer loop
      vertex -2.5792609530858392 33.60007623325715 0
      vertex -2.5792609530858392 33.60007623325715 3.2
      vertex -3.0252254466395563 32.185657563463636 3.2
    endloop
  endfacet
  facet normal 0.9762960071199335 -0.21643961393810207 0
    outer loop
      vertex -2.2582681987924644 35.047980979662185 0
      vertex -2.2582681987924644 35.047980979662185 3.2
      vertex -2.5792609530858392 33.60007623325715 3.2
    endloop
  endfacet
  facet normal 0.9914448613738103 -0.1305261922200529 0
    outer loop
      vertex -2.064690132440326 36.51835237328981 0
      vertex -2.064690132440326 36.51835237328981 3.2
      vertex -2.2582681987924644 35.047980979662185 3.2
    endloop
  endfacet
  facet normal 0 0 -1
    outer loop
      vertex -27.5 52.722431864335455 0
      vertex -26.84200883817578 47.34574220605153 0
      vertex -27.62670273047588 46.626702730475884 0
    endloop
  endfacet
  facet normal 0 0 -1
    outer loop
      vertex -26.18451044959189 53.407232379623046 0
      vertex -25.99763252348276 47.9936549403257 0
      vertex -26.84200883817578 47.34574220605153 0
    endloop
  endfacet
  facet normal 0 0 -1
    outer loop
      vertex -26.18451044959189 53.407232379623046 0
      vertex -25.1 48.56550992617015 0
      vertex -25.99763252348276 47.9936549403257 0
    endloop
  endfacet
  facet normal 0 0 -1
    outer loop
      vertex -27.5 52.722431864335455 0
      vertex -26.18451044959189 53.407232379623046 0
      vertex -26.84200883817578 47.34574220605153 0
    endloop
  endfacet
  facet normal 0 0 -1
    outer loop
      vertex -24.814342436536368 53.97477455336045 0
      vertex -24.155942793236534 49.05695500184713 0
      vertex -25.1 48.56550992617015 0
    endloop
  endfacet
  facet normal 0 0 -1
    outer loop
      vertex -26.18451044959189 53.407232379623046 0
      vertex -24.814342436536368 53.97477455336045 0
      vertex -25.1 48.56550992617015 0
    endloop
  endfacet
  facet normal 0 0 -1
    outer loop
      vertex -24.814342436536368 53.97477455336045 0
      vertex -23.39992376674285 54.420739046914164 0
      vertex -24.155942793236534 49.05695500184713 0
    endloop
  endfacet
  facet normal 0 0 -1
    outer loop
      vertex -23.39992376674285 54.420739046914164 0
      vertex -23.17264574857316 49.46424997358808 0
      vertex -24.155942793236534 49.05695500184713 0
    endloop
  endfacet
  facet normal 0 0 -1
    outer loop
      vertex -21.952019020337815 54.741731801207536 0
      vertex -22.157592350250752 49.784295080726636 0
      vertex -23.17264574857316 49.46424997358808 0
    endloop
  endfacet
  facet normal 0 0 -1
    outer loop
      vertex -21.952019020337815 54.741731801207536 0
      vertex -21.11850776753655 50.01465458674894 0
      vertex -22.157592350250752 49.784295080726636 0
    endloop
  endfacet
  facet normal 0 0 -1
    outer loop
      vertex -23.39992376674285 54.420739046914164 0
      vertex -21.952019020337815 54.741731801207536 0
      vertex -23.17264574857316 49.46424997358808 0
    endloop
  endfacet
  facet normal 0 0 -1
    outer loop
      vertex -21.952019020337815 54.741731801207536 0
      vertex -20.48164762671019 54.935309867559674 0
      vertex -21.11850776753655 50.01465458674894 0
    endloop
  endfacet
  facet normal 0 0 -1
    outer loop
      vertex -20.48164762671019 54.935309867559674 0
      vertex -20.06330006152143 50.1535753167193 0
      vertex -21.11850776753655 50.01465458674894 0
    endloop
  endfacet
  facet normal 0 0 -1
    outer loop
      vertex -20 54.95633905709148 0
      vertex -20 50.156339057091486 0
      vertex -20.06330006152143 50.1535753167193 0
    endloop
  endfacet
  facet normal 0 0 -1
    outer loop
      vertex -17.51835237328981 54.935309867559674 0
      vertex -17.93669993847857 50.1535753167193 0
      vertex -18 50.156339057091486 0
    endloop
  endfacet
  facet normal 0 0 -1
    outer loop
      vertex -20.48164762671019 54.935309867559674 0
      vertex -20 54.95633905709148 0
      vertex -20.06330006152143 50.1535753167193 0
    endloop
  endfacet
  facet normal 0 0 -1
    outer loop
      vertex -17.51835237328981 54.935309867559674 0
      vertex -18 50.156339057091486 0
      vertex -18 54.95633905709148 0
    endloop
  endfacet
  facet normal 0 0 -1
    outer loop
      vertex -14.600076233257148 54.420739046914164 0
      vertex -15.842407649749248 49.784295080726636 0
      vertex -16.88149223246345 50.01465458674894 0
    endloop
  endfacet
  facet normal 0 0 -1
    outer loop
      vertex -16.047980979662185 54.741731801207536 0
      vertex -16.88149223246345 50.01465458674894 0
      vertex -17.93669993847857 50.1535753167193 0
    endloop
  endfacet
  facet normal 0 0 -1
    outer loop
      vertex -14.600076233257148 54.420739046914164 0
      vertex -14.827354251426842 49.46424997358808 0
      vertex -15.842407649749248 49.784295080726636 0
    endloop
  endfacet
  facet normal 0 0 -1
    outer loop
      vertex -13.185657563463632 53.97477455336045 0
      vertex -13.844057206763466 49.05695500184713 0
      vertex -14.827354251426842 49.46424997358808 0
    endloop
  endfacet
  facet normal 0 0 -1
    outer loop
      vertex -14.600076233257148 54.420739046914164 0
      vertex -13.185657563463632 53.97477455336045 0
      vertex -14.827354251426842 49.46424997358808 0
    endloop
  endfacet
  facet normal 0 0 -1
    outer loop
      vertex -17.51835237328981 54.935309867559674 0
      vertex -16.047980979662185 54.741731801207536 0
      vertex -17.93669993847857 50.1535753167193 0
    endloop
  endfacet
  facet normal 0 0 -1
    outer loop
      vertex -16.047980979662185 54.741731801207536 0
      vertex -14.600076233257148 54.420739046914164 0
      vertex -16.88149223246345 50.01465458674894 0
    endloop
  endfacet
  facet normal -0.46174861323503336 0.8870108331782219 0
    outer loop
      vertex -27.5 52.722431864335455 0
      vertex -27.5 52.722431864335455 3.2
      vertex -26.18451044959189 53.407232379623046 0
    endloop
  endfacet
  facet normal -0.3826834323650941 0.923879532511285 0
    outer loop
      vertex -26.18451044959189 53.407232379623046 0
      vertex -26.18451044959189 53.407232379623046 3.2
      vertex -24.814342436536368 53.97477455336045 0
    endloop
  endfacet
  facet normal -0.3007057995042722 0.9537169507482272 0
    outer loop
      vertex -24.814342436536368 53.97477455336045 0
      vertex -24.814342436536368 53.97477455336045 3.2
      vertex -23.39992376674285 54.420739046914164 0
    endloop
  endfacet
  facet normal -0.21643961393809977 0.976296007119934 0
    outer loop
      vertex -23.39992376674285 54.420739046914164 0
      vertex -23.39992376674285 54.420739046914164 3.2
      vertex -21.952019020337815 54.741731801207536 0
    endloop
  endfacet
  facet normal -0.13052619222005257 0.9914448613738103 0
    outer loop
      vertex -21.952019020337815 54.741731801207536 0
      vertex -21.952019020337815 54.741731801207536 3.2
      vertex -20.48164762671019 54.935309867559674 0
    endloop
  endfacet
  facet normal -0.043619387365326605 0.9990482215818582 0
    outer loop
      vertex -20.48164762671019 54.935309867559674 0
      vertex -20.48164762671019 54.935309867559674 3.2
      vertex -20 54.95633905709148 0
    endloop
  endfacet
  facet normal 0.043619387365326605 0.9990482215818582 -2.804962653348378e-19
    outer loop
      vertex -17.51835237328981 54.935309867559674 0
      vertex -18 54.95633905709148 0
      vertex -18 54.95633905709148 3.2
    endloop
  endfacet
  facet normal 0.13052619222005257 0.9914448613738103 0
    outer loop
      vertex -17.51835237328981 54.935309867559674 0
      vertex -17.51835237328981 54.935309867559674 3.2
      vertex -16.047980979662185 54.741731801207536 0
    endloop
  endfacet
  facet normal 0.21643961393809977 0.976296007119934 0
    outer loop
      vertex -16.047980979662185 54.741731801207536 0
      vertex -16.047980979662185 54.741731801207536 3.2
      vertex -14.600076233257148 54.420739046914164 0
    endloop
  endfacet
  facet normal 0.3007057995042722 0.9537169507482272 0
    outer loop
      vertex -14.600076233257148 54.420739046914164 0
      vertex -14.600076233257148 54.420739046914164 3.2
      vertex -13.185657563463632 53.97477455336045 0
    endloop
  endfacet
  facet normal 0 0 -1
    outer loop
      vertex -6.979184719828691 50.020815280171306 0
      vertex -6.985345413251062 40.11850776753655 0
      vertex -7.215704919273367 41.15759235025075 0
    endloop
  endfacet
  facet normal 0 0 -1
    outer loop
      vertex -6.979184719828691 50.020815280171306 0
      vertex -7.215704919273367 41.15759235025075 0
      vertex -7.535750026411918 42.17264574857316 0
    endloop
  endfacet
  facet normal 0 0 -1
    outer loop
      vertex -6.979184719828691 50.020815280171306 0
      vertex -7.943044998152871 43.155942793236534 0
      vertex -8.43449007382985 44.1 0
    endloop
  endfacet
  facet normal 0 0 -1
    outer loop
      vertex -6.979184719828691 50.020815280171306 0
      vertex -7.535750026411918 42.17264574857316 0
      vertex -7.943044998152871 43.155942793236534 0
    endloop
  endfacet
  facet normal 0 0 -1
    outer loop
      vertex -6.979184719828691 25.97918471982869 0
      vertex -6.800000000000001 38 0
      vertex -5.977244466977373 48.92738936467117 0
    endloop
  endfacet
  facet normal 0 0 -1
    outer loop
      vertex -5.977244466977373 27.072610635328832 0
      vertex -5.977244466977373 48.92738936467117 0
      vertex -5.07441524708714 47.750799417967784 0
    endloop
  endfacet
  facet normal 0 0 -1
    outer loop
      vertex -5.07441524708714 28.249200582032216 0
      vertex -5.07441524708714 47.750799417967784 0
      vertex -4.277568135664543 46.5 0
    endloop
  endfacet
  facet normal 0 0 -1
    outer loop
      vertex -4.277568135664543 29.5 0
      vertex -4.277568135664543 46.5 0
      vertex -3.592767620376952 45.18451044959189 0
    endloop
  endfacet
  facet normal 0 0 -1
    outer loop
      vertex -2.2582681987924644 35.047980979662185 0
      vertex -2.064690132440326 39.48164762671019 0
      vertex -2.064690132440326 36.51835237328981 0
    endloop
  endfacet
  facet normal 0 0 -1
    outer loop
      vertex -2.064690132440326 36.51835237328981 0
      vertex -2.064690132440326 39.48164762671019 0
      vertex -2 38 0
    endloop
  endfacet
  facet normal 0 0 -1
    outer loop
      vertex -2.2582681987924644 35.047980979662185 0
      vertex -2.2582681987924644 40.952019020337815 0
      vertex -2.064690132440326 39.48164762671019 0
    endloop
  endfacet
  facet normal 0 0 -1
    outer loop
      vertex -2.5792609530858392 33.60007623325715 0
      vertex -2.5792609530858392 42.39992376674285 0
      vertex -2.2582681987924644 40.952019020337815 0
    endloop
  endfacet
  facet normal 0 0 -1
    outer loop
      vertex -3.0252254466395563 32.185657563463636 0
      vertex -3.0252254466395563 43.814342436536364 0
      vertex -2.5792609530858392 42.39992376674285 0
    endloop
  endfacet
  facet normal 0 0 -1
    outer loop
      vertex -3.592767620376952 30.81548955040811 0
      vertex -3.592767620376952 45.18451044959189 0
      vertex -3.0252254466395563 43.814342436536364 0
    endloop
  endfacet
  facet normal 0 0 -1
    outer loop
      vertex -5.977244466977373 48.92738936467117 0
      vertex -6.800000000000001 38 0
      vertex -6.846424683280706 39.06330006152143 0
    endloop
  endfacet
  facet normal 0 0 -1
    outer loop
      vertex -5.977244466977373 48.92738936467117 0
      vertex -6.846424683280706 39.06330006152143 0
      vertex -6.985345413251062 40.11850776753655 0
    endloop
  endfacet
  facet normal 0.9990482215818578 -0.04361938736533592 0
    outer loop
      vertex -2.064690132440326 36.51835237328981 0
      vertex -2 38 0
      vertex -2.064690132440326 36.51835237328981 3.2
    endloop
  endfacet
  facet normal 0.9990482215818578 0.04361938736533592 0
    outer loop
      vertex -2 38 0
      vertex -2.064690132440326 39.48164762671019 0
      vertex -2 38 3.2
    endloop
  endfacet
  facet normal 0.9914448613738103 0.1305261922200529 0
    outer loop
      vertex -2.064690132440326 39.48164762671019 0
      vertex -2.2582681987924644 40.952019020337815 0
      vertex -2.064690132440326 39.48164762671019 3.2
    endloop
  endfacet
  facet normal 0.9762960071199335 0.21643961393810207 0
    outer loop
      vertex -2.2582681987924644 40.952019020337815 0
      vertex -2.5792609530858392 42.39992376674285 0
      vertex -2.2582681987924644 40.952019020337815 3.2
    endloop
  endfacet
  facet normal 0.8870108331782219 0.46174861323503336 0
    outer loop
      vertex -3.592767620376952 45.18451044959189 0
      vertex -4.277568135664543 46.5 0
      vertex -3.592767620376952 45.18451044959189 3.2
    endloop
  endfacet
  facet normal 0.9537169507482269 0.30070579950427284 0
    outer loop
      vertex -2.5792609530858392 42.39992376674285 0
      vertex -3.0252254466395563 43.814342436536364 0
      vertex -2.5792609530858392 42.39992376674285 3.2
    endloop
  endfacet
  facet normal 0.9238795325112865 0.38268343236509017 0
    outer loop
      vertex -3.0252254466395563 43.814342436536364 0
      vertex -3.592767620376952 45.18451044959189 0
      vertex -3.0252254466395563 43.814342436536364 3.2
    endloop
  endfacet
  facet normal 0 0 -1
    outer loop
      vertex -11.81548955040811 53.407232379623046 0
      vertex -12.9 48.56550992617015 0
      vertex -13.844057206763466 49.05695500184713 0
    endloop
  endfacet
  facet normal 0 0 -1
    outer loop
      vertex -11.81548955040811 53.407232379623046 0
      vertex -12.00236747651724 47.9936549403257 0
      vertex -12.9 48.56550992617015 0
    endloop
  endfacet
  facet normal 0 0 -1
    outer loop
      vertex -10.5 52.722431864335455 0
      vertex -11.15799116182422 47.34574220605153 0
      vertex -12.00236747651724 47.9936549403257 0
    endloop
  endfacet
  facet normal 0 0 -1
    outer loop
      vertex -9.249200582032216 51.92558475291286 0
      vertex -9.654257793948469 45.84200883817578 0
      vertex -10.37329726952412 46.626702730475884 0
    endloop
  endfacet
  facet normal 0 0 -1
    outer loop
      vertex -8.072610635328832 51.022755533022625 0
      vertex -9.0063450596743 44.997632523482764 0
      vertex -9.654257793948469 45.84200883817578 0
    endloop
  endfacet
  facet normal 0 0 -1
    outer loop
      vertex -8.072610635328832 51.022755533022625 0
      vertex -8.43449007382985 44.1 0
      vertex -9.0063450596743 44.997632523482764 0
    endloop
  endfacet
  facet normal 0 0 -1
    outer loop
      vertex -9.249200582032216 51.92558475291286 0
      vertex -10.37329726952412 46.626702730475884 0
      vertex -11.15799116182422 47.34574220605153 0
    endloop
  endfacet
  facet normal 0 0 -1
    outer loop
      vertex -9.249200582032216 51.92558475291286 0
      vertex -8.072610635328832 51.022755533022625 0
      vertex -9.654257793948469 45.84200883817578 0
    endloop
  endfacet
  facet normal 0 0 -1
    outer loop
      vertex -6.979184719828691 50.020815280171306 0
      vertex -8.43449007382985 44.1 0
      vertex -8.072610635328832 51.022755533022625 0
    endloop
  endfacet
  facet normal 0 0 -1
    outer loop
      vertex -13.185657563463632 53.97477455336045 0
      vertex -11.81548955040811 53.407232379623046 0
      vertex -13.844057206763466 49.05695500184713 0
    endloop
  endfacet
  facet normal 0 0 -1
    outer loop
      vertex -11.81548955040811 53.407232379623046 0
      vertex -10.5 52.722431864335455 0
      vertex -12.00236747651724 47.9936549403257 0
    endloop
  endfacet
  facet normal 0 0 -1
    outer loop
      vertex -10.5 52.722431864335455 0
      vertex -9.249200582032216 51.92558475291286 0
      vertex -11.15799116182422 47.34574220605153 0
    endloop
  endfacet
  facet normal 0 0 -1
    outer loop
      vertex -6.979184719828691 50.020815280171306 0
      vertex -5.977244466977373 48.92738936467117 0
      vertex -6.985345413251062 40.11850776753655 0
    endloop
  endfacet
  facet normal 0.3826834323650941 0.923879532511285 0
    outer loop
      vertex -13.185657563463632 53.97477455336045 0
      vertex -13.185657563463632 53.97477455336045 3.2
      vertex -11.81548955040811 53.407232379623046 0
    endloop
  endfacet
  facet normal 0.46174861323503336 0.8870108331782219 0
    outer loop
      vertex -11.81548955040811 53.407232379623046 0
      vertex -11.81548955040811 53.407232379623046 3.2
      vertex -10.5 52.722431864335455 0
    endloop
  endfacet
  facet normal 0.5372996083468223 0.8433914458128866 0
    outer loop
      vertex -10.5 52.722431864335455 0
      vertex -10.5 52.722431864335455 3.2
      vertex -9.249200582032216 51.92558475291286 0
    endloop
  endfacet
  facet normal 0.608761429008722 0.7933533402912342 0
    outer loop
      vertex -9.249200582032216 51.92558475291286 0
      vertex -9.249200582032216 51.92558475291286 3.2
      vertex -8.072610635328832 51.022755533022625 0
    endloop
  endfacet
  facet normal 0.67559020761566 0.7372773368101243 -1.1764389461270933e-18
    outer loop
      vertex -6.979184719828691 50.020815280171306 0
      vertex -8.072610635328832 51.022755533022625 0
      vertex -8.072610635328832 51.022755533022625 3.2
    endloop
  endfacet
  facet normal 0.7933533402912362 0.6087614290087193 0
    outer loop
      vertex -5.07441524708714 47.750799417967784 0
      vertex -5.977244466977373 48.92738936467117 0
      vertex -5.07441524708714 47.750799417967784 3.2
    endloop
  endfacet
  facet normal 0.8433914458128855 0.537299608346824 0
    outer loop
      vertex -4.277568135664543 46.5 0
      vertex -5.07441524708714 47.750799417967784 0
      vertex -4.277568135664543 46.5 3.2
    endloop
  endfacet
  facet normal 0.7372773368101226 0.6755902076156616 -1.0089711782429292e-17
    outer loop
      vertex -6.979184719828691 50.020815280171306 0
      vertex -5.977244466977373 48.92738936467117 3.2
      vertex -5.977244466977373 48.92738936467117 0
    endloop
  endfacet
  facet normal -0.46174861323503336 0.8870108331782219 0
    outer loop
      vertex -26.18451044959189 53.407232379623046 0
      vertex -27.5 52.722431864335455 3.2
      vertex -26.18451044959189 53.407232379623046 3.2
    endloop
  endfacet
  facet normal -0.3826834323650941 0.923879532511285 0
    outer loop
      vertex -24.814342436536368 53.97477455336045 0
      vertex -26.18451044959189 53.407232379623046 3.2
      vertex -24.814342436536368 53.97477455336045 3.2
    endloop
  endfacet
  facet normal -0.3007057995042722 0.9537169507482272 0
    outer loop
      vertex -23.39992376674285 54.420739046914164 0
      vertex -24.814342436536368 53.97477455336045 3.2
      vertex -23.39992376674285 54.420739046914164 3.2
    endloop
  endfacet
  facet normal -0.21643961393809977 0.976296007119934 0
    outer loop
      vertex -21.952019020337815 54.741731801207536 0
      vertex -23.39992376674285 54.420739046914164 3.2
      vertex -21.952019020337815 54.741731801207536 3.2
    endloop
  endfacet
  facet normal -0.13052619222005257 0.9914448613738103 0
    outer loop
      vertex -20.48164762671019 54.935309867559674 0
      vertex -21.952019020337815 54.741731801207536 3.2
      vertex -20.48164762671019 54.935309867559674 3.2
    endloop
  endfacet
  facet normal -0.043619387365326605 0.9990482215818582 2.804962653348378e-19
    outer loop
      vertex -20.48164762671019 54.935309867559674 3.2
      vertex -20 54.95633905709148 3.2
      vertex -20 54.95633905709148 0
    endloop
  endfacet
  facet normal 0.043619387365326605 0.9990482215818582 0
    outer loop
      vertex -17.51835237328981 54.935309867559674 0
      vertex -18 54.95633905709148 3.2
      vertex -17.51835237328981 54.935309867559674 3.2
    endloop
  endfacet
  facet normal 0.13052619222005257 0.9914448613738103 0
    outer loop
      vertex -16.047980979662185 54.741731801207536 0
      vertex -17.51835237328981 54.935309867559674 3.2
      vertex -16.047980979662185 54.741731801207536 3.2
    endloop
  endfacet
  facet normal 0.21643961393809977 0.976296007119934 0
    outer loop
      vertex -14.600076233257148 54.420739046914164 0
      vertex -16.047980979662185 54.741731801207536 3.2
      vertex -14.600076233257148 54.420739046914164 3.2
    endloop
  endfacet
  facet normal 0.9990482215818578 -0.04361938736533592 6.084406163462027e-19
    outer loop
      vertex -2.064690132440326 36.51835237328981 3.2
      vertex -2 38 0
      vertex -2 38 3.2
    endloop
  endfacet
  facet normal 0.9990482215818578 0.04361938736533592 0
    outer loop
      vertex -2.064690132440326 39.48164762671019 0
      vertex -2.064690132440326 39.48164762671019 3.2
      vertex -2 38 3.2
    endloop
  endfacet
  facet normal 0.9914448613738103 0.1305261922200529 0
    outer loop
      vertex -2.2582681987924644 40.952019020337815 0
      vertex -2.2582681987924644 40.952019020337815 3.2
      vertex -2.064690132440326 39.48164762671019 3.2
    endloop
  endfacet
  facet normal 0.9762960071199335 0.21643961393810207 0
    outer loop
      vertex -2.5792609530858392 42.39992376674285 0
      vertex -2.5792609530858392 42.39992376674285 3.2
      vertex -2.2582681987924644 40.952019020337815 3.2
    endloop
  endfacet
  facet normal 0.9537169507482269 0.30070579950427284 0
    outer loop
      vertex -3.0252254466395563 43.814342436536364 0
      vertex -3.0252254466395563 43.814342436536364 3.2
      vertex -2.5792609530858392 42.39992376674285 3.2
    endloop
  endfacet
  facet normal 0.9238795325112865 0.38268343236509017 0
    outer loop
      vertex -3.592767620376952 45.18451044959189 0
      vertex -3.592767620376952 45.18451044959189 3.2
      vertex -3.0252254466395563 43.814342436536364 3.2
    endloop
  endfacet
  facet normal 0.67559020761566 0.7372773368101243 0
    outer loop
      vertex -6.979184719828691 50.020815280171306 0
      vertex -8.072610635328832 51.022755533022625 3.2
      vertex -6.979184719828691 50.020815280171306 3.2
    endloop
  endfacet
  facet normal 0.3826834323650941 0.923879532511285 0
    outer loop
      vertex -11.81548955040811 53.407232379623046 0
      vertex -13.185657563463632 53.97477455336045 3.2
      vertex -11.81548955040811 53.407232379623046 3.2
    endloop
  endfacet
  facet normal 0.3007057995042722 0.9537169507482272 0
    outer loop
      vertex -13.185657563463632 53.97477455336045 0
      vertex -14.600076233257148 54.420739046914164 3.2
      vertex -13.185657563463632 53.97477455336045 3.2
    endloop
  endfacet
  facet normal 0.46174861323503336 0.8870108331782219 0
    outer loop
      vertex -10.5 52.722431864335455 0
      vertex -11.81548955040811 53.407232379623046 3.2
      vertex -10.5 52.722431864335455 3.2
    endloop
  endfacet
  facet normal 0.5372996083468223 0.8433914458128866 0
    outer loop
      vertex -9.249200582032216 51.92558475291286 0
      vertex -10.5 52.722431864335455 3.2
      vertex -9.249200582032216 51.92558475291286 3.2
    endloop
  endfacet
  facet normal 0.608761429008722 0.7933533402912342 0
    outer loop
      vertex -8.072610635328832 51.022755533022625 0
      vertex -9.249200582032216 51.92558475291286 3.2
      vertex -8.072610635328832 51.022755533022625 3.2
    endloop
  endfacet
  facet normal 0.8870108331782219 0.46174861323503336 0
    outer loop
      vertex -4.277568135664543 46.5 0
      vertex -4.277568135664543 46.5 3.2
      vertex -3.592767620376952 45.18451044959189 3.2
    endloop
  endfacet
  facet normal 0.8433914458128855 0.537299608346824 0
    outer loop
      vertex -5.07441524708714 47.750799417967784 0
      vertex -5.07441524708714 47.750799417967784 3.2
      vertex -4.277568135664543 46.5 3.2
    endloop
  endfacet
  facet normal 0.7933533402912362 0.6087614290087193 0
    outer loop
      vertex -5.977244466977373 48.92738936467117 0
      vertex -5.977244466977373 48.92738936467117 3.2
      vertex -5.07441524708714 47.750799417967784 3.2
    endloop
  endfacet
  facet normal 0.7372773368101226 0.6755902076156616 0
    outer loop
      vertex -6.979184719828691 50.020815280171306 0
      vertex -6.979184719828691 50.020815280171306 3.2
      vertex -5.977244466977373 48.92738936467117 3.2
    endloop
  endfacet
  facet normal 0 0 1
    outer loop
      vertex -29.927389364671168 24.977244466977375 3.2
      vertex -28.750799417967784 24.07441524708714 3.2
      vertex -29.56550992617015 31.9 3.2
    endloop
  endfacet
  facet normal 0 0 1
    outer loop
      vertex -28.750799417967784 24.07441524708714 3.2
      vertex -27.5 23.277568135664545 3.2
      vertex -28.345742206051533 30.15799116182422 3.2
    endloop
  endfacet
  facet normal 0 0 1
    outer loop
      vertex -27.5 23.277568135664545 3.2
      vertex -27.62670273047588 29.37329726952412 3.2
      vertex -28.345742206051533 30.15799116182422 3.2
    endloop
  endfacet
  facet normal 0 0 1
    outer loop
      vertex -34.407232379623046 30.81548955040811 3.2
      vertex -34.97477455336045 43.814342436536364 3.2
      vertex -34.97477455336045 32.185657563463636 3.2
    endloop
  endfacet
  facet normal 0 0 1
    outer loop
      vertex -34.97477455336045 32.185657563463636 3.2
      vertex -35.420739046914164 42.39992376674285 3.2
      vertex -35.420739046914164 33.60007623325715 3.2
    endloop
  endfacet
  facet normal 0 0 1
    outer loop
      vertex -35.420739046914164 33.60007623325715 3.2
      vertex -35.741731801207536 40.952019020337815 3.2
      vertex -35.741731801207536 35.047980979662185 3.2
    endloop
  endfacet
  facet normal 0 0 1
    outer loop
      vertex -31.02081528017131 25.97918471982869 3.2
      vertex -30.784295080726633 34.84240764974925 3.2
      vertex -31.01465458674894 35.88149223246345 3.2
    endloop
  endfacet
  facet normal 0 0 1
    outer loop
      vertex -29.927389364671168 24.977244466977375 3.2
      vertex -30.464249973588082 33.82735425142684 3.2
      vertex -31.02081528017131 25.97918471982869 3.2
    endloop
  endfacet
  facet normal 0 0 1
    outer loop
      vertex -29.927389364671168 24.977244466977375 3.2
      vertex -29.56550992617015 31.9 3.2
      vertex -30.05695500184713 32.844057206763466 3.2
    endloop
  endfacet
  facet normal 0 0 1
    outer loop
      vertex -28.750799417967784 24.07441524708714 3.2
      vertex -28.345742206051533 30.15799116182422 3.2
      vertex -28.993654940325698 31.00236747651724 3.2
    endloop
  endfacet
  facet normal 0 0 1
    outer loop
      vertex -28.750799417967784 24.07441524708714 3.2
      vertex -28.993654940325698 31.00236747651724 3.2
      vertex -29.56550992617015 31.9 3.2
    endloop
  endfacet
  facet normal 0 0 1
    outer loop
      vertex -29.927389364671168 24.977244466977375 3.2
      vertex -30.05695500184713 32.844057206763466 3.2
      vertex -30.464249973588082 33.82735425142684 3.2
    endloop
  endfacet
  facet normal 0 0 1
    outer loop
      vertex -31.02081528017131 25.97918471982869 3.2
      vertex -30.464249973588082 33.82735425142684 3.2
      vertex -30.784295080726633 34.84240764974925 3.2
    endloop
  endfacet
  facet normal 0 0 1
    outer loop
      vertex -31.02081528017131 25.97918471982869 3.2
      vertex -31.01465458674894 35.88149223246345 3.2
      vertex -31.153575316719294 36.93669993847857 3.2
    endloop
  endfacet
  facet normal 0 0 1
    outer loop
      vertex -32.022755533022625 27.072610635328832 3.2
      vertex -32.92558475291286 47.750799417967784 3.2
      vertex -32.92558475291286 28.249200582032216 3.2
    endloop
  endfacet
  facet normal 0 0 1
    outer loop
      vertex -32.022755533022625 27.072610635328832 3.2
      vertex -31.02081528017131 25.97918471982869 3.2
      vertex -32.022755533022625 48.92738936467117 3.2
    endloop
  endfacet
  facet normal 0 0 1
    outer loop
      vertex -31.02081528017131 25.97918471982869 3.2
      vertex -31.153575316719294 36.93669993847857 3.2
      vertex -31.2 38 3.2
    endloop
  endfacet
  facet normal 0 0 1
    outer loop
      vertex -34.407232379623046 30.81548955040811 3.2
      vertex -33.722431864335455 29.5 3.2
      vertex -34.407232379623046 45.18451044959189 3.2
    endloop
  endfacet
  facet normal 0 0 1
    outer loop
      vertex -32.92558475291286 28.249200582032216 3.2
      vertex -33.722431864335455 46.5 3.2
      vertex -33.722431864335455 29.5 3.2
    endloop
  endfacet
  facet normal 0 0 1
    outer loop
      vertex -35.741731801207536 35.047980979662185 3.2
      vertex -35.935309867559674 39.48164762671019 3.2
      vertex -35.935309867559674 36.51835237328981 3.2
    endloop
  endfacet
  facet normal 0 0 1
    outer loop
      vertex -35.935309867559674 36.51835237328981 3.2
      vertex -35.935309867559674 39.48164762671019 3.2
      vertex -36 38 3.2
    endloop
  endfacet
  facet normal 0 0 1
    outer loop
      vertex -35.741731801207536 35.047980979662185 3.2
      vertex -35.741731801207536 40.952019020337815 3.2
      vertex -35.935309867559674 39.48164762671019 3.2
    endloop
  endfacet
  facet normal 0 0 1
    outer loop
      vertex -35.420739046914164 33.60007623325715 3.2
      vertex -35.420739046914164 42.39992376674285 3.2
      vertex -35.741731801207536 40.952019020337815 3.2
    endloop
  endfacet
  facet normal 0 0 1
    outer loop
      vertex -34.97477455336045 32.185657563463636 3.2
      vertex -34.97477455336045 43.814342436536364 3.2
      vertex -35.420739046914164 42.39992376674285 3.2
    endloop
  endfacet
  facet normal 0 0 1
    outer loop
      vertex -34.407232379623046 30.81548955040811 3.2
      vertex -34.407232379623046 45.18451044959189 3.2
      vertex -34.97477455336045 43.814342436536364 3.2
    endloop
  endfacet
  facet normal 0 0 1
    outer loop
      vertex -31.02081528017131 25.97918471982869 3.2
      vertex -31.2 38 3.2
      vertex -32.022755533022625 48.92738936467117 3.2
    endloop
  endfacet
  facet normal 0 0 1
    outer loop
      vertex -33.722431864335455 29.5 3.2
      vertex -33.722431864335455 46.5 3.2
      vertex -34.407232379623046 45.18451044959189 3.2
    endloop
  endfacet
  facet normal 0 0 1
    outer loop
      vertex -32.92558475291286 28.249200582032216 3.2
      vertex -32.92558475291286 47.750799417967784 3.2
      vertex -33.722431864335455 46.5 3.2
    endloop
  endfacet
  facet normal 0 0 1
    outer loop
      vertex -32.022755533022625 27.072610635328832 3.2
      vertex -32.022755533022625 48.92738936467117 3.2
      vertex -32.92558475291286 47.750799417967784 3.2
    endloop
  endfacet
  facet normal 0 0 1
    outer loop
      vertex -32.022755533022625 48.92738936467117 3.2
      vertex -31.2 38 3.2
      vertex -31.153575316719294 39.06330006152143 3.2
    endloop
  endfacet
  facet normal 0 0 1
    outer loop
      vertex -32.022755533022625 48.92738936467117 3.2
      vertex -31.153575316719294 39.06330006152143 3.2
      vertex -31.01465458674894 40.11850776753655 3.2
    endloop
  endfacet
  facet normal 0 0 1
    outer loop
      vertex -31.02081528017131 50.020815280171306 3.2
      vertex -31.01465458674894 40.11850776753655 3.2
      vertex -30.784295080726633 41.15759235025075 3.2
    endloop
  endfacet
  facet normal 0 0 1
    outer loop
      vertex -31.02081528017131 50.020815280171306 3.2
      vertex -30.784295080726633 41.15759235025075 3.2
      vertex -30.464249973588082 42.17264574857316 3.2
    endloop
  endfacet
  facet normal 0 0 1
    outer loop
      vertex -31.02081528017131 50.020815280171306 3.2
      vertex -30.464249973588082 42.17264574857316 3.2
      vertex -30.05695500184713 43.155942793236534 3.2
    endloop
  endfacet
  facet normal 0 0 1
    outer loop
      vertex -31.02081528017131 50.020815280171306 3.2
      vertex -30.05695500184713 43.155942793236534 3.2
      vertex -29.56550992617015 44.1 3.2
    endloop
  endfacet
  facet normal 0 0 1
    outer loop
      vertex -32.022755533022625 48.92738936467117 3.2
      vertex -31.01465458674894 40.11850776753655 3.2
      vertex -31.02081528017131 50.020815280171306 3.2
    endloop
  endfacet
  facet normal 0 0 1
    outer loop
      vertex -29.927389364671168 51.022755533022625 3.2
      vertex -29.56550992617015 44.1 3.2
      vertex -28.993654940325698 44.997632523482764 3.2
    endloop
  endfacet
  facet normal 0 0 1
    outer loop
      vertex -29.927389364671168 51.022755533022625 3.2
      vertex -28.993654940325698 44.997632523482764 3.2
      vertex -28.345742206051533 45.84200883817578 3.2
    endloop
  endfacet
  facet normal 0 0 1
    outer loop
      vertex -28.750799417967784 51.92558475291286 3.2
      vertex -28.345742206051533 45.84200883817578 3.2
      vertex -27.62670273047588 46.626702730475884 3.2
    endloop
  endfacet
  facet normal 0 0 1
    outer loop
      vertex -31.02081528017131 50.020815280171306 3.2
      vertex -29.56550992617015 44.1 3.2
      vertex -29.927389364671168 51.022755533022625 3.2
    endloop
  endfacet
  facet normal 0 0 1
    outer loop
      vertex -28.750799417967784 51.92558475291286 3.2
      vertex -27.62670273047588 46.626702730475884 3.2
      vertex -26.84200883817578 47.34574220605153 3.2
    endloop
  endfacet
  facet normal 0 0 1
    outer loop
      vertex -29.927389364671168 51.022755533022625 3.2
      vertex -28.345742206051533 45.84200883817578 3.2
      vertex -28.750799417967784 51.92558475291286 3.2
    endloop
  endfacet
  facet normal 0 0 1
    outer loop
      vertex -28.750799417967784 51.92558475291286 3.2
      vertex -26.84200883817578 47.34574220605153 3.2
      vertex -27.5 52.722431864335455 3.2
    endloop
  endfacet
  facet normal 0 0 1
    outer loop
      vertex -20.48164762671019 21.064690132440326 3.2
      vertex -21.429366090222906 21.314589803375032 3.2
      vertex -21.489115113157844 21.197325743269257 3.2
    endloop
  endfacet
  facet normal 0 0 1
    outer loop
      vertex -23.39992376674285 21.57926095308584 3.2
      vertex -22.583900695790526 21.398352993662208 3.2
      vertex -22.6 21.5 3.2
    endloop
  endfacet
  facet normal 0 0 1
    outer loop
      vertex -23.39992376674285 21.57926095308584 3.2
      vertex -22.6 21.5 3.2
      vertex -22.570633909777094 21.685410196624968 3.2
    endloop
  endfacet
  facet normal 0 0 1
    outer loop
      vertex -23.39992376674285 21.57926095308584 3.2
      vertex -24.155942793236534 26.94304499815287 3.2
      vertex -23.96626455893525 21.757827518956866 3.2
    endloop
  endfacet
  facet normal 0 0 1
    outer loop
      vertex -23.39992376674285 21.57926095308584 3.2
      vertex -22.570633909777094 21.685410196624968 3.2
      vertex -23.17264574857316 26.535750026411918 3.2
    endloop
  endfacet
  facet normal 0 0 1
    outer loop
      vertex -22.48541019662497 21.852671151375485 3.2
      vertex -23.17264574857316 26.535750026411918 3.2
      vertex -22.570633909777094 21.685410196624968 3.2
    endloop
  endfacet
  facet normal 0 0 1
    outer loop
      vertex -23.17264574857316 26.535750026411918 3.2
      vertex -22.48541019662497 21.852671151375485 3.2
      vertex -22.352671151375482 21.98541019662497 3.2
    endloop
  endfacet
  facet normal 0 0 1
    outer loop
      vertex -20.48164762671019 21.064690132440326 3.2
      vertex -21.4 21.5 3.2
      vertex -21.429366090222906 21.314589803375032 3.2
    endloop
  endfacet
  facet normal 0 0 1
    outer loop
      vertex -21.11850776753655 25.98534541325106 3.2
      vertex -21.814589803375032 22.070633909777094 3.2
      vertex -21.647328848624518 21.98541019662497 3.2
    endloop
  endfacet
  facet normal 0 0 1
    outer loop
      vertex -20.48164762671019 21.064690132440326 3.2
      vertex -21.11850776753655 25.98534541325106 3.2
      vertex -21.4 21.5 3.2
    endloop
  endfacet
  facet normal 0 0 1
    outer loop
      vertex -21.11850776753655 25.98534541325106 3.2
      vertex -21.429366090222906 21.685410196624968 3.2
      vertex -21.4 21.5 3.2
    endloop
  endfacet
  facet normal 0 0 1
    outer loop
      vertex -21.11850776753655 25.98534541325106 3.2
      vertex -21.51458980337503 21.852671151375485 3.2
      vertex -21.429366090222906 21.685410196624968 3.2
    endloop
  endfacet
  facet normal 0 0 1
    outer loop
      vertex -21.11850776753655 25.98534541325106 3.2
      vertex -21.647328848624518 21.98541019662497 3.2
      vertex -21.51458980337503 21.852671151375485 3.2
    endloop
  endfacet
  facet normal 0 0 1
    outer loop
      vertex -26.18451044959189 22.592767620376954 3.2
      vertex -26.84200883817578 28.654257793948467 3.2
      vertex -27.5 23.277568135664545 3.2
    endloop
  endfacet
  facet normal 0 0 1
    outer loop
      vertex -26.18451044959189 22.592767620376954 3.2
      vertex -24.814342436536368 22.025225446639556 3.2
      vertex -25.1 27.43449007382985 3.2
    endloop
  endfacet
  facet normal 0 0 1
    outer loop
      vertex -24.814342436536368 22.025225446639556 3.2
      vertex -24.78974835525955 22.017470962599383 3.2
      vertex -24.155942793236534 26.94304499815287 3.2
    endloop
  endfacet
  facet normal 0 0 1
    outer loop
      vertex -24.78974835525955 22.017470962599383 3.2
      vertex -24.685410196624968 22.070633909777094 3.2
      vertex -24.155942793236534 26.94304499815287 3.2
    endloop
  endfacet
  facet normal 0 0 1
    outer loop
      vertex -24.155942793236534 26.94304499815287 3.2
      vertex -24.685410196624968 22.070633909777094 3.2
      vertex -24.5 22.1 3.2
    endloop
  endfacet
  facet normal 0 0 1
    outer loop
      vertex -24.155942793236534 26.94304499815287 3.2
      vertex -24.5 22.1 3.2
      vertex -24.314589803375032 22.070633909777094 3.2
    endloop
  endfacet
  facet normal 0 0 1
    outer loop
      vertex -24.155942793236534 26.94304499815287 3.2
      vertex -24.147328848624518 21.98541019662497 3.2
      vertex -24.01458980337503 21.852671151375485 3.2
    endloop
  endfacet
  facet normal 0 0 1
    outer loop
      vertex -24.155942793236534 26.94304499815287 3.2
      vertex -24.314589803375032 22.070633909777094 3.2
      vertex -24.147328848624518 21.98541019662497 3.2
    endloop
  endfacet
  facet normal 0 0 1
    outer loop
      vertex -24.814342436536368 22.025225446639556 3.2
      vertex -24.155942793236534 26.94304499815287 3.2
      vertex -25.1 27.43449007382985 3.2
    endloop
  endfacet
  facet normal 0 0 1
    outer loop
      vertex -26.18451044959189 22.592767620376954 3.2
      vertex -25.99763252348276 28.006345059674302 3.2
      vertex -26.84200883817578 28.654257793948467 3.2
    endloop
  endfacet
  facet normal 0 0 1
    outer loop
      vertex -27.5 23.277568135664545 3.2
      vertex -26.84200883817578 28.654257793948467 3.2
      vertex -27.62670273047588 29.37329726952412 3.2
    endloop
  endfacet
  facet normal 0 0 1
    outer loop
      vertex -26.18451044959189 22.592767620376954 3.2
      vertex -25.1 27.43449007382985 3.2
      vertex -25.99763252348276 28.006345059674302 3.2
    endloop
  endfacet
  facet normal 0 0 1
    outer loop
      vertex -23.96626455893525 21.757827518956866 3.2
      vertex -24.155942793236534 26.94304499815287 3.2
      vertex -24.01458980337503 21.852671151375485 3.2
    endloop
  endfacet
  facet normal 0 0 1
    outer loop
      vertex -23.17264574857316 26.535750026411918 3.2
      vertex -22.352671151375482 21.98541019662497 3.2
      vertex -22.185410196624968 22.070633909777094 3.2
    endloop
  endfacet
  facet normal 0 0 1
    outer loop
      vertex -23.17264574857316 26.535750026411918 3.2
      vertex -22.185410196624968 22.070633909777094 3.2
      vertex -22 22.1 3.2
    endloop
  endfacet
  facet normal 0 0 1
    outer loop
      vertex -23.39992376674285 21.57926095308584 3.2
      vertex -23.17264574857316 26.535750026411918 3.2
      vertex -24.155942793236534 26.94304499815287 3.2
    endloop
  endfacet
  facet normal 0 0 1
    outer loop
      vertex -21.814589803375032 22.070633909777094 3.2
      vertex -22.157592350250752 26.215704919273367 3.2
      vertex -23.17264574857316 26.535750026411918 3.2
    endloop
  endfacet
  facet normal 0 0 1
    outer loop
      vertex -23.17264574857316 26.535750026411918 3.2
      vertex -22 22.1 3.2
      vertex -21.814589803375032 22.070633909777094 3.2
    endloop
  endfacet
  facet normal 0 0 1
    outer loop
      vertex -21.814589803375032 22.070633909777094 3.2
      vertex -21.11850776753655 25.98534541325106 3.2
      vertex -22.157592350250752 26.215704919273367 3.2
    endloop
  endfacet
  facet normal 0 0 1
    outer loop
      vertex -20.48164762671019 21.064690132440326 3.2
      vertex -19.876343323830472 21.038261975830018 3.2
      vertex -19.98541019662497 21.147328848624515 3.2
    endloop
  endfacet
  facet normal 0 0 1
    outer loop
      vertex -20.48164762671019 21.064690132440326 3.2
      vertex -19.98541019662497 21.147328848624515 3.2
      vertex -20.070633909777094 21.314589803375032 3.2
    endloop
  endfacet
  facet normal 0 0 1
    outer loop
      vertex -19 21 3.2
      vertex -19.147328848624515 21.01458980337503 3.2
      vertex -19.16207484931883 21.007076340743016 3.2
    endloop
  endfacet
  facet normal 0 0 1
    outer loop
      vertex -19 21 3.2
      vertex -19.01458980337503 21.147328848624515 3.2
      vertex -19.147328848624515 21.01458980337503 3.2
    endloop
  endfacet
  facet normal 0 0 1
    outer loop
      vertex -19 21 3.2
      vertex -17.51835237328981 21.064690132440326 3.2
      vertex -19.01458980337503 21.147328848624515 3.2
    endloop
  endfacet
  facet normal 0 0 1
    outer loop
      vertex -17.51835237328981 21.064690132440326 3.2
      vertex -18.929366090222906 21.314589803375032 3.2
      vertex -19.01458980337503 21.147328848624515 3.2
    endloop
  endfacet
  facet normal 0 0 1
    outer loop
      vertex -20.48164762671019 21.064690132440326 3.2
      vertex -20.070633909777094 21.314589803375032 3.2
      vertex -20.1 21.5 3.2
    endloop
  endfacet
  facet normal 0 0 1
    outer loop
      vertex -20.48164762671019 21.064690132440326 3.2
      vertex -20.1 21.5 3.2
      vertex -21.11850776753655 25.98534541325106 3.2
    endloop
  endfacet
  facet normal 0 0 1
    outer loop
      vertex -21.11850776753655 25.98534541325106 3.2
      vertex -20.1 21.5 3.2
      vertex -20.070633909777094 21.685410196624968 3.2
    endloop
  endfacet
  facet normal 0 0 1
    outer loop
      vertex -21.11850776753655 25.98534541325106 3.2
      vertex -20.070633909777094 21.685410196624968 3.2
      vertex -19.98541019662497 21.852671151375485 3.2
    endloop
  endfacet
  facet normal 0 0 1
    outer loop
      vertex -21.11850776753655 25.98534541325106 3.2
      vertex -19.98541019662497 21.852671151375485 3.2
      vertex -19.852671151375485 21.98541019662497 3.2
    endloop
  endfacet
  facet normal 0 0 1
    outer loop
      vertex -21.11850776753655 25.98534541325106 3.2
      vertex -19.852671151375485 21.98541019662497 3.2
      vertex -19.685410196624968 22.070633909777094 3.2
    endloop
  endfacet
  facet normal 0 0 1
    outer loop
      vertex -19.685410196624968 22.070633909777094 3.2
      vertex -19.5 22.1 3.2
      vertex -20.06330006152143 25.846424683280706 3.2
    endloop
  endfacet
  facet normal 0 0 1
    outer loop
      vertex -20.06330006152143 25.846424683280706 3.2
      vertex -19.5 22.1 3.2
      vertex -19.314589803375032 22.070633909777094 3.2
    endloop
  endfacet
  facet normal 0 0 1
    outer loop
      vertex -20.06330006152143 25.846424683280706 3.2
      vertex -19.314589803375032 22.070633909777094 3.2
      vertex -19.147328848624515 21.98541019662497 3.2
    endloop
  endfacet
  facet normal 0 0 1
    outer loop
      vertex -19.01458980337503 21.852671151375485 3.2
      vertex -20.06330006152143 25.846424683280706 3.2
      vertex -19.147328848624515 21.98541019662497 3.2
    endloop
  endfacet
  facet normal 0 0 1
    outer loop
      vertex -19 25.8 3.2
      vertex -19.01458980337503 21.852671151375485 3.2
      vertex -18.929366090222906 21.685410196624968 3.2
    endloop
  endfacet
  facet normal 0 0 1
    outer loop
      vertex -17.51835237328981 21.064690132440326 3.2
      vertex -18.9 21.5 3.2
      vertex -18.929366090222906 21.314589803375032 3.2
    endloop
  endfacet
  facet normal 0 0 1
    outer loop
      vertex -17.51835237328981 21.064690132440326 3.2
      vertex -17.93669993847857 25.846424683280706 3.2
      vertex -18.9 21.5 3.2
    endloop
  endfacet
  facet normal 0 0 1
    outer loop
      vertex -17.93669993847857 25.846424683280706 3.2
      vertex -18.929366090222906 21.685410196624968 3.2
      vertex -18.9 21.5 3.2
    endloop
  endfacet
  facet normal 0 0 1
    outer loop
      vertex -17.51835237328981 21.064690132440326 3.2
      vertex -16.047980979662185 21.258268198792464 3.2
      vertex -17.93669993847857 25.846424683280706 3.2
    endloop
  endfacet
  facet normal 0 0 1
    outer loop
      vertex -16.047980979662185 21.258268198792464 3.2
      vertex -14.600076233257148 21.57926095308584 3.2
      vertex -16.88149223246345 25.98534541325106 3.2
    endloop
  endfacet
  facet normal 0 0 1
    outer loop
      vertex -14.600076233257148 21.57926095308584 3.2
      vertex -13.185657563463632 22.025225446639556 3.2
      vertex -14.827354251426842 26.535750026411918 3.2
    endloop
  endfacet
  facet normal 0 0 1
    outer loop
      vertex -19.01458980337503 21.852671151375485 3.2
      vertex -19 25.8 3.2
      vertex -20.06330006152143 25.846424683280706 3.2
    endloop
  endfacet
  facet normal 0 0 1
    outer loop
      vertex -19.685410196624968 22.070633909777094 3.2
      vertex -20.06330006152143 25.846424683280706 3.2
      vertex -21.11850776753655 25.98534541325106 3.2
    endloop
  endfacet
  facet normal 0 0 1
    outer loop
      vertex -18.929366090222906 21.685410196624968 3.2
      vertex -17.93669993847857 25.846424683280706 3.2
      vertex -19 25.8 3.2
    endloop
  endfacet
  facet normal 0 0 1
    outer loop
      vertex -16.047980979662185 21.258268198792464 3.2
      vertex -16.88149223246345 25.98534541325106 3.2
      vertex -17.93669993847857 25.846424683280706 3.2
    endloop
  endfacet
  facet normal 0 0 1
    outer loop
      vertex -14.600076233257148 21.57926095308584 3.2
      vertex -15.842407649749248 26.215704919273367 3.2
      vertex -16.88149223246345 25.98534541325106 3.2
    endloop
  endfacet
  facet normal 0 0 1
    outer loop
      vertex -14.600076233257148 21.57926095308584 3.2
      vertex -14.827354251426842 26.535750026411918 3.2
      vertex -15.842407649749248 26.215704919273367 3.2
    endloop
  endfacet
  facet normal 0 0 1
    outer loop
      vertex -13.185657563463632 22.025225446639556 3.2
      vertex -13.844057206763466 26.94304499815287 3.2
      vertex -14.827354251426842 26.535750026411918 3.2
    endloop
  endfacet
  facet normal 0 0 1
    outer loop
      vertex -13.185657563463632 22.025225446639556 3.2
      vertex -11.81548955040811 22.592767620376954 3.2
      vertex -13.844057206763466 26.94304499815287 3.2
    endloop
  endfacet
  facet normal 0 0 1
    outer loop
      vertex -11.81548955040811 22.592767620376954 3.2
      vertex -12.9 27.43449007382985 3.2
      vertex -13.844057206763466 26.94304499815287 3.2
    endloop
  endfacet
  facet normal 0 0 1
    outer loop
      vertex -11.81548955040811 22.592767620376954 3.2
      vertex -10.5 23.277568135664545 3.2
      vertex -12.00236747651724 28.006345059674302 3.2
    endloop
  endfacet
  facet normal 0 0 1
    outer loop
      vertex -11.81548955040811 22.592767620376954 3.2
      vertex -12.00236747651724 28.006345059674302 3.2
      vertex -12.9 27.43449007382985 3.2
    endloop
  endfacet
  facet normal 0 0 1
    outer loop
      vertex -10.5 23.277568135664545 3.2
      vertex -11.15799116182422 28.654257793948467 3.2
      vertex -12.00236747651724 28.006345059674302 3.2
    endloop
  endfacet
  facet normal 0 0 1
    outer loop
      vertex -10.5 23.277568135664545 3.2
      vertex -9.249200582032216 24.07441524708714 3.2
      vertex -11.15799116182422 28.654257793948467 3.2
    endloop
  endfacet
  facet normal 0 0 1
    outer loop
      vertex -9.249200582032216 24.07441524708714 3.2
      vertex -8.072610635328832 24.977244466977375 3.2
      vertex -9.654257793948469 30.15799116182422 3.2
    endloop
  endfacet
  facet normal 0 0 1
    outer loop
      vertex -9.249200582032216 24.07441524708714 3.2
      vertex -10.37329726952412 29.37329726952412 3.2
      vertex -11.15799116182422 28.654257793948467 3.2
    endloop
  endfacet
  facet normal 0 0 1
    outer loop
      vertex -9.249200582032216 24.07441524708714 3.2
      vertex -9.654257793948469 30.15799116182422 3.2
      vertex -10.37329726952412 29.37329726952412 3.2
    endloop
  endfacet
  facet normal 0 0 1
    outer loop
      vertex -8.072610635328832 24.977244466977375 3.2
      vertex -6.979184719828691 25.97918471982869 3.2
      vertex -8.43449007382985 31.9 3.2
    endloop
  endfacet
  facet normal 0 0 1
    outer loop
      vertex -8.072610635328832 24.977244466977375 3.2
      vertex -9.0063450596743 31.00236747651724 3.2
      vertex -9.654257793948469 30.15799116182422 3.2
    endloop
  endfacet
  facet normal 0 0 1
    outer loop
      vertex -8.072610635328832 24.977244466977375 3.2
      vertex -8.43449007382985 31.9 3.2
      vertex -9.0063450596743 31.00236747651724 3.2
    endloop
  endfacet
  facet normal 0 0 1
    outer loop
      vertex -6.979184719828691 25.97918471982869 3.2
      vertex -7.943044998152871 32.844057206763466 3.2
      vertex -8.43449007382985 31.9 3.2
    endloop
  endfacet
  facet normal 0 0 1
    outer loop
      vertex -6.979184719828691 25.97918471982869 3.2
      vertex -7.535750026411918 33.82735425142684 3.2
      vertex -7.943044998152871 32.844057206763466 3.2
    endloop
  endfacet
  facet normal 0 0 1
    outer loop
      vertex -6.979184719828691 25.97918471982869 3.2
      vertex -7.215704919273367 34.84240764974925 3.2
      vertex -7.535750026411918 33.82735425142684 3.2
    endloop
  endfacet
  facet normal 0 0 1
    outer loop
      vertex -6.979184719828691 25.97918471982869 3.2
      vertex -6.985345413251062 35.88149223246345 3.2
      vertex -7.215704919273367 34.84240764974925 3.2
    endloop
  endfacet
  facet normal 0 0 1
    outer loop
      vertex -6.979184719828691 25.97918471982869 3.2
      vertex -5.977244466977373 27.072610635328832 3.2
      vertex -6.985345413251062 35.88149223246345 3.2
    endloop
  endfacet
  facet normal 0 0 1
    outer loop
      vertex -5.977244466977373 27.072610635328832 3.2
      vertex -6.846424683280706 36.93669993847857 3.2
      vertex -6.985345413251062 35.88149223246345 3.2
    endloop
  endfacet
  facet normal 0 0 1
    outer loop
      vertex -5.977244466977373 27.072610635328832 3.2
      vertex -6.800000000000001 38 3.2
      vertex -6.846424683280706 36.93669993847857 3.2
    endloop
  endfacet
  facet normal 0 0 1
    outer loop
      vertex -5.977244466977373 27.072610635328832 3.2
      vertex -5.07441524708714 28.249200582032216 3.2
      vertex -5.977244466977373 48.92738936467117 3.2
    endloop
  endfacet
  facet normal 0 0 1
    outer loop
      vertex -5.07441524708714 28.249200582032216 3.2
      vertex -4.277568135664543 29.5 3.2
      vertex -5.07441524708714 47.750799417967784 3.2
    endloop
  endfacet
  facet normal 0 0 1
    outer loop
      vertex -4.277568135664543 29.5 3.2
      vertex -3.592767620376952 30.81548955040811 3.2
      vertex -4.277568135664543 46.5 3.2
    endloop
  endfacet
  facet normal 0 0 1
    outer loop
      vertex -3.592767620376952 30.81548955040811 3.2
      vertex -3.0252254466395563 32.185657563463636 3.2
      vertex -3.592767620376952 45.18451044959189 3.2
    endloop
  endfacet
  facet normal 0 0 1
    outer loop
      vertex -3.0252254466395563 32.185657563463636 3.2
      vertex -2.5792609530858392 33.60007623325715 3.2
      vertex -3.0252254466395563 43.814342436536364 3.2
    endloop
  endfacet
  facet normal 0 0 1
    outer loop
      vertex -27.5 52.722431864335455 3.2
      vertex -26.84200883817578 47.34574220605153 3.2
      vertex -25.99763252348276 47.9936549403257 3.2
    endloop
  endfacet
  facet normal 0 0 1
    outer loop
      vertex -26.18451044959189 53.407232379623046 3.2
      vertex -25.99763252348276 47.9936549403257 3.2
      vertex -25.1 48.56550992617015 3.2
    endloop
  endfacet
  facet normal 0 0 1
    outer loop
      vertex -26.18451044959189 53.407232379623046 3.2
      vertex -25.1 48.56550992617015 3.2
      vertex -24.155942793236534 49.05695500184713 3.2
    endloop
  endfacet
  facet normal 0 0 1
    outer loop
      vertex -27.5 52.722431864335455 3.2
      vertex -25.99763252348276 47.9936549403257 3.2
      vertex -26.18451044959189 53.407232379623046 3.2
    endloop
  endfacet
  facet normal 0 0 1
    outer loop
      vertex -26.18451044959189 53.407232379623046 3.2
      vertex -24.155942793236534 49.05695500184713 3.2
      vertex -24.814342436536368 53.97477455336045 3.2
    endloop
  endfacet
  facet normal 0 0 1
    outer loop
      vertex -24.814342436536368 53.97477455336045 3.2
      vertex -24.155942793236534 49.05695500184713 3.2
      vertex -23.17264574857316 49.46424997358808 3.2
    endloop
  endfacet
  facet normal 0 0 1
    outer loop
      vertex -23.39992376674285 54.420739046914164 3.2
      vertex -23.17264574857316 49.46424997358808 3.2
      vertex -22.157592350250752 49.784295080726636 3.2
    endloop
  endfacet
  facet normal 0 0 1
    outer loop
      vertex -24.814342436536368 53.97477455336045 3.2
      vertex -23.17264574857316 49.46424997358808 3.2
      vertex -23.39992376674285 54.420739046914164 3.2
    endloop
  endfacet
  facet normal 0 0 1
    outer loop
      vertex -23.39992376674285 54.420739046914164 3.2
      vertex -22.157592350250752 49.784295080726636 3.2
      vertex -21.11850776753655 50.01465458674894 3.2
    endloop
  endfacet
  facet normal 0 0 1
    outer loop
      vertex -21.952019020337815 54.741731801207536 3.2
      vertex -21.11850776753655 50.01465458674894 3.2
      vertex -20.06330006152143 50.1535753167193 3.2
    endloop
  endfacet
  facet normal 0 0 1
    outer loop
      vertex -23.39992376674285 54.420739046914164 3.2
      vertex -21.11850776753655 50.01465458674894 3.2
      vertex -21.952019020337815 54.741731801207536 3.2
    endloop
  endfacet
  facet normal 0 0 1
    outer loop
      vertex -21.952019020337815 54.741731801207536 3.2
      vertex -20.06330006152143 50.1535753167193 3.2
      vertex -20.48164762671019 54.935309867559674 3.2
    endloop
  endfacet
  facet normal 0 0 1
    outer loop
      vertex -20.48164762671019 54.935309867559674 3.2
      vertex -20.06330006152143 50.1535753167193 3.2
      vertex -20 50.156339057091486 3.2
    endloop
  endfacet
  facet normal 0 0 1
    outer loop
      vertex -18 54.95633905709148 3.2
      vertex -18 50.156339057091486 3.2
      vertex -17.93669993847857 50.1535753167193 3.2
    endloop
  endfacet
  facet normal 0 0 1
    outer loop
      vertex -17.51835237328981 54.935309867559674 3.2
      vertex -17.93669993847857 50.1535753167193 3.2
      vertex -16.88149223246345 50.01465458674894 3.2
    endloop
  endfacet
  facet normal 0 0 1
    outer loop
      vertex -20.48164762671019 54.935309867559674 3.2
      vertex -20 50.156339057091486 3.2
      vertex -20 54.95633905709148 3.2
    endloop
  endfacet
  facet normal 0 0 1
    outer loop
      vertex -17.51835237328981 54.935309867559674 3.2
      vertex -18 54.95633905709148 3.2
      vertex -17.93669993847857 50.1535753167193 3.2
    endloop
  endfacet
  facet normal 0 0 1
    outer loop
      vertex -16.047980979662185 54.741731801207536 3.2
      vertex -16.88149223246345 50.01465458674894 3.2
      vertex -15.842407649749248 49.784295080726636 3.2
    endloop
  endfacet
  facet normal 0 0 1
    outer loop
      vertex -16.047980979662185 54.741731801207536 3.2
      vertex -15.842407649749248 49.784295080726636 3.2
      vertex -14.827354251426842 49.46424997358808 3.2
    endloop
  endfacet
  facet normal 0 0 1
    outer loop
      vertex -14.600076233257148 54.420739046914164 3.2
      vertex -14.827354251426842 49.46424997358808 3.2
      vertex -13.844057206763466 49.05695500184713 3.2
    endloop
  endfacet
  facet normal 0 0 1
    outer loop
      vertex -14.600076233257148 54.420739046914164 3.2
      vertex -13.844057206763466 49.05695500184713 3.2
      vertex -13.185657563463632 53.97477455336045 3.2
    endloop
  endfacet
  facet normal 0 0 1
    outer loop
      vertex -17.51835237328981 54.935309867559674 3.2
      vertex -16.88149223246345 50.01465458674894 3.2
      vertex -16.047980979662185 54.741731801207536 3.2
    endloop
  endfacet
  facet normal 0 0 1
    outer loop
      vertex -16.047980979662185 54.741731801207536 3.2
      vertex -14.827354251426842 49.46424997358808 3.2
      vertex -14.600076233257148 54.420739046914164 3.2
    endloop
  endfacet
  facet normal 0 0 1
    outer loop
      vertex -6.979184719828691 50.020815280171306 3.2
      vertex -6.846424683280706 39.06330006152143 3.2
      vertex -6.800000000000001 38 3.2
    endloop
  endfacet
  facet normal 0 0 1
    outer loop
      vertex -6.979184719828691 50.020815280171306 3.2
      vertex -6.985345413251062 40.11850776753655 3.2
      vertex -6.846424683280706 39.06330006152143 3.2
    endloop
  endfacet
  facet normal 0 0 1
    outer loop
      vertex -6.979184719828691 50.020815280171306 3.2
      vertex -7.215704919273367 41.15759235025075 3.2
      vertex -6.985345413251062 40.11850776753655 3.2
    endloop
  endfacet
  facet normal 0 0 1
    outer loop
      vertex -6.979184719828691 50.020815280171306 3.2
      vertex -7.535750026411918 42.17264574857316 3.2
      vertex -7.215704919273367 41.15759235025075 3.2
    endloop
  endfacet
  facet normal 0 0 1
    outer loop
      vertex -8.072610635328832 51.022755533022625 3.2
      vertex -7.943044998152871 43.155942793236534 3.2
      vertex -7.535750026411918 42.17264574857316 3.2
    endloop
  endfacet
  facet normal 0 0 1
    outer loop
      vertex -5.977244466977373 27.072610635328832 3.2
      vertex -6.979184719828691 50.020815280171306 3.2
      vertex -6.800000000000001 38 3.2
    endloop
  endfacet
  facet normal 0 0 1
    outer loop
      vertex -4.277568135664543 29.5 3.2
      vertex -4.277568135664543 46.5 3.2
      vertex -5.07441524708714 47.750799417967784 3.2
    endloop
  endfacet
  facet normal 0 0 1
    outer loop
      vertex -3.592767620376952 30.81548955040811 3.2
      vertex -3.592767620376952 45.18451044959189 3.2
      vertex -4.277568135664543 46.5 3.2
    endloop
  endfacet
  facet normal 0 0 1
    outer loop
      vertex -2.5792609530858392 33.60007623325715 3.2
      vertex -2.2582681987924644 35.047980979662185 3.2
      vertex -2.5792609530858392 42.39992376674285 3.2
    endloop
  endfacet
  facet normal 0 0 1
    outer loop
      vertex -2.2582681987924644 35.047980979662185 3.2
      vertex -2.064690132440326 36.51835237328981 3.2
      vertex -2.2582681987924644 40.952019020337815 3.2
    endloop
  endfacet
  facet normal 0 0 1
    outer loop
      vertex -2.064690132440326 36.51835237328981 3.2
      vertex -2 38 3.2
      vertex -2.064690132440326 39.48164762671019 3.2
    endloop
  endfacet
  facet normal 0 0 1
    outer loop
      vertex -2.064690132440326 36.51835237328981 3.2
      vertex -2.064690132440326 39.48164762671019 3.2
      vertex -2.2582681987924644 40.952019020337815 3.2
    endloop
  endfacet
  facet normal 0 0 1
    outer loop
      vertex -2.5792609530858392 33.60007623325715 3.2
      vertex -2.5792609530858392 42.39992376674285 3.2
      vertex -3.0252254466395563 43.814342436536364 3.2
    endloop
  endfacet
  facet normal 0 0 1
    outer loop
      vertex -2.2582681987924644 35.047980979662185 3.2
      vertex -2.2582681987924644 40.952019020337815 3.2
      vertex -2.5792609530858392 42.39992376674285 3.2
    endloop
  endfacet
  facet normal 0 0 1
    outer loop
      vertex -3.0252254466395563 32.185657563463636 3.2
      vertex -3.0252254466395563 43.814342436536364 3.2
      vertex -3.592767620376952 45.18451044959189 3.2
    endloop
  endfacet
  facet normal 0 0 1
    outer loop
      vertex -5.977244466977373 27.072610635328832 3.2
      vertex -5.977244466977373 48.92738936467117 3.2
      vertex -6.979184719828691 50.020815280171306 3.2
    endloop
  endfacet
  facet normal 0 0 1
    outer loop
      vertex -5.07441524708714 28.249200582032216 3.2
      vertex -5.07441524708714 47.750799417967784 3.2
      vertex -5.977244466977373 48.92738936467117 3.2
    endloop
  endfacet
  facet normal 0 0 1
    outer loop
      vertex -11.81548955040811 53.407232379623046 3.2
      vertex -12.9 48.56550992617015 3.2
      vertex -12.00236747651724 47.9936549403257 3.2
    endloop
  endfacet
  facet normal 0 0 1
    outer loop
      vertex -10.5 52.722431864335455 3.2
      vertex -11.15799116182422 47.34574220605153 3.2
      vertex -10.37329726952412 46.626702730475884 3.2
    endloop
  endfacet
  facet normal 0 0 1
    outer loop
      vertex -11.81548955040811 53.407232379623046 3.2
      vertex -12.00236747651724 47.9936549403257 3.2
      vertex -11.15799116182422 47.34574220605153 3.2
    endloop
  endfacet
  facet normal 0 0 1
    outer loop
      vertex -9.249200582032216 51.92558475291286 3.2
      vertex -9.0063450596743 44.997632523482764 3.2
      vertex -8.43449007382985 44.1 3.2
    endloop
  endfacet
  facet normal 0 0 1
    outer loop
      vertex -9.249200582032216 51.92558475291286 3.2
      vertex -9.654257793948469 45.84200883817578 3.2
      vertex -9.0063450596743 44.997632523482764 3.2
    endloop
  endfacet
  facet normal 0 0 1
    outer loop
      vertex -8.072610635328832 51.022755533022625 3.2
      vertex -8.43449007382985 44.1 3.2
      vertex -7.943044998152871 43.155942793236534 3.2
    endloop
  endfacet
  facet normal 0 0 1
    outer loop
      vertex -6.979184719828691 50.020815280171306 3.2
      vertex -8.072610635328832 51.022755533022625 3.2
      vertex -7.535750026411918 42.17264574857316 3.2
    endloop
  endfacet
  facet normal 0 0 1
    outer loop
      vertex -10.5 52.722431864335455 3.2
      vertex -10.37329726952412 46.626702730475884 3.2
      vertex -9.654257793948469 45.84200883817578 3.2
    endloop
  endfacet
  facet normal 0 0 1
    outer loop
      vertex -10.5 52.722431864335455 3.2
      vertex -9.654257793948469 45.84200883817578 3.2
      vertex -9.249200582032216 51.92558475291286 3.2
    endloop
  endfacet
  facet normal 0 0 1
    outer loop
      vertex -9.249200582032216 51.92558475291286 3.2
      vertex -8.43449007382985 44.1 3.2
      vertex -8.072610635328832 51.022755533022625 3.2
    endloop
  endfacet
  facet normal 0 0 1
    outer loop
      vertex -13.185657563463632 53.97477455336045 3.2
      vertex -13.844057206763466 49.05695500184713 3.2
      vertex -12.9 48.56550992617015 3.2
    endloop
  endfacet
  facet normal 0 0 1
    outer loop
      vertex -13.185657563463632 53.97477455336045 3.2
      vertex -12.9 48.56550992617015 3.2
      vertex -11.81548955040811 53.407232379623046 3.2
    endloop
  endfacet
  facet normal 0 0 1
    outer loop
      vertex -11.81548955040811 53.407232379623046 3.2
      vertex -11.15799116182422 47.34574220605153 3.2
      vertex -10.5 52.722431864335455 3.2
    endloop
  endfacet
  facet normal 0.7372773368101246 0.6755902076156597 -6.867272771000405e-19
    outer loop
      vertex -27.62670273047588 29.37329726952412 0
      vertex -28.345742206051533 30.15799116182422 0
      vertex -28.345742206051533 30.15799116182422 3.2
    endloop
  endfacet
  facet normal 0.8433914458128842 0.5372996083468262 6.436171644251591e-18
    outer loop
      vertex -28.993654940325698 31.00236747651724 0
      vertex -29.56550992617015 31.9 0
      vertex -29.56550992617015 31.9 3.2
    endloop
  endfacet
  facet normal 0.7933533402912369 0.6087614290087182 7.956209230421484e-18
    outer loop
      vertex -28.345742206051533 30.15799116182422 0
      vertex -28.993654940325698 31.00236747651724 0
      vertex -28.993654940325698 31.00236747651724 3.2
    endloop
  endfacet
  facet normal 0.976296007119933 0.21643961393810418 0
    outer loop
      vertex -31.01465458674894 35.88149223246345 3.2
      vertex -30.784295080726633 34.84240764974925 0
      vertex -31.01465458674894 35.88149223246345 0
    endloop
  endfacet
  facet normal 0.9914448613738106 0.1305261922200499 -6.539276268101263e-19
    outer loop
      vertex -31.01465458674894 35.88149223246345 0
      vertex -31.153575316719294 36.93669993847857 0
      vertex -31.153575316719294 36.93669993847857 3.2
    endloop
  endfacet
  facet normal 0.9238795325112866 0.38268343236509017 6.3891760052101236e-18
    outer loop
      vertex -30.05695500184713 32.844057206763466 0
      vertex -30.464249973588082 33.82735425142684 0
      vertex -30.464249973588082 33.82735425142684 3.2
    endloop
  endfacet
  facet normal 0.8870108331782218 0.46174861323503374 -1.6963500179043504e-18
    outer loop
      vertex -29.56550992617015 31.9 0
      vertex -30.05695500184713 32.844057206763466 0
      vertex -30.05695500184713 32.844057206763466 3.2
    endloop
  endfacet
  facet normal 0.9537169507482272 0.3007057995042724 -3.789839211121525e-18
    outer loop
      vertex -30.464249973588082 33.82735425142684 0
      vertex -30.784295080726633 34.84240764974925 0
      vertex -30.784295080726633 34.84240764974925 3.2
    endloop
  endfacet
  facet normal 0.7372773368101246 0.6755902076156597 -6.867272771000405e-19
    outer loop
      vertex -28.345742206051533 30.15799116182422 3.2
      vertex -27.62670273047588 29.37329726952412 3.2
      vertex -27.62670273047588 29.37329726952412 0
    endloop
  endfacet
  facet normal 0.8870108331782218 0.46174861323503374 -1.6963500179043504e-18
    outer loop
      vertex -30.05695500184713 32.844057206763466 3.2
      vertex -29.56550992617015 31.9 3.2
      vertex -29.56550992617015 31.9 0
    endloop
  endfacet
  facet normal 0.7933533402912369 0.6087614290087182 7.956209230421484e-18
    outer loop
      vertex -28.993654940325698 31.00236747651724 3.2
      vertex -28.345742206051533 30.15799116182422 3.2
      vertex -28.345742206051533 30.15799116182422 0
    endloop
  endfacet
  facet normal 0.8433914458128842 0.5372996083468262 6.436171644251591e-18
    outer loop
      vertex -29.56550992617015 31.9 3.2
      vertex -28.993654940325698 31.00236747651724 3.2
      vertex -28.993654940325698 31.00236747651724 0
    endloop
  endfacet
  facet normal 0.9914448613738106 0.1305261922200499 -6.539276268101263e-19
    outer loop
      vertex -31.153575316719294 36.93669993847857 3.2
      vertex -31.01465458674894 35.88149223246345 3.2
      vertex -31.01465458674894 35.88149223246345 0
    endloop
  endfacet
  facet normal 0.9238795325112866 0.38268343236509017 6.3891760052101236e-18
    outer loop
      vertex -30.464249973588082 33.82735425142684 3.2
      vertex -30.05695500184713 32.844057206763466 3.2
      vertex -30.05695500184713 32.844057206763466 0
    endloop
  endfacet
  facet normal 0.9537169507482272 0.3007057995042724 0
    outer loop
      vertex -30.464249973588082 33.82735425142684 0
      vertex -30.784295080726633 34.84240764974925 3.2
      vertex -30.464249973588082 33.82735425142684 3.2
    endloop
  endfacet
  facet normal 0.976296007119933 0.21643961393810418 3.1885780859846293e-18
    outer loop
      vertex -31.01465458674894 35.88149223246345 3.2
      vertex -30.784295080726633 34.84240764974925 3.2
      vertex -30.784295080726633 34.84240764974925 0
    endloop
  endfacet
  facet normal 0.9990482215818577 0.043619387365336326 -5.821986500078529e-19
    outer loop
      vertex -31.153575316719294 36.93669993847857 0
      vertex -31.2 38 0
      vertex -31.2 38 3.2
    endloop
  endfacet
  facet normal 0.9990482215818577 -0.043619387365336326 5.821986500078529e-19
    outer loop
      vertex -31.2 38 0
      vertex -31.153575316719294 39.06330006152143 0
      vertex -31.153575316719294 39.06330006152143 3.2
    endloop
  endfacet
  facet normal 0.9914448613738106 -0.1305261922200499 6.539276268101263e-19
    outer loop
      vertex -31.153575316719294 39.06330006152143 0
      vertex -31.01465458674894 40.11850776753655 0
      vertex -31.01465458674894 40.11850776753655 3.2
    endloop
  endfacet
  facet normal 0.976296007119933 -0.21643961393810418 0
    outer loop
      vertex -30.784295080726633 41.15759235025075 3.2
      vertex -31.01465458674894 40.11850776753655 0
      vertex -30.784295080726633 41.15759235025075 0
    endloop
  endfacet
  facet normal 0.9537169507482272 -0.3007057995042724 3.789839211121525e-18
    outer loop
      vertex -30.784295080726633 41.15759235025075 0
      vertex -30.464249973588082 42.17264574857316 0
      vertex -30.464249973588082 42.17264574857316 3.2
    endloop
  endfacet
  facet normal 0.9238795325112866 -0.38268343236509017 -6.3891760052101236e-18
    outer loop
      vertex -30.464249973588082 42.17264574857316 0
      vertex -30.05695500184713 43.155942793236534 0
      vertex -30.05695500184713 43.155942793236534 3.2
    endloop
  endfacet
  facet normal 0.8870108331782218 -0.46174861323503374 1.6963500179043504e-18
    outer loop
      vertex -30.05695500184713 43.155942793236534 0
      vertex -29.56550992617015 44.1 0
      vertex -29.56550992617015 44.1 3.2
    endloop
  endfacet
  facet normal 0.8433914458128852 -0.5372996083468248 3.3223488049963056e-18
    outer loop
      vertex -29.56550992617015 44.1 0
      vertex -28.993654940325698 44.997632523482764 0
      vertex -28.993654940325698 44.997632523482764 3.2
    endloop
  endfacet
  facet normal 0.7933533402912357 -0.6087614290087199 7.406909497765765e-19
    outer loop
      vertex -28.993654940325698 44.997632523482764 0
      vertex -28.345742206051533 45.84200883817578 0
      vertex -28.345742206051533 45.84200883817578 3.2
    endloop
  endfacet
  facet normal 0.7372773368101261 -0.675590207615658 9.886896072979469e-19
    outer loop
      vertex -28.345742206051533 45.84200883817578 0
      vertex -27.62670273047588 46.626702730475884 0
      vertex -27.62670273047588 46.626702730475884 3.2
    endloop
  endfacet
  facet normal 0.9990482215818577 0.043619387365336326 0
    outer loop
      vertex -31.153575316719294 36.93669993847857 0
      vertex -31.2 38 3.2
      vertex -31.153575316719294 36.93669993847857 3.2
    endloop
  endfacet
  facet normal 0.9990482215818577 -0.043619387365336326 0
    outer loop
      vertex -31.2 38 0
      vertex -31.153575316719294 39.06330006152143 3.2
      vertex -31.2 38 3.2
    endloop
  endfacet
  facet normal 0.9914448613738106 -0.1305261922200499 6.539276268101263e-19
    outer loop
      vertex -31.01465458674894 40.11850776753655 3.2
      vertex -31.153575316719294 39.06330006152143 3.2
      vertex -31.153575316719294 39.06330006152143 0
    endloop
  endfacet
  facet normal 0.976296007119933 -0.21643961393810418 -3.1885780859846293e-18
    outer loop
      vertex -30.784295080726633 41.15759235025075 3.2
      vertex -31.01465458674894 40.11850776753655 3.2
      vertex -31.01465458674894 40.11850776753655 0
    endloop
  endfacet
  facet normal 0.9537169507482272 -0.3007057995042724 3.789839211121525e-18
    outer loop
      vertex -30.464249973588082 42.17264574857316 3.2
      vertex -30.784295080726633 41.15759235025075 3.2
      vertex -30.784295080726633 41.15759235025075 0
    endloop
  endfacet
  facet normal 0.9238795325112866 -0.38268343236509017 0
    outer loop
      vertex -30.464249973588082 42.17264574857316 0
      vertex -30.05695500184713 43.155942793236534 3.2
      vertex -30.464249973588082 42.17264574857316 3.2
    endloop
  endfacet
  facet normal 0.8870108331782218 -0.46174861323503374 1.6963500179043504e-18
    outer loop
      vertex -29.56550992617015 44.1 3.2
      vertex -30.05695500184713 43.155942793236534 3.2
      vertex -30.05695500184713 43.155942793236534 0
    endloop
  endfacet
  facet normal 0.8433914458128852 -0.5372996083468248 0
    outer loop
      vertex -29.56550992617015 44.1 0
      vertex -28.993654940325698 44.997632523482764 3.2
      vertex -29.56550992617015 44.1 3.2
    endloop
  endfacet
  facet normal 0.7933533402912357 -0.6087614290087199 7.406909497765765e-19
    outer loop
      vertex -28.345742206051533 45.84200883817578 3.2
      vertex -28.993654940325698 44.997632523482764 3.2
      vertex -28.993654940325698 44.997632523482764 0
    endloop
  endfacet
  facet normal 0.7372773368101261 -0.675590207615658 0
    outer loop
      vertex -28.345742206051533 45.84200883817578 0
      vertex -27.62670273047588 46.626702730475884 3.2
      vertex -28.345742206051533 45.84200883817578 3.2
    endloop
  endfacet
  facet normal 0.5372996083468262 0.8433914458128842 0
    outer loop
      vertex -25.99763252348276 28.006345059674302 3.2
      vertex -25.1 27.43449007382985 0
      vertex -25.99763252348276 28.006345059674302 0
    endloop
  endfacet
  facet normal 0.46174861323503374 0.8870108331782218 0
    outer loop
      vertex -25.1 27.43449007382985 0
      vertex -25.1 27.43449007382985 3.2
      vertex -24.155942793236534 26.94304499815287 0
    endloop
  endfacet
  facet normal 0.38268343236509017 0.9238795325112866 0
    outer loop
      vertex -24.155942793236534 26.94304499815287 0
      vertex -24.155942793236534 26.94304499815287 3.2
      vertex -23.17264574857316 26.535750026411918 0
    endloop
  endfacet
  facet normal 0.3007057995042724 0.9537169507482272 0
    outer loop
      vertex -23.17264574857316 26.535750026411918 0
      vertex -23.17264574857316 26.535750026411918 3.2
      vertex -22.157592350250752 26.215704919273367 0
    endloop
  endfacet
  facet normal 0.21643961393810418 0.976296007119933 0
    outer loop
      vertex -22.157592350250752 26.215704919273367 0
      vertex -22.157592350250752 26.215704919273367 3.2
      vertex -21.11850776753655 25.98534541325106 0
    endloop
  endfacet
  facet normal 0.1305261922200499 0.9914448613738106 0
    outer loop
      vertex -21.11850776753655 25.98534541325106 0
      vertex -21.11850776753655 25.98534541325106 3.2
      vertex -20.06330006152143 25.846424683280706 0
    endloop
  endfacet
  facet normal 0.043619387365336326 0.9990482215818577 0
    outer loop
      vertex -20.06330006152143 25.846424683280706 0
      vertex -20.06330006152143 25.846424683280706 3.2
      vertex -19 25.8 0
    endloop
  endfacet
  facet normal -0.043619387365336326 0.9990482215818577 0
    outer loop
      vertex -19 25.8 0
      vertex -19 25.8 3.2
      vertex -17.93669993847857 25.846424683280706 0
    endloop
  endfacet
  facet normal -0.1305261922200499 0.9914448613738106 0
    outer loop
      vertex -17.93669993847857 25.846424683280706 0
      vertex -17.93669993847857 25.846424683280706 3.2
      vertex -16.88149223246345 25.98534541325106 0
    endloop
  endfacet
  facet normal -0.21643961393810418 0.976296007119933 0
    outer loop
      vertex -16.88149223246345 25.98534541325106 0
      vertex -16.88149223246345 25.98534541325106 3.2
      vertex -15.842407649749248 26.215704919273367 0
    endloop
  endfacet
  facet normal -0.3007057995042729 0.9537169507482269 0
    outer loop
      vertex -15.842407649749248 26.215704919273367 3.2
      vertex -14.827354251426842 26.535750026411918 0
      vertex -15.842407649749248 26.215704919273367 0
    endloop
  endfacet
  facet normal -0.38268343236508956 0.9238795325112868 0
    outer loop
      vertex -14.827354251426842 26.535750026411918 0
      vertex -14.827354251426842 26.535750026411918 3.2
      vertex -13.844057206763466 26.94304499815287 0
    endloop
  endfacet
  facet normal 0.6087614290087182 0.7933533402912369 0
    outer loop
      vertex -26.84200883817578 28.654257793948467 0
      vertex -26.84200883817578 28.654257793948467 3.2
      vertex -25.99763252348276 28.006345059674302 0
    endloop
  endfacet
  facet normal 0.6755902076156597 0.7372773368101246 -6.867272771000405e-19
    outer loop
      vertex -26.84200883817578 28.654257793948467 0
      vertex -27.62670273047588 29.37329726952412 0
      vertex -27.62670273047588 29.37329726952412 3.2
    endloop
  endfacet
  facet normal -0.4617486132350344 0.8870108331782215 0
    outer loop
      vertex -13.844057206763466 26.94304499815287 0
      vertex -13.844057206763466 26.94304499815287 3.2
      vertex -12.9 27.43449007382985 0
    endloop
  endfacet
  facet normal -0.5372996083468256 0.8433914458128846 0
    outer loop
      vertex -12.9 27.43449007382985 0
      vertex -12.9 27.43449007382985 3.2
      vertex -12.00236747651724 28.006345059674302 0
    endloop
  endfacet
  facet normal -0.6087614290087182 0.7933533402912369 0
    outer loop
      vertex -12.00236747651724 28.006345059674302 0
      vertex -12.00236747651724 28.006345059674302 3.2
      vertex -11.15799116182422 28.654257793948467 0
    endloop
  endfacet
  facet normal -0.6755902076156597 0.7372773368101246 0
    outer loop
      vertex -11.15799116182422 28.654257793948467 0
      vertex -11.15799116182422 28.654257793948467 3.2
      vertex -10.37329726952412 29.37329726952412 0
    endloop
  endfacet
  facet normal -0.7372773368101254 0.6755902076156588 1.5189500189596615e-17
    outer loop
      vertex -9.654257793948469 30.15799116182422 0
      vertex -10.37329726952412 29.37329726952412 0
      vertex -10.37329726952412 29.37329726952412 3.2
    endloop
  endfacet
  facet normal -0.7933533402912354 0.6087614290087204 -7.302877965028704e-18
    outer loop
      vertex -9.0063450596743 31.00236747651724 0
      vertex -9.654257793948469 30.15799116182422 0
      vertex -9.654257793948469 30.15799116182422 3.2
    endloop
  endfacet
  facet normal -0.8433914458128848 0.537299608346825 1.4357423948631052e-17
    outer loop
      vertex -8.43449007382985 31.9 0
      vertex -9.0063450596743 31.00236747651724 0
      vertex -9.0063450596743 31.00236747651724 3.2
    endloop
  endfacet
  facet normal -0.8870108331782218 0.46174861323503374 1.6963500179043504e-18
    outer loop
      vertex -7.943044998152871 32.844057206763466 0
      vertex -8.43449007382985 31.9 0
      vertex -8.43449007382985 31.9 3.2
    endloop
  endfacet
  facet normal -0.9238795325112866 0.38268343236509017 -6.3891760052101236e-18
    outer loop
      vertex -7.535750026411918 33.82735425142684 0
      vertex -7.943044998152871 32.844057206763466 0
      vertex -7.943044998152871 32.844057206763466 3.2
    endloop
  endfacet
  facet normal -0.9537169507482272 0.3007057995042724 3.789839211121525e-18
    outer loop
      vertex -7.215704919273367 34.84240764974925 0
      vertex -7.535750026411918 33.82735425142684 0
      vertex -7.535750026411918 33.82735425142684 3.2
    endloop
  endfacet
  facet normal -0.9762960071199335 0.2164396139381026 8.746534172837302e-19
    outer loop
      vertex -6.985345413251062 35.88149223246345 0
      vertex -7.215704919273367 34.84240764974925 0
      vertex -7.215704919273367 34.84240764974925 3.2
    endloop
  endfacet
  facet normal -0.9914448613738105 0.13052619222005157 -3.149498757613245e-18
    outer loop
      vertex -6.846424683280706 36.93669993847857 0
      vertex -6.985345413251062 35.88149223246345 0
      vertex -6.985345413251062 35.88149223246345 3.2
    endloop
  endfacet
  facet normal 0.5372996083468262 0.8433914458128842 0
    outer loop
      vertex -25.1 27.43449007382985 0
      vertex -25.99763252348276 28.006345059674302 3.2
      vertex -25.1 27.43449007382985 3.2
    endloop
  endfacet
  facet normal 0.46174861323503374 0.8870108331782218 0
    outer loop
      vertex -24.155942793236534 26.94304499815287 0
      vertex -25.1 27.43449007382985 3.2
      vertex -24.155942793236534 26.94304499815287 3.2
    endloop
  endfacet
  facet normal 0.38268343236509017 0.9238795325112866 0
    outer loop
      vertex -23.17264574857316 26.535750026411918 0
      vertex -24.155942793236534 26.94304499815287 3.2
      vertex -23.17264574857316 26.535750026411918 3.2
    endloop
  endfacet
  facet normal 0.3007057995042724 0.9537169507482272 0
    outer loop
      vertex -22.157592350250752 26.215704919273367 0
      vertex -23.17264574857316 26.535750026411918 3.2
      vertex -22.157592350250752 26.215704919273367 3.2
    endloop
  endfacet
  facet normal 0.21643961393810418 0.976296007119933 0
    outer loop
      vertex -21.11850776753655 25.98534541325106 0
      vertex -22.157592350250752 26.215704919273367 3.2
      vertex -21.11850776753655 25.98534541325106 3.2
    endloop
  endfacet
  facet normal 0.1305261922200499 0.9914448613738106 0
    outer loop
      vertex -20.06330006152143 25.846424683280706 0
      vertex -21.11850776753655 25.98534541325106 3.2
      vertex -20.06330006152143 25.846424683280706 3.2
    endloop
  endfacet
  facet normal 0.043619387365336326 0.9990482215818577 0
    outer loop
      vertex -19 25.8 0
      vertex -20.06330006152143 25.846424683280706 3.2
      vertex -19 25.8 3.2
    endloop
  endfacet
  facet normal -0.043619387365336326 0.9990482215818577 0
    outer loop
      vertex -17.93669993847857 25.846424683280706 0
      vertex -19 25.8 3.2
      vertex -17.93669993847857 25.846424683280706 3.2
    endloop
  endfacet
  facet normal -0.1305261922200499 0.9914448613738106 0
    outer loop
      vertex -16.88149223246345 25.98534541325106 0
      vertex -17.93669993847857 25.846424683280706 3.2
      vertex -16.88149223246345 25.98534541325106 3.2
    endloop
  endfacet
  facet normal -0.21643961393810418 0.976296007119933 0
    outer loop
      vertex -15.842407649749248 26.215704919273367 3.2
      vertex -15.842407649749248 26.215704919273367 0
      vertex -16.88149223246345 25.98534541325106 3.2
    endloop
  endfacet
  facet normal -0.3007057995042729 0.9537169507482269 0
    outer loop
      vertex -14.827354251426842 26.535750026411918 0
      vertex -15.842407649749248 26.215704919273367 3.2
      vertex -14.827354251426842 26.535750026411918 3.2
    endloop
  endfacet
  facet normal -0.38268343236508956 0.9238795325112868 0
    outer loop
      vertex -13.844057206763466 26.94304499815287 0
      vertex -14.827354251426842 26.535750026411918 3.2
      vertex -13.844057206763466 26.94304499815287 3.2
    endloop
  endfacet
  facet normal 0.6755902076156597 0.7372773368101246 0
    outer loop
      vertex -26.84200883817578 28.654257793948467 0
      vertex -27.62670273047588 29.37329726952412 3.2
      vertex -26.84200883817578 28.654257793948467 3.2
    endloop
  endfacet
  facet normal 0.6087614290087182 0.7933533402912369 0
    outer loop
      vertex -25.99763252348276 28.006345059674302 3.2
      vertex -25.99763252348276 28.006345059674302 0
      vertex -26.84200883817578 28.654257793948467 3.2
    endloop
  endfacet
  facet normal -0.4617486132350344 0.8870108331782215 0
    outer loop
      vertex -12.9 27.43449007382985 0
      vertex -13.844057206763466 26.94304499815287 3.2
      vertex -12.9 27.43449007382985 3.2
    endloop
  endfacet
  facet normal -0.5372996083468256 0.8433914458128846 0
    outer loop
      vertex -12.00236747651724 28.006345059674302 0
      vertex -12.9 27.43449007382985 3.2
      vertex -12.00236747651724 28.006345059674302 3.2
    endloop
  endfacet
  facet normal -0.6087614290087182 0.7933533402912369 0
    outer loop
      vertex -11.15799116182422 28.654257793948467 0
      vertex -12.00236747651724 28.006345059674302 3.2
      vertex -11.15799116182422 28.654257793948467 3.2
    endloop
  endfacet
  facet normal -0.6755902076156597 0.7372773368101246 0
    outer loop
      vertex -10.37329726952412 29.37329726952412 3.2
      vertex -10.37329726952412 29.37329726952412 0
      vertex -11.15799116182422 28.654257793948467 3.2
    endloop
  endfacet
  facet normal -0.7372773368101254 0.6755902076156588 0
    outer loop
      vertex -9.654257793948469 30.15799116182422 0
      vertex -10.37329726952412 29.37329726952412 3.2
      vertex -9.654257793948469 30.15799116182422 3.2
    endloop
  endfacet
  facet normal -0.7933533402912354 0.6087614290087204 -7.302877965028704e-18
    outer loop
      vertex -9.654257793948469 30.15799116182422 3.2
      vertex -9.0063450596743 31.00236747651724 3.2
      vertex -9.0063450596743 31.00236747651724 0
    endloop
  endfacet
  facet normal -0.8433914458128848 0.537299608346825 0
    outer loop
      vertex -8.43449007382985 31.9 0
      vertex -9.0063450596743 31.00236747651724 3.2
      vertex -8.43449007382985 31.9 3.2
    endloop
  endfacet
  facet normal -0.8870108331782218 0.46174861323503374 1.6963500179043504e-18
    outer loop
      vertex -8.43449007382985 31.9 3.2
      vertex -7.943044998152871 32.844057206763466 3.2
      vertex -7.943044998152871 32.844057206763466 0
    endloop
  endfacet
  facet normal -0.9238795325112866 0.38268343236509017 0
    outer loop
      vertex -7.535750026411918 33.82735425142684 0
      vertex -7.943044998152871 32.844057206763466 3.2
      vertex -7.535750026411918 33.82735425142684 3.2
    endloop
  endfacet
  facet normal -0.9537169507482272 0.3007057995042724 3.789839211121525e-18
    outer loop
      vertex -7.535750026411918 33.82735425142684 3.2
      vertex -7.215704919273367 34.84240764974925 3.2
      vertex -7.215704919273367 34.84240764974925 0
    endloop
  endfacet
  facet normal -0.9762960071199335 0.2164396139381026 0
    outer loop
      vertex -6.985345413251062 35.88149223246345 0
      vertex -7.215704919273367 34.84240764974925 3.2
      vertex -6.985345413251062 35.88149223246345 3.2
    endloop
  endfacet
  facet normal -0.9914448613738105 0.13052619222005157 -3.149498757613245e-18
    outer loop
      vertex -6.985345413251062 35.88149223246345 3.2
      vertex -6.846424683280706 36.93669993847857 3.2
      vertex -6.846424683280706 36.93669993847857 0
    endloop
  endfacet
  facet normal 0.6755902076156578 -0.7372773368101262 0
    outer loop
      vertex -26.84200883817578 47.34574220605153 0
      vertex -26.84200883817578 47.34574220605153 3.2
      vertex -27.62670273047588 46.626702730475884 0
    endloop
  endfacet
  facet normal 0.6087614290087182 -0.7933533402912369 0
    outer loop
      vertex -25.99763252348276 47.9936549403257 3.2
      vertex -26.84200883817578 47.34574220605153 0
      vertex -25.99763252348276 47.9936549403257 0
    endloop
  endfacet
  facet normal 0.5372996083468262 -0.8433914458128842 0
    outer loop
      vertex -25.1 48.56550992617015 0
      vertex -25.1 48.56550992617015 3.2
      vertex -25.99763252348276 47.9936549403257 0
    endloop
  endfacet
  facet normal 0.46174861323503374 -0.8870108331782218 0
    outer loop
      vertex -24.155942793236534 49.05695500184713 0
      vertex -24.155942793236534 49.05695500184713 3.2
      vertex -25.1 48.56550992617015 0
    endloop
  endfacet
  facet normal 0.38268343236509017 -0.9238795325112866 0
    outer loop
      vertex -23.17264574857316 49.46424997358808 0
      vertex -23.17264574857316 49.46424997358808 3.2
      vertex -24.155942793236534 49.05695500184713 0
    endloop
  endfacet
  facet normal 0.30070579950427545 -0.9537169507482262 0
    outer loop
      vertex -22.157592350250752 49.784295080726636 0
      vertex -22.157592350250752 49.784295080726636 3.2
      vertex -23.17264574857316 49.46424997358808 0
    endloop
  endfacet
  facet normal 0.21643961393810104 -0.9762960071199338 0
    outer loop
      vertex -21.11850776753655 50.01465458674894 0
      vertex -21.11850776753655 50.01465458674894 3.2
      vertex -22.157592350250752 49.784295080726636 0
    endloop
  endfacet
  facet normal 0.1305261922200532 -0.9914448613738102 1.1965731337894692e-18
    outer loop
      vertex -21.11850776753655 50.01465458674894 0
      vertex -20.06330006152143 50.1535753167193 0
      vertex -20.06330006152143 50.1535753167193 3.2
    endloop
  endfacet
  facet normal 0.04361938736526946 -0.9990482215818606 3.849606197432671e-20
    outer loop
      vertex -20.06330006152143 50.1535753167193 0
      vertex -20 50.156339057091486 0
      vertex -20 50.156339057091486 3.2
    endloop
  endfacet
  facet normal -0.04361938736526946 -0.9990482215818606 -3.849606197432671e-20
    outer loop
      vertex -18 50.156339057091486 0
      vertex -17.93669993847857 50.1535753167193 0
      vertex -17.93669993847857 50.1535753167193 3.2
    endloop
  endfacet
  facet normal -0.1305261922200532 -0.9914448613738102 0
    outer loop
      vertex -16.88149223246345 50.01465458674894 0
      vertex -16.88149223246345 50.01465458674894 3.2
      vertex -17.93669993847857 50.1535753167193 0
    endloop
  endfacet
  facet normal -0.21643961393810104 -0.9762960071199338 0
    outer loop
      vertex -15.842407649749248 49.784295080726636 3.2
      vertex -16.88149223246345 50.01465458674894 0
      vertex -15.842407649749248 49.784295080726636 0
    endloop
  endfacet
  facet normal -0.38268343236508956 -0.9238795325112868 0
    outer loop
      vertex -13.844057206763466 49.05695500184713 0
      vertex -13.844057206763466 49.05695500184713 3.2
      vertex -14.827354251426842 49.46424997358808 0
    endloop
  endfacet
  facet normal -0.3007057995042759 -0.9537169507482259 0
    outer loop
      vertex -14.827354251426842 49.46424997358808 0
      vertex -14.827354251426842 49.46424997358808 3.2
      vertex -15.842407649749248 49.784295080726636 0
    endloop
  endfacet
  facet normal -0.9914448613738105 -0.13052619222005157 3.149498757613245e-18
    outer loop
      vertex -6.985345413251062 40.11850776753655 0
      vertex -6.846424683280706 39.06330006152143 0
      vertex -6.846424683280706 39.06330006152143 3.2
    endloop
  endfacet
  facet normal -0.9762960071199335 -0.2164396139381026 -8.746534172837302e-19
    outer loop
      vertex -7.215704919273367 41.15759235025075 0
      vertex -6.985345413251062 40.11850776753655 0
      vertex -6.985345413251062 40.11850776753655 3.2
    endloop
  endfacet
  facet normal -0.9537169507482272 -0.3007057995042724 -3.789839211121525e-18
    outer loop
      vertex -7.535750026411918 42.17264574857316 0
      vertex -7.215704919273367 41.15759235025075 0
      vertex -7.215704919273367 41.15759235025075 3.2
    endloop
  endfacet
  facet normal -0.9238795325112866 -0.38268343236509017 6.3891760052101236e-18
    outer loop
      vertex -7.943044998152871 43.155942793236534 0
      vertex -7.535750026411918 42.17264574857316 0
      vertex -7.535750026411918 42.17264574857316 3.2
    endloop
  endfacet
  facet normal -0.8870108331782218 -0.46174861323503374 -1.6963500179043504e-18
    outer loop
      vertex -8.43449007382985 44.1 0
      vertex -7.943044998152871 43.155942793236534 0
      vertex -7.943044998152871 43.155942793236534 3.2
    endloop
  endfacet
  facet normal -0.8433914458128858 -0.5372996083468236 8.482048705427198e-18
    outer loop
      vertex -9.0063450596743 44.997632523482764 0
      vertex -8.43449007382985 44.1 0
      vertex -8.43449007382985 44.1 3.2
    endloop
  endfacet
  facet normal -0.793353340291234 -0.608761429008722 -1.3940222151656375e-18
    outer loop
      vertex -9.654257793948469 45.84200883817578 0
      vertex -9.0063450596743 44.997632523482764 0
      vertex -9.0063450596743 44.997632523482764 3.2
    endloop
  endfacet
  facet normal -0.9990482215818577 0.043619387365336326 0
    outer loop
      vertex -6.846424683280706 36.93669993847857 3.2
      vertex -6.800000000000001 38 0
      vertex -6.846424683280706 36.93669993847857 0
    endloop
  endfacet
  facet normal -0.9990482215818577 -0.043619387365336326 0
    outer loop
      vertex -6.800000000000001 38 0
      vertex -6.800000000000001 38 3.2
      vertex -6.846424683280706 39.06330006152143 0
    endloop
  endfacet
  facet normal -0.5372996083468256 -0.8433914458128846 0
    outer loop
      vertex -12.00236747651724 47.9936549403257 0
      vertex -12.00236747651724 47.9936549403257 3.2
      vertex -12.9 48.56550992617015 0
    endloop
  endfacet
  facet normal -0.6755902076156578 -0.7372773368101262 2.905720001211079e-18
    outer loop
      vertex -11.15799116182422 47.34574220605153 0
      vertex -10.37329726952412 46.626702730475884 0
      vertex -10.37329726952412 46.626702730475884 3.2
    endloop
  endfacet
  facet normal -0.6087614290087182 -0.7933533402912369 0
    outer loop
      vertex -11.15799116182422 47.34574220605153 0
      vertex -11.15799116182422 47.34574220605153 3.2
      vertex -12.00236747651724 47.9936549403257 0
    endloop
  endfacet
  facet normal -0.4617486132350344 -0.8870108331782215 0
    outer loop
      vertex -12.9 48.56550992617015 0
      vertex -12.9 48.56550992617015 3.2
      vertex -13.844057206763466 49.05695500184713 0
    endloop
  endfacet
  facet normal -0.737277336810127 -0.675590207615657 -1.5491462519792633e-17
    outer loop
      vertex -10.37329726952412 46.626702730475884 0
      vertex -9.654257793948469 45.84200883817578 0
      vertex -9.654257793948469 45.84200883817578 3.2
    endloop
  endfacet
  facet normal 0.6755902076156578 -0.7372773368101262 0
    outer loop
      vertex -27.62670273047588 46.626702730475884 0
      vertex -26.84200883817578 47.34574220605153 3.2
      vertex -27.62670273047588 46.626702730475884 3.2
    endloop
  endfacet
  facet normal 0.6087614290087182 -0.7933533402912369 0
    outer loop
      vertex -26.84200883817578 47.34574220605153 0
      vertex -25.99763252348276 47.9936549403257 3.2
      vertex -26.84200883817578 47.34574220605153 3.2
    endloop
  endfacet
  facet normal 0.5372996083468262 -0.8433914458128842 0
    outer loop
      vertex -25.99763252348276 47.9936549403257 3.2
      vertex -25.99763252348276 47.9936549403257 0
      vertex -25.1 48.56550992617015 3.2
    endloop
  endfacet
  facet normal 0.46174861323503374 -0.8870108331782218 0
    outer loop
      vertex -25.1 48.56550992617015 0
      vertex -24.155942793236534 49.05695500184713 3.2
      vertex -25.1 48.56550992617015 3.2
    endloop
  endfacet
  facet normal 0.38268343236509017 -0.9238795325112866 0
    outer loop
      vertex -24.155942793236534 49.05695500184713 0
      vertex -23.17264574857316 49.46424997358808 3.2
      vertex -24.155942793236534 49.05695500184713 3.2
    endloop
  endfacet
  facet normal 0.30070579950427545 -0.9537169507482262 0
    outer loop
      vertex -23.17264574857316 49.46424997358808 0
      vertex -22.157592350250752 49.784295080726636 3.2
      vertex -23.17264574857316 49.46424997358808 3.2
    endloop
  endfacet
  facet normal 0.21643961393810104 -0.9762960071199338 0
    outer loop
      vertex -22.157592350250752 49.784295080726636 0
      vertex -21.11850776753655 50.01465458674894 3.2
      vertex -22.157592350250752 49.784295080726636 3.2
    endloop
  endfacet
  facet normal 0.1305261922200532 -0.9914448613738102 0
    outer loop
      vertex -21.11850776753655 50.01465458674894 0
      vertex -20.06330006152143 50.1535753167193 3.2
      vertex -21.11850776753655 50.01465458674894 3.2
    endloop
  endfacet
  facet normal 0.04361938736526946 -0.9990482215818606 0
    outer loop
      vertex -20.06330006152143 50.1535753167193 0
      vertex -20 50.156339057091486 3.2
      vertex -20.06330006152143 50.1535753167193 3.2
    endloop
  endfacet
  facet normal -0.04361938736526946 -0.9990482215818606 0
    outer loop
      vertex -18 50.156339057091486 0
      vertex -17.93669993847857 50.1535753167193 3.2
      vertex -18 50.156339057091486 3.2
    endloop
  endfacet
  facet normal -0.1305261922200532 -0.9914448613738102 0
    outer loop
      vertex -17.93669993847857 50.1535753167193 0
      vertex -16.88149223246345 50.01465458674894 3.2
      vertex -17.93669993847857 50.1535753167193 3.2
    endloop
  endfacet
  facet normal -0.21643961393810104 -0.9762960071199338 0
    outer loop
      vertex -16.88149223246345 50.01465458674894 0
      vertex -15.842407649749248 49.784295080726636 3.2
      vertex -16.88149223246345 50.01465458674894 3.2
    endloop
  endfacet
  facet normal -0.3007057995042759 -0.9537169507482259 0
    outer loop
      vertex -15.842407649749248 49.784295080726636 3.2
      vertex -15.842407649749248 49.784295080726636 0
      vertex -14.827354251426842 49.46424997358808 3.2
    endloop
  endfacet
  facet normal -0.38268343236508956 -0.9238795325112868 0
    outer loop
      vertex -14.827354251426842 49.46424997358808 0
      vertex -13.844057206763466 49.05695500184713 3.2
      vertex -14.827354251426842 49.46424997358808 3.2
    endloop
  endfacet
  facet normal -0.9914448613738105 -0.13052619222005157 3.149498757613245e-18
    outer loop
      vertex -6.846424683280706 39.06330006152143 3.2
      vertex -6.985345413251062 40.11850776753655 3.2
      vertex -6.985345413251062 40.11850776753655 0
    endloop
  endfacet
  facet normal -0.9762960071199335 -0.2164396139381026 0
    outer loop
      vertex -7.215704919273367 41.15759235025075 0
      vertex -6.985345413251062 40.11850776753655 3.2
      vertex -7.215704919273367 41.15759235025075 3.2
    endloop
  endfacet
  facet normal -0.9537169507482272 -0.3007057995042724 0
    outer loop
      vertex -7.535750026411918 42.17264574857316 0
      vertex -7.215704919273367 41.15759235025075 3.2
      vertex -7.535750026411918 42.17264574857316 3.2
    endloop
  endfacet
  facet normal -0.9238795325112866 -0.38268343236509017 6.3891760052101236e-18
    outer loop
      vertex -7.535750026411918 42.17264574857316 3.2
      vertex -7.943044998152871 43.155942793236534 3.2
      vertex -7.943044998152871 43.155942793236534 0
    endloop
  endfacet
  facet normal -0.8433914458128858 -0.5372996083468236 8.482048705427198e-18
    outer loop
      vertex -8.43449007382985 44.1 3.2
      vertex -9.0063450596743 44.997632523482764 3.2
      vertex -9.0063450596743 44.997632523482764 0
    endloop
  endfacet
  facet normal -0.793353340291234 -0.608761429008722 -1.3940222151656375e-18
    outer loop
      vertex -9.0063450596743 44.997632523482764 3.2
      vertex -9.654257793948469 45.84200883817578 3.2
      vertex -9.654257793948469 45.84200883817578 0
    endloop
  endfacet
  facet normal -0.8870108331782218 -0.46174861323503374 -1.6963500179043504e-18
    outer loop
      vertex -7.943044998152871 43.155942793236534 3.2
      vertex -8.43449007382985 44.1 3.2
      vertex -8.43449007382985 44.1 0
    endloop
  endfacet
  facet normal -0.9990482215818577 0.043619387365336326 5.821986500078529e-19
    outer loop
      vertex -6.846424683280706 36.93669993847857 3.2
      vertex -6.800000000000001 38 3.2
      vertex -6.800000000000001 38 0
    endloop
  endfacet
  facet normal -0.9990482215818577 -0.043619387365336326 0
    outer loop
      vertex -6.846424683280706 39.06330006152143 3.2
      vertex -6.846424683280706 39.06330006152143 0
      vertex -6.800000000000001 38 3.2
    endloop
  endfacet
  facet normal -0.6087614290087182 -0.7933533402912369 0
    outer loop
      vertex -12.00236747651724 47.9936549403257 0
      vertex -11.15799116182422 47.34574220605153 3.2
      vertex -12.00236747651724 47.9936549403257 3.2
    endloop
  endfacet
  facet normal -0.6755902076156578 -0.7372773368101262 0
    outer loop
      vertex -11.15799116182422 47.34574220605153 0
      vertex -10.37329726952412 46.626702730475884 3.2
      vertex -11.15799116182422 47.34574220605153 3.2
    endloop
  endfacet
  facet normal -0.4617486132350344 -0.8870108331782215 0
    outer loop
      vertex -13.844057206763466 49.05695500184713 0
      vertex -12.9 48.56550992617015 3.2
      vertex -13.844057206763466 49.05695500184713 3.2
    endloop
  endfacet
  facet normal -0.5372996083468256 -0.8433914458128846 0
    outer loop
      vertex -12.9 48.56550992617015 0
      vertex -12.00236747651724 47.9936549403257 3.2
      vertex -12.9 48.56550992617015 3.2
    endloop
  endfacet
  facet normal -0.737277336810127 -0.675590207615657 -1.5491462519792633e-17
    outer loop
      vertex -9.654257793948469 45.84200883817578 3.2
      vertex -10.37329726952412 46.626702730475884 3.2
      vertex -10.37329726952412 46.626702730475884 0
    endloop
  endfacet
  facet normal -1 0 0
    outer loop
      vertex -18 50.156339057091486 0
      vertex -18 50.156339057091486 3.2
      vertex -18 54.95633905709148 0
    endloop
  endfacet
  facet normal 1 0 0
    outer loop
      vertex -20 50.156339057091486 0
      vertex -20 54.95633905709148 0
      vertex -20 54.95633905709148 3.2
    endloop
  endfacet
  facet normal 1 0 0
    outer loop
      vertex -20 50.156339057091486 0
      vertex -20 54.95633905709148 3.2
      vertex -20 50.156339057091486 3.2
    endloop
  endfacet
  facet normal -1 0 0
    outer loop
      vertex -18 50.156339057091486 3.2
      vertex -18 54.95633905709148 3.2
      vertex -18 54.95633905709148 0
    endloop
  endfacet
  facet normal 0.4539904997395733 -0.8910065241883544 -1.8633571616457152e-19
    outer loop
      vertex 13.314589803375032 22.070633909777094 0
      vertex 13.210251644740449 22.017470962599383 6.4
      vertex 13.210251644740449 22.017470962599383 0
    endloop
  endfacet
  facet normal 0.15643446504023106 -0.9876883405951377 0
    outer loop
      vertex 13.5 22.1 0
      vertex 13.5 22.1 6.4
      vertex 13.314589803375032 22.070633909777094 0
    endloop
  endfacet
  facet normal -0.15643446504023106 -0.9876883405951377 0
    outer loop
      vertex 13.685410196624968 22.070633909777094 0
      vertex 13.685410196624968 22.070633909777094 6.4
      vertex 13.5 22.1 0
    endloop
  endfacet
  facet normal -0.7071067811865428 -0.7071067811865522 -5.079163474924498e-19
    outer loop
      vertex 13.852671151375484 21.98541019662497 0
      vertex 13.985410196624969 21.852671151375485 0
      vertex 13.985410196624969 21.852671151375485 6.4
    endloop
  endfacet
  facet normal -0.45399049973955147 -0.8910065241883655 0
    outer loop
      vertex 13.852671151375484 21.98541019662497 0
      vertex 13.852671151375484 21.98541019662497 6.4
      vertex 13.685410196624968 22.070633909777094 0
    endloop
  endfacet
  facet normal -0.8910065241883717 -0.4539904997395394 -3.302441717760885e-19
    outer loop
      vertex 14.03373544106475 21.757827518956866 0
      vertex 13.985410196624969 21.852671151375485 6.4
      vertex 13.985410196624969 21.852671151375485 0
    endloop
  endfacet
  facet normal 0.4539904997395733 -0.8910065241883544 0
    outer loop
      vertex 13.314589803375032 22.070633909777094 0
      vertex 13.314589803375032 22.070633909777094 6.4
      vertex 13.210251644740449 22.017470962599383 6.4
    endloop
  endfacet
  facet normal -0.45399049973955147 -0.8910065241883655 0
    outer loop
      vertex 13.685410196624968 22.070633909777094 0
      vertex 13.852671151375484 21.98541019662497 6.4
      vertex 13.685410196624968 22.070633909777094 6.4
    endloop
  endfacet
  facet normal 0.15643446504023106 -0.9876883405951377 0
    outer loop
      vertex 13.314589803375032 22.070633909777094 0
      vertex 13.5 22.1 6.4
      vertex 13.314589803375032 22.070633909777094 6.4
    endloop
  endfacet
  facet normal -0.15643446504023106 -0.9876883405951377 0
    outer loop
      vertex 13.5 22.1 0
      vertex 13.685410196624968 22.070633909777094 6.4
      vertex 13.5 22.1 6.4
    endloop
  endfacet
  facet normal -0.7071067811865428 -0.7071067811865522 0
    outer loop
      vertex 13.852671151375484 21.98541019662497 0
      vertex 13.985410196624969 21.852671151375485 6.4
      vertex 13.852671151375484 21.98541019662497 6.4
    endloop
  endfacet
  facet normal -0.8910065241883717 -0.4539904997395394 0
    outer loop
      vertex 14.03373544106475 21.757827518956866 0
      vertex 14.03373544106475 21.757827518956866 6.4
      vertex 13.985410196624969 21.852671151375485 6.4
    endloop
  endfacet
  facet normal 0.9876883405951377 0.15643446504023167 0
    outer loop
      vertex 15.416099304209476 21.398352993662208 0
      vertex 15.4 21.5 0
      vertex 15.416099304209476 21.398352993662208 6.4
    endloop
  endfacet
  facet normal 0.9876883405951377 -0.15643446504023106 -1.9238951627599713e-19
    outer loop
      vertex 15.4 21.5 0
      vertex 15.429366090222908 21.685410196624968 0
      vertex 15.429366090222908 21.685410196624968 6.4
    endloop
  endfacet
  facet normal 0.8910065241883711 -0.45399049973954014 -2.099056115837866e-19
    outer loop
      vertex 15.429366090222908 21.685410196624968 0
      vertex 15.514589803375031 21.852671151375485 0
      vertex 15.514589803375031 21.852671151375485 6.4
    endloop
  endfacet
  facet normal 0.7071067811865428 -0.7071067811865522 5.079163474924498e-19
    outer loop
      vertex 15.514589803375031 21.852671151375485 0
      vertex 15.647328848624516 21.98541019662497 0
      vertex 15.647328848624516 21.98541019662497 6.4
    endloop
  endfacet
  facet normal 0.45399049973955147 -0.8910065241883655 0
    outer loop
      vertex 15.814589803375032 22.070633909777094 0
      vertex 15.814589803375032 22.070633909777094 6.4
      vertex 15.647328848624516 21.98541019662497 0
    endloop
  endfacet
  facet normal -0.45399049973955535 -0.8910065241883635 0
    outer loop
      vertex 16.352671151375482 21.98541019662497 0
      vertex 16.352671151375482 21.98541019662497 6.4
      vertex 16.185410196624968 22.070633909777094 0
    endloop
  endfacet
  facet normal 0.15643446504023106 -0.9876883405951377 0
    outer loop
      vertex 16 22.1 0
      vertex 16 22.1 6.4
      vertex 15.814589803375032 22.070633909777094 0
    endloop
  endfacet
  facet normal -0.15643446504023106 -0.9876883405951377 0
    outer loop
      vertex 16.185410196624968 22.070633909777094 0
      vertex 16.185410196624968 22.070633909777094 6.4
      vertex 16 22.1 0
    endloop
  endfacet
  facet normal -0.8910065241883653 0.45399049973955163 -4.0920339910577056e-19
    outer loop
      vertex 16.510884886842156 21.197325743269257 0
      vertex 16.570633909777094 21.314589803375032 6.4
      vertex 16.570633909777094 21.314589803375032 0
    endloop
  endfacet
  facet normal -0.9876883405951377 0.15643446504023106 -1.9238951627599713e-19
    outer loop
      vertex 16.6 21.5 0
      vertex 16.570633909777094 21.314589803375032 0
      vertex 16.570633909777094 21.314589803375032 6.4
    endloop
  endfacet
  facet normal -0.8910065241883673 -0.45399049973954764 -1.8748069662865297e-19
    outer loop
      vertex 16.48541019662497 21.852671151375485 0
      vertex 16.570633909777094 21.685410196624968 0
      vertex 16.570633909777094 21.685410196624968 6.4
    endloop
  endfacet
  facet normal -0.9876883405951377 -0.15643446504023106 1.9238951627599713e-19
    outer loop
      vertex 16.570633909777094 21.685410196624968 0
      vertex 16.6 21.5 0
      vertex 16.6 21.5 6.4
    endloop
  endfacet
  facet normal -0.707106781186538 -0.7071067811865569 -3.9930969220863236e-19
    outer loop
      vertex 16.352671151375482 21.98541019662497 0
      vertex 16.48541019662497 21.852671151375485 0
      vertex 16.48541019662497 21.852671151375485 6.4
    endloop
  endfacet
  facet normal 0.9876883405951377 0.15643446504023167 1.3450051740318095e-19
    outer loop
      vertex 15.416099304209476 21.398352993662208 6.4
      vertex 15.4 21.5 0
      vertex 15.4 21.5 6.4
    endloop
  endfacet
  facet normal 0.9876883405951377 -0.15643446504023106 0
    outer loop
      vertex 15.4 21.5 0
      vertex 15.429366090222908 21.685410196624968 6.4
      vertex 15.4 21.5 6.4
    endloop
  endfacet
  facet normal 0.8910065241883711 -0.45399049973954014 0
    outer loop
      vertex 15.429366090222908 21.685410196624968 0
      vertex 15.514589803375031 21.852671151375485 6.4
      vertex 15.429366090222908 21.685410196624968 6.4
    endloop
  endfacet
  facet normal 0.7071067811865428 -0.7071067811865522 0
    outer loop
      vertex 15.514589803375031 21.852671151375485 0
      vertex 15.647328848624516 21.98541019662497 6.4
      vertex 15.514589803375031 21.852671151375485 6.4
    endloop
  endfacet
  facet normal 0.45399049973955147 -0.8910065241883655 0
    outer loop
      vertex 15.647328848624516 21.98541019662497 0
      vertex 15.814589803375032 22.070633909777094 6.4
      vertex 15.647328848624516 21.98541019662497 6.4
    endloop
  endfacet
  facet normal 0.15643446504023106 -0.9876883405951377 0
    outer loop
      vertex 15.814589803375032 22.070633909777094 0
      vertex 16 22.1 6.4
      vertex 15.814589803375032 22.070633909777094 6.4
    endloop
  endfacet
  facet normal -0.45399049973955535 -0.8910065241883635 0
    outer loop
      vertex 16.185410196624968 22.070633909777094 0
      vertex 16.352671151375482 21.98541019662497 6.4
      vertex 16.185410196624968 22.070633909777094 6.4
    endloop
  endfacet
  facet normal -0.15643446504023106 -0.9876883405951377 0
    outer loop
      vertex 16 22.1 0
      vertex 16.185410196624968 22.070633909777094 6.4
      vertex 16 22.1 6.4
    endloop
  endfacet
  facet normal -0.8910065241883653 0.45399049973955163 0
    outer loop
      vertex 16.510884886842156 21.197325743269257 6.4
      vertex 16.570633909777094 21.314589803375032 6.4
      vertex 16.510884886842156 21.197325743269257 0
    endloop
  endfacet
  facet normal -0.9876883405951377 0.15643446504023106 0
    outer loop
      vertex 16.6 21.5 0
      vertex 16.570633909777094 21.314589803375032 6.4
      vertex 16.6 21.5 6.4
    endloop
  endfacet
  facet normal -0.9876883405951377 -0.15643446504023106 0
    outer loop
      vertex 16.570633909777094 21.685410196624968 0
      vertex 16.6 21.5 6.4
      vertex 16.570633909777094 21.685410196624968 6.4
    endloop
  endfacet
  facet normal -0.8910065241883673 -0.45399049973954764 0
    outer loop
      vertex 16.48541019662497 21.852671151375485 0
      vertex 16.570633909777094 21.685410196624968 6.4
      vertex 16.48541019662497 21.852671151375485 6.4
    endloop
  endfacet
  facet normal -0.707106781186538 -0.7071067811865569 0
    outer loop
      vertex 16.352671151375482 21.98541019662497 0
      vertex 16.48541019662497 21.852671151375485 6.4
      vertex 16.352671151375482 21.98541019662497 6.4
    endloop
  endfacet
  facet normal 0.7071067811865476 0.7071067811865476 0
    outer loop
      vertex 18.123656676169528 21.038261975830018 0
      vertex 18.01458980337503 21.147328848624515 0
      vertex 18.123656676169528 21.038261975830018 6.4
    endloop
  endfacet
  facet normal -0.45399049973949934 0.891006524188392 0
    outer loop
      vertex 18.852671151375485 21.01458980337503 0
      vertex 18.83792515068117 21.007076340743016 0
      vertex 18.852671151375485 21.01458980337503 6.4
    endloop
  endfacet
  facet normal -0.7071067811865476 0.7071067811865476 0
    outer loop
      vertex 18.852671151375485 21.01458980337503 0
      vertex 18.852671151375485 21.01458980337503 6.4
      vertex 18.98541019662497 21.147328848624515 0
    endloop
  endfacet
  facet normal -0.8910065241883673 0.45399049973954764 1.8748069662865297e-19
    outer loop
      vertex 19.070633909777094 21.314589803375032 0
      vertex 18.98541019662497 21.147328848624515 0
      vertex 18.98541019662497 21.147328848624515 6.4
    endloop
  endfacet
  facet normal 0.8910065241883673 0.45399049973954764 -1.8748069662865297e-19
    outer loop
      vertex 18.01458980337503 21.147328848624515 0
      vertex 17.929366090222906 21.314589803375032 0
      vertex 17.929366090222906 21.314589803375032 6.4
    endloop
  endfacet
  facet normal 0.9876883405951377 0.15643446504023106 1.9238951627599713e-19
    outer loop
      vertex 17.929366090222906 21.314589803375032 0
      vertex 17.9 21.5 0
      vertex 17.9 21.5 6.4
    endloop
  endfacet
  facet normal 0.9876883405951377 -0.15643446504023106 -1.9238951627599713e-19
    outer loop
      vertex 17.9 21.5 0
      vertex 17.929366090222906 21.685410196624968 0
      vertex 17.929366090222906 21.685410196624968 6.4
    endloop
  endfacet
  facet normal 0.8910065241883673 -0.45399049973954764 1.8748069662865297e-19
    outer loop
      vertex 17.929366090222906 21.685410196624968 0
      vertex 18.01458980337503 21.852671151375485 0
      vertex 18.01458980337503 21.852671151375485 6.4
    endloop
  endfacet
  facet normal 0.7071067811865476 -0.7071067811865476 6.165230027762686e-19
    outer loop
      vertex 18.01458980337503 21.852671151375485 0
      vertex 18.147328848624515 21.98541019662497 0
      vertex 18.147328848624515 21.98541019662497 6.4
    endloop
  endfacet
  facet normal 0.45399049973954764 -0.8910065241883673 0
    outer loop
      vertex 18.314589803375032 22.070633909777094 0
      vertex 18.314589803375032 22.070633909777094 6.4
      vertex 18.147328848624515 21.98541019662497 0
    endloop
  endfacet
  facet normal 0.15643446504023106 -0.9876883405951377 0
    outer loop
      vertex 18.5 22.1 0
      vertex 18.5 22.1 6.4
      vertex 18.314589803375032 22.070633909777094 0
    endloop
  endfacet
  facet normal -0.45399049973954764 -0.8910065241883673 0
    outer loop
      vertex 18.852671151375485 21.98541019662497 0
      vertex 18.852671151375485 21.98541019662497 6.4
      vertex 18.685410196624968 22.070633909777094 0
    endloop
  endfacet
  facet normal -0.15643446504023106 -0.9876883405951377 0
    outer loop
      vertex 18.685410196624968 22.070633909777094 0
      vertex 18.685410196624968 22.070633909777094 6.4
      vertex 18.5 22.1 0
    endloop
  endfacet
  facet normal -0.9876883405951377 0.15643446504023106 -1.9238951627599713e-19
    outer loop
      vertex 19.1 21.5 0
      vertex 19.070633909777094 21.314589803375032 0
      vertex 19.070633909777094 21.314589803375032 6.4
    endloop
  endfacet
  facet normal -0.9876883405951377 -0.15643446504023106 1.9238951627599713e-19
    outer loop
      vertex 19.070633909777094 21.685410196624968 0
      vertex 19.1 21.5 0
      vertex 19.1 21.5 6.4
    endloop
  endfacet
  facet normal -0.8910065241883673 -0.45399049973954764 -1.8748069662865297e-19
    outer loop
      vertex 18.98541019662497 21.852671151375485 0
      vertex 19.070633909777094 21.685410196624968 0
      vertex 19.070633909777094 21.685410196624968 6.4
    endloop
  endfacet
  facet normal -0.7071067811865476 -0.7071067811865476 -6.165230027762686e-19
    outer loop
      vertex 18.852671151375485 21.98541019662497 0
      vertex 18.98541019662497 21.852671151375485 0
      vertex 18.98541019662497 21.852671151375485 6.4
    endloop
  endfacet
  facet normal 0.8910065241883673 0.45399049973954764 0
    outer loop
      vertex 18.01458980337503 21.147328848624515 0
      vertex 17.929366090222906 21.314589803375032 6.4
      vertex 18.01458980337503 21.147328848624515 6.4
    endloop
  endfacet
  facet normal 0.7071067811865476 0.7071067811865476 -3.003244797961957e-19
    outer loop
      vertex 18.123656676169528 21.038261975830018 6.4
      vertex 18.01458980337503 21.147328848624515 0
      vertex 18.01458980337503 21.147328848624515 6.4
    endloop
  endfacet
  facet normal -0.45399049973949934 0.891006524188392 -2.8654226596446725e-20
    outer loop
      vertex 18.852671151375485 21.01458980337503 6.4
      vertex 18.83792515068117 21.007076340743016 0
      vertex 18.83792515068117 21.007076340743016 6.4
    endloop
  endfacet
  facet normal -0.7071067811865476 0.7071067811865476 0
    outer loop
      vertex 18.98541019662497 21.147328848624515 0
      vertex 18.852671151375485 21.01458980337503 6.4
      vertex 18.98541019662497 21.147328848624515 6.4
    endloop
  endfacet
  facet normal 0.9876883405951377 0.15643446504023106 0
    outer loop
      vertex 17.929366090222906 21.314589803375032 0
      vertex 17.9 21.5 6.4
      vertex 17.929366090222906 21.314589803375032 6.4
    endloop
  endfacet
  facet normal 0.9876883405951377 -0.15643446504023106 0
    outer loop
      vertex 17.9 21.5 0
      vertex 17.929366090222906 21.685410196624968 6.4
      vertex 17.9 21.5 6.4
    endloop
  endfacet
  facet normal 0.8910065241883673 -0.45399049973954764 0
    outer loop
      vertex 17.929366090222906 21.685410196624968 0
      vertex 18.01458980337503 21.852671151375485 6.4
      vertex 17.929366090222906 21.685410196624968 6.4
    endloop
  endfacet
  facet normal 0.7071067811865476 -0.7071067811865476 0
    outer loop
      vertex 18.01458980337503 21.852671151375485 0
      vertex 18.147328848624515 21.98541019662497 6.4
      vertex 18.01458980337503 21.852671151375485 6.4
    endloop
  endfacet
  facet normal 0.45399049973954764 -0.8910065241883673 0
    outer loop
      vertex 18.147328848624515 21.98541019662497 0
      vertex 18.314589803375032 22.070633909777094 6.4
      vertex 18.147328848624515 21.98541019662497 6.4
    endloop
  endfacet
  facet normal 0.15643446504023106 -0.9876883405951377 0
    outer loop
      vertex 18.314589803375032 22.070633909777094 0
      vertex 18.5 22.1 6.4
      vertex 18.314589803375032 22.070633909777094 6.4
    endloop
  endfacet
  facet normal -0.45399049973954764 -0.8910065241883673 0
    outer loop
      vertex 18.685410196624968 22.070633909777094 0
      vertex 18.852671151375485 21.98541019662497 6.4
      vertex 18.685410196624968 22.070633909777094 6.4
    endloop
  endfacet
  facet normal -0.7071067811865476 -0.7071067811865476 -6.165230027762686e-19
    outer loop
      vertex 18.98541019662497 21.852671151375485 6.4
      vertex 18.852671151375485 21.98541019662497 6.4
      vertex 18.852671151375485 21.98541019662497 0
    endloop
  endfacet
  facet normal -0.15643446504023106 -0.9876883405951377 0
    outer loop
      vertex 18.5 22.1 0
      vertex 18.685410196624968 22.070633909777094 6.4
      vertex 18.5 22.1 6.4
    endloop
  endfacet
  facet normal -0.8910065241883673 0.45399049973954764 1.8748069662865297e-19
    outer loop
      vertex 18.98541019662497 21.147328848624515 6.4
      vertex 19.070633909777094 21.314589803375032 6.4
      vertex 19.070633909777094 21.314589803375032 0
    endloop
  endfacet
  facet normal -0.9876883405951377 0.15643446504023106 0
    outer loop
      vertex 19.1 21.5 0
      vertex 19.070633909777094 21.314589803375032 6.4
      vertex 19.1 21.5 6.4
    endloop
  endfacet
  facet normal -0.9876883405951377 -0.15643446504023106 0
    outer loop
      vertex 19.070633909777094 21.685410196624968 0
      vertex 19.1 21.5 6.4
      vertex 19.070633909777094 21.685410196624968 6.4
    endloop
  endfacet
  facet normal -0.8910065241883673 -0.45399049973954764 -1.8748069662865297e-19
    outer loop
      vertex 19.070633909777094 21.685410196624968 6.4
      vertex 18.98541019662497 21.852671151375485 6.4
      vertex 18.98541019662497 21.852671151375485 0
    endloop
  endfacet
  facet normal 0.7071067811865294 0.7071067811865658 0
    outer loop
      vertex 20.58378224232359 21.07813640967596 0
      vertex 20.51458980337503 21.147328848624515 0
      vertex 20.58378224232359 21.07813640967596 6.4
    endloop
  endfacet
  facet normal 0.9876883405951377 0.15643446504023106 1.9238951627599713e-19
    outer loop
      vertex 20.429366090222906 21.314589803375032 0
      vertex 20.4 21.5 0
      vertex 20.4 21.5 6.4
    endloop
  endfacet
  facet normal 0.8910065241883673 0.45399049973954764 -1.8748069662865297e-19
    outer loop
      vertex 20.51458980337503 21.147328848624515 0
      vertex 20.429366090222906 21.314589803375032 0
      vertex 20.429366090222906 21.314589803375032 6.4
    endloop
  endfacet
  facet normal 0.9876883405951377 -0.15643446504023106 -1.9238951627599713e-19
    outer loop
      vertex 20.4 21.5 0
      vertex 20.429366090222906 21.685410196624968 0
      vertex 20.429366090222906 21.685410196624968 6.4
    endloop
  endfacet
  facet normal 0.8910065241883673 -0.45399049973954764 1.8748069662865297e-19
    outer loop
      vertex 20.429366090222906 21.685410196624968 0
      vertex 20.51458980337503 21.852671151375485 0
      vertex 20.51458980337503 21.852671151375485 6.4
    endloop
  endfacet
  facet normal 0.7071067811865476 -0.7071067811865476 6.165230027762686e-19
    outer loop
      vertex 20.51458980337503 21.852671151375485 0
      vertex 20.647328848624515 21.98541019662497 0
      vertex 20.647328848624515 21.98541019662497 6.4
    endloop
  endfacet
  facet normal 0.45399049973954764 -0.8910065241883673 0
    outer loop
      vertex 20.814589803375032 22.070633909777094 0
      vertex 20.814589803375032 22.070633909777094 6.4
      vertex 20.647328848624515 21.98541019662497 0
    endloop
  endfacet
  facet normal 0.15643446504023106 -0.9876883405951377 0
    outer loop
      vertex 21 22.1 0
      vertex 21 22.1 6.4
      vertex 20.814589803375032 22.070633909777094 0
    endloop
  endfacet
  facet normal -0.707106781186538 -0.7071067811865569 -3.9930969220863236e-19
    outer loop
      vertex 21.352671151375482 21.98541019662497 0
      vertex 21.48541019662497 21.852671151375485 0
      vertex 21.48541019662497 21.852671151375485 6.4
    endloop
  endfacet
  facet normal -0.45399049973955535 -0.8910065241883635 0
    outer loop
      vertex 21.352671151375482 21.98541019662497 0
      vertex 21.352671151375482 21.98541019662497 6.4
      vertex 21.185410196624968 22.070633909777094 0
    endloop
  endfacet
  facet normal -0.15643446504023106 -0.9876883405951377 0
    outer loop
      vertex 21.185410196624968 22.070633909777094 0
      vertex 21.185410196624968 22.070633909777094 6.4
      vertex 21 22.1 0
    endloop
  endfacet
  facet normal -0.8910065241883663 0.4539904997395498 5.247346751037832e-20
    outer loop
      vertex 21.51245021224288 21.20039786734525 0
      vertex 21.570633909777094 21.314589803375032 6.4
      vertex 21.570633909777094 21.314589803375032 0
    endloop
  endfacet
  facet normal -0.9876883405951377 0.15643446504023106 -1.9238951627599713e-19
    outer loop
      vertex 21.6 21.5 0
      vertex 21.570633909777094 21.314589803375032 0
      vertex 21.570633909777094 21.314589803375032 6.4
    endloop
  endfacet
  facet normal -0.9876883405951377 -0.15643446504023106 1.9238951627599713e-19
    outer loop
      vertex 21.570633909777094 21.685410196624968 0
      vertex 21.6 21.5 0
      vertex 21.6 21.5 6.4
    endloop
  endfacet
  facet normal -0.8910065241883673 -0.45399049973954764 -1.8748069662865297e-19
    outer loop
      vertex 21.48541019662497 21.852671151375485 0
      vertex 21.570633909777094 21.685410196624968 0
      vertex 21.570633909777094 21.685410196624968 6.4
    endloop
  endfacet
  facet normal 0.8910065241883673 0.45399049973954764 -1.8748069662865297e-19
    outer loop
      vertex 20.429366090222906 21.314589803375032 6.4
      vertex 20.51458980337503 21.147328848624515 6.4
      vertex 20.51458980337503 21.147328848624515 0
    endloop
  endfacet
  facet normal 0.7071067811865294 0.7071067811865658 9.940658417985473e-20
    outer loop
      vertex 20.58378224232359 21.07813640967596 6.4
      vertex 20.51458980337503 21.147328848624515 0
      vertex 20.51458980337503 21.147328848624515 6.4
    endloop
  endfacet
  facet normal 0.9876883405951377 0.15643446504023106 0
    outer loop
      vertex 20.429366090222906 21.314589803375032 0
      vertex 20.4 21.5 6.4
      vertex 20.429366090222906 21.314589803375032 6.4
    endloop
  endfacet
  facet normal 0.9876883405951377 -0.15643446504023106 0
    outer loop
      vertex 20.4 21.5 0
      vertex 20.429366090222906 21.685410196624968 6.4
      vertex 20.4 21.5 6.4
    endloop
  endfacet
  facet normal 0.8910065241883673 -0.45399049973954764 1.8748069662865297e-19
    outer loop
      vertex 20.51458980337503 21.852671151375485 6.4
      vertex 20.429366090222906 21.685410196624968 6.4
      vertex 20.429366090222906 21.685410196624968 0
    endloop
  endfacet
  facet normal 0.7071067811865476 -0.7071067811865476 6.165230027762686e-19
    outer loop
      vertex 20.647328848624515 21.98541019662497 6.4
      vertex 20.51458980337503 21.852671151375485 6.4
      vertex 20.51458980337503 21.852671151375485 0
    endloop
  endfacet
  facet normal 0.45399049973954764 -0.8910065241883673 0
    outer loop
      vertex 20.647328848624515 21.98541019662497 0
      vertex 20.814589803375032 22.070633909777094 6.4
      vertex 20.647328848624515 21.98541019662497 6.4
    endloop
  endfacet
  facet normal 0.15643446504023106 -0.9876883405951377 0
    outer loop
      vertex 20.814589803375032 22.070633909777094 0
      vertex 21 22.1 6.4
      vertex 20.814589803375032 22.070633909777094 6.4
    endloop
  endfacet
  facet normal -0.45399049973955535 -0.8910065241883635 0
    outer loop
      vertex 21.185410196624968 22.070633909777094 0
      vertex 21.352671151375482 21.98541019662497 6.4
      vertex 21.185410196624968 22.070633909777094 6.4
    endloop
  endfacet
  facet normal -0.707106781186538 -0.7071067811865569 0
    outer loop
      vertex 21.352671151375482 21.98541019662497 0
      vertex 21.48541019662497 21.852671151375485 6.4
      vertex 21.352671151375482 21.98541019662497 6.4
    endloop
  endfacet
  facet normal -0.15643446504023106 -0.9876883405951377 0
    outer loop
      vertex 21 22.1 0
      vertex 21.185410196624968 22.070633909777094 6.4
      vertex 21 22.1 6.4
    endloop
  endfacet
  facet normal -0.8910065241883663 0.4539904997395498 0
    outer loop
      vertex 21.51245021224288 21.20039786734525 0
      vertex 21.51245021224288 21.20039786734525 6.4
      vertex 21.570633909777094 21.314589803375032 6.4
    endloop
  endfacet
  facet normal -0.9876883405951377 0.15643446504023106 0
    outer loop
      vertex 21.6 21.5 0
      vertex 21.570633909777094 21.314589803375032 6.4
      vertex 21.6 21.5 6.4
    endloop
  endfacet
  facet normal -0.9876883405951377 -0.15643446504023106 0
    outer loop
      vertex 21.570633909777094 21.685410196624968 0
      vertex 21.6 21.5 6.4
      vertex 21.570633909777094 21.685410196624968 6.4
    endloop
  endfacet
  facet normal -0.8910065241883673 -0.45399049973954764 0
    outer loop
      vertex 21.48541019662497 21.852671151375485 0
      vertex 21.570633909777094 21.685410196624968 6.4
      vertex 21.48541019662497 21.852671151375485 6.4
    endloop
  endfacet
  facet normal 0 0 -1
    outer loop
      vertex 9.249200582032216 24.07441524708714 0
      vertex 11.15799116182422 28.654257793948467 0
      vertex 10.5 23.277568135664545 0
    endloop
  endfacet
  facet normal 0 0 -1
    outer loop
      vertex 8.072610635328832 24.977244466977375 0
      vertex 6.979184719828691 25.97918471982869 0
      vertex 8.43449007382985 31.9 0
    endloop
  endfacet
  facet normal 0 0 -1
    outer loop
      vertex 8.072610635328832 24.977244466977375 0
      vertex 9.654257793948469 30.15799116182422 0
      vertex 9.249200582032216 24.07441524708714 0
    endloop
  endfacet
  facet normal 0 0 -1
    outer loop
      vertex 9.249200582032216 24.07441524708714 0
      vertex 10.37329726952412 29.37329726952412 0
      vertex 11.15799116182422 28.654257793948467 0
    endloop
  endfacet
  facet normal 0 0 -1
    outer loop
      vertex 9.249200582032216 24.07441524708714 0
      vertex 9.654257793948469 30.15799116182422 0
      vertex 10.37329726952412 29.37329726952412 0
    endloop
  endfacet
  facet normal 0 0 -1
    outer loop
      vertex 11.81548955040811 22.592767620376954 0
      vertex 10.5 23.277568135664545 0
      vertex 12.00236747651724 28.006345059674302 0
    endloop
  endfacet
  facet normal 0 0 -1
    outer loop
      vertex 11.81548955040811 22.592767620376954 0
      vertex 13.844057206763466 26.94304499815287 0
      vertex 13.185657563463632 22.025225446639556 0
    endloop
  endfacet
  facet normal 0 0 -1
    outer loop
      vertex 13.185657563463632 22.025225446639556 0
      vertex 14.827354251426842 26.535750026411918 0
      vertex 13.210251644740449 22.017470962599383 0
    endloop
  endfacet
  facet normal 0 0 -1
    outer loop
      vertex 11.81548955040811 22.592767620376954 0
      vertex 12.9 27.43449007382985 0
      vertex 13.844057206763466 26.94304499815287 0
    endloop
  endfacet
  facet normal 0 0 -1
    outer loop
      vertex 10.5 23.277568135664545 0
      vertex 11.15799116182422 28.654257793948467 0
      vertex 12.00236747651724 28.006345059674302 0
    endloop
  endfacet
  facet normal 0 0 -1
    outer loop
      vertex 11.81548955040811 22.592767620376954 0
      vertex 12.00236747651724 28.006345059674302 0
      vertex 12.9 27.43449007382985 0
    endloop
  endfacet
  facet normal 0 0 -1
    outer loop
      vertex 5.977244466977373 27.072610635328832 0
      vertex 6.985345413251062 35.88149223246345 0
      vertex 6.979184719828691 25.97918471982869 0
    endloop
  endfacet
  facet normal 0 0 -1
    outer loop
      vertex 3.592767620376952 30.81548955040811 0
      vertex 3.0252254466395563 32.185657563463636 0
      vertex 3.592767620376952 45.18451044959189 0
    endloop
  endfacet
  facet normal 0 0 -1
    outer loop
      vertex 3.0252254466395563 32.185657563463636 0
      vertex 2.5792609530858392 33.60007623325715 0
      vertex 3.0252254466395563 43.814342436536364 0
    endloop
  endfacet
  facet normal 0 0 -1
    outer loop
      vertex 5.977244466977373 27.072610635328832 0
      vertex 6.846424683280706 36.93669993847857 0
      vertex 6.985345413251062 35.88149223246345 0
    endloop
  endfacet
  facet normal 0 0 -1
    outer loop
      vertex 5.977244466977373 27.072610635328832 0
      vertex 6.800000000000001 38 0
      vertex 6.846424683280706 36.93669993847857 0
    endloop
  endfacet
  facet normal 0 0 -1
    outer loop
      vertex 3.592767620376952 30.81548955040811 0
      vertex 4.277568135664543 46.5 0
      vertex 4.277568135664543 29.5 0
    endloop
  endfacet
  facet normal 0 0 -1
    outer loop
      vertex 5.07441524708714 28.249200582032216 0
      vertex 4.277568135664543 29.5 0
      vertex 5.07441524708714 47.750799417967784 0
    endloop
  endfacet
  facet normal 0 0 -1
    outer loop
      vertex 5.977244466977373 27.072610635328832 0
      vertex 5.07441524708714 28.249200582032216 0
      vertex 5.977244466977373 48.92738936467117 0
    endloop
  endfacet
  facet normal 0 0 -1
    outer loop
      vertex 8.072610635328832 24.977244466977375 0
      vertex 8.43449007382985 31.9 0
      vertex 9.0063450596743 31.00236747651724 0
    endloop
  endfacet
  facet normal 0 0 -1
    outer loop
      vertex 8.072610635328832 24.977244466977375 0
      vertex 9.0063450596743 31.00236747651724 0
      vertex 9.654257793948469 30.15799116182422 0
    endloop
  endfacet
  facet normal 0 0 -1
    outer loop
      vertex 6.979184719828691 25.97918471982869 0
      vertex 7.535750026411918 33.82735425142684 0
      vertex 7.943044998152871 32.844057206763466 0
    endloop
  endfacet
  facet normal 0 0 -1
    outer loop
      vertex 6.979184719828691 25.97918471982869 0
      vertex 7.943044998152871 32.844057206763466 0
      vertex 8.43449007382985 31.9 0
    endloop
  endfacet
  facet normal 0 0 -1
    outer loop
      vertex 6.979184719828691 25.97918471982869 0
      vertex 7.215704919273367 34.84240764974925 0
      vertex 7.535750026411918 33.82735425142684 0
    endloop
  endfacet
  facet normal 0 0 -1
    outer loop
      vertex 6.979184719828691 25.97918471982869 0
      vertex 6.985345413251062 35.88149223246345 0
      vertex 7.215704919273367 34.84240764974925 0
    endloop
  endfacet
  facet normal 0 0 -1
    outer loop
      vertex 17.51835237328981 21.064690132440326 0
      vertex 16.510884886842156 21.197325743269257 0
      vertex 16.570633909777094 21.314589803375032 0
    endloop
  endfacet
  facet normal 0 0 -1
    outer loop
      vertex 14.600076233257148 21.57926095308584 0
      vertex 15.4 21.5 0
      vertex 15.416099304209476 21.398352993662208 0
    endloop
  endfacet
  facet normal 0 0 -1
    outer loop
      vertex 14.600076233257148 21.57926095308584 0
      vertex 15.429366090222908 21.685410196624968 0
      vertex 15.4 21.5 0
    endloop
  endfacet
  facet normal 0 0 -1
    outer loop
      vertex 14.03373544106475 21.757827518956866 0
      vertex 13.985410196624969 21.852671151375485 0
      vertex 14.827354251426842 26.535750026411918 0
    endloop
  endfacet
  facet normal 0 0 -1
    outer loop
      vertex 14.827354251426842 26.535750026411918 0
      vertex 13.985410196624969 21.852671151375485 0
      vertex 13.852671151375484 21.98541019662497 0
    endloop
  endfacet
  facet normal 0 0 -1
    outer loop
      vertex 14.600076233257148 21.57926095308584 0
      vertex 14.03373544106475 21.757827518956866 0
      vertex 14.827354251426842 26.535750026411918 0
    endloop
  endfacet
  facet normal 0 0 -1
    outer loop
      vertex 14.600076233257148 21.57926095308584 0
      vertex 15.842407649749248 26.215704919273367 0
      vertex 15.429366090222908 21.685410196624968 0
    endloop
  endfacet
  facet normal 0 0 -1
    outer loop
      vertex 17.51835237328981 21.064690132440326 0
      vertex 16.570633909777094 21.314589803375032 0
      vertex 16.6 21.5 0
    endloop
  endfacet
  facet normal 0 0 -1
    outer loop
      vertex 15.429366090222908 21.685410196624968 0
      vertex 15.842407649749248 26.215704919273367 0
      vertex 15.514589803375031 21.852671151375485 0
    endloop
  endfacet
  facet normal 0 0 -1
    outer loop
      vertex 15.514589803375031 21.852671151375485 0
      vertex 15.842407649749248 26.215704919273367 0
      vertex 15.647328848624516 21.98541019662497 0
    endloop
  endfacet
  facet normal 0 0 -1
    outer loop
      vertex 15.814589803375032 22.070633909777094 0
      vertex 15.647328848624516 21.98541019662497 0
      vertex 15.842407649749248 26.215704919273367 0
    endloop
  endfacet
  facet normal 0 0 -1
    outer loop
      vertex 16.88149223246345 25.98534541325106 0
      vertex 16 22.1 0
      vertex 15.814589803375032 22.070633909777094 0
    endloop
  endfacet
  facet normal 0 0 -1
    outer loop
      vertex 16.185410196624968 22.070633909777094 0
      vertex 16 22.1 0
      vertex 16.88149223246345 25.98534541325106 0
    endloop
  endfacet
  facet normal 0 0 -1
    outer loop
      vertex 17.93669993847857 25.846424683280706 0
      vertex 16.6 21.5 0
      vertex 16.570633909777094 21.685410196624968 0
    endloop
  endfacet
  facet normal 0 0 -1
    outer loop
      vertex 17.93669993847857 25.846424683280706 0
      vertex 16.570633909777094 21.685410196624968 0
      vertex 16.48541019662497 21.852671151375485 0
    endloop
  endfacet
  facet normal 0 0 -1
    outer loop
      vertex 17.93669993847857 25.846424683280706 0
      vertex 16.352671151375482 21.98541019662497 0
      vertex 16.185410196624968 22.070633909777094 0
    endloop
  endfacet
  facet normal 0 0 -1
    outer loop
      vertex 17.93669993847857 25.846424683280706 0
      vertex 16.48541019662497 21.852671151375485 0
      vertex 16.352671151375482 21.98541019662497 0
    endloop
  endfacet
  facet normal 0 0 -1
    outer loop
      vertex 17.51835237328981 21.064690132440326 0
      vertex 17.929366090222906 21.314589803375032 0
      vertex 18.01458980337503 21.147328848624515 0
    endloop
  endfacet
  facet normal 0 0 -1
    outer loop
      vertex 17.51835237328981 21.064690132440326 0
      vertex 18.01458980337503 21.147328848624515 0
      vertex 18.123656676169528 21.038261975830018 0
    endloop
  endfacet
  facet normal 0 0 -1
    outer loop
      vertex 19 21 0
      vertex 18.83792515068117 21.007076340743016 0
      vertex 18.852671151375485 21.01458980337503 0
    endloop
  endfacet
  facet normal 0 0 -1
    outer loop
      vertex 19 21 0
      vertex 18.852671151375485 21.01458980337503 0
      vertex 18.98541019662497 21.147328848624515 0
    endloop
  endfacet
  facet normal 0 0 -1
    outer loop
      vertex 19 21 0
      vertex 18.98541019662497 21.147328848624515 0
      vertex 19.070633909777094 21.314589803375032 0
    endloop
  endfacet
  facet normal 0 0 -1
    outer loop
      vertex 19 21 0
      vertex 19.070633909777094 21.314589803375032 0
      vertex 20.48164762671019 21.064690132440326 0
    endloop
  endfacet
  facet normal 0 0 -1
    outer loop
      vertex 20.48164762671019 21.064690132440326 0
      vertex 19.070633909777094 21.314589803375032 0
      vertex 20.51458980337503 21.147328848624515 0
    endloop
  endfacet
  facet normal 0 0 -1
    outer loop
      vertex 20.48164762671019 21.064690132440326 0
      vertex 20.51458980337503 21.147328848624515 0
      vertex 20.58378224232359 21.07813640967596 0
    endloop
  endfacet
  facet normal 0 0 -1
    outer loop
      vertex 17.51835237328981 21.064690132440326 0
      vertex 17.9 21.5 0
      vertex 17.929366090222906 21.314589803375032 0
    endloop
  endfacet
  facet normal 0 0 -1
    outer loop
      vertex 17.51835237328981 21.064690132440326 0
      vertex 16.6 21.5 0
      vertex 17.93669993847857 25.846424683280706 0
    endloop
  endfacet
  facet normal 0 0 -1
    outer loop
      vertex 17.51835237328981 21.064690132440326 0
      vertex 17.93669993847857 25.846424683280706 0
      vertex 17.9 21.5 0
    endloop
  endfacet
  facet normal 0 0 -1
    outer loop
      vertex 17.93669993847857 25.846424683280706 0
      vertex 17.929366090222906 21.685410196624968 0
      vertex 17.9 21.5 0
    endloop
  endfacet
  facet normal 0 0 -1
    outer loop
      vertex 17.93669993847857 25.846424683280706 0
      vertex 18.01458980337503 21.852671151375485 0
      vertex 17.929366090222906 21.685410196624968 0
    endloop
  endfacet
  facet normal 0 0 -1
    outer loop
      vertex 17.93669993847857 25.846424683280706 0
      vertex 18.147328848624515 21.98541019662497 0
      vertex 18.01458980337503 21.852671151375485 0
    endloop
  endfacet
  facet normal 0 0 -1
    outer loop
      vertex 17.93669993847857 25.846424683280706 0
      vertex 18.314589803375032 22.070633909777094 0
      vertex 18.147328848624515 21.98541019662497 0
    endloop
  endfacet
  facet normal 0 0 -1
    outer loop
      vertex 18.5 22.1 0
      vertex 18.314589803375032 22.070633909777094 0
      vertex 19 25.8 0
    endloop
  endfacet
  facet normal 0 0 -1
    outer loop
      vertex 19 25.8 0
      vertex 18.685410196624968 22.070633909777094 0
      vertex 18.5 22.1 0
    endloop
  endfacet
  facet normal 0 0 -1
    outer loop
      vertex 19 25.8 0
      vertex 18.852671151375485 21.98541019662497 0
      vertex 18.685410196624968 22.070633909777094 0
    endloop
  endfacet
  facet normal 0 0 -1
    outer loop
      vertex 19.1 21.5 0
      vertex 20.429366090222906 21.314589803375032 0
      vertex 19.070633909777094 21.314589803375032 0
    endloop
  endfacet
  facet normal 0 0 -1
    outer loop
      vertex 19.070633909777094 21.685410196624968 0
      vertex 20.4 21.5 0
      vertex 19.1 21.5 0
    endloop
  endfacet
  facet normal 0 0 -1
    outer loop
      vertex 18.98541019662497 21.852671151375485 0
      vertex 20.429366090222906 21.685410196624968 0
      vertex 19.070633909777094 21.685410196624968 0
    endloop
  endfacet
  facet normal 0 0 -1
    outer loop
      vertex 19.1 21.5 0
      vertex 20.4 21.5 0
      vertex 20.429366090222906 21.314589803375032 0
    endloop
  endfacet
  facet normal 0 0 -1
    outer loop
      vertex 20.51458980337503 21.147328848624515 0
      vertex 19.070633909777094 21.314589803375032 0
      vertex 20.429366090222906 21.314589803375032 0
    endloop
  endfacet
  facet normal 0 0 -1
    outer loop
      vertex 19.070633909777094 21.685410196624968 0
      vertex 20.429366090222906 21.685410196624968 0
      vertex 20.4 21.5 0
    endloop
  endfacet
  facet normal 0 0 -1
    outer loop
      vertex 19 25.8 0
      vertex 18.98541019662497 21.852671151375485 0
      vertex 18.852671151375485 21.98541019662497 0
    endloop
  endfacet
  facet normal 0 0 -1
    outer loop
      vertex 18.98541019662497 21.852671151375485 0
      vertex 20.06330006152143 25.846424683280706 0
      vertex 20.429366090222906 21.685410196624968 0
    endloop
  endfacet
  facet normal 0 0 -1
    outer loop
      vertex 14.827354251426842 26.535750026411918 0
      vertex 13.314589803375032 22.070633909777094 0
      vertex 13.210251644740449 22.017470962599383 0
    endloop
  endfacet
  facet normal 0 0 -1
    outer loop
      vertex 14.827354251426842 26.535750026411918 0
      vertex 13.5 22.1 0
      vertex 13.314589803375032 22.070633909777094 0
    endloop
  endfacet
  facet normal 0 0 -1
    outer loop
      vertex 14.827354251426842 26.535750026411918 0
      vertex 13.685410196624968 22.070633909777094 0
      vertex 13.5 22.1 0
    endloop
  endfacet
  facet normal 0 0 -1
    outer loop
      vertex 14.827354251426842 26.535750026411918 0
      vertex 13.852671151375484 21.98541019662497 0
      vertex 13.685410196624968 22.070633909777094 0
    endloop
  endfacet
  facet normal 0 0 -1
    outer loop
      vertex 13.185657563463632 22.025225446639556 0
      vertex 13.844057206763466 26.94304499815287 0
      vertex 14.827354251426842 26.535750026411918 0
    endloop
  endfacet
  facet normal 0 0 -1
    outer loop
      vertex 14.600076233257148 21.57926095308584 0
      vertex 14.827354251426842 26.535750026411918 0
      vertex 15.842407649749248 26.215704919273367 0
    endloop
  endfacet
  facet normal 0 0 -1
    outer loop
      vertex 15.814589803375032 22.070633909777094 0
      vertex 15.842407649749248 26.215704919273367 0
      vertex 16.88149223246345 25.98534541325106 0
    endloop
  endfacet
  facet normal 0 0 -1
    outer loop
      vertex 16.185410196624968 22.070633909777094 0
      vertex 16.88149223246345 25.98534541325106 0
      vertex 17.93669993847857 25.846424683280706 0
    endloop
  endfacet
  facet normal 0 0 -1
    outer loop
      vertex 18.314589803375032 22.070633909777094 0
      vertex 17.93669993847857 25.846424683280706 0
      vertex 19 25.8 0
    endloop
  endfacet
  facet normal 0 0 -1
    outer loop
      vertex 18.98541019662497 21.852671151375485 0
      vertex 19 25.8 0
      vertex 20.06330006152143 25.846424683280706 0
    endloop
  endfacet
  facet normal 0 0 -1
    outer loop
      vertex 20.429366090222906 21.685410196624968 0
      vertex 20.06330006152143 25.846424683280706 0
      vertex 21.11850776753655 25.98534541325106 0
    endloop
  endfacet
  facet normal 0 0 -1
    outer loop
      vertex 21.952019020337815 21.258268198792464 0
      vertex 21.51245021224288 21.20039786734525 0
      vertex 21.570633909777094 21.314589803375032 0
    endloop
  endfacet
  facet normal 0 0 -1
    outer loop
      vertex 21.952019020337815 21.258268198792464 0
      vertex 21.570633909777094 21.314589803375032 0
      vertex 21.6 21.5 0
    endloop
  endfacet
  facet normal 0 0 -1
    outer loop
      vertex 20.429366090222906 21.685410196624968 0
      vertex 21.11850776753655 25.98534541325106 0
      vertex 20.51458980337503 21.852671151375485 0
    endloop
  endfacet
  facet normal 0 0 -1
    outer loop
      vertex 20.51458980337503 21.852671151375485 0
      vertex 21.11850776753655 25.98534541325106 0
      vertex 20.647328848624515 21.98541019662497 0
    endloop
  endfacet
  facet normal 0 0 -1
    outer loop
      vertex 21.11850776753655 25.98534541325106 0
      vertex 20.814589803375032 22.070633909777094 0
      vertex 20.647328848624515 21.98541019662497 0
    endloop
  endfacet
  facet normal 0 0 -1
    outer loop
      vertex 21.11850776753655 25.98534541325106 0
      vertex 21 22.1 0
      vertex 20.814589803375032 22.070633909777094 0
    endloop
  endfacet
  facet normal 0 0 -1
    outer loop
      vertex 21.185410196624968 22.070633909777094 0
      vertex 21 22.1 0
      vertex 21.11850776753655 25.98534541325106 0
    endloop
  endfacet
  facet normal 0 0 -1
    outer loop
      vertex 21.952019020337815 21.258268198792464 0
      vertex 21.6 21.5 0
      vertex 22.157592350250752 26.215704919273367 0
    endloop
  endfacet
  facet normal 0 0 -1
    outer loop
      vertex 22.157592350250752 26.215704919273367 0
      vertex 21.6 21.5 0
      vertex 21.570633909777094 21.685410196624968 0
    endloop
  endfacet
  facet normal 0 0 -1
    outer loop
      vertex 22.157592350250752 26.215704919273367 0
      vertex 21.352671151375482 21.98541019662497 0
      vertex 21.185410196624968 22.070633909777094 0
    endloop
  endfacet
  facet normal 0 0 -1
    outer loop
      vertex 22.157592350250752 26.215704919273367 0
      vertex 21.48541019662497 21.852671151375485 0
      vertex 21.352671151375482 21.98541019662497 0
    endloop
  endfacet
  facet normal 0 0 -1
    outer loop
      vertex 22.157592350250752 26.215704919273367 0
      vertex 21.570633909777094 21.685410196624968 0
      vertex 21.48541019662497 21.852671151375485 0
    endloop
  endfacet
  facet normal 0 0 -1
    outer loop
      vertex 21.952019020337815 21.258268198792464 0
      vertex 23.17264574857316 26.535750026411918 0
      vertex 23.39992376674285 21.57926095308584 0
    endloop
  endfacet
  facet normal 0 0 -1
    outer loop
      vertex 21.185410196624968 22.070633909777094 0
      vertex 21.11850776753655 25.98534541325106 0
      vertex 22.157592350250752 26.215704919273367 0
    endloop
  endfacet
  facet normal 0 0 -1
    outer loop
      vertex 21.952019020337815 21.258268198792464 0
      vertex 22.157592350250752 26.215704919273367 0
      vertex 23.17264574857316 26.535750026411918 0
    endloop
  endfacet
  facet normal 0 0 -1
    outer loop
      vertex 23.39992376674285 21.57926095308584 0
      vertex 23.17264574857316 26.535750026411918 0
      vertex 24.155942793236534 26.94304499815287 0
    endloop
  endfacet
  facet normal 0 0 -1
    outer loop
      vertex 23.39992376674285 21.57926095308584 0
      vertex 24.155942793236534 26.94304499815287 0
      vertex 24.814342436536368 22.025225446639556 0
    endloop
  endfacet
  facet normal 0 0 -1
    outer loop
      vertex 24.814342436536368 22.025225446639556 0
      vertex 25.1 27.43449007382985 0
      vertex 26.18451044959189 22.592767620376954 0
    endloop
  endfacet
  facet normal 0 0 -1
    outer loop
      vertex 24.814342436536368 22.025225446639556 0
      vertex 24.155942793236534 26.94304499815287 0
      vertex 25.1 27.43449007382985 0
    endloop
  endfacet
  facet normal 0 0 -1
    outer loop
      vertex 26.18451044959189 22.592767620376954 0
      vertex 26.84200883817578 28.654257793948467 0
      vertex 27.5 23.277568135664545 0
    endloop
  endfacet
  facet normal 0 0 -1
    outer loop
      vertex 26.18451044959189 22.592767620376954 0
      vertex 25.1 27.43449007382985 0
      vertex 25.99763252348276 28.006345059674302 0
    endloop
  endfacet
  facet normal 0 0 -1
    outer loop
      vertex 26.18451044959189 22.592767620376954 0
      vertex 25.99763252348276 28.006345059674302 0
      vertex 26.84200883817578 28.654257793948467 0
    endloop
  endfacet
  facet normal 0 0 -1
    outer loop
      vertex 27.5 23.277568135664545 0
      vertex 26.84200883817578 28.654257793948467 0
      vertex 27.62670273047588 29.37329726952412 0
    endloop
  endfacet
  facet normal -0.7372773368101249 -0.6755902076156594 0
    outer loop
      vertex 5.977244466977373 27.072610635328832 0
      vertex 6.979184719828691 25.97918471982869 0
      vertex 5.977244466977373 27.072610635328832 6.4
    endloop
  endfacet
  facet normal -0.7933533402912353 -0.6087614290087204 9.325498666930855e-18
    outer loop
      vertex 5.977244466977373 27.072610635328832 0
      vertex 5.07441524708714 28.249200582032216 6.4
      vertex 5.07441524708714 28.249200582032216 0
    endloop
  endfacet
  facet normal -0.46174861323503336 -0.8870108331782219 0
    outer loop
      vertex 11.81548955040811 22.592767620376954 0
      vertex 11.81548955040811 22.592767620376954 6.4
      vertex 10.5 23.277568135664545 0
    endloop
  endfacet
  facet normal -0.38268343236509206 -0.9238795325112859 -3.222816307286701e-19
    outer loop
      vertex 11.81548955040811 22.592767620376954 0
      vertex 13.185657563463632 22.025225446639556 0
      vertex 13.185657563463632 22.025225446639556 6.4
    endloop
  endfacet
  facet normal -0.3007057995043403 -0.9537169507482058 7.955063809626181e-21
    outer loop
      vertex 13.185657563463632 22.025225446639556 0
      vertex 13.210251644740449 22.017470962599383 0
      vertex 13.210251644740449 22.017470962599383 6.4
    endloop
  endfacet
  facet normal -0.6755902076156587 -0.7372773368101254 0
    outer loop
      vertex 8.072610635328832 24.977244466977375 0
      vertex 8.072610635328832 24.977244466977375 6.4
      vertex 6.979184719828691 25.97918471982869 0
    endloop
  endfacet
  facet normal -0.608761429008722 -0.7933533402912342 -9.98470412592402e-18
    outer loop
      vertex 8.072610635328832 24.977244466977375 0
      vertex 9.249200582032216 24.07441524708714 0
      vertex 9.249200582032216 24.07441524708714 6.4
    endloop
  endfacet
  facet normal -0.5372996083468223 -0.8433914458128866 -4.7690750363026495e-18
    outer loop
      vertex 9.249200582032216 24.07441524708714 0
      vertex 10.5 23.277568135664545 0
      vertex 10.5 23.277568135664545 6.4
    endloop
  endfacet
  facet normal -0.9238795325112865 -0.38268343236509017 -3.113886012665588e-18
    outer loop
      vertex 3.592767620376952 30.81548955040811 0
      vertex 3.0252254466395563 32.185657563463636 6.4
      vertex 3.0252254466395563 32.185657563463636 0
    endloop
  endfacet
  facet normal -0.8433914458128855 -0.537299608346824 -5.0682985102656975e-18
    outer loop
      vertex 5.07441524708714 28.249200582032216 0
      vertex 4.277568135664543 29.5 6.4
      vertex 4.277568135664543 29.5 0
    endloop
  endfacet
  facet normal -0.8870108331782219 -0.46174861323503336 0
    outer loop
      vertex 3.592767620376952 30.81548955040811 0
      vertex 4.277568135664543 29.5 0
      vertex 3.592767620376952 30.81548955040811 6.4
    endloop
  endfacet
  facet normal -0.9537169507482269 -0.30070579950427284 3.0601779083614935e-19
    outer loop
      vertex 3.0252254466395563 32.185657563463636 0
      vertex 2.5792609530858392 33.60007623325715 6.4
      vertex 2.5792609530858392 33.60007623325715 0
    endloop
  endfacet
  facet normal -0.9762960071199335 -0.21643961393810207 2.9226906831027084e-18
    outer loop
      vertex 2.5792609530858392 33.60007623325715 0
      vertex 2.2582681987924644 35.047980979662185 6.4
      vertex 2.2582681987924644 35.047980979662185 0
    endloop
  endfacet
  facet normal -0.9914448613738103 -0.1305261922200529 -1.593397705112725e-18
    outer loop
      vertex 2.2582681987924644 35.047980979662185 0
      vertex 2.064690132440326 36.51835237328981 6.4
      vertex 2.064690132440326 36.51835237328981 0
    endloop
  endfacet
  facet normal -0.13052619222005285 -0.9914448613738103 0
    outer loop
      vertex 17.51835237328981 21.064690132440326 0
      vertex 17.51835237328981 21.064690132440326 6.4
      vertex 16.510884886842156 21.197325743269257 0
    endloop
  endfacet
  facet normal -0.30070579950427156 -0.9537169507482275 0
    outer loop
      vertex 14.600076233257148 21.57926095308584 0
      vertex 14.600076233257148 21.57926095308584 6.4
      vertex 14.03373544106475 21.757827518956866 0
    endloop
  endfacet
  facet normal -0.21643961393810218 -0.9762960071199335 1.162055910129884e-19
    outer loop
      vertex 14.600076233257148 21.57926095308584 0
      vertex 15.416099304209476 21.398352993662208 0
      vertex 15.416099304209476 21.398352993662208 6.4
    endloop
  endfacet
  facet normal -0.04361938736533595 -0.9990482215818578 -3.0737518860842437e-19
    outer loop
      vertex 17.51835237328981 21.064690132440326 0
      vertex 18.123656676169528 21.038261975830018 0
      vertex 18.123656676169528 21.038261975830018 6.4
    endloop
  endfacet
  facet normal -0.04361938736533903 -0.9990482215818576 0
    outer loop
      vertex 19 21 0
      vertex 19 21 6.4
      vertex 18.83792515068117 21.007076340743016 0
    endloop
  endfacet
  facet normal 0.043619387365336014 -0.9990482215818576 -5.155499042107418e-19
    outer loop
      vertex 19 21 0
      vertex 20.48164762671019 21.064690132440326 0
      vertex 20.48164762671019 21.064690132440326 6.4
    endloop
  endfacet
  facet normal 0.13052619222005807 -0.9914448613738095 4.663945125602938e-20
    outer loop
      vertex 20.48164762671019 21.064690132440326 0
      vertex 20.58378224232359 21.07813640967596 0
      vertex 20.58378224232359 21.07813640967596 6.4
    endloop
  endfacet
  facet normal 0.13052619222005757 -0.9914448613738096 0
    outer loop
      vertex 21.952019020337815 21.258268198792464 0
      vertex 21.952019020337815 21.258268198792464 6.4
      vertex 21.51245021224288 21.20039786734525 0
    endloop
  endfacet
  facet normal 0.21643961393810207 -0.9762960071199335 -2.9226906831027084e-18
    outer loop
      vertex 21.952019020337815 21.258268198792464 0
      vertex 23.39992376674285 21.57926095308584 0
      vertex 23.39992376674285 21.57926095308584 6.4
    endloop
  endfacet
  facet normal 0.3007057995042722 -0.9537169507482272 2.8622562141914087e-18
    outer loop
      vertex 23.39992376674285 21.57926095308584 0
      vertex 24.814342436536368 22.025225446639556 0
      vertex 24.814342436536368 22.025225446639556 6.4
    endloop
  endfacet
  facet normal 0.38268343236509206 -0.9238795325112859 3.222816307286701e-19
    outer loop
      vertex 24.814342436536368 22.025225446639556 0
      vertex 26.18451044959189 22.592767620376954 0
      vertex 26.18451044959189 22.592767620376954 6.4
    endloop
  endfacet
  facet normal 0.46174861323503336 -0.8870108331782219 -8.327851173115589e-19
    outer loop
      vertex 26.18451044959189 22.592767620376954 0
      vertex 27.5 23.277568135664545 0
      vertex 27.5 23.277568135664545 6.4
    endloop
  endfacet
  facet normal 0 0 -1
    outer loop
      vertex 2.5792609530858392 33.60007623325715 0
      vertex 2.2582681987924644 35.047980979662185 0
      vertex 2.5792609530858392 42.39992376674285 0
    endloop
  endfacet
  facet normal 0 0 -1
    outer loop
      vertex 2.2582681987924644 35.047980979662185 0
      vertex 2.064690132440326 36.51835237328981 0
      vertex 2.2582681987924644 40.952019020337815 0
    endloop
  endfacet
  facet normal 0 0 -1
    outer loop
      vertex 2.064690132440326 36.51835237328981 0
      vertex 2 38 0
      vertex 2.064690132440326 39.48164762671019 0
    endloop
  endfacet
  facet normal 0 0 -1
    outer loop
      vertex 2.064690132440326 36.51835237328981 0
      vertex 2.064690132440326 39.48164762671019 0
      vertex 2.2582681987924644 40.952019020337815 0
    endloop
  endfacet
  facet normal 0 0 -1
    outer loop
      vertex 2.2582681987924644 35.047980979662185 0
      vertex 2.2582681987924644 40.952019020337815 0
      vertex 2.5792609530858392 42.39992376674285 0
    endloop
  endfacet
  facet normal 0 0 -1
    outer loop
      vertex 2.5792609530858392 33.60007623325715 0
      vertex 2.5792609530858392 42.39992376674285 0
      vertex 3.0252254466395563 43.814342436536364 0
    endloop
  endfacet
  facet normal 0 0 -1
    outer loop
      vertex 3.0252254466395563 32.185657563463636 0
      vertex 3.0252254466395563 43.814342436536364 0
      vertex 3.592767620376952 45.18451044959189 0
    endloop
  endfacet
  facet normal 0 0 -1
    outer loop
      vertex 5.977244466977373 27.072610635328832 0
      vertex 6.979184719828691 50.020815280171306 0
      vertex 6.800000000000001 38 0
    endloop
  endfacet
  facet normal 0 0 -1
    outer loop
      vertex 3.592767620376952 30.81548955040811 0
      vertex 3.592767620376952 45.18451044959189 0
      vertex 4.277568135664543 46.5 0
    endloop
  endfacet
  facet normal 0 0 -1
    outer loop
      vertex 4.277568135664543 29.5 0
      vertex 4.277568135664543 46.5 0
      vertex 5.07441524708714 47.750799417967784 0
    endloop
  endfacet
  facet normal 0 0 -1
    outer loop
      vertex 5.07441524708714 28.249200582032216 0
      vertex 5.07441524708714 47.750799417967784 0
      vertex 5.977244466977373 48.92738936467117 0
    endloop
  endfacet
  facet normal 0 0 -1
    outer loop
      vertex 5.977244466977373 27.072610635328832 0
      vertex 5.977244466977373 48.92738936467117 0
      vertex 6.979184719828691 50.020815280171306 0
    endloop
  endfacet
  facet normal 0 0 -1
    outer loop
      vertex 6.979184719828691 50.020815280171306 0
      vertex 6.846424683280706 39.06330006152143 0
      vertex 6.800000000000001 38 0
    endloop
  endfacet
  facet normal 0 0 -1
    outer loop
      vertex 6.979184719828691 50.020815280171306 0
      vertex 6.985345413251062 40.11850776753655 0
      vertex 6.846424683280706 39.06330006152143 0
    endloop
  endfacet
  facet normal 0 0 -1
    outer loop
      vertex 6.979184719828691 50.020815280171306 0
      vertex 7.215704919273367 41.15759235025075 0
      vertex 6.985345413251062 40.11850776753655 0
    endloop
  endfacet
  facet normal 0 0 -1
    outer loop
      vertex 6.979184719828691 50.020815280171306 0
      vertex 7.535750026411918 42.17264574857316 0
      vertex 7.215704919273367 41.15759235025075 0
    endloop
  endfacet
  facet normal 0 0 -1
    outer loop
      vertex 8.072610635328832 51.022755533022625 0
      vertex 7.943044998152871 43.155942793236534 0
      vertex 7.535750026411918 42.17264574857316 0
    endloop
  endfacet
  facet normal 0 0 -1
    outer loop
      vertex 8.072610635328832 51.022755533022625 0
      vertex 8.43449007382985 44.1 0
      vertex 7.943044998152871 43.155942793236534 0
    endloop
  endfacet
  facet normal 0 0 -1
    outer loop
      vertex 6.979184719828691 50.020815280171306 0
      vertex 8.072610635328832 51.022755533022625 0
      vertex 7.535750026411918 42.17264574857316 0
    endloop
  endfacet
  facet normal 0 0 -1
    outer loop
      vertex 9.249200582032216 51.92558475291286 0
      vertex 9.0063450596743 44.997632523482764 0
      vertex 8.43449007382985 44.1 0
    endloop
  endfacet
  facet normal 0 0 -1
    outer loop
      vertex 9.249200582032216 51.92558475291286 0
      vertex 9.654257793948469 45.84200883817578 0
      vertex 9.0063450596743 44.997632523482764 0
    endloop
  endfacet
  facet normal 0 0 -1
    outer loop
      vertex 8.072610635328832 51.022755533022625 0
      vertex 9.249200582032216 51.92558475291286 0
      vertex 8.43449007382985 44.1 0
    endloop
  endfacet
  facet normal 0 0 -1
    outer loop
      vertex 10.5 52.722431864335455 0
      vertex 10.37329726952412 46.626702730475884 0
      vertex 9.654257793948469 45.84200883817578 0
    endloop
  endfacet
  facet normal 0 0 -1
    outer loop
      vertex 9.249200582032216 51.92558475291286 0
      vertex 10.5 52.722431864335455 0
      vertex 9.654257793948469 45.84200883817578 0
    endloop
  endfacet
  facet normal 0 0 -1
    outer loop
      vertex 10.5 52.722431864335455 0
      vertex 11.15799116182422 47.34574220605153 0
      vertex 10.37329726952412 46.626702730475884 0
    endloop
  endfacet
  facet normal 0 0 -1
    outer loop
      vertex 11.81548955040811 53.407232379623046 0
      vertex 12.00236747651724 47.9936549403257 0
      vertex 11.15799116182422 47.34574220605153 0
    endloop
  endfacet
  facet normal 0 0 -1
    outer loop
      vertex 11.81548955040811 53.407232379623046 0
      vertex 12.9 48.56550992617015 0
      vertex 12.00236747651724 47.9936549403257 0
    endloop
  endfacet
  facet normal 0 0 -1
    outer loop
      vertex 10.5 52.722431864335455 0
      vertex 11.81548955040811 53.407232379623046 0
      vertex 11.15799116182422 47.34574220605153 0
    endloop
  endfacet
  facet normal 0 0 -1
    outer loop
      vertex 13.185657563463632 53.97477455336045 0
      vertex 13.844057206763466 49.05695500184713 0
      vertex 12.9 48.56550992617015 0
    endloop
  endfacet
  facet normal 0 0 -1
    outer loop
      vertex 11.81548955040811 53.407232379623046 0
      vertex 13.185657563463632 53.97477455336045 0
      vertex 12.9 48.56550992617015 0
    endloop
  endfacet
  facet normal 0 0 -1
    outer loop
      vertex 14.600076233257148 54.420739046914164 0
      vertex 14.827354251426842 49.46424997358808 0
      vertex 13.844057206763466 49.05695500184713 0
    endloop
  endfacet
  facet normal 0 0 -1
    outer loop
      vertex 13.185657563463632 53.97477455336045 0
      vertex 14.600076233257148 54.420739046914164 0
      vertex 13.844057206763466 49.05695500184713 0
    endloop
  endfacet
  facet normal 0 0 -1
    outer loop
      vertex 16.047980979662185 54.741731801207536 0
      vertex 15.842407649749248 49.784295080726636 0
      vertex 14.827354251426842 49.46424997358808 0
    endloop
  endfacet
  facet normal 0 0 -1
    outer loop
      vertex 16.047980979662185 54.741731801207536 0
      vertex 16.88149223246345 50.01465458674894 0
      vertex 15.842407649749248 49.784295080726636 0
    endloop
  endfacet
  facet normal 0 0 -1
    outer loop
      vertex 14.600076233257148 54.420739046914164 0
      vertex 16.047980979662185 54.741731801207536 0
      vertex 14.827354251426842 49.46424997358808 0
    endloop
  endfacet
  facet normal 0 0 -1
    outer loop
      vertex 16.047980979662185 54.741731801207536 0
      vertex 17.51835237328981 54.935309867559674 0
      vertex 16.88149223246345 50.01465458674894 0
    endloop
  endfacet
  facet normal 0 0 -1
    outer loop
      vertex 17.51835237328981 54.935309867559674 0
      vertex 17.93669993847857 50.1535753167193 0
      vertex 16.88149223246345 50.01465458674894 0
    endloop
  endfacet
  facet normal 0 0 -1
    outer loop
      vertex 18 54.95633905709148 0
      vertex 18 50.156339057091486 0
      vertex 17.93669993847857 50.1535753167193 0
    endloop
  endfacet
  facet normal 0 0 -1
    outer loop
      vertex 20.48164762671019 54.935309867559674 0
      vertex 20.06330006152143 50.1535753167193 0
      vertex 20 50.156339057091486 0
    endloop
  endfacet
  facet normal 0 0 -1
    outer loop
      vertex 17.51835237328981 54.935309867559674 0
      vertex 18 54.95633905709148 0
      vertex 17.93669993847857 50.1535753167193 0
    endloop
  endfacet
  facet normal 0 0 -1
    outer loop
      vertex 20.48164762671019 54.935309867559674 0
      vertex 20 50.156339057091486 0
      vertex 20 54.95633905709148 0
    endloop
  endfacet
  facet normal 0 0 -1
    outer loop
      vertex 26.18451044959189 53.407232379623046 0
      vertex 25.1 48.56550992617015 0
      vertex 24.155942793236534 49.05695500184713 0
    endloop
  endfacet
  facet normal 0 0 -1
    outer loop
      vertex 26.18451044959189 53.407232379623046 0
      vertex 25.99763252348276 47.9936549403257 0
      vertex 25.1 48.56550992617015 0
    endloop
  endfacet
  facet normal 0 0 -1
    outer loop
      vertex 27.5 52.722431864335455 0
      vertex 26.84200883817578 47.34574220605153 0
      vertex 25.99763252348276 47.9936549403257 0
    endloop
  endfacet
  facet normal 0 0 -1
    outer loop
      vertex 23.39992376674285 54.420739046914164 0
      vertex 22.157592350250752 49.784295080726636 0
      vertex 21.11850776753655 50.01465458674894 0
    endloop
  endfacet
  facet normal 0 0 -1
    outer loop
      vertex 21.952019020337815 54.741731801207536 0
      vertex 21.11850776753655 50.01465458674894 0
      vertex 20.06330006152143 50.1535753167193 0
    endloop
  endfacet
  facet normal 0 0 -1
    outer loop
      vertex 23.39992376674285 54.420739046914164 0
      vertex 23.17264574857316 49.46424997358808 0
      vertex 22.157592350250752 49.784295080726636 0
    endloop
  endfacet
  facet normal 0 0 -1
    outer loop
      vertex 24.814342436536368 53.97477455336045 0
      vertex 24.155942793236534 49.05695500184713 0
      vertex 23.17264574857316 49.46424997358808 0
    endloop
  endfacet
  facet normal 0 0 -1
    outer loop
      vertex 23.39992376674285 54.420739046914164 0
      vertex 24.814342436536368 53.97477455336045 0
      vertex 23.17264574857316 49.46424997358808 0
    endloop
  endfacet
  facet normal 0 0 -1
    outer loop
      vertex 20.48164762671019 54.935309867559674 0
      vertex 21.952019020337815 54.741731801207536 0
      vertex 20.06330006152143 50.1535753167193 0
    endloop
  endfacet
  facet normal 0 0 -1
    outer loop
      vertex 21.952019020337815 54.741731801207536 0
      vertex 23.39992376674285 54.420739046914164 0
      vertex 21.11850776753655 50.01465458674894 0
    endloop
  endfacet
  facet normal 0 0 -1
    outer loop
      vertex 24.814342436536368 53.97477455336045 0
      vertex 26.18451044959189 53.407232379623046 0
      vertex 24.155942793236534 49.05695500184713 0
    endloop
  endfacet
  facet normal 0 0 -1
    outer loop
      vertex 26.18451044959189 53.407232379623046 0
      vertex 27.5 52.722431864335455 0
      vertex 25.99763252348276 47.9936549403257 0
    endloop
  endfacet
  facet normal -0.9990482215818578 -0.04361938736533592 -3.0422030817310134e-19
    outer loop
      vertex 2.064690132440326 36.51835237328981 0
      vertex 2 38 6.4
      vertex 2 38 0
    endloop
  endfacet
  facet normal -0.9990482215818578 0.04361938736533592 3.0422030817310134e-19
    outer loop
      vertex 2 38 0
      vertex 2.064690132440326 39.48164762671019 6.4
      vertex 2.064690132440326 39.48164762671019 0
    endloop
  endfacet
  facet normal -0.9914448613738103 0.1305261922200529 1.593397705112725e-18
    outer loop
      vertex 2.064690132440326 39.48164762671019 0
      vertex 2.2582681987924644 40.952019020337815 6.4
      vertex 2.2582681987924644 40.952019020337815 0
    endloop
  endfacet
  facet normal -0.9762960071199335 0.21643961393810207 -2.9226906831027084e-18
    outer loop
      vertex 2.2582681987924644 40.952019020337815 0
      vertex 2.5792609530858392 42.39992376674285 6.4
      vertex 2.5792609530858392 42.39992376674285 0
    endloop
  endfacet
  facet normal -0.9537169507482269 0.30070579950427284 -3.0601779083614935e-19
    outer loop
      vertex 2.5792609530858392 42.39992376674285 0
      vertex 3.0252254466395563 43.814342436536364 6.4
      vertex 3.0252254466395563 43.814342436536364 0
    endloop
  endfacet
  facet normal -0.9238795325112865 0.38268343236509017 3.113886012665588e-18
    outer loop
      vertex 3.0252254466395563 43.814342436536364 0
      vertex 3.592767620376952 45.18451044959189 6.4
      vertex 3.592767620376952 45.18451044959189 0
    endloop
  endfacet
  facet normal -0.8870108331782219 0.46174861323503336 -8.327851173115589e-19
    outer loop
      vertex 3.592767620376952 45.18451044959189 0
      vertex 4.277568135664543 46.5 6.4
      vertex 4.277568135664543 46.5 0
    endloop
  endfacet
  facet normal -0.8433914458128855 0.537299608346824 5.0682985102656975e-18
    outer loop
      vertex 4.277568135664543 46.5 0
      vertex 5.07441524708714 47.750799417967784 6.4
      vertex 5.07441524708714 47.750799417967784 0
    endloop
  endfacet
  facet normal -0.7933533402912362 0.6087614290087193 1.0910245897620303e-18
    outer loop
      vertex 5.07441524708714 47.750799417967784 0
      vertex 5.977244466977373 48.92738936467117 6.4
      vertex 5.977244466977373 48.92738936467117 0
    endloop
  endfacet
  facet normal -0.7372773368101226 0.6755902076156616 5.044855891214646e-18
    outer loop
      vertex 5.977244466977373 48.92738936467117 0
      vertex 6.979184719828691 50.020815280171306 6.4
      vertex 6.979184719828691 50.020815280171306 0
    endloop
  endfacet
  facet normal -0.67559020761566 0.7372773368101243 0
    outer loop
      vertex 6.979184719828691 50.020815280171306 0
      vertex 6.979184719828691 50.020815280171306 6.4
      vertex 8.072610635328832 51.022755533022625 0
    endloop
  endfacet
  facet normal -0.608761429008722 0.7933533402912342 0
    outer loop
      vertex 8.072610635328832 51.022755533022625 0
      vertex 8.072610635328832 51.022755533022625 6.4
      vertex 9.249200582032216 51.92558475291286 0
    endloop
  endfacet
  facet normal -0.5372996083468223 0.8433914458128866 0
    outer loop
      vertex 9.249200582032216 51.92558475291286 0
      vertex 9.249200582032216 51.92558475291286 6.4
      vertex 10.5 52.722431864335455 0
    endloop
  endfacet
  facet normal -0.46174861323503336 0.8870108331782219 0
    outer loop
      vertex 10.5 52.722431864335455 0
      vertex 10.5 52.722431864335455 6.4
      vertex 11.81548955040811 53.407232379623046 0
    endloop
  endfacet
  facet normal -0.3826834323650941 0.923879532511285 0
    outer loop
      vertex 11.81548955040811 53.407232379623046 0
      vertex 11.81548955040811 53.407232379623046 6.4
      vertex 13.185657563463632 53.97477455336045 0
    endloop
  endfacet
  facet normal -0.3007057995042722 0.9537169507482272 0
    outer loop
      vertex 13.185657563463632 53.97477455336045 0
      vertex 13.185657563463632 53.97477455336045 6.4
      vertex 14.600076233257148 54.420739046914164 0
    endloop
  endfacet
  facet normal -0.21643961393809977 0.976296007119934 0
    outer loop
      vertex 14.600076233257148 54.420739046914164 0
      vertex 14.600076233257148 54.420739046914164 6.4
      vertex 16.047980979662185 54.741731801207536 0
    endloop
  endfacet
  facet normal -0.13052619222005257 0.9914448613738103 0
    outer loop
      vertex 16.047980979662185 54.741731801207536 0
      vertex 16.047980979662185 54.741731801207536 6.4
      vertex 17.51835237328981 54.935309867559674 0
    endloop
  endfacet
  facet normal -0.043619387365326605 0.9990482215818582 0
    outer loop
      vertex 17.51835237328981 54.935309867559674 0
      vertex 17.51835237328981 54.935309867559674 6.4
      vertex 18 54.95633905709148 0
    endloop
  endfacet
  facet normal 0.043619387365326605 0.9990482215818582 -1.402481326674189e-19
    outer loop
      vertex 20.48164762671019 54.935309867559674 0
      vertex 20 54.95633905709148 0
      vertex 20 54.95633905709148 6.4
    endloop
  endfacet
  facet normal 0.13052619222005257 0.9914448613738103 0
    outer loop
      vertex 20.48164762671019 54.935309867559674 0
      vertex 20.48164762671019 54.935309867559674 6.4
      vertex 21.952019020337815 54.741731801207536 0
    endloop
  endfacet
  facet normal 0.21643961393809977 0.976296007119934 0
    outer loop
      vertex 21.952019020337815 54.741731801207536 0
      vertex 21.952019020337815 54.741731801207536 6.4
      vertex 23.39992376674285 54.420739046914164 0
    endloop
  endfacet
  facet normal 0.3007057995042722 0.9537169507482272 0
    outer loop
      vertex 23.39992376674285 54.420739046914164 0
      vertex 23.39992376674285 54.420739046914164 6.4
      vertex 24.814342436536368 53.97477455336045 0
    endloop
  endfacet
  facet normal 0.3826834323650941 0.923879532511285 0
    outer loop
      vertex 24.814342436536368 53.97477455336045 0
      vertex 24.814342436536368 53.97477455336045 6.4
      vertex 26.18451044959189 53.407232379623046 0
    endloop
  endfacet
  facet normal 0.46174861323503336 0.8870108331782219 0
    outer loop
      vertex 26.18451044959189 53.407232379623046 0
      vertex 26.18451044959189 53.407232379623046 6.4
      vertex 27.5 52.722431864335455 0
    endloop
  endfacet
  facet normal 0 0 -1
    outer loop
      vertex 27.5 23.277568135664545 0
      vertex 28.345742206051533 30.15799116182422 0
      vertex 28.750799417967784 24.07441524708714 0
    endloop
  endfacet
  facet normal 0 0 -1
    outer loop
      vertex 27.5 23.277568135664545 0
      vertex 27.62670273047588 29.37329726952412 0
      vertex 28.345742206051533 30.15799116182422 0
    endloop
  endfacet
  facet normal 0 0 -1
    outer loop
      vertex 28.750799417967784 24.07441524708714 0
      vertex 29.56550992617015 31.9 0
      vertex 29.927389364671168 24.977244466977375 0
    endloop
  endfacet
  facet normal 0 0 -1
    outer loop
      vertex 28.750799417967784 24.07441524708714 0
      vertex 28.345742206051533 30.15799116182422 0
      vertex 28.993654940325698 31.00236747651724 0
    endloop
  endfacet
  facet normal 0 0 -1
    outer loop
      vertex 28.750799417967784 24.07441524708714 0
      vertex 28.993654940325698 31.00236747651724 0
      vertex 29.56550992617015 31.9 0
    endloop
  endfacet
  facet normal 0 0 -1
    outer loop
      vertex 29.927389364671168 24.977244466977375 0
      vertex 30.464249973588082 33.82735425142684 0
      vertex 31.02081528017131 25.97918471982869 0
    endloop
  endfacet
  facet normal 0 0 -1
    outer loop
      vertex 29.927389364671168 24.977244466977375 0
      vertex 29.56550992617015 31.9 0
      vertex 30.05695500184713 32.844057206763466 0
    endloop
  endfacet
  facet normal 0 0 -1
    outer loop
      vertex 29.927389364671168 24.977244466977375 0
      vertex 30.05695500184713 32.844057206763466 0
      vertex 30.464249973588082 33.82735425142684 0
    endloop
  endfacet
  facet normal 0 0 -1
    outer loop
      vertex 31.02081528017131 25.97918471982869 0
      vertex 30.464249973588082 33.82735425142684 0
      vertex 30.784295080726633 34.84240764974925 0
    endloop
  endfacet
  facet normal 0 0 -1
    outer loop
      vertex 31.02081528017131 25.97918471982869 0
      vertex 30.784295080726633 34.84240764974925 0
      vertex 31.01465458674894 35.88149223246345 0
    endloop
  endfacet
  facet normal 0 0 -1
    outer loop
      vertex 31.02081528017131 25.97918471982869 0
      vertex 31.01465458674894 35.88149223246345 0
      vertex 31.153575316719294 36.93669993847857 0
    endloop
  endfacet
  facet normal 0 0 -1
    outer loop
      vertex 31.02081528017131 25.97918471982869 0
      vertex 31.153575316719294 36.93669993847857 0
      vertex 31.2 38 0
    endloop
  endfacet
  facet normal 0 0 -1
    outer loop
      vertex 31.02081528017131 25.97918471982869 0
      vertex 32.022755533022625 48.92738936467117 0
      vertex 32.022755533022625 27.072610635328832 0
    endloop
  endfacet
  facet normal 0 0 -1
    outer loop
      vertex 32.022755533022625 27.072610635328832 0
      vertex 32.92558475291286 47.750799417967784 0
      vertex 32.92558475291286 28.249200582032216 0
    endloop
  endfacet
  facet normal 0 0 -1
    outer loop
      vertex 32.92558475291286 28.249200582032216 0
      vertex 33.722431864335455 46.5 0
      vertex 33.722431864335455 29.5 0
    endloop
  endfacet
  facet normal 0 0 -1
    outer loop
      vertex 33.722431864335455 29.5 0
      vertex 34.407232379623046 45.18451044959189 0
      vertex 34.407232379623046 30.81548955040811 0
    endloop
  endfacet
  facet normal 0 0 -1
    outer loop
      vertex 34.407232379623046 30.81548955040811 0
      vertex 34.97477455336045 43.814342436536364 0
      vertex 34.97477455336045 32.185657563463636 0
    endloop
  endfacet
  facet normal 0 0 -1
    outer loop
      vertex 34.97477455336045 32.185657563463636 0
      vertex 35.420739046914164 42.39992376674285 0
      vertex 35.420739046914164 33.60007623325715 0
    endloop
  endfacet
  facet normal 0 0 -1
    outer loop
      vertex 35.420739046914164 33.60007623325715 0
      vertex 35.741731801207536 40.952019020337815 0
      vertex 35.741731801207536 35.047980979662185 0
    endloop
  endfacet
  facet normal 0.5372996083468223 -0.8433914458128866 4.7690750363026495e-18
    outer loop
      vertex 27.5 23.277568135664545 0
      vertex 28.750799417967784 24.07441524708714 0
      vertex 28.750799417967784 24.07441524708714 6.4
    endloop
  endfacet
  facet normal 0.608761429008722 -0.7933533402912342 9.98470412592402e-18
    outer loop
      vertex 28.750799417967784 24.07441524708714 0
      vertex 29.927389364671168 24.977244466977375 0
      vertex 29.927389364671168 24.977244466977375 6.4
    endloop
  endfacet
  facet normal 0.6755902076156587 -0.7372773368101254 -1.0987402097083396e-17
    outer loop
      vertex 29.927389364671168 24.977244466977375 0
      vertex 31.02081528017131 25.97918471982869 0
      vertex 31.02081528017131 25.97918471982869 6.4
    endloop
  endfacet
  facet normal 0.7372773368101254 -0.6755902076156587 0
    outer loop
      vertex 31.02081528017131 25.97918471982869 0
      vertex 32.022755533022625 27.072610635328832 0
      vertex 31.02081528017131 25.97918471982869 6.4
    endloop
  endfacet
  facet normal 0.7933533402912342 -0.608761429008722 0
    outer loop
      vertex 32.022755533022625 27.072610635328832 0
      vertex 32.92558475291286 28.249200582032216 0
      vertex 32.022755533022625 27.072610635328832 6.4
    endloop
  endfacet
  facet normal 0.8433914458128866 -0.5372996083468223 0
    outer loop
      vertex 32.92558475291286 28.249200582032216 0
      vertex 33.722431864335455 29.5 0
      vertex 32.92558475291286 28.249200582032216 6.4
    endloop
  endfacet
  facet normal 0.8870108331782219 -0.46174861323503336 0
    outer loop
      vertex 33.722431864335455 29.5 0
      vertex 34.407232379623046 30.81548955040811 0
      vertex 33.722431864335455 29.5 6.4
    endloop
  endfacet
  facet normal 0.9238795325112853 -0.3826834323650932 0
    outer loop
      vertex 34.407232379623046 30.81548955040811 0
      vertex 34.97477455336045 32.185657563463636 0
      vertex 34.407232379623046 30.81548955040811 6.4
    endloop
  endfacet
  facet normal 0.9537169507482269 -0.30070579950427284 0
    outer loop
      vertex 34.97477455336045 32.185657563463636 0
      vertex 35.420739046914164 33.60007623325715 0
      vertex 34.97477455336045 32.185657563463636 6.4
    endloop
  endfacet
  facet normal 0.976296007119934 -0.21643961393809977 0
    outer loop
      vertex 35.420739046914164 33.60007623325715 0
      vertex 35.741731801207536 35.047980979662185 0
      vertex 35.420739046914164 33.60007623325715 6.4
    endloop
  endfacet
  facet normal 0.9914448613738103 -0.1305261922200529 0
    outer loop
      vertex 35.741731801207536 35.047980979662185 0
      vertex 35.935309867559674 36.51835237328981 0
      vertex 35.741731801207536 35.047980979662185 6.4
    endloop
  endfacet
  facet normal 0 0 -1
    outer loop
      vertex 31.02081528017131 25.97918471982869 0
      vertex 31.2 38 0
      vertex 32.022755533022625 48.92738936467117 0
    endloop
  endfacet
  facet normal 0 0 -1
    outer loop
      vertex 32.022755533022625 27.072610635328832 0
      vertex 32.022755533022625 48.92738936467117 0
      vertex 32.92558475291286 47.750799417967784 0
    endloop
  endfacet
  facet normal 0 0 -1
    outer loop
      vertex 32.92558475291286 28.249200582032216 0
      vertex 32.92558475291286 47.750799417967784 0
      vertex 33.722431864335455 46.5 0
    endloop
  endfacet
  facet normal 0 0 -1
    outer loop
      vertex 33.722431864335455 29.5 0
      vertex 33.722431864335455 46.5 0
      vertex 34.407232379623046 45.18451044959189 0
    endloop
  endfacet
  facet normal 0 0 -1
    outer loop
      vertex 31.02081528017131 50.020815280171306 0
      vertex 30.784295080726633 41.15759235025075 0
      vertex 30.464249973588082 42.17264574857316 0
    endloop
  endfacet
  facet normal 0 0 -1
    outer loop
      vertex 31.02081528017131 50.020815280171306 0
      vertex 30.464249973588082 42.17264574857316 0
      vertex 30.05695500184713 43.155942793236534 0
    endloop
  endfacet
  facet normal 0 0 -1
    outer loop
      vertex 31.02081528017131 50.020815280171306 0
      vertex 30.05695500184713 43.155942793236534 0
      vertex 29.56550992617015 44.1 0
    endloop
  endfacet
  facet normal 0 0 -1
    outer loop
      vertex 32.022755533022625 48.92738936467117 0
      vertex 31.2 38 0
      vertex 31.153575316719294 39.06330006152143 0
    endloop
  endfacet
  facet normal 0 0 -1
    outer loop
      vertex 32.022755533022625 48.92738936467117 0
      vertex 31.153575316719294 39.06330006152143 0
      vertex 31.01465458674894 40.11850776753655 0
    endloop
  endfacet
  facet normal 0 0 -1
    outer loop
      vertex 31.02081528017131 50.020815280171306 0
      vertex 31.01465458674894 40.11850776753655 0
      vertex 30.784295080726633 41.15759235025075 0
    endloop
  endfacet
  facet normal 0 0 -1
    outer loop
      vertex 35.741731801207536 35.047980979662185 0
      vertex 35.935309867559674 39.48164762671019 0
      vertex 35.935309867559674 36.51835237328981 0
    endloop
  endfacet
  facet normal 0 0 -1
    outer loop
      vertex 35.935309867559674 36.51835237328981 0
      vertex 35.935309867559674 39.48164762671019 0
      vertex 36 38 0
    endloop
  endfacet
  facet normal 0 0 -1
    outer loop
      vertex 35.741731801207536 35.047980979662185 0
      vertex 35.741731801207536 40.952019020337815 0
      vertex 35.935309867559674 39.48164762671019 0
    endloop
  endfacet
  facet normal 0 0 -1
    outer loop
      vertex 35.420739046914164 33.60007623325715 0
      vertex 35.420739046914164 42.39992376674285 0
      vertex 35.741731801207536 40.952019020337815 0
    endloop
  endfacet
  facet normal 0 0 -1
    outer loop
      vertex 34.97477455336045 32.185657563463636 0
      vertex 34.97477455336045 43.814342436536364 0
      vertex 35.420739046914164 42.39992376674285 0
    endloop
  endfacet
  facet normal 0 0 -1
    outer loop
      vertex 34.407232379623046 30.81548955040811 0
      vertex 34.407232379623046 45.18451044959189 0
      vertex 34.97477455336045 43.814342436536364 0
    endloop
  endfacet
  facet normal 0 0 -1
    outer loop
      vertex 28.750799417967784 51.92558475291286 0
      vertex 28.345742206051533 45.84200883817578 0
      vertex 27.62670273047588 46.626702730475884 0
    endloop
  endfacet
  facet normal 0 0 -1
    outer loop
      vertex 29.927389364671168 51.022755533022625 0
      vertex 28.993654940325698 44.997632523482764 0
      vertex 28.345742206051533 45.84200883817578 0
    endloop
  endfacet
  facet normal 0 0 -1
    outer loop
      vertex 29.927389364671168 51.022755533022625 0
      vertex 29.56550992617015 44.1 0
      vertex 28.993654940325698 44.997632523482764 0
    endloop
  endfacet
  facet normal 0 0 -1
    outer loop
      vertex 28.750799417967784 51.92558475291286 0
      vertex 27.62670273047588 46.626702730475884 0
      vertex 26.84200883817578 47.34574220605153 0
    endloop
  endfacet
  facet normal 0 0 -1
    outer loop
      vertex 28.750799417967784 51.92558475291286 0
      vertex 29.927389364671168 51.022755533022625 0
      vertex 28.345742206051533 45.84200883817578 0
    endloop
  endfacet
  facet normal 0 0 -1
    outer loop
      vertex 31.02081528017131 50.020815280171306 0
      vertex 29.56550992617015 44.1 0
      vertex 29.927389364671168 51.022755533022625 0
    endloop
  endfacet
  facet normal 0 0 -1
    outer loop
      vertex 31.02081528017131 50.020815280171306 0
      vertex 32.022755533022625 48.92738936467117 0
      vertex 31.01465458674894 40.11850776753655 0
    endloop
  endfacet
  facet normal 0 0 -1
    outer loop
      vertex 27.5 52.722431864335455 0
      vertex 28.750799417967784 51.92558475291286 0
      vertex 26.84200883817578 47.34574220605153 0
    endloop
  endfacet
  facet normal 0.8870108331782219 0.46174861323503336 0
    outer loop
      vertex 34.407232379623046 45.18451044959189 0
      vertex 33.722431864335455 46.5 0
      vertex 34.407232379623046 45.18451044959189 6.4
    endloop
  endfacet
  facet normal 0.9990482215818578 -0.04361938736533592 0
    outer loop
      vertex 35.935309867559674 36.51835237328981 0
      vertex 36 38 0
      vertex 35.935309867559674 36.51835237328981 6.4
    endloop
  endfacet
  facet normal 0.9990482215818578 0.04361938736533592 0
    outer loop
      vertex 36 38 0
      vertex 35.935309867559674 39.48164762671019 0
      vertex 36 38 6.4
    endloop
  endfacet
  facet normal 0.9914448613738103 0.1305261922200529 0
    outer loop
      vertex 35.935309867559674 39.48164762671019 0
      vertex 35.741731801207536 40.952019020337815 0
      vertex 35.935309867559674 39.48164762671019 6.4
    endloop
  endfacet
  facet normal 0.976296007119934 0.21643961393809977 0
    outer loop
      vertex 35.741731801207536 40.952019020337815 0
      vertex 35.420739046914164 42.39992376674285 0
      vertex 35.741731801207536 40.952019020337815 6.4
    endloop
  endfacet
  facet normal 0.9537169507482269 0.30070579950427284 0
    outer loop
      vertex 35.420739046914164 42.39992376674285 0
      vertex 34.97477455336045 43.814342436536364 0
      vertex 35.420739046914164 42.39992376674285 6.4
    endloop
  endfacet
  facet normal 0.9238795325112853 0.3826834323650932 0
    outer loop
      vertex 34.97477455336045 43.814342436536364 0
      vertex 34.407232379623046 45.18451044959189 0
      vertex 34.97477455336045 43.814342436536364 6.4
    endloop
  endfacet
  facet normal 0.7933533402912349 0.6087614290087209 0
    outer loop
      vertex 32.92558475291286 47.750799417967784 0
      vertex 32.022755533022625 48.92738936467117 0
      vertex 32.92558475291286 47.750799417967784 6.4
    endloop
  endfacet
  facet normal 0.8433914458128866 0.5372996083468223 0
    outer loop
      vertex 33.722431864335455 46.5 0
      vertex 32.92558475291286 47.750799417967784 0
      vertex 33.722431864335455 46.5 6.4
    endloop
  endfacet
  facet normal 0.7372773368101233 0.675590207615661 -1.0953972043210528e-17
    outer loop
      vertex 31.02081528017131 50.020815280171306 0
      vertex 32.022755533022625 48.92738936467117 6.4
      vertex 32.022755533022625 48.92738936467117 0
    endloop
  endfacet
  facet normal 0.5372996083468223 0.8433914458128866 0
    outer loop
      vertex 27.5 52.722431864335455 0
      vertex 27.5 52.722431864335455 6.4
      vertex 28.750799417967784 51.92558475291286 0
    endloop
  endfacet
  facet normal 0.608761429008722 0.7933533402912342 0
    outer loop
      vertex 28.750799417967784 51.92558475291286 0
      vertex 28.750799417967784 51.92558475291286 6.4
      vertex 29.927389364671168 51.022755533022625 0
    endloop
  endfacet
  facet normal 0.67559020761566 0.7372773368101243 -5.882194730635467e-19
    outer loop
      vertex 31.02081528017131 50.020815280171306 0
      vertex 29.927389364671168 51.022755533022625 0
      vertex 29.927389364671168 51.022755533022625 6.4
    endloop
  endfacet
  facet normal -0.7372773368101249 -0.6755902076156594 0
    outer loop
      vertex 6.979184719828691 25.97918471982869 0
      vertex 6.979184719828691 25.97918471982869 6.4
      vertex 5.977244466977373 27.072610635328832 6.4
    endloop
  endfacet
  facet normal -0.7933533402912353 -0.6087614290087204 0
    outer loop
      vertex 5.977244466977373 27.072610635328832 0
      vertex 5.977244466977373 27.072610635328832 6.4
      vertex 5.07441524708714 28.249200582032216 6.4
    endloop
  endfacet
  facet normal -0.46174861323503336 -0.8870108331782219 0
    outer loop
      vertex 10.5 23.277568135664545 0
      vertex 11.81548955040811 22.592767620376954 6.4
      vertex 10.5 23.277568135664545 6.4
    endloop
  endfacet
  facet normal -0.3007057995043403 -0.9537169507482058 0
    outer loop
      vertex 13.185657563463632 22.025225446639556 0
      vertex 13.210251644740449 22.017470962599383 6.4
      vertex 13.185657563463632 22.025225446639556 6.4
    endloop
  endfacet
  facet normal -0.38268343236509206 -0.9238795325112859 0
    outer loop
      vertex 11.81548955040811 22.592767620376954 0
      vertex 13.185657563463632 22.025225446639556 6.4
      vertex 11.81548955040811 22.592767620376954 6.4
    endloop
  endfacet
  facet normal -0.6755902076156587 -0.7372773368101254 0
    outer loop
      vertex 6.979184719828691 25.97918471982869 0
      vertex 8.072610635328832 24.977244466977375 6.4
      vertex 6.979184719828691 25.97918471982869 6.4
    endloop
  endfacet
  facet normal -0.608761429008722 -0.7933533402912342 0
    outer loop
      vertex 8.072610635328832 24.977244466977375 0
      vertex 9.249200582032216 24.07441524708714 6.4
      vertex 8.072610635328832 24.977244466977375 6.4
    endloop
  endfacet
  facet normal -0.5372996083468223 -0.8433914458128866 0
    outer loop
      vertex 9.249200582032216 24.07441524708714 0
      vertex 10.5 23.277568135664545 6.4
      vertex 9.249200582032216 24.07441524708714 6.4
    endloop
  endfacet
  facet normal -0.9238795325112865 -0.38268343236509017 0
    outer loop
      vertex 3.592767620376952 30.81548955040811 0
      vertex 3.592767620376952 30.81548955040811 6.4
      vertex 3.0252254466395563 32.185657563463636 6.4
    endloop
  endfacet
  facet normal -0.8433914458128855 -0.537299608346824 0
    outer loop
      vertex 5.07441524708714 28.249200582032216 0
      vertex 5.07441524708714 28.249200582032216 6.4
      vertex 4.277568135664543 29.5 6.4
    endloop
  endfacet
  facet normal -0.8870108331782219 -0.46174861323503336 0
    outer loop
      vertex 4.277568135664543 29.5 0
      vertex 4.277568135664543 29.5 6.4
      vertex 3.592767620376952 30.81548955040811 6.4
    endloop
  endfacet
  facet normal -0.9537169507482269 -0.30070579950427284 0
    outer loop
      vertex 3.0252254466395563 32.185657563463636 0
      vertex 3.0252254466395563 32.185657563463636 6.4
      vertex 2.5792609530858392 33.60007623325715 6.4
    endloop
  endfacet
  facet normal -0.9762960071199335 -0.21643961393810207 0
    outer loop
      vertex 2.5792609530858392 33.60007623325715 0
      vertex 2.5792609530858392 33.60007623325715 6.4
      vertex 2.2582681987924644 35.047980979662185 6.4
    endloop
  endfacet
  facet normal -0.9914448613738103 -0.1305261922200529 0
    outer loop
      vertex 2.2582681987924644 35.047980979662185 0
      vertex 2.2582681987924644 35.047980979662185 6.4
      vertex 2.064690132440326 36.51835237328981 6.4
    endloop
  endfacet
  facet normal -0.13052619222005285 -0.9914448613738103 -2.4728727299082794e-19
    outer loop
      vertex 17.51835237328981 21.064690132440326 6.4
      vertex 16.510884886842156 21.197325743269257 6.4
      vertex 16.510884886842156 21.197325743269257 0
    endloop
  endfacet
  facet normal -0.30070579950427156 -0.9537169507482275 -2.4204493511704506e-19
    outer loop
      vertex 14.600076233257148 21.57926095308584 6.4
      vertex 14.03373544106475 21.757827518956866 6.4
      vertex 14.03373544106475 21.757827518956866 0
    endloop
  endfacet
  facet normal -0.21643961393810218 -0.9762960071199335 0
    outer loop
      vertex 14.600076233257148 21.57926095308584 0
      vertex 15.416099304209476 21.398352993662208 6.4
      vertex 14.600076233257148 21.57926095308584 6.4
    endloop
  endfacet
  facet normal -0.04361938736533595 -0.9990482215818578 0
    outer loop
      vertex 17.51835237328981 21.064690132440326 0
      vertex 18.123656676169528 21.038261975830018 6.4
      vertex 17.51835237328981 21.064690132440326 6.4
    endloop
  endfacet
  facet normal -0.04361938736533903 -0.9990482215818576 9.201893492267176e-20
    outer loop
      vertex 19 21 6.4
      vertex 18.83792515068117 21.007076340743016 6.4
      vertex 18.83792515068117 21.007076340743016 0
    endloop
  endfacet
  facet normal 0.043619387365336014 -0.9990482215818576 0
    outer loop
      vertex 19 21 0
      vertex 20.48164762671019 21.064690132440326 6.4
      vertex 19 21 6.4
    endloop
  endfacet
  facet normal 0.13052619222005807 -0.9914448613738095 0
    outer loop
      vertex 20.48164762671019 21.064690132440326 0
      vertex 20.58378224232359 21.07813640967596 6.4
      vertex 20.48164762671019 21.064690132440326 6.4
    endloop
  endfacet
  facet normal 0.13052619222005757 -0.9914448613738096 -1.5899653001758004e-19
    outer loop
      vertex 21.952019020337815 21.258268198792464 6.4
      vertex 21.51245021224288 21.20039786734525 6.4
      vertex 21.51245021224288 21.20039786734525 0
    endloop
  endfacet
  facet normal 0.21643961393810207 -0.9762960071199335 0
    outer loop
      vertex 21.952019020337815 21.258268198792464 0
      vertex 23.39992376674285 21.57926095308584 6.4
      vertex 21.952019020337815 21.258268198792464 6.4
    endloop
  endfacet
  facet normal 0.3007057995042722 -0.9537169507482272 0
    outer loop
      vertex 23.39992376674285 21.57926095308584 0
      vertex 24.814342436536368 22.025225446639556 6.4
      vertex 23.39992376674285 21.57926095308584 6.4
    endloop
  endfacet
  facet normal 0.38268343236509206 -0.9238795325112859 0
    outer loop
      vertex 24.814342436536368 22.025225446639556 0
      vertex 26.18451044959189 22.592767620376954 6.4
      vertex 24.814342436536368 22.025225446639556 6.4
    endloop
  endfacet
  facet normal 0.46174861323503336 -0.8870108331782219 0
    outer loop
      vertex 26.18451044959189 22.592767620376954 0
      vertex 27.5 23.277568135664545 6.4
      vertex 26.18451044959189 22.592767620376954 6.4
    endloop
  endfacet
  facet normal 0 0 1
    outer loop
      vertex 8.072610635328832 24.977244466977375 6.4
      vertex 9.249200582032216 24.07441524708714 6.4
      vertex 8.43449007382985 31.9 6.4
    endloop
  endfacet
  facet normal 0 0 1
    outer loop
      vertex 9.249200582032216 24.07441524708714 6.4
      vertex 10.5 23.277568135664545 6.4
      vertex 9.654257793948469 30.15799116182422 6.4
    endloop
  endfacet
  facet normal 0 0 1
    outer loop
      vertex 10.5 23.277568135664545 6.4
      vertex 10.37329726952412 29.37329726952412 6.4
      vertex 9.654257793948469 30.15799116182422 6.4
    endloop
  endfacet
  facet normal 0 0 1
    outer loop
      vertex 11.81548955040811 22.592767620376954 6.4
      vertex 11.15799116182422 28.654257793948467 6.4
      vertex 10.5 23.277568135664545 6.4
    endloop
  endfacet
  facet normal 0 0 1
    outer loop
      vertex 11.81548955040811 22.592767620376954 6.4
      vertex 13.185657563463632 22.025225446639556 6.4
      vertex 12.9 27.43449007382985 6.4
    endloop
  endfacet
  facet normal 0 0 1
    outer loop
      vertex 13.185657563463632 22.025225446639556 6.4
      vertex 13.210251644740449 22.017470962599383 6.4
      vertex 13.844057206763466 26.94304499815287 6.4
    endloop
  endfacet
  facet normal 0 0 1
    outer loop
      vertex 13.210251644740449 22.017470962599383 6.4
      vertex 13.314589803375032 22.070633909777094 6.4
      vertex 13.844057206763466 26.94304499815287 6.4
    endloop
  endfacet
  facet normal 0 0 1
    outer loop
      vertex 13.844057206763466 26.94304499815287 6.4
      vertex 13.314589803375032 22.070633909777094 6.4
      vertex 13.5 22.1 6.4
    endloop
  endfacet
  facet normal 0 0 1
    outer loop
      vertex 13.844057206763466 26.94304499815287 6.4
      vertex 13.5 22.1 6.4
      vertex 13.685410196624968 22.070633909777094 6.4
    endloop
  endfacet
  facet normal 0 0 1
    outer loop
      vertex 13.185657563463632 22.025225446639556 6.4
      vertex 13.844057206763466 26.94304499815287 6.4
      vertex 12.9 27.43449007382985 6.4
    endloop
  endfacet
  facet normal 0 0 1
    outer loop
      vertex 11.81548955040811 22.592767620376954 6.4
      vertex 12.00236747651724 28.006345059674302 6.4
      vertex 11.15799116182422 28.654257793948467 6.4
    endloop
  endfacet
  facet normal 0 0 1
    outer loop
      vertex 10.5 23.277568135664545 6.4
      vertex 11.15799116182422 28.654257793948467 6.4
      vertex 10.37329726952412 29.37329726952412 6.4
    endloop
  endfacet
  facet normal 0 0 1
    outer loop
      vertex 11.81548955040811 22.592767620376954 6.4
      vertex 12.9 27.43449007382985 6.4
      vertex 12.00236747651724 28.006345059674302 6.4
    endloop
  endfacet
  facet normal 0 0 1
    outer loop
      vertex 3.592767620376952 30.81548955040811 6.4
      vertex 3.0252254466395563 43.814342436536364 6.4
      vertex 3.0252254466395563 32.185657563463636 6.4
    endloop
  endfacet
  facet normal 0 0 1
    outer loop
      vertex 2.5792609530858392 33.60007623325715 6.4
      vertex 2.2582681987924644 40.952019020337815 6.4
      vertex 2.2582681987924644 35.047980979662185 6.4
    endloop
  endfacet
  facet normal 0 0 1
    outer loop
      vertex 3.0252254466395563 32.185657563463636 6.4
      vertex 2.5792609530858392 42.39992376674285 6.4
      vertex 2.5792609530858392 33.60007623325715 6.4
    endloop
  endfacet
  facet normal 0 0 1
    outer loop
      vertex 5.977244466977373 27.072610635328832 6.4
      vertex 5.07441524708714 47.750799417967784 6.4
      vertex 5.07441524708714 28.249200582032216 6.4
    endloop
  endfacet
  facet normal 0 0 1
    outer loop
      vertex 5.977244466977373 27.072610635328832 6.4
      vertex 6.979184719828691 25.97918471982869 6.4
      vertex 5.977244466977373 48.92738936467117 6.4
    endloop
  endfacet
  facet normal 0 0 1
    outer loop
      vertex 3.592767620376952 30.81548955040811 6.4
      vertex 4.277568135664543 29.5 6.4
      vertex 3.592767620376952 45.18451044959189 6.4
    endloop
  endfacet
  facet normal 0 0 1
    outer loop
      vertex 5.07441524708714 28.249200582032216 6.4
      vertex 4.277568135664543 46.5 6.4
      vertex 4.277568135664543 29.5 6.4
    endloop
  endfacet
  facet normal 0 0 1
    outer loop
      vertex 8.072610635328832 24.977244466977375 6.4
      vertex 7.535750026411918 33.82735425142684 6.4
      vertex 6.979184719828691 25.97918471982869 6.4
    endloop
  endfacet
  facet normal 0 0 1
    outer loop
      vertex 8.072610635328832 24.977244466977375 6.4
      vertex 8.43449007382985 31.9 6.4
      vertex 7.943044998152871 32.844057206763466 6.4
    endloop
  endfacet
  facet normal 0 0 1
    outer loop
      vertex 9.249200582032216 24.07441524708714 6.4
      vertex 9.654257793948469 30.15799116182422 6.4
      vertex 9.0063450596743 31.00236747651724 6.4
    endloop
  endfacet
  facet normal 0 0 1
    outer loop
      vertex 9.249200582032216 24.07441524708714 6.4
      vertex 9.0063450596743 31.00236747651724 6.4
      vertex 8.43449007382985 31.9 6.4
    endloop
  endfacet
  facet normal 0 0 1
    outer loop
      vertex 8.072610635328832 24.977244466977375 6.4
      vertex 7.943044998152871 32.844057206763466 6.4
      vertex 7.535750026411918 33.82735425142684 6.4
    endloop
  endfacet
  facet normal 0 0 1
    outer loop
      vertex 6.979184719828691 25.97918471982869 6.4
      vertex 7.535750026411918 33.82735425142684 6.4
      vertex 7.215704919273367 34.84240764974925 6.4
    endloop
  endfacet
  facet normal 0 0 1
    outer loop
      vertex 6.979184719828691 25.97918471982869 6.4
      vertex 7.215704919273367 34.84240764974925 6.4
      vertex 6.985345413251062 35.88149223246345 6.4
    endloop
  endfacet
  facet normal 0 0 1
    outer loop
      vertex 6.979184719828691 25.97918471982869 6.4
      vertex 6.985345413251062 35.88149223246345 6.4
      vertex 6.846424683280706 36.93669993847857 6.4
    endloop
  endfacet
  facet normal 0 0 1
    outer loop
      vertex 6.979184719828691 25.97918471982869 6.4
      vertex 6.846424683280706 36.93669993847857 6.4
      vertex 6.800000000000001 38 6.4
    endloop
  endfacet
  facet normal 0 0 1
    outer loop
      vertex 17.51835237328981 21.064690132440326 6.4
      vertex 16.570633909777094 21.314589803375032 6.4
      vertex 16.510884886842156 21.197325743269257 6.4
    endloop
  endfacet
  facet normal 0 0 1
    outer loop
      vertex 14.600076233257148 21.57926095308584 6.4
      vertex 15.416099304209476 21.398352993662208 6.4
      vertex 15.4 21.5 6.4
    endloop
  endfacet
  facet normal 0 0 1
    outer loop
      vertex 14.600076233257148 21.57926095308584 6.4
      vertex 15.4 21.5 6.4
      vertex 15.429366090222908 21.685410196624968 6.4
    endloop
  endfacet
  facet normal 0 0 1
    outer loop
      vertex 14.600076233257148 21.57926095308584 6.4
      vertex 13.844057206763466 26.94304499815287 6.4
      vertex 14.03373544106475 21.757827518956866 6.4
    endloop
  endfacet
  facet normal 0 0 1
    outer loop
      vertex 14.600076233257148 21.57926095308584 6.4
      vertex 15.429366090222908 21.685410196624968 6.4
      vertex 14.827354251426842 26.535750026411918 6.4
    endloop
  endfacet
  facet normal 0 0 1
    outer loop
      vertex 15.514589803375031 21.852671151375485 6.4
      vertex 14.827354251426842 26.535750026411918 6.4
      vertex 15.429366090222908 21.685410196624968 6.4
    endloop
  endfacet
  facet normal 0 0 1
    outer loop
      vertex 14.827354251426842 26.535750026411918 6.4
      vertex 15.514589803375031 21.852671151375485 6.4
      vertex 15.647328848624516 21.98541019662497 6.4
    endloop
  endfacet
  facet normal 0 0 1
    outer loop
      vertex 17.51835237328981 21.064690132440326 6.4
      vertex 16.6 21.5 6.4
      vertex 16.570633909777094 21.314589803375032 6.4
    endloop
  endfacet
  facet normal 0 0 1
    outer loop
      vertex 17.51835237328981 21.064690132440326 6.4
      vertex 16.88149223246345 25.98534541325106 6.4
      vertex 16.6 21.5 6.4
    endloop
  endfacet
  facet normal 0 0 1
    outer loop
      vertex 16.88149223246345 25.98534541325106 6.4
      vertex 16.48541019662497 21.852671151375485 6.4
      vertex 16.570633909777094 21.685410196624968 6.4
    endloop
  endfacet
  facet normal 0 0 1
    outer loop
      vertex 16.88149223246345 25.98534541325106 6.4
      vertex 16.570633909777094 21.685410196624968 6.4
      vertex 16.6 21.5 6.4
    endloop
  endfacet
  facet normal 0 0 1
    outer loop
      vertex 16.88149223246345 25.98534541325106 6.4
      vertex 16.185410196624968 22.070633909777094 6.4
      vertex 16.352671151375482 21.98541019662497 6.4
    endloop
  endfacet
  facet normal 0 0 1
    outer loop
      vertex 16.88149223246345 25.98534541325106 6.4
      vertex 16.352671151375482 21.98541019662497 6.4
      vertex 16.48541019662497 21.852671151375485 6.4
    endloop
  endfacet
  facet normal 0 0 1
    outer loop
      vertex 17.51835237328981 21.064690132440326 6.4
      vertex 18.01458980337503 21.147328848624515 6.4
      vertex 17.929366090222906 21.314589803375032 6.4
    endloop
  endfacet
  facet normal 0 0 1
    outer loop
      vertex 17.51835237328981 21.064690132440326 6.4
      vertex 18.123656676169528 21.038261975830018 6.4
      vertex 18.01458980337503 21.147328848624515 6.4
    endloop
  endfacet
  facet normal 0 0 1
    outer loop
      vertex 19 21 6.4
      vertex 18.852671151375485 21.01458980337503 6.4
      vertex 18.83792515068117 21.007076340743016 6.4
    endloop
  endfacet
  facet normal 0 0 1
    outer loop
      vertex 19 21 6.4
      vertex 18.98541019662497 21.147328848624515 6.4
      vertex 18.852671151375485 21.01458980337503 6.4
    endloop
  endfacet
  facet normal 0 0 1
    outer loop
      vertex 19 21 6.4
      vertex 20.48164762671019 21.064690132440326 6.4
      vertex 18.98541019662497 21.147328848624515 6.4
    endloop
  endfacet
  facet normal 0 0 1
    outer loop
      vertex 20.48164762671019 21.064690132440326 6.4
      vertex 19.070633909777094 21.314589803375032 6.4
      vertex 18.98541019662497 21.147328848624515 6.4
    endloop
  endfacet
  facet normal 0 0 1
    outer loop
      vertex 20.48164762671019 21.064690132440326 6.4
      vertex 20.51458980337503 21.147328848624515 6.4
      vertex 20.429366090222906 21.314589803375032 6.4
    endloop
  endfacet
  facet normal 0 0 1
    outer loop
      vertex 20.48164762671019 21.064690132440326 6.4
      vertex 20.58378224232359 21.07813640967596 6.4
      vertex 20.51458980337503 21.147328848624515 6.4
    endloop
  endfacet
  facet normal 0 0 1
    outer loop
      vertex 17.51835237328981 21.064690132440326 6.4
      vertex 17.929366090222906 21.314589803375032 6.4
      vertex 17.9 21.5 6.4
    endloop
  endfacet
  facet normal 0 0 1
    outer loop
      vertex 17.51835237328981 21.064690132440326 6.4
      vertex 17.9 21.5 6.4
      vertex 16.88149223246345 25.98534541325106 6.4
    endloop
  endfacet
  facet normal 0 0 1
    outer loop
      vertex 16.88149223246345 25.98534541325106 6.4
      vertex 17.9 21.5 6.4
      vertex 17.929366090222906 21.685410196624968 6.4
    endloop
  endfacet
  facet normal 0 0 1
    outer loop
      vertex 16.88149223246345 25.98534541325106 6.4
      vertex 17.929366090222906 21.685410196624968 6.4
      vertex 18.01458980337503 21.852671151375485 6.4
    endloop
  endfacet
  facet normal 0 0 1
    outer loop
      vertex 16.88149223246345 25.98534541325106 6.4
      vertex 18.01458980337503 21.852671151375485 6.4
      vertex 18.147328848624515 21.98541019662497 6.4
    endloop
  endfacet
  facet normal 0 0 1
    outer loop
      vertex 16.88149223246345 25.98534541325106 6.4
      vertex 18.147328848624515 21.98541019662497 6.4
      vertex 18.314589803375032 22.070633909777094 6.4
    endloop
  endfacet
  facet normal 0 0 1
    outer loop
      vertex 18.314589803375032 22.070633909777094 6.4
      vertex 18.5 22.1 6.4
      vertex 17.93669993847857 25.846424683280706 6.4
    endloop
  endfacet
  facet normal 0 0 1
    outer loop
      vertex 17.93669993847857 25.846424683280706 6.4
      vertex 18.5 22.1 6.4
      vertex 18.685410196624968 22.070633909777094 6.4
    endloop
  endfacet
  facet normal 0 0 1
    outer loop
      vertex 17.93669993847857 25.846424683280706 6.4
      vertex 18.685410196624968 22.070633909777094 6.4
      vertex 18.852671151375485 21.98541019662497 6.4
    endloop
  endfacet
  facet normal 0 0 1
    outer loop
      vertex 18.98541019662497 21.852671151375485 6.4
      vertex 17.93669993847857 25.846424683280706 6.4
      vertex 18.852671151375485 21.98541019662497 6.4
    endloop
  endfacet
  facet normal 0 0 1
    outer loop
      vertex 19.070633909777094 21.314589803375032 6.4
      vertex 20.4 21.5 6.4
      vertex 19.1 21.5 6.4
    endloop
  endfacet
  facet normal 0 0 1
    outer loop
      vertex 19.1 21.5 6.4
      vertex 20.429366090222906 21.685410196624968 6.4
      vertex 19.070633909777094 21.685410196624968 6.4
    endloop
  endfacet
  facet normal 0 0 1
    outer loop
      vertex 19.070633909777094 21.314589803375032 6.4
      vertex 20.429366090222906 21.314589803375032 6.4
      vertex 20.4 21.5 6.4
    endloop
  endfacet
  facet normal 0 0 1
    outer loop
      vertex 20.48164762671019 21.064690132440326 6.4
      vertex 20.429366090222906 21.314589803375032 6.4
      vertex 19.070633909777094 21.314589803375032 6.4
    endloop
  endfacet
  facet normal 0 0 1
    outer loop
      vertex 20.429366090222906 21.685410196624968 6.4
      vertex 19.1 21.5 6.4
      vertex 20.4 21.5 6.4
    endloop
  endfacet
  facet normal 0 0 1
    outer loop
      vertex 20.51458980337503 21.852671151375485 6.4
      vertex 19.070633909777094 21.685410196624968 6.4
      vertex 20.429366090222906 21.685410196624968 6.4
    endloop
  endfacet
  facet normal 0 0 1
    outer loop
      vertex 19 25.8 6.4
      vertex 18.98541019662497 21.852671151375485 6.4
      vertex 19.070633909777094 21.685410196624968 6.4
    endloop
  endfacet
  facet normal 0 0 1
    outer loop
      vertex 19.070633909777094 21.685410196624968 6.4
      vertex 20.51458980337503 21.852671151375485 6.4
      vertex 19 25.8 6.4
    endloop
  endfacet
  facet normal 0 0 1
    outer loop
      vertex 20.06330006152143 25.846424683280706 6.4
      vertex 20.51458980337503 21.852671151375485 6.4
      vertex 20.647328848624515 21.98541019662497 6.4
    endloop
  endfacet
  facet normal 0 0 1
    outer loop
      vertex 20.06330006152143 25.846424683280706 6.4
      vertex 20.647328848624515 21.98541019662497 6.4
      vertex 20.814589803375032 22.070633909777094 6.4
    endloop
  endfacet
  facet normal 0 0 1
    outer loop
      vertex 14.03373544106475 21.757827518956866 6.4
      vertex 13.844057206763466 26.94304499815287 6.4
      vertex 13.985410196624969 21.852671151375485 6.4
    endloop
  endfacet
  facet normal 0 0 1
    outer loop
      vertex 13.844057206763466 26.94304499815287 6.4
      vertex 13.852671151375484 21.98541019662497 6.4
      vertex 13.985410196624969 21.852671151375485 6.4
    endloop
  endfacet
  facet normal 0 0 1
    outer loop
      vertex 13.844057206763466 26.94304499815287 6.4
      vertex 13.685410196624968 22.070633909777094 6.4
      vertex 13.852671151375484 21.98541019662497 6.4
    endloop
  endfacet
  facet normal 0 0 1
    outer loop
      vertex 14.827354251426842 26.535750026411918 6.4
      vertex 15.647328848624516 21.98541019662497 6.4
      vertex 15.814589803375032 22.070633909777094 6.4
    endloop
  endfacet
  facet normal 0 0 1
    outer loop
      vertex 14.600076233257148 21.57926095308584 6.4
      vertex 14.827354251426842 26.535750026411918 6.4
      vertex 13.844057206763466 26.94304499815287 6.4
    endloop
  endfacet
  facet normal 0 0 1
    outer loop
      vertex 14.827354251426842 26.535750026411918 6.4
      vertex 15.814589803375032 22.070633909777094 6.4
      vertex 16 22.1 6.4
    endloop
  endfacet
  facet normal 0 0 1
    outer loop
      vertex 14.827354251426842 26.535750026411918 6.4
      vertex 16 22.1 6.4
      vertex 16.185410196624968 22.070633909777094 6.4
    endloop
  endfacet
  facet normal 0 0 1
    outer loop
      vertex 16.185410196624968 22.070633909777094 6.4
      vertex 15.842407649749248 26.215704919273367 6.4
      vertex 14.827354251426842 26.535750026411918 6.4
    endloop
  endfacet
  facet normal 0 0 1
    outer loop
      vertex 16.185410196624968 22.070633909777094 6.4
      vertex 16.88149223246345 25.98534541325106 6.4
      vertex 15.842407649749248 26.215704919273367 6.4
    endloop
  endfacet
  facet normal 0 0 1
    outer loop
      vertex 18.98541019662497 21.852671151375485 6.4
      vertex 19 25.8 6.4
      vertex 17.93669993847857 25.846424683280706 6.4
    endloop
  endfacet
  facet normal 0 0 1
    outer loop
      vertex 18.314589803375032 22.070633909777094 6.4
      vertex 17.93669993847857 25.846424683280706 6.4
      vertex 16.88149223246345 25.98534541325106 6.4
    endloop
  endfacet
  facet normal 0 0 1
    outer loop
      vertex 20.51458980337503 21.852671151375485 6.4
      vertex 20.06330006152143 25.846424683280706 6.4
      vertex 19 25.8 6.4
    endloop
  endfacet
  facet normal 0 0 1
    outer loop
      vertex 21.952019020337815 21.258268198792464 6.4
      vertex 21.570633909777094 21.314589803375032 6.4
      vertex 21.51245021224288 21.20039786734525 6.4
    endloop
  endfacet
  facet normal 0 0 1
    outer loop
      vertex 21.952019020337815 21.258268198792464 6.4
      vertex 21.6 21.5 6.4
      vertex 21.570633909777094 21.314589803375032 6.4
    endloop
  endfacet
  facet normal 0 0 1
    outer loop
      vertex 20.06330006152143 25.846424683280706 6.4
      vertex 20.814589803375032 22.070633909777094 6.4
      vertex 21 22.1 6.4
    endloop
  endfacet
  facet normal 0 0 1
    outer loop
      vertex 21 22.1 6.4
      vertex 21.185410196624968 22.070633909777094 6.4
      vertex 20.06330006152143 25.846424683280706 6.4
    endloop
  endfacet
  facet normal 0 0 1
    outer loop
      vertex 21.11850776753655 25.98534541325106 6.4
      vertex 21.570633909777094 21.685410196624968 6.4
      vertex 21.6 21.5 6.4
    endloop
  endfacet
  facet normal 0 0 1
    outer loop
      vertex 21.11850776753655 25.98534541325106 6.4
      vertex 21.48541019662497 21.852671151375485 6.4
      vertex 21.570633909777094 21.685410196624968 6.4
    endloop
  endfacet
  facet normal 0 0 1
    outer loop
      vertex 21.11850776753655 25.98534541325106 6.4
      vertex 21.185410196624968 22.070633909777094 6.4
      vertex 21.352671151375482 21.98541019662497 6.4
    endloop
  endfacet
  facet normal 0 0 1
    outer loop
      vertex 21.11850776753655 25.98534541325106 6.4
      vertex 21.352671151375482 21.98541019662497 6.4
      vertex 21.48541019662497 21.852671151375485 6.4
    endloop
  endfacet
  facet normal 0 0 1
    outer loop
      vertex 21.952019020337815 21.258268198792464 6.4
      vertex 21.11850776753655 25.98534541325106 6.4
      vertex 21.6 21.5 6.4
    endloop
  endfacet
  facet normal 0 0 1
    outer loop
      vertex 21.952019020337815 21.258268198792464 6.4
      vertex 23.39992376674285 21.57926095308584 6.4
      vertex 21.11850776753655 25.98534541325106 6.4
    endloop
  endfacet
  facet normal 0 0 1
    outer loop
      vertex 23.39992376674285 21.57926095308584 6.4
      vertex 24.814342436536368 22.025225446639556 6.4
      vertex 23.17264574857316 26.535750026411918 6.4
    endloop
  endfacet
  facet normal 0 0 1
    outer loop
      vertex 23.39992376674285 21.57926095308584 6.4
      vertex 22.157592350250752 26.215704919273367 6.4
      vertex 21.11850776753655 25.98534541325106 6.4
    endloop
  endfacet
  facet normal 0 0 1
    outer loop
      vertex 21.185410196624968 22.070633909777094 6.4
      vertex 21.11850776753655 25.98534541325106 6.4
      vertex 20.06330006152143 25.846424683280706 6.4
    endloop
  endfacet
  facet normal 0 0 1
    outer loop
      vertex 23.39992376674285 21.57926095308584 6.4
      vertex 23.17264574857316 26.535750026411918 6.4
      vertex 22.157592350250752 26.215704919273367 6.4
    endloop
  endfacet
  facet normal 0 0 1
    outer loop
      vertex 24.814342436536368 22.025225446639556 6.4
      vertex 24.155942793236534 26.94304499815287 6.4
      vertex 23.17264574857316 26.535750026411918 6.4
    endloop
  endfacet
  facet normal 0 0 1
    outer loop
      vertex 24.814342436536368 22.025225446639556 6.4
      vertex 26.18451044959189 22.592767620376954 6.4
      vertex 24.155942793236534 26.94304499815287 6.4
    endloop
  endfacet
  facet normal 0 0 1
    outer loop
      vertex 26.18451044959189 22.592767620376954 6.4
      vertex 25.1 27.43449007382985 6.4
      vertex 24.155942793236534 26.94304499815287 6.4
    endloop
  endfacet
  facet normal 0 0 1
    outer loop
      vertex 26.18451044959189 22.592767620376954 6.4
      vertex 27.5 23.277568135664545 6.4
      vertex 25.99763252348276 28.006345059674302 6.4
    endloop
  endfacet
  facet normal 0 0 1
    outer loop
      vertex 26.18451044959189 22.592767620376954 6.4
      vertex 25.99763252348276 28.006345059674302 6.4
      vertex 25.1 27.43449007382985 6.4
    endloop
  endfacet
  facet normal 0 0 1
    outer loop
      vertex 27.5 23.277568135664545 6.4
      vertex 26.84200883817578 28.654257793948467 6.4
      vertex 25.99763252348276 28.006345059674302 6.4
    endloop
  endfacet
  facet normal -0.9990482215818578 -0.04361938736533592 0
    outer loop
      vertex 2.064690132440326 36.51835237328981 0
      vertex 2.064690132440326 36.51835237328981 6.4
      vertex 2 38 6.4
    endloop
  endfacet
  facet normal -0.9990482215818578 0.04361938736533592 0
    outer loop
      vertex 2 38 0
      vertex 2 38 6.4
      vertex 2.064690132440326 39.48164762671019 6.4
    endloop
  endfacet
  facet normal -0.9914448613738103 0.1305261922200529 0
    outer loop
      vertex 2.064690132440326 39.48164762671019 0
      vertex 2.064690132440326 39.48164762671019 6.4
      vertex 2.2582681987924644 40.952019020337815 6.4
    endloop
  endfacet
  facet normal -0.9762960071199335 0.21643961393810207 0
    outer loop
      vertex 2.2582681987924644 40.952019020337815 0
      vertex 2.2582681987924644 40.952019020337815 6.4
      vertex 2.5792609530858392 42.39992376674285 6.4
    endloop
  endfacet
  facet normal -0.9537169507482269 0.30070579950427284 0
    outer loop
      vertex 2.5792609530858392 42.39992376674285 0
      vertex 2.5792609530858392 42.39992376674285 6.4
      vertex 3.0252254466395563 43.814342436536364 6.4
    endloop
  endfacet
  facet normal -0.9238795325112865 0.38268343236509017 0
    outer loop
      vertex 3.0252254466395563 43.814342436536364 0
      vertex 3.0252254466395563 43.814342436536364 6.4
      vertex 3.592767620376952 45.18451044959189 6.4
    endloop
  endfacet
  facet normal -0.8870108331782219 0.46174861323503336 0
    outer loop
      vertex 3.592767620376952 45.18451044959189 0
      vertex 3.592767620376952 45.18451044959189 6.4
      vertex 4.277568135664543 46.5 6.4
    endloop
  endfacet
  facet normal -0.8433914458128855 0.537299608346824 0
    outer loop
      vertex 4.277568135664543 46.5 0
      vertex 4.277568135664543 46.5 6.4
      vertex 5.07441524708714 47.750799417967784 6.4
    endloop
  endfacet
  facet normal -0.7933533402912362 0.6087614290087193 0
    outer loop
      vertex 5.07441524708714 47.750799417967784 0
      vertex 5.07441524708714 47.750799417967784 6.4
      vertex 5.977244466977373 48.92738936467117 6.4
    endloop
  endfacet
  facet normal -0.7372773368101226 0.6755902076156616 0
    outer loop
      vertex 5.977244466977373 48.92738936467117 0
      vertex 5.977244466977373 48.92738936467117 6.4
      vertex 6.979184719828691 50.020815280171306 6.4
    endloop
  endfacet
  facet normal -0.67559020761566 0.7372773368101243 0
    outer loop
      vertex 8.072610635328832 51.022755533022625 0
      vertex 6.979184719828691 50.020815280171306 6.4
      vertex 8.072610635328832 51.022755533022625 6.4
    endloop
  endfacet
  facet normal -0.608761429008722 0.7933533402912342 0
    outer loop
      vertex 9.249200582032216 51.92558475291286 0
      vertex 8.072610635328832 51.022755533022625 6.4
      vertex 9.249200582032216 51.92558475291286 6.4
    endloop
  endfacet
  facet normal -0.5372996083468223 0.8433914458128866 0
    outer loop
      vertex 10.5 52.722431864335455 0
      vertex 9.249200582032216 51.92558475291286 6.4
      vertex 10.5 52.722431864335455 6.4
    endloop
  endfacet
  facet normal -0.46174861323503336 0.8870108331782219 0
    outer loop
      vertex 11.81548955040811 53.407232379623046 0
      vertex 10.5 52.722431864335455 6.4
      vertex 11.81548955040811 53.407232379623046 6.4
    endloop
  endfacet
  facet normal -0.3826834323650941 0.923879532511285 0
    outer loop
      vertex 13.185657563463632 53.97477455336045 0
      vertex 11.81548955040811 53.407232379623046 6.4
      vertex 13.185657563463632 53.97477455336045 6.4
    endloop
  endfacet
  facet normal -0.3007057995042722 0.9537169507482272 0
    outer loop
      vertex 14.600076233257148 54.420739046914164 0
      vertex 13.185657563463632 53.97477455336045 6.4
      vertex 14.600076233257148 54.420739046914164 6.4
    endloop
  endfacet
  facet normal -0.21643961393809977 0.976296007119934 0
    outer loop
      vertex 16.047980979662185 54.741731801207536 0
      vertex 14.600076233257148 54.420739046914164 6.4
      vertex 16.047980979662185 54.741731801207536 6.4
    endloop
  endfacet
  facet normal -0.13052619222005257 0.9914448613738103 0
    outer loop
      vertex 17.51835237328981 54.935309867559674 0
      vertex 16.047980979662185 54.741731801207536 6.4
      vertex 17.51835237328981 54.935309867559674 6.4
    endloop
  endfacet
  facet normal -0.043619387365326605 0.9990482215818582 1.402481326674189e-19
    outer loop
      vertex 17.51835237328981 54.935309867559674 6.4
      vertex 18 54.95633905709148 6.4
      vertex 18 54.95633905709148 0
    endloop
  endfacet
  facet normal 0.043619387365326605 0.9990482215818582 0
    outer loop
      vertex 20.48164762671019 54.935309867559674 0
      vertex 20 54.95633905709148 6.4
      vertex 20.48164762671019 54.935309867559674 6.4
    endloop
  endfacet
  facet normal 0.13052619222005257 0.9914448613738103 0
    outer loop
      vertex 21.952019020337815 54.741731801207536 0
      vertex 20.48164762671019 54.935309867559674 6.4
      vertex 21.952019020337815 54.741731801207536 6.4
    endloop
  endfacet
  facet normal 0.21643961393809977 0.976296007119934 0
    outer loop
      vertex 23.39992376674285 54.420739046914164 0
      vertex 21.952019020337815 54.741731801207536 6.4
      vertex 23.39992376674285 54.420739046914164 6.4
    endloop
  endfacet
  facet normal 0.3826834323650941 0.923879532511285 0
    outer loop
      vertex 26.18451044959189 53.407232379623046 0
      vertex 24.814342436536368 53.97477455336045 6.4
      vertex 26.18451044959189 53.407232379623046 6.4
    endloop
  endfacet
  facet normal 0.3007057995042722 0.9537169507482272 0
    outer loop
      vertex 24.814342436536368 53.97477455336045 0
      vertex 23.39992376674285 54.420739046914164 6.4
      vertex 24.814342436536368 53.97477455336045 6.4
    endloop
  endfacet
  facet normal 0.46174861323503336 0.8870108331782219 0
    outer loop
      vertex 27.5 52.722431864335455 0
      vertex 26.18451044959189 53.407232379623046 6.4
      vertex 27.5 52.722431864335455 6.4
    endloop
  endfacet
  facet normal 0 0 1
    outer loop
      vertex 2.2582681987924644 35.047980979662185 6.4
      vertex 2.064690132440326 39.48164762671019 6.4
      vertex 2.064690132440326 36.51835237328981 6.4
    endloop
  endfacet
  facet normal 0 0 1
    outer loop
      vertex 2.064690132440326 36.51835237328981 6.4
      vertex 2.064690132440326 39.48164762671019 6.4
      vertex 2 38 6.4
    endloop
  endfacet
  facet normal 0 0 1
    outer loop
      vertex 2.2582681987924644 35.047980979662185 6.4
      vertex 2.2582681987924644 40.952019020337815 6.4
      vertex 2.064690132440326 39.48164762671019 6.4
    endloop
  endfacet
  facet normal 0 0 1
    outer loop
      vertex 2.5792609530858392 33.60007623325715 6.4
      vertex 2.5792609530858392 42.39992376674285 6.4
      vertex 2.2582681987924644 40.952019020337815 6.4
    endloop
  endfacet
  facet normal 0 0 1
    outer loop
      vertex 3.0252254466395563 32.185657563463636 6.4
      vertex 3.0252254466395563 43.814342436536364 6.4
      vertex 2.5792609530858392 42.39992376674285 6.4
    endloop
  endfacet
  facet normal 0 0 1
    outer loop
      vertex 3.592767620376952 30.81548955040811 6.4
      vertex 3.592767620376952 45.18451044959189 6.4
      vertex 3.0252254466395563 43.814342436536364 6.4
    endloop
  endfacet
  facet normal 0 0 1
    outer loop
      vertex 6.979184719828691 25.97918471982869 6.4
      vertex 6.800000000000001 38 6.4
      vertex 5.977244466977373 48.92738936467117 6.4
    endloop
  endfacet
  facet normal 0 0 1
    outer loop
      vertex 4.277568135664543 29.5 6.4
      vertex 4.277568135664543 46.5 6.4
      vertex 3.592767620376952 45.18451044959189 6.4
    endloop
  endfacet
  facet normal 0 0 1
    outer loop
      vertex 5.07441524708714 28.249200582032216 6.4
      vertex 5.07441524708714 47.750799417967784 6.4
      vertex 4.277568135664543 46.5 6.4
    endloop
  endfacet
  facet normal 0 0 1
    outer loop
      vertex 5.977244466977373 27.072610635328832 6.4
      vertex 5.977244466977373 48.92738936467117 6.4
      vertex 5.07441524708714 47.750799417967784 6.4
    endloop
  endfacet
  facet normal 0 0 1
    outer loop
      vertex 5.977244466977373 48.92738936467117 6.4
      vertex 6.800000000000001 38 6.4
      vertex 6.846424683280706 39.06330006152143 6.4
    endloop
  endfacet
  facet normal 0 0 1
    outer loop
      vertex 5.977244466977373 48.92738936467117 6.4
      vertex 6.846424683280706 39.06330006152143 6.4
      vertex 6.985345413251062 40.11850776753655 6.4
    endloop
  endfacet
  facet normal 0 0 1
    outer loop
      vertex 6.979184719828691 50.020815280171306 6.4
      vertex 6.985345413251062 40.11850776753655 6.4
      vertex 7.215704919273367 41.15759235025075 6.4
    endloop
  endfacet
  facet normal 0 0 1
    outer loop
      vertex 6.979184719828691 50.020815280171306 6.4
      vertex 7.215704919273367 41.15759235025075 6.4
      vertex 7.535750026411918 42.17264574857316 6.4
    endloop
  endfacet
  facet normal 0 0 1
    outer loop
      vertex 6.979184719828691 50.020815280171306 6.4
      vertex 7.535750026411918 42.17264574857316 6.4
      vertex 7.943044998152871 43.155942793236534 6.4
    endloop
  endfacet
  facet normal 0 0 1
    outer loop
      vertex 6.979184719828691 50.020815280171306 6.4
      vertex 7.943044998152871 43.155942793236534 6.4
      vertex 8.43449007382985 44.1 6.4
    endloop
  endfacet
  facet normal 0 0 1
    outer loop
      vertex 5.977244466977373 48.92738936467117 6.4
      vertex 6.985345413251062 40.11850776753655 6.4
      vertex 6.979184719828691 50.020815280171306 6.4
    endloop
  endfacet
  facet normal 0 0 1
    outer loop
      vertex 8.072610635328832 51.022755533022625 6.4
      vertex 8.43449007382985 44.1 6.4
      vertex 9.0063450596743 44.997632523482764 6.4
    endloop
  endfacet
  facet normal 0 0 1
    outer loop
      vertex 8.072610635328832 51.022755533022625 6.4
      vertex 9.0063450596743 44.997632523482764 6.4
      vertex 9.654257793948469 45.84200883817578 6.4
    endloop
  endfacet
  facet normal 0 0 1
    outer loop
      vertex 9.249200582032216 51.92558475291286 6.4
      vertex 9.654257793948469 45.84200883817578 6.4
      vertex 10.37329726952412 46.626702730475884 6.4
    endloop
  endfacet
  facet normal 0 0 1
    outer loop
      vertex 6.979184719828691 50.020815280171306 6.4
      vertex 8.43449007382985 44.1 6.4
      vertex 8.072610635328832 51.022755533022625 6.4
    endloop
  endfacet
  facet normal 0 0 1
    outer loop
      vertex 9.249200582032216 51.92558475291286 6.4
      vertex 10.37329726952412 46.626702730475884 6.4
      vertex 11.15799116182422 47.34574220605153 6.4
    endloop
  endfacet
  facet normal 0 0 1
    outer loop
      vertex 8.072610635328832 51.022755533022625 6.4
      vertex 9.654257793948469 45.84200883817578 6.4
      vertex 9.249200582032216 51.92558475291286 6.4
    endloop
  endfacet
  facet normal 0 0 1
    outer loop
      vertex 10.5 52.722431864335455 6.4
      vertex 11.15799116182422 47.34574220605153 6.4
      vertex 12.00236747651724 47.9936549403257 6.4
    endloop
  endfacet
  facet normal 0 0 1
    outer loop
      vertex 11.81548955040811 53.407232379623046 6.4
      vertex 12.00236747651724 47.9936549403257 6.4
      vertex 12.9 48.56550992617015 6.4
    endloop
  endfacet
  facet normal 0 0 1
    outer loop
      vertex 11.81548955040811 53.407232379623046 6.4
      vertex 12.9 48.56550992617015 6.4
      vertex 13.844057206763466 49.05695500184713 6.4
    endloop
  endfacet
  facet normal 0 0 1
    outer loop
      vertex 9.249200582032216 51.92558475291286 6.4
      vertex 11.15799116182422 47.34574220605153 6.4
      vertex 10.5 52.722431864335455 6.4
    endloop
  endfacet
  facet normal 0 0 1
    outer loop
      vertex 10.5 52.722431864335455 6.4
      vertex 12.00236747651724 47.9936549403257 6.4
      vertex 11.81548955040811 53.407232379623046 6.4
    endloop
  endfacet
  facet normal 0 0 1
    outer loop
      vertex 11.81548955040811 53.407232379623046 6.4
      vertex 13.844057206763466 49.05695500184713 6.4
      vertex 13.185657563463632 53.97477455336045 6.4
    endloop
  endfacet
  facet normal 0 0 1
    outer loop
      vertex 13.185657563463632 53.97477455336045 6.4
      vertex 13.844057206763466 49.05695500184713 6.4
      vertex 14.827354251426842 49.46424997358808 6.4
    endloop
  endfacet
  facet normal 0 0 1
    outer loop
      vertex 14.600076233257148 54.420739046914164 6.4
      vertex 14.827354251426842 49.46424997358808 6.4
      vertex 15.842407649749248 49.784295080726636 6.4
    endloop
  endfacet
  facet normal 0 0 1
    outer loop
      vertex 13.185657563463632 53.97477455336045 6.4
      vertex 14.827354251426842 49.46424997358808 6.4
      vertex 14.600076233257148 54.420739046914164 6.4
    endloop
  endfacet
  facet normal 0 0 1
    outer loop
      vertex 14.600076233257148 54.420739046914164 6.4
      vertex 15.842407649749248 49.784295080726636 6.4
      vertex 16.88149223246345 50.01465458674894 6.4
    endloop
  endfacet
  facet normal 0 0 1
    outer loop
      vertex 16.047980979662185 54.741731801207536 6.4
      vertex 16.88149223246345 50.01465458674894 6.4
      vertex 17.93669993847857 50.1535753167193 6.4
    endloop
  endfacet
  facet normal 0 0 1
    outer loop
      vertex 14.600076233257148 54.420739046914164 6.4
      vertex 16.88149223246345 50.01465458674894 6.4
      vertex 16.047980979662185 54.741731801207536 6.4
    endloop
  endfacet
  facet normal 0 0 1
    outer loop
      vertex 16.047980979662185 54.741731801207536 6.4
      vertex 17.93669993847857 50.1535753167193 6.4
      vertex 17.51835237328981 54.935309867559674 6.4
    endloop
  endfacet
  facet normal 0 0 1
    outer loop
      vertex 17.51835237328981 54.935309867559674 6.4
      vertex 17.93669993847857 50.1535753167193 6.4
      vertex 18 50.156339057091486 6.4
    endloop
  endfacet
  facet normal 0 0 1
    outer loop
      vertex 20 54.95633905709148 6.4
      vertex 20 50.156339057091486 6.4
      vertex 20.06330006152143 50.1535753167193 6.4
    endloop
  endfacet
  facet normal 0 0 1
    outer loop
      vertex 20.48164762671019 54.935309867559674 6.4
      vertex 20.06330006152143 50.1535753167193 6.4
      vertex 21.11850776753655 50.01465458674894 6.4
    endloop
  endfacet
  facet normal 0 0 1
    outer loop
      vertex 17.51835237328981 54.935309867559674 6.4
      vertex 18 50.156339057091486 6.4
      vertex 18 54.95633905709148 6.4
    endloop
  endfacet
  facet normal 0 0 1
    outer loop
      vertex 20.48164762671019 54.935309867559674 6.4
      vertex 20 54.95633905709148 6.4
      vertex 20.06330006152143 50.1535753167193 6.4
    endloop
  endfacet
  facet normal 0 0 1
    outer loop
      vertex 26.18451044959189 53.407232379623046 6.4
      vertex 25.1 48.56550992617015 6.4
      vertex 25.99763252348276 47.9936549403257 6.4
    endloop
  endfacet
  facet normal 0 0 1
    outer loop
      vertex 27.5 52.722431864335455 6.4
      vertex 26.84200883817578 47.34574220605153 6.4
      vertex 27.62670273047588 46.626702730475884 6.4
    endloop
  endfacet
  facet normal 0 0 1
    outer loop
      vertex 26.18451044959189 53.407232379623046 6.4
      vertex 25.99763252348276 47.9936549403257 6.4
      vertex 26.84200883817578 47.34574220605153 6.4
    endloop
  endfacet
  facet normal 0 0 1
    outer loop
      vertex 21.952019020337815 54.741731801207536 6.4
      vertex 21.11850776753655 50.01465458674894 6.4
      vertex 22.157592350250752 49.784295080726636 6.4
    endloop
  endfacet
  facet normal 0 0 1
    outer loop
      vertex 21.952019020337815 54.741731801207536 6.4
      vertex 22.157592350250752 49.784295080726636 6.4
      vertex 23.17264574857316 49.46424997358808 6.4
    endloop
  endfacet
  facet normal 0 0 1
    outer loop
      vertex 23.39992376674285 54.420739046914164 6.4
      vertex 23.17264574857316 49.46424997358808 6.4
      vertex 24.155942793236534 49.05695500184713 6.4
    endloop
  endfacet
  facet normal 0 0 1
    outer loop
      vertex 20.48164762671019 54.935309867559674 6.4
      vertex 21.11850776753655 50.01465458674894 6.4
      vertex 21.952019020337815 54.741731801207536 6.4
    endloop
  endfacet
  facet normal 0 0 1
    outer loop
      vertex 21.952019020337815 54.741731801207536 6.4
      vertex 23.17264574857316 49.46424997358808 6.4
      vertex 23.39992376674285 54.420739046914164 6.4
    endloop
  endfacet
  facet normal 0 0 1
    outer loop
      vertex 24.814342436536368 53.97477455336045 6.4
      vertex 24.155942793236534 49.05695500184713 6.4
      vertex 25.1 48.56550992617015 6.4
    endloop
  endfacet
  facet normal 0 0 1
    outer loop
      vertex 23.39992376674285 54.420739046914164 6.4
      vertex 24.155942793236534 49.05695500184713 6.4
      vertex 24.814342436536368 53.97477455336045 6.4
    endloop
  endfacet
  facet normal 0 0 1
    outer loop
      vertex 24.814342436536368 53.97477455336045 6.4
      vertex 25.1 48.56550992617015 6.4
      vertex 26.18451044959189 53.407232379623046 6.4
    endloop
  endfacet
  facet normal 0 0 1
    outer loop
      vertex 26.18451044959189 53.407232379623046 6.4
      vertex 26.84200883817578 47.34574220605153 6.4
      vertex 27.5 52.722431864335455 6.4
    endloop
  endfacet
  facet normal 0.5372996083468223 -0.8433914458128866 0
    outer loop
      vertex 27.5 23.277568135664545 0
      vertex 28.750799417967784 24.07441524708714 6.4
      vertex 27.5 23.277568135664545 6.4
    endloop
  endfacet
  facet normal 0.608761429008722 -0.7933533402912342 0
    outer loop
      vertex 28.750799417967784 24.07441524708714 0
      vertex 29.927389364671168 24.977244466977375 6.4
      vertex 28.750799417967784 24.07441524708714 6.4
    endloop
  endfacet
  facet normal 0.6755902076156587 -0.7372773368101254 0
    outer loop
      vertex 29.927389364671168 24.977244466977375 0
      vertex 31.02081528017131 25.97918471982869 6.4
      vertex 29.927389364671168 24.977244466977375 6.4
    endloop
  endfacet
  facet normal 0.7372773368101254 -0.6755902076156587 0
    outer loop
      vertex 32.022755533022625 27.072610635328832 0
      vertex 32.022755533022625 27.072610635328832 6.4
      vertex 31.02081528017131 25.97918471982869 6.4
    endloop
  endfacet
  facet normal 0.7933533402912342 -0.608761429008722 0
    outer loop
      vertex 32.92558475291286 28.249200582032216 0
      vertex 32.92558475291286 28.249200582032216 6.4
      vertex 32.022755533022625 27.072610635328832 6.4
    endloop
  endfacet
  facet normal 0.8433914458128866 -0.5372996083468223 0
    outer loop
      vertex 33.722431864335455 29.5 0
      vertex 33.722431864335455 29.5 6.4
      vertex 32.92558475291286 28.249200582032216 6.4
    endloop
  endfacet
  facet normal 0.8870108331782219 -0.46174861323503336 0
    outer loop
      vertex 34.407232379623046 30.81548955040811 0
      vertex 34.407232379623046 30.81548955040811 6.4
      vertex 33.722431864335455 29.5 6.4
    endloop
  endfacet
  facet normal 0.9238795325112853 -0.3826834323650932 0
    outer loop
      vertex 34.97477455336045 32.185657563463636 0
      vertex 34.97477455336045 32.185657563463636 6.4
      vertex 34.407232379623046 30.81548955040811 6.4
    endloop
  endfacet
  facet normal 0.9537169507482269 -0.30070579950427284 0
    outer loop
      vertex 35.420739046914164 33.60007623325715 0
      vertex 35.420739046914164 33.60007623325715 6.4
      vertex 34.97477455336045 32.185657563463636 6.4
    endloop
  endfacet
  facet normal 0.976296007119934 -0.21643961393809977 0
    outer loop
      vertex 35.741731801207536 35.047980979662185 0
      vertex 35.741731801207536 35.047980979662185 6.4
      vertex 35.420739046914164 33.60007623325715 6.4
    endloop
  endfacet
  facet normal 0.9914448613738103 -0.1305261922200529 0
    outer loop
      vertex 35.935309867559674 36.51835237328981 0
      vertex 35.935309867559674 36.51835237328981 6.4
      vertex 35.741731801207536 35.047980979662185 6.4
    endloop
  endfacet
  facet normal 0 0 1
    outer loop
      vertex 27.5 23.277568135664545 6.4
      vertex 28.750799417967784 24.07441524708714 6.4
      vertex 26.84200883817578 28.654257793948467 6.4
    endloop
  endfacet
  facet normal 0 0 1
    outer loop
      vertex 28.750799417967784 24.07441524708714 6.4
      vertex 29.927389364671168 24.977244466977375 6.4
      vertex 28.345742206051533 30.15799116182422 6.4
    endloop
  endfacet
  facet normal 0 0 1
    outer loop
      vertex 28.750799417967784 24.07441524708714 6.4
      vertex 27.62670273047588 29.37329726952412 6.4
      vertex 26.84200883817578 28.654257793948467 6.4
    endloop
  endfacet
  facet normal 0 0 1
    outer loop
      vertex 28.750799417967784 24.07441524708714 6.4
      vertex 28.345742206051533 30.15799116182422 6.4
      vertex 27.62670273047588 29.37329726952412 6.4
    endloop
  endfacet
  facet normal 0 0 1
    outer loop
      vertex 29.927389364671168 24.977244466977375 6.4
      vertex 31.02081528017131 25.97918471982869 6.4
      vertex 29.56550992617015 31.9 6.4
    endloop
  endfacet
  facet normal 0 0 1
    outer loop
      vertex 29.927389364671168 24.977244466977375 6.4
      vertex 28.993654940325698 31.00236747651724 6.4
      vertex 28.345742206051533 30.15799116182422 6.4
    endloop
  endfacet
  facet normal 0 0 1
    outer loop
      vertex 29.927389364671168 24.977244466977375 6.4
      vertex 29.56550992617015 31.9 6.4
      vertex 28.993654940325698 31.00236747651724 6.4
    endloop
  endfacet
  facet normal 0 0 1
    outer loop
      vertex 31.02081528017131 25.97918471982869 6.4
      vertex 30.05695500184713 32.844057206763466 6.4
      vertex 29.56550992617015 31.9 6.4
    endloop
  endfacet
  facet normal 0 0 1
    outer loop
      vertex 31.02081528017131 25.97918471982869 6.4
      vertex 30.464249973588082 33.82735425142684 6.4
      vertex 30.05695500184713 32.844057206763466 6.4
    endloop
  endfacet
  facet normal 0 0 1
    outer loop
      vertex 31.02081528017131 25.97918471982869 6.4
      vertex 30.784295080726633 34.84240764974925 6.4
      vertex 30.464249973588082 33.82735425142684 6.4
    endloop
  endfacet
  facet normal 0 0 1
    outer loop
      vertex 31.02081528017131 25.97918471982869 6.4
      vertex 32.022755533022625 27.072610635328832 6.4
      vertex 31.01465458674894 35.88149223246345 6.4
    endloop
  endfacet
  facet normal 0 0 1
    outer loop
      vertex 31.02081528017131 25.97918471982869 6.4
      vertex 31.01465458674894 35.88149223246345 6.4
      vertex 30.784295080726633 34.84240764974925 6.4
    endloop
  endfacet
  facet normal 0 0 1
    outer loop
      vertex 32.022755533022625 27.072610635328832 6.4
      vertex 31.153575316719294 36.93669993847857 6.4
      vertex 31.01465458674894 35.88149223246345 6.4
    endloop
  endfacet
  facet normal 0 0 1
    outer loop
      vertex 32.022755533022625 27.072610635328832 6.4
      vertex 31.2 38 6.4
      vertex 31.153575316719294 36.93669993847857 6.4
    endloop
  endfacet
  facet normal 0 0 1
    outer loop
      vertex 32.022755533022625 27.072610635328832 6.4
      vertex 32.92558475291286 28.249200582032216 6.4
      vertex 32.022755533022625 48.92738936467117 6.4
    endloop
  endfacet
  facet normal 0 0 1
    outer loop
      vertex 32.92558475291286 28.249200582032216 6.4
      vertex 33.722431864335455 29.5 6.4
      vertex 32.92558475291286 47.750799417967784 6.4
    endloop
  endfacet
  facet normal 0 0 1
    outer loop
      vertex 33.722431864335455 29.5 6.4
      vertex 34.407232379623046 30.81548955040811 6.4
      vertex 33.722431864335455 46.5 6.4
    endloop
  endfacet
  facet normal 0 0 1
    outer loop
      vertex 34.407232379623046 30.81548955040811 6.4
      vertex 34.97477455336045 32.185657563463636 6.4
      vertex 34.407232379623046 45.18451044959189 6.4
    endloop
  endfacet
  facet normal 0 0 1
    outer loop
      vertex 34.97477455336045 32.185657563463636 6.4
      vertex 35.420739046914164 33.60007623325715 6.4
      vertex 34.97477455336045 43.814342436536364 6.4
    endloop
  endfacet
  facet normal 0.9990482215818578 -0.04361938736533592 3.0422030817310134e-19
    outer loop
      vertex 35.935309867559674 36.51835237328981 6.4
      vertex 36 38 0
      vertex 36 38 6.4
    endloop
  endfacet
  facet normal 0.9990482215818578 0.04361938736533592 0
    outer loop
      vertex 35.935309867559674 39.48164762671019 0
      vertex 35.935309867559674 39.48164762671019 6.4
      vertex 36 38 6.4
    endloop
  endfacet
  facet normal 0.9914448613738103 0.1305261922200529 0
    outer loop
      vertex 35.741731801207536 40.952019020337815 0
      vertex 35.741731801207536 40.952019020337815 6.4
      vertex 35.935309867559674 39.48164762671019 6.4
    endloop
  endfacet
  facet normal 0.976296007119934 0.21643961393809977 0
    outer loop
      vertex 35.420739046914164 42.39992376674285 0
      vertex 35.420739046914164 42.39992376674285 6.4
      vertex 35.741731801207536 40.952019020337815 6.4
    endloop
  endfacet
  facet normal 0.9537169507482269 0.30070579950427284 0
    outer loop
      vertex 34.97477455336045 43.814342436536364 0
      vertex 34.97477455336045 43.814342436536364 6.4
      vertex 35.420739046914164 42.39992376674285 6.4
    endloop
  endfacet
  facet normal 0.9238795325112853 0.3826834323650932 0
    outer loop
      vertex 34.407232379623046 45.18451044959189 0
      vertex 34.407232379623046 45.18451044959189 6.4
      vertex 34.97477455336045 43.814342436536364 6.4
    endloop
  endfacet
  facet normal 0.67559020761566 0.7372773368101243 0
    outer loop
      vertex 31.02081528017131 50.020815280171306 0
      vertex 29.927389364671168 51.022755533022625 6.4
      vertex 31.02081528017131 50.020815280171306 6.4
    endloop
  endfacet
  facet normal 0.8870108331782219 0.46174861323503336 0
    outer loop
      vertex 33.722431864335455 46.5 0
      vertex 33.722431864335455 46.5 6.4
      vertex 34.407232379623046 45.18451044959189 6.4
    endloop
  endfacet
  facet normal 0.8433914458128866 0.5372996083468223 0
    outer loop
      vertex 32.92558475291286 47.750799417967784 0
      vertex 32.92558475291286 47.750799417967784 6.4
      vertex 33.722431864335455 46.5 6.4
    endloop
  endfacet
  facet normal 0.7933533402912349 0.6087614290087209 0
    outer loop
      vertex 32.022755533022625 48.92738936467117 0
      vertex 32.022755533022625 48.92738936467117 6.4
      vertex 32.92558475291286 47.750799417967784 6.4
    endloop
  endfacet
  facet normal 0.7372773368101233 0.675590207615661 0
    outer loop
      vertex 31.02081528017131 50.020815280171306 0
      vertex 31.02081528017131 50.020815280171306 6.4
      vertex 32.022755533022625 48.92738936467117 6.4
    endloop
  endfacet
  facet normal 0.5372996083468223 0.8433914458128866 0
    outer loop
      vertex 28.750799417967784 51.92558475291286 0
      vertex 27.5 52.722431864335455 6.4
      vertex 28.750799417967784 51.92558475291286 6.4
    endloop
  endfacet
  facet normal 0.608761429008722 0.7933533402912342 0
    outer loop
      vertex 29.927389364671168 51.022755533022625 0
      vertex 28.750799417967784 51.92558475291286 6.4
      vertex 29.927389364671168 51.022755533022625 6.4
    endloop
  endfacet
  facet normal 0 0 1
    outer loop
      vertex 32.022755533022625 27.072610635328832 6.4
      vertex 31.02081528017131 50.020815280171306 6.4
      vertex 31.2 38 6.4
    endloop
  endfacet
  facet normal 0 0 1
    outer loop
      vertex 33.722431864335455 29.5 6.4
      vertex 33.722431864335455 46.5 6.4
      vertex 32.92558475291286 47.750799417967784 6.4
    endloop
  endfacet
  facet normal 0 0 1
    outer loop
      vertex 34.407232379623046 30.81548955040811 6.4
      vertex 34.407232379623046 45.18451044959189 6.4
      vertex 33.722431864335455 46.5 6.4
    endloop
  endfacet
  facet normal 0 0 1
    outer loop
      vertex 31.02081528017131 50.020815280171306 6.4
      vertex 30.464249973588082 42.17264574857316 6.4
      vertex 30.784295080726633 41.15759235025075 6.4
    endloop
  endfacet
  facet normal 0 0 1
    outer loop
      vertex 29.927389364671168 51.022755533022625 6.4
      vertex 30.05695500184713 43.155942793236534 6.4
      vertex 30.464249973588082 42.17264574857316 6.4
    endloop
  endfacet
  facet normal 0 0 1
    outer loop
      vertex 32.022755533022625 27.072610635328832 6.4
      vertex 32.022755533022625 48.92738936467117 6.4
      vertex 31.02081528017131 50.020815280171306 6.4
    endloop
  endfacet
  facet normal 0 0 1
    outer loop
      vertex 31.02081528017131 50.020815280171306 6.4
      vertex 31.153575316719294 39.06330006152143 6.4
      vertex 31.2 38 6.4
    endloop
  endfacet
  facet normal 0 0 1
    outer loop
      vertex 32.92558475291286 28.249200582032216 6.4
      vertex 32.92558475291286 47.750799417967784 6.4
      vertex 32.022755533022625 48.92738936467117 6.4
    endloop
  endfacet
  facet normal 0 0 1
    outer loop
      vertex 31.02081528017131 50.020815280171306 6.4
      vertex 31.01465458674894 40.11850776753655 6.4
      vertex 31.153575316719294 39.06330006152143 6.4
    endloop
  endfacet
  facet normal 0 0 1
    outer loop
      vertex 31.02081528017131 50.020815280171306 6.4
      vertex 30.784295080726633 41.15759235025075 6.4
      vertex 31.01465458674894 40.11850776753655 6.4
    endloop
  endfacet
  facet normal 0 0 1
    outer loop
      vertex 35.420739046914164 33.60007623325715 6.4
      vertex 35.741731801207536 35.047980979662185 6.4
      vertex 35.420739046914164 42.39992376674285 6.4
    endloop
  endfacet
  facet normal 0 0 1
    outer loop
      vertex 35.741731801207536 35.047980979662185 6.4
      vertex 35.935309867559674 36.51835237328981 6.4
      vertex 35.741731801207536 40.952019020337815 6.4
    endloop
  endfacet
  facet normal 0 0 1
    outer loop
      vertex 35.935309867559674 36.51835237328981 6.4
      vertex 36 38 6.4
      vertex 35.935309867559674 39.48164762671019 6.4
    endloop
  endfacet
  facet normal 0 0 1
    outer loop
      vertex 35.935309867559674 36.51835237328981 6.4
      vertex 35.935309867559674 39.48164762671019 6.4
      vertex 35.741731801207536 40.952019020337815 6.4
    endloop
  endfacet
  facet normal 0 0 1
    outer loop
      vertex 35.741731801207536 35.047980979662185 6.4
      vertex 35.741731801207536 40.952019020337815 6.4
      vertex 35.420739046914164 42.39992376674285 6.4
    endloop
  endfacet
  facet normal 0 0 1
    outer loop
      vertex 35.420739046914164 33.60007623325715 6.4
      vertex 35.420739046914164 42.39992376674285 6.4
      vertex 34.97477455336045 43.814342436536364 6.4
    endloop
  endfacet
  facet normal 0 0 1
    outer loop
      vertex 34.97477455336045 32.185657563463636 6.4
      vertex 34.97477455336045 43.814342436536364 6.4
      vertex 34.407232379623046 45.18451044959189 6.4
    endloop
  endfacet
  facet normal 0 0 1
    outer loop
      vertex 28.750799417967784 51.92558475291286 6.4
      vertex 28.993654940325698 44.997632523482764 6.4
      vertex 29.56550992617015 44.1 6.4
    endloop
  endfacet
  facet normal 0 0 1
    outer loop
      vertex 28.750799417967784 51.92558475291286 6.4
      vertex 28.345742206051533 45.84200883817578 6.4
      vertex 28.993654940325698 44.997632523482764 6.4
    endloop
  endfacet
  facet normal 0 0 1
    outer loop
      vertex 29.927389364671168 51.022755533022625 6.4
      vertex 29.56550992617015 44.1 6.4
      vertex 30.05695500184713 43.155942793236534 6.4
    endloop
  endfacet
  facet normal 0 0 1
    outer loop
      vertex 31.02081528017131 50.020815280171306 6.4
      vertex 29.927389364671168 51.022755533022625 6.4
      vertex 30.464249973588082 42.17264574857316 6.4
    endloop
  endfacet
  facet normal 0 0 1
    outer loop
      vertex 27.5 52.722431864335455 6.4
      vertex 27.62670273047588 46.626702730475884 6.4
      vertex 28.345742206051533 45.84200883817578 6.4
    endloop
  endfacet
  facet normal 0 0 1
    outer loop
      vertex 27.5 52.722431864335455 6.4
      vertex 28.345742206051533 45.84200883817578 6.4
      vertex 28.750799417967784 51.92558475291286 6.4
    endloop
  endfacet
  facet normal 0 0 1
    outer loop
      vertex 28.750799417967784 51.92558475291286 6.4
      vertex 29.56550992617015 44.1 6.4
      vertex 29.927389364671168 51.022755533022625 6.4
    endloop
  endfacet
  facet normal 0.5372996083468256 0.8433914458128846 0
    outer loop
      vertex 12.00236747651724 28.006345059674302 6.4
      vertex 12.9 27.43449007382985 0
      vertex 12.00236747651724 28.006345059674302 0
    endloop
  endfacet
  facet normal 0.4617486132350344 0.8870108331782215 0
    outer loop
      vertex 12.9 27.43449007382985 0
      vertex 12.9 27.43449007382985 6.4
      vertex 13.844057206763466 26.94304499815287 0
    endloop
  endfacet
  facet normal 0.7372773368101254 0.6755902076156588 -7.594750094798307e-18
    outer loop
      vertex 10.37329726952412 29.37329726952412 0
      vertex 9.654257793948469 30.15799116182422 0
      vertex 9.654257793948469 30.15799116182422 6.4
    endloop
  endfacet
  facet normal 0.7933533402912354 0.6087614290087204 3.651438982514352e-18
    outer loop
      vertex 9.654257793948469 30.15799116182422 0
      vertex 9.0063450596743 31.00236747651724 0
      vertex 9.0063450596743 31.00236747651724 6.4
    endloop
  endfacet
  facet normal 0.8433914458128848 0.537299608346825 -7.178711974315526e-18
    outer loop
      vertex 9.0063450596743 31.00236747651724 0
      vertex 8.43449007382985 31.9 0
      vertex 8.43449007382985 31.9 6.4
    endloop
  endfacet
  facet normal 0.6087614290087182 0.7933533402912369 0
    outer loop
      vertex 11.15799116182422 28.654257793948467 0
      vertex 11.15799116182422 28.654257793948467 6.4
      vertex 12.00236747651724 28.006345059674302 0
    endloop
  endfacet
  facet normal 0.6755902076156597 0.7372773368101246 -3.4336363855002026e-19
    outer loop
      vertex 11.15799116182422 28.654257793948467 0
      vertex 10.37329726952412 29.37329726952412 0
      vertex 10.37329726952412 29.37329726952412 6.4
    endloop
  endfacet
  facet normal 0.9238795325112866 0.38268343236509017 3.1945880026050618e-18
    outer loop
      vertex 7.943044998152871 32.844057206763466 0
      vertex 7.535750026411918 33.82735425142684 0
      vertex 7.535750026411918 33.82735425142684 6.4
    endloop
  endfacet
  facet normal 0.8870108331782218 0.46174861323503374 -8.481750089521752e-19
    outer loop
      vertex 8.43449007382985 31.9 0
      vertex 7.943044998152871 32.844057206763466 0
      vertex 7.943044998152871 32.844057206763466 6.4
    endloop
  endfacet
  facet normal 0.9537169507482272 0.3007057995042724 -1.8949196055607625e-18
    outer loop
      vertex 7.535750026411918 33.82735425142684 0
      vertex 7.215704919273367 34.84240764974925 0
      vertex 7.215704919273367 34.84240764974925 6.4
    endloop
  endfacet
  facet normal 0.9762960071199335 0.2164396139381026 0
    outer loop
      vertex 6.985345413251062 35.88149223246345 6.4
      vertex 7.215704919273367 34.84240764974925 0
      vertex 6.985345413251062 35.88149223246345 0
    endloop
  endfacet
  facet normal 0.9914448613738105 0.13052619222005157 1.5747493788066224e-18
    outer loop
      vertex 6.985345413251062 35.88149223246345 0
      vertex 6.846424683280706 36.93669993847857 0
      vertex 6.846424683280706 36.93669993847857 6.4
    endloop
  endfacet
  facet normal 0.38268343236508956 0.9238795325112868 0
    outer loop
      vertex 13.844057206763466 26.94304499815287 0
      vertex 13.844057206763466 26.94304499815287 6.4
      vertex 14.827354251426842 26.535750026411918 0
    endloop
  endfacet
  facet normal 0.3007057995042729 0.9537169507482269 0
    outer loop
      vertex 14.827354251426842 26.535750026411918 0
      vertex 14.827354251426842 26.535750026411918 6.4
      vertex 15.842407649749248 26.215704919273367 0
    endloop
  endfacet
  facet normal 0.21643961393810418 0.976296007119933 0
    outer loop
      vertex 15.842407649749248 26.215704919273367 0
      vertex 15.842407649749248 26.215704919273367 6.4
      vertex 16.88149223246345 25.98534541325106 0
    endloop
  endfacet
  facet normal 0.1305261922200499 0.9914448613738106 0
    outer loop
      vertex 16.88149223246345 25.98534541325106 0
      vertex 16.88149223246345 25.98534541325106 6.4
      vertex 17.93669993847857 25.846424683280706 0
    endloop
  endfacet
  facet normal 0.043619387365336326 0.9990482215818577 0
    outer loop
      vertex 17.93669993847857 25.846424683280706 0
      vertex 17.93669993847857 25.846424683280706 6.4
      vertex 19 25.8 0
    endloop
  endfacet
  facet normal -0.043619387365336326 0.9990482215818577 0
    outer loop
      vertex 19 25.8 0
      vertex 19 25.8 6.4
      vertex 20.06330006152143 25.846424683280706 0
    endloop
  endfacet
  facet normal -0.1305261922200499 0.9914448613738106 0
    outer loop
      vertex 20.06330006152143 25.846424683280706 0
      vertex 20.06330006152143 25.846424683280706 6.4
      vertex 21.11850776753655 25.98534541325106 0
    endloop
  endfacet
  facet normal -0.21643961393810418 0.976296007119933 0
    outer loop
      vertex 21.11850776753655 25.98534541325106 0
      vertex 21.11850776753655 25.98534541325106 6.4
      vertex 22.157592350250752 26.215704919273367 0
    endloop
  endfacet
  facet normal -0.3007057995042724 0.9537169507482272 0
    outer loop
      vertex 22.157592350250752 26.215704919273367 6.4
      vertex 23.17264574857316 26.535750026411918 0
      vertex 22.157592350250752 26.215704919273367 0
    endloop
  endfacet
  facet normal -0.38268343236509017 0.9238795325112866 0
    outer loop
      vertex 23.17264574857316 26.535750026411918 0
      vertex 23.17264574857316 26.535750026411918 6.4
      vertex 24.155942793236534 26.94304499815287 0
    endloop
  endfacet
  facet normal -0.46174861323503374 0.8870108331782218 0
    outer loop
      vertex 24.155942793236534 26.94304499815287 0
      vertex 24.155942793236534 26.94304499815287 6.4
      vertex 25.1 27.43449007382985 0
    endloop
  endfacet
  facet normal -0.5372996083468262 0.8433914458128842 0
    outer loop
      vertex 25.1 27.43449007382985 0
      vertex 25.1 27.43449007382985 6.4
      vertex 25.99763252348276 28.006345059674302 0
    endloop
  endfacet
  facet normal -0.6087614290087182 0.7933533402912369 0
    outer loop
      vertex 25.99763252348276 28.006345059674302 0
      vertex 25.99763252348276 28.006345059674302 6.4
      vertex 26.84200883817578 28.654257793948467 0
    endloop
  endfacet
  facet normal -0.6755902076156597 0.7372773368101246 0
    outer loop
      vertex 26.84200883817578 28.654257793948467 0
      vertex 26.84200883817578 28.654257793948467 6.4
      vertex 27.62670273047588 29.37329726952412 0
    endloop
  endfacet
  facet normal 0.9990482215818577 0.043619387365336326 -2.9109932500392643e-19
    outer loop
      vertex 6.846424683280706 36.93669993847857 0
      vertex 6.800000000000001 38 0
      vertex 6.800000000000001 38 6.4
    endloop
  endfacet
  facet normal 0.9990482215818577 -0.043619387365336326 2.9109932500392643e-19
    outer loop
      vertex 6.800000000000001 38 0
      vertex 6.846424683280706 39.06330006152143 0
      vertex 6.846424683280706 39.06330006152143 6.4
    endloop
  endfacet
  facet normal 0.9914448613738105 -0.13052619222005157 -1.5747493788066224e-18
    outer loop
      vertex 6.846424683280706 39.06330006152143 0
      vertex 6.985345413251062 40.11850776753655 0
      vertex 6.985345413251062 40.11850776753655 6.4
    endloop
  endfacet
  facet normal 0.9762960071199335 -0.2164396139381026 0
    outer loop
      vertex 7.215704919273367 41.15759235025075 6.4
      vertex 6.985345413251062 40.11850776753655 0
      vertex 7.215704919273367 41.15759235025075 0
    endloop
  endfacet
  facet normal 0.9537169507482272 -0.3007057995042724 1.8949196055607625e-18
    outer loop
      vertex 7.215704919273367 41.15759235025075 0
      vertex 7.535750026411918 42.17264574857316 0
      vertex 7.535750026411918 42.17264574857316 6.4
    endloop
  endfacet
  facet normal 0.9238795325112866 -0.38268343236509017 -3.1945880026050618e-18
    outer loop
      vertex 7.535750026411918 42.17264574857316 0
      vertex 7.943044998152871 43.155942793236534 0
      vertex 7.943044998152871 43.155942793236534 6.4
    endloop
  endfacet
  facet normal 0.8870108331782218 -0.46174861323503374 8.481750089521752e-19
    outer loop
      vertex 7.943044998152871 43.155942793236534 0
      vertex 8.43449007382985 44.1 0
      vertex 8.43449007382985 44.1 6.4
    endloop
  endfacet
  facet normal 0.8433914458128858 -0.5372996083468236 -4.241024352713599e-18
    outer loop
      vertex 8.43449007382985 44.1 0
      vertex 9.0063450596743 44.997632523482764 0
      vertex 9.0063450596743 44.997632523482764 6.4
    endloop
  endfacet
  facet normal 0.793353340291234 -0.608761429008722 6.970111075828187e-19
    outer loop
      vertex 9.0063450596743 44.997632523482764 0
      vertex 9.654257793948469 45.84200883817578 0
      vertex 9.654257793948469 45.84200883817578 6.4
    endloop
  endfacet
  facet normal 0.737277336810127 -0.675590207615657 7.745731259896316e-18
    outer loop
      vertex 9.654257793948469 45.84200883817578 0
      vertex 10.37329726952412 46.626702730475884 0
      vertex 10.37329726952412 46.626702730475884 6.4
    endloop
  endfacet
  facet normal 0.6755902076156578 -0.7372773368101262 0
    outer loop
      vertex 11.15799116182422 47.34574220605153 0
      vertex 11.15799116182422 47.34574220605153 6.4
      vertex 10.37329726952412 46.626702730475884 0
    endloop
  endfacet
  facet normal 0.6087614290087182 -0.7933533402912369 0
    outer loop
      vertex 12.00236747651724 47.9936549403257 6.4
      vertex 11.15799116182422 47.34574220605153 0
      vertex 12.00236747651724 47.9936549403257 0
    endloop
  endfacet
  facet normal 0.5372996083468256 -0.8433914458128846 0
    outer loop
      vertex 12.9 48.56550992617015 0
      vertex 12.9 48.56550992617015 6.4
      vertex 12.00236747651724 47.9936549403257 0
    endloop
  endfacet
  facet normal 0.4617486132350344 -0.8870108331782215 0
    outer loop
      vertex 13.844057206763466 49.05695500184713 0
      vertex 13.844057206763466 49.05695500184713 6.4
      vertex 12.9 48.56550992617015 0
    endloop
  endfacet
  facet normal 0.38268343236508956 -0.9238795325112868 0
    outer loop
      vertex 14.827354251426842 49.46424997358808 0
      vertex 14.827354251426842 49.46424997358808 6.4
      vertex 13.844057206763466 49.05695500184713 0
    endloop
  endfacet
  facet normal 0.3007057995042759 -0.9537169507482259 0
    outer loop
      vertex 15.842407649749248 49.784295080726636 0
      vertex 15.842407649749248 49.784295080726636 6.4
      vertex 14.827354251426842 49.46424997358808 0
    endloop
  endfacet
  facet normal 0.21643961393810104 -0.9762960071199338 0
    outer loop
      vertex 16.88149223246345 50.01465458674894 0
      vertex 16.88149223246345 50.01465458674894 6.4
      vertex 15.842407649749248 49.784295080726636 0
    endloop
  endfacet
  facet normal 0.1305261922200532 -0.9914448613738102 5.982865668947346e-19
    outer loop
      vertex 16.88149223246345 50.01465458674894 0
      vertex 17.93669993847857 50.1535753167193 0
      vertex 17.93669993847857 50.1535753167193 6.4
    endloop
  endfacet
  facet normal 0.04361938736526946 -0.9990482215818606 1.9248030987163356e-20
    outer loop
      vertex 17.93669993847857 50.1535753167193 0
      vertex 18 50.156339057091486 0
      vertex 18 50.156339057091486 6.4
    endloop
  endfacet
  facet normal -0.04361938736526946 -0.9990482215818606 -1.9248030987163356e-20
    outer loop
      vertex 20 50.156339057091486 0
      vertex 20.06330006152143 50.1535753167193 0
      vertex 20.06330006152143 50.1535753167193 6.4
    endloop
  endfacet
  facet normal -0.1305261922200532 -0.9914448613738102 0
    outer loop
      vertex 21.11850776753655 50.01465458674894 0
      vertex 21.11850776753655 50.01465458674894 6.4
      vertex 20.06330006152143 50.1535753167193 0
    endloop
  endfacet
  facet normal -0.21643961393810104 -0.9762960071199338 0
    outer loop
      vertex 22.157592350250752 49.784295080726636 6.4
      vertex 21.11850776753655 50.01465458674894 0
      vertex 22.157592350250752 49.784295080726636 0
    endloop
  endfacet
  facet normal -0.38268343236509017 -0.9238795325112866 0
    outer loop
      vertex 24.155942793236534 49.05695500184713 0
      vertex 24.155942793236534 49.05695500184713 6.4
      vertex 23.17264574857316 49.46424997358808 0
    endloop
  endfacet
  facet normal -0.30070579950427545 -0.9537169507482262 0
    outer loop
      vertex 23.17264574857316 49.46424997358808 0
      vertex 23.17264574857316 49.46424997358808 6.4
      vertex 22.157592350250752 49.784295080726636 0
    endloop
  endfacet
  facet normal -0.5372996083468262 -0.8433914458128842 0
    outer loop
      vertex 25.99763252348276 47.9936549403257 0
      vertex 25.99763252348276 47.9936549403257 6.4
      vertex 25.1 48.56550992617015 0
    endloop
  endfacet
  facet normal -0.6755902076156578 -0.7372773368101262 1.4528600006055396e-18
    outer loop
      vertex 26.84200883817578 47.34574220605153 0
      vertex 27.62670273047588 46.626702730475884 0
      vertex 27.62670273047588 46.626702730475884 6.4
    endloop
  endfacet
  facet normal -0.6087614290087182 -0.7933533402912369 0
    outer loop
      vertex 26.84200883817578 47.34574220605153 0
      vertex 26.84200883817578 47.34574220605153 6.4
      vertex 25.99763252348276 47.9936549403257 0
    endloop
  endfacet
  facet normal -0.46174861323503374 -0.8870108331782218 0
    outer loop
      vertex 25.1 48.56550992617015 0
      vertex 25.1 48.56550992617015 6.4
      vertex 24.155942793236534 49.05695500184713 0
    endloop
  endfacet
  facet normal -0.7372773368101246 0.6755902076156597 3.4336363855002026e-19
    outer loop
      vertex 28.345742206051533 30.15799116182422 0
      vertex 27.62670273047588 29.37329726952412 0
      vertex 27.62670273047588 29.37329726952412 6.4
    endloop
  endfacet
  facet normal -0.7933533402912369 0.6087614290087182 -3.978104615210742e-18
    outer loop
      vertex 28.993654940325698 31.00236747651724 0
      vertex 28.345742206051533 30.15799116182422 0
      vertex 28.345742206051533 30.15799116182422 6.4
    endloop
  endfacet
  facet normal -0.8433914458128842 0.5372996083468262 -3.2180858221257955e-18
    outer loop
      vertex 29.56550992617015 31.9 0
      vertex 28.993654940325698 31.00236747651724 0
      vertex 28.993654940325698 31.00236747651724 6.4
    endloop
  endfacet
  facet normal -0.8870108331782218 0.46174861323503374 8.481750089521752e-19
    outer loop
      vertex 30.05695500184713 32.844057206763466 0
      vertex 29.56550992617015 31.9 0
      vertex 29.56550992617015 31.9 6.4
    endloop
  endfacet
  facet normal -0.9238795325112866 0.38268343236509017 -3.1945880026050618e-18
    outer loop
      vertex 30.464249973588082 33.82735425142684 0
      vertex 30.05695500184713 32.844057206763466 0
      vertex 30.05695500184713 32.844057206763466 6.4
    endloop
  endfacet
  facet normal -0.9537169507482272 0.3007057995042724 1.8949196055607625e-18
    outer loop
      vertex 30.784295080726633 34.84240764974925 0
      vertex 30.464249973588082 33.82735425142684 0
      vertex 30.464249973588082 33.82735425142684 6.4
    endloop
  endfacet
  facet normal -0.976296007119933 0.21643961393810418 -1.5942890429923146e-18
    outer loop
      vertex 31.01465458674894 35.88149223246345 0
      vertex 30.784295080726633 34.84240764974925 0
      vertex 30.784295080726633 34.84240764974925 6.4
    endloop
  endfacet
  facet normal -0.9914448613738106 0.1305261922200499 3.2696381340506316e-19
    outer loop
      vertex 31.153575316719294 36.93669993847857 0
      vertex 31.01465458674894 35.88149223246345 0
      vertex 31.01465458674894 35.88149223246345 6.4
    endloop
  endfacet
  facet normal -0.9990482215818577 0.043619387365336326 0
    outer loop
      vertex 31.153575316719294 36.93669993847857 6.4
      vertex 31.2 38 0
      vertex 31.153575316719294 36.93669993847857 0
    endloop
  endfacet
  facet normal -0.9990482215818577 -0.043619387365336326 0
    outer loop
      vertex 31.2 38 0
      vertex 31.2 38 6.4
      vertex 31.153575316719294 39.06330006152143 0
    endloop
  endfacet
  facet normal -0.9914448613738106 -0.1305261922200499 -3.2696381340506316e-19
    outer loop
      vertex 31.01465458674894 40.11850776753655 0
      vertex 31.153575316719294 39.06330006152143 0
      vertex 31.153575316719294 39.06330006152143 6.4
    endloop
  endfacet
  facet normal -0.976296007119933 -0.21643961393810418 1.5942890429923146e-18
    outer loop
      vertex 30.784295080726633 41.15759235025075 0
      vertex 31.01465458674894 40.11850776753655 0
      vertex 31.01465458674894 40.11850776753655 6.4
    endloop
  endfacet
  facet normal -0.9537169507482272 -0.3007057995042724 -1.8949196055607625e-18
    outer loop
      vertex 30.464249973588082 42.17264574857316 0
      vertex 30.784295080726633 41.15759235025075 0
      vertex 30.784295080726633 41.15759235025075 6.4
    endloop
  endfacet
  facet normal -0.9238795325112866 -0.38268343236509017 3.1945880026050618e-18
    outer loop
      vertex 30.05695500184713 43.155942793236534 0
      vertex 30.464249973588082 42.17264574857316 0
      vertex 30.464249973588082 42.17264574857316 6.4
    endloop
  endfacet
  facet normal -0.8870108331782218 -0.46174861323503374 -8.481750089521752e-19
    outer loop
      vertex 29.56550992617015 44.1 0
      vertex 30.05695500184713 43.155942793236534 0
      vertex 30.05695500184713 43.155942793236534 6.4
    endloop
  endfacet
  facet normal -0.7933533402912357 -0.6087614290087199 -3.7034547488828826e-19
    outer loop
      vertex 28.345742206051533 45.84200883817578 0
      vertex 28.993654940325698 44.997632523482764 0
      vertex 28.993654940325698 44.997632523482764 6.4
    endloop
  endfacet
  facet normal -0.8433914458128852 -0.5372996083468248 -1.6611744024981528e-18
    outer loop
      vertex 28.993654940325698 44.997632523482764 0
      vertex 29.56550992617015 44.1 0
      vertex 29.56550992617015 44.1 6.4
    endloop
  endfacet
  facet normal -0.7372773368101261 -0.675590207615658 -4.943448036489734e-19
    outer loop
      vertex 27.62670273047588 46.626702730475884 0
      vertex 28.345742206051533 45.84200883817578 0
      vertex 28.345742206051533 45.84200883817578 6.4
    endloop
  endfacet
  facet normal 0.5372996083468256 0.8433914458128846 0
    outer loop
      vertex 12.9 27.43449007382985 0
      vertex 12.00236747651724 28.006345059674302 6.4
      vertex 12.9 27.43449007382985 6.4
    endloop
  endfacet
  facet normal 0.4617486132350344 0.8870108331782215 0
    outer loop
      vertex 13.844057206763466 26.94304499815287 0
      vertex 12.9 27.43449007382985 6.4
      vertex 13.844057206763466 26.94304499815287 6.4
    endloop
  endfacet
  facet normal 0.7372773368101254 0.6755902076156588 -7.594750094798307e-18
    outer loop
      vertex 9.654257793948469 30.15799116182422 6.4
      vertex 10.37329726952412 29.37329726952412 6.4
      vertex 10.37329726952412 29.37329726952412 0
    endloop
  endfacet
  facet normal 0.8870108331782218 0.46174861323503374 -8.481750089521752e-19
    outer loop
      vertex 7.943044998152871 32.844057206763466 6.4
      vertex 8.43449007382985 31.9 6.4
      vertex 8.43449007382985 31.9 0
    endloop
  endfacet
  facet normal 0.7933533402912354 0.6087614290087204 3.651438982514352e-18
    outer loop
      vertex 9.0063450596743 31.00236747651724 6.4
      vertex 9.654257793948469 30.15799116182422 6.4
      vertex 9.654257793948469 30.15799116182422 0
    endloop
  endfacet
  facet normal 0.8433914458128848 0.537299608346825 -7.178711974315526e-18
    outer loop
      vertex 8.43449007382985 31.9 6.4
      vertex 9.0063450596743 31.00236747651724 6.4
      vertex 9.0063450596743 31.00236747651724 0
    endloop
  endfacet
  facet normal 0.6755902076156597 0.7372773368101246 0
    outer loop
      vertex 11.15799116182422 28.654257793948467 0
      vertex 10.37329726952412 29.37329726952412 6.4
      vertex 11.15799116182422 28.654257793948467 6.4
    endloop
  endfacet
  facet normal 0.6087614290087182 0.7933533402912369 0
    outer loop
      vertex 12.00236747651724 28.006345059674302 6.4
      vertex 12.00236747651724 28.006345059674302 0
      vertex 11.15799116182422 28.654257793948467 6.4
    endloop
  endfacet
  facet normal 0.9238795325112866 0.38268343236509017 3.1945880026050618e-18
    outer loop
      vertex 7.535750026411918 33.82735425142684 6.4
      vertex 7.943044998152871 32.844057206763466 6.4
      vertex 7.943044998152871 32.844057206763466 0
    endloop
  endfacet
  facet normal 0.9537169507482272 0.3007057995042724 0
    outer loop
      vertex 7.535750026411918 33.82735425142684 0
      vertex 7.215704919273367 34.84240764974925 6.4
      vertex 7.535750026411918 33.82735425142684 6.4
    endloop
  endfacet
  facet normal 0.9762960071199335 0.2164396139381026 -4.373267086418651e-19
    outer loop
      vertex 6.985345413251062 35.88149223246345 6.4
      vertex 7.215704919273367 34.84240764974925 6.4
      vertex 7.215704919273367 34.84240764974925 0
    endloop
  endfacet
  facet normal 0.9914448613738105 0.13052619222005157 1.5747493788066224e-18
    outer loop
      vertex 6.846424683280706 36.93669993847857 6.4
      vertex 6.985345413251062 35.88149223246345 6.4
      vertex 6.985345413251062 35.88149223246345 0
    endloop
  endfacet
  facet normal 0.38268343236508956 0.9238795325112868 0
    outer loop
      vertex 14.827354251426842 26.535750026411918 0
      vertex 13.844057206763466 26.94304499815287 6.4
      vertex 14.827354251426842 26.535750026411918 6.4
    endloop
  endfacet
  facet normal 0.3007057995042729 0.9537169507482269 0
    outer loop
      vertex 15.842407649749248 26.215704919273367 0
      vertex 14.827354251426842 26.535750026411918 6.4
      vertex 15.842407649749248 26.215704919273367 6.4
    endloop
  endfacet
  facet normal 0.21643961393810418 0.976296007119933 0
    outer loop
      vertex 16.88149223246345 25.98534541325106 0
      vertex 15.842407649749248 26.215704919273367 6.4
      vertex 16.88149223246345 25.98534541325106 6.4
    endloop
  endfacet
  facet normal 0.1305261922200499 0.9914448613738106 0
    outer loop
      vertex 17.93669993847857 25.846424683280706 0
      vertex 16.88149223246345 25.98534541325106 6.4
      vertex 17.93669993847857 25.846424683280706 6.4
    endloop
  endfacet
  facet normal 0.043619387365336326 0.9990482215818577 0
    outer loop
      vertex 19 25.8 0
      vertex 17.93669993847857 25.846424683280706 6.4
      vertex 19 25.8 6.4
    endloop
  endfacet
  facet normal -0.043619387365336326 0.9990482215818577 0
    outer loop
      vertex 20.06330006152143 25.846424683280706 0
      vertex 19 25.8 6.4
      vertex 20.06330006152143 25.846424683280706 6.4
    endloop
  endfacet
  facet normal -0.1305261922200499 0.9914448613738106 0
    outer loop
      vertex 21.11850776753655 25.98534541325106 0
      vertex 20.06330006152143 25.846424683280706 6.4
      vertex 21.11850776753655 25.98534541325106 6.4
    endloop
  endfacet
  facet normal -0.21643961393810418 0.976296007119933 0
    outer loop
      vertex 22.157592350250752 26.215704919273367 6.4
      vertex 22.157592350250752 26.215704919273367 0
      vertex 21.11850776753655 25.98534541325106 6.4
    endloop
  endfacet
  facet normal -0.3007057995042724 0.9537169507482272 0
    outer loop
      vertex 23.17264574857316 26.535750026411918 0
      vertex 22.157592350250752 26.215704919273367 6.4
      vertex 23.17264574857316 26.535750026411918 6.4
    endloop
  endfacet
  facet normal -0.38268343236509017 0.9238795325112866 0
    outer loop
      vertex 24.155942793236534 26.94304499815287 0
      vertex 23.17264574857316 26.535750026411918 6.4
      vertex 24.155942793236534 26.94304499815287 6.4
    endloop
  endfacet
  facet normal -0.46174861323503374 0.8870108331782218 0
    outer loop
      vertex 25.1 27.43449007382985 0
      vertex 24.155942793236534 26.94304499815287 6.4
      vertex 25.1 27.43449007382985 6.4
    endloop
  endfacet
  facet normal -0.5372996083468262 0.8433914458128842 0
    outer loop
      vertex 25.99763252348276 28.006345059674302 0
      vertex 25.1 27.43449007382985 6.4
      vertex 25.99763252348276 28.006345059674302 6.4
    endloop
  endfacet
  facet normal -0.6087614290087182 0.7933533402912369 0
    outer loop
      vertex 26.84200883817578 28.654257793948467 0
      vertex 25.99763252348276 28.006345059674302 6.4
      vertex 26.84200883817578 28.654257793948467 6.4
    endloop
  endfacet
  facet normal -0.6755902076156597 0.7372773368101246 0
    outer loop
      vertex 27.62670273047588 29.37329726952412 6.4
      vertex 27.62670273047588 29.37329726952412 0
      vertex 26.84200883817578 28.654257793948467 6.4
    endloop
  endfacet
  facet normal 0.9990482215818577 0.043619387365336326 0
    outer loop
      vertex 6.846424683280706 36.93669993847857 0
      vertex 6.800000000000001 38 6.4
      vertex 6.846424683280706 36.93669993847857 6.4
    endloop
  endfacet
  facet normal 0.9990482215818577 -0.043619387365336326 0
    outer loop
      vertex 6.800000000000001 38 0
      vertex 6.846424683280706 39.06330006152143 6.4
      vertex 6.800000000000001 38 6.4
    endloop
  endfacet
  facet normal 0.9914448613738105 -0.13052619222005157 -1.5747493788066224e-18
    outer loop
      vertex 6.985345413251062 40.11850776753655 6.4
      vertex 6.846424683280706 39.06330006152143 6.4
      vertex 6.846424683280706 39.06330006152143 0
    endloop
  endfacet
  facet normal 0.9762960071199335 -0.2164396139381026 4.373267086418651e-19
    outer loop
      vertex 7.215704919273367 41.15759235025075 6.4
      vertex 6.985345413251062 40.11850776753655 6.4
      vertex 6.985345413251062 40.11850776753655 0
    endloop
  endfacet
  facet normal 0.9537169507482272 -0.3007057995042724 1.8949196055607625e-18
    outer loop
      vertex 7.535750026411918 42.17264574857316 6.4
      vertex 7.215704919273367 41.15759235025075 6.4
      vertex 7.215704919273367 41.15759235025075 0
    endloop
  endfacet
  facet normal 0.9238795325112866 -0.38268343236509017 0
    outer loop
      vertex 7.535750026411918 42.17264574857316 0
      vertex 7.943044998152871 43.155942793236534 6.4
      vertex 7.535750026411918 42.17264574857316 6.4
    endloop
  endfacet
  facet normal 0.8870108331782218 -0.46174861323503374 8.481750089521752e-19
    outer loop
      vertex 8.43449007382985 44.1 6.4
      vertex 7.943044998152871 43.155942793236534 6.4
      vertex 7.943044998152871 43.155942793236534 0
    endloop
  endfacet
  facet normal 0.8433914458128858 -0.5372996083468236 0
    outer loop
      vertex 8.43449007382985 44.1 0
      vertex 9.0063450596743 44.997632523482764 6.4
      vertex 8.43449007382985 44.1 6.4
    endloop
  endfacet
  facet normal 0.793353340291234 -0.608761429008722 6.970111075828187e-19
    outer loop
      vertex 9.654257793948469 45.84200883817578 6.4
      vertex 9.0063450596743 44.997632523482764 6.4
      vertex 9.0063450596743 44.997632523482764 0
    endloop
  endfacet
  facet normal 0.737277336810127 -0.675590207615657 0
    outer loop
      vertex 9.654257793948469 45.84200883817578 0
      vertex 10.37329726952412 46.626702730475884 6.4
      vertex 9.654257793948469 45.84200883817578 6.4
    endloop
  endfacet
  facet normal 0.6755902076156578 -0.7372773368101262 0
    outer loop
      vertex 10.37329726952412 46.626702730475884 0
      vertex 11.15799116182422 47.34574220605153 6.4
      vertex 10.37329726952412 46.626702730475884 6.4
    endloop
  endfacet
  facet normal 0.6087614290087182 -0.7933533402912369 0
    outer loop
      vertex 11.15799116182422 47.34574220605153 0
      vertex 12.00236747651724 47.9936549403257 6.4
      vertex 11.15799116182422 47.34574220605153 6.4
    endloop
  endfacet
  facet normal 0.5372996083468256 -0.8433914458128846 0
    outer loop
      vertex 12.00236747651724 47.9936549403257 6.4
      vertex 12.00236747651724 47.9936549403257 0
      vertex 12.9 48.56550992617015 6.4
    endloop
  endfacet
  facet normal 0.4617486132350344 -0.8870108331782215 0
    outer loop
      vertex 12.9 48.56550992617015 0
      vertex 13.844057206763466 49.05695500184713 6.4
      vertex 12.9 48.56550992617015 6.4
    endloop
  endfacet
  facet normal 0.38268343236508956 -0.9238795325112868 0
    outer loop
      vertex 13.844057206763466 49.05695500184713 0
      vertex 14.827354251426842 49.46424997358808 6.4
      vertex 13.844057206763466 49.05695500184713 6.4
    endloop
  endfacet
  facet normal 0.3007057995042759 -0.9537169507482259 0
    outer loop
      vertex 14.827354251426842 49.46424997358808 0
      vertex 15.842407649749248 49.784295080726636 6.4
      vertex 14.827354251426842 49.46424997358808 6.4
    endloop
  endfacet
  facet normal 0.21643961393810104 -0.9762960071199338 0
    outer loop
      vertex 15.842407649749248 49.784295080726636 0
      vertex 16.88149223246345 50.01465458674894 6.4
      vertex 15.842407649749248 49.784295080726636 6.4
    endloop
  endfacet
  facet normal 0.1305261922200532 -0.9914448613738102 0
    outer loop
      vertex 16.88149223246345 50.01465458674894 0
      vertex 17.93669993847857 50.1535753167193 6.4
      vertex 16.88149223246345 50.01465458674894 6.4
    endloop
  endfacet
  facet normal 0.04361938736526946 -0.9990482215818606 0
    outer loop
      vertex 17.93669993847857 50.1535753167193 0
      vertex 18 50.156339057091486 6.4
      vertex 17.93669993847857 50.1535753167193 6.4
    endloop
  endfacet
  facet normal -0.04361938736526946 -0.9990482215818606 0
    outer loop
      vertex 20 50.156339057091486 0
      vertex 20.06330006152143 50.1535753167193 6.4
      vertex 20 50.156339057091486 6.4
    endloop
  endfacet
  facet normal -0.1305261922200532 -0.9914448613738102 0
    outer loop
      vertex 20.06330006152143 50.1535753167193 0
      vertex 21.11850776753655 50.01465458674894 6.4
      vertex 20.06330006152143 50.1535753167193 6.4
    endloop
  endfacet
  facet normal -0.21643961393810104 -0.9762960071199338 0
    outer loop
      vertex 21.11850776753655 50.01465458674894 0
      vertex 22.157592350250752 49.784295080726636 6.4
      vertex 21.11850776753655 50.01465458674894 6.4
    endloop
  endfacet
  facet normal -0.38268343236509017 -0.9238795325112866 0
    outer loop
      vertex 23.17264574857316 49.46424997358808 0
      vertex 24.155942793236534 49.05695500184713 6.4
      vertex 23.17264574857316 49.46424997358808 6.4
    endloop
  endfacet
  facet normal -0.30070579950427545 -0.9537169507482262 0
    outer loop
      vertex 22.157592350250752 49.784295080726636 6.4
      vertex 22.157592350250752 49.784295080726636 0
      vertex 23.17264574857316 49.46424997358808 6.4
    endloop
  endfacet
  facet normal -0.6087614290087182 -0.7933533402912369 0
    outer loop
      vertex 25.99763252348276 47.9936549403257 0
      vertex 26.84200883817578 47.34574220605153 6.4
      vertex 25.99763252348276 47.9936549403257 6.4
    endloop
  endfacet
  facet normal -0.6755902076156578 -0.7372773368101262 0
    outer loop
      vertex 26.84200883817578 47.34574220605153 0
      vertex 27.62670273047588 46.626702730475884 6.4
      vertex 26.84200883817578 47.34574220605153 6.4
    endloop
  endfacet
  facet normal -0.46174861323503374 -0.8870108331782218 0
    outer loop
      vertex 24.155942793236534 49.05695500184713 0
      vertex 25.1 48.56550992617015 6.4
      vertex 24.155942793236534 49.05695500184713 6.4
    endloop
  endfacet
  facet normal -0.5372996083468262 -0.8433914458128842 0
    outer loop
      vertex 25.1 48.56550992617015 0
      vertex 25.99763252348276 47.9936549403257 6.4
      vertex 25.1 48.56550992617015 6.4
    endloop
  endfacet
  facet normal -0.7372773368101246 0.6755902076156597 0
    outer loop
      vertex 28.345742206051533 30.15799116182422 0
      vertex 27.62670273047588 29.37329726952412 6.4
      vertex 28.345742206051533 30.15799116182422 6.4
    endloop
  endfacet
  facet normal -0.7933533402912369 0.6087614290087182 -3.978104615210742e-18
    outer loop
      vertex 28.345742206051533 30.15799116182422 6.4
      vertex 28.993654940325698 31.00236747651724 6.4
      vertex 28.993654940325698 31.00236747651724 0
    endloop
  endfacet
  facet normal -0.8433914458128842 0.5372996083468262 0
    outer loop
      vertex 29.56550992617015 31.9 0
      vertex 28.993654940325698 31.00236747651724 6.4
      vertex 29.56550992617015 31.9 6.4
    endloop
  endfacet
  facet normal -0.8870108331782218 0.46174861323503374 8.481750089521752e-19
    outer loop
      vertex 29.56550992617015 31.9 6.4
      vertex 30.05695500184713 32.844057206763466 6.4
      vertex 30.05695500184713 32.844057206763466 0
    endloop
  endfacet
  facet normal -0.9238795325112866 0.38268343236509017 0
    outer loop
      vertex 30.464249973588082 33.82735425142684 0
      vertex 30.05695500184713 32.844057206763466 6.4
      vertex 30.464249973588082 33.82735425142684 6.4
    endloop
  endfacet
  facet normal -0.9537169507482272 0.3007057995042724 1.8949196055607625e-18
    outer loop
      vertex 30.464249973588082 33.82735425142684 6.4
      vertex 30.784295080726633 34.84240764974925 6.4
      vertex 30.784295080726633 34.84240764974925 0
    endloop
  endfacet
  facet normal -0.976296007119933 0.21643961393810418 0
    outer loop
      vertex 31.01465458674894 35.88149223246345 0
      vertex 30.784295080726633 34.84240764974925 6.4
      vertex 31.01465458674894 35.88149223246345 6.4
    endloop
  endfacet
  facet normal -0.9914448613738106 0.1305261922200499 3.2696381340506316e-19
    outer loop
      vertex 31.01465458674894 35.88149223246345 6.4
      vertex 31.153575316719294 36.93669993847857 6.4
      vertex 31.153575316719294 36.93669993847857 0
    endloop
  endfacet
  facet normal -0.976296007119933 -0.21643961393810418 0
    outer loop
      vertex 30.784295080726633 41.15759235025075 0
      vertex 31.01465458674894 40.11850776753655 6.4
      vertex 30.784295080726633 41.15759235025075 6.4
    endloop
  endfacet
  facet normal -0.9990482215818577 0.043619387365336326 2.9109932500392643e-19
    outer loop
      vertex 31.153575316719294 36.93669993847857 6.4
      vertex 31.2 38 6.4
      vertex 31.2 38 0
    endloop
  endfacet
  facet normal -0.9990482215818577 -0.043619387365336326 0
    outer loop
      vertex 31.153575316719294 39.06330006152143 6.4
      vertex 31.153575316719294 39.06330006152143 0
      vertex 31.2 38 6.4
    endloop
  endfacet
  facet normal -0.9914448613738106 -0.1305261922200499 -3.2696381340506316e-19
    outer loop
      vertex 31.153575316719294 39.06330006152143 6.4
      vertex 31.01465458674894 40.11850776753655 6.4
      vertex 31.01465458674894 40.11850776753655 0
    endloop
  endfacet
  facet normal -0.9537169507482272 -0.3007057995042724 0
    outer loop
      vertex 30.464249973588082 42.17264574857316 0
      vertex 30.784295080726633 41.15759235025075 6.4
      vertex 30.464249973588082 42.17264574857316 6.4
    endloop
  endfacet
  facet normal -0.9238795325112866 -0.38268343236509017 3.1945880026050618e-18
    outer loop
      vertex 30.464249973588082 42.17264574857316 6.4
      vertex 30.05695500184713 43.155942793236534 6.4
      vertex 30.05695500184713 43.155942793236534 0
    endloop
  endfacet
  facet normal -0.8433914458128852 -0.5372996083468248 -1.6611744024981528e-18
    outer loop
      vertex 29.56550992617015 44.1 6.4
      vertex 28.993654940325698 44.997632523482764 6.4
      vertex 28.993654940325698 44.997632523482764 0
    endloop
  endfacet
  facet normal -0.7933533402912357 -0.6087614290087199 -3.7034547488828826e-19
    outer loop
      vertex 28.993654940325698 44.997632523482764 6.4
      vertex 28.345742206051533 45.84200883817578 6.4
      vertex 28.345742206051533 45.84200883817578 0
    endloop
  endfacet
  facet normal -0.8870108331782218 -0.46174861323503374 -8.481750089521752e-19
    outer loop
      vertex 30.05695500184713 43.155942793236534 6.4
      vertex 29.56550992617015 44.1 6.4
      vertex 29.56550992617015 44.1 0
    endloop
  endfacet
  facet normal -0.7372773368101261 -0.675590207615658 -4.943448036489734e-19
    outer loop
      vertex 28.345742206051533 45.84200883817578 6.4
      vertex 27.62670273047588 46.626702730475884 6.4
      vertex 27.62670273047588 46.626702730475884 0
    endloop
  endfacet
  facet normal -1 0 0
    outer loop
      vertex 20 50.156339057091486 0
      vertex 20 50.156339057091486 6.4
      vertex 20 54.95633905709148 0
    endloop
  endfacet
  facet normal 1 0 0
    outer loop
      vertex 18 50.156339057091486 0
      vertex 18 54.95633905709148 0
      vertex 18 54.95633905709148 6.4
    endloop
  endfacet
  facet normal 1 0 0
    outer loop
      vertex 18 50.156339057091486 0
      vertex 18 54.95633905709148 6.4
      vertex 18 50.156339057091486 6.4
    endloop
  endfacet
  facet normal -1 0 0
    outer loop
      vertex 20 50.156339057091486 6.4
      vertex 20 54.95633905709148 6.4
      vertex 20 54.95633905709148 0
    endloop
  endfacet
endsolid OpenSCAD_Model
