solid OpenSCAD_Model
  facet normal 0 0 1
    outer loop
      vertex 57.769898834762365 33.20863094832585 28
      vertex 60.60582023189485 34.87767348671458 28
      vertex 57.51764057453332 33.629498429293875 28
    endloop
  endfacet
  facet normal 0 0 1
    outer loop
      vertex 57.307849233718656 34.07306495159841 28
      vertex 57.51764057453332 33.629498429293875 28
      vertex 60.2820851562344 35.46776460927899 28
    endloop
  endfacet
  facet normal 0 0 1
    outer loop
      vertex 57.307849233718656 34.07306495159841 28
      vertex 60.208811042066834 36.136825769663574 28
      vertex 57.14254521761405 34.53505872715155 28
    endloop
  endfacet
  facet normal 0 0 1
    outer loop
      vertex 57.14254521761405 34.53505872715155 28
      vertex 60.81843826956581 37.3079087778041 28
      vertex 57.02332049425894 35.01103050334322 28
    endloop
  endfacet
  facet normal 0 0 1
    outer loop
      vertex 56.95132326291411 35.49639641177606 28
      vertex 57.02332049425894 35.01103050334322 28
      vertex 60.81843826956581 37.3079087778041 28
    endloop
  endfacet
  facet normal 0 0 1
    outer loop
      vertex 56.95132326291411 35.49639641177606 28
      vertex 60.81843826956581 37.3079087778041 28
      vertex 56.94040828488453 35.71857589368459 28
    endloop
  endfacet
  facet normal 0 0 1
    outer loop
      vertex 56.94040828488453 35.71857589368459 28
      vertex 60.81843826956581 37.3079087778041 28
      vertex 57.344846439654575 36.057939800186155 28
    endloop
  endfacet
  facet normal 0.6427876096865466 -0.766044443118972 0
    outer loop
      vertex 56.94040828488453 35.71857589368459 28
      vertex 57.344846439654575 36.057939800186155 28
      vertex 56.94040828488453 35.71857589368459 31
    endloop
  endfacet
  facet normal 0 0 1
    outer loop
      vertex 59.57026321214511 31.576875791682085 28
      vertex 60.013829734449644 31.367084450867427 28
      vertex 61.94289818410215 33.492452050738315 28
    endloop
  endfacet
  facet normal 0 0 1
    outer loop
      vertex 60.013829734449644 31.367084450867427 28
      vertex 60.47582351000278 31.201780434762817 28
      vertex 61.94289818410215 33.492452050738315 28
    endloop
  endfacet
  facet normal 0 0 1
    outer loop
      vertex 60.47582351000278 31.201780434762817 28
      vertex 60.796803386252925 31.121379161278337 28
      vertex 61.94289818410215 33.492452050738315 28
    endloop
  endfacet
  facet normal 0 0 1
    outer loop
      vertex 60.796803386252925 31.121379161278337 28
      vertex 61.20189349157866 31.461290119250727 28
      vertex 61.94289818410215 33.492452050738315 28
    endloop
  endfacet
  facet normal -0.64278760968654 0.7660444431189773 -7.287715177127576e-18
    outer loop
      vertex 60.796803386252925 31.121379161278337 28
      vertex 61.20189349157866 31.461290119250727 31
      vertex 61.20189349157866 31.461290119250727 28
    endloop
  endfacet
  facet normal 0 0 1
    outer loop
      vertex 58.06219462946141 32.81451569260563 28
      vertex 58.391712990342356 32.45094820749112 28
      vertex 60.60582023189485 34.87767348671458 28
    endloop
  endfacet
  facet normal 0 0 1
    outer loop
      vertex 59.14939573117708 31.829134051911133 28
      vertex 59.57026321214511 31.576875791682085 28
      vertex 61.16286166442313 34.44702305702733 28
    endloop
  endfacet
  facet normal 0 0 1
    outer loop
      vertex 59.14939573117708 31.829134051911133 28
      vertex 61.16286166442313 34.44702305702733 28
      vertex 58.755280475456864 32.12142984661018 28
    endloop
  endfacet
  facet normal 0 0 1
    outer loop
      vertex 58.391712990342356 32.45094820749112 28
      vertex 58.755280475456864 32.12142984661018 28
      vertex 61.16286166442313 34.44702305702733 28
    endloop
  endfacet
  facet normal 0 0 1
    outer loop
      vertex 57.769898834762365 33.20863094832585 28
      vertex 58.06219462946141 32.81451569260563 28
      vertex 60.60582023189485 34.87767348671458 28
    endloop
  endfacet
  facet normal 0 0 1
    outer loop
      vertex 59.57026321214511 31.576875791682085 28
      vertex 61.94289818410215 33.492452050738315 28
      vertex 61.16286166442313 34.44702305702733 28
    endloop
  endfacet
  facet normal 0 0 1
    outer loop
      vertex 58.391712990342356 32.45094820749112 28
      vertex 61.13073053844466 34.45638842619143 28
      vertex 60.60582023189485 34.87767348671458 28
    endloop
  endfacet
  facet normal 0 0 1
    outer loop
      vertex 58.391712990342356 32.45094820749112 28
      vertex 61.16286166442313 34.44702305702733 28
      vertex 61.13073053844466 34.45638842619143 28
    endloop
  endfacet
  facet normal 0 0 1
    outer loop
      vertex 57.307849233718656 34.07306495159841 28
      vertex 60.2820851562344 35.46776460927899 28
      vertex 60.208811042066834 36.136825769663574 28
    endloop
  endfacet
  facet normal 0 0 1
    outer loop
      vertex 57.51764057453332 33.629498429293875 28
      vertex 60.60582023189485 34.87767348671458 28
      vertex 60.2820851562344 35.46776460927899 28
    endloop
  endfacet
  facet normal 0 0 1
    outer loop
      vertex 57.14254521761405 34.53505872715155 28
      vertex 60.208811042066834 36.136825769663574 28
      vertex 60.39715320904266 36.782998471254295 28
    endloop
  endfacet
  facet normal 0 0 1
    outer loop
      vertex 57.14254521761405 34.53505872715155 28
      vertex 60.39715320904266 36.782998471254295 28
      vertex 60.81843826956581 37.3079087778041 28
    endloop
  endfacet
  facet normal 0 0 1
    outer loop
      vertex 61.94289818410215 33.492452050738315 28
      vertex 62.44596440041997 34.34132037338317 28
      vertex 62.244532717916485 34.319260016311716 28
    endloop
  endfacet
  facet normal 0 0 1
    outer loop
      vertex 61.20189349157866 31.461290119250727 28
      vertex 65.18270888756638 34.80159084980886 28
      vertex 61.94289818410215 33.492452050738315 28
    endloop
  endfacet
  facet normal 0 0 1
    outer loop
      vertex 61.94289818410215 33.492452050738315 28
      vertex 65.18270888756638 34.80159084980886 28
      vertex 62.44596440041997 34.34132037338317 28
    endloop
  endfacet
  facet normal 0 0 1
    outer loop
      vertex 62.44596440041997 34.34132037338317 28
      vertex 65.18270888756638 34.80159084980886 28
      vertex 63.03605552298438 34.66505544904362 28
    endloop
  endfacet
  facet normal 0 0 1
    outer loop
      vertex 63.03605552298438 34.66505544904362 28
      vertex 65.18270888756638 34.80159084980886 28
      vertex 63.45734058350752 35.18996575559343 28
    endloop
  endfacet
  facet normal 0 0 1
    outer loop
      vertex 63.572408636315785 36.505199617568735 28
      vertex 65.18270888756638 34.80159084980886 28
      vertex 63.25467136376683 37.088142836727336 28
    endloop
  endfacet
  facet normal 0 0 1
    outer loop
      vertex 63.25467136376683 37.088142836727336 28
      vertex 65.18270888756638 34.80159084980886 28
      vertex 63.25751756224036 37.09594452819734 28
    endloop
  endfacet
  facet normal 0.6427876096865466 -0.766044443118972 0
    outer loop
      vertex 57.344846439654575 36.057939800186155 28
      vertex 57.344846439654575 36.057939800186155 31
      vertex 56.94040828488453 35.71857589368459 31
    endloop
  endfacet
  facet normal 0 0 -1
    outer loop
      vertex 56.94289245801736 35.668009387904426 31
      vertex 57.344846439654575 36.057939800186155 31
      vertex 61.20189349157866 31.461290119250727 31
    endloop
  endfacet
  facet normal 0 0 -1
    outer loop
      vertex 56.94289245801736 35.668009387904426 31
      vertex 56.94040828488453 35.71857589368459 31
      vertex 57.344846439654575 36.057939800186155 31
    endloop
  endfacet
  facet normal -0.6427876096865335 0.7660444431189829 -1.5224268889978833e-15
    outer loop
      vertex 60.796803386252925 31.121379161278337 28
      vertex 60.79680338625292 31.121379161278337 31
      vertex 61.20189349157866 31.461290119250727 31
    endloop
  endfacet
  facet normal 0 0 -1
    outer loop
      vertex 56.94289245801736 35.668009387904426 31
      vertex 60.79680338625292 31.121379161278337 31
      vertex 60.74763350596238 31.133695575125284 31
    endloop
  endfacet
  facet normal 0 0 -1
    outer loop
      vertex 56.94289245801736 35.668009387904426 31
      vertex 61.20189349157866 31.461290119250727 31
      vertex 60.79680338625292 31.121379161278337 31
    endloop
  endfacet
  facet normal 0 0 1
    outer loop
      vertex 57.344846439654575 36.057939800186155 28
      vertex 60.81843826956581 37.3079087778041 28
      vertex 61.32566183564229 39.39824053074428 28
    endloop
  endfacet
  facet normal 0 0 1
    outer loop
      vertex 60.81843826956581 37.3079087778041 28
      vertex 61.40852939213022 37.63164385346455 28
      vertex 61.32566183564229 39.39824053074428 28
    endloop
  endfacet
  facet normal 0 0 1
    outer loop
      vertex 61.32566183564229 39.39824053074428 28
      vertex 61.40852939213022 37.63164385346455 28
      vertex 62.077590552514806 37.70491796763212 28
    endloop
  endfacet
  facet normal 0 0 1
    outer loop
      vertex 61.32566183564229 39.39824053074428 28
      vertex 62.72376325410553 37.51657580065629 28
      vertex 63.248673560655334 37.095290740133144 28
    endloop
  endfacet
  facet normal 0 0 1
    outer loop
      vertex 61.32566183564229 39.39824053074428 28
      vertex 63.248673560655334 37.095290740133144 28
      vertex 63.252019602495835 37.091303082748745 28
    endloop
  endfacet
  facet normal 0 0 1
    outer loop
      vertex 61.32566183564229 39.39824053074428 28
      vertex 63.252019602495835 37.091303082748745 28
      vertex 63.25751756224036 37.09594452819734 28
    endloop
  endfacet
  facet normal 0 0 1
    outer loop
      vertex 61.32566183564229 39.39824053074428 28
      vertex 62.077590552514806 37.70491796763212 28
      vertex 62.72376325410553 37.51657580065629 28
    endloop
  endfacet
  facet normal 0 0 1
    outer loop
      vertex 63.25467136376683 37.088142836727336 28
      vertex 63.25751756224036 37.09594452819734 28
      vertex 63.252019602495835 37.091303082748745 28
    endloop
  endfacet
  facet normal 0 0 1
    outer loop
      vertex 63.248673560655334 37.095290740133144 28
      vertex 63.25122792871507 37.09063474197558 28
      vertex 63.252019602495835 37.091303082748745 28
    endloop
  endfacet
  facet normal 0 0 1
    outer loop
      vertex 63.572408636315785 36.505199617568735 28
      vertex 63.25467136376683 37.088142836727336 28
      vertex 63.253842097451056 37.08586974157874 28
    endloop
  endfacet
  facet normal 0 0 1
    outer loop
      vertex 63.45734058350752 35.18996575559343 28
      vertex 65.18270888756638 34.80159084980886 28
      vertex 63.64568275048335 35.83613845718415 28
    endloop
  endfacet
  facet normal 0 0 1
    outer loop
      vertex 63.64568275048335 35.83613845718415 28
      vertex 65.18270888756638 34.80159084980886 28
      vertex 63.572408636315785 36.505199617568735 28
    endloop
  endfacet
  facet normal -0.9848077530122074 -0.17364817766693413 0
    outer loop
      vertex 65.18270888756638 34.80159084980886 28
      vertex 65.18270888756638 34.80159084980886 31
      vertex 64.58112382693356 38.21334926712928 28
    endloop
  endfacet
  facet normal 0 0 1
    outer loop
      vertex 63.25751756224036 37.09594452819734 28
      vertex 65.18270888756638 34.80159084980886 28
      vertex 64.58112382693356 38.21334926712928 28
    endloop
  endfacet
  facet normal -0.9848077530122074 -0.17364817766693413 8.410613073538905e-18
    outer loop
      vertex 65.18270888756638 34.80159084980886 31
      vertex 64.58112382693356 38.21334926712928 31
      vertex 64.58112382693356 38.21334926712928 28
    endloop
  endfacet
  facet normal 0 0 1
    outer loop
      vertex -65.18270888756638 34.80159084980885 28
      vertex -63.45734058350752 35.18996575559343 28
      vertex -63.64568275048335 35.83613845718415 28
    endloop
  endfacet
  facet normal 0 0 1
    outer loop
      vertex -65.18270888756638 34.80159084980885 28
      vertex -63.64568275048335 35.83613845718415 28
      vertex -63.572408636315785 36.505199617568735 28
    endloop
  endfacet
  facet normal 0 0 1
    outer loop
      vertex -60.796803386252925 31.121379161278337 28
      vertex -60.47582351000278 31.201780434762817 28
      vertex -63.03605552298438 34.66505544904362 28
    endloop
  endfacet
  facet normal 0.64278760968654 0.7660444431189773 -1.5224268889978989e-15
    outer loop
      vertex -60.796803386252925 31.121379161278337 28
      vertex -61.20189349157866 31.461290119250727 28
      vertex -60.79680338625292 31.121379161278337 31
    endloop
  endfacet
  facet normal 0 0 1
    outer loop
      vertex -65.18270888756638 34.80159084980885 28
      vertex -61.20189349157866 31.461290119250727 28
      vertex -63.03605552298438 34.66505544904362 28
    endloop
  endfacet
  facet normal 0 0 1
    outer loop
      vertex -60.796803386252925 31.121379161278337 28
      vertex -63.03605552298438 34.66505544904362 28
      vertex -61.20189349157866 31.461290119250727 28
    endloop
  endfacet
  facet normal 0 0 1
    outer loop
      vertex -59.57026321214511 31.576875791682085 28
      vertex -62.44596440041997 34.34132037338317 28
      vertex -63.03605552298438 34.66505544904362 28
    endloop
  endfacet
  facet normal 0 0 1
    outer loop
      vertex -65.18270888756638 34.80159084980885 28
      vertex -63.03605552298438 34.66505544904362 28
      vertex -63.45734058350752 35.18996575559343 28
    endloop
  endfacet
  facet normal 0 0 1
    outer loop
      vertex -65.18270888756638 34.80159084980885 28
      vertex -63.572408636315785 36.505199617568735 28
      vertex -63.248673560655334 37.095290740133144 28
    endloop
  endfacet
  facet normal 0 0 1
    outer loop
      vertex -65.18270888756638 34.80159084980885 28
      vertex -63.248673560655334 37.095290740133144 28
      vertex -63.245327518814825 37.09927839751754 28
    endloop
  endfacet
  facet normal 0 0 1
    outer loop
      vertex -65.18270888756638 34.80159084980885 28
      vertex -63.245327518814825 37.09927839751754 28
      vertex -63.250853160968305 37.1038868523558 28
    endloop
  endfacet
  facet normal 0 0 1
    outer loop
      vertex -60.47582351000278 31.201780434762817 28
      vertex -60.013829734449644 31.367084450867427 28
      vertex -63.03605552298438 34.66505544904362 28
    endloop
  endfacet
  facet normal 0 0 1
    outer loop
      vertex -60.013829734449644 31.367084450867427 28
      vertex -59.57026321214511 31.576875791682085 28
      vertex -63.03605552298438 34.66505544904362 28
    endloop
  endfacet
  facet normal 0 0 1
    outer loop
      vertex -59.57026321214511 31.576875791682085 28
      vertex -61.77690324003538 34.2680462592156 28
      vertex -62.44596440041997 34.34132037338317 28
    endloop
  endfacet
  facet normal 0 0 1
    outer loop
      vertex -59.57026321214511 31.576875791682085 28
      vertex -59.14939573117708 31.829134051911133 28
      vertex -61.77690324003538 34.2680462592156 28
    endloop
  endfacet
  facet normal 0 0 1
    outer loop
      vertex -59.14939573117708 31.829134051911133 28
      vertex -61.13073053844466 34.45638842619143 28
      vertex -61.77690324003538 34.2680462592156 28
    endloop
  endfacet
  facet normal 0 0 1
    outer loop
      vertex -58.755280475456864 32.12142984661018 28
      vertex -60.60582023189485 34.87767348671458 28
      vertex -61.13073053844466 34.45638842619143 28
    endloop
  endfacet
  facet normal 0 0 1
    outer loop
      vertex -59.14939573117708 31.829134051911133 28
      vertex -58.755280475456864 32.12142984661018 28
      vertex -61.13073053844466 34.45638842619143 28
    endloop
  endfacet
  facet normal 0 0 1
    outer loop
      vertex -58.755280475456864 32.12142984661018 28
      vertex -58.391712990342356 32.45094820749112 28
      vertex -60.60582023189485 34.87767348671458 28
    endloop
  endfacet
  facet normal 0 0 1
    outer loop
      vertex -60.60582023189485 34.87767348671458 28
      vertex -58.391712990342356 32.45094820749112 28
      vertex -58.06219462946141 32.81451569260563 28
    endloop
  endfacet
  facet normal 0 0 1
    outer loop
      vertex -60.60582023189485 34.87767348671458 28
      vertex -58.06219462946141 32.81451569260563 28
      vertex -57.769898834762365 33.20863094832585 28
    endloop
  endfacet
  facet normal 0 0 1
    outer loop
      vertex -60.60582023189485 34.87767348671458 28
      vertex -57.769898834762365 33.20863094832585 28
      vertex -60.2820851562344 35.46776460927899 28
    endloop
  endfacet
  facet normal 0 0 1
    outer loop
      vertex -60.2820851562344 35.46776460927899 28
      vertex -57.769898834762365 33.20863094832585 28
      vertex -60.27844157954433 35.50103387054413 28
    endloop
  endfacet
  facet normal 0 0 1
    outer loop
      vertex -60.27844157954433 35.50103387054413 28
      vertex -57.307849233718656 34.07306495159841 28
      vertex -59.47382457190615 36.434979398452455 28
    endloop
  endfacet
  facet normal 0 0 1
    outer loop
      vertex -60.27844157954433 35.50103387054413 28
      vertex -57.769898834762365 33.20863094832585 28
      vertex -57.51764057453332 33.629498429293875 28
    endloop
  endfacet
  facet normal 0 0 1
    outer loop
      vertex -60.27844157954433 35.50103387054413 28
      vertex -57.51764057453332 33.629498429293875 28
      vertex -57.307849233718656 34.07306495159841 28
    endloop
  endfacet
  facet normal 0 0 1
    outer loop
      vertex -59.47382457190615 36.434979398452455 28
      vertex -57.307849233718656 34.07306495159841 28
      vertex -57.14254521761405 34.53505872715155 28
    endloop
  endfacet
  facet normal 0 0 1
    outer loop
      vertex -59.47382457190615 36.434979398452455 28
      vertex -57.14254521761405 34.53505872715155 28
      vertex -57.02332049425894 35.01103050334322 28
    endloop
  endfacet
  facet normal 0 0 1
    outer loop
      vertex -59.47382457190615 36.434979398452455 28
      vertex -57.02332049425894 35.01103050334322 28
      vertex -56.95132326291411 35.49639641177606 28
    endloop
  endfacet
  facet normal 0 0 1
    outer loop
      vertex -59.47382457190615 36.434979398452455 28
      vertex -56.95132326291411 35.49639641177606 28
      vertex -56.94040828488453 35.71857589368459 28
    endloop
  endfacet
  facet normal 0 0 1
    outer loop
      vertex -59.47382457190615 36.434979398452455 28
      vertex -56.94040828488453 35.71857589368459 28
      vertex -57.344846439654575 36.057939800186155 28
    endloop
  endfacet
  facet normal -0.6427876096865466 -0.766044443118972 4.902214176343866e-18
    outer loop
      vertex -56.94040828488453 35.71857589368459 28
      vertex -57.344846439654575 36.057939800186155 31
      vertex -57.344846439654575 36.057939800186155 28
    endloop
  endfacet
  facet normal 0.6427876096865335 0.7660444431189829 0
    outer loop
      vertex -61.20189349157866 31.461290119250727 28
      vertex -61.20189349157866 31.461290119250727 31
      vertex -60.79680338625292 31.121379161278337 31
    endloop
  endfacet
  facet normal 0 0 -1
    outer loop
      vertex -60.79680338625292 31.121379161278337 31
      vertex -61.20189349157866 31.461290119250727 31
      vertex -60.74763350596238 31.133695575125284 31
    endloop
  endfacet
  facet normal 0 0 -1
    outer loop
      vertex -60.74763350596238 31.133695575125284 31
      vertex -61.20189349157866 31.461290119250727 31
      vertex -57.344846439654575 36.057939800186155 31
    endloop
  endfacet
  facet normal -0.6427876096865466 -0.766044443118972 0
    outer loop
      vertex -56.94040828488453 35.71857589368459 28
      vertex -56.94040828488453 35.71857589368459 31
      vertex -57.344846439654575 36.057939800186155 31
    endloop
  endfacet
  facet normal 0 0 -1
    outer loop
      vertex -60.74763350596238 31.133695575125284 31
      vertex -56.94040828488453 35.71857589368459 31
      vertex -56.94289245801736 35.668009387904426 31
    endloop
  endfacet
  facet normal 0 0 -1
    outer loop
      vertex -60.74763350596238 31.133695575125284 31
      vertex -57.344846439654575 36.057939800186155 31
      vertex -56.94040828488453 35.71857589368459 31
    endloop
  endfacet
  facet normal 0 0 1
    outer loop
      vertex -63.250853160968305 37.1038868523558 28
      vertex -63.245327518814825 37.09927839751754 28
      vertex -63.24267575754383 37.102438643538946 28
    endloop
  endfacet
  facet normal 0 0 1
    outer loop
      vertex -63.245327518814825 37.09927839751754 28
      vertex -63.248673560655334 37.095290740133144 28
      vertex -63.244531858930415 37.0986148071977 28
    endloop
  endfacet
  facet normal 0 0 1
    outer loop
      vertex -63.24267575754383 37.102438643538946 28
      vertex -63.240293195233626 37.10201669447208 28
      vertex -62.72376325410553 37.51657580065629 28
    endloop
  endfacet
  facet normal 0 0 1
    outer loop
      vertex -64.58112382693356 38.21334926712928 28
      vertex -63.250853160968305 37.1038868523558 28
      vertex -61.32566183564229 39.39824053074428 28
    endloop
  endfacet
  facet normal 0 0 1
    outer loop
      vertex -63.250853160968305 37.1038868523558 28
      vertex -63.24267575754383 37.102438643538946 28
      vertex -61.32566183564229 39.39824053074428 28
    endloop
  endfacet
  facet normal 0 0 1
    outer loop
      vertex -63.24267575754383 37.102438643538946 28
      vertex -62.72376325410553 37.51657580065629 28
      vertex -61.32566183564229 39.39824053074428 28
    endloop
  endfacet
  facet normal 0 0 1
    outer loop
      vertex -62.72376325410553 37.51657580065629 28
      vertex -62.077590552514806 37.70491796763212 28
      vertex -61.32566183564229 39.39824053074428 28
    endloop
  endfacet
  facet normal 0 0 1
    outer loop
      vertex -62.077590552514806 37.70491796763212 28
      vertex -61.40852939213022 37.63164385346455 28
      vertex -61.32566183564229 39.39824053074428 28
    endloop
  endfacet
  facet normal 0 0 1
    outer loop
      vertex -59.47382457190615 36.434979398452455 28
      vertex -60.39715320904266 36.782998471254295 28
      vertex -60.34044975377336 36.588457729426715 28
    endloop
  endfacet
  facet normal 0 0 1
    outer loop
      vertex -59.47382457190615 36.434979398452455 28
      vertex -61.32566183564229 39.39824053074428 28
      vertex -60.39715320904266 36.782998471254295 28
    endloop
  endfacet
  facet normal 0 0 1
    outer loop
      vertex -61.40852939213022 37.63164385346455 28
      vertex -60.81843826956581 37.3079087778041 28
      vertex -61.32566183564229 39.39824053074428 28
    endloop
  endfacet
  facet normal 0 0 1
    outer loop
      vertex -60.81843826956581 37.3079087778041 28
      vertex -60.39715320904266 36.782998471254295 28
      vertex -61.32566183564229 39.39824053074428 28
    endloop
  endfacet
  facet normal 0 0 1
    outer loop
      vertex -59.47382457190615 36.434979398452455 28
      vertex -57.344846439654575 36.057939800186155 28
      vertex -61.32566183564229 39.39824053074428 28
    endloop
  endfacet
  facet normal 0.34202014332566855 -0.9396926207859084 -7.030208396858818e-18
    outer loop
      vertex -64.58112382693356 38.21334926712928 28
      vertex -61.32566183564229 39.39824053074428 28
      vertex -61.32566183564229 39.39824053074428 31
    endloop
  endfacet
  facet normal 0.34202014332566855 -0.9396926207859084 0
    outer loop
      vertex -64.58112382693356 38.21334926712928 28
      vertex -61.32566183564229 39.39824053074428 31
      vertex -64.58112382693356 38.21334926712928 31
    endloop
  endfacet
  facet normal 0 0 1
    outer loop
      vertex 33.21336413621666 -8.866097572568087 28
      vertex 37.71373913621666 -11.464390290272348 28
      vertex 35.375470545998674 -8.867715919175113 28
    endloop
  endfacet
  facet normal 0 0 1
    outer loop
      vertex 35.375470545998674 -8.867715919175113 28
      vertex 37.71373913621666 -11.464390290272348 28
      vertex 36.345204624214276 -9.050113465040043 28
    endloop
  endfacet
  facet normal 0 0 1
    outer loop
      vertex 36.85123913621666 -9.493893821528157 28
      vertex 36.345204624214276 -9.050113465040043 28
      vertex 37.71373913621666 -11.464390290272348 28
    endloop
  endfacet
  facet normal 0 0 1
    outer loop
      vertex 32.754274305321054 -8.601041935118289 28
      vertex 33.21336413621666 -8.866097572568087 28
      vertex 32.737815502855675 -8.490085701647804 28
    endloop
  endfacet
  facet normal 0 0 1
    outer loop
      vertex 32.737815502855675 -8.490085701647804 28
      vertex 33.21336413621666 -8.866097572568087 28
      vertex 32.71373913621666 -8 28
    endloop
  endfacet
  facet normal 0 0 1
    outer loop
      vertex 33.21336413621666 -8.866097572568087 28
      vertex 35.375470545998674 -8.867715919175113 28
      vertex 32.71373913621666 -8 28
    endloop
  endfacet
  facet normal 0 0 1
    outer loop
      vertex 32.71373913621666 -8 28
      vertex 35.375470545998674 -8.867715919175113 28
      vertex 32.737815502855675 -7.509914298352197 28
    endloop
  endfacet
  facet normal 0 0 1
    outer loop
      vertex 32.737815502855675 -7.509914298352197 28
      vertex 35.375470545998674 -8.867715919175113 28
      vertex 32.809812734200506 -7.024548389919358 28
    endloop
  endfacet
  facet normal 0 0 1
    outer loop
      vertex 32.809812734200506 -7.024548389919358 28
      vertex 36.00568567436477 -7.8082388453037295 28
      vertex 32.929037457555616 -6.548576613727688 28
    endloop
  endfacet
  facet normal 0 0 1
    outer loop
      vertex 32.929037457555616 -6.548576613727688 28
      vertex 36.00568567436477 -7.8082388453037295 28
      vertex 33.09434147366022 -6.086582838174551 28
    endloop
  endfacet
  facet normal 0 0 1
    outer loop
      vertex 33.09434147366022 -6.086582838174551 28
      vertex 36.219845314688506 -7.1375 28
      vertex 33.30413281447488 -5.643016315870012 28
    endloop
  endfacet
  facet normal 0 0 1
    outer loop
      vertex 33.30413281447488 -5.643016315870012 28
      vertex 36.219845314688506 -7.1375 28
      vertex 33.55639107470393 -5.222148834901989 28
    endloop
  endfacet
  facet normal 0 0 1
    outer loop
      vertex 36.219845314688506 -7.1375 28
      vertex 33.848686869402975 -4.828033579181772 28
      vertex 33.55639107470393 -5.222148834901989 28
    endloop
  endfacet
  facet normal 0 0 1
    outer loop
      vertex 35.375470545998674 -8.867715919175113 28
      vertex 36.345204624214276 -9.050113465040043 28
      vertex 36.25558097654216 -8.868374685886424 28
    endloop
  endfacet
  facet normal 0 0 1
    outer loop
      vertex 32.809812734200506 -7.024548389919358 28
      vertex 35.375470545998674 -8.867715919175113 28
      vertex 36.00568567436477 -7.8082388453037295 28
    endloop
  endfacet
  facet normal 0 0 1
    outer loop
      vertex 33.09434147366022 -6.086582838174551 28
      vertex 36.00568567436477 -7.8082388453037295 28
      vertex 36.003496750346834 -7.774842318420411 28
    endloop
  endfacet
  facet normal 0 0 1
    outer loop
      vertex 33.09434147366022 -6.086582838174551 28
      vertex 36.003496750346834 -7.774842318420411 28
      vertex 36.219845314688506 -7.1375 28
    endloop
  endfacet
  facet normal 0 0 1
    outer loop
      vertex 36.66362567117662 -6.63146548799762 28
      vertex 34.17820523028392 -4.464466094067262 28
      vertex 33.848686869402975 -4.828033579181772 28
    endloop
  endfacet
  facet normal 0 0 1
    outer loop
      vertex 36.219845314688506 -7.1375 28
      vertex 36.66362567117662 -6.63146548799762 28
      vertex 33.848686869402975 -4.828033579181772 28
    endloop
  endfacet
  facet normal 0 0 1
    outer loop
      vertex 36.66362567117662 -6.63146548799762 28
      vertex 37.26727628341481 -6.333777949651357 28
      vertex 34.17820523028392 -4.464466094067262 28
    endloop
  endfacet
  facet normal 0 0 1
    outer loop
      vertex 37.26727628341481 -6.333777949651357 28
      vertex 37.93889681779625 -6.289757614130178 28
      vertex 34.54177271539843 -4.134947733186316 28
    endloop
  endfacet
  facet normal 0 0 1
    outer loop
      vertex 38.57623913621666 -6.5061061784718435 28
      vertex 34.54177271539843 -4.134947733186316 28
      vertex 37.93889681779625 -6.289757614130178 28
    endloop
  endfacet
  facet normal 0.49999999999999944 0.866025403784439 2.0097143664891872e-18
    outer loop
      vertex 32.754274305321054 -8.601041935118289 28
      vertex 33.21336413621666 -8.866097572568087 31
      vertex 33.21336413621666 -8.866097572568087 28
    endloop
  endfacet
  facet normal 0 0 1
    outer loop
      vertex 36.85123913621666 -9.493893821528157 28
      vertex 37.71373913621666 -11.464390290272348 28
      vertex 37.48858145463707 -9.710242385869822 28
    endloop
  endfacet
  facet normal 0 0 1
    outer loop
      vertex 37.71373913621666 -11.464390290272348 28
      vertex 38.16020198901851 -9.666222050348644 28
      vertex 37.48858145463707 -9.710242385869822 28
    endloop
  endfacet
  facet normal 0 0 1
    outer loop
      vertex 37.71373913621666 -11.464390290272348 28
      vertex 38.7638526012567 -9.36853451200238 28
      vertex 38.16020198901851 -9.666222050348644 28
    endloop
  endfacet
  facet normal 0 0 1
    outer loop
      vertex 37.71373913621666 -11.464390290272348 28
      vertex 39.20296749514013 -8.870580818272133 28
      vertex 38.7638526012567 -9.36853451200238 28
    endloop
  endfacet
  facet normal 0 0 1
    outer loop
      vertex 37.71373913621666 -11.464390290272348 28
      vertex 40.71398913621666 -9.732195145136174 28
      vertex 39.21127214425398 -8.870587034340248 28
    endloop
  endfacet
  facet normal 0 0 1
    outer loop
      vertex 37.71373913621666 -11.464390290272348 28
      vertex 39.21127214425398 -8.870587034340248 28
      vertex 39.20296749514013 -8.870580818272133 28
    endloop
  endfacet
  facet normal -0.4999999999999997 0.8660254037844388 0
    outer loop
      vertex 37.71373913621666 -11.464390290272348 28
      vertex 37.71373913621666 -11.464390290272348 31
      vertex 40.71398913621666 -9.732195145136174 28
    endloop
  endfacet
  facet normal 0 0 1
    outer loop
      vertex 38.7638526012567 -9.36853451200238 28
      vertex 39.20296749514013 -8.870580818272133 28
      vertex 39.20054785861847 -8.870579007163052 28
    endloop
  endfacet
  facet normal 0 0 1
    outer loop
      vertex 39.20296749514013 -8.870580818272133 28
      vertex 39.21127214425398 -8.870587034340248 28
      vertex 39.20503019923634 -8.867008109976508 28
    endloop
  endfacet
  facet normal 0 0 1
    outer loop
      vertex 39.20503019923634 -8.867008109976508 28
      vertex 39.20763295774481 -8.8625 28
      vertex 39.20413139596366 -8.86649276597368 28
    endloop
  endfacet
  facet normal 0 0 1
    outer loop
      vertex 39.20503019923634 -8.867008109976508 28
      vertex 40.71398913621666 -6.267804854863826 28
      vertex 39.20763295774481 -8.8625 28
    endloop
  endfacet
  facet normal 0 0 1
    outer loop
      vertex 39.21127214425398 -8.870587034340248 28
      vertex 40.71398913621666 -6.267804854863826 28
      vertex 39.20503019923634 -8.867008109976508 28
    endloop
  endfacet
  facet normal 0 0 1
    outer loop
      vertex 39.20763295774481 -8.8625 28
      vertex 40.71398913621666 -6.267804854863826 28
      vertex 39.423981522086486 -8.225157681579589 28
    endloop
  endfacet
  facet normal 0 0 1
    outer loop
      vertex 38.57623913621666 -6.5061061784718435 28
      vertex 40.71398913621666 -6.267804854863826 28
      vertex 36.21361413621666 -3.669512137159564 28
    endloop
  endfacet
  facet normal 0 0 1
    outer loop
      vertex 39.423981522086486 -8.225157681579589 28
      vertex 40.71398913621666 -6.267804854863826 28
      vertex 39.3799611865653 -7.553537147198152 28
    endloop
  endfacet
  facet normal 0 0 1
    outer loop
      vertex 39.3799611865653 -7.553537147198152 28
      vertex 40.71398913621666 -6.267804854863826 28
      vertex 39.082273648219044 -6.9498865349599575 28
    endloop
  endfacet
  facet normal 0 0 1
    outer loop
      vertex 38.57623913621666 -6.5061061784718435 28
      vertex 39.082273648219044 -6.9498865349599575 28
      vertex 40.71398913621666 -6.267804854863826 28
    endloop
  endfacet
  facet normal 0.500000000000002 0.8660254037844376 -5.127900497022831e-16
    outer loop
      vertex 32.754274305321054 -8.601041935118289 28
      vertex 32.754274305321054 -8.601041935118287 31
      vertex 33.21336413621666 -8.866097572568087 31
    endloop
  endfacet
  facet normal 0 0 -1
    outer loop
      vertex 32.754274305321054 -8.601041935118287 31
      vertex 35.71108162213551 -3.422809880648647 31
      vertex 33.21336413621666 -8.866097572568087 31
    endloop
  endfacet
  facet normal 0 0 -1
    outer loop
      vertex 32.754274305321054 -8.601041935118287 31
      vertex 32.74756025186222 -8.555779463278133 31
      vertex 35.71108162213551 -3.422809880648647 31
    endloop
  endfacet
  facet normal 0 0 -1
    outer loop
      vertex 33.21336413621666 -8.866097572568087 31
      vertex 35.71108162213551 -3.422809880648647 31
      vertex 36.21361413621666 -3.669512137159564 31
    endloop
  endfacet
  facet normal -0.4999999999999997 0.8660254037844388 0
    outer loop
      vertex 40.71398913621666 -9.732195145136174 28
      vertex 37.71373913621666 -11.464390290272348 31
      vertex 40.71398913621666 -9.732195145136174 31
    endloop
  endfacet
  facet normal 0 0 1
    outer loop
      vertex 37.26727628341481 -6.333777949651357 28
      vertex 34.54177271539843 -4.134947733186316 28
      vertex 34.17820523028392 -4.464466094067262 28
    endloop
  endfacet
  facet normal 0 0 1
    outer loop
      vertex 38.57623913621666 -6.5061061784718435 28
      vertex 34.935887971118646 -3.8426519384872737 28
      vertex 34.54177271539843 -4.134947733186316 28
    endloop
  endfacet
  facet normal 0 0 1
    outer loop
      vertex 38.57623913621666 -6.5061061784718435 28
      vertex 35.356755452086674 -3.5903936782582244 28
      vertex 34.935887971118646 -3.8426519384872737 28
    endloop
  endfacet
  facet normal 0 0 1
    outer loop
      vertex 38.57623913621666 -6.5061061784718435 28
      vertex 35.75243590528493 -3.4032507613867335 28
      vertex 35.356755452086674 -3.5903936782582244 28
    endloop
  endfacet
  facet normal 0 0 1
    outer loop
      vertex 38.57623913621666 -6.5061061784718435 28
      vertex 36.21361413621666 -3.669512137159564 28
      vertex 35.75243590528493 -3.4032507613867335 28
    endloop
  endfacet
  facet normal -0.5000000000000016 -0.8660254037844379 -1.4406329177846456e-15
    outer loop
      vertex 35.75243590528493 -3.4032507613867335 28
      vertex 36.21361413621666 -3.669512137159564 28
      vertex 35.752435905284926 -3.4032507613867344 31
    endloop
  endfacet
  facet normal -0.49999999999999445 -0.8660254037844418 0
    outer loop
      vertex 36.21361413621666 -3.669512137159564 28
      vertex 36.21361413621666 -3.669512137159564 31
      vertex 35.752435905284926 -3.4032507613867344 31
    endloop
  endfacet
  facet normal 0 0 -1
    outer loop
      vertex 35.71108162213551 -3.422809880648647 31
      vertex 35.752435905284926 -3.4032507613867344 31
      vertex 36.21361413621666 -3.669512137159564 31
    endloop
  endfacet
  facet normal 0 0 1
    outer loop
      vertex -37.71373913621666 -11.464390290272348 28
      vertex -39.21023571625329 -8.857991890023492 28
      vertex -39.21645612817933 -8.861608110795926 28
    endloop
  endfacet
  facet normal 0 0 1
    outer loop
      vertex -37.71373913621666 -11.464390290272348 28
      vertex -39.20763295774481 -8.8625 28
      vertex -39.21023571625329 -8.857991890023492 28
    endloop
  endfacet
  facet normal 0 0 1
    outer loop
      vertex -37.71373913621666 -11.464390290272348 28
      vertex -38.16020198901851 -9.666222050348644 28
      vertex -38.7638526012567 -9.36853451200238 28
    endloop
  endfacet
  facet normal 0 0 1
    outer loop
      vertex -37.71373913621666 -11.464390290272348 28
      vertex -38.7638526012567 -9.36853451200238 28
      vertex -39.20763295774481 -8.8625 28
    endloop
  endfacet
  facet normal 0 0 1
    outer loop
      vertex -37.71373913621666 -11.464390290272348 28
      vertex -37.48858145463707 -9.710242385869822 28
      vertex -38.16020198901851 -9.666222050348644 28
    endloop
  endfacet
  facet normal 0 0 1
    outer loop
      vertex -37.71373913621666 -11.464390290272348 28
      vertex -36.85123913621666 -9.493893821528157 28
      vertex -37.48858145463707 -9.710242385869822 28
    endloop
  endfacet
  facet normal 0 0 1
    outer loop
      vertex -40.71398913621666 -9.732195145136174 28
      vertex -39.21645612817933 -8.861608110795926 28
      vertex -40.71398913621666 -6.267804854863826 28
    endloop
  endfacet
  facet normal 0 0 1
    outer loop
      vertex -39.212298420349505 -8.854419181727867 28
      vertex -39.21645612817933 -8.861608110795926 28
      vertex -39.21023571625329 -8.857991890023492 28
    endloop
  endfacet
  facet normal 0 0 1
    outer loop
      vertex -39.21023571625329 -8.857991890023492 28
      vertex -39.20763295774481 -8.8625 28
      vertex -39.209340013618814 -8.857471175557757 28
    endloop
  endfacet
  facet normal 0 0 1
    outer loop
      vertex -39.212298420349505 -8.854419181727867 28
      vertex -39.2110870336222 -8.852324620586728 28
      vertex -39.423981522086486 -8.225157681579589 28
    endloop
  endfacet
  facet normal 0 0 1
    outer loop
      vertex -40.71398913621666 -6.267804854863826 28
      vertex -39.21645612817933 -8.861608110795926 28
      vertex -39.212298420349505 -8.854419181727867 28
    endloop
  endfacet
  facet normal 0 0 1
    outer loop
      vertex -40.71398913621666 -6.267804854863826 28
      vertex -39.212298420349505 -8.854419181727867 28
      vertex -39.423981522086486 -8.225157681579589 28
    endloop
  endfacet
  facet normal 0 0 1
    outer loop
      vertex -40.71398913621666 -6.267804854863826 28
      vertex -39.423981522086486 -8.225157681579589 28
      vertex -39.3799611865653 -7.553537147198152 28
    endloop
  endfacet
  facet normal 0 0 1
    outer loop
      vertex -40.71398913621666 -6.267804854863826 28
      vertex -39.3799611865653 -7.553537147198152 28
      vertex -39.082273648219044 -6.9498865349599575 28
    endloop
  endfacet
  facet normal 0 0 1
    outer loop
      vertex -40.71398913621666 -6.267804854863826 28
      vertex -39.082273648219044 -6.9498865349599575 28
      vertex -38.57623913621666 -6.5061061784718435 28
    endloop
  endfacet
  facet normal 0 0 1
    outer loop
      vertex -40.71398913621666 -6.267804854863826 28
      vertex -38.57623913621666 -6.5061061784718435 28
      vertex -37.93889681779625 -6.289757614130178 28
    endloop
  endfacet
  facet normal 0 0 1
    outer loop
      vertex -40.71398913621666 -6.267804854863826 28
      vertex -37.93889681779625 -6.289757614130178 28
      vertex -37.29606887038148 -5.541142040412444 28
    endloop
  endfacet
  facet normal 0 0 1
    outer loop
      vertex -37.93889681779625 -6.289757614130178 28
      vertex -37.73669459436039 -6.303010648043104 28
      vertex -37.29606887038148 -5.541142040412444 28
    endloop
  endfacet
  facet normal 1 0 0
    outer loop
      vertex -40.71398913621666 -9.732195145136174 28
      vertex -40.71398913621666 -6.267804854863826 28
      vertex -40.71398913621666 -6.267804854863826 31
    endloop
  endfacet
  facet normal 0 0 1
    outer loop
      vertex -37.71373913621666 -11.464390290272348 28
      vertex -33.21336413621666 -8.866097572568087 28
      vertex -36.85123913621666 -9.493893821528157 28
    endloop
  endfacet
  facet normal 0 0 1
    outer loop
      vertex -36.85123913621666 -9.493893821528157 28
      vertex -32.737815502855675 -7.509914298352197 28
      vertex -36.345204624214276 -9.050113465040043 28
    endloop
  endfacet
  facet normal 0 0 1
    outer loop
      vertex -36.345204624214276 -9.050113465040043 28
      vertex -32.809812734200506 -7.024548389919358 28
      vertex -36.047517085868016 -8.446462852801849 28
    endloop
  endfacet
  facet normal 0 0 1
    outer loop
      vertex -36.047517085868016 -8.446462852801849 28
      vertex -32.809812734200506 -7.024548389919358 28
      vertex -36.003496750346834 -7.774842318420411 28
    endloop
  endfacet
  facet normal 0 0 1
    outer loop
      vertex -36.693642373864705 -6.616662888362446 28
      vertex -34.54177271539843 -4.134947733186316 28
      vertex -37.29606887038148 -5.541142040412444 28
    endloop
  endfacet
  facet normal 0 0 1
    outer loop
      vertex -36.003496750346834 -7.774842318420411 28
      vertex -33.09434147366022 -6.086582838174551 28
      vertex -36.219845314688506 -7.1375 28
    endloop
  endfacet
  facet normal 0 0 1
    outer loop
      vertex -36.693642373864705 -6.616662888362446 28
      vertex -36.66362567117662 -6.63146548799762 28
      vertex -33.55639107470393 -5.222148834901989 28
    endloop
  endfacet
  facet normal 0 0 1
    outer loop
      vertex -36.219845314688506 -7.1375 28
      vertex -33.55639107470393 -5.222148834901989 28
      vertex -36.66362567117662 -6.63146548799762 28
    endloop
  endfacet
  facet normal 0 0 1
    outer loop
      vertex -36.693642373864705 -6.616662888362446 28
      vertex -33.55639107470393 -5.222148834901989 28
      vertex -33.848686869402975 -4.828033579181772 28
    endloop
  endfacet
  facet normal 0 0 1
    outer loop
      vertex -36.85123913621666 -9.493893821528157 28
      vertex -33.21336413621666 -8.866097572568087 28
      vertex -32.754274305321054 -8.601041935118289 28
    endloop
  endfacet
  facet normal 0 0 1
    outer loop
      vertex -36.85123913621666 -9.493893821528157 28
      vertex -32.754274305321054 -8.601041935118289 28
      vertex -32.737815502855675 -8.490085701647804 28
    endloop
  endfacet
  facet normal 0 0 1
    outer loop
      vertex -36.85123913621666 -9.493893821528157 28
      vertex -32.737815502855675 -8.490085701647804 28
      vertex -32.71373913621666 -8 28
    endloop
  endfacet
  facet normal 0 0 1
    outer loop
      vertex -36.85123913621666 -9.493893821528157 28
      vertex -32.71373913621666 -8 28
      vertex -32.737815502855675 -7.509914298352197 28
    endloop
  endfacet
  facet normal 0 0 1
    outer loop
      vertex -36.345204624214276 -9.050113465040043 28
      vertex -32.737815502855675 -7.509914298352197 28
      vertex -32.809812734200506 -7.024548389919358 28
    endloop
  endfacet
  facet normal 0 0 1
    outer loop
      vertex -36.003496750346834 -7.774842318420411 28
      vertex -32.809812734200506 -7.024548389919358 28
      vertex -32.929037457555616 -6.548576613727688 28
    endloop
  endfacet
  facet normal 0 0 1
    outer loop
      vertex -36.003496750346834 -7.774842318420411 28
      vertex -32.929037457555616 -6.548576613727688 28
      vertex -33.09434147366022 -6.086582838174551 28
    endloop
  endfacet
  facet normal 0 0 1
    outer loop
      vertex -36.219845314688506 -7.1375 28
      vertex -33.30413281447488 -5.643016315870012 28
      vertex -33.55639107470393 -5.222148834901989 28
    endloop
  endfacet
  facet normal 0 0 1
    outer loop
      vertex -36.219845314688506 -7.1375 28
      vertex -33.09434147366022 -6.086582838174551 28
      vertex -33.30413281447488 -5.643016315870012 28
    endloop
  endfacet
  facet normal -0.49999999999999944 0.866025403784439 -2.0097143664891872e-18
    outer loop
      vertex -33.21336413621666 -8.866097572568087 28
      vertex -32.754274305321054 -8.601041935118289 31
      vertex -32.754274305321054 -8.601041935118289 28
    endloop
  endfacet
  facet normal 1 0 0
    outer loop
      vertex -40.71398913621666 -9.732195145136174 28
      vertex -40.71398913621666 -6.267804854863826 31
      vertex -40.71398913621666 -9.732195145136174 31
    endloop
  endfacet
  facet normal -0.49999999999999944 0.866025403784439 0
    outer loop
      vertex -33.21336413621666 -8.866097572568087 28
      vertex -33.21336413621666 -8.866097572568087 31
      vertex -32.754274305321054 -8.601041935118289 31
    endloop
  endfacet
  facet normal 0 0 -1
    outer loop
      vertex -33.21336413621666 -8.866097572568087 31
      vertex -32.74756025186222 -8.555779463278135 31
      vertex -32.754274305321054 -8.601041935118289 31
    endloop
  endfacet
  facet normal 0 0 -1
    outer loop
      vertex -33.21336413621666 -8.866097572568087 31
      vertex -36.21361413621666 -3.669512137159564 31
      vertex -32.74756025186222 -8.555779463278135 31
    endloop
  endfacet
  facet normal 0 0 1
    outer loop
      vertex -40.71398913621666 -6.267804854863826 28
      vertex -37.29606887038148 -5.541142040412444 28
      vertex -36.21361413621666 -3.669512137159564 28
    endloop
  endfacet
  facet normal 0 0 1
    outer loop
      vertex -37.29606887038148 -5.541142040412444 28
      vertex -35.356755452086674 -3.5903936782582244 28
      vertex -36.21361413621666 -3.669512137159564 28
    endloop
  endfacet
  facet normal 0 0 1
    outer loop
      vertex -37.29606887038148 -5.541142040412444 28
      vertex -34.935887971118646 -3.8426519384872737 28
      vertex -35.356755452086674 -3.5903936782582244 28
    endloop
  endfacet
  facet normal 0 0 1
    outer loop
      vertex -37.29606887038148 -5.541142040412444 28
      vertex -34.54177271539843 -4.134947733186316 28
      vertex -34.935887971118646 -3.8426519384872737 28
    endloop
  endfacet
  facet normal 0 0 1
    outer loop
      vertex -36.693642373864705 -6.616662888362446 28
      vertex -34.17820523028392 -4.464466094067262 28
      vertex -34.54177271539843 -4.134947733186316 28
    endloop
  endfacet
  facet normal 0 0 1
    outer loop
      vertex -36.693642373864705 -6.616662888362446 28
      vertex -33.848686869402975 -4.828033579181772 28
      vertex -34.17820523028392 -4.464466094067262 28
    endloop
  endfacet
  facet normal 0 0 1
    outer loop
      vertex -36.21361413621666 -3.669512137159564 28
      vertex -35.356755452086674 -3.5903936782582244 28
      vertex -35.75243590528493 -3.4032507613867335 28
    endloop
  endfacet
  facet normal 0.5000000000000016 -0.8660254037844379 0
    outer loop
      vertex -36.21361413621666 -3.669512137159564 28
      vertex -35.75243590528493 -3.4032507613867335 28
      vertex -36.21361413621666 -3.669512137159564 31
    endloop
  endfacet
  facet normal 0.49999999999999445 -0.8660254037844418 -1.4406329177846299e-15
    outer loop
      vertex -35.75243590528493 -3.4032507613867335 28
      vertex -35.752435905284926 -3.4032507613867344 31
      vertex -36.21361413621666 -3.669512137159564 31
    endloop
  endfacet
  facet normal 0 0 -1
    outer loop
      vertex -32.74756025186222 -8.555779463278135 31
      vertex -36.21361413621666 -3.669512137159564 31
      vertex -35.752435905284926 -3.4032507613867344 31
    endloop
  endfacet
  facet normal 0 0 -1
    outer loop
      vertex -32.74756025186222 -8.555779463278135 31
      vertex -35.752435905284926 -3.4032507613867344 31
      vertex -35.71108162213551 -3.422809880648647 31
    endloop
  endfacet
  facet normal -0.6427876096865395 0.7660444431189779 0
    outer loop
      vertex 61.20189349157866 31.461290119250727 28
      vertex 61.20189349157866 31.461290119250727 31
      vertex 65.18270888756638 34.80159084980886 28
    endloop
  endfacet
  facet normal -0.6427876096865395 0.7660444431189779 3.6399534441193936e-17
    outer loop
      vertex 61.20189349157866 31.461290119250727 31
      vertex 65.18270888756638 34.80159084980886 31
      vertex 65.18270888756638 34.80159084980886 28
    endloop
  endfacet
  facet normal 0.7423268875211582 0.6228862175319828 -0.2469079830055101
    outer loop
      vertex 57.344846439654575 36.057939800186155 31
      vertex 59.46855561036236 33.92339516223569 32
      vertex 61.20189349157866 31.461290119250727 31
    endloop
  endfacet
  facet normal -0.627687843100171 0.7480492420423392 -0.21547692011938777
    outer loop
      vertex 61.20189349157866 31.461290119250727 31
      vertex 64.9432782491766 34.88873647535409 32
      vertex 65.18270888756638 34.80159084980886 31
    endloop
  endfacet
  facet normal 0.4948156321369868 0.08724934642206413 -0.8646068712089888
    outer loop
      vertex 57.344846439654575 36.057939800186155 31
      vertex 58.911215543373594 37.084227751493636 32
      vertex 59.46855561036236 33.92339516223569 32
    endloop
  endfacet
  facet normal 0.17184766560339543 0.47214758083131997 -0.8646068712089882
    outer loop
      vertex 61.20189349157866 31.461290119250727 31
      vertex 59.46855561036236 33.92339516223569 32
      vertex 62.484586963263865 32.825649524165925 32
    endloop
  endfacet
  facet normal -0.6276878431001682 0.7480492420423388 -0.2154769201193968
    outer loop
      vertex 61.20189349157866 31.461290119250727 31
      vertex 62.484586963263865 32.825649524165925 32
      vertex 64.9432782491766 34.88873647535409 32
    endloop
  endfacet
  facet normal 0.6427876096865387 -0.7660444431189786 0
    outer loop
      vertex 57.344846439654575 36.057939800186155 28
      vertex 61.32566183564229 39.39824053074428 28
      vertex 57.344846439654575 36.057939800186155 31
    endloop
  endfacet
  facet normal 0 0 1
    outer loop
      vertex 61.32566183564229 39.39824053074428 28
      vertex 63.25751756224036 37.09594452819734 28
      vertex 64.58112382693356 38.21334926712928 28
    endloop
  endfacet
  facet normal -0.34202014332566855 -0.9396926207859084 7.030208396858818e-18
    outer loop
      vertex 61.32566183564229 39.39824053074428 28
      vertex 64.58112382693356 38.21334926712928 28
      vertex 64.58112382693356 38.21334926712928 31
    endloop
  endfacet
  facet normal 0.6427876096865387 -0.7660444431189786 4.51434049364094e-17
    outer loop
      vertex 57.344846439654575 36.057939800186155 31
      vertex 61.32566183564229 39.39824053074428 28
      vertex 61.32566183564229 39.39824053074428 31
    endloop
  endfacet
  facet normal -0.34202014332566855 -0.9396926207859084 0
    outer loop
      vertex 61.32566183564229 39.39824053074428 28
      vertex 64.58112382693356 38.21334926712928 31
      vertex 61.32566183564229 39.39824053074428 31
    endloop
  endfacet
  facet normal 0.6276878431001699 -0.7480492420423396 -0.21547692011938918
    outer loop
      vertex 57.344846439654575 36.057939800186155 31
      vertex 61.32566183564229 39.39824053074428 31
      vertex 61.36990682928632 39.1473147026818 32
    endloop
  endfacet
  facet normal -0.3339857253402745 -0.9176182387925781 -0.21547692011939
    outer loop
      vertex 61.32566183564229 39.39824053074428 31
      vertex 64.58112382693356 38.21334926712928 31
      vertex 61.36990682928632 39.1473147026818 32
    endloop
  endfacet
  facet normal 0.62768784310017 -0.7480492420423388 -0.21547692011939173
    outer loop
      vertex 57.344846439654575 36.057939800186155 31
      vertex 61.36990682928632 39.1473147026818 32
      vertex 58.911215543373594 37.084227751493636 32
    endloop
  endfacet
  facet normal -0.33398572534027354 -0.9176182387925794 -0.2154769201193858
    outer loop
      vertex 61.36990682928632 39.1473147026818 32
      vertex 64.58112382693356 38.21334926712928 31
      vertex 64.38593818218783 38.04956906461203 32
    endloop
  endfacet
  facet normal -0.9616735684404442 -0.1695689967502386 -0.21547692011939462
    outer loop
      vertex 65.18270888756638 34.80159084980886 31
      vertex 64.9432782491766 34.88873647535409 32
      vertex 64.38593818218783 38.04956906461203 32
    endloop
  endfacet
  facet normal -0.9616735684404463 -0.16956899675024306 -0.21547692011938174
    outer loop
      vertex 65.18270888756638 34.80159084980886 31
      vertex 64.38593818218783 38.04956906461203 32
      vertex 64.58112382693356 38.21334926712928 31
    endloop
  endfacet
  facet normal 0.9848077530122074 -0.17364817766693377 0
    outer loop
      vertex -65.18270888756638 34.80159084980885 28
      vertex -64.58112382693356 38.21334926712928 31
      vertex -65.18270888756638 34.80159084980885 31
    endloop
  endfacet
  facet normal 0.9616735684404438 -0.16956899675024228 -0.21547692011939298
    outer loop
      vertex -65.18270888756638 34.80159084980885 31
      vertex -64.58112382693356 38.21334926712928 31
      vertex -64.9432782491766 34.88873647535409 32
    endloop
  endfacet
  facet normal 0 0 1
    outer loop
      vertex -65.18270888756638 34.80159084980885 28
      vertex -63.250853160968305 37.1038868523558 28
      vertex -64.58112382693356 38.21334926712928 28
    endloop
  endfacet
  facet normal 0.9848077530122074 -0.17364817766693377 1.831040042136002e-17
    outer loop
      vertex -65.18270888756638 34.80159084980885 28
      vertex -64.58112382693356 38.21334926712928 28
      vertex -64.58112382693356 38.21334926712928 31
    endloop
  endfacet
  facet normal 0.961673568440447 -0.1695689967502391 -0.21547692011938133
    outer loop
      vertex -64.9432782491766 34.88873647535409 32
      vertex -64.58112382693356 38.21334926712928 31
      vertex -64.38593818218783 38.04956906461203 32
    endloop
  endfacet
  facet normal 0.6427876096865387 0.7660444431189786 -4.51434049364094e-17
    outer loop
      vertex -65.18270888756638 34.80159084980885 28
      vertex -61.20189349157866 31.461290119250727 31
      vertex -61.20189349157866 31.461290119250727 28
    endloop
  endfacet
  facet normal 0.6427876096865387 0.7660444431189786 0
    outer loop
      vertex -65.18270888756638 34.80159084980885 28
      vertex -65.18270888756638 34.80159084980885 31
      vertex -61.20189349157866 31.461290119250727 31
    endloop
  endfacet
  facet normal 0.6276878431001695 0.748049242042339 -0.21547692011939282
    outer loop
      vertex -65.18270888756638 34.80159084980885 31
      vertex -64.9432782491766 34.88873647535409 32
      vertex -61.20189349157866 31.461290119250727 31
    endloop
  endfacet
  facet normal -0.7423268875211582 0.6228862175319828 -0.24690798300551015
    outer loop
      vertex -61.20189349157866 31.461290119250727 31
      vertex -59.46855561036236 33.92339516223569 32
      vertex -57.344846439654575 36.057939800186155 31
    endloop
  endfacet
  facet normal 0.6276878431001682 0.7480492420423388 -0.21547692011939687
    outer loop
      vertex -64.9432782491766 34.88873647535409 32
      vertex -62.484586963263865 32.825649524165925 32
      vertex -61.20189349157866 31.461290119250727 31
    endloop
  endfacet
  facet normal -0.17184766560339543 0.47214758083131997 -0.8646068712089882
    outer loop
      vertex -61.20189349157866 31.461290119250727 31
      vertex -62.484586963263865 32.825649524165925 32
      vertex -59.46855561036236 33.92339516223569 32
    endloop
  endfacet
  facet normal -0.4948156321369868 0.08724934642206413 -0.8646068712089887
    outer loop
      vertex -57.344846439654575 36.057939800186155 31
      vertex -59.46855561036236 33.92339516223569 32
      vertex -58.911215543373594 37.084227751493636 32
    endloop
  endfacet
  facet normal -0.6427876096865387 -0.7660444431189786 0
    outer loop
      vertex -57.344846439654575 36.057939800186155 28
      vertex -57.344846439654575 36.057939800186155 31
      vertex -61.32566183564229 39.39824053074428 28
    endloop
  endfacet
  facet normal -0.6427876096865387 -0.7660444431189786 -4.51434049364094e-17
    outer loop
      vertex -57.344846439654575 36.057939800186155 31
      vertex -61.32566183564229 39.39824053074428 31
      vertex -61.32566183564229 39.39824053074428 28
    endloop
  endfacet
  facet normal 0.3339857253402748 -0.917618238792579 -0.21547692011938593
    outer loop
      vertex -64.58112382693356 38.21334926712928 31
      vertex -61.32566183564229 39.39824053074428 31
      vertex -64.38593818218783 38.04956906461203 32
    endloop
  endfacet
  facet normal -0.6276878431001699 -0.7480492420423396 -0.2154769201193891
    outer loop
      vertex -57.344846439654575 36.057939800186155 31
      vertex -61.36990682928632 39.1473147026818 32
      vertex -61.32566183564229 39.39824053074428 31
    endloop
  endfacet
  facet normal 0.3339857253402732 -0.9176182387925785 -0.2154769201193901
    outer loop
      vertex -64.38593818218783 38.04956906461203 32
      vertex -61.32566183564229 39.39824053074428 31
      vertex -61.36990682928632 39.1473147026818 32
    endloop
  endfacet
  facet normal -0.62768784310017 -0.7480492420423388 -0.215476920119392
    outer loop
      vertex -57.344846439654575 36.057939800186155 31
      vertex -58.911215543373594 37.084227751493636 32
      vertex -61.36990682928632 39.1473147026818 32
    endloop
  endfacet
  facet normal 0.5 0.8660254037844386 0
    outer loop
      vertex 33.21336413621666 -8.866097572568087 28
      vertex 33.21336413621666 -8.866097572568087 31
      vertex 37.71373913621666 -11.464390290272348 28
    endloop
  endfacet
  facet normal 0 0 1
    outer loop
      vertex 40.71398913621666 -9.732195145136174 28
      vertex 40.71398913621666 -6.267804854863826 28
      vertex 39.21127214425398 -8.870587034340248 28
    endloop
  endfacet
  facet normal -1 0 0
    outer loop
      vertex 40.71398913621666 -9.732195145136174 28
      vertex 40.71398913621666 -9.732195145136174 31
      vertex 40.71398913621666 -6.267804854863826 28
    endloop
  endfacet
  facet normal 0.5 0.8660254037844386 0
    outer loop
      vertex 37.71373913621666 -11.464390290272348 28
      vertex 33.21336413621666 -8.866097572568087 31
      vertex 37.71373913621666 -11.464390290272348 31
    endloop
  endfacet
  facet normal 0.48825446667077765 0.8456815432962319 -0.2154769201193896
    outer loop
      vertex 33.21336413621666 -8.866097572568087 31
      vertex 37.71373913621666 -11.209593526848234 32
      vertex 37.71373913621666 -11.464390290272348 31
    endloop
  endfacet
  facet normal 0.8392123306685337 -0.4845194650187315 -0.2469079830055109
    outer loop
      vertex 33.21336413621666 -8.866097572568087 31
      vertex 36.21361413621666 -3.669512137159564 31
      vertex 34.934149606144 -6.395203236575883 32
    endloop
  endfacet
  facet normal -0.4882544666707773 0.8456815432962319 -0.21547692011939043
    outer loop
      vertex 37.71373913621666 -11.464390290272348 31
      vertex 40.49332866628932 -9.604796763424117 32
      vertex 40.71398913621666 -9.732195145136174 31
    endloop
  endfacet
  facet normal -0.5000000000000002 -0.8660254037844386 0
    outer loop
      vertex 40.71398913621666 -6.267804854863826 28
      vertex 40.71398913621666 -6.267804854863826 31
      vertex 36.21361413621666 -3.669512137159564 31
    endloop
  endfacet
  facet normal -1 0 0
    outer loop
      vertex 40.71398913621666 -6.267804854863826 28
      vertex 40.71398913621666 -9.732195145136174 31
      vertex 40.71398913621666 -6.267804854863826 31
    endloop
  endfacet
  facet normal -0.48825446667077765 -0.8456815432962316 -0.21547692011939057
    outer loop
      vertex 40.71398913621666 -6.267804854863826 31
      vertex 40.49332866628932 -6.395203236575883 32
      vertex 36.21361413621666 -3.669512137159564 31
    endloop
  endfacet
  facet normal -0.9765089333415549 0 -0.21547692011939154
    outer loop
      vertex 40.71398913621666 -9.732195145136174 31
      vertex 40.49332866628932 -6.395203236575883 32
      vertex 40.71398913621666 -6.267804854863826 31
    endloop
  endfacet
  facet normal -0.5000000000000002 -0.8660254037844386 -1.4605450649338914e-17
    outer loop
      vertex 40.71398913621666 -6.267804854863826 28
      vertex 36.21361413621666 -3.669512137159564 31
      vertex 36.21361413621666 -3.669512137159564 28
    endloop
  endfacet
  facet normal 0.4882544666707777 0.845681543296232 -0.21547692011938946
    outer loop
      vertex 33.21336413621666 -8.866097572568087 31
      vertex 34.934149606144 -9.604796763424117 32
      vertex 37.71373913621666 -11.209593526848234 32
    endloop
  endfacet
  facet normal 0.5024489608489651 0 -0.8646068712089878
    outer loop
      vertex 33.21336413621666 -8.866097572568087 31
      vertex 34.934149606144 -6.395203236575883 32
      vertex 34.934149606144 -9.604796763424117 32
    endloop
  endfacet
  facet normal -0.4882544666707777 0.845681543296232 -0.21547692011938963
    outer loop
      vertex 37.71373913621666 -11.464390290272348 31
      vertex 37.71373913621666 -11.209593526848234 32
      vertex 40.49332866628932 -9.604796763424117 32
    endloop
  endfacet
  facet normal -0.9765089333415549 0 -0.2154769201193915
    outer loop
      vertex 40.71398913621666 -9.732195145136174 31
      vertex 40.49332866628932 -9.604796763424117 32
      vertex 40.49332866628932 -6.395203236575883 32
    endloop
  endfacet
  facet normal 0.25122448042448237 -0.4351335642002966 -0.8646068712089879
    outer loop
      vertex 36.21361413621666 -3.669512137159564 31
      vertex 37.71373913621666 -4.790406473151767 32
      vertex 34.934149606144 -6.395203236575883 32
    endloop
  endfacet
  facet normal -0.4882544666707771 -0.8456815432962315 -0.21547692011939254
    outer loop
      vertex 36.21361413621666 -3.669512137159564 31
      vertex 40.49332866628932 -6.395203236575883 32
      vertex 37.71373913621666 -4.790406473151767 32
    endloop
  endfacet
  facet normal 0 0 1
    outer loop
      vertex -40.71398913621666 -9.732195145136174 28
      vertex -37.71373913621666 -11.464390290272348 28
      vertex -39.21645612817933 -8.861608110795926 28
    endloop
  endfacet
  facet normal 0.4999999999999997 0.8660254037844388 0
    outer loop
      vertex -40.71398913621666 -9.732195145136174 28
      vertex -40.71398913621666 -9.732195145136174 31
      vertex -37.71373913621666 -11.464390290272348 28
    endloop
  endfacet
  facet normal -0.5 0.8660254037844386 -1.39018760867419e-17
    outer loop
      vertex -37.71373913621666 -11.464390290272348 28
      vertex -33.21336413621666 -8.866097572568087 31
      vertex -33.21336413621666 -8.866097572568087 28
    endloop
  endfacet
  facet normal 0.4999999999999997 0.8660254037844388 0
    outer loop
      vertex -37.71373913621666 -11.464390290272348 28
      vertex -40.71398913621666 -9.732195145136174 31
      vertex -37.71373913621666 -11.464390290272348 31
    endloop
  endfacet
  facet normal 0.4882544666707772 0.8456815432962318 -0.21547692011939099
    outer loop
      vertex -40.71398913621666 -9.732195145136174 31
      vertex -37.71373913621666 -11.209593526848233 32
      vertex -37.71373913621666 -11.464390290272348 31
    endloop
  endfacet
  facet normal 0.5000000000000002 -0.8660254037844386 0
    outer loop
      vertex -40.71398913621666 -6.267804854863826 28
      vertex -36.21361413621666 -3.669512137159564 31
      vertex -40.71398913621666 -6.267804854863826 31
    endloop
  endfacet
  facet normal 0.9765089333415549 0 -0.21547692011939154
    outer loop
      vertex -40.71398913621666 -9.732195145136174 31
      vertex -40.71398913621666 -6.267804854863826 31
      vertex -40.49332866628932 -9.604796763424117 32
    endloop
  endfacet
  facet normal 0.4882544666707776 -0.8456815432962315 -0.2154769201193913
    outer loop
      vertex -40.71398913621666 -6.267804854863826 31
      vertex -36.21361413621666 -3.669512137159564 31
      vertex -40.49332866628932 -6.395203236575884 32
    endloop
  endfacet
  facet normal -0.5 0.8660254037844386 0
    outer loop
      vertex -37.71373913621666 -11.464390290272348 28
      vertex -37.71373913621666 -11.464390290272348 31
      vertex -33.21336413621666 -8.866097572568087 31
    endloop
  endfacet
  facet normal -0.4882544666707775 0.8456815432962316 -0.21547692011939099
    outer loop
      vertex -37.71373913621666 -11.464390290272348 31
      vertex -37.71373913621666 -11.209593526848233 32
      vertex -33.21336413621666 -8.866097572568087 31
    endloop
  endfacet
  facet normal -0.8392123306685337 -0.4845194650187315 -0.24690798300551084
    outer loop
      vertex -33.21336413621666 -8.866097572568087 31
      vertex -34.934149606144 -6.395203236575883 32
      vertex -36.21361413621666 -3.669512137159564 31
    endloop
  endfacet
  facet normal 0.5000000000000002 -0.8660254037844386 1.4605450649338914e-17
    outer loop
      vertex -40.71398913621666 -6.267804854863826 28
      vertex -36.21361413621666 -3.669512137159564 28
      vertex -36.21361413621666 -3.669512137159564 31
    endloop
  endfacet
  facet normal 0.48825446667077715 0.845681543296232 -0.21547692011939054
    outer loop
      vertex -40.71398913621666 -9.732195145136174 31
      vertex -40.49332866628932 -9.604796763424117 32
      vertex -37.71373913621666 -11.209593526848233 32
    endloop
  endfacet
  facet normal 0.9765089333415549 0 -0.2154769201193915
    outer loop
      vertex -40.71398913621666 -6.267804854863826 31
      vertex -40.49332866628932 -6.395203236575884 32
      vertex -40.49332866628932 -9.604796763424117 32
    endloop
  endfacet
  facet normal -0.4882544666707774 0.8456815432962325 -0.21547692011938865
    outer loop
      vertex -33.21336413621666 -8.866097572568087 31
      vertex -37.71373913621666 -11.209593526848233 32
      vertex -34.934149606144 -9.604796763424117 32
    endloop
  endfacet
  facet normal -0.5024489608489651 0 -0.8646068712089878
    outer loop
      vertex -33.21336413621666 -8.866097572568087 31
      vertex -34.934149606144 -9.604796763424117 32
      vertex -34.934149606144 -6.395203236575883 32
    endloop
  endfacet
  facet normal 0.48825446667077704 -0.8456815432962314 -0.21547692011939323
    outer loop
      vertex -36.21361413621666 -3.669512137159564 31
      vertex -37.71373913621666 -4.7904064731517675 32
      vertex -40.49332866628932 -6.395203236575884 32
    endloop
  endfacet
  facet normal -0.2512244804244822 -0.4351335642002965 -0.8646068712089878
    outer loop
      vertex -36.21361413621666 -3.669512137159564 31
      vertex -34.934149606144 -6.395203236575883 32
      vertex -37.71373913621666 -4.7904064731517675 32
    endloop
  endfacet
  facet normal 0.3339857253402731 0.9176182387925778 -0.21547692011939343
    outer loop
      vertex 59.46855561036236 33.92339516223569 32
      vertex 59.858926899853856 34.2509555672702 34
      vertex 61.69132751038637 33.584016287785154 34
    endloop
  endfacet
  facet normal 0.3339857253402729 0.9176182387925779 -0.21547692011939318
    outer loop
      vertex 59.46855561036236 33.92339516223569 32
      vertex 61.69132751038637 33.584016287785154 34
      vertex 62.39609697597581 33.3275011802909 34
    endloop
  endfacet
  facet normal 0.9616735684404445 0.1695689967502365 -0.21547692011939468
    outer loop
      vertex 59.46855561036236 33.92339516223569 32
      vertex 58.911215543373594 37.084227751493636 32
      vertex 59.858926899853856 34.2509555672702 34
    endloop
  endfacet
  facet normal 0.9616735684404448 0.16956899675023943 -0.21547692011939065
    outer loop
      vertex 59.858926899853856 34.2509555672702 34
      vertex 58.911215543373594 37.084227751493636 32
      vertex 59.52031295340334 36.17133068564401 34
    endloop
  endfacet
  facet normal 0.33398572534027293 0.9176182387925778 -0.21547692011939323
    outer loop
      vertex 59.46855561036236 33.92339516223569 32
      vertex 62.39609697597581 33.3275011802909 34
      vertex 62.484586963263865 32.825649524165925 32
    endloop
  endfacet
  facet normal -0.6276878431001688 0.7480492420423396 -0.21547692011939276
    outer loop
      vertex 62.484586963263865 32.825649524165925 32
      vertex 64.46441697239705 35.06302772644455 34
      vertex 64.9432782491766 34.88873647535409 32
    endloop
  endfacet
  facet normal -0.6276878431001696 0.7480492420423392 -0.21547692011939168
    outer loop
      vertex 62.484586963263865 32.825649524165925 32
      vertex 62.39609697597581 33.3275011802909 34
      vertex 64.46441697239705 35.06302772644455 34
    endloop
  endfacet
  facet normal 0 0 -1
    outer loop
      vertex 59.858926899853856 34.2509555672702 34
      vertex 59.52031295340334 36.17133068564401 34
      vertex 61.69132751038637 33.584016287785154 34
    endloop
  endfacet
  facet normal 0.6276878431001702 -0.748049242042339 -0.21547692011939076
    outer loop
      vertex 58.911215543373594 37.084227751493636 32
      vertex 61.36990682928632 39.1473147026818 32
      vertex 59.39007682015314 36.90993650040317 34
    endloop
  endfacet
  facet normal 0.9616735684404449 0.169568996750241 -0.21547692011938993
    outer loop
      vertex 59.52031295340334 36.17133068564401 34
      vertex 58.911215543373594 37.084227751493636 32
      vertex 59.39007682015314 36.90993650040317 34
    endloop
  endfacet
  facet normal 0.6276878431001696 -0.7480492420423392 -0.21547692011939168
    outer loop
      vertex 61.36990682928632 39.1473147026818 32
      vertex 61.45839681657438 38.64546304655682 34
      vertex 59.39007682015314 36.90993650040317 34
    endloop
  endfacet
  facet normal -0.33398572534027293 -0.9176182387925778 -0.21547692011939323
    outer loop
      vertex 61.36990682928632 39.1473147026818 32
      vertex 64.38593818218783 38.04956906461203 32
      vertex 61.45839681657438 38.64546304655682 34
    endloop
  endfacet
  facet normal -0.3339857253402729 -0.9176182387925779 -0.21547692011939312
    outer loop
      vertex 62.163166282163814 38.38894793906257 34
      vertex 61.45839681657438 38.64546304655682 34
      vertex 64.38593818218783 38.04956906461203 32
    endloop
  endfacet
  facet normal -0.3339857253402731 -0.9176182387925778 -0.21547692011939343
    outer loop
      vertex 62.163166282163814 38.38894793906257 34
      vertex 64.38593818218783 38.04956906461203 32
      vertex 63.99556689269633 37.72200865957752 34
    endloop
  endfacet
  facet normal 0 0 -1
    outer loop
      vertex 62.163166282163814 38.38894793906257 34
      vertex 63.99556689269633 37.72200865957752 34
      vertex 64.33418083914685 35.801633541203714 34
    endloop
  endfacet
  facet normal -0.9616735684404444 -0.16956899675023865 -0.21547692011939346
    outer loop
      vertex 64.9432782491766 34.88873647535409 32
      vertex 64.46441697239705 35.06302772644455 34
      vertex 64.38593818218783 38.04956906461203 32
    endloop
  endfacet
  facet normal -0.9616735684404477 -0.16956899675023226 -0.2154769201193838
    outer loop
      vertex 64.46441697239705 35.06302772644455 34
      vertex 64.33418083914685 35.801633541203714 34
      vertex 64.38593818218783 38.04956906461203 32
    endloop
  endfacet
  facet normal -0.9616735684404433 -0.1695689967502427 -0.21547692011939543
    outer loop
      vertex 63.99556689269633 37.72200865957752 34
      vertex 64.38593818218783 38.04956906461203 32
      vertex 64.33418083914685 35.801633541203714 34
    endloop
  endfacet
  facet normal 0.9616735684404444 -0.16956899675023865 -0.21547692011939346
    outer loop
      vertex -64.9432782491766 34.88873647535409 32
      vertex -64.38593818218783 38.04956906461203 32
      vertex -64.46441697239705 35.06302772644455 34
    endloop
  endfacet
  facet normal 0.9616735684404477 -0.16956899675023226 -0.21547692011938377
    outer loop
      vertex -64.46441697239705 35.06302772644455 34
      vertex -64.38593818218783 38.04956906461203 32
      vertex -64.33418083914685 35.801633541203714 34
    endloop
  endfacet
  facet normal 0.9616735684404433 -0.1695689967502427 -0.2154769201193954
    outer loop
      vertex -64.33418083914685 35.801633541203714 34
      vertex -64.38593818218783 38.04956906461203 32
      vertex -63.99556689269633 37.72200865957752 34
    endloop
  endfacet
  facet normal 0.627687843100169 0.7480492420423398 -0.21547692011939176
    outer loop
      vertex -64.9432782491766 34.88873647535409 32
      vertex -62.39609697597581 33.3275011802909 34
      vertex -62.484586963263865 32.825649524165925 32
    endloop
  endfacet
  facet normal 0.6276878431001695 0.7480492420423391 -0.21547692011939285
    outer loop
      vertex -64.9432782491766 34.88873647535409 32
      vertex -64.46441697239705 35.06302772644455 34
      vertex -62.39609697597581 33.3275011802909 34
    endloop
  endfacet
  facet normal -0.33398572534026466 0.9176182387925806 -0.21547692011939432
    outer loop
      vertex -62.484586963263865 32.825649524165925 32
      vertex -62.39609697597581 33.3275011802909 34
      vertex -61.69132751038637 33.58401628778515 34
    endloop
  endfacet
  facet normal -0.33398572534027293 0.9176182387925778 -0.21547692011939346
    outer loop
      vertex -62.484586963263865 32.825649524165925 32
      vertex -59.858926899853856 34.2509555672702 34
      vertex -59.46855561036236 33.92339516223569 32
    endloop
  endfacet
  facet normal -0.3339857253402766 0.9176182387925775 -0.21547692011938843
    outer loop
      vertex -62.484586963263865 32.825649524165925 32
      vertex -61.69132751038637 33.58401628778515 34
      vertex -59.858926899853856 34.2509555672702 34
    endloop
  endfacet
  facet normal -0.9616735684404455 0.16956899675023665 -0.21547692011939043
    outer loop
      vertex -59.46855561036236 33.92339516223569 32
      vertex -59.39007682015314 36.90993650040317 34
      vertex -58.911215543373594 37.084227751493636 32
    endloop
  endfacet
  facet normal -0.9616735684404438 0.16956899675023926 -0.21547692011939498
    outer loop
      vertex -59.46855561036236 33.92339516223569 32
      vertex -59.858926899853856 34.2509555672702 34
      vertex -59.52031295340334 36.17133068564401 34
    endloop
  endfacet
  facet normal -0.9616735684404434 0.16956899675024076 -0.21547692011939665
    outer loop
      vertex -59.46855561036236 33.92339516223569 32
      vertex -59.52031295340334 36.17133068564401 34
      vertex -59.39007682015314 36.90993650040317 34
    endloop
  endfacet
  facet normal 0 0 -1
    outer loop
      vertex -61.69132751038637 33.58401628778515 34
      vertex -59.52031295340334 36.17133068564401 34
      vertex -59.858926899853856 34.2509555672702 34
    endloop
  endfacet
  facet normal 0.33398572534027293 -0.9176182387925778 -0.21547692011939323
    outer loop
      vertex -64.38593818218783 38.04956906461203 32
      vertex -61.36990682928632 39.1473147026818 32
      vertex -61.45839681657438 38.64546304655682 34
    endloop
  endfacet
  facet normal 0.3339857253402762 -0.9176182387925764 -0.21547692011939382
    outer loop
      vertex -64.38593818218783 38.04956906461203 32
      vertex -62.163166282163814 38.388947939062575 34
      vertex -63.99556689269633 37.72200865957752 34
    endloop
  endfacet
  facet normal 0.33398572534026566 -0.9176182387925834 -0.2154769201193809
    outer loop
      vertex -64.38593818218783 38.04956906461203 32
      vertex -61.45839681657438 38.64546304655682 34
      vertex -62.163166282163814 38.388947939062575 34
    endloop
  endfacet
  facet normal -0.62768784310017 -0.7480492420423388 -0.21547692011939157
    outer loop
      vertex -61.36990682928632 39.1473147026818 32
      vertex -58.911215543373594 37.084227751493636 32
      vertex -61.45839681657438 38.64546304655682 34
    endloop
  endfacet
  facet normal -0.6276878431001698 -0.7480492420423395 -0.2154769201193907
    outer loop
      vertex -58.911215543373594 37.084227751493636 32
      vertex -59.39007682015314 36.90993650040317 34
      vertex -61.45839681657438 38.64546304655682 34
    endloop
  endfacet
  facet normal 0 0 -1
    outer loop
      vertex -64.33418083914685 35.801633541203714 34
      vertex -63.99556689269633 37.72200865957752 34
      vertex -62.163166282163814 38.388947939062575 34
    endloop
  endfacet
  facet normal 0.4882544666707774 0.8456815432962315 -0.21547692011939248
    outer loop
      vertex 34.934149606144 -9.604796763424117 32
      vertex 37.71373913621666 -10.7 34
      vertex 37.71373913621666 -11.209593526848234 32
    endloop
  endfacet
  facet normal 0.48825446667077704 0.8456815432962317 -0.21547692011939193
    outer loop
      vertex 34.934149606144 -9.604796763424117 32
      vertex 35.375470545998674 -9.35 34
      vertex 37.71373913621666 -10.7 34
    endloop
  endfacet
  facet normal 0.9765089333415549 0 -0.2154769201193915
    outer loop
      vertex 34.934149606144 -9.604796763424117 32
      vertex 34.934149606144 -6.395203236575883 32
      vertex 35.375470545998674 -9.35 34
    endloop
  endfacet
  facet normal 0.976508933341555 0 -0.2154769201193915
    outer loop
      vertex 34.934149606144 -6.395203236575883 32
      vertex 35.375470545998674 -8.6 34
      vertex 35.375470545998674 -9.35 34
    endloop
  endfacet
  facet normal 0.4882544666707772 -0.8456815432962316 -0.21547692011939196
    outer loop
      vertex 34.934149606144 -6.395203236575883 32
      vertex 37.71373913621666 -4.790406473151767 32
      vertex 35.375470545998674 -6.65 34
    endloop
  endfacet
  facet normal 0.976508933341555 0 -0.21547692011939154
    outer loop
      vertex 34.934149606144 -6.395203236575883 32
      vertex 35.375470545998674 -6.65 34
      vertex 35.375470545998674 -8.6 34
    endloop
  endfacet
  facet normal 0.4882544666707773 -0.8456815432962316 -0.21547692011939185
    outer loop
      vertex 35.375470545998674 -6.65 34
      vertex 37.71373913621666 -4.790406473151767 32
      vertex 37.06422008337833 -5.675 34
    endloop
  endfacet
  facet normal -0.4882544666707774 0.8456815432962315 -0.21547692011939248
    outer loop
      vertex 37.71373913621666 -11.209593526848234 32
      vertex 37.71373913621666 -10.7 34
      vertex 40.49332866628932 -9.604796763424117 32
    endloop
  endfacet
  facet normal -0.4882544666707774 0.8456815432962315 -0.2154769201193924
    outer loop
      vertex 40.49332866628932 -9.604796763424117 32
      vertex 37.71373913621666 -10.7 34
      vertex 38.36325818905499 -10.325 34
    endloop
  endfacet
  facet normal -0.488254466670777 0.8456815432962318 -0.21547692011939193
    outer loop
      vertex 40.49332866628932 -9.604796763424117 32
      vertex 38.36325818905499 -10.325 34
      vertex 40.052007726434645 -9.35 34
    endloop
  endfacet
  facet normal -0.4882544666707772 -0.8456815432962316 -0.2154769201193918
    outer loop
      vertex 40.49332866628932 -6.395203236575883 32
      vertex 37.71373913621666 -5.3 34
      vertex 37.71373913621666 -4.790406473151767 32
    endloop
  endfacet
  facet normal -0.4882544666707773 -0.8456815432962316 -0.21547692011939198
    outer loop
      vertex 40.49332866628932 -6.395203236575883 32
      vertex 40.052007726434645 -6.65 34
      vertex 37.71373913621666 -5.3 34
    endloop
  endfacet
  facet normal -0.9765089333415549 0 -0.2154769201193915
    outer loop
      vertex 40.49332866628932 -9.604796763424117 32
      vertex 40.052007726434645 -6.65 34
      vertex 40.49332866628932 -6.395203236575883 32
    endloop
  endfacet
  facet normal -0.976508933341555 0 -0.21547692011939154
    outer loop
      vertex 40.49332866628932 -9.604796763424117 32
      vertex 40.052007726434645 -9.35 34
      vertex 40.052007726434645 -7.3999999999999995 34
    endloop
  endfacet
  facet normal -0.976508933341555 0 -0.21547692011939154
    outer loop
      vertex 40.49332866628932 -9.604796763424117 32
      vertex 40.052007726434645 -7.3999999999999995 34
      vertex 40.052007726434645 -6.65 34
    endloop
  endfacet
  facet normal 0 0 -1
    outer loop
      vertex 35.375470545998674 -8.6 34
      vertex 35.375470545998674 -6.65 34
      vertex 37.06422008337833 -5.675 34
    endloop
  endfacet
  facet normal 0 0 -1
    outer loop
      vertex 38.36325818905499 -10.325 34
      vertex 40.052007726434645 -7.3999999999999995 34
      vertex 40.052007726434645 -9.35 34
    endloop
  endfacet
  facet normal 0.48825446667077743 -0.8456815432962316 -0.21547692011939173
    outer loop
      vertex 37.06422008337833 -5.675 34
      vertex 37.71373913621666 -4.790406473151767 32
      vertex 37.71373913621666 -5.3 34
    endloop
  endfacet
  facet normal 0.48825446667077704 0.8456815432962318 -0.2154769201193918
    outer loop
      vertex -40.49332866628932 -9.604796763424117 32
      vertex -37.71373913621666 -10.7 34
      vertex -37.71373913621666 -11.209593526848233 32
    endloop
  endfacet
  facet normal 0.488254466670777 0.8456815432962318 -0.21547692011939193
    outer loop
      vertex -40.49332866628932 -9.604796763424117 32
      vertex -40.052007726434645 -9.35 34
      vertex -38.36325818905499 -10.325 34
    endloop
  endfacet
  facet normal 0.4882544666707774 0.8456815432962315 -0.21547692011939243
    outer loop
      vertex -40.49332866628932 -9.604796763424117 32
      vertex -38.36325818905499 -10.325 34
      vertex -37.71373913621666 -10.7 34
    endloop
  endfacet
  facet normal 0.9765089333415549 0 -0.2154769201193915
    outer loop
      vertex -40.49332866628932 -9.604796763424117 32
      vertex -40.49332866628932 -6.395203236575884 32
      vertex -40.052007726434645 -6.65 34
    endloop
  endfacet
  facet normal 0.976508933341555 0 -0.21547692011939154
    outer loop
      vertex -40.49332866628932 -9.604796763424117 32
      vertex -40.052007726434645 -7.3999999999999995 34
      vertex -40.052007726434645 -9.35 34
    endloop
  endfacet
  facet normal 0.976508933341555 0 -0.2154769201193915
    outer loop
      vertex -40.49332866628932 -9.604796763424117 32
      vertex -40.052007726434645 -6.65 34
      vertex -40.052007726434645 -7.3999999999999995 34
    endloop
  endfacet
  facet normal 0.4882544666707772 -0.8456815432962316 -0.2154769201193916
    outer loop
      vertex -40.49332866628932 -6.395203236575884 32
      vertex -37.71373913621666 -4.7904064731517675 32
      vertex -40.052007726434645 -6.65 34
    endloop
  endfacet
  facet normal 0.48825446667077704 -0.8456815432962317 -0.21547692011939182
    outer loop
      vertex -40.052007726434645 -6.65 34
      vertex -37.71373913621666 -4.7904064731517675 32
      vertex -37.71373913621666 -5.300000000000001 34
    endloop
  endfacet
  facet normal -0.488254466670777 0.8456815432962317 -0.21547692011939185
    outer loop
      vertex -37.71373913621666 -11.209593526848233 32
      vertex -35.375470545998674 -9.35 34
      vertex -34.934149606144 -9.604796763424117 32
    endloop
  endfacet
  facet normal -0.48825446667077704 0.8456815432962317 -0.21547692011939176
    outer loop
      vertex -37.71373913621666 -11.209593526848233 32
      vertex -37.71373913621666 -10.7 34
      vertex -35.375470545998674 -9.35 34
    endloop
  endfacet
  facet normal -0.9765089333415549 0 -0.2154769201193915
    outer loop
      vertex -34.934149606144 -9.604796763424117 32
      vertex -35.375470545998674 -6.65 34
      vertex -34.934149606144 -6.395203236575883 32
    endloop
  endfacet
  facet normal -0.976508933341555 0 -0.21547692011939154
    outer loop
      vertex -34.934149606144 -9.604796763424117 32
      vertex -35.375470545998674 -9.35 34
      vertex -35.375470545998674 -8.6 34
    endloop
  endfacet
  facet normal -0.976508933341555 0 -0.21547692011939154
    outer loop
      vertex -34.934149606144 -9.604796763424117 32
      vertex -35.375470545998674 -8.6 34
      vertex -35.375470545998674 -6.65 34
    endloop
  endfacet
  facet normal -0.48825446667077704 -0.8456815432962318 -0.2154769201193918
    outer loop
      vertex -34.934149606144 -6.395203236575883 32
      vertex -37.71373913621666 -5.300000000000001 34
      vertex -37.71373913621666 -4.7904064731517675 32
    endloop
  endfacet
  facet normal -0.4882544666707766 -0.8456815432962321 -0.21547692011939118
    outer loop
      vertex -34.934149606144 -6.395203236575883 32
      vertex -37.06422008337833 -5.675 34
      vertex -37.71373913621666 -5.300000000000001 34
    endloop
  endfacet
  facet normal -0.4882544666707773 -0.8456815432962316 -0.21547692011939198
    outer loop
      vertex -34.934149606144 -6.395203236575883 32
      vertex -35.375470545998674 -6.65 34
      vertex -37.06422008337833 -5.675 34
    endloop
  endfacet
  facet normal 0 0 -1
    outer loop
      vertex -38.36325818905499 -10.325 34
      vertex -40.052007726434645 -9.35 34
      vertex -40.052007726434645 -7.3999999999999995 34
    endloop
  endfacet
  facet normal 0 0 -1
    outer loop
      vertex -35.375470545998674 -8.6 34
      vertex -37.06422008337833 -5.675 34
      vertex -35.375470545998674 -6.65 34
    endloop
  endfacet
  facet normal 0 0 1
    outer loop
      vertex 61.16286166442313 34.44702305702733 28
      vertex 61.94289818410215 33.492452050738315 28
      vertex 61.77690324003538 34.2680462592156 28
    endloop
  endfacet
  facet normal 0 0 1
    outer loop
      vertex 61.94289818410215 33.492452050738315 28
      vertex 62.244532717916485 34.319260016311716 28
      vertex 61.77690324003538 34.2680462592156 28
    endloop
  endfacet
  facet normal 0.7660444431189779 0.6427876096865394 -2.2398692941052623e-16
    outer loop
      vertex 59.52031295340334 36.17133068564401 34
      vertex 61.69132751038637 33.584016287785154 34.5
      vertex 61.69132751038637 33.584016287785154 34
    endloop
  endfacet
  facet normal 0 0 -1
    outer loop
      vertex 60.60582023189485 34.87767348671458 34.5
      vertex 61.13073053844466 34.45638842619143 34.5
      vertex 61.69132751038637 33.584016287785154 34.5
    endloop
  endfacet
  facet normal 0.7660444431189798 0.6427876096865371 0
    outer loop
      vertex 59.52031295340334 36.17133068564401 34
      vertex 59.52031295340334 36.17133068564401 34.5
      vertex 60.60582023189485 34.87767348671458 34.5
    endloop
  endfacet
  facet normal 0 0 -1
    outer loop
      vertex 59.52031295340334 36.17133068564401 34.5
      vertex 59.39007682015314 36.90993650040317 34.5
      vertex 60.2820851562344 35.46776460927899 34.5
    endloop
  endfacet
  facet normal 0 0 -1
    outer loop
      vertex 60.2820851562344 35.46776460927899 34.5
      vertex 59.39007682015314 36.90993650040317 34.5
      vertex 60.208811042066834 36.136825769663574 34.5
    endloop
  endfacet
  facet normal 0.7660444431189761 0.6427876096865418 2.012905258241405e-14
    outer loop
      vertex 59.52031295340334 36.17133068564401 34
      vertex 60.60582023189485 34.87767348671458 34.5
      vertex 61.69132751038637 33.584016287785154 34.5
    endloop
  endfacet
  facet normal 0 0 -1
    outer loop
      vertex 59.52031295340334 36.17133068564401 34.5
      vertex 60.2820851562344 35.46776460927899 34.5
      vertex 60.60582023189485 34.87767348671458 34.5
    endloop
  endfacet
  facet normal 0 0 -1
    outer loop
      vertex 62.39609697597581 33.3275011802909 34.5
      vertex 61.69132751038637 33.584016287785154 34.5
      vertex 61.77690324003538 34.2680462592156 34.5
    endloop
  endfacet
  facet normal 0 0 -1
    outer loop
      vertex 61.13073053844466 34.45638842619143 34.5
      vertex 61.77690324003538 34.2680462592156 34.5
      vertex 61.69132751038637 33.584016287785154 34.5
    endloop
  endfacet
  facet normal 0 0 -1
    outer loop
      vertex 62.39609697597581 33.3275011802909 34.5
      vertex 61.77690324003538 34.2680462592156 34.5
      vertex 62.44596440041997 34.34132037338317 34.5
    endloop
  endfacet
  facet normal 0 0 -1
    outer loop
      vertex 62.39609697597581 33.3275011802909 34.5
      vertex 62.44596440041997 34.34132037338317 34.5
      vertex 63.03605552298438 34.66505544904362 34.5
    endloop
  endfacet
  facet normal 0 0 -1
    outer loop
      vertex 62.39609697597581 33.3275011802909 34.5
      vertex 63.03605552298438 34.66505544904362 34.5
      vertex 64.46441697239705 35.06302772644455 34.5
    endloop
  endfacet
  facet normal 0 0 -1
    outer loop
      vertex 63.03605552298438 34.66505544904362 34.5
      vertex 63.45734058350752 35.18996575559343 34.5
      vertex 64.46441697239705 35.06302772644455 34.5
    endloop
  endfacet
  facet normal 0 0 -1
    outer loop
      vertex 63.45734058350752 35.18996575559343 34.5
      vertex 63.64568275048335 35.83613845718415 34.5
      vertex 64.46441697239705 35.06302772644455 34.5
    endloop
  endfacet
  facet normal 0 0 -1
    outer loop
      vertex 63.64568275048335 35.83613845718415 34.5
      vertex 63.572408636315785 36.505199617568735 34.5
      vertex 64.46441697239705 35.06302772644455 34.5
    endloop
  endfacet
  facet normal -0.7660444431189778 -0.6427876096865397 -1.295155371866679e-16
    outer loop
      vertex 63.248673560655334 37.095290740133144 34.5
      vertex 64.33418083914685 35.801633541203714 34
      vertex 64.33418083914685 35.801633541203714 34.5
    endloop
  endfacet
  facet normal 0 0 -1
    outer loop
      vertex 63.572408636315785 36.505199617568735 34.5
      vertex 63.248673560655334 37.095290740133144 34.5
      vertex 64.33418083914685 35.801633541203714 34.5
    endloop
  endfacet
  facet normal 0 0 1
    outer loop
      vertex 63.25467136376683 37.088142836727336 28
      vertex 63.25122792871507 37.09063474197558 28
      vertex 63.253842097451056 37.08586974157874 28
    endloop
  endfacet
  facet normal 0 0 1
    outer loop
      vertex 63.25467136376683 37.088142836727336 28
      vertex 63.252019602495835 37.091303082748745 28
      vertex 63.25122792871507 37.09063474197558 28
    endloop
  endfacet
  facet normal 0 0 -1
    outer loop
      vertex 60.208811042066834 36.136825769663574 34.5
      vertex 59.39007682015314 36.90993650040317 34.5
      vertex 60.39715320904266 36.782998471254295 34.5
    endloop
  endfacet
  facet normal 0 0 -1
    outer loop
      vertex 59.39007682015314 36.90993650040317 34.5
      vertex 60.81843826956581 37.3079087778041 34.5
      vertex 60.39715320904266 36.782998471254295 34.5
    endloop
  endfacet
  facet normal 0 0 -1
    outer loop
      vertex 59.39007682015314 36.90993650040317 34.5
      vertex 61.45839681657438 38.64546304655682 34.5
      vertex 60.81843826956581 37.3079087778041 34.5
    endloop
  endfacet
  facet normal 0 0 -1
    outer loop
      vertex 60.81843826956581 37.3079087778041 34.5
      vertex 61.45839681657438 38.64546304655682 34.5
      vertex 61.40852939213022 37.63164385346455 34.5
    endloop
  endfacet
  facet normal -0.7660444431189769 -0.6427876096865407 0
    outer loop
      vertex 62.163166282163814 38.38894793906257 34
      vertex 64.33418083914685 35.801633541203714 34
      vertex 62.163166282163814 38.38894793906257 34.5
    endloop
  endfacet
  facet normal 0 0 -1
    outer loop
      vertex 61.40852939213022 37.63164385346455 34.5
      vertex 61.45839681657438 38.64546304655682 34.5
      vertex 62.077590552514806 37.70491796763212 34.5
    endloop
  endfacet
  facet normal 0 0 -1
    outer loop
      vertex 62.077590552514806 37.70491796763212 34.5
      vertex 61.45839681657438 38.64546304655682 34.5
      vertex 62.163166282163814 38.38894793906257 34.5
    endloop
  endfacet
  facet normal 0 0 -1
    outer loop
      vertex 62.077590552514806 37.70491796763212 34.5
      vertex 62.163166282163814 38.38894793906257 34.5
      vertex 62.72376325410553 37.51657580065629 34.5
    endloop
  endfacet
  facet normal -0.7660444431189761 -0.6427876096865418 9.06913688084371e-15
    outer loop
      vertex 62.163166282163814 38.38894793906257 34.5
      vertex 64.33418083914685 35.801633541203714 34
      vertex 63.248673560655334 37.095290740133144 34.5
    endloop
  endfacet
  facet normal 0 0 -1
    outer loop
      vertex 62.163166282163814 38.38894793906257 34.5
      vertex 63.248673560655334 37.095290740133144 34.5
      vertex 62.72376325410553 37.51657580065629 34.5
    endloop
  endfacet
  facet normal 0 0 -1
    outer loop
      vertex 63.572408636315785 36.505199617568735 34.5
      vertex 64.33418083914685 35.801633541203714 34.5
      vertex 64.46441697239705 35.06302772644455 34.5
    endloop
  endfacet
  facet normal 0 0 -1
    outer loop
      vertex -64.46441697239705 35.06302772644455 34.5
      vertex -64.33418083914685 35.801633541203714 34.5
      vertex -63.64568275048335 35.83613845718415 34.5
    endloop
  endfacet
  facet normal 0 0 1
    outer loop
      vertex -60.27844157954433 35.50103387054413 28
      vertex -59.47382457190615 36.434979398452455 28
      vertex -60.208811042066834 36.136825769663574 28
    endloop
  endfacet
  facet normal 0 0 1
    outer loop
      vertex -60.208811042066834 36.136825769663574 28
      vertex -59.47382457190615 36.434979398452455 28
      vertex -60.34044975377336 36.588457729426715 28
    endloop
  endfacet
  facet normal 0 0 -1
    outer loop
      vertex -64.46441697239705 35.06302772644455 34.5
      vertex -63.03605552298438 34.66505544904362 34.5
      vertex -62.39609697597581 33.3275011802909 34.5
    endloop
  endfacet
  facet normal 0 0 -1
    outer loop
      vertex -62.39609697597581 33.3275011802909 34.5
      vertex -63.03605552298438 34.66505544904362 34.5
      vertex -62.44596440041997 34.34132037338317 34.5
    endloop
  endfacet
  facet normal 0 0 -1
    outer loop
      vertex -62.39609697597581 33.3275011802909 34.5
      vertex -62.44596440041997 34.34132037338317 34.5
      vertex -61.77690324003538 34.2680462592156 34.5
    endloop
  endfacet
  facet normal 0 0 -1
    outer loop
      vertex -62.39609697597581 33.3275011802909 34.5
      vertex -61.13073053844466 34.45638842619143 34.5
      vertex -61.69132751038637 33.58401628778515 34.5
    endloop
  endfacet
  facet normal 0 0 -1
    outer loop
      vertex -62.39609697597581 33.3275011802909 34.5
      vertex -61.77690324003538 34.2680462592156 34.5
      vertex -61.13073053844466 34.45638842619143 34.5
    endloop
  endfacet
  facet normal 0 0 -1
    outer loop
      vertex -64.46441697239705 35.06302772644455 34.5
      vertex -63.45734058350752 35.18996575559343 34.5
      vertex -63.03605552298438 34.66505544904362 34.5
    endloop
  endfacet
  facet normal 0 0 -1
    outer loop
      vertex -64.46441697239705 35.06302772644455 34.5
      vertex -63.64568275048335 35.83613845718415 34.5
      vertex -63.45734058350752 35.18996575559343 34.5
    endloop
  endfacet
  facet normal 0 0 -1
    outer loop
      vertex -64.33418083914685 35.801633541203714 34.5
      vertex -63.572408636315785 36.505199617568735 34.5
      vertex -63.64568275048335 35.83613845718415 34.5
    endloop
  endfacet
  facet normal 0 0 -1
    outer loop
      vertex -64.33418083914685 35.801633541203714 34.5
      vertex -63.248673560655334 37.095290740133144 34.5
      vertex -63.572408636315785 36.505199617568735 34.5
    endloop
  endfacet
  facet normal -0.7660444431189778 0.6427876096865397 0
    outer loop
      vertex -61.69132751038637 33.58401628778515 34
      vertex -61.69132751038637 33.58401628778515 34.5
      vertex -60.60582023189485 34.87767348671458 34.5
    endloop
  endfacet
  facet normal 0 0 -1
    outer loop
      vertex -61.69132751038637 33.58401628778515 34.5
      vertex -61.13073053844466 34.45638842619143 34.5
      vertex -60.60582023189485 34.87767348671458 34.5
    endloop
  endfacet
  facet normal -0.7660444431189788 0.6427876096865384 -1.0834496187503792e-16
    outer loop
      vertex -61.69132751038637 33.58401628778515 34
      vertex -59.52031295340334 36.17133068564401 34.5
      vertex -59.52031295340334 36.17133068564401 34
    endloop
  endfacet
  facet normal -0.7660444431189798 0.6427876096865371 1.077780132467661e-14
    outer loop
      vertex -61.69132751038637 33.58401628778515 34
      vertex -60.60582023189485 34.87767348671458 34.5
      vertex -59.52031295340334 36.17133068564401 34.5
    endloop
  endfacet
  facet normal 0 0 -1
    outer loop
      vertex -60.60582023189485 34.87767348671458 34.5
      vertex -60.2820851562344 35.46776460927899 34.5
      vertex -59.52031295340334 36.17133068564401 34.5
    endloop
  endfacet
  facet normal 0 0 -1
    outer loop
      vertex -60.2820851562344 35.46776460927899 34.5
      vertex -60.208811042066834 36.136825769663574 34.5
      vertex -59.52031295340334 36.17133068564401 34.5
    endloop
  endfacet
  facet normal 0 0 -1
    outer loop
      vertex -60.208811042066834 36.136825769663574 34.5
      vertex -59.39007682015314 36.90993650040317 34.5
      vertex -59.52031295340334 36.17133068564401 34.5
    endloop
  endfacet
  facet normal 0 0 1
    outer loop
      vertex -63.24267575754383 37.102438643538946 28
      vertex -63.244531858930415 37.0986148071977 28
      vertex -63.240293195233626 37.10201669447208 28
    endloop
  endfacet
  facet normal 0 0 1
    outer loop
      vertex -63.24267575754383 37.102438643538946 28
      vertex -63.245327518814825 37.09927839751754 28
      vertex -63.244531858930415 37.0986148071977 28
    endloop
  endfacet
  facet normal 0.7660444431189778 -0.6427876096865397 0
    outer loop
      vertex -64.33418083914685 35.801633541203714 34
      vertex -62.163166282163814 38.388947939062575 34
      vertex -64.33418083914685 35.801633541203714 34.5
    endloop
  endfacet
  facet normal 0.7660444431189778 -0.6427876096865397 2.590310743733358e-16
    outer loop
      vertex -64.33418083914685 35.801633541203714 34.5
      vertex -62.163166282163814 38.388947939062575 34
      vertex -63.248673560655334 37.095290740133144 34.5
    endloop
  endfacet
  facet normal 0 0 -1
    outer loop
      vertex -63.248673560655334 37.095290740133144 34.5
      vertex -62.163166282163814 38.388947939062575 34.5
      vertex -62.72376325410553 37.51657580065629 34.5
    endloop
  endfacet
  facet normal 0.7660444431189778 -0.6427876096865397 0
    outer loop
      vertex -62.163166282163814 38.388947939062575 34
      vertex -62.163166282163814 38.388947939062575 34.5
      vertex -63.248673560655334 37.095290740133144 34.5
    endloop
  endfacet
  facet normal 0 0 -1
    outer loop
      vertex -62.72376325410553 37.51657580065629 34.5
      vertex -61.45839681657438 38.64546304655682 34.5
      vertex -62.077590552514806 37.70491796763212 34.5
    endloop
  endfacet
  facet normal 0 0 -1
    outer loop
      vertex -62.72376325410553 37.51657580065629 34.5
      vertex -62.163166282163814 38.388947939062575 34.5
      vertex -61.45839681657438 38.64546304655682 34.5
    endloop
  endfacet
  facet normal 0 0 -1
    outer loop
      vertex -62.077590552514806 37.70491796763212 34.5
      vertex -61.45839681657438 38.64546304655682 34.5
      vertex -61.40852939213022 37.63164385346455 34.5
    endloop
  endfacet
  facet normal 0 0 -1
    outer loop
      vertex -60.81843826956581 37.3079087778041 34.5
      vertex -59.39007682015314 36.90993650040317 34.5
      vertex -60.39715320904266 36.782998471254295 34.5
    endloop
  endfacet
  facet normal 0 0 -1
    outer loop
      vertex -61.40852939213022 37.63164385346455 34.5
      vertex -61.45839681657438 38.64546304655682 34.5
      vertex -60.81843826956581 37.3079087778041 34.5
    endloop
  endfacet
  facet normal 0 0 -1
    outer loop
      vertex -61.45839681657438 38.64546304655682 34.5
      vertex -59.39007682015314 36.90993650040317 34.5
      vertex -60.81843826956581 37.3079087778041 34.5
    endloop
  endfacet
  facet normal 0 0 -1
    outer loop
      vertex -60.208811042066834 36.136825769663574 34.5
      vertex -60.39715320904266 36.782998471254295 34.5
      vertex -59.39007682015314 36.90993650040317 34.5
    endloop
  endfacet
  facet normal 0 0 1
    outer loop
      vertex 35.375470545998674 -8.867715919175113 28
      vertex 36.25558097654216 -8.868374685886424 28
      vertex 36.047517085868016 -8.446462852801849 28
    endloop
  endfacet
  facet normal 0 0 1
    outer loop
      vertex 35.375470545998674 -8.867715919175113 28
      vertex 36.047517085868016 -8.446462852801849 28
      vertex 36.00568567436477 -7.8082388453037295 28
    endloop
  endfacet
  facet normal 0 0 1
    outer loop
      vertex 39.20296749514013 -8.870580818272133 28
      vertex 39.20413139596366 -8.86649276597368 28
      vertex 39.20054785861847 -8.870579007163052 28
    endloop
  endfacet
  facet normal 0 0 1
    outer loop
      vertex 39.20296749514013 -8.870580818272133 28
      vertex 39.20503019923634 -8.867008109976508 28
      vertex 39.20413139596366 -8.86649276597368 28
    endloop
  endfacet
  facet normal 0 0 -1
    outer loop
      vertex 36.85123913621666 -9.493893821528157 34.5
      vertex 37.71373913621666 -10.7 34.5
      vertex 35.375470545998674 -9.35 34.5
    endloop
  endfacet
  facet normal 0.8660254037844384 -0.5000000000000003 0
    outer loop
      vertex 35.375470545998674 -8.6 34
      vertex 37.06422008337833 -5.675 34
      vertex 35.375470545998674 -8.6 34.5
    endloop
  endfacet
  facet normal 0 0 -1
    outer loop
      vertex 35.375470545998674 -9.35 34.5
      vertex 35.375470545998674 -8.6 34.5
      vertex 36.047517085868016 -8.446462852801849 34.5
    endloop
  endfacet
  facet normal 0 0 -1
    outer loop
      vertex 35.375470545998674 -9.35 34.5
      vertex 36.047517085868016 -8.446462852801849 34.5
      vertex 36.345204624214276 -9.050113465040043 34.5
    endloop
  endfacet
  facet normal 0 0 -1
    outer loop
      vertex 35.375470545998674 -8.6 34.5
      vertex 36.003496750346834 -7.774842318420411 34.5
      vertex 36.047517085868016 -8.446462852801849 34.5
    endloop
  endfacet
  facet normal 0 0 -1
    outer loop
      vertex 35.375470545998674 -8.6 34.5
      vertex 36.219845314688506 -7.1375 34.5
      vertex 36.003496750346834 -7.774842318420411 34.5
    endloop
  endfacet
  facet normal 0 0 -1
    outer loop
      vertex 36.85123913621666 -9.493893821528157 34.5
      vertex 35.375470545998674 -9.35 34.5
      vertex 36.345204624214276 -9.050113465040043 34.5
    endloop
  endfacet
  facet normal 0.8660254037844375 -0.500000000000002 -1.3162399891488881e-14
    outer loop
      vertex 35.375470545998674 -8.6 34.5
      vertex 37.06422008337833 -5.675 34
      vertex 36.219845314688506 -7.1375 34.5
    endloop
  endfacet
  facet normal 0 0 -1
    outer loop
      vertex 36.219845314688506 -7.1375 34.5
      vertex 37.06422008337833 -5.675 34.5
      vertex 36.66362567117662 -6.63146548799762 34.5
    endloop
  endfacet
  facet normal 0.8660254037844395 -0.49999999999999867 0
    outer loop
      vertex 37.06422008337833 -5.675 34
      vertex 37.06422008337833 -5.675 34.5
      vertex 36.219845314688506 -7.1375 34.5
    endloop
  endfacet
  facet normal 0 0 -1
    outer loop
      vertex 36.66362567117662 -6.63146548799762 34.5
      vertex 37.06422008337833 -5.675 34.5
      vertex 37.71373913621666 -5.3 34.5
    endloop
  endfacet
  facet normal 0 0 -1
    outer loop
      vertex 36.66362567117662 -6.63146548799762 34.5
      vertex 37.71373913621666 -5.3 34.5
      vertex 37.26727628341481 -6.333777949651357 34.5
    endloop
  endfacet
  facet normal 0 0 -1
    outer loop
      vertex 37.71373913621666 -10.7 34.5
      vertex 37.48858145463707 -9.710242385869822 34.5
      vertex 38.16020198901851 -9.666222050348644 34.5
    endloop
  endfacet
  facet normal 0 0 -1
    outer loop
      vertex 36.85123913621666 -9.493893821528157 34.5
      vertex 37.48858145463707 -9.710242385869822 34.5
      vertex 37.71373913621666 -10.7 34.5
    endloop
  endfacet
  facet normal 0 0 -1
    outer loop
      vertex 37.71373913621666 -10.7 34.5
      vertex 38.7638526012567 -9.36853451200238 34.5
      vertex 38.36325818905499 -10.325 34.5
    endloop
  endfacet
  facet normal -0.8660254037844393 0.49999999999999917 0
    outer loop
      vertex 38.36325818905499 -10.325 34
      vertex 38.36325818905499 -10.325 34.5
      vertex 39.20763295774481 -8.8625 34.5
    endloop
  endfacet
  facet normal 0 0 -1
    outer loop
      vertex 37.71373913621666 -10.7 34.5
      vertex 38.16020198901851 -9.666222050348644 34.5
      vertex 38.7638526012567 -9.36853451200238 34.5
    endloop
  endfacet
  facet normal 0 0 -1
    outer loop
      vertex 38.36325818905499 -10.325 34.5
      vertex 38.7638526012567 -9.36853451200238 34.5
      vertex 39.20763295774481 -8.8625 34.5
    endloop
  endfacet
  facet normal -0.8660254037844384 0.5000000000000003 -1.7763568394002515e-16
    outer loop
      vertex 38.36325818905499 -10.325 34
      vertex 40.052007726434645 -7.3999999999999995 34.5
      vertex 40.052007726434645 -7.3999999999999995 34
    endloop
  endfacet
  facet normal -0.8660254037844377 0.5000000000000016 -9.854904314219001e-15
    outer loop
      vertex 38.36325818905499 -10.325 34
      vertex 39.20763295774481 -8.8625 34.5
      vertex 40.052007726434645 -7.3999999999999995 34.5
    endloop
  endfacet
  facet normal 0 0 -1
    outer loop
      vertex 39.20763295774481 -8.8625 34.5
      vertex 39.423981522086486 -8.225157681579589 34.5
      vertex 40.052007726434645 -7.3999999999999995 34.5
    endloop
  endfacet
  facet normal 0 0 -1
    outer loop
      vertex 39.423981522086486 -8.225157681579589 34.5
      vertex 39.3799611865653 -7.553537147198152 34.5
      vertex 40.052007726434645 -7.3999999999999995 34.5
    endloop
  endfacet
  facet normal 0 0 -1
    outer loop
      vertex 37.26727628341481 -6.333777949651357 34.5
      vertex 37.71373913621666 -5.3 34.5
      vertex 37.93889681779625 -6.289757614130178 34.5
    endloop
  endfacet
  facet normal 0 0 -1
    outer loop
      vertex 38.57623913621666 -6.5061061784718435 34.5
      vertex 37.93889681779625 -6.289757614130178 34.5
      vertex 37.71373913621666 -5.3 34.5
    endloop
  endfacet
  facet normal 0 0 -1
    outer loop
      vertex 38.57623913621666 -6.5061061784718435 34.5
      vertex 40.052007726434645 -6.65 34.5
      vertex 39.082273648219044 -6.9498865349599575 34.5
    endloop
  endfacet
  facet normal 0 0 -1
    outer loop
      vertex 39.3799611865653 -7.553537147198152 34.5
      vertex 39.082273648219044 -6.9498865349599575 34.5
      vertex 40.052007726434645 -6.65 34.5
    endloop
  endfacet
  facet normal 0 0 -1
    outer loop
      vertex 39.3799611865653 -7.553537147198152 34.5
      vertex 40.052007726434645 -6.65 34.5
      vertex 40.052007726434645 -7.3999999999999995 34.5
    endloop
  endfacet
  facet normal 0 0 -1
    outer loop
      vertex 38.57623913621666 -6.5061061784718435 34.5
      vertex 37.71373913621666 -5.3 34.5
      vertex 40.052007726434645 -6.65 34.5
    endloop
  endfacet
  facet normal 0 0 1
    outer loop
      vertex -39.212298420349505 -8.854419181727867 28
      vertex -39.209340013618814 -8.857471175557757 28
      vertex -39.2110870336222 -8.852324620586728 28
    endloop
  endfacet
  facet normal 0 0 1
    outer loop
      vertex -39.212298420349505 -8.854419181727867 28
      vertex -39.21023571625329 -8.857991890023492 28
      vertex -39.209340013618814 -8.857471175557757 28
    endloop
  endfacet
  facet normal 0 0 1
    outer loop
      vertex -37.73669459436039 -6.303010648043104 28
      vertex -37.26727628341481 -6.333777949651357 28
      vertex -37.29606887038148 -5.541142040412444 28
    endloop
  endfacet
  facet normal 0 0 1
    outer loop
      vertex -36.693642373864705 -6.616662888362446 28
      vertex -37.29606887038148 -5.541142040412444 28
      vertex -37.26727628341481 -6.333777949651357 28
    endloop
  endfacet
  facet normal 0 0 -1
    outer loop
      vertex -38.36325818905499 -10.325 34.5
      vertex -39.20763295774481 -8.8625 34.5
      vertex -38.7638526012567 -9.36853451200238 34.5
    endloop
  endfacet
  facet normal 0 0 -1
    outer loop
      vertex -37.71373913621666 -10.7 34.5
      vertex -38.36325818905499 -10.325 34.5
      vertex -38.16020198901851 -9.666222050348644 34.5
    endloop
  endfacet
  facet normal 0 0 -1
    outer loop
      vertex -38.36325818905499 -10.325 34.5
      vertex -38.7638526012567 -9.36853451200238 34.5
      vertex -38.16020198901851 -9.666222050348644 34.5
    endloop
  endfacet
  facet normal 0 0 -1
    outer loop
      vertex -37.71373913621666 -10.7 34.5
      vertex -38.16020198901851 -9.666222050348644 34.5
      vertex -37.48858145463707 -9.710242385869822 34.5
    endloop
  endfacet
  facet normal 0 0 -1
    outer loop
      vertex -37.71373913621666 -10.7 34.5
      vertex -37.48858145463707 -9.710242385869822 34.5
      vertex -36.85123913621666 -9.493893821528157 34.5
    endloop
  endfacet
  facet normal 0.8660254037844384 0.5000000000000003 0
    outer loop
      vertex -38.36325818905499 -10.325 34
      vertex -40.052007726434645 -7.3999999999999995 34
      vertex -38.36325818905499 -10.325 34.5
    endloop
  endfacet
  facet normal 0.8660254037844393 0.49999999999999917 -9.78035335732352e-15
    outer loop
      vertex -38.36325818905499 -10.325 34.5
      vertex -40.052007726434645 -7.3999999999999995 34
      vertex -39.20763295774481 -8.8625 34.5
    endloop
  endfacet
  facet normal 0 0 -1
    outer loop
      vertex -40.052007726434645 -7.3999999999999995 34.5
      vertex -39.423981522086486 -8.225157681579589 34.5
      vertex -39.20763295774481 -8.8625 34.5
    endloop
  endfacet
  facet normal 0.8660254037844377 0.5000000000000016 0
    outer loop
      vertex -40.052007726434645 -7.3999999999999995 34
      vertex -40.052007726434645 -7.3999999999999995 34.5
      vertex -39.20763295774481 -8.8625 34.5
    endloop
  endfacet
  facet normal 0 0 -1
    outer loop
      vertex -40.052007726434645 -7.3999999999999995 34.5
      vertex -40.052007726434645 -6.65 34.5
      vertex -39.423981522086486 -8.225157681579589 34.5
    endloop
  endfacet
  facet normal 0 0 -1
    outer loop
      vertex -40.052007726434645 -6.65 34.5
      vertex -39.3799611865653 -7.553537147198152 34.5
      vertex -39.423981522086486 -8.225157681579589 34.5
    endloop
  endfacet
  facet normal 0 0 -1
    outer loop
      vertex -40.052007726434645 -6.65 34.5
      vertex -39.082273648219044 -6.9498865349599575 34.5
      vertex -39.3799611865653 -7.553537147198152 34.5
    endloop
  endfacet
  facet normal 0 0 -1
    outer loop
      vertex -40.052007726434645 -6.65 34.5
      vertex -38.57623913621666 -6.5061061784718435 34.5
      vertex -39.082273648219044 -6.9498865349599575 34.5
    endloop
  endfacet
  facet normal 0 0 -1
    outer loop
      vertex -40.052007726434645 -6.65 34.5
      vertex -37.71373913621666 -5.300000000000001 34.5
      vertex -38.57623913621666 -6.5061061784718435 34.5
    endloop
  endfacet
  facet normal 0 0 -1
    outer loop
      vertex -38.57623913621666 -6.5061061784718435 34.5
      vertex -37.71373913621666 -5.300000000000001 34.5
      vertex -37.93889681779625 -6.289757614130178 34.5
    endloop
  endfacet
  facet normal 0 0 -1
    outer loop
      vertex -37.93889681779625 -6.289757614130178 34.5
      vertex -37.71373913621666 -5.300000000000001 34.5
      vertex -37.26727628341481 -6.333777949651357 34.5
    endloop
  endfacet
  facet normal 0 0 -1
    outer loop
      vertex -37.26727628341481 -6.333777949651357 34.5
      vertex -37.71373913621666 -5.300000000000001 34.5
      vertex -37.06422008337833 -5.675 34.5
    endloop
  endfacet
  facet normal 0 0 -1
    outer loop
      vertex -37.71373913621666 -10.7 34.5
      vertex -36.85123913621666 -9.493893821528157 34.5
      vertex -35.375470545998674 -9.35 34.5
    endloop
  endfacet
  facet normal 0 0 -1
    outer loop
      vertex -36.85123913621666 -9.493893821528157 34.5
      vertex -36.345204624214276 -9.050113465040043 34.5
      vertex -35.375470545998674 -9.35 34.5
    endloop
  endfacet
  facet normal 0 0 -1
    outer loop
      vertex -36.345204624214276 -9.050113465040043 34.5
      vertex -36.047517085868016 -8.446462852801849 34.5
      vertex -35.375470545998674 -9.35 34.5
    endloop
  endfacet
  facet normal 0 0 -1
    outer loop
      vertex -36.047517085868016 -8.446462852801849 34.5
      vertex -36.003496750346834 -7.774842318420411 34.5
      vertex -35.375470545998674 -9.35 34.5
    endloop
  endfacet
  facet normal 0 0 -1
    outer loop
      vertex -35.375470545998674 -9.35 34.5
      vertex -36.003496750346834 -7.774842318420411 34.5
      vertex -35.375470545998674 -8.6 34.5
    endloop
  endfacet
  facet normal -0.8660254037844375 -0.500000000000002 0
    outer loop
      vertex -35.375470545998674 -8.6 34
      vertex -35.375470545998674 -8.6 34.5
      vertex -36.219845314688506 -7.1375 34.5
    endloop
  endfacet
  facet normal 0 0 -1
    outer loop
      vertex -35.375470545998674 -8.6 34.5
      vertex -36.003496750346834 -7.774842318420411 34.5
      vertex -36.219845314688506 -7.1375 34.5
    endloop
  endfacet
  facet normal -0.8660254037844384 -0.5000000000000003 1.7763568394002515e-16
    outer loop
      vertex -35.375470545998674 -8.6 34
      vertex -37.06422008337833 -5.675 34.5
      vertex -37.06422008337833 -5.675 34
    endloop
  endfacet
  facet normal -0.8660254037844395 -0.49999999999999867 -1.3181202533945119e-14
    outer loop
      vertex -35.375470545998674 -8.6 34
      vertex -36.219845314688506 -7.1375 34.5
      vertex -37.06422008337833 -5.675 34.5
    endloop
  endfacet
  facet normal 0 0 -1
    outer loop
      vertex -36.219845314688506 -7.1375 34.5
      vertex -36.66362567117662 -6.63146548799762 34.5
      vertex -37.06422008337833 -5.675 34.5
    endloop
  endfacet
  facet normal 0 0 -1
    outer loop
      vertex -36.66362567117662 -6.63146548799762 34.5
      vertex -37.26727628341481 -6.333777949651357 34.5
      vertex -37.06422008337833 -5.675 34.5
    endloop
  endfacet
  facet normal 0.9848077530122078 0.17364817766693239 0
    outer loop
      vertex 59.52031295340334 36.17133068564401 34
      vertex 59.39007682015314 36.90993650040317 34
      vertex 59.52031295340334 36.17133068564401 34.5
    endloop
  endfacet
  facet normal 0.3420201433256672 0.939692620785909 0
    outer loop
      vertex 62.39609697597581 33.3275011802909 34
      vertex 61.69132751038637 33.584016287785154 34
      vertex 62.39609697597581 33.3275011802909 34.5
    endloop
  endfacet
  facet normal 0.3420201433256672 0.939692620785909 0
    outer loop
      vertex 61.69132751038637 33.584016287785154 34
      vertex 61.69132751038637 33.584016287785154 34.5
      vertex 62.39609697597581 33.3275011802909 34.5
    endloop
  endfacet
  facet normal -0.6427876096865386 0.7660444431189787 0
    outer loop
      vertex 62.39609697597581 33.3275011802909 34
      vertex 62.39609697597581 33.3275011802909 34.5
      vertex 64.46441697239705 35.06302772644455 34.5
    endloop
  endfacet
  facet normal -0.6427876096865386 0.7660444431189787 1.520806599638424e-16
    outer loop
      vertex 62.39609697597581 33.3275011802909 34
      vertex 64.46441697239705 35.06302772644455 34.5
      vertex 64.46441697239705 35.06302772644455 34
    endloop
  endfacet
  facet normal 0.6427876096865386 -0.7660444431189787 0
    outer loop
      vertex 59.39007682015314 36.90993650040317 34
      vertex 61.45839681657438 38.64546304655682 34
      vertex 59.39007682015314 36.90993650040317 34.5
    endloop
  endfacet
  facet normal 0.9848077530122078 0.17364817766693239 1.4708765760586466e-17
    outer loop
      vertex 59.52031295340334 36.17133068564401 34.5
      vertex 59.39007682015314 36.90993650040317 34
      vertex 59.39007682015314 36.90993650040317 34.5
    endloop
  endfacet
  facet normal 0.6427876096865386 -0.7660444431189787 1.520806599638424e-16
    outer loop
      vertex 59.39007682015314 36.90993650040317 34.5
      vertex 61.45839681657438 38.64546304655682 34
      vertex 61.45839681657438 38.64546304655682 34.5
    endloop
  endfacet
  facet normal -0.3420201433256672 -0.939692620785909 5.6293341778945314e-18
    outer loop
      vertex 62.163166282163814 38.38894793906257 34
      vertex 61.45839681657438 38.64546304655682 34.5
      vertex 61.45839681657438 38.64546304655682 34
    endloop
  endfacet
  facet normal -0.3420201433256672 -0.939692620785909 0
    outer loop
      vertex 62.163166282163814 38.38894793906257 34
      vertex 62.163166282163814 38.38894793906257 34.5
      vertex 61.45839681657438 38.64546304655682 34.5
    endloop
  endfacet
  facet normal -0.9848077530122094 -0.17364817766692317 -1.614887820943266e-17
    outer loop
      vertex 64.46441697239705 35.06302772644455 34
      vertex 64.33418083914685 35.801633541203714 34.5
      vertex 64.33418083914685 35.801633541203714 34
    endloop
  endfacet
  facet normal -0.9848077530122094 -0.17364817766692317 0
    outer loop
      vertex 64.46441697239705 35.06302772644455 34
      vertex 64.46441697239705 35.06302772644455 34.5
      vertex 64.33418083914685 35.801633541203714 34.5
    endloop
  endfacet
  facet normal 0.9848077530122094 -0.17364817766692317 0
    outer loop
      vertex -64.46441697239705 35.06302772644455 34
      vertex -64.33418083914685 35.801633541203714 34
      vertex -64.46441697239705 35.06302772644455 34.5
    endloop
  endfacet
  facet normal 0.9848077530122094 -0.17364817766692317 0
    outer loop
      vertex -64.33418083914685 35.801633541203714 34
      vertex -64.33418083914685 35.801633541203714 34.5
      vertex -64.46441697239705 35.06302772644455 34.5
    endloop
  endfacet
  facet normal 0.6427876096865386 0.7660444431189787 -1.520806599638424e-16
    outer loop
      vertex -64.46441697239705 35.06302772644455 34
      vertex -62.39609697597581 33.3275011802909 34.5
      vertex -62.39609697597581 33.3275011802909 34
    endloop
  endfacet
  facet normal -0.34202014332565883 0.939692620785912 -3.678834961206162e-17
    outer loop
      vertex -62.39609697597581 33.3275011802909 34
      vertex -61.69132751038637 33.58401628778515 34.5
      vertex -61.69132751038637 33.58401628778515 34
    endloop
  endfacet
  facet normal -0.34202014332565883 0.939692620785912 0
    outer loop
      vertex -62.39609697597581 33.3275011802909 34
      vertex -62.39609697597581 33.3275011802909 34.5
      vertex -61.69132751038637 33.58401628778515 34.5
    endloop
  endfacet
  facet normal 0.6427876096865386 0.7660444431189787 0
    outer loop
      vertex -64.46441697239705 35.06302772644455 34
      vertex -64.46441697239705 35.06302772644455 34.5
      vertex -62.39609697597581 33.3275011802909 34.5
    endloop
  endfacet
  facet normal -0.9848077530122078 0.17364817766693239 0
    outer loop
      vertex -59.52031295340334 36.17133068564401 34
      vertex -59.52031295340334 36.17133068564401 34.5
      vertex -59.39007682015314 36.90993650040317 34.5
    endloop
  endfacet
  facet normal 0.34202014332565883 -0.939692620785912 0
    outer loop
      vertex -62.163166282163814 38.388947939062575 34
      vertex -61.45839681657438 38.64546304655682 34
      vertex -62.163166282163814 38.388947939062575 34.5
    endloop
  endfacet
  facet normal 0.34202014332565883 -0.939692620785912 -3.678834961206162e-17
    outer loop
      vertex -62.163166282163814 38.388947939062575 34.5
      vertex -61.45839681657438 38.64546304655682 34
      vertex -61.45839681657438 38.64546304655682 34.5
    endloop
  endfacet
  facet normal -0.6427876096865386 -0.7660444431189787 0
    outer loop
      vertex -61.45839681657438 38.64546304655682 34
      vertex -59.39007682015314 36.90993650040317 34
      vertex -61.45839681657438 38.64546304655682 34.5
    endloop
  endfacet
  facet normal -0.9848077530122078 0.17364817766693239 -1.4708765760586466e-17
    outer loop
      vertex -59.52031295340334 36.17133068564401 34
      vertex -59.39007682015314 36.90993650040317 34.5
      vertex -59.39007682015314 36.90993650040317 34
    endloop
  endfacet
  facet normal -0.6427876096865386 -0.7660444431189787 -1.520806599638424e-16
    outer loop
      vertex -61.45839681657438 38.64546304655682 34.5
      vertex -59.39007682015314 36.90993650040317 34
      vertex -59.39007682015314 36.90993650040317 34.5
    endloop
  endfacet
  facet normal 0.49999999999999967 0.8660254037844388 2.3229113175990684e-17
    outer loop
      vertex 35.375470545998674 -9.35 34
      vertex 37.71373913621666 -10.7 34.5
      vertex 37.71373913621666 -10.7 34
    endloop
  endfacet
  facet normal 0.49999999999999967 0.8660254037844388 0
    outer loop
      vertex 35.375470545998674 -9.35 34
      vertex 35.375470545998674 -9.35 34.5
      vertex 37.71373913621666 -10.7 34.5
    endloop
  endfacet
  facet normal 1 0 0
    outer loop
      vertex 35.375470545998674 -9.35 34
      vertex 35.375470545998674 -8.6 34
      vertex 35.375470545998674 -9.35 34.5
    endloop
  endfacet
  facet normal 1 0 0
    outer loop
      vertex 35.375470545998674 -8.6 34
      vertex 35.375470545998674 -8.6 34.5
      vertex 35.375470545998674 -9.35 34.5
    endloop
  endfacet
  facet normal 0.5 -0.8660254037844387 0
    outer loop
      vertex 37.06422008337833 -5.675 34
      vertex 37.71373913621666 -5.3 34
      vertex 37.06422008337833 -5.675 34.5
    endloop
  endfacet
  facet normal -0.5 0.8660254037844387 0
    outer loop
      vertex 37.71373913621666 -10.7 34
      vertex 38.36325818905499 -10.325 34.5
      vertex 38.36325818905499 -10.325 34
    endloop
  endfacet
  facet normal -0.5 0.8660254037844387 0
    outer loop
      vertex 37.71373913621666 -10.7 34
      vertex 37.71373913621666 -10.7 34.5
      vertex 38.36325818905499 -10.325 34.5
    endloop
  endfacet
  facet normal -0.49999999999999994 -0.8660254037844387 1.296338153656667e-16
    outer loop
      vertex 40.052007726434645 -6.65 34
      vertex 37.71373913621666 -5.3 34.5
      vertex 37.71373913621666 -5.3 34
    endloop
  endfacet
  facet normal 0.5 -0.8660254037844387 0
    outer loop
      vertex 37.06422008337833 -5.675 34.5
      vertex 37.71373913621666 -5.3 34
      vertex 37.71373913621666 -5.3 34.5
    endloop
  endfacet
  facet normal -0.49999999999999994 -0.8660254037844387 0
    outer loop
      vertex 40.052007726434645 -6.65 34
      vertex 40.052007726434645 -6.65 34.5
      vertex 37.71373913621666 -5.3 34.5
    endloop
  endfacet
  facet normal -1 0 0
    outer loop
      vertex 40.052007726434645 -7.3999999999999995 34
      vertex 40.052007726434645 -6.65 34.5
      vertex 40.052007726434645 -6.65 34
    endloop
  endfacet
  facet normal -1 0 0
    outer loop
      vertex 40.052007726434645 -7.3999999999999995 34
      vertex 40.052007726434645 -7.3999999999999995 34.5
      vertex 40.052007726434645 -6.65 34.5
    endloop
  endfacet
  facet normal 0.5 0.8660254037844387 0
    outer loop
      vertex -37.71373913621666 -10.7 34
      vertex -38.36325818905499 -10.325 34
      vertex -37.71373913621666 -10.7 34.5
    endloop
  endfacet
  facet normal 0.5 0.8660254037844387 0
    outer loop
      vertex -38.36325818905499 -10.325 34
      vertex -38.36325818905499 -10.325 34.5
      vertex -37.71373913621666 -10.7 34.5
    endloop
  endfacet
  facet normal 1 0 0
    outer loop
      vertex -40.052007726434645 -7.3999999999999995 34
      vertex -40.052007726434645 -6.65 34
      vertex -40.052007726434645 -7.3999999999999995 34.5
    endloop
  endfacet
  facet normal 1 0 0
    outer loop
      vertex -40.052007726434645 -6.65 34
      vertex -40.052007726434645 -6.65 34.5
      vertex -40.052007726434645 -7.3999999999999995 34.5
    endloop
  endfacet
  facet normal 0.49999999999999967 -0.8660254037844388 0
    outer loop
      vertex -40.052007726434645 -6.65 34
      vertex -37.71373913621666 -5.300000000000001 34
      vertex -40.052007726434645 -6.65 34.5
    endloop
  endfacet
  facet normal -0.4999999999999991 -0.8660254037844392 -1.594208536836798e-17
    outer loop
      vertex -37.06422008337833 -5.675 34
      vertex -37.71373913621666 -5.300000000000001 34.5
      vertex -37.71373913621666 -5.300000000000001 34
    endloop
  endfacet
  facet normal 0.49999999999999967 -0.8660254037844388 -2.3229113175990684e-17
    outer loop
      vertex -40.052007726434645 -6.65 34.5
      vertex -37.71373913621666 -5.300000000000001 34
      vertex -37.71373913621666 -5.300000000000001 34.5
    endloop
  endfacet
  facet normal -0.49999999999999967 0.8660254037844388 -2.3229113175990684e-17
    outer loop
      vertex -37.71373913621666 -10.7 34
      vertex -35.375470545998674 -9.35 34.5
      vertex -35.375470545998674 -9.35 34
    endloop
  endfacet
  facet normal -0.49999999999999967 0.8660254037844388 0
    outer loop
      vertex -37.71373913621666 -10.7 34
      vertex -37.71373913621666 -10.7 34.5
      vertex -35.375470545998674 -9.35 34.5
    endloop
  endfacet
  facet normal -1 0 0
    outer loop
      vertex -35.375470545998674 -9.35 34
      vertex -35.375470545998674 -8.6 34.5
      vertex -35.375470545998674 -8.6 34
    endloop
  endfacet
  facet normal -1 0 0
    outer loop
      vertex -35.375470545998674 -9.35 34
      vertex -35.375470545998674 -9.35 34.5
      vertex -35.375470545998674 -8.6 34.5
    endloop
  endfacet
  facet normal -0.4999999999999991 -0.8660254037844392 0
    outer loop
      vertex -37.06422008337833 -5.675 34
      vertex -37.06422008337833 -5.675 34.5
      vertex -37.71373913621666 -5.300000000000001 34.5
    endloop
  endfacet
  facet normal -0.383022221559477 -0.32139380484325725 -0.8660254037844486
    outer loop
      vertex 59.57026321214511 31.576875791682085 31.356252377998814
      vertex 57.769898834762365 33.20863094832585 31.546943741501174
      vertex 57.51764057453332 33.629498429293875 31.50232186131777
    endloop
  endfacet
  facet normal -0.3830222215594946 -0.32139380484327584 -0.8660254037844338
    outer loop
      vertex 57.307849233718656 34.07306495159841 31.430493960415617
      vertex 57.14254521761405 34.53505872715155 31.332151780745516
      vertex 60.47582351000278 31.201780434762817 31.094947811050428
    endloop
  endfacet
  facet normal -0.38302222155948734 -0.32139380484326835 -0.8660254037844398
    outer loop
      vertex 57.307849233718656 34.07306495159841 31.430493960415617
      vertex 60.013829734449644 31.367084450867427 31.23792998573743
      vertex 57.51764057453332 33.629498429293875 31.50232186131777
    endloop
  endfacet
  facet normal -0.38302222155948323 -0.32139380484326374 -0.8660254037844434
    outer loop
      vertex 57.02332049425894 35.01103050334322 31.20824241125701
      vertex 60.47582351000278 31.201780434762817 31.094947811050428
      vertex 57.14254521761405 34.53505872715155 31.332151780745516
    endloop
  endfacet
  facet normal -0.3830222215594916 -0.3213938048432715 -0.8660254037844369
    outer loop
      vertex 56.95132326291411 35.49639641177606 31.059959166914012
      vertex 60.47582351000278 31.201780434762817 31.094947811050428
      vertex 57.02332049425894 35.01103050334322 31.20824241125701
    endloop
  endfacet
  facet normal -0.38302222155949145 -0.32139380484327146 -0.8660254037844369
    outer loop
      vertex 56.95132326291411 35.49639641177606 31.059959166914012
      vertex 56.94289245801736 35.668009387904426 31
      vertex 60.74763350596238 31.133695575125284 31
    endloop
  endfacet
  facet normal -0.38302222155949606 -0.3213938048432776 -0.8660254037844325
    outer loop
      vertex 57.307849233718656 34.07306495159841 31.430493960415617
      vertex 60.47582351000278 31.201780434762817 31.094947811050428
      vertex 60.013829734449644 31.367084450867427 31.23792998573743
    endloop
  endfacet
  facet normal -0.3830222215594991 -0.3213938048432838 -0.866025403784429
    outer loop
      vertex 59.14939573117708 31.829134051911133 31.448775478515515
      vertex 57.769898834762365 33.20863094832585 31.546943741501174
      vertex 59.57026321214511 31.576875791682085 31.356252377998814
    endloop
  endfacet
  facet normal -0.3830222215594864 -0.3213938048432672 -0.8660254037844407
    outer loop
      vertex 59.57026321214511 31.576875791682085 31.356252377998814
      vertex 57.51764057453332 33.629498429293875 31.50232186131777
      vertex 60.013829734449644 31.367084450867427 31.23792998573743
    endloop
  endfacet
  facet normal -0.3830222215594909 -0.32139380484327096 -0.8660254037844374
    outer loop
      vertex 56.95132326291411 35.49639641177606 31.059959166914012
      vertex 60.74763350596238 31.133695575125284 31
      vertex 60.47582351000278 31.201780434762817 31.094947811050428
    endloop
  endfacet
  facet normal -0.383022221559461 -0.3213938048432374 -0.866025403784463
    outer loop
      vertex 59.14939573117708 31.829134051911133 31.448775478515515
      vertex 58.755280475456864 32.12142984661018 31.51460823925127
      vertex 58.06219462946141 32.81451569260563 31.56392986786686
    endloop
  endfacet
  facet normal -0.3830222215595017 -0.32139380484328667 -0.8660254037844266
    outer loop
      vertex 59.14939573117708 31.829134051911133 31.448775478515515
      vertex 58.06219462946141 32.81451569260563 31.56392986786686
      vertex 57.769898834762365 33.20863094832585 31.546943741501174
    endloop
  endfacet
  facet normal -0.38302222155952353 -0.32139380484330377 -0.8660254037844108
    outer loop
      vertex 58.06219462946141 32.81451569260563 31.56392986786686
      vertex 58.755280475456864 32.12142984661018 31.51460823925127
      vertex 58.391712990342356 32.45094820749112 31.553116654732364
    endloop
  endfacet
  facet normal 0.3830222215594964 -0.3213938048432793 -0.8660254037844318
    outer loop
      vertex -60.47582351000278 31.201780434762817 31.094947811050428
      vertex -57.51764057453332 33.629498429293875 31.50232186131777
      vertex -60.013829734449644 31.367084450867427 31.23792998573743
    endloop
  endfacet
  facet normal 0.3830222215594864 -0.32139380484326713 -0.8660254037844407
    outer loop
      vertex -60.013829734449644 31.367084450867427 31.23792998573743
      vertex -57.51764057453332 33.629498429293875 31.50232186131777
      vertex -59.57026321214511 31.576875791682085 31.356252377998814
    endloop
  endfacet
  facet normal 0.3830222215594969 -0.3213938048432793 -0.8660254037844316
    outer loop
      vertex -59.57026321214511 31.576875791682085 31.356252377998814
      vertex -57.769898834762365 33.20863094832585 31.546943741501178
      vertex -59.14939573117708 31.829134051911133 31.448775478515515
    endloop
  endfacet
  facet normal 0.3830222215594908 -0.3213938048432709 -0.8660254037844375
    outer loop
      vertex -60.74763350596238 31.133695575125284 31
      vertex -56.94289245801736 35.668009387904426 31
      vertex -60.47582351000278 31.201780434762817 31.094947811050428
    endloop
  endfacet
  facet normal 0.38302222155949034 -0.32139380484327135 -0.8660254037844374
    outer loop
      vertex -59.57026321214511 31.576875791682085 31.356252377998814
      vertex -57.51764057453332 33.629498429293875 31.50232186131777
      vertex -57.769898834762365 33.20863094832585 31.546943741501178
    endloop
  endfacet
  facet normal 0.38302222155948873 -0.3213938048432689 -0.866025403784439
    outer loop
      vertex -60.47582351000278 31.201780434762817 31.094947811050428
      vertex -57.307849233718656 34.07306495159841 31.430493960415617
      vertex -57.51764057453332 33.629498429293875 31.50232186131777
    endloop
  endfacet
  facet normal 0.3830222215594882 -0.32139380484326807 -0.8660254037844396
    outer loop
      vertex -60.47582351000278 31.201780434762817 31.094947811050428
      vertex -57.14254521761405 34.53505872715155 31.33215178074552
      vertex -57.307849233718656 34.07306495159841 31.430493960415617
    endloop
  endfacet
  facet normal 0.38302222155949034 -0.3213938048432704 -0.8660254037844378
    outer loop
      vertex -60.47582351000278 31.201780434762817 31.094947811050428
      vertex -57.02332049425894 35.01103050334322 31.20824241125701
      vertex -57.14254521761405 34.53505872715155 31.33215178074552
    endloop
  endfacet
  facet normal 0.3830222215594915 -0.32139380484327146 -0.8660254037844368
    outer loop
      vertex -60.47582351000278 31.201780434762817 31.094947811050428
      vertex -56.95132326291411 35.49639641177606 31.059959166914012
      vertex -57.02332049425894 35.01103050334322 31.20824241125701
    endloop
  endfacet
  facet normal 0.38302222155949167 -0.32139380484327157 -0.8660254037844368
    outer loop
      vertex -60.47582351000278 31.201780434762817 31.094947811050428
      vertex -56.94289245801736 35.668009387904426 31
      vertex -56.95132326291411 35.49639641177606 31.059959166914012
    endloop
  endfacet
  facet normal 0.3830222215594623 -0.3213938048432396 -0.8660254037844616
    outer loop
      vertex -59.14939573117708 31.829134051911133 31.448775478515515
      vertex -58.391712990342356 32.45094820749112 31.55311665473236
      vertex -58.755280475456864 32.12142984661018 31.51460823925127
    endloop
  endfacet
  facet normal 0.38302222155945936 -0.3213938048432355 -0.8660254037844645
    outer loop
      vertex -59.14939573117708 31.829134051911133 31.448775478515515
      vertex -58.06219462946141 32.81451569260563 31.56392986786686
      vertex -58.391712990342356 32.45094820749112 31.55311665473236
    endloop
  endfacet
  facet normal 0.38302222155948606 -0.3213938048432678 -0.8660254037844405
    outer loop
      vertex -59.14939573117708 31.829134051911133 31.448775478515515
      vertex -57.769898834762365 33.20863094832585 31.546943741501178
      vertex -58.06219462946141 32.81451569260563 31.56392986786686
    endloop
  endfacet
  facet normal -0.43301270189222507 0.2500000000000009 -0.8660254037844355
    outer loop
      vertex 32.737815502855675 -8.490085701647804 31.023836529983946
      vertex 32.71373913621666 -8 31.177350269189628
      vertex 34.17820523028392 -4.464466094067262 31.46573794831565
    endloop
  endfacet
  facet normal -0.4330127018922266 0.25000000000000183 -0.8660254037844344
    outer loop
      vertex 32.71373913621666 -8 31.177350269189628
      vertex 32.737815502855675 -7.509914298352197 31.306787641756294
      vertex 33.848686869402975 -4.828033579181772 31.525544236056398
    endloop
  endfacet
  facet normal -0.43301270189222185 0.2499999999999991 -0.8660254037844375
    outer loop
      vertex 32.737815502855675 -7.509914298352197 31.306787641756294
      vertex 32.809812734200506 -7.024548389919358 31.41090209502846
      vertex 33.55639107470393 -5.222148834901989 31.557920858915015
    endloop
  endfacet
  facet normal -0.43301270189220137 0.24999999999999314 -0.8660254037844496
    outer loop
      vertex 32.809812734200506 -7.024548389919358 31.41090209502846
      vertex 32.929037457555616 -6.548576613727688 31.488690949906367
      vertex 33.30413281447488 -5.643016315870012 31.562556012314516
    endloop
  endfacet
  facet normal -0.4330127018922063 0.24999999999999262 -0.8660254037844474
    outer loop
      vertex 32.74756025186222 -8.555779463278133 31
      vertex 32.737815502855675 -8.490085701647804 31.023836529983946
      vertex 35.356755452086674 -3.5903936782582244 31.12878580969356
    endloop
  endfacet
  facet normal -0.43301270189222335 0.2500000000000015 -0.8660254037844363
    outer loop
      vertex 32.737815502855675 -8.490085701647804 31.023836529983946
      vertex 34.935887971118646 -3.8426519384872737 31.266398862953302
      vertex 35.356755452086674 -3.5903936782582244 31.12878580969356
    endloop
  endfacet
  facet normal -0.43301270189220825 0.2499999999999952 -0.8660254037844456
    outer loop
      vertex 32.737815502855675 -7.509914298352197 31.306787641756294
      vertex 33.55639107470393 -5.222148834901989 31.557920858915015
      vertex 33.848686869402975 -4.828033579181772 31.525544236056398
    endloop
  endfacet
  facet normal -0.4330127018922111 0.24999999999999675 -0.8660254037844439
    outer loop
      vertex 32.737815502855675 -8.490085701647804 31.023836529983946
      vertex 34.17820523028392 -4.464466094067262 31.46573794831565
      vertex 34.54177271539843 -4.134947733186316 31.379077962937167
    endloop
  endfacet
  facet normal -0.43301270189223257 0.25000000000000355 -0.8660254037844309
    outer loop
      vertex 32.71373913621666 -8 31.177350269189628
      vertex 33.848686869402975 -4.828033579181772 31.525544236056398
      vertex 34.17820523028392 -4.464466094067262 31.46573794831565
    endloop
  endfacet
  facet normal -0.4330127018922202 0.25000000000000006 -0.8660254037844383
    outer loop
      vertex 32.737815502855675 -8.490085701647804 31.023836529983946
      vertex 34.54177271539843 -4.134947733186316 31.379077962937167
      vertex 34.935887971118646 -3.8426519384872737 31.266398862953302
    endloop
  endfacet
  facet normal -0.43301270189221325 0.24999999999999611 -0.8660254037844428
    outer loop
      vertex 32.74756025186222 -8.555779463278133 31
      vertex 35.356755452086674 -3.5903936782582244 31.12878580969356
      vertex 35.71108162213551 -3.422809880648647 31
    endloop
  endfacet
  facet normal -0.4330127018922466 0.25000000000000966 -0.8660254037844222
    outer loop
      vertex 32.929037457555616 -6.548576613727688 31.488690949906367
      vertex 33.09434147366022 -6.086582838174551 31.539405057193832
      vertex 33.30413281447488 -5.643016315870012 31.562556012314516
    endloop
  endfacet
  facet normal -0.4330127018922222 0.24999999999999936 -0.8660254037844373
    outer loop
      vertex 32.809812734200506 -7.024548389919358 31.41090209502846
      vertex 33.30413281447488 -5.643016315870012 31.562556012314516
      vertex 33.55639107470393 -5.222148834901989 31.557920858915015
    endloop
  endfacet
  facet normal 0.43301270189219987 0.24999999999998837 -0.8660254037844517
    outer loop
      vertex -32.74756025186222 -8.555779463278135 31
      vertex -35.71108162213551 -3.422809880648647 31
      vertex -32.737815502855675 -8.490085701647804 31.023836529983946
    endloop
  endfacet
  facet normal 0.43301270189222213 0.25000000000000144 -0.8660254037844368
    outer loop
      vertex -32.737815502855675 -8.490085701647804 31.023836529983946
      vertex -35.71108162213551 -3.422809880648647 31
      vertex -32.71373913621666 -8 31.177350269189628
    endloop
  endfacet
  facet normal 0.4330127018922231 0.25000000000000216 -0.8660254037844362
    outer loop
      vertex -32.71373913621666 -8 31.177350269189628
      vertex -35.71108162213551 -3.422809880648647 31
      vertex -32.737815502855675 -7.509914298352197 31.306787641756294
    endloop
  endfacet
  facet normal 0.4330127018922191 0.24999999999999903 -0.866025403784439
    outer loop
      vertex -32.737815502855675 -7.509914298352197 31.306787641756294
      vertex -35.71108162213551 -3.422809880648647 31
      vertex -32.809812734200506 -7.024548389919358 31.41090209502846
    endloop
  endfacet
  facet normal 0.43301270189222346 0.2500000000000029 -0.8660254037844358
    outer loop
      vertex -32.809812734200506 -7.024548389919358 31.41090209502846
      vertex -35.71108162213551 -3.422809880648647 31
      vertex -32.929037457555616 -6.548576613727688 31.48869094990637
    endloop
  endfacet
  facet normal 0.43301270189221497 0.24999999999999395 -0.8660254037844426
    outer loop
      vertex -32.929037457555616 -6.548576613727688 31.48869094990637
      vertex -35.356755452086674 -3.5903936782582244 31.12878580969356
      vertex -33.09434147366022 -6.086582838174551 31.539405057193832
    endloop
  endfacet
  facet normal 0.43301270189221114 0.24999999999999048 -0.8660254037844455
    outer loop
      vertex -32.929037457555616 -6.548576613727688 31.48869094990637
      vertex -35.71108162213551 -3.422809880648647 31
      vertex -35.356755452086674 -3.5903936782582244 31.12878580969356
    endloop
  endfacet
  facet normal 0.4330127018922242 0.25000000000000344 -0.8660254037844353
    outer loop
      vertex -35.356755452086674 -3.5903936782582244 31.12878580969356
      vertex -34.935887971118646 -3.8426519384872737 31.266398862953302
      vertex -33.09434147366022 -6.086582838174551 31.539405057193832
    endloop
  endfacet
  facet normal 0.4330127018922209 0.250000000000001 -0.8660254037844376
    outer loop
      vertex -34.935887971118646 -3.8426519384872737 31.266398862953302
      vertex -34.54177271539843 -4.134947733186316 31.379077962937167
      vertex -33.30413281447488 -5.643016315870012 31.562556012314516
    endloop
  endfacet
  facet normal 0.4330127018922181 0.2499999999999962 -0.8660254037844404
    outer loop
      vertex -34.17820523028392 -4.464466094067262 31.465737948315653
      vertex -33.55639107470393 -5.222148834901989 31.55792085891502
      vertex -34.54177271539843 -4.134947733186316 31.379077962937167
    endloop
  endfacet
  facet normal 0.4330127018922164 0.24999999999999636 -0.8660254037844412
    outer loop
      vertex -34.935887971118646 -3.8426519384872737 31.266398862953302
      vertex -33.30413281447488 -5.643016315870012 31.562556012314516
      vertex -33.09434147366022 -6.086582838174551 31.539405057193832
    endloop
  endfacet
  facet normal 0.43301270189223645 0.2500000000000153 -0.8660254037844256
    outer loop
      vertex -34.54177271539843 -4.134947733186316 31.379077962937167
      vertex -33.55639107470393 -5.222148834901989 31.55792085891502
      vertex -33.30413281447488 -5.643016315870012 31.562556012314516
    endloop
  endfacet
  facet normal 0.43301270189220864 0.24999999999998748 -0.8660254037844476
    outer loop
      vertex -34.17820523028392 -4.464466094067262 31.465737948315653
      vertex -33.848686869402975 -4.828033579181772 31.525544236056398
      vertex -33.55639107470393 -5.222148834901989 31.55792085891502
    endloop
  endfacet
  facet normal -0.5903972713721511 -0.7960585673939036 -0.1331233234076002
    outer loop
      vertex 34.935887971118646 -12.157348061512726 27
      vertex 44.510360613256196 -17.686317239148632 17.6
      vertex 44.56768646863369 -17.728832991104856 17.6
    endloop
  endfacet
  facet normal -0.5140157872301713 -0.8575835310720852 -0.018391783819993738
    outer loop
      vertex 35.356755452086674 -12.409606321741776 27
      vertex 44.56768646863369 -17.728832991104856 17.6
      vertex 44.62890355677449 -17.76552510168363 17.6
    endloop
  endfacet
  facet normal -0.5002473026308827 -0.8658825725780733 -0.00008195183711301454
    outer loop
      vertex 35.356755452086674 -12.409606321741776 27
      vertex 44.62890355677449 -17.76552510168363 17.6
      vertex 45.80951766091302 -18.447602602429292 17.6
    endloop
  endfacet
  facet normal -0.7277119315897185 -0.34418211063779613 -0.5932739833659257
    outer loop
      vertex 33.30413281447488 -10.356983684129988 27
      vertex 44.29982515991246 -17.40244304205943 17.6
      vertex 44.33034026403096 -17.466961808940095 17.6
    endloop
  endfacet
  facet normal -0.7159887725312 -0.25618487920858707 -0.6494069488957962
    outer loop
      vertex 33.09434147366022 -9.91341716182545 27
      vertex 44.275780939388156 -17.335243947433522 17.6
      vertex 44.29982515991246 -17.40244304205943 17.6
    endloop
  endfacet
  facet normal -0.7298803961719937 -0.4374734738120899 -0.5252538119753116
    outer loop
      vertex 33.55639107470393 -10.77785116509801 27
      vertex 44.33034026403096 -17.466961808940095 17.6
      vertex 44.36703237460973 -17.5281788970809 17.6
    endloop
  endfacet
  facet normal -0.7195697476774259 -0.5336692964458033 -0.44431572137218706
    outer loop
      vertex 33.848686869402975 -11.171966420818228 27
      vertex 44.36703237460973 -17.5281788970809 17.6
      vertex 44.40954812656595 -17.585504752458384 17.6
    endloop
  endfacet
  facet normal -0.6509959401294116 -0.7182633348254877 -0.24556479344644006
    outer loop
      vertex 34.54177271539843 -11.865052266813684 27
      vertex 44.45747806996682 -17.638387295747766 17.6
      vertex 44.510360613256196 -17.686317239148632 17.6
    endloop
  endfacet
  facet normal -0.6939435923490053 -0.6289538103845352 -0.3505130454641193
    outer loop
      vertex 34.17820523028392 -11.535533905932738 27
      vertex 44.40954812656595 -17.585504752458384 17.6
      vertex 44.45747806996682 -17.638387295747766 17.6
    endloop
  endfacet
  facet normal -0.6972774460783132 -0.17465890787819685 -0.6951966837444642
    outer loop
      vertex 32.929037457555616 -9.451423386272312 27
      vertex 44.25843916144559 -17.26601168907837 17.6
      vertex 44.275780939388156 -17.335243947433522 17.6
    endloop
  endfacet
  facet normal -0.673616419621159 -0.09992155682645658 -0.7322954333451409
    outer loop
      vertex 32.809812734200506 -8.975451610080642 27
      vertex 44.24796683688635 -17.19541301148814 17.6
      vertex 44.25843916144559 -17.26601168907837 17.6
    endloop
  endfacet
  facet normal -0.6465182015957017 -0.031761402563035675 -0.7622371207916132
    outer loop
      vertex 32.737815502855675 -8.490085701647804 27
      vertex 44.24446481992067 -17.12412781852119 17.6
      vertex 44.24796683688635 -17.19541301148814 17.6
    endloop
  endfacet
  facet normal -0.6170486642529227 0.0303136570291559 -0.7863409108912002
    outer loop
      vertex 32.71373913621666 -8 27
      vertex 44.24796683688634 -17.05284262555423 17.6
      vertex 44.24446481992067 -17.12412781852119 17.6
    endloop
  endfacet
  facet normal -0.5859248798434459 0.08691374567489678 -0.80569103010596
    outer loop
      vertex 32.737815502855675 -7.509914298352197 27
      vertex 44.258439161445594 -16.982243947964 17.6
      vertex 44.24796683688634 -17.05284262555423 17.6
    endloop
  endfacet
  facet normal -0.6509959401293812 -0.7182633348255388 -0.2455647934463718
    outer loop
      vertex 34.54177271539843 -11.865052266813684 27
      vertex 34.17820523028392 -11.535533905932738 27
      vertex 44.45747806996682 -17.638387295747766 17.6
    endloop
  endfacet
  facet normal -0.590397271372193 -0.7960585673938615 -0.13312332340766647
    outer loop
      vertex 34.54177271539843 -11.865052266813684 27
      vertex 44.510360613256196 -17.686317239148632 17.6
      vertex 34.935887971118646 -12.157348061512726 27
    endloop
  endfacet
  facet normal -0.5140157872301194 -0.8575835310721175 -0.01839178381993289
    outer loop
      vertex 34.935887971118646 -12.157348061512726 27
      vertex 44.56768646863369 -17.728832991104856 17.6
      vertex 35.356755452086674 -12.409606321741776 27
    endloop
  endfacet
  facet normal -0.5002473026308841 -0.8658825725780723 -0.0000819518371154486
    outer loop
      vertex 41.23684314294703 -15.807567738565083 36
      vertex 35.356755452086674 -12.409606321741776 27
      vertex 45.80951766091302 -18.447602602429292 17.6
    endloop
  endfacet
  facet normal 0 0 1
    outer loop
      vertex 41.23684314294703 -15.807567738565083 36
      vertex 43.39077641963956 -17.05114169568001 36
      vertex 33.30413281447488 -10.356983684129988 36
    endloop
  endfacet
  facet normal -0.5536039092337885 0.13867056037400155 -0.8211535711221303
    outer loop
      vertex 32.809812734200506 -7.024548389919358 27
      vertex 44.275780939388156 -16.91301168960885 17.6
      vertex 44.258439161445594 -16.982243947964 17.6
    endloop
  endfacet
  facet normal -0.5203535419162355 0.18618547440386712 -0.8334069597358995
    outer loop
      vertex 32.929037457555616 -6.548576613727688 27
      vertex 44.29982515991246 -16.845812594982938 17.6
      vertex 44.275780939388156 -16.91301168960885 17.6
    endloop
  endfacet
  facet normal -0.48630475201285905 0.23000501805068382 -0.8429741276226788
    outer loop
      vertex 33.09434147366022 -6.086582838174551 27
      vertex 44.33034026403096 -16.781293828102278 17.6
      vertex 44.29982515991246 -16.845812594982938 17.6
    endloop
  endfacet
  facet normal -0.45350304048695267 0.26832500037498724 -0.8499039277723409
    outer loop
      vertex 33.30413281447488 -5.643016315870012 27
      vertex 48.682068839154255 -9.42632452805812 17.6
      vertex 44.33034026403096 -16.781293828102278 17.6
    endloop
  endfacet
  facet normal -0.71956974767743 -0.533669296445799 -0.4443157213721855
    outer loop
      vertex 33.848686869402975 -11.171966420818228 27
      vertex 33.55639107470393 -10.77785116509801 27
      vertex 44.36703237460973 -17.5281788970809 17.6
    endloop
  endfacet
  facet normal -0.7298803961719929 -0.4374734738121166 -0.5252538119752906
    outer loop
      vertex 33.30413281447488 -10.356983684129988 27
      vertex 44.33034026403096 -17.466961808940095 17.6
      vertex 33.55639107470393 -10.77785116509801 27
    endloop
  endfacet
  facet normal -0.6972774460782963 -0.17465890787811247 -0.6951966837445022
    outer loop
      vertex 32.929037457555616 -9.451423386272312 27
      vertex 32.809812734200506 -8.975451610080642 27
      vertex 44.25843916144559 -17.26601168907837 17.6
    endloop
  endfacet
  facet normal -0.7277119315897175 -0.3441821106377752 -0.5932739833659393
    outer loop
      vertex 33.30413281447488 -10.356983684129988 27
      vertex 33.09434147366022 -9.91341716182545 27
      vertex 44.29982515991246 -17.40244304205943 17.6
    endloop
  endfacet
  facet normal -0.7159887725312101 -0.25618487920862354 -0.6494069488957706
    outer loop
      vertex 33.09434147366022 -9.91341716182545 27
      vertex 32.929037457555616 -9.451423386272312 27
      vertex 44.275780939388156 -17.335243947433522 17.6
    endloop
  endfacet
  facet normal -0.6736164196211945 -0.09992155682655403 -0.7322954333450952
    outer loop
      vertex 32.809812734200506 -8.975451610080642 27
      vertex 32.737815502855675 -8.490085701647804 27
      vertex 44.24796683688635 -17.19541301148814 17.6
    endloop
  endfacet
  facet normal -0.6465182015956997 -0.03176140256301748 -0.7622371207916157
    outer loop
      vertex 32.737815502855675 -8.490085701647804 27
      vertex 32.71373913621666 -8 27
      vertex 44.24446481992067 -17.12412781852119 17.6
    endloop
  endfacet
  facet normal -0.6170486642529008 0.030313657029202176 -0.7863409108912158
    outer loop
      vertex 32.71373913621666 -8 27
      vertex 32.737815502855675 -7.509914298352197 27
      vertex 44.24796683688634 -17.05284262555423 17.6
    endloop
  endfacet
  facet normal -0.5859248798434644 0.08691374567486622 -0.8056910301059498
    outer loop
      vertex 32.737815502855675 -7.509914298352197 27
      vertex 32.809812734200506 -7.024548389919358 27
      vertex 44.258439161445594 -16.982243947964 17.6
    endloop
  endfacet
  facet normal -0.5536039092337968 0.1386705603739996 -0.8211535711221251
    outer loop
      vertex 32.809812734200506 -7.024548389919358 27
      vertex 32.929037457555616 -6.548576613727688 27
      vertex 44.275780939388156 -16.91301168960885 17.6
    endloop
  endfacet
  facet normal -0.5203535419162121 0.18618547440389313 -0.8334069597359084
    outer loop
      vertex 32.929037457555616 -6.548576613727688 27
      vertex 33.09434147366022 -6.086582838174551 27
      vertex 44.29982515991246 -16.845812594982938 17.6
    endloop
  endfacet
  facet normal -0.4863047520128785 0.23000501805065784 -0.8429741276226747
    outer loop
      vertex 33.09434147366022 -6.086582838174551 27
      vertex 33.30413281447488 -5.643016315870012 27
      vertex 44.33034026403096 -16.781293828102278 17.6
    endloop
  endfacet
  facet normal -0.6939435923490146 -0.6289538103845056 -0.35051304546415385
    outer loop
      vertex 33.848686869402975 -11.171966420818228 27
      vertex 44.40954812656595 -17.585504752458384 17.6
      vertex 34.17820523028392 -11.535533905932738 27
    endloop
  endfacet
  facet normal -0.4525356616964139 0.27123943728931627 -0.8494943452148248
    outer loop
      vertex 33.30413281447488 -5.643016315870012 27
      vertex 33.55639107470393 -5.222148834901989 27
      vertex 48.682068839154255 -9.42632452805812 17.6
    endloop
  endfacet
  facet normal -0.4338310405125017 0.3217510281858646 -0.8415859457887703
    outer loop
      vertex 33.55639107470393 -5.222148834901989 27
      vertex 33.848686869402975 -4.828033579181772 27
      vertex 48.718760949733024 -9.365107439917317 17.6
    endloop
  endfacet
  facet normal -0.41185638715734535 0.37328487054251325 -0.8312837793327608
    outer loop
      vertex 33.848686869402975 -4.828033579181772 27
      vertex 34.17820523028392 -4.464466094067262 27
      vertex 48.76127670168925 -9.30778158453983 17.6
    endloop
  endfacet
  facet normal -0.38614587598924754 0.4260463199847967 -0.818153955978891
    outer loop
      vertex 34.17820523028392 -4.464466094067262 27
      vertex 34.54177271539843 -4.134947733186316 27
      vertex 48.80920664509011 -9.254899041250447 17.6
    endloop
  endfacet
  facet normal -0.3561243066426405 0.4801780413062813 -0.8016261765097007
    outer loop
      vertex 34.54177271539843 -4.134947733186316 27
      vertex 34.935887971118646 -3.8426519384872737 27
      vertex 48.8620891883795 -9.206969097849582 17.6
    endloop
  endfacet
  facet normal -0.3210969316338508 0.5357178656532235 -0.780962949771166
    outer loop
      vertex 34.935887971118646 -3.8426519384872737 27
      vertex 35.356755452086674 -3.5903936782582244 27
      vertex 48.91941504375698 -9.164453345893357 17.6
    endloop
  endfacet
  facet normal -0.28024715777053777 0.5925328313137059 -0.7552260419085789
    outer loop
      vertex 35.356755452086674 -3.5903936782582244 27
      vertex 35.80032197439121 -3.380602337443566 27
      vertex 48.980632131897785 -9.127761235314587 17.6
    endloop
  endfacet
  facet normal -0.2326525735543969 0.6502203841226144 -0.7232470062779076
    outer loop
      vertex 35.80032197439121 -3.380602337443566 27
      vertex 36.26231574994435 -3.215298321338956 27
      vertex 49.045150898778445 -9.09724613119609 17.6
    endloop
  endfacet
  facet normal -0.1773369272057168 0.7079686985313646 -0.6836168050516606
    outer loop
      vertex 36.26231574994435 -3.215298321338956 27
      vertex 36.73828752613602 -3.096073597983848 27
      vertex 49.11234999340436 -9.073201910671784 17.6
    endloop
  endfacet
  facet normal -0.11338448481479656 0.7643761078914463 -0.6347228720378739
    outer loop
      vertex 36.73828752613602 -3.096073597983848 27
      vertex 37.22365343456886 -3.024076366639015 27
      vertex 49.18158225175951 -9.055860132729222 17.6
    endloop
  endfacet
  facet normal -0.04014904411617202 0.8172525676809315 -0.574879374195563
    outer loop
      vertex 37.22365343456886 -3.024076366639015 27
      vertex 37.71373913621666 -3 27
      vertex 49.252180929349734 -9.045387808169973 17.6
    endloop
  endfacet
  facet normal 0.0424196914271902 0.8634726555081268 -0.5026087374578416
    outer loop
      vertex 37.71373913621666 -3 27
      vertex 38.20382483786446 -3.024076366639015 27
      vertex 49.32346612231669 -9.0418857912043 17.6
    endloop
  endfacet
  facet normal 0.13335656283590902 0.8990169213080101 -0.41711461536424155
    outer loop
      vertex 38.20382483786446 -3.024076366639015 27
      vertex 38.6891907462973 -3.096073597983848 27
      vertex 49.39475131528364 -9.045387808169973 17.6
    endloop
  endfacet
  facet normal 0.23029385166235883 0.9193845918624859 -0.31889922253333547
    outer loop
      vertex 39.16516252248897 -3.215298321338956 27
      vertex 49.465349992873875 -9.055860132729222 17.6
      vertex 38.6891907462973 -3.096073597983848 27
    endloop
  endfacet
  facet normal -0.9891765099647813 -0.14673047445535933 -5.176005244800149e-17
    outer loop
      vertex 32.809812734200506 -8.975451610080642 27
      vertex 32.754274305321054 -8.601041935118289 28
      vertex 32.737815502855675 -8.490085701647804 27
    endloop
  endfacet
  facet normal -0.9987954562051724 -0.04906767432741708 -1.1505727935041134e-18
    outer loop
      vertex 32.737815502855675 -8.490085701647804 27
      vertex 32.71373913621666 -8 28
      vertex 32.71373913621666 -8 27
    endloop
  endfacet
  facet normal -0.9987954562051725 0.049067674327417175 -5.845499429987999e-21
    outer loop
      vertex 32.71373913621666 -8 27
      vertex 32.737815502855675 -7.509914298352197 28
      vertex 32.737815502855675 -7.509914298352197 27
    endloop
  endfacet
  facet normal -0.9891765099647815 -0.14673047445535883 0
    outer loop
      vertex 32.737815502855675 -8.490085701647804 27
      vertex 32.754274305321054 -8.601041935118289 28
      vertex 32.737815502855675 -8.490085701647804 28
    endloop
  endfacet
  facet normal -0.9987954562051724 -0.04906767432741708 0
    outer loop
      vertex 32.737815502855675 -8.490085701647804 27
      vertex 32.737815502855675 -8.490085701647804 28
      vertex 32.71373913621666 -8 28
    endloop
  endfacet
  facet normal -0.9987954562051725 0.049067674327417175 0
    outer loop
      vertex 32.71373913621666 -8 27
      vertex 32.71373913621666 -8 28
      vertex 32.737815502855675 -7.509914298352197 28
    endloop
  endfacet
  facet normal -0.9891765099647813 0.14673047445535906 -1.6432849158638213e-18
    outer loop
      vertex 32.737815502855675 -7.509914298352197 27
      vertex 32.809812734200506 -7.024548389919358 28
      vertex 32.809812734200506 -7.024548389919358 27
    endloop
  endfacet
  facet normal -0.970031253194543 0.24298017990326795 -9.865626063548775e-19
    outer loop
      vertex 32.809812734200506 -7.024548389919358 27
      vertex 32.929037457555616 -6.548576613727688 28
      vertex 32.929037457555616 -6.548576613727688 27
    endloop
  endfacet
  facet normal -0.9415440651830235 0.3368898533922127 -4.685682647365111e-18
    outer loop
      vertex 32.929037457555616 -6.548576613727688 27
      vertex 33.09434147366022 -6.086582838174551 28
      vertex 33.09434147366022 -6.086582838174551 27
    endloop
  endfacet
  facet normal -0.9039892931234413 0.42755509343028647 7.467533404012634e-18
    outer loop
      vertex 33.09434147366022 -6.086582838174551 27
      vertex 33.30413281447488 -5.643016315870012 28
      vertex 33.30413281447488 -5.643016315870012 27
    endloop
  endfacet
  facet normal -0.8577286100002727 0.5141027441932207 1.382105600433454e-17
    outer loop
      vertex 33.30413281447488 -5.643016315870012 27
      vertex 33.55639107470393 -5.222148834901989 28
      vertex 33.55639107470393 -5.222148834901989 27
    endloop
  endfacet
  facet normal -0.9891765099647813 0.14673047445535906 0
    outer loop
      vertex 32.737815502855675 -7.509914298352197 27
      vertex 32.737815502855675 -7.509914298352197 28
      vertex 32.809812734200506 -7.024548389919358 28
    endloop
  endfacet
  facet normal -0.970031253194543 0.24298017990326795 0
    outer loop
      vertex 32.809812734200506 -7.024548389919358 27
      vertex 32.809812734200506 -7.024548389919358 28
      vertex 32.929037457555616 -6.548576613727688 28
    endloop
  endfacet
  facet normal -0.9415440651830235 0.3368898533922127 0
    outer loop
      vertex 32.929037457555616 -6.548576613727688 27
      vertex 32.929037457555616 -6.548576613727688 28
      vertex 33.09434147366022 -6.086582838174551 28
    endloop
  endfacet
  facet normal -0.9039892931234413 0.42755509343028647 0
    outer loop
      vertex 33.09434147366022 -6.086582838174551 27
      vertex 33.09434147366022 -6.086582838174551 28
      vertex 33.30413281447488 -5.643016315870012 28
    endloop
  endfacet
  facet normal -0.8577286100002727 0.5141027441932207 0
    outer loop
      vertex 33.30413281447488 -5.643016315870012 27
      vertex 33.30413281447488 -5.643016315870012 28
      vertex 33.55639107470393 -5.222148834901989 28
    endloop
  endfacet
  facet normal -0.6715589548470197 -0.7409511253549579 1.70247399065844e-19
    outer loop
      vertex 34.54177271539843 -11.865052266813684 27
      vertex 34.17820523028392 -11.535533905932738 36
      vertex 34.17820523028392 -11.535533905932738 27
    endloop
  endfacet
  facet normal -0.903989293123441 -0.4275550934302872 0
    outer loop
      vertex 33.30413281447488 -10.356983684129988 27
      vertex 33.30413281447488 -10.356983684129988 36
      vertex 33.09434147366022 -9.91341716182545 27
    endloop
  endfacet
  facet normal -0.9415440651830237 -0.33688985339221217 -1.3003415505028188e-18
    outer loop
      vertex 33.09434147366022 -9.91341716182545 27
      vertex 32.929037457555616 -9.451423386272312 36
      vertex 32.929037457555616 -9.451423386272312 27
    endloop
  endfacet
  facet normal -0.7409511253549597 -0.6715589548470179 0
    outer loop
      vertex 33.848686869402975 -11.171966420818228 27
      vertex 34.17820523028392 -11.535533905932738 27
      vertex 33.848686869402975 -11.171966420818228 36
    endloop
  endfacet
  facet normal -0.8032075314806437 -0.5956993044924351 -7.62082239464111e-19
    outer loop
      vertex 33.848686869402975 -11.171966420818228 27
      vertex 33.55639107470393 -10.77785116509801 36
      vertex 33.55639107470393 -10.77785116509801 27
    endloop
  endfacet
  facet normal -0.8577286100002722 -0.5141027441932216 0
    outer loop
      vertex 33.30413281447488 -10.356983684129988 27
      vertex 33.55639107470393 -10.77785116509801 27
      vertex 33.30413281447488 -10.356983684129988 36
    endloop
  endfacet
  facet normal -0.5141027441932193 -0.8577286100002733 0
    outer loop
      vertex 34.935887971118646 -12.157348061512726 27
      vertex 35.356755452086674 -12.409606321741776 27
      vertex 34.935887971118646 -12.157348061512726 36
    endloop
  endfacet
  facet normal -0.5956993044924345 -0.803207531480644 -1.2001083515917057e-18
    outer loop
      vertex 34.54177271539843 -11.865052266813684 27
      vertex 34.935887971118646 -12.157348061512726 27
      vertex 34.935887971118646 -12.157348061512726 36
    endloop
  endfacet
  facet normal -0.9700312531945431 -0.24298017990326798 0
    outer loop
      vertex 32.929037457555616 -9.451423386272312 27
      vertex 32.929037457555616 -9.451423386272312 36
      vertex 32.809812734200506 -8.975451610080642 27
    endloop
  endfacet
  facet normal -0.9891765099647813 -0.14673047445535947 0
    outer loop
      vertex 32.809812734200506 -8.975451610080642 27
      vertex 32.809812734200506 -8.975451610080642 36
      vertex 32.754274305321054 -8.601041935118289 28
    endloop
  endfacet
  facet normal -0.8032075314806429 0.5956993044924359 -1.313535293076042e-17
    outer loop
      vertex 33.55639107470393 -5.222148834901989 27
      vertex 33.848686869402975 -4.828033579181772 28
      vertex 33.848686869402975 -4.828033579181772 27
    endloop
  endfacet
  facet normal -0.7409511253549595 0.6715589548470179 3.512043723944493e-18
    outer loop
      vertex 33.848686869402975 -4.828033579181772 27
      vertex 34.17820523028392 -4.464466094067262 28
      vertex 34.17820523028392 -4.464466094067262 27
    endloop
  endfacet
  facet normal -0.6715589548470197 0.740951125354958 -1.532226591592596e-18
    outer loop
      vertex 34.17820523028392 -4.464466094067262 27
      vertex 34.54177271539843 -4.134947733186316 28
      vertex 34.54177271539843 -4.134947733186316 27
    endloop
  endfacet
  facet normal -0.8032075314806429 0.5956993044924359 0
    outer loop
      vertex 33.55639107470393 -5.222148834901989 27
      vertex 33.55639107470393 -5.222148834901989 28
      vertex 33.848686869402975 -4.828033579181772 28
    endloop
  endfacet
  facet normal -0.7409511253549595 0.6715589548470179 0
    outer loop
      vertex 33.848686869402975 -4.828033579181772 27
      vertex 33.848686869402975 -4.828033579181772 28
      vertex 34.17820523028392 -4.464466094067262 28
    endloop
  endfacet
  facet normal -0.6715589548470197 0.740951125354958 0
    outer loop
      vertex 34.17820523028392 -4.464466094067262 27
      vertex 34.17820523028392 -4.464466094067262 28
      vertex 34.54177271539843 -4.134947733186316 28
    endloop
  endfacet
  facet normal -0.5956993044924345 0.803207531480644 0
    outer loop
      vertex 34.54177271539843 -4.134947733186316 27
      vertex 34.54177271539843 -4.134947733186316 28
      vertex 34.935887971118646 -3.8426519384872737 28
    endloop
  endfacet
  facet normal -0.5956993044924345 0.803207531480644 1.0800975164325351e-17
    outer loop
      vertex 34.54177271539843 -4.134947733186316 27
      vertex 34.935887971118646 -3.8426519384872737 28
      vertex 34.935887971118646 -3.8426519384872737 27
    endloop
  endfacet
  facet normal -0.514102744193218 0.8577286100002742 4.152869103412868e-18
    outer loop
      vertex 34.935887971118646 -3.8426519384872737 27
      vertex 35.356755452086674 -3.5903936782582244 28
      vertex 35.356755452086674 -3.5903936782582244 27
    endloop
  endfacet
  facet normal -0.4275550934302841 0.9039892931234423 9.632527029479512e-16
    outer loop
      vertex 35.356755452086674 -3.5903936782582244 27
      vertex 35.75243590528493 -3.4032507613867335 28
      vertex 35.80032197439121 -3.380602337443566 27
    endloop
  endfacet
  facet normal -0.514102744193218 0.8577286100002742 0
    outer loop
      vertex 34.935887971118646 -3.8426519384872737 27
      vertex 34.935887971118646 -3.8426519384872737 28
      vertex 35.356755452086674 -3.5903936782582244 28
    endloop
  endfacet
  facet normal -0.4275550934302821 0.9039892931234433 0
    outer loop
      vertex 35.356755452086674 -3.5903936782582244 27
      vertex 35.356755452086674 -3.5903936782582244 28
      vertex 35.75243590528493 -3.4032507613867335 28
    endloop
  endfacet
  facet normal -0.4275550934303135 0.9039892931234286 -7.445060246672851e-16
    outer loop
      vertex 35.80032197439121 -3.380602337443566 27
      vertex 35.75243590528493 -3.4032507613867335 28
      vertex 35.752435905284926 -3.4032507613867344 31
    endloop
  endfacet
  facet normal -0.33688985339221733 0.9415440651830217 0
    outer loop
      vertex 35.80032197439121 -3.380602337443566 27
      vertex 35.80032197439121 -3.380602337443566 36
      vertex 36.26231574994435 -3.215298321338956 27
    endloop
  endfacet
  facet normal -0.24298017990326456 0.9700312531945439 0
    outer loop
      vertex 36.26231574994435 -3.215298321338956 27
      vertex 36.26231574994435 -3.215298321338956 36
      vertex 36.73828752613602 -3.096073597983848 27
    endloop
  endfacet
  facet normal -0.14673047445536233 0.9891765099647808 0
    outer loop
      vertex 36.73828752613602 -3.096073597983848 27
      vertex 36.73828752613602 -3.096073597983848 36
      vertex 37.22365343456886 -3.024076366639015 27
    endloop
  endfacet
  facet normal -0.4275550934302626 0.9039892931234526 0
    outer loop
      vertex 35.80032197439121 -3.380602337443566 27
      vertex 35.752435905284926 -3.4032507613867344 31
      vertex 35.80032197439121 -3.380602337443566 36
    endloop
  endfacet
  facet normal 0.33688985339221733 0.9415440651830217 4.930472485176228e-19
    outer loop
      vertex 39.16516252248897 -3.215298321338956 27
      vertex 39.62715629804211 -3.380602337443566 36
      vertex 39.62715629804211 -3.380602337443566 27
    endloop
  endfacet
  facet normal 0.4275550934302841 0.9039892931234422 0
    outer loop
      vertex 39.62715629804211 -3.380602337443566 27
      vertex 39.62715629804211 -3.380602337443566 36
      vertex 40.070722820346646 -3.5903936782582244 27
    endloop
  endfacet
  facet normal -0.04906767432741743 0.9987954562051724 6.696542692260185e-21
    outer loop
      vertex 37.22365343456886 -3.024076366639015 27
      vertex 37.71373913621666 -3 36
      vertex 37.71373913621666 -3 27
    endloop
  endfacet
  facet normal 0.04906767432741743 0.9987954562051724 0
    outer loop
      vertex 37.71373913621666 -3 27
      vertex 37.71373913621666 -3 36
      vertex 38.20382483786446 -3.024076366639015 27
    endloop
  endfacet
  facet normal 0.14673047445536233 0.9891765099647808 -5.548408030708847e-19
    outer loop
      vertex 38.20382483786446 -3.024076366639015 27
      vertex 38.6891907462973 -3.096073597983848 36
      vertex 38.6891907462973 -3.096073597983848 27
    endloop
  endfacet
  facet normal 0.24298017990326456 0.9700312531945439 -1.2799849236535182e-19
    outer loop
      vertex 39.16516252248897 -3.215298321338956 27
      vertex 38.6891907462973 -3.096073597983848 27
      vertex 38.6891907462973 -3.096073597983848 36
    endloop
  endfacet
  facet normal -0.5956993044924345 -0.803207531480644 0
    outer loop
      vertex 34.54177271539843 -11.865052266813684 27
      vertex 34.935887971118646 -12.157348061512726 36
      vertex 34.54177271539843 -11.865052266813684 36
    endloop
  endfacet
  facet normal -0.6715589548470197 -0.7409511253549579 0
    outer loop
      vertex 34.54177271539843 -11.865052266813684 27
      vertex 34.54177271539843 -11.865052266813684 36
      vertex 34.17820523028392 -11.535533905932738 36
    endloop
  endfacet
  facet normal -0.903989293123441 -0.4275550934302872 0
    outer loop
      vertex 33.09434147366022 -9.91341716182545 27
      vertex 33.30413281447488 -10.356983684129988 36
      vertex 33.09434147366022 -9.91341716182545 36
    endloop
  endfacet
  facet normal -0.9415440651830237 -0.33688985339221217 0
    outer loop
      vertex 33.09434147366022 -9.91341716182545 27
      vertex 33.09434147366022 -9.91341716182545 36
      vertex 32.929037457555616 -9.451423386272312 36
    endloop
  endfacet
  facet normal -0.8577286100002722 -0.5141027441932216 0
    outer loop
      vertex 33.55639107470393 -10.77785116509801 27
      vertex 33.55639107470393 -10.77785116509801 36
      vertex 33.30413281447488 -10.356983684129988 36
    endloop
  endfacet
  facet normal -0.8032075314806437 -0.5956993044924351 0
    outer loop
      vertex 33.848686869402975 -11.171966420818228 27
      vertex 33.848686869402975 -11.171966420818228 36
      vertex 33.55639107470393 -10.77785116509801 36
    endloop
  endfacet
  facet normal -0.7409511253549597 -0.6715589548470179 0
    outer loop
      vertex 34.17820523028392 -11.535533905932738 27
      vertex 34.17820523028392 -11.535533905932738 36
      vertex 33.848686869402975 -11.171966420818228 36
    endloop
  endfacet
  facet normal -0.5141027441932193 -0.8577286100002733 0
    outer loop
      vertex 35.356755452086674 -12.409606321741776 27
      vertex 35.356755452086674 -12.409606321741776 36
      vertex 34.935887971118646 -12.157348061512726 36
    endloop
  endfacet
  facet normal -0.5003413403923485 -0.8658282411046594 -9.39028652589804e-18
    outer loop
      vertex 41.23684314294703 -15.807567738565083 36
      vertex 35.356755452086674 -12.409606321741776 36
      vertex 35.356755452086674 -12.409606321741776 27
    endloop
  endfacet
  facet normal -0.9891765099647816 -0.14673047445535764 8.688189394907277e-17
    outer loop
      vertex 32.754274305321054 -8.601041935118289 28
      vertex 32.809812734200506 -8.975451610080642 36
      vertex 32.754274305321054 -8.601041935118287 31
    endloop
  endfacet
  facet normal -0.98917650996478 -0.14673047445536785 -6.936659177251387e-16
    outer loop
      vertex 32.754274305321054 -8.601041935118287 31
      vertex 32.809812734200506 -8.975451610080642 36
      vertex 32.74756025186222 -8.555779463278133 31
    endloop
  endfacet
  facet normal -0.9891765099647817 -0.1467304744553566 2.706401593835575e-16
    outer loop
      vertex 32.74756025186222 -8.555779463278133 31
      vertex 32.809812734200506 -8.975451610080642 36
      vertex 32.737815502855675 -8.490085701647804 31.023836529983946
    endloop
  endfacet
  facet normal -0.9700312531945431 -0.24298017990326798 0
    outer loop
      vertex 32.809812734200506 -8.975451610080642 27
      vertex 32.929037457555616 -9.451423386272312 36
      vertex 32.809812734200506 -8.975451610080642 36
    endloop
  endfacet
  facet normal -0.9987954562051723 -0.04906767432741707 -2.385768939745863e-19
    outer loop
      vertex 32.737815502855675 -8.490085701647804 31.023836529983946
      vertex 32.71373913621666 -8 36
      vertex 32.71373913621666 -8 31.177350269189628
    endloop
  endfacet
  facet normal -0.9987954562051725 0.04906767432741717 -1.245522039871109e-21
    outer loop
      vertex 32.71373913621666 -8 31.177350269189628
      vertex 32.737815502855675 -7.509914298352197 36
      vertex 32.737815502855675 -7.509914298352197 31.306787641756294
    endloop
  endfacet
  facet normal -0.9891765099647815 0.14673047445535906 0
    outer loop
      vertex 32.737815502855675 -7.509914298352197 31.306787641756294
      vertex 32.737815502855675 -7.509914298352197 36
      vertex 32.809812734200506 -7.024548389919358 31.41090209502846
    endloop
  endfacet
  facet normal -0.9700312531945429 0.24298017990326795 0
    outer loop
      vertex 32.809812734200506 -7.024548389919358 31.41090209502846
      vertex 32.809812734200506 -7.024548389919358 36
      vertex 32.929037457555616 -6.548576613727688 31.488690949906367
    endloop
  endfacet
  facet normal -0.9415440651830234 0.3368898533922126 -1.0504613638864368e-18
    outer loop
      vertex 32.929037457555616 -6.548576613727688 31.488690949906367
      vertex 33.09434147366022 -6.086582838174551 36
      vertex 33.09434147366022 -6.086582838174551 31.539405057193832
    endloop
  endfacet
  facet normal -0.9039892931234413 0.42755509343028647 0
    outer loop
      vertex 33.09434147366022 -6.086582838174551 31.539405057193832
      vertex 33.09434147366022 -6.086582838174551 36
      vertex 33.30413281447488 -5.643016315870012 31.562556012314516
    endloop
  endfacet
  facet normal -0.8577286100002727 0.5141027441932207 3.11139346359298e-18
    outer loop
      vertex 33.30413281447488 -5.643016315870012 31.562556012314516
      vertex 33.55639107470393 -5.222148834901989 36
      vertex 33.55639107470393 -5.222148834901989 31.557920858915015
    endloop
  endfacet
  facet normal 0 0 1
    outer loop
      vertex 33.30413281447488 -10.356983684129988 36
      vertex 32.929037457555616 -9.451423386272312 36
      vertex 33.09434147366022 -9.91341716182545 36
    endloop
  endfacet
  facet normal 0 0 1
    outer loop
      vertex 34.54177271539843 -11.865052266813684 36
      vertex 33.30413281447488 -10.356983684129988 36
      vertex 33.848686869402975 -11.171966420818228 36
    endloop
  endfacet
  facet normal 0 0 1
    outer loop
      vertex 33.30413281447488 -10.356983684129988 36
      vertex 33.55639107470393 -10.77785116509801 36
      vertex 33.848686869402975 -11.171966420818228 36
    endloop
  endfacet
  facet normal 0 0 1
    outer loop
      vertex 34.54177271539843 -11.865052266813684 36
      vertex 33.848686869402975 -11.171966420818228 36
      vertex 34.17820523028392 -11.535533905932738 36
    endloop
  endfacet
  facet normal 0 0 1
    outer loop
      vertex 34.54177271539843 -11.865052266813684 36
      vertex 34.935887971118646 -12.157348061512726 36
      vertex 33.30413281447488 -10.356983684129988 36
    endloop
  endfacet
  facet normal 0 0 1
    outer loop
      vertex 41.23684314294703 -15.807567738565083 36
      vertex 33.30413281447488 -10.356983684129988 36
      vertex 34.935887971118646 -12.157348061512726 36
    endloop
  endfacet
  facet normal 0 0 1
    outer loop
      vertex 41.23684314294703 -15.807567738565083 36
      vertex 34.935887971118646 -12.157348061512726 36
      vertex 35.356755452086674 -12.409606321741776 36
    endloop
  endfacet
  facet normal 0 0 1
    outer loop
      vertex 33.30413281447488 -10.356983684129988 36
      vertex 43.39077641963956 -17.05114169568001 36
      vertex 32.929037457555616 -9.451423386272312 36
    endloop
  endfacet
  facet normal 0 0 1
    outer loop
      vertex 36.85123913621666 -9.493893821528157 36
      vertex 32.929037457555616 -9.451423386272312 36
      vertex 37.48858145463707 -9.710242385869822 36
    endloop
  endfacet
  facet normal -0.9891765099647813 -0.14673047445535933 0
    outer loop
      vertex 32.737815502855675 -8.490085701647804 31.023836529983946
      vertex 32.809812734200506 -8.975451610080642 36
      vertex 32.737815502855675 -8.490085701647804 36
    endloop
  endfacet
  facet normal -0.9987954562051725 -0.049067674327417085 0
    outer loop
      vertex 32.737815502855675 -8.490085701647804 31.023836529983946
      vertex 32.737815502855675 -8.490085701647804 36
      vertex 32.71373913621666 -8 36
    endloop
  endfacet
  facet normal -0.9987954562051725 0.049067674327417175 0
    outer loop
      vertex 32.71373913621666 -8 31.177350269189628
      vertex 32.71373913621666 -8 36
      vertex 32.737815502855675 -7.509914298352197 36
    endloop
  endfacet
  facet normal -0.9891765099647815 0.14673047445535906 0
    outer loop
      vertex 32.809812734200506 -7.024548389919358 31.41090209502846
      vertex 32.737815502855675 -7.509914298352197 36
      vertex 32.809812734200506 -7.024548389919358 36
    endloop
  endfacet
  facet normal -0.970031253194543 0.24298017990326798 0
    outer loop
      vertex 32.929037457555616 -6.548576613727688 31.488690949906367
      vertex 32.809812734200506 -7.024548389919358 36
      vertex 32.929037457555616 -6.548576613727688 36
    endloop
  endfacet
  facet normal -0.9415440651830235 0.33688985339221267 0
    outer loop
      vertex 32.929037457555616 -6.548576613727688 31.488690949906367
      vertex 32.929037457555616 -6.548576613727688 36
      vertex 33.09434147366022 -6.086582838174551 36
    endloop
  endfacet
  facet normal -0.9039892931234412 0.4275550934302864 0
    outer loop
      vertex 33.30413281447488 -5.643016315870012 31.562556012314516
      vertex 33.09434147366022 -6.086582838174551 36
      vertex 33.30413281447488 -5.643016315870012 36
    endloop
  endfacet
  facet normal -0.8577286100002728 0.5141027441932208 0
    outer loop
      vertex 33.30413281447488 -5.643016315870012 31.562556012314516
      vertex 33.30413281447488 -5.643016315870012 36
      vertex 33.55639107470393 -5.222148834901989 36
    endloop
  endfacet
  facet normal 0 0 1
    outer loop
      vertex 32.929037457555616 -9.451423386272312 36
      vertex 32.737815502855675 -7.509914298352197 36
      vertex 32.809812734200506 -8.975451610080642 36
    endloop
  endfacet
  facet normal 0 0 1
    outer loop
      vertex 32.809812734200506 -8.975451610080642 36
      vertex 32.71373913621666 -8 36
      vertex 32.737815502855675 -8.490085701647804 36
    endloop
  endfacet
  facet normal 0 0 1
    outer loop
      vertex 32.809812734200506 -8.975451610080642 36
      vertex 32.737815502855675 -7.509914298352197 36
      vertex 32.71373913621666 -8 36
    endloop
  endfacet
  facet normal 0 0 1
    outer loop
      vertex 32.737815502855675 -7.509914298352197 36
      vertex 32.929037457555616 -6.548576613727688 36
      vertex 32.809812734200506 -7.024548389919358 36
    endloop
  endfacet
  facet normal 0 0 1
    outer loop
      vertex 32.737815502855675 -7.509914298352197 36
      vertex 33.09434147366022 -6.086582838174551 36
      vertex 32.929037457555616 -6.548576613727688 36
    endloop
  endfacet
  facet normal 0 0 1
    outer loop
      vertex 32.737815502855675 -7.509914298352197 36
      vertex 33.55639107470393 -5.222148834901989 36
      vertex 33.09434147366022 -6.086582838174551 36
    endloop
  endfacet
  facet normal 0 0 1
    outer loop
      vertex 33.09434147366022 -6.086582838174551 36
      vertex 33.55639107470393 -5.222148834901989 36
      vertex 33.30413281447488 -5.643016315870012 36
    endloop
  endfacet
  facet normal 0 0 1
    outer loop
      vertex 32.929037457555616 -9.451423386272312 36
      vertex 35.356755452086674 -3.5903936782582244 36
      vertex 32.737815502855675 -7.509914298352197 36
    endloop
  endfacet
  facet normal 0 0 1
    outer loop
      vertex 32.737815502855675 -7.509914298352197 36
      vertex 35.356755452086674 -3.5903936782582244 36
      vertex 33.55639107470393 -5.222148834901989 36
    endloop
  endfacet
  facet normal 0 0 1
    outer loop
      vertex 32.929037457555616 -9.451423386272312 36
      vertex 36.345204624214276 -9.050113465040043 36
      vertex 36.047517085868016 -8.446462852801849 36
    endloop
  endfacet
  facet normal 0 0 1
    outer loop
      vertex 32.929037457555616 -9.451423386272312 36
      vertex 36.047517085868016 -8.446462852801849 36
      vertex 36.003496750346834 -7.774842318420411 36
    endloop
  endfacet
  facet normal 0 0 1
    outer loop
      vertex 36.85123913621666 -9.493893821528157 36
      vertex 36.345204624214276 -9.050113465040043 36
      vertex 32.929037457555616 -9.451423386272312 36
    endloop
  endfacet
  facet normal 0 0 1
    outer loop
      vertex 32.929037457555616 -9.451423386272312 36
      vertex 36.003496750346834 -7.774842318420411 36
      vertex 36.219845314688506 -7.1375 36
    endloop
  endfacet
  facet normal 0 0 1
    outer loop
      vertex 32.929037457555616 -9.451423386272312 36
      vertex 36.219845314688506 -7.1375 36
      vertex 36.66362567117662 -6.63146548799762 36
    endloop
  endfacet
  facet normal 0 0 1
    outer loop
      vertex 32.929037457555616 -9.451423386272312 36
      vertex 39.62715629804211 -3.380602337443566 36
      vertex 35.356755452086674 -3.5903936782582244 36
    endloop
  endfacet
  facet normal 0 0 1
    outer loop
      vertex 32.929037457555616 -9.451423386272312 36
      vertex 36.66362567117662 -6.63146548799762 36
      vertex 39.62715629804211 -3.380602337443566 36
    endloop
  endfacet
  facet normal 0 0 1
    outer loop
      vertex 32.929037457555616 -9.451423386272312 36
      vertex 43.39077641963956 -17.05114169568001 36
      vertex 37.48858145463707 -9.710242385869822 36
    endloop
  endfacet
  facet normal 0 0 1
    outer loop
      vertex 37.48858145463707 -9.710242385869822 36
      vertex 43.39077641963956 -17.05114169568001 36
      vertex 38.16020198901851 -9.666222050348644 36
    endloop
  endfacet
  facet normal 0 0 1
    outer loop
      vertex 38.16020198901851 -9.666222050348644 36
      vertex 43.39077641963956 -17.05114169568001 36
      vertex 38.7638526012567 -9.36853451200238 36
    endloop
  endfacet
  facet normal 0 0 1
    outer loop
      vertex 38.7638526012567 -9.36853451200238 36
      vertex 43.39077641963956 -17.05114169568001 36
      vertex 39.20763295774481 -8.8625 36
    endloop
  endfacet
  facet normal 0 0 1
    outer loop
      vertex 39.20763295774481 -8.8625 36
      vertex 43.39077641963956 -17.05114169568001 36
      vertex 39.423981522086486 -8.225157681579589 36
    endloop
  endfacet
  facet normal 0 0 1
    outer loop
      vertex 39.423981522086486 -8.225157681579589 36
      vertex 43.39077641963956 -17.05114169568001 36
      vertex 39.62715629804211 -3.380602337443566 36
    endloop
  endfacet
  facet normal 0 0 1
    outer loop
      vertex 36.66362567117662 -6.63146548799762 36
      vertex 37.26727628341481 -6.333777949651357 36
      vertex 39.62715629804211 -3.380602337443566 36
    endloop
  endfacet
  facet normal 0 0 1
    outer loop
      vertex 37.26727628341481 -6.333777949651357 36
      vertex 37.93889681779625 -6.289757614130178 36
      vertex 39.62715629804211 -3.380602337443566 36
    endloop
  endfacet
  facet normal 0 0 1
    outer loop
      vertex 39.423981522086486 -8.225157681579589 36
      vertex 39.62715629804211 -3.380602337443566 36
      vertex 39.3799611865653 -7.553537147198152 36
    endloop
  endfacet
  facet normal 0 0 1
    outer loop
      vertex 38.57623913621666 -6.5061061784718435 36
      vertex 39.62715629804211 -3.380602337443566 36
      vertex 37.93889681779625 -6.289757614130178 36
    endloop
  endfacet
  facet normal 0 0 1
    outer loop
      vertex 38.57623913621666 -6.5061061784718435 36
      vertex 39.082273648219044 -6.9498865349599575 36
      vertex 39.62715629804211 -3.380602337443566 36
    endloop
  endfacet
  facet normal 0 0 1
    outer loop
      vertex 39.3799611865653 -7.553537147198152 36
      vertex 39.62715629804211 -3.380602337443566 36
      vertex 39.082273648219044 -6.9498865349599575 36
    endloop
  endfacet
  facet normal -0.803207531480643 0.595699304492436 -2.9356314206095662e-18
    outer loop
      vertex 33.55639107470393 -5.222148834901989 31.557920858915015
      vertex 33.848686869402975 -4.828033579181772 36
      vertex 33.848686869402975 -4.828033579181772 31.525544236056398
    endloop
  endfacet
  facet normal -0.7409511253549595 0.6715589548470179 0
    outer loop
      vertex 34.17820523028392 -4.464466094067262 31.46573794831565
      vertex 33.848686869402975 -4.828033579181772 31.525544236056398
      vertex 34.17820523028392 -4.464466094067262 36
    endloop
  endfacet
  facet normal -0.6715589548470198 0.740951125354958 -3.3158460136378226e-19
    outer loop
      vertex 34.17820523028392 -4.464466094067262 31.46573794831565
      vertex 34.54177271539843 -4.134947733186316 36
      vertex 34.54177271539843 -4.134947733186316 31.379077962937167
    endloop
  endfacet
  facet normal -0.5956993044924345 0.8032075314806439 2.2817670630914412e-18
    outer loop
      vertex 34.54177271539843 -4.134947733186316 31.379077962937167
      vertex 34.935887971118646 -3.8426519384872737 36
      vertex 34.935887971118646 -3.8426519384872737 31.266398862953302
    endloop
  endfacet
  facet normal -0.5141027441932181 0.8577286100002742 0
    outer loop
      vertex 35.356755452086674 -3.5903936782582244 31.12878580969356
      vertex 34.935887971118646 -3.8426519384872737 31.266398862953302
      vertex 35.356755452086674 -3.5903936782582244 36
    endloop
  endfacet
  facet normal -0.42755509343028253 0.9039892931234431 -1.75624293330777e-16
    outer loop
      vertex 35.71108162213551 -3.422809880648647 31
      vertex 35.356755452086674 -3.5903936782582244 31.12878580969356
      vertex 35.80032197439121 -3.380602337443566 36
    endloop
  endfacet
  facet normal -0.42755509343032305 0.9039892931234241 7.083895779577048e-16
    outer loop
      vertex 35.71108162213551 -3.422809880648647 31
      vertex 35.80032197439121 -3.380602337443566 36
      vertex 35.752435905284926 -3.4032507613867344 31
    endloop
  endfacet
  facet normal -0.33688985339221733 0.9415440651830217 0
    outer loop
      vertex 36.26231574994435 -3.215298321338956 27
      vertex 35.80032197439121 -3.380602337443566 36
      vertex 36.26231574994435 -3.215298321338956 36
    endloop
  endfacet
  facet normal -0.24298017990326456 0.9700312531945439 0
    outer loop
      vertex 36.73828752613602 -3.096073597983848 27
      vertex 36.26231574994435 -3.215298321338956 36
      vertex 36.73828752613602 -3.096073597983848 36
    endloop
  endfacet
  facet normal -0.14673047445536233 0.9891765099647808 0
    outer loop
      vertex 37.22365343456886 -3.024076366639015 27
      vertex 36.73828752613602 -3.096073597983848 36
      vertex 37.22365343456886 -3.024076366639015 36
    endloop
  endfacet
  facet normal 0.33688985339221733 0.9415440651830217 0
    outer loop
      vertex 39.16516252248897 -3.215298321338956 27
      vertex 39.16516252248897 -3.215298321338956 36
      vertex 39.62715629804211 -3.380602337443566 36
    endloop
  endfacet
  facet normal 0.4275550934302841 0.9039892931234422 0
    outer loop
      vertex 40.070722820346646 -3.5903936782582244 27
      vertex 39.62715629804211 -3.380602337443566 36
      vertex 40.070722820346646 -3.5903936782582244 36
    endloop
  endfacet
  facet normal -0.04906767432741743 0.9987954562051724 0
    outer loop
      vertex 37.22365343456886 -3.024076366639015 27
      vertex 37.22365343456886 -3.024076366639015 36
      vertex 37.71373913621666 -3 36
    endloop
  endfacet
  facet normal 0.04906767432741743 0.9987954562051724 0
    outer loop
      vertex 38.20382483786446 -3.024076366639015 27
      vertex 37.71373913621666 -3 36
      vertex 38.20382483786446 -3.024076366639015 36
    endloop
  endfacet
  facet normal 0.14673047445536233 0.9891765099647808 0
    outer loop
      vertex 38.20382483786446 -3.024076366639015 27
      vertex 38.20382483786446 -3.024076366639015 36
      vertex 38.6891907462973 -3.096073597983848 36
    endloop
  endfacet
  facet normal 0.24298017990326456 0.9700312531945439 0
    outer loop
      vertex 39.16516252248897 -3.215298321338956 27
      vertex 38.6891907462973 -3.096073597983848 36
      vertex 39.16516252248897 -3.215298321338956 36
    endloop
  endfacet
  facet normal 0.4996729767717071 0.866214128425588 0
    outer loop
      vertex 40.070722820346646 -3.5903936782582244 27
      vertex 40.070722820346646 -3.5903936782582244 36
      vertex 46.2123458584933 -7.13317018694693 36
    endloop
  endfacet
  facet normal -0.803207531480643 0.595699304492436 0
    outer loop
      vertex 33.55639107470393 -5.222148834901989 31.557920858915015
      vertex 33.55639107470393 -5.222148834901989 36
      vertex 33.848686869402975 -4.828033579181772 36
    endloop
  endfacet
  facet normal -0.7409511253549595 0.6715589548470178 0
    outer loop
      vertex 33.848686869402975 -4.828033579181772 31.525544236056398
      vertex 33.848686869402975 -4.828033579181772 36
      vertex 34.17820523028392 -4.464466094067262 36
    endloop
  endfacet
  facet normal -0.6715589548470196 0.7409511253549579 0
    outer loop
      vertex 34.17820523028392 -4.464466094067262 31.46573794831565
      vertex 34.17820523028392 -4.464466094067262 36
      vertex 34.54177271539843 -4.134947733186316 36
    endloop
  endfacet
  facet normal -0.5956993044924345 0.803207531480644 0
    outer loop
      vertex 34.54177271539843 -4.134947733186316 31.379077962937167
      vertex 34.54177271539843 -4.134947733186316 36
      vertex 34.935887971118646 -3.8426519384872737 36
    endloop
  endfacet
  facet normal -0.514102744193218 0.8577286100002742 0
    outer loop
      vertex 34.935887971118646 -3.8426519384872737 31.266398862953302
      vertex 34.935887971118646 -3.8426519384872737 36
      vertex 35.356755452086674 -3.5903936782582244 36
    endloop
  endfacet
  facet normal -0.42755509343028403 0.9039892931234423 0
    outer loop
      vertex 35.356755452086674 -3.5903936782582244 31.12878580969356
      vertex 35.356755452086674 -3.5903936782582244 36
      vertex 35.80032197439121 -3.380602337443566 36
    endloop
  endfacet
  facet normal 0 0 1
    outer loop
      vertex 33.55639107470393 -5.222148834901989 36
      vertex 34.17820523028392 -4.464466094067262 36
      vertex 33.848686869402975 -4.828033579181772 36
    endloop
  endfacet
  facet normal 0 0 1
    outer loop
      vertex 33.55639107470393 -5.222148834901989 36
      vertex 34.54177271539843 -4.134947733186316 36
      vertex 34.17820523028392 -4.464466094067262 36
    endloop
  endfacet
  facet normal 0 0 1
    outer loop
      vertex 33.55639107470393 -5.222148834901989 36
      vertex 35.356755452086674 -3.5903936782582244 36
      vertex 34.54177271539843 -4.134947733186316 36
    endloop
  endfacet
  facet normal 0 0 1
    outer loop
      vertex 34.54177271539843 -4.134947733186316 36
      vertex 35.356755452086674 -3.5903936782582244 36
      vertex 34.935887971118646 -3.8426519384872737 36
    endloop
  endfacet
  facet normal 0 0 1
    outer loop
      vertex 35.356755452086674 -3.5903936782582244 36
      vertex 36.26231574994435 -3.215298321338956 36
      vertex 35.80032197439121 -3.380602337443566 36
    endloop
  endfacet
  facet normal 0 0 1
    outer loop
      vertex 35.356755452086674 -3.5903936782582244 36
      vertex 36.73828752613602 -3.096073597983848 36
      vertex 36.26231574994435 -3.215298321338956 36
    endloop
  endfacet
  facet normal 0 0 1
    outer loop
      vertex 35.356755452086674 -3.5903936782582244 36
      vertex 37.22365343456886 -3.024076366639015 36
      vertex 36.73828752613602 -3.096073597983848 36
    endloop
  endfacet
  facet normal 0 0 1
    outer loop
      vertex 35.356755452086674 -3.5903936782582244 36
      vertex 39.62715629804211 -3.380602337443566 36
      vertex 37.22365343456886 -3.024076366639015 36
    endloop
  endfacet
  facet normal 0 0 1
    outer loop
      vertex 39.16516252248897 -3.215298321338956 36
      vertex 38.6891907462973 -3.096073597983848 36
      vertex 39.62715629804211 -3.380602337443566 36
    endloop
  endfacet
  facet normal 0 0 1
    outer loop
      vertex 37.22365343456886 -3.024076366639015 36
      vertex 39.62715629804211 -3.380602337443566 36
      vertex 37.71373913621666 -3 36
    endloop
  endfacet
  facet normal 0 0 1
    outer loop
      vertex 37.71373913621666 -3 36
      vertex 38.6891907462973 -3.096073597983848 36
      vertex 38.20382483786446 -3.024076366639015 36
    endloop
  endfacet
  facet normal 0 0 1
    outer loop
      vertex 39.62715629804211 -3.380602337443566 36
      vertex 38.6891907462973 -3.096073597983848 36
      vertex 37.71373913621666 -3 36
    endloop
  endfacet
  facet normal -0.5000000000000009 -0.8660254037844382 -2.5256762686695353e-16
    outer loop
      vertex 43.39077641963956 -17.05114169568001 36
      vertex 45.80951766091302 -18.447602602429292 17.6
      vertex 47.970854988722905 -19.695451290449917 17.6
    endloop
  endfacet
  facet normal 0.8271536683046246 -0.48940357295001585 0.27622626919603743
    outer loop
      vertex 43.39077641963956 -17.05114169568001 36
      vertex 47.970854988722905 -19.695451290449917 17.6
      vertex 53.063303321313995 -11.088572322313132 17.6
    endloop
  endfacet
  facet normal -0.5000000000000007 -0.8660254037844383 -2.3124411113594613e-16
    outer loop
      vertex 41.23684314294703 -15.807567738565083 36
      vertex 45.80951766091302 -18.447602602429292 17.6
      vertex 43.39077641963956 -17.05114169568001 36
    endloop
  endfacet
  facet normal 0.8271536683046241 -0.48940357295001685 0.2762262691960369
    outer loop
      vertex 43.39077641963956 -17.05114169568001 36
      vertex 53.063303321313995 -11.088572322313132 17.6
      vertex 44.982899420337375 -14.360253330314796 36
    endloop
  endfacet
  facet normal -0.45253566169641846 0.2712394372893081 -0.8494943452148249
    outer loop
      vertex 33.55639107470393 -5.222148834901989 27
      vertex 48.718760949733024 -9.365107439917317 17.6
      vertex 48.682068839154255 -9.42632452805812 17.6
    endloop
  endfacet
  facet normal -0.43383104051250826 0.32175102818584483 -0.8415859457887745
    outer loop
      vertex 33.848686869402975 -4.828033579181772 27
      vertex 48.76127670168925 -9.30778158453983 17.6
      vertex 48.718760949733024 -9.365107439917317 17.6
    endloop
  endfacet
  facet normal -0.4118563871573588 0.37328487054248477 -0.8312837793327668
    outer loop
      vertex 34.17820523028392 -4.464466094067262 27
      vertex 48.80920664509011 -9.254899041250447 17.6
      vertex 48.76127670168925 -9.30778158453983 17.6
    endloop
  endfacet
  facet normal -0.3861458759892216 0.42604631998484266 -0.8181539559788792
    outer loop
      vertex 34.54177271539843 -4.134947733186316 27
      vertex 48.8620891883795 -9.206969097849582 17.6
      vertex 48.80920664509011 -9.254899041250447 17.6
    endloop
  endfacet
  facet normal -0.35612430664267 0.4801780413062351 -0.8016261765097151
    outer loop
      vertex 34.935887971118646 -3.8426519384872737 27
      vertex 48.91941504375698 -9.164453345893357 17.6
      vertex 48.8620891883795 -9.206969097849582 17.6
    endloop
  endfacet
  facet normal -0.3210969316338335 0.5357178656532511 -0.7809629497711544
    outer loop
      vertex 35.356755452086674 -3.5903936782582244 27
      vertex 48.980632131897785 -9.127761235314587 17.6
      vertex 48.91941504375698 -9.164453345893357 17.6
    endloop
  endfacet
  facet normal -0.28024715777053794 0.5925328313137057 -0.755226041908579
    outer loop
      vertex 35.80032197439121 -3.380602337443566 27
      vertex 49.045150898778445 -9.09724613119609 17.6
      vertex 48.980632131897785 -9.127761235314587 17.6
    endloop
  endfacet
  facet normal -0.23265257355439206 0.6502203841226228 -0.7232470062779015
    outer loop
      vertex 36.26231574994435 -3.215298321338956 27
      vertex 49.11234999340436 -9.073201910671784 17.6
      vertex 49.045150898778445 -9.09724613119609 17.6
    endloop
  endfacet
  facet normal -0.17733692720572336 0.7079686985313571 -0.6836168050516666
    outer loop
      vertex 36.73828752613602 -3.096073597983848 27
      vertex 49.18158225175951 -9.055860132729222 17.6
      vertex 49.11234999340436 -9.073201910671784 17.6
    endloop
  endfacet
  facet normal -0.11338448481481142 0.7643761078914352 -0.6347228720378847
    outer loop
      vertex 37.22365343456886 -3.024076366639015 27
      vertex 49.252180929349734 -9.045387808169973 17.6
      vertex 49.18158225175951 -9.055860132729222 17.6
    endloop
  endfacet
  facet normal 0.4997617937614842 0.8661628847802247 -0.00008078058373302337
    outer loop
      vertex 40.070722820346646 -3.5903936782582244 27
      vertex 50.89261034414053 -9.835322147614 17.6
      vertex 49.6663001127356 -9.127761235314585 17.6
    endloop
  endfacet
  facet normal -0.040149044116166974 0.817252567680935 -0.5748793741955585
    outer loop
      vertex 37.71373913621666 -3 27
      vertex 49.32346612231669 -9.0418857912043 17.6
      vertex 49.252180929349734 -9.045387808169973 17.6
    endloop
  endfacet
  facet normal 0.04241969142718578 0.8634726555081266 -0.5026087374578426
    outer loop
      vertex 38.20382483786446 -3.024076366639015 27
      vertex 49.39475131528364 -9.045387808169973 17.6
      vertex 49.32346612231669 -9.0418857912043 17.6
    endloop
  endfacet
  facet normal 0.13335656283590983 0.8990169213080114 -0.41711461536423905
    outer loop
      vertex 38.6891907462973 -3.096073597983848 27
      vertex 49.465349992873875 -9.055860132729222 17.6
      vertex 49.39475131528364 -9.045387808169973 17.6
    endloop
  endfacet
  facet normal 0.329355354248893 0.9204865507429926 -0.21030825121438868
    outer loop
      vertex 39.62715629804211 -3.380602337443566 27
      vertex 49.60178134585494 -9.09724613119609 17.6
      vertex 49.534582251229025 -9.073201910671784 17.6
    endloop
  endfacet
  facet normal 0.23029385166237992 0.9193845918624868 -0.31889922253331754
    outer loop
      vertex 39.16516252248897 -3.215298321338956 27
      vertex 49.534582251229025 -9.073201910671784 17.6
      vertex 49.465349992873875 -9.055860132729222 17.6
    endloop
  endfacet
  facet normal 0.42559549083156406 0.8998460615370893 -0.09563233616318756
    outer loop
      vertex 40.070722820346646 -3.5903936782582244 27
      vertex 49.6663001127356 -9.127761235314585 17.6
      vertex 49.60178134585494 -9.09724613119609 17.6
    endloop
  endfacet
  facet normal 0.42559549083157683 0.8998460615370852 -0.09563233616316909
    outer loop
      vertex 39.62715629804211 -3.380602337443566 27
      vertex 40.070722820346646 -3.5903936782582244 27
      vertex 49.60178134585494 -9.09724613119609 17.6
    endloop
  endfacet
  facet normal 0.5 0.8660254037844386 3.6747764100933157e-17
    outer loop
      vertex 49.066605287828246 -8.781077636810487 33.65632800986118
      vertex 53.063303321313995 -11.088572322313132 17.6
      vertex 50.89261034414053 -9.835322147614 17.6
    endloop
  endfacet
  facet normal 0.49976179376148394 0.8661628847802249 -0.00008078058373384363
    outer loop
      vertex 40.070722820346646 -3.5903936782582244 27
      vertex 46.2123458584933 -7.13317018694693 36
      vertex 50.89261034414053 -9.835322147614 17.6
    endloop
  endfacet
  facet normal 0.32935535424891066 0.9204865507429894 -0.21030825121437532
    outer loop
      vertex 39.16516252248897 -3.215298321338956 27
      vertex 39.62715629804211 -3.380602337443566 27
      vertex 49.534582251229025 -9.073201910671784 17.6
    endloop
  endfacet
  facet normal 0.8271536683046244 -0.48940357295001613 0.27622626919603716
    outer loop
      vertex 44.982899420337375 -14.360253330314796 36
      vertex 53.063303321313995 -11.088572322313132 17.6
      vertex 49.066605287828246 -8.781077636810487 33.65632800986118
    endloop
  endfacet
  facet normal 0.4999999999999998 0.8660254037844388 -8.330239819593784e-18
    outer loop
      vertex 49.066605287828246 -8.781077636810487 33.65632800986118
      vertex 50.89261034414053 -9.835322147614 17.6
      vertex 46.2123458584933 -7.13317018694693 36
    endloop
  endfacet
  facet normal 0 0 1
    outer loop
      vertex 39.62715629804211 -3.380602337443566 36
      vertex 43.39077641963956 -17.05114169568001 36
      vertex 48.363604340089886 -8.375199850393184 36
    endloop
  endfacet
  facet normal 0 0 1
    outer loop
      vertex 43.39077641963956 -17.05114169568001 36
      vertex 44.982899420337375 -14.360253330314796 36
      vertex 48.363604340089886 -8.375199850393184 36
    endloop
  endfacet
  facet normal 0.8227477440831825 -0.4647355876548866 0.3272720323723082
    outer loop
      vertex 44.982899420337375 -14.360253330314796 36
      vertex 49.066605287828246 -8.781077636810487 33.65632800986118
      vertex 48.363604340089886 -8.375199850393184 36
    endloop
  endfacet
  facet normal 0 0 1
    outer loop
      vertex 40.070722820346646 -3.5903936782582244 36
      vertex 48.363604340089886 -8.375199850393184 36
      vertex 46.2123458584933 -7.13317018694693 36
    endloop
  endfacet
  facet normal 0.49999999999999994 0.8660254037844387 4.262771060187539e-16
    outer loop
      vertex 49.066605287828246 -8.781077636810487 33.65632800986118
      vertex 46.2123458584933 -7.13317018694693 36
      vertex 48.363604340089886 -8.375199850393184 36
    endloop
  endfacet
  facet normal 0 0 1
    outer loop
      vertex 39.62715629804211 -3.380602337443566 36
      vertex 48.363604340089886 -8.375199850393184 36
      vertex 40.070722820346646 -3.5903936782582244 36
    endloop
  endfacet
  facet normal 0 0 1
    outer loop
      vertex 60.2820851562344 35.46776460927899 25.8
      vertex 62.72376325410553 37.51657580065629 25.8
      vertex 60.208811042066834 36.136825769663574 25.8
    endloop
  endfacet
  facet normal 0 0 1
    outer loop
      vertex 60.60582023189485 34.87767348671458 25.8
      vertex 61.13073053844466 34.45638842619143 25.8
      vertex 63.572408636315785 36.505199617568735 25.8
    endloop
  endfacet
  facet normal 0 0 1
    outer loop
      vertex 61.13073053844466 34.45638842619143 25.8
      vertex 61.77690324003538 34.2680462592156 25.8
      vertex 63.64568275048335 35.83613845718415 25.8
    endloop
  endfacet
  facet normal 0 0 1
    outer loop
      vertex 61.77690324003538 34.2680462592156 25.8
      vertex 62.44596440041997 34.34132037338317 25.8
      vertex 63.45734058350752 35.18996575559343 25.8
    endloop
  endfacet
  facet normal 0 0 1
    outer loop
      vertex 60.60582023189485 34.87767348671458 25.8
      vertex 63.248673560655334 37.095290740133144 25.8
      vertex 60.2820851562344 35.46776460927899 25.8
    endloop
  endfacet
  facet normal 0 0 1
    outer loop
      vertex 60.60582023189485 34.87767348671458 25.8
      vertex 63.572408636315785 36.505199617568735 25.8
      vertex 63.248673560655334 37.095290740133144 25.8
    endloop
  endfacet
  facet normal 0 0 1
    outer loop
      vertex 62.44596440041997 34.34132037338317 25.8
      vertex 63.03605552298438 34.66505544904362 25.8
      vertex 63.45734058350752 35.18996575559343 25.8
    endloop
  endfacet
  facet normal 0 0 1
    outer loop
      vertex 61.77690324003538 34.2680462592156 25.8
      vertex 63.45734058350752 35.18996575559343 25.8
      vertex 63.64568275048335 35.83613845718415 25.8
    endloop
  endfacet
  facet normal 0 0 1
    outer loop
      vertex 61.13073053844466 34.45638842619143 25.8
      vertex 63.64568275048335 35.83613845718415 25.8
      vertex 63.572408636315785 36.505199617568735 25.8
    endloop
  endfacet
  facet normal 0.8767267557075097 0.4809887689193841 -8.662456961812095e-18
    outer loop
      vertex 60.60582023189485 34.87767348671458 25.8
      vertex 60.2820851562344 35.46776460927899 25.8
      vertex 60.2820851562344 35.46776460927899 28
    endloop
  endfacet
  facet normal 0.6259234721840522 0.7798844830928873 0
    outer loop
      vertex 60.60582023189485 34.87767348671458 25.8
      vertex 60.60582023189485 34.87767348671458 28
      vertex 61.13073053844466 34.45638842619143 25.8
    endloop
  endfacet
  facet normal 0.9940563382223201 0.10886687485196062 -1.91588378441947e-18
    outer loop
      vertex 60.2820851562344 35.46776460927899 25.8
      vertex 60.208811042066834 36.136825769663574 25.8
      vertex 60.208811042066834 36.136825769663574 28
    endloop
  endfacet
  facet normal 0.27982901403099353 0.9600498543859284 1.6564973558781951e-15
    outer loop
      vertex 61.13073053844466 34.45638842619143 25.8
      vertex 61.16286166442313 34.44702305702733 28
      vertex 61.77690324003538 34.2680462592156 25.8
    endloop
  endfacet
  facet normal -0.10886687485196062 0.9940563382223201 -4.627463431950857e-16
    outer loop
      vertex 61.77690324003538 34.2680462592156 25.8
      vertex 62.244532717916485 34.319260016311716 28
      vertex 62.44596440041997 34.34132037338317 25.8
    endloop
  endfacet
  facet normal -0.4809887689193841 0.8767267557075097 0
    outer loop
      vertex 62.44596440041997 34.34132037338317 25.8
      vertex 62.44596440041997 34.34132037338317 28
      vertex 63.03605552298438 34.66505544904362 25.8
    endloop
  endfacet
  facet normal -0.7798844830928873 0.6259234721840522 0
    outer loop
      vertex 63.03605552298438 34.66505544904362 25.8
      vertex 63.03605552298438 34.66505544904362 28
      vertex 63.45734058350752 35.18996575559343 25.8
    endloop
  endfacet
  facet normal -0.9600498543859284 0.27982901403099353 0
    outer loop
      vertex 63.45734058350752 35.18996575559343 25.8
      vertex 63.45734058350752 35.18996575559343 28
      vertex 63.64568275048335 35.83613845718415 25.8
    endloop
  endfacet
  facet normal -0.9940563382223201 -0.10886687485196062 0
    outer loop
      vertex 63.64568275048335 35.83613845718415 25.8
      vertex 63.64568275048335 35.83613845718415 28
      vertex 63.572408636315785 36.505199617568735 25.8
    endloop
  endfacet
  facet normal 0 0 1
    outer loop
      vertex 60.208811042066834 36.136825769663574 25.8
      vertex 62.077590552514806 37.70491796763212 25.8
      vertex 60.39715320904266 36.782998471254295 25.8
    endloop
  endfacet
  facet normal 0 0 1
    outer loop
      vertex 60.39715320904266 36.782998471254295 25.8
      vertex 61.40852939213022 37.63164385346455 25.8
      vertex 60.81843826956581 37.3079087778041 25.8
    endloop
  endfacet
  facet normal 0 0 1
    outer loop
      vertex 60.39715320904266 36.782998471254295 25.8
      vertex 62.077590552514806 37.70491796763212 25.8
      vertex 61.40852939213022 37.63164385346455 25.8
    endloop
  endfacet
  facet normal 0 0 1
    outer loop
      vertex 60.208811042066834 36.136825769663574 25.8
      vertex 62.72376325410553 37.51657580065629 25.8
      vertex 62.077590552514806 37.70491796763212 25.8
    endloop
  endfacet
  facet normal 0 0 1
    outer loop
      vertex 60.2820851562344 35.46776460927899 25.8
      vertex 63.248673560655334 37.095290740133144 25.8
      vertex 62.72376325410553 37.51657580065629 25.8
    endloop
  endfacet
  facet normal 0.9600498543859284 -0.27982901403099353 -4.347404149684485e-18
    outer loop
      vertex 60.208811042066834 36.136825769663574 25.8
      vertex 60.39715320904266 36.782998471254295 25.8
      vertex 60.39715320904266 36.782998471254295 28
    endloop
  endfacet
  facet normal 0.7798844830928873 -0.6259234721840522 8.784811973433624e-18
    outer loop
      vertex 60.39715320904266 36.782998471254295 25.8
      vertex 60.81843826956581 37.3079087778041 25.8
      vertex 60.81843826956581 37.3079087778041 28
    endloop
  endfacet
  facet normal 0.4809887689193841 -0.8767267557075097 8.662456961812095e-18
    outer loop
      vertex 60.81843826956581 37.3079087778041 25.8
      vertex 61.40852939213022 37.63164385346455 25.8
      vertex 61.40852939213022 37.63164385346455 28
    endloop
  endfacet
  facet normal -0.27982901403099353 -0.9600498543859284 4.347404149684485e-18
    outer loop
      vertex 62.077590552514806 37.70491796763212 25.8
      vertex 62.72376325410553 37.51657580065629 25.8
      vertex 62.72376325410553 37.51657580065629 28
    endloop
  endfacet
  facet normal 0.10886687485196062 -0.9940563382223201 1.91588378441947e-18
    outer loop
      vertex 61.40852939213022 37.63164385346455 25.8
      vertex 62.077590552514806 37.70491796763212 25.8
      vertex 62.077590552514806 37.70491796763212 28
    endloop
  endfacet
  facet normal -0.6259234721840522 -0.7798844830928873 -8.784811973433624e-18
    outer loop
      vertex 62.72376325410553 37.51657580065629 25.8
      vertex 63.248673560655334 37.095290740133144 25.8
      vertex 63.248673560655334 37.095290740133144 28
    endloop
  endfacet
  facet normal -0.8767267557075097 -0.4809887689193841 0
    outer loop
      vertex 63.572408636315785 36.505199617568735 25.8
      vertex 63.572408636315785 36.505199617568735 28
      vertex 63.248673560655334 37.095290740133144 25.8
    endloop
  endfacet
  facet normal 0.27982901403109806 0.9600498543858977 0
    outer loop
      vertex 61.13073053844466 34.45638842619143 25.8
      vertex 61.13073053844466 34.45638842619143 28
      vertex 61.16286166442313 34.44702305702733 28
    endloop
  endfacet
  facet normal 0.8767267557075097 0.4809887689193841 0
    outer loop
      vertex 60.60582023189485 34.87767348671458 25.8
      vertex 60.2820851562344 35.46776460927899 28
      vertex 60.60582023189485 34.87767348671458 28
    endloop
  endfacet
  facet normal 0.6259234721840522 0.7798844830928873 0
    outer loop
      vertex 61.13073053844466 34.45638842619143 25.8
      vertex 60.60582023189485 34.87767348671458 28
      vertex 61.13073053844466 34.45638842619143 28
    endloop
  endfacet
  facet normal 0.9940563382223201 0.10886687485196062 0
    outer loop
      vertex 60.2820851562344 35.46776460927899 25.8
      vertex 60.208811042066834 36.136825769663574 28
      vertex 60.2820851562344 35.46776460927899 28
    endloop
  endfacet
  facet normal 0.9600498543859284 -0.27982901403099353 0
    outer loop
      vertex 60.208811042066834 36.136825769663574 25.8
      vertex 60.39715320904266 36.782998471254295 28
      vertex 60.208811042066834 36.136825769663574 28
    endloop
  endfacet
  facet normal 0.27982901403098803 0.9600498543859298 0
    outer loop
      vertex 61.77690324003538 34.2680462592156 25.8
      vertex 61.16286166442313 34.44702305702733 28
      vertex 61.77690324003538 34.2680462592156 28
    endloop
  endfacet
  facet normal -0.10886687485196275 0.9940563382223199 0
    outer loop
      vertex 61.77690324003538 34.2680462592156 25.8
      vertex 61.77690324003538 34.2680462592156 28
      vertex 62.244532717916485 34.319260016311716 28
    endloop
  endfacet
  facet normal -0.10886687485195559 0.9940563382223206 0
    outer loop
      vertex 62.44596440041997 34.34132037338317 25.8
      vertex 62.244532717916485 34.319260016311716 28
      vertex 62.44596440041997 34.34132037338317 28
    endloop
  endfacet
  facet normal -0.4809887689193841 0.8767267557075097 0
    outer loop
      vertex 63.03605552298438 34.66505544904362 25.8
      vertex 62.44596440041997 34.34132037338317 28
      vertex 63.03605552298438 34.66505544904362 28
    endloop
  endfacet
  facet normal -0.7798844830928873 0.6259234721840522 0
    outer loop
      vertex 63.45734058350752 35.18996575559343 25.8
      vertex 63.03605552298438 34.66505544904362 28
      vertex 63.45734058350752 35.18996575559343 28
    endloop
  endfacet
  facet normal -0.9600498543859284 0.27982901403099353 0
    outer loop
      vertex 63.64568275048335 35.83613845718415 25.8
      vertex 63.45734058350752 35.18996575559343 28
      vertex 63.64568275048335 35.83613845718415 28
    endloop
  endfacet
  facet normal -0.9940563382223201 -0.10886687485196062 0
    outer loop
      vertex 63.572408636315785 36.505199617568735 25.8
      vertex 63.64568275048335 35.83613845718415 28
      vertex 63.572408636315785 36.505199617568735 28
    endloop
  endfacet
  facet normal 0.27982901403099353 0.9600498543859283 0
    outer loop
      vertex 61.13073053844466 34.45638842619143 34.5
      vertex 61.13073053844466 34.45638842619143 36
      vertex 61.77690324003538 34.2680462592156 34.5
    endloop
  endfacet
  facet normal 0.8767267557075096 0.4809887689193841 -1.27049368773244e-17
    outer loop
      vertex 60.60582023189485 34.87767348671458 34.5
      vertex 60.2820851562344 35.46776460927899 34.5
      vertex 60.2820851562344 35.46776460927899 36
    endloop
  endfacet
  facet normal 0.6259234721840522 0.7798844830928873 0
    outer loop
      vertex 60.60582023189485 34.87767348671458 34.5
      vertex 60.60582023189485 34.87767348671458 36
      vertex 61.13073053844466 34.45638842619143 34.5
    endloop
  endfacet
  facet normal 0.9940563382223201 0.1088668748519606 -2.8099628838152216e-18
    outer loop
      vertex 60.2820851562344 35.46776460927899 34.5
      vertex 60.208811042066834 36.136825769663574 34.5
      vertex 60.208811042066834 36.136825769663574 36
    endloop
  endfacet
  facet normal 0.8767267557075096 0.4809887689193841 0
    outer loop
      vertex 60.60582023189485 34.87767348671458 34.5
      vertex 60.2820851562344 35.46776460927899 36
      vertex 60.60582023189485 34.87767348671458 36
    endloop
  endfacet
  facet normal 0.6259234721840522 0.7798844830928873 0
    outer loop
      vertex 61.13073053844466 34.45638842619143 34.5
      vertex 60.60582023189485 34.87767348671458 36
      vertex 61.13073053844466 34.45638842619143 36
    endloop
  endfacet
  facet normal 0.9940563382223201 0.1088668748519606 0
    outer loop
      vertex 60.2820851562344 35.46776460927899 34.5
      vertex 60.208811042066834 36.136825769663574 36
      vertex 60.2820851562344 35.46776460927899 36
    endloop
  endfacet
  facet normal 0.9600498543859283 -0.27982901403099353 0
    outer loop
      vertex 60.208811042066834 36.136825769663574 34.5
      vertex 60.39715320904266 36.782998471254295 36
      vertex 60.208811042066834 36.136825769663574 36
    endloop
  endfacet
  facet normal -0.1088668748519606 0.9940563382223201 0
    outer loop
      vertex 61.77690324003538 34.2680462592156 34.5
      vertex 61.77690324003538 34.2680462592156 36
      vertex 62.44596440041997 34.34132037338317 34.5
    endloop
  endfacet
  facet normal -0.4809887689193841 0.8767267557075096 0
    outer loop
      vertex 62.44596440041997 34.34132037338317 34.5
      vertex 62.44596440041997 34.34132037338317 36
      vertex 63.03605552298438 34.66505544904362 34.5
    endloop
  endfacet
  facet normal 0.27982901403099353 0.9600498543859283 0
    outer loop
      vertex 61.77690324003538 34.2680462592156 34.5
      vertex 61.13073053844466 34.45638842619143 36
      vertex 61.77690324003538 34.2680462592156 36
    endloop
  endfacet
  facet normal -0.1088668748519606 0.9940563382223201 0
    outer loop
      vertex 62.44596440041997 34.34132037338317 34.5
      vertex 61.77690324003538 34.2680462592156 36
      vertex 62.44596440041997 34.34132037338317 36
    endloop
  endfacet
  facet normal -0.7798844830928873 0.6259234721840522 0
    outer loop
      vertex 63.03605552298438 34.66505544904362 34.5
      vertex 63.03605552298438 34.66505544904362 36
      vertex 63.45734058350752 35.18996575559343 34.5
    endloop
  endfacet
  facet normal -0.9600498543859283 0.27982901403099353 0
    outer loop
      vertex 63.45734058350752 35.18996575559343 34.5
      vertex 63.45734058350752 35.18996575559343 36
      vertex 63.64568275048335 35.83613845718415 34.5
    endloop
  endfacet
  facet normal -0.9940563382223201 -0.1088668748519606 0
    outer loop
      vertex 63.64568275048335 35.83613845718415 34.5
      vertex 63.64568275048335 35.83613845718415 36
      vertex 63.572408636315785 36.505199617568735 34.5
    endloop
  endfacet
  facet normal -0.4809887689193841 0.8767267557075096 0
    outer loop
      vertex 63.03605552298438 34.66505544904362 34.5
      vertex 62.44596440041997 34.34132037338317 36
      vertex 63.03605552298438 34.66505544904362 36
    endloop
  endfacet
  facet normal -0.7798844830928873 0.6259234721840522 0
    outer loop
      vertex 63.45734058350752 35.18996575559343 34.5
      vertex 63.03605552298438 34.66505544904362 36
      vertex 63.45734058350752 35.18996575559343 36
    endloop
  endfacet
  facet normal -0.9600498543859283 0.27982901403099353 0
    outer loop
      vertex 63.64568275048335 35.83613845718415 34.5
      vertex 63.45734058350752 35.18996575559343 36
      vertex 63.64568275048335 35.83613845718415 36
    endloop
  endfacet
  facet normal -0.9940563382223201 -0.1088668748519606 0
    outer loop
      vertex 63.572408636315785 36.505199617568735 34.5
      vertex 63.64568275048335 35.83613845718415 36
      vertex 63.572408636315785 36.505199617568735 36
    endloop
  endfacet
  facet normal 0.7798844830928873 -0.6259234721840522 0
    outer loop
      vertex 60.39715320904266 36.782998471254295 25.8
      vertex 60.81843826956581 37.3079087778041 28
      vertex 60.39715320904266 36.782998471254295 28
    endloop
  endfacet
  facet normal 0.4809887689193841 -0.8767267557075097 0
    outer loop
      vertex 60.81843826956581 37.3079087778041 25.8
      vertex 61.40852939213022 37.63164385346455 28
      vertex 60.81843826956581 37.3079087778041 28
    endloop
  endfacet
  facet normal 0.10886687485196062 -0.9940563382223201 0
    outer loop
      vertex 61.40852939213022 37.63164385346455 25.8
      vertex 62.077590552514806 37.70491796763212 28
      vertex 61.40852939213022 37.63164385346455 28
    endloop
  endfacet
  facet normal -0.27982901403099353 -0.9600498543859284 0
    outer loop
      vertex 62.077590552514806 37.70491796763212 25.8
      vertex 62.72376325410553 37.51657580065629 28
      vertex 62.077590552514806 37.70491796763212 28
    endloop
  endfacet
  facet normal -0.6259234721840522 -0.7798844830928873 0
    outer loop
      vertex 62.72376325410553 37.51657580065629 25.8
      vertex 63.248673560655334 37.095290740133144 28
      vertex 62.72376325410553 37.51657580065629 28
    endloop
  endfacet
  facet normal -0.876726755708032 -0.48098876891843173 0
    outer loop
      vertex 63.248673560655334 37.095290740133144 25.8
      vertex 63.25122792871507 37.09063474197558 28
      vertex 63.248673560655334 37.095290740133144 28
    endloop
  endfacet
  facet normal -0.8767267557075227 -0.4809887689193604 -2.556980772014471e-15
    outer loop
      vertex 63.248673560655334 37.095290740133144 25.8
      vertex 63.253842097451056 37.08586974157874 28
      vertex 63.25122792871507 37.09063474197558 28
    endloop
  endfacet
  facet normal -0.8767267557075054 -0.48098876891939185 -2.7326324247182504e-15
    outer loop
      vertex 63.248673560655334 37.095290740133144 25.8
      vertex 63.572408636315785 36.505199617568735 28
      vertex 63.253842097451056 37.08586974157874 28
    endloop
  endfacet
  facet normal 0.9600498543859283 -0.27982901403099353 -6.3761927528705756e-18
    outer loop
      vertex 60.208811042066834 36.136825769663574 34.5
      vertex 60.39715320904266 36.782998471254295 34.5
      vertex 60.39715320904266 36.782998471254295 36
    endloop
  endfacet
  facet normal 0.7798844830928873 -0.6259234721840522 1.2884390894369308e-17
    outer loop
      vertex 60.39715320904266 36.782998471254295 34.5
      vertex 60.81843826956581 37.3079087778041 34.5
      vertex 60.81843826956581 37.3079087778041 36
    endloop
  endfacet
  facet normal 0.4809887689193841 -0.8767267557075096 1.27049368773244e-17
    outer loop
      vertex 60.81843826956581 37.3079087778041 34.5
      vertex 61.40852939213022 37.63164385346455 34.5
      vertex 61.40852939213022 37.63164385346455 36
    endloop
  endfacet
  facet normal 0.7798844830928873 -0.6259234721840522 0
    outer loop
      vertex 60.39715320904266 36.782998471254295 34.5
      vertex 60.81843826956581 37.3079087778041 36
      vertex 60.39715320904266 36.782998471254295 36
    endloop
  endfacet
  facet normal 0.4809887689193841 -0.8767267557075096 0
    outer loop
      vertex 60.81843826956581 37.3079087778041 34.5
      vertex 61.40852939213022 37.63164385346455 36
      vertex 60.81843826956581 37.3079087778041 36
    endloop
  endfacet
  facet normal -0.27982901403099353 -0.9600498543859283 6.3761927528705756e-18
    outer loop
      vertex 62.077590552514806 37.70491796763212 34.5
      vertex 62.72376325410553 37.51657580065629 34.5
      vertex 62.72376325410553 37.51657580065629 36
    endloop
  endfacet
  facet normal 0.1088668748519606 -0.9940563382223201 2.8099628838152216e-18
    outer loop
      vertex 61.40852939213022 37.63164385346455 34.5
      vertex 62.077590552514806 37.70491796763212 34.5
      vertex 62.077590552514806 37.70491796763212 36
    endloop
  endfacet
  facet normal -0.6259234721840522 -0.7798844830928873 -1.2884390894369308e-17
    outer loop
      vertex 62.72376325410553 37.51657580065629 34.5
      vertex 63.248673560655334 37.095290740133144 34.5
      vertex 63.248673560655334 37.095290740133144 36
    endloop
  endfacet
  facet normal -0.8767267557075096 -0.4809887689193841 0
    outer loop
      vertex 63.572408636315785 36.505199617568735 34.5
      vertex 63.572408636315785 36.505199617568735 36
      vertex 63.248673560655334 37.095290740133144 34.5
    endloop
  endfacet
  facet normal 0.1088668748519606 -0.9940563382223201 0
    outer loop
      vertex 61.40852939213022 37.63164385346455 34.5
      vertex 62.077590552514806 37.70491796763212 36
      vertex 61.40852939213022 37.63164385346455 36
    endloop
  endfacet
  facet normal -0.27982901403099353 -0.9600498543859283 0
    outer loop
      vertex 62.077590552514806 37.70491796763212 34.5
      vertex 62.72376325410553 37.51657580065629 36
      vertex 62.077590552514806 37.70491796763212 36
    endloop
  endfacet
  facet normal -0.6259234721840522 -0.7798844830928873 0
    outer loop
      vertex 62.72376325410553 37.51657580065629 34.5
      vertex 63.248673560655334 37.095290740133144 36
      vertex 62.72376325410553 37.51657580065629 36
    endloop
  endfacet
  facet normal -0.8767267557075096 -0.4809887689193841 -1.27049368773244e-17
    outer loop
      vertex 63.572408636315785 36.505199617568735 36
      vertex 63.248673560655334 37.095290740133144 36
      vertex 63.248673560655334 37.095290740133144 34.5
    endloop
  endfacet
  facet normal 0 0 1
    outer loop
      vertex -62.44596440041997 34.34132037338317 25.8
      vertex -63.45734058350752 35.18996575559343 25.8
      vertex -63.03605552298438 34.66505544904362 25.8
    endloop
  endfacet
  facet normal 0 0 1
    outer loop
      vertex -62.44596440041997 34.34132037338317 25.8
      vertex -63.64568275048335 35.83613845718415 25.8
      vertex -63.45734058350752 35.18996575559343 25.8
    endloop
  endfacet
  facet normal 0 0 1
    outer loop
      vertex -61.77690324003538 34.2680462592156 25.8
      vertex -63.572408636315785 36.505199617568735 25.8
      vertex -63.64568275048335 35.83613845718415 25.8
    endloop
  endfacet
  facet normal 0 0 1
    outer loop
      vertex -62.44596440041997 34.34132037338317 25.8
      vertex -61.77690324003538 34.2680462592156 25.8
      vertex -63.64568275048335 35.83613845718415 25.8
    endloop
  endfacet
  facet normal 0 0 1
    outer loop
      vertex -61.77690324003538 34.2680462592156 25.8
      vertex -61.13073053844466 34.45638842619143 25.8
      vertex -63.572408636315785 36.505199617568735 25.8
    endloop
  endfacet
  facet normal 0 0 1
    outer loop
      vertex -61.13073053844466 34.45638842619143 25.8
      vertex -60.60582023189485 34.87767348671458 25.8
      vertex -63.248673560655334 37.095290740133144 25.8
    endloop
  endfacet
  facet normal 0 0 1
    outer loop
      vertex -63.572408636315785 36.505199617568735 25.8
      vertex -61.13073053844466 34.45638842619143 25.8
      vertex -63.248673560655334 37.095290740133144 25.8
    endloop
  endfacet
  facet normal 0 0 1
    outer loop
      vertex -60.60582023189485 34.87767348671458 25.8
      vertex -62.72376325410553 37.51657580065629 25.8
      vertex -63.248673560655334 37.095290740133144 25.8
    endloop
  endfacet
  facet normal 0 0 1
    outer loop
      vertex -60.60582023189485 34.87767348671458 25.8
      vertex -60.2820851562344 35.46776460927899 25.8
      vertex -62.72376325410553 37.51657580065629 25.8
    endloop
  endfacet
  facet normal 0 0 1
    outer loop
      vertex -60.2820851562344 35.46776460927899 25.8
      vertex -60.208811042066834 36.136825769663574 25.8
      vertex -62.077590552514806 37.70491796763212 25.8
    endloop
  endfacet
  facet normal 0.10886687485196062 0.9940563382223201 0
    outer loop
      vertex -62.44596440041997 34.34132037338317 25.8
      vertex -62.44596440041997 34.34132037338317 28
      vertex -61.77690324003538 34.2680462592156 25.8
    endloop
  endfacet
  facet normal -0.27982901403099353 0.9600498543859284 0
    outer loop
      vertex -61.77690324003538 34.2680462592156 25.8
      vertex -61.77690324003538 34.2680462592156 28
      vertex -61.13073053844466 34.45638842619143 25.8
    endloop
  endfacet
  facet normal 0.4809887689193841 0.8767267557075097 -8.662456961812095e-18
    outer loop
      vertex -62.44596440041997 34.34132037338317 25.8
      vertex -63.03605552298438 34.66505544904362 25.8
      vertex -63.03605552298438 34.66505544904362 28
    endloop
  endfacet
  facet normal 0.7798844830928873 0.6259234721840522 0
    outer loop
      vertex -63.45734058350752 35.18996575559343 25.8
      vertex -63.45734058350752 35.18996575559343 28
      vertex -63.03605552298438 34.66505544904362 25.8
    endloop
  endfacet
  facet normal 0.9600498543859284 0.27982901403099353 4.347404149684485e-18
    outer loop
      vertex -63.45734058350752 35.18996575559343 25.8
      vertex -63.64568275048335 35.83613845718415 25.8
      vertex -63.64568275048335 35.83613845718415 28
    endloop
  endfacet
  facet normal 0.9940563382223201 -0.10886687485196062 1.91588378441947e-18
    outer loop
      vertex -63.64568275048335 35.83613845718415 25.8
      vertex -63.572408636315785 36.505199617568735 25.8
      vertex -63.572408636315785 36.505199617568735 28
    endloop
  endfacet
  facet normal -0.6259234721840522 0.7798844830928873 0
    outer loop
      vertex -61.13073053844466 34.45638842619143 25.8
      vertex -61.13073053844466 34.45638842619143 28
      vertex -60.60582023189485 34.87767348671458 25.8
    endloop
  endfacet
  facet normal -0.8767267557075097 0.4809887689193841 0
    outer loop
      vertex -60.60582023189485 34.87767348671458 25.8
      vertex -60.60582023189485 34.87767348671458 28
      vertex -60.2820851562344 35.46776460927899 25.8
    endloop
  endfacet
  facet normal -0.9940563382223201 0.10886687485196062 -1.0237241254579657e-15
    outer loop
      vertex -60.2820851562344 35.46776460927899 25.8
      vertex -60.27844157954433 35.50103387054413 28
      vertex -60.208811042066834 36.136825769663574 25.8
    endloop
  endfacet
  facet normal -0.9600498543859284 -0.27982901403099353 3.246069390192021e-16
    outer loop
      vertex -60.208811042066834 36.136825769663574 25.8
      vertex -60.34044975377336 36.588457729426715 28
      vertex -60.39715320904266 36.782998471254295 25.8
    endloop
  endfacet
  facet normal 0 0 1
    outer loop
      vertex -60.2820851562344 35.46776460927899 25.8
      vertex -62.077590552514806 37.70491796763212 25.8
      vertex -62.72376325410553 37.51657580065629 25.8
    endloop
  endfacet
  facet normal 0 0 1
    outer loop
      vertex -60.208811042066834 36.136825769663574 25.8
      vertex -61.40852939213022 37.63164385346455 25.8
      vertex -62.077590552514806 37.70491796763212 25.8
    endloop
  endfacet
  facet normal 0 0 1
    outer loop
      vertex -61.40852939213022 37.63164385346455 25.8
      vertex -60.39715320904266 36.782998471254295 25.8
      vertex -60.81843826956581 37.3079087778041 25.8
    endloop
  endfacet
  facet normal 0 0 1
    outer loop
      vertex -60.208811042066834 36.136825769663574 25.8
      vertex -60.39715320904266 36.782998471254295 25.8
      vertex -61.40852939213022 37.63164385346455 25.8
    endloop
  endfacet
  facet normal 0.8767267557075097 -0.4809887689193841 8.662456961812095e-18
    outer loop
      vertex -63.572408636315785 36.505199617568735 25.8
      vertex -63.248673560655334 37.095290740133144 25.8
      vertex -63.248673560655334 37.095290740133144 28
    endloop
  endfacet
  facet normal 0.6259234721840522 -0.7798844830928873 8.784811973433624e-18
    outer loop
      vertex -63.248673560655334 37.095290740133144 25.8
      vertex -62.72376325410553 37.51657580065629 25.8
      vertex -62.72376325410553 37.51657580065629 28
    endloop
  endfacet
  facet normal 0.27982901403099353 -0.9600498543859284 -4.347404149684485e-18
    outer loop
      vertex -62.72376325410553 37.51657580065629 25.8
      vertex -62.077590552514806 37.70491796763212 25.8
      vertex -62.077590552514806 37.70491796763212 28
    endloop
  endfacet
  facet normal -0.10886687485196062 -0.9940563382223201 -1.91588378441947e-18
    outer loop
      vertex -62.077590552514806 37.70491796763212 25.8
      vertex -61.40852939213022 37.63164385346455 25.8
      vertex -61.40852939213022 37.63164385346455 28
    endloop
  endfacet
  facet normal -0.4809887689193841 -0.8767267557075097 -8.662456961812095e-18
    outer loop
      vertex -61.40852939213022 37.63164385346455 25.8
      vertex -60.81843826956581 37.3079087778041 25.8
      vertex -60.81843826956581 37.3079087778041 28
    endloop
  endfacet
  facet normal -0.7798844830928873 -0.6259234721840522 -8.784811973433624e-18
    outer loop
      vertex -60.81843826956581 37.3079087778041 25.8
      vertex -60.39715320904266 36.782998471254295 25.8
      vertex -60.39715320904266 36.782998471254295 28
    endloop
  endfacet
  facet normal 0.4809887689193841 0.8767267557075097 0
    outer loop
      vertex -62.44596440041997 34.34132037338317 25.8
      vertex -63.03605552298438 34.66505544904362 28
      vertex -62.44596440041997 34.34132037338317 28
    endloop
  endfacet
  facet normal 0.10886687485196062 0.9940563382223201 0
    outer loop
      vertex -61.77690324003538 34.2680462592156 25.8
      vertex -62.44596440041997 34.34132037338317 28
      vertex -61.77690324003538 34.2680462592156 28
    endloop
  endfacet
  facet normal 0.9600498543859284 0.27982901403099353 0
    outer loop
      vertex -63.45734058350752 35.18996575559343 25.8
      vertex -63.64568275048335 35.83613845718415 28
      vertex -63.45734058350752 35.18996575559343 28
    endloop
  endfacet
  facet normal 0.7798844830928873 0.6259234721840522 0
    outer loop
      vertex -63.03605552298438 34.66505544904362 25.8
      vertex -63.45734058350752 35.18996575559343 28
      vertex -63.03605552298438 34.66505544904362 28
    endloop
  endfacet
  facet normal 0.9940563382223201 -0.10886687485196062 0
    outer loop
      vertex -63.64568275048335 35.83613845718415 25.8
      vertex -63.572408636315785 36.505199617568735 28
      vertex -63.64568275048335 35.83613845718415 28
    endloop
  endfacet
  facet normal -0.27982901403099353 0.9600498543859284 0
    outer loop
      vertex -61.13073053844466 34.45638842619143 25.8
      vertex -61.77690324003538 34.2680462592156 28
      vertex -61.13073053844466 34.45638842619143 28
    endloop
  endfacet
  facet normal -0.6259234721840522 0.7798844830928873 0
    outer loop
      vertex -60.60582023189485 34.87767348671458 25.8
      vertex -61.13073053844466 34.45638842619143 28
      vertex -60.60582023189485 34.87767348671458 28
    endloop
  endfacet
  facet normal -0.8767267557075097 0.4809887689193841 0
    outer loop
      vertex -60.2820851562344 35.46776460927899 25.8
      vertex -60.60582023189485 34.87767348671458 28
      vertex -60.2820851562344 35.46776460927899 28
    endloop
  endfacet
  facet normal -0.9940563382223274 0.10886687485189374 0
    outer loop
      vertex -60.2820851562344 35.46776460927899 25.8
      vertex -60.2820851562344 35.46776460927899 28
      vertex -60.27844157954433 35.50103387054413 28
    endloop
  endfacet
  facet normal -0.9940563382223198 0.10886687485196411 0
    outer loop
      vertex -60.208811042066834 36.136825769663574 25.8
      vertex -60.27844157954433 35.50103387054413 28
      vertex -60.208811042066834 36.136825769663574 28
    endloop
  endfacet
  facet normal -0.9600498543859286 -0.27982901403099203 0
    outer loop
      vertex -60.208811042066834 36.136825769663574 25.8
      vertex -60.208811042066834 36.136825769663574 28
      vertex -60.34044975377336 36.588457729426715 28
    endloop
  endfacet
  facet normal 0.1088668748519606 0.9940563382223201 0
    outer loop
      vertex -62.44596440041997 34.34132037338317 34.5
      vertex -62.44596440041997 34.34132037338317 36
      vertex -61.77690324003538 34.2680462592156 34.5
    endloop
  endfacet
  facet normal -0.27982901403099353 0.9600498543859283 0
    outer loop
      vertex -61.77690324003538 34.2680462592156 34.5
      vertex -61.77690324003538 34.2680462592156 36
      vertex -61.13073053844466 34.45638842619143 34.5
    endloop
  endfacet
  facet normal 0.4809887689193841 0.8767267557075096 0
    outer loop
      vertex -62.44596440041997 34.34132037338317 34.5
      vertex -63.03605552298438 34.66505544904362 36
      vertex -62.44596440041997 34.34132037338317 36
    endloop
  endfacet
  facet normal 0.1088668748519606 0.9940563382223201 0
    outer loop
      vertex -61.77690324003538 34.2680462592156 34.5
      vertex -62.44596440041997 34.34132037338317 36
      vertex -61.77690324003538 34.2680462592156 36
    endloop
  endfacet
  facet normal 0.4809887689193841 0.8767267557075096 -1.27049368773244e-17
    outer loop
      vertex -62.44596440041997 34.34132037338317 34.5
      vertex -63.03605552298438 34.66505544904362 34.5
      vertex -63.03605552298438 34.66505544904362 36
    endloop
  endfacet
  facet normal 0.7798844830928873 0.6259234721840522 0
    outer loop
      vertex -63.45734058350752 35.18996575559343 34.5
      vertex -63.45734058350752 35.18996575559343 36
      vertex -63.03605552298438 34.66505544904362 34.5
    endloop
  endfacet
  facet normal 0.9600498543859283 0.27982901403099353 6.3761927528705756e-18
    outer loop
      vertex -63.45734058350752 35.18996575559343 34.5
      vertex -63.64568275048335 35.83613845718415 34.5
      vertex -63.64568275048335 35.83613845718415 36
    endloop
  endfacet
  facet normal 0.9940563382223201 -0.1088668748519606 2.8099628838152216e-18
    outer loop
      vertex -63.64568275048335 35.83613845718415 34.5
      vertex -63.572408636315785 36.505199617568735 34.5
      vertex -63.572408636315785 36.505199617568735 36
    endloop
  endfacet
  facet normal 0.9600498543859283 0.27982901403099353 0
    outer loop
      vertex -63.45734058350752 35.18996575559343 34.5
      vertex -63.64568275048335 35.83613845718415 36
      vertex -63.45734058350752 35.18996575559343 36
    endloop
  endfacet
  facet normal 0.7798844830928873 0.6259234721840522 0
    outer loop
      vertex -63.03605552298438 34.66505544904362 34.5
      vertex -63.45734058350752 35.18996575559343 36
      vertex -63.03605552298438 34.66505544904362 36
    endloop
  endfacet
  facet normal 0.9940563382223201 -0.1088668748519606 0
    outer loop
      vertex -63.64568275048335 35.83613845718415 34.5
      vertex -63.572408636315785 36.505199617568735 36
      vertex -63.64568275048335 35.83613845718415 36
    endloop
  endfacet
  facet normal -0.27982901403099353 0.9600498543859283 0
    outer loop
      vertex -61.13073053844466 34.45638842619143 34.5
      vertex -61.77690324003538 34.2680462592156 36
      vertex -61.13073053844466 34.45638842619143 36
    endloop
  endfacet
  facet normal -0.6259234721840522 0.7798844830928873 0
    outer loop
      vertex -61.13073053844466 34.45638842619143 34.5
      vertex -61.13073053844466 34.45638842619143 36
      vertex -60.60582023189485 34.87767348671458 34.5
    endloop
  endfacet
  facet normal -0.8767267557075096 0.4809887689193841 0
    outer loop
      vertex -60.60582023189485 34.87767348671458 34.5
      vertex -60.60582023189485 34.87767348671458 36
      vertex -60.2820851562344 35.46776460927899 34.5
    endloop
  endfacet
  facet normal -0.9940563382223201 0.1088668748519606 0
    outer loop
      vertex -60.2820851562344 35.46776460927899 34.5
      vertex -60.2820851562344 35.46776460927899 36
      vertex -60.208811042066834 36.136825769663574 34.5
    endloop
  endfacet
  facet normal -0.9600498543859283 -0.27982901403099353 0
    outer loop
      vertex -60.208811042066834 36.136825769663574 34.5
      vertex -60.208811042066834 36.136825769663574 36
      vertex -60.39715320904266 36.782998471254295 34.5
    endloop
  endfacet
  facet normal -0.6259234721840522 0.7798844830928873 0
    outer loop
      vertex -60.60582023189485 34.87767348671458 34.5
      vertex -61.13073053844466 34.45638842619143 36
      vertex -60.60582023189485 34.87767348671458 36
    endloop
  endfacet
  facet normal -0.8767267557075096 0.4809887689193841 0
    outer loop
      vertex -60.2820851562344 35.46776460927899 34.5
      vertex -60.60582023189485 34.87767348671458 36
      vertex -60.2820851562344 35.46776460927899 36
    endloop
  endfacet
  facet normal -0.9940563382223201 0.1088668748519606 0
    outer loop
      vertex -60.208811042066834 36.136825769663574 34.5
      vertex -60.2820851562344 35.46776460927899 36
      vertex -60.208811042066834 36.136825769663574 36
    endloop
  endfacet
  facet normal 0.8767267557075097 -0.4809887689193841 0
    outer loop
      vertex -63.572408636315785 36.505199617568735 25.8
      vertex -63.248673560655334 37.095290740133144 28
      vertex -63.572408636315785 36.505199617568735 28
    endloop
  endfacet
  facet normal 0.6259234721831641 -0.7798844830936001 0
    outer loop
      vertex -63.248673560655334 37.095290740133144 25.8
      vertex -63.244531858930415 37.0986148071977 28
      vertex -63.248673560655334 37.095290740133144 28
    endloop
  endfacet
  facet normal 0.6259234721846768 -0.779884483092386 -4.68241158890553e-15
    outer loop
      vertex -63.248673560655334 37.095290740133144 25.8
      vertex -63.240293195233626 37.10201669447208 28
      vertex -63.244531858930415 37.0986148071977 28
    endloop
  endfacet
  facet normal 0.6259234721840542 -0.7798844830928857 -7.828612272501909e-16
    outer loop
      vertex -63.248673560655334 37.095290740133144 25.8
      vertex -62.72376325410553 37.51657580065629 28
      vertex -63.240293195233626 37.10201669447208 28
    endloop
  endfacet
  facet normal 0.27982901403099353 -0.9600498543859284 0
    outer loop
      vertex -62.72376325410553 37.51657580065629 25.8
      vertex -62.077590552514806 37.70491796763212 28
      vertex -62.72376325410553 37.51657580065629 28
    endloop
  endfacet
  facet normal -0.10886687485196062 -0.9940563382223201 0
    outer loop
      vertex -62.077590552514806 37.70491796763212 25.8
      vertex -61.40852939213022 37.63164385346455 28
      vertex -62.077590552514806 37.70491796763212 28
    endloop
  endfacet
  facet normal -0.4809887689193841 -0.8767267557075097 0
    outer loop
      vertex -61.40852939213022 37.63164385346455 25.8
      vertex -60.81843826956581 37.3079087778041 28
      vertex -61.40852939213022 37.63164385346455 28
    endloop
  endfacet
  facet normal -0.9600498543859273 -0.2798290140309969 0
    outer loop
      vertex -60.39715320904266 36.782998471254295 25.8
      vertex -60.34044975377336 36.588457729426715 28
      vertex -60.39715320904266 36.782998471254295 28
    endloop
  endfacet
  facet normal -0.7798844830928873 -0.6259234721840522 0
    outer loop
      vertex -60.81843826956581 37.3079087778041 25.8
      vertex -60.39715320904266 36.782998471254295 28
      vertex -60.81843826956581 37.3079087778041 28
    endloop
  endfacet
  facet normal 0.8767267557075096 -0.4809887689193841 1.27049368773244e-17
    outer loop
      vertex -63.572408636315785 36.505199617568735 34.5
      vertex -63.248673560655334 37.095290740133144 34.5
      vertex -63.248673560655334 37.095290740133144 36
    endloop
  endfacet
  facet normal 0.6259234721840522 -0.7798844830928873 1.2884390894369308e-17
    outer loop
      vertex -63.248673560655334 37.095290740133144 34.5
      vertex -62.72376325410553 37.51657580065629 34.5
      vertex -62.72376325410553 37.51657580065629 36
    endloop
  endfacet
  facet normal 0.27982901403099353 -0.9600498543859283 -6.3761927528705756e-18
    outer loop
      vertex -62.72376325410553 37.51657580065629 34.5
      vertex -62.077590552514806 37.70491796763212 34.5
      vertex -62.077590552514806 37.70491796763212 36
    endloop
  endfacet
  facet normal -0.1088668748519606 -0.9940563382223201 -2.8099628838152216e-18
    outer loop
      vertex -62.077590552514806 37.70491796763212 34.5
      vertex -61.40852939213022 37.63164385346455 34.5
      vertex -61.40852939213022 37.63164385346455 36
    endloop
  endfacet
  facet normal 0.8767267557075096 -0.4809887689193841 0
    outer loop
      vertex -63.572408636315785 36.505199617568735 34.5
      vertex -63.248673560655334 37.095290740133144 36
      vertex -63.572408636315785 36.505199617568735 36
    endloop
  endfacet
  facet normal 0.6259234721840522 -0.7798844830928873 0
    outer loop
      vertex -63.248673560655334 37.095290740133144 34.5
      vertex -62.72376325410553 37.51657580065629 36
      vertex -63.248673560655334 37.095290740133144 36
    endloop
  endfacet
  facet normal 0.27982901403099353 -0.9600498543859283 0
    outer loop
      vertex -62.72376325410553 37.51657580065629 34.5
      vertex -62.077590552514806 37.70491796763212 36
      vertex -62.72376325410553 37.51657580065629 36
    endloop
  endfacet
  facet normal -0.1088668748519606 -0.9940563382223201 0
    outer loop
      vertex -62.077590552514806 37.70491796763212 34.5
      vertex -61.40852939213022 37.63164385346455 36
      vertex -62.077590552514806 37.70491796763212 36
    endloop
  endfacet
  facet normal -0.4809887689193841 -0.8767267557075096 -1.27049368773244e-17
    outer loop
      vertex -61.40852939213022 37.63164385346455 34.5
      vertex -60.81843826956581 37.3079087778041 34.5
      vertex -60.81843826956581 37.3079087778041 36
    endloop
  endfacet
  facet normal -0.7798844830928873 -0.6259234721840522 -1.2884390894369308e-17
    outer loop
      vertex -60.81843826956581 37.3079087778041 34.5
      vertex -60.39715320904266 36.782998471254295 34.5
      vertex -60.39715320904266 36.782998471254295 36
    endloop
  endfacet
  facet normal -0.4809887689193841 -0.8767267557075096 0
    outer loop
      vertex -61.40852939213022 37.63164385346455 34.5
      vertex -60.81843826956581 37.3079087778041 36
      vertex -61.40852939213022 37.63164385346455 36
    endloop
  endfacet
  facet normal -0.9600498543859283 -0.27982901403099353 6.3761927528705756e-18
    outer loop
      vertex -60.208811042066834 36.136825769663574 36
      vertex -60.39715320904266 36.782998471254295 36
      vertex -60.39715320904266 36.782998471254295 34.5
    endloop
  endfacet
  facet normal -0.7798844830928873 -0.6259234721840522 0
    outer loop
      vertex -60.81843826956581 37.3079087778041 34.5
      vertex -60.39715320904266 36.782998471254295 36
      vertex -60.81843826956581 37.3079087778041 36
    endloop
  endfacet
  facet normal 0.32143946530316087 0.9469301294951059 0
    outer loop
      vertex 36.85123913621666 -9.493893821528157 25.8
      vertex 36.85123913621666 -9.493893821528157 28
      vertex 37.48858145463707 -9.710242385869822 25.8
    endloop
  endfacet
  facet normal 0 0 1
    outer loop
      vertex 36.345204624214276 -9.050113465040043 25.8
      vertex 37.48858145463707 -9.710242385869822 25.8
      vertex 36.047517085868016 -8.446462852801849 25.8
    endloop
  endfacet
  facet normal 0 0 1
    outer loop
      vertex 36.85123913621666 -9.493893821528157 25.8
      vertex 37.48858145463707 -9.710242385869822 25.8
      vertex 36.345204624214276 -9.050113465040043 25.8
    endloop
  endfacet
  facet normal 0 0 1
    outer loop
      vertex 36.047517085868016 -8.446462852801849 25.8
      vertex 37.48858145463707 -9.710242385869822 25.8
      vertex 38.16020198901851 -9.666222050348644 25.8
    endloop
  endfacet
  facet normal 0 0 1
    outer loop
      vertex 36.003496750346834 -7.774842318420411 25.8
      vertex 36.047517085868016 -8.446462852801849 25.8
      vertex 38.16020198901851 -9.666222050348644 25.8
    endloop
  endfacet
  facet normal 0 0 1
    outer loop
      vertex 36.003496750346834 -7.774842318420411 25.8
      vertex 38.7638526012567 -9.36853451200238 25.8
      vertex 36.219845314688506 -7.1375 25.8
    endloop
  endfacet
  facet normal 0.6593458151000648 0.751839807478981 3.209669283167914e-18
    outer loop
      vertex 36.85123913621666 -9.493893821528157 25.8
      vertex 36.345204624214276 -9.050113465040043 25.8
      vertex 36.345204624214276 -9.050113465040043 28
    endloop
  endfacet
  facet normal 0.8968727415326895 0.4422886902189987 -2.9074876727245294e-15
    outer loop
      vertex 36.345204624214276 -9.050113465040043 25.8
      vertex 36.047517085868016 -8.446462852801849 25.8
      vertex 36.25558097654216 -8.868374685886424 28
    endloop
  endfacet
  facet normal 0.9978589232386035 0.06540312923014593 -5.836610735298695e-16
    outer loop
      vertex 36.003496750346834 -7.774842318420411 25.8
      vertex 36.00568567436477 -7.8082388453037295 28
      vertex 36.047517085868016 -8.446462852801849 25.8
    endloop
  endfacet
  facet normal 0.9469301294951031 -0.3214394653031692 -8.918531690946121e-18
    outer loop
      vertex 36.003496750346834 -7.774842318420411 25.8
      vertex 36.219845314688506 -7.1375 25.8
      vertex 36.219845314688506 -7.1375 28
    endloop
  endfacet
  facet normal 0.7518398074789784 -0.6593458151000677 6.702705757102591e-19
    outer loop
      vertex 36.219845314688506 -7.1375 25.8
      vertex 36.66362567117662 -6.63146548799762 25.8
      vertex 36.66362567117662 -6.63146548799762 28
    endloop
  endfacet
  facet normal 0.44228869021900397 -0.8968727415326869 4.137290260040909e-18
    outer loop
      vertex 36.66362567117662 -6.63146548799762 25.8
      vertex 37.26727628341481 -6.333777949651357 25.8
      vertex 37.26727628341481 -6.333777949651357 28
    endloop
  endfacet
  facet normal -0.0654031292301405 0.9978589232386036 0
    outer loop
      vertex 37.48858145463707 -9.710242385869822 25.8
      vertex 37.48858145463707 -9.710242385869822 28
      vertex 38.16020198901851 -9.666222050348644 25.8
    endloop
  endfacet
  facet normal -0.4422886902190051 0.8968727415326864 0
    outer loop
      vertex 38.16020198901851 -9.666222050348644 25.8
      vertex 38.16020198901851 -9.666222050348644 28
      vertex 38.7638526012567 -9.36853451200238 25.8
    endloop
  endfacet
  facet normal 0 0 1
    outer loop
      vertex 36.003496750346834 -7.774842318420411 25.8
      vertex 38.16020198901851 -9.666222050348644 25.8
      vertex 38.7638526012567 -9.36853451200238 25.8
    endloop
  endfacet
  facet normal 0 0 1
    outer loop
      vertex 36.219845314688506 -7.1375 25.8
      vertex 38.7638526012567 -9.36853451200238 25.8
      vertex 39.20763295774481 -8.8625 25.8
    endloop
  endfacet
  facet normal 0 0 1
    outer loop
      vertex 36.219845314688506 -7.1375 25.8
      vertex 39.20763295774481 -8.8625 25.8
      vertex 36.66362567117662 -6.63146548799762 25.8
    endloop
  endfacet
  facet normal 0 0 1
    outer loop
      vertex 36.66362567117662 -6.63146548799762 25.8
      vertex 39.20763295774481 -8.8625 25.8
      vertex 39.423981522086486 -8.225157681579589 25.8
    endloop
  endfacet
  facet normal 0 0 1
    outer loop
      vertex 36.66362567117662 -6.63146548799762 25.8
      vertex 39.423981522086486 -8.225157681579589 25.8
      vertex 37.26727628341481 -6.333777949651357 25.8
    endloop
  endfacet
  facet normal 0 0 1
    outer loop
      vertex 37.26727628341481 -6.333777949651357 25.8
      vertex 39.3799611865653 -7.553537147198152 25.8
      vertex 37.93889681779625 -6.289757614130178 25.8
    endloop
  endfacet
  facet normal 0 0 1
    outer loop
      vertex 38.57623913621666 -6.5061061784718435 25.8
      vertex 37.93889681779625 -6.289757614130178 25.8
      vertex 39.082273648219044 -6.9498865349599575 25.8
    endloop
  endfacet
  facet normal 0 0 1
    outer loop
      vertex 37.26727628341481 -6.333777949651357 25.8
      vertex 39.423981522086486 -8.225157681579589 25.8
      vertex 39.3799611865653 -7.553537147198152 25.8
    endloop
  endfacet
  facet normal 0 0 1
    outer loop
      vertex 39.3799611865653 -7.553537147198152 25.8
      vertex 39.082273648219044 -6.9498865349599575 25.8
      vertex 37.93889681779625 -6.289757614130178 25.8
    endloop
  endfacet
  facet normal -0.7518398074789778 0.6593458151000684 0
    outer loop
      vertex 38.7638526012567 -9.36853451200238 25.8
      vertex 38.7638526012567 -9.36853451200238 28
      vertex 39.20763295774481 -8.8625 25.8
    endloop
  endfacet
  facet normal -0.9469301294951032 0.32143946530316875 0
    outer loop
      vertex 39.20763295774481 -8.8625 25.8
      vertex 39.20763295774481 -8.8625 28
      vertex 39.423981522086486 -8.225157681579589 25.8
    endloop
  endfacet
  facet normal -0.9978589232386033 -0.06540312923014602 0
    outer loop
      vertex 39.423981522086486 -8.225157681579589 25.8
      vertex 39.423981522086486 -8.225157681579589 28
      vertex 39.3799611865653 -7.553537147198152 25.8
    endloop
  endfacet
  facet normal -0.3214394653031621 -0.9469301294951055 0
    outer loop
      vertex 38.57623913621666 -6.5061061784718435 25.8
      vertex 38.57623913621666 -6.5061061784718435 28
      vertex 37.93889681779625 -6.289757614130178 25.8
    endloop
  endfacet
  facet normal 0.0654031292301418 -0.9978589232386036 8.4923512552952815e-19
    outer loop
      vertex 37.26727628341481 -6.333777949651357 25.8
      vertex 37.93889681779625 -6.289757614130178 25.8
      vertex 37.93889681779625 -6.289757614130178 28
    endloop
  endfacet
  facet normal -0.8968727415326895 -0.4422886902189987 0
    outer loop
      vertex 39.3799611865653 -7.553537147198152 25.8
      vertex 39.3799611865653 -7.553537147198152 28
      vertex 39.082273648219044 -6.9498865349599575 25.8
    endloop
  endfacet
  facet normal -0.6593458151000648 -0.751839807478981 3.209669283167914e-18
    outer loop
      vertex 38.57623913621666 -6.5061061784718435 25.8
      vertex 39.082273648219044 -6.9498865349599575 25.8
      vertex 39.082273648219044 -6.9498865349599575 28
    endloop
  endfacet
  facet normal 0.32143946530316087 0.9469301294951059 0
    outer loop
      vertex 37.48858145463707 -9.710242385869822 25.8
      vertex 36.85123913621666 -9.493893821528157 28
      vertex 37.48858145463707 -9.710242385869822 28
    endloop
  endfacet
  facet normal 0.9978589232386009 0.06540312923018422 0
    outer loop
      vertex 36.003496750346834 -7.774842318420411 25.8
      vertex 36.003496750346834 -7.774842318420411 28
      vertex 36.00568567436477 -7.8082388453037295 28
    endloop
  endfacet
  facet normal 0.8968727415327035 0.4422886902189705 0
    outer loop
      vertex 36.345204624214276 -9.050113465040043 25.8
      vertex 36.25558097654216 -8.868374685886424 28
      vertex 36.345204624214276 -9.050113465040043 28
    endloop
  endfacet
  facet normal 0.8968727415326834 0.4422886902190109 0
    outer loop
      vertex 36.047517085868016 -8.446462852801849 25.8
      vertex 36.047517085868016 -8.446462852801849 28
      vertex 36.25558097654216 -8.868374685886424 28
    endloop
  endfacet
  facet normal 0.6593458151000648 0.751839807478981 0
    outer loop
      vertex 36.85123913621666 -9.493893821528157 25.8
      vertex 36.345204624214276 -9.050113465040043 28
      vertex 36.85123913621666 -9.493893821528157 28
    endloop
  endfacet
  facet normal 0.9978589232386035 0.06540312923014392 0
    outer loop
      vertex 36.047517085868016 -8.446462852801849 25.8
      vertex 36.00568567436477 -7.8082388453037295 28
      vertex 36.047517085868016 -8.446462852801849 28
    endloop
  endfacet
  facet normal 0.9469301294951031 -0.3214394653031692 0
    outer loop
      vertex 36.003496750346834 -7.774842318420411 25.8
      vertex 36.219845314688506 -7.1375 28
      vertex 36.003496750346834 -7.774842318420411 28
    endloop
  endfacet
  facet normal 0.7518398074789784 -0.6593458151000677 0
    outer loop
      vertex 36.219845314688506 -7.1375 25.8
      vertex 36.66362567117662 -6.63146548799762 28
      vertex 36.219845314688506 -7.1375 28
    endloop
  endfacet
  facet normal 0.44228869021900397 -0.8968727415326869 0
    outer loop
      vertex 36.66362567117662 -6.63146548799762 25.8
      vertex 37.26727628341481 -6.333777949651357 28
      vertex 36.66362567117662 -6.63146548799762 28
    endloop
  endfacet
  facet normal -0.0654031292301405 0.9978589232386036 0
    outer loop
      vertex 38.16020198901851 -9.666222050348644 25.8
      vertex 37.48858145463707 -9.710242385869822 28
      vertex 38.16020198901851 -9.666222050348644 28
    endloop
  endfacet
  facet normal -0.4422886902190051 0.8968727415326864 0
    outer loop
      vertex 38.7638526012567 -9.36853451200238 25.8
      vertex 38.16020198901851 -9.666222050348644 28
      vertex 38.7638526012567 -9.36853451200238 28
    endloop
  endfacet
  facet normal -0.7518398074789756 0.659345815100071 1.0061705367895618e-15
    outer loop
      vertex 39.20763295774481 -8.8625 25.8
      vertex 38.7638526012567 -9.36853451200238 28
      vertex 39.20054785861847 -8.870579007163052 28
    endloop
  endfacet
  facet normal -0.7518398074788357 0.6593458151002305 0
    outer loop
      vertex 39.20763295774481 -8.8625 25.8
      vertex 39.20413139596366 -8.86649276597368 28
      vertex 39.20763295774481 -8.8625 28
    endloop
  endfacet
  facet normal -0.7518398074793808 0.6593458150996088 -1.995649302117076e-15
    outer loop
      vertex 39.20763295774481 -8.8625 25.8
      vertex 39.20054785861847 -8.870579007163052 28
      vertex 39.20413139596366 -8.86649276597368 28
    endloop
  endfacet
  facet normal -0.9469301294951032 0.32143946530316875 0
    outer loop
      vertex 39.423981522086486 -8.225157681579589 25.8
      vertex 39.20763295774481 -8.8625 28
      vertex 39.423981522086486 -8.225157681579589 28
    endloop
  endfacet
  facet normal -0.9978589232386033 -0.06540312923014602 0
    outer loop
      vertex 39.3799611865653 -7.553537147198152 25.8
      vertex 39.423981522086486 -8.225157681579589 28
      vertex 39.3799611865653 -7.553537147198152 28
    endloop
  endfacet
  facet normal -0.3214394653031621 -0.9469301294951055 0
    outer loop
      vertex 37.93889681779625 -6.289757614130178 25.8
      vertex 38.57623913621666 -6.5061061784718435 28
      vertex 37.93889681779625 -6.289757614130178 28
    endloop
  endfacet
  facet normal 0.0654031292301418 -0.9978589232386036 0
    outer loop
      vertex 37.26727628341481 -6.333777949651357 25.8
      vertex 37.93889681779625 -6.289757614130178 28
      vertex 37.26727628341481 -6.333777949651357 28
    endloop
  endfacet
  facet normal -0.8968727415326895 -0.4422886902189987 0
    outer loop
      vertex 39.082273648219044 -6.9498865349599575 25.8
      vertex 39.3799611865653 -7.553537147198152 28
      vertex 39.082273648219044 -6.9498865349599575 28
    endloop
  endfacet
  facet normal -0.6593458151000648 -0.751839807478981 0
    outer loop
      vertex 38.57623913621666 -6.5061061784718435 25.8
      vertex 39.082273648219044 -6.9498865349599575 28
      vertex 38.57623913621666 -6.5061061784718435 28
    endloop
  endfacet
  facet normal 0.32143946530316087 0.9469301294951058 0
    outer loop
      vertex 36.85123913621666 -9.493893821528157 34.5
      vertex 36.85123913621666 -9.493893821528157 36
      vertex 37.48858145463707 -9.710242385869822 34.5
    endloop
  endfacet
  facet normal 0.32143946530316087 0.9469301294951058 1.1131221691738705e-17
    outer loop
      vertex 36.85123913621666 -9.493893821528157 36
      vertex 37.48858145463707 -9.710242385869822 36
      vertex 37.48858145463707 -9.710242385869822 34.5
    endloop
  endfacet
  facet normal 0.6593458151000647 0.751839807478981 4.707514948646272e-18
    outer loop
      vertex 36.85123913621666 -9.493893821528157 34.5
      vertex 36.345204624214276 -9.050113465040043 34.5
      vertex 36.345204624214276 -9.050113465040043 36
    endloop
  endfacet
  facet normal 0.8968727415326895 0.44228869021899875 -1.0289294860795812e-17
    outer loop
      vertex 36.345204624214276 -9.050113465040043 34.5
      vertex 36.047517085868016 -8.446462852801849 34.5
      vertex 36.047517085868016 -8.446462852801849 36
    endloop
  endfacet
  facet normal 0.9978589232386034 0.06540312923014593 0
    outer loop
      vertex 36.003496750346834 -7.774842318420411 34.5
      vertex 36.003496750346834 -7.774842318420411 36
      vertex 36.047517085868016 -8.446462852801849 34.5
    endloop
  endfacet
  facet normal 0.8968727415326895 0.44228869021899875 0
    outer loop
      vertex 36.345204624214276 -9.050113465040043 34.5
      vertex 36.047517085868016 -8.446462852801849 36
      vertex 36.345204624214276 -9.050113465040043 36
    endloop
  endfacet
  facet normal 0.6593458151000647 0.751839807478981 0
    outer loop
      vertex 36.85123913621666 -9.493893821528157 34.5
      vertex 36.345204624214276 -9.050113465040043 36
      vertex 36.85123913621666 -9.493893821528157 36
    endloop
  endfacet
  facet normal 0.9978589232386034 0.06540312923014593 0
    outer loop
      vertex 36.047517085868016 -8.446462852801849 34.5
      vertex 36.003496750346834 -7.774842318420411 36
      vertex 36.047517085868016 -8.446462852801849 36
    endloop
  endfacet
  facet normal 0.9469301294951031 -0.32143946530316914 0
    outer loop
      vertex 36.003496750346834 -7.774842318420411 34.5
      vertex 36.219845314688506 -7.1375 36
      vertex 36.003496750346834 -7.774842318420411 36
    endloop
  endfacet
  facet normal 0.9469301294951031 -0.32143946530316914 -1.308051314672097e-17
    outer loop
      vertex 36.003496750346834 -7.774842318420411 34.5
      vertex 36.219845314688506 -7.1375 34.5
      vertex 36.219845314688506 -7.1375 36
    endloop
  endfacet
  facet normal 0.7518398074789783 -0.6593458151000677 9.83063511041713e-19
    outer loop
      vertex 36.219845314688506 -7.1375 34.5
      vertex 36.66362567117662 -6.63146548799762 34.5
      vertex 36.66362567117662 -6.63146548799762 36
    endloop
  endfacet
  facet normal 0.4422886902190041 -0.896872741532687 6.068025714726665e-18
    outer loop
      vertex 36.66362567117662 -6.63146548799762 34.5
      vertex 37.26727628341481 -6.333777949651357 34.5
      vertex 37.26727628341481 -6.333777949651357 36
    endloop
  endfacet
  facet normal 0.7518398074789783 -0.6593458151000677 0
    outer loop
      vertex 36.219845314688506 -7.1375 34.5
      vertex 36.66362567117662 -6.63146548799762 36
      vertex 36.219845314688506 -7.1375 36
    endloop
  endfacet
  facet normal 0.4422886902190041 -0.896872741532687 0
    outer loop
      vertex 36.66362567117662 -6.63146548799762 34.5
      vertex 37.26727628341481 -6.333777949651357 36
      vertex 36.66362567117662 -6.63146548799762 36
    endloop
  endfacet
  facet normal -0.06540312923014051 0.9978589232386038 0
    outer loop
      vertex 37.48858145463707 -9.710242385869822 34.5
      vertex 37.48858145463707 -9.710242385869822 36
      vertex 38.16020198901851 -9.666222050348644 34.5
    endloop
  endfacet
  facet normal -0.4422886902190051 0.8968727415326864 0
    outer loop
      vertex 38.16020198901851 -9.666222050348644 34.5
      vertex 38.16020198901851 -9.666222050348644 36
      vertex 38.7638526012567 -9.36853451200238 34.5
    endloop
  endfacet
  facet normal -0.06540312923014051 0.9978589232386038 0
    outer loop
      vertex 38.16020198901851 -9.666222050348644 34.5
      vertex 37.48858145463707 -9.710242385869822 36
      vertex 38.16020198901851 -9.666222050348644 36
    endloop
  endfacet
  facet normal -0.7518398074789778 0.6593458151000685 0
    outer loop
      vertex 38.7638526012567 -9.36853451200238 34.5
      vertex 38.7638526012567 -9.36853451200238 36
      vertex 39.20763295774481 -8.8625 34.5
    endloop
  endfacet
  facet normal -0.9469301294951031 0.32143946530316875 0
    outer loop
      vertex 39.20763295774481 -8.8625 34.5
      vertex 39.20763295774481 -8.8625 36
      vertex 39.423981522086486 -8.225157681579589 34.5
    endloop
  endfacet
  facet normal -0.9978589232386034 -0.06540312923014602 0
    outer loop
      vertex 39.423981522086486 -8.225157681579589 34.5
      vertex 39.423981522086486 -8.225157681579589 36
      vertex 39.3799611865653 -7.553537147198152 34.5
    endloop
  endfacet
  facet normal -0.4422886902190051 0.8968727415326864 -1.2713875946970916e-17
    outer loop
      vertex 38.16020198901851 -9.666222050348644 36
      vertex 38.7638526012567 -9.36853451200238 36
      vertex 38.7638526012567 -9.36853451200238 34.5
    endloop
  endfacet
  facet normal -0.7518398074789778 0.6593458151000685 0
    outer loop
      vertex 39.20763295774481 -8.8625 34.5
      vertex 38.7638526012567 -9.36853451200238 36
      vertex 39.20763295774481 -8.8625 36
    endloop
  endfacet
  facet normal -0.9469301294951031 0.32143946530316875 0
    outer loop
      vertex 39.423981522086486 -8.225157681579589 34.5
      vertex 39.20763295774481 -8.8625 36
      vertex 39.423981522086486 -8.225157681579589 36
    endloop
  endfacet
  facet normal -0.9978589232386034 -0.06540312923014602 0
    outer loop
      vertex 39.3799611865653 -7.553537147198152 34.5
      vertex 39.423981522086486 -8.225157681579589 36
      vertex 39.3799611865653 -7.553537147198152 36
    endloop
  endfacet
  facet normal -0.32143946530316203 -0.9469301294951054 0
    outer loop
      vertex 38.57623913621666 -6.5061061784718435 34.5
      vertex 38.57623913621666 -6.5061061784718435 36
      vertex 37.93889681779625 -6.289757614130178 34.5
    endloop
  endfacet
  facet normal 0.06540312923014181 -0.9978589232386036 1.245544850776641e-18
    outer loop
      vertex 37.26727628341481 -6.333777949651357 34.5
      vertex 37.93889681779625 -6.289757614130178 34.5
      vertex 37.93889681779625 -6.289757614130178 36
    endloop
  endfacet
  facet normal -0.8968727415326895 -0.44228869021899875 0
    outer loop
      vertex 39.3799611865653 -7.553537147198152 34.5
      vertex 39.3799611865653 -7.553537147198152 36
      vertex 39.082273648219044 -6.9498865349599575 34.5
    endloop
  endfacet
  facet normal -0.6593458151000647 -0.751839807478981 4.707514948646272e-18
    outer loop
      vertex 38.57623913621666 -6.5061061784718435 34.5
      vertex 39.082273648219044 -6.9498865349599575 34.5
      vertex 39.082273648219044 -6.9498865349599575 36
    endloop
  endfacet
  facet normal -0.32143946530316203 -0.9469301294951054 0
    outer loop
      vertex 37.93889681779625 -6.289757614130178 34.5
      vertex 38.57623913621666 -6.5061061784718435 36
      vertex 37.93889681779625 -6.289757614130178 36
    endloop
  endfacet
  facet normal 0.06540312923014181 -0.9978589232386036 0
    outer loop
      vertex 37.26727628341481 -6.333777949651357 34.5
      vertex 37.93889681779625 -6.289757614130178 36
      vertex 37.26727628341481 -6.333777949651357 36
    endloop
  endfacet
  facet normal -0.8968727415326895 -0.44228869021899875 0
    outer loop
      vertex 39.082273648219044 -6.9498865349599575 34.5
      vertex 39.3799611865653 -7.553537147198152 36
      vertex 39.082273648219044 -6.9498865349599575 36
    endloop
  endfacet
  facet normal -0.6593458151000647 -0.751839807478981 0
    outer loop
      vertex 38.57623913621666 -6.5061061784718435 34.5
      vertex 39.082273648219044 -6.9498865349599575 36
      vertex 38.57623913621666 -6.5061061784718435 36
    endloop
  endfacet
  facet normal 0.0654031292301405 0.9978589232386036 0
    outer loop
      vertex -38.16020198901851 -9.666222050348644 25.8
      vertex -38.16020198901851 -9.666222050348644 28
      vertex -37.48858145463707 -9.710242385869822 25.8
    endloop
  endfacet
  facet normal 0 0 1
    outer loop
      vertex -38.16020198901851 -9.666222050348644 25.8
      vertex -36.047517085868016 -8.446462852801849 25.8
      vertex -38.7638526012567 -9.36853451200238 25.8
    endloop
  endfacet
  facet normal 0 0 1
    outer loop
      vertex -38.7638526012567 -9.36853451200238 25.8
      vertex -36.003496750346834 -7.774842318420411 25.8
      vertex -39.20763295774481 -8.8625 25.8
    endloop
  endfacet
  facet normal 0 0 1
    outer loop
      vertex -39.20763295774481 -8.8625 25.8
      vertex -36.219845314688506 -7.1375 25.8
      vertex -39.423981522086486 -8.225157681579589 25.8
    endloop
  endfacet
  facet normal 0 0 1
    outer loop
      vertex -39.423981522086486 -8.225157681579589 25.8
      vertex -36.66362567117662 -6.63146548799762 25.8
      vertex -39.3799611865653 -7.553537147198152 25.8
    endloop
  endfacet
  facet normal 0 0 1
    outer loop
      vertex -39.3799611865653 -7.553537147198152 25.8
      vertex -37.26727628341481 -6.333777949651357 25.8
      vertex -39.082273648219044 -6.9498865349599575 25.8
    endloop
  endfacet
  facet normal 0 0 1
    outer loop
      vertex -39.082273648219044 -6.9498865349599575 25.8
      vertex -37.93889681779625 -6.289757614130178 25.8
      vertex -38.57623913621666 -6.5061061784718435 25.8
    endloop
  endfacet
  facet normal 0 0 1
    outer loop
      vertex -39.082273648219044 -6.9498865349599575 25.8
      vertex -37.26727628341481 -6.333777949651357 25.8
      vertex -37.93889681779625 -6.289757614130178 25.8
    endloop
  endfacet
  facet normal 0 0 1
    outer loop
      vertex -39.423981522086486 -8.225157681579589 25.8
      vertex -36.219845314688506 -7.1375 25.8
      vertex -36.66362567117662 -6.63146548799762 25.8
    endloop
  endfacet
  facet normal 0 0 1
    outer loop
      vertex -39.3799611865653 -7.553537147198152 25.8
      vertex -36.66362567117662 -6.63146548799762 25.8
      vertex -37.26727628341481 -6.333777949651357 25.8
    endloop
  endfacet
  facet normal 0.7518398074789778 0.6593458151000684 3.0968282306780462e-18
    outer loop
      vertex -38.7638526012567 -9.36853451200238 25.8
      vertex -39.20763295774481 -8.8625 25.8
      vertex -39.20763295774481 -8.8625 28
    endloop
  endfacet
  facet normal 0.9469301294951032 0.32143946530316875 -8.385484809269269e-18
    outer loop
      vertex -39.20763295774481 -8.8625 25.8
      vertex -39.423981522086486 -8.225157681579589 25.8
      vertex -39.423981522086486 -8.225157681579589 28
    endloop
  endfacet
  facet normal 0.9978589232386033 -0.06540312923014602 8.420951874621773e-19
    outer loop
      vertex -39.423981522086486 -8.225157681579589 25.8
      vertex -39.3799611865653 -7.553537147198152 25.8
      vertex -39.3799611865653 -7.553537147198152 28
    endloop
  endfacet
  facet normal 0.4422886902190051 0.8968727415326864 8.668551782025627e-18
    outer loop
      vertex -38.16020198901851 -9.666222050348644 25.8
      vertex -38.7638526012567 -9.36853451200238 25.8
      vertex -38.7638526012567 -9.36853451200238 28
    endloop
  endfacet
  facet normal 0.8968727415326895 -0.4422886902189987 7.015428314178965e-18
    outer loop
      vertex -39.3799611865653 -7.553537147198152 25.8
      vertex -39.082273648219044 -6.9498865349599575 25.8
      vertex -39.082273648219044 -6.9498865349599575 28
    endloop
  endfacet
  facet normal 0.6593458151000648 -0.751839807478981 -3.209669283167914e-18
    outer loop
      vertex -39.082273648219044 -6.9498865349599575 25.8
      vertex -38.57623913621666 -6.5061061784718435 25.8
      vertex -38.57623913621666 -6.5061061784718435 28
    endloop
  endfacet
  facet normal 0.3214394653031621 -0.9469301294951055 -1.8626967971650675e-19
    outer loop
      vertex -38.57623913621666 -6.5061061784718435 25.8
      vertex -37.93889681779625 -6.289757614130178 25.8
      vertex -37.93889681779625 -6.289757614130178 28
    endloop
  endfacet
  facet normal -0.0654031292301418 -0.9978589232386036 9.240005550362151e-17
    outer loop
      vertex -37.93889681779625 -6.289757614130178 25.8
      vertex -37.26727628341481 -6.333777949651357 25.8
      vertex -37.73669459436039 -6.303010648043104 28
    endloop
  endfacet
  facet normal -0.32143946530316087 0.9469301294951059 0
    outer loop
      vertex -37.48858145463707 -9.710242385869822 25.8
      vertex -37.48858145463707 -9.710242385869822 28
      vertex -36.85123913621666 -9.493893821528157 25.8
    endloop
  endfacet
  facet normal 0 0 1
    outer loop
      vertex -38.16020198901851 -9.666222050348644 25.8
      vertex -37.48858145463707 -9.710242385869822 25.8
      vertex -36.345204624214276 -9.050113465040043 25.8
    endloop
  endfacet
  facet normal 0 0 1
    outer loop
      vertex -37.48858145463707 -9.710242385869822 25.8
      vertex -36.85123913621666 -9.493893821528157 25.8
      vertex -36.345204624214276 -9.050113465040043 25.8
    endloop
  endfacet
  facet normal 0 0 1
    outer loop
      vertex -38.16020198901851 -9.666222050348644 25.8
      vertex -36.345204624214276 -9.050113465040043 25.8
      vertex -36.047517085868016 -8.446462852801849 25.8
    endloop
  endfacet
  facet normal 0 0 1
    outer loop
      vertex -38.7638526012567 -9.36853451200238 25.8
      vertex -36.047517085868016 -8.446462852801849 25.8
      vertex -36.003496750346834 -7.774842318420411 25.8
    endloop
  endfacet
  facet normal 0 0 1
    outer loop
      vertex -39.20763295774481 -8.8625 25.8
      vertex -36.003496750346834 -7.774842318420411 25.8
      vertex -36.219845314688506 -7.1375 25.8
    endloop
  endfacet
  facet normal -0.6593458151000648 0.751839807478981 0
    outer loop
      vertex -36.85123913621666 -9.493893821528157 25.8
      vertex -36.85123913621666 -9.493893821528157 28
      vertex -36.345204624214276 -9.050113465040043 25.8
    endloop
  endfacet
  facet normal -0.8968727415326895 0.4422886902189987 0
    outer loop
      vertex -36.345204624214276 -9.050113465040043 25.8
      vertex -36.345204624214276 -9.050113465040043 28
      vertex -36.047517085868016 -8.446462852801849 25.8
    endloop
  endfacet
  facet normal -0.9978589232386035 0.06540312923014593 0
    outer loop
      vertex -36.047517085868016 -8.446462852801849 25.8
      vertex -36.047517085868016 -8.446462852801849 28
      vertex -36.003496750346834 -7.774842318420411 25.8
    endloop
  endfacet
  facet normal -0.9469301294951031 -0.3214394653031692 0
    outer loop
      vertex -36.003496750346834 -7.774842318420411 25.8
      vertex -36.003496750346834 -7.774842318420411 28
      vertex -36.219845314688506 -7.1375 25.8
    endloop
  endfacet
  facet normal -0.44228869021900397 -0.8968727415326869 8.66440161168729e-16
    outer loop
      vertex -36.66362567117662 -6.63146548799762 25.8
      vertex -36.693642373864705 -6.616662888362446 28
      vertex -37.26727628341481 -6.333777949651357 25.8
    endloop
  endfacet
  facet normal -0.7518398074789784 -0.6593458151000677 0
    outer loop
      vertex -36.219845314688506 -7.1375 25.8
      vertex -36.219845314688506 -7.1375 28
      vertex -36.66362567117662 -6.63146548799762 25.8
    endloop
  endfacet
  facet normal 0.4422886902190051 0.8968727415326864 0
    outer loop
      vertex -38.16020198901851 -9.666222050348644 25.8
      vertex -38.7638526012567 -9.36853451200238 28
      vertex -38.16020198901851 -9.666222050348644 28
    endloop
  endfacet
  facet normal 0.0654031292301405 0.9978589232386036 0
    outer loop
      vertex -37.48858145463707 -9.710242385869822 25.8
      vertex -38.16020198901851 -9.666222050348644 28
      vertex -37.48858145463707 -9.710242385869822 28
    endloop
  endfacet
  facet normal 0.7518398074789778 0.6593458151000684 0
    outer loop
      vertex -38.7638526012567 -9.36853451200238 25.8
      vertex -39.20763295774481 -8.8625 28
      vertex -38.7638526012567 -9.36853451200238 28
    endloop
  endfacet
  facet normal 0.9469301294948544 0.3214394653039014 0
    outer loop
      vertex -39.20763295774481 -8.8625 25.8
      vertex -39.209340013618814 -8.857471175557757 28
      vertex -39.20763295774481 -8.8625 28
    endloop
  endfacet
  facet normal 0.9469301294953698 0.32143946530238354 3.869511040847127e-15
    outer loop
      vertex -39.20763295774481 -8.8625 25.8
      vertex -39.2110870336222 -8.852324620586728 28
      vertex -39.209340013618814 -8.857471175557757 28
    endloop
  endfacet
  facet normal 0.946930129495103 0.3214394653031693 -1.8369919520911118e-16
    outer loop
      vertex -39.20763295774481 -8.8625 25.8
      vertex -39.423981522086486 -8.225157681579589 28
      vertex -39.2110870336222 -8.852324620586728 28
    endloop
  endfacet
  facet normal 0.9978589232386033 -0.06540312923014602 0
    outer loop
      vertex -39.423981522086486 -8.225157681579589 25.8
      vertex -39.3799611865653 -7.553537147198152 28
      vertex -39.423981522086486 -8.225157681579589 28
    endloop
  endfacet
  facet normal 0.8968727415326895 -0.4422886902189987 0
    outer loop
      vertex -39.3799611865653 -7.553537147198152 25.8
      vertex -39.082273648219044 -6.9498865349599575 28
      vertex -39.3799611865653 -7.553537147198152 28
    endloop
  endfacet
  facet normal 0.6593458151000648 -0.751839807478981 0
    outer loop
      vertex -39.082273648219044 -6.9498865349599575 25.8
      vertex -38.57623913621666 -6.5061061784718435 28
      vertex -39.082273648219044 -6.9498865349599575 28
    endloop
  endfacet
  facet normal 0.3214394653031621 -0.9469301294951055 0
    outer loop
      vertex -38.57623913621666 -6.5061061784718435 25.8
      vertex -37.93889681779625 -6.289757614130178 28
      vertex -38.57623913621666 -6.5061061784718435 28
    endloop
  endfacet
  facet normal -0.0654031292301408 -0.9978589232386036 0
    outer loop
      vertex -37.93889681779625 -6.289757614130178 25.8
      vertex -37.73669459436039 -6.303010648043104 28
      vertex -37.93889681779625 -6.289757614130178 28
    endloop
  endfacet
  facet normal -0.06540312923014224 -0.9978589232386036 0
    outer loop
      vertex -37.26727628341481 -6.333777949651357 25.8
      vertex -37.26727628341481 -6.333777949651357 28
      vertex -37.73669459436039 -6.303010648043104 28
    endloop
  endfacet
  facet normal -0.32143946530316087 0.9469301294951059 0
    outer loop
      vertex -36.85123913621666 -9.493893821528157 25.8
      vertex -37.48858145463707 -9.710242385869822 28
      vertex -36.85123913621666 -9.493893821528157 28
    endloop
  endfacet
  facet normal -0.6593458151000648 0.751839807478981 0
    outer loop
      vertex -36.345204624214276 -9.050113465040043 25.8
      vertex -36.85123913621666 -9.493893821528157 28
      vertex -36.345204624214276 -9.050113465040043 28
    endloop
  endfacet
  facet normal -0.8968727415326895 0.4422886902189987 0
    outer loop
      vertex -36.047517085868016 -8.446462852801849 25.8
      vertex -36.345204624214276 -9.050113465040043 28
      vertex -36.047517085868016 -8.446462852801849 28
    endloop
  endfacet
  facet normal -0.9978589232386035 0.06540312923014593 0
    outer loop
      vertex -36.003496750346834 -7.774842318420411 25.8
      vertex -36.047517085868016 -8.446462852801849 28
      vertex -36.003496750346834 -7.774842318420411 28
    endloop
  endfacet
  facet normal -0.4422886902190014 -0.8968727415326884 0
    outer loop
      vertex -37.26727628341481 -6.333777949651357 25.8
      vertex -36.693642373864705 -6.616662888362446 28
      vertex -37.26727628341481 -6.333777949651357 28
    endloop
  endfacet
  facet normal -0.9469301294951031 -0.3214394653031692 0
    outer loop
      vertex -36.219845314688506 -7.1375 25.8
      vertex -36.003496750346834 -7.774842318420411 28
      vertex -36.219845314688506 -7.1375 28
    endloop
  endfacet
  facet normal -0.7518398074789784 -0.6593458151000677 0
    outer loop
      vertex -36.66362567117662 -6.63146548799762 25.8
      vertex -36.219845314688506 -7.1375 28
      vertex -36.66362567117662 -6.63146548799762 28
    endloop
  endfacet
  facet normal -0.44228869021905515 -0.8968727415326618 0
    outer loop
      vertex -36.66362567117662 -6.63146548799762 25.8
      vertex -36.66362567117662 -6.63146548799762 28
      vertex -36.693642373864705 -6.616662888362446 28
    endloop
  endfacet
  facet normal 0.06540312923014051 0.9978589232386038 0
    outer loop
      vertex -38.16020198901851 -9.666222050348644 34.5
      vertex -38.16020198901851 -9.666222050348644 36
      vertex -37.48858145463707 -9.710242385869822 34.5
    endloop
  endfacet
  facet normal 0.4422886902190051 0.8968727415326864 0
    outer loop
      vertex -38.16020198901851 -9.666222050348644 34.5
      vertex -38.7638526012567 -9.36853451200238 36
      vertex -38.16020198901851 -9.666222050348644 36
    endloop
  endfacet
  facet normal 0.06540312923014051 0.9978589232386038 0
    outer loop
      vertex -37.48858145463707 -9.710242385869822 34.5
      vertex -38.16020198901851 -9.666222050348644 36
      vertex -37.48858145463707 -9.710242385869822 36
    endloop
  endfacet
  facet normal 0.7518398074789778 0.6593458151000685 4.5420147383278e-18
    outer loop
      vertex -38.7638526012567 -9.36853451200238 34.5
      vertex -39.20763295774481 -8.8625 34.5
      vertex -39.20763295774481 -8.8625 36
    endloop
  endfacet
  facet normal 0.9469301294951031 0.32143946530316875 -1.2298711053594923e-17
    outer loop
      vertex -39.20763295774481 -8.8625 34.5
      vertex -39.423981522086486 -8.225157681579589 34.5
      vertex -39.423981522086486 -8.225157681579589 36
    endloop
  endfacet
  facet normal 0.9978589232386034 -0.06540312923014602 1.235072941611193e-18
    outer loop
      vertex -39.423981522086486 -8.225157681579589 34.5
      vertex -39.3799611865653 -7.553537147198152 34.5
      vertex -39.3799611865653 -7.553537147198152 36
    endloop
  endfacet
  facet normal 0.4422886902190051 0.8968727415326864 1.2713875946970916e-17
    outer loop
      vertex -38.16020198901851 -9.666222050348644 34.5
      vertex -38.7638526012567 -9.36853451200238 34.5
      vertex -38.7638526012567 -9.36853451200238 36
    endloop
  endfacet
  facet normal 0.7518398074789778 0.6593458151000685 0
    outer loop
      vertex -38.7638526012567 -9.36853451200238 34.5
      vertex -39.20763295774481 -8.8625 36
      vertex -38.7638526012567 -9.36853451200238 36
    endloop
  endfacet
  facet normal 0.9469301294951031 0.32143946530316875 0
    outer loop
      vertex -39.20763295774481 -8.8625 34.5
      vertex -39.423981522086486 -8.225157681579589 36
      vertex -39.20763295774481 -8.8625 36
    endloop
  endfacet
  facet normal 0.9978589232386034 -0.06540312923014602 0
    outer loop
      vertex -39.423981522086486 -8.225157681579589 34.5
      vertex -39.3799611865653 -7.553537147198152 36
      vertex -39.423981522086486 -8.225157681579589 36
    endloop
  endfacet
  facet normal 0.8968727415326895 -0.44228869021899875 1.0289294860795812e-17
    outer loop
      vertex -39.3799611865653 -7.553537147198152 34.5
      vertex -39.082273648219044 -6.9498865349599575 34.5
      vertex -39.082273648219044 -6.9498865349599575 36
    endloop
  endfacet
  facet normal 0.6593458151000647 -0.751839807478981 -4.707514948646272e-18
    outer loop
      vertex -39.082273648219044 -6.9498865349599575 34.5
      vertex -38.57623913621666 -6.5061061784718435 34.5
      vertex -38.57623913621666 -6.5061061784718435 36
    endloop
  endfacet
  facet normal 0.32143946530316203 -0.9469301294951054 -2.7319553025087645e-19
    outer loop
      vertex -38.57623913621666 -6.5061061784718435 34.5
      vertex -37.93889681779625 -6.289757614130178 34.5
      vertex -37.93889681779625 -6.289757614130178 36
    endloop
  endfacet
  facet normal -0.06540312923014181 -0.9978589232386036 -1.245544850776641e-18
    outer loop
      vertex -37.93889681779625 -6.289757614130178 34.5
      vertex -37.26727628341481 -6.333777949651357 34.5
      vertex -37.26727628341481 -6.333777949651357 36
    endloop
  endfacet
  facet normal 0.8968727415326895 -0.44228869021899875 0
    outer loop
      vertex -39.3799611865653 -7.553537147198152 34.5
      vertex -39.082273648219044 -6.9498865349599575 36
      vertex -39.3799611865653 -7.553537147198152 36
    endloop
  endfacet
  facet normal 0.6593458151000647 -0.751839807478981 0
    outer loop
      vertex -39.082273648219044 -6.9498865349599575 34.5
      vertex -38.57623913621666 -6.5061061784718435 36
      vertex -39.082273648219044 -6.9498865349599575 36
    endloop
  endfacet
  facet normal 0.32143946530316203 -0.9469301294951054 0
    outer loop
      vertex -38.57623913621666 -6.5061061784718435 34.5
      vertex -37.93889681779625 -6.289757614130178 36
      vertex -38.57623913621666 -6.5061061784718435 36
    endloop
  endfacet
  facet normal -0.06540312923014181 -0.9978589232386036 0
    outer loop
      vertex -37.93889681779625 -6.289757614130178 34.5
      vertex -37.26727628341481 -6.333777949651357 36
      vertex -37.93889681779625 -6.289757614130178 36
    endloop
  endfacet
  facet normal -0.32143946530316087 0.9469301294951058 0
    outer loop
      vertex -37.48858145463707 -9.710242385869822 34.5
      vertex -37.48858145463707 -9.710242385869822 36
      vertex -36.85123913621666 -9.493893821528157 34.5
    endloop
  endfacet
  facet normal -0.32143946530316087 0.9469301294951058 -1.1131221691738705e-17
    outer loop
      vertex -37.48858145463707 -9.710242385869822 36
      vertex -36.85123913621666 -9.493893821528157 36
      vertex -36.85123913621666 -9.493893821528157 34.5
    endloop
  endfacet
  facet normal -0.6593458151000647 0.751839807478981 0
    outer loop
      vertex -36.85123913621666 -9.493893821528157 34.5
      vertex -36.85123913621666 -9.493893821528157 36
      vertex -36.345204624214276 -9.050113465040043 34.5
    endloop
  endfacet
  facet normal -0.8968727415326895 0.44228869021899875 0
    outer loop
      vertex -36.345204624214276 -9.050113465040043 34.5
      vertex -36.345204624214276 -9.050113465040043 36
      vertex -36.047517085868016 -8.446462852801849 34.5
    endloop
  endfacet
  facet normal -0.9978589232386034 0.06540312923014593 0
    outer loop
      vertex -36.047517085868016 -8.446462852801849 34.5
      vertex -36.047517085868016 -8.446462852801849 36
      vertex -36.003496750346834 -7.774842318420411 34.5
    endloop
  endfacet
  facet normal -0.9469301294951031 -0.32143946530316914 0
    outer loop
      vertex -36.003496750346834 -7.774842318420411 34.5
      vertex -36.003496750346834 -7.774842318420411 36
      vertex -36.219845314688506 -7.1375 34.5
    endloop
  endfacet
  facet normal -0.6593458151000647 0.751839807478981 -4.707514948646272e-18
    outer loop
      vertex -36.85123913621666 -9.493893821528157 36
      vertex -36.345204624214276 -9.050113465040043 36
      vertex -36.345204624214276 -9.050113465040043 34.5
    endloop
  endfacet
  facet normal -0.8968727415326895 0.44228869021899875 0
    outer loop
      vertex -36.047517085868016 -8.446462852801849 34.5
      vertex -36.345204624214276 -9.050113465040043 36
      vertex -36.047517085868016 -8.446462852801849 36
    endloop
  endfacet
  facet normal -0.9978589232386034 0.06540312923014593 0
    outer loop
      vertex -36.003496750346834 -7.774842318420411 34.5
      vertex -36.047517085868016 -8.446462852801849 36
      vertex -36.003496750346834 -7.774842318420411 36
    endloop
  endfacet
  facet normal -0.4422886902190041 -0.896872741532687 0
    outer loop
      vertex -36.66362567117662 -6.63146548799762 34.5
      vertex -36.66362567117662 -6.63146548799762 36
      vertex -37.26727628341481 -6.333777949651357 34.5
    endloop
  endfacet
  facet normal -0.7518398074789783 -0.6593458151000677 0
    outer loop
      vertex -36.219845314688506 -7.1375 34.5
      vertex -36.219845314688506 -7.1375 36
      vertex -36.66362567117662 -6.63146548799762 34.5
    endloop
  endfacet
  facet normal -0.4422886902190041 -0.896872741532687 0
    outer loop
      vertex -37.26727628341481 -6.333777949651357 34.5
      vertex -36.66362567117662 -6.63146548799762 36
      vertex -37.26727628341481 -6.333777949651357 36
    endloop
  endfacet
  facet normal -0.9469301294951031 -0.32143946530316914 0
    outer loop
      vertex -36.219845314688506 -7.1375 34.5
      vertex -36.003496750346834 -7.774842318420411 36
      vertex -36.219845314688506 -7.1375 36
    endloop
  endfacet
  facet normal -0.7518398074789783 -0.6593458151000677 0
    outer loop
      vertex -36.66362567117662 -6.63146548799762 34.5
      vertex -36.219845314688506 -7.1375 36
      vertex -36.66362567117662 -6.63146548799762 36
    endloop
  endfacet
  facet normal 0.5000000000000008 -0.8660254037844382 1.9456114965888015e-17
    outer loop
      vertex -43.39077642176661 -17.05114169690806 36
      vertex -47.97085498914088 -19.69545129069124 17.6
      vertex -45.80951766099322 -18.447602602475598 17.6
    endloop
  endfacet
  facet normal -0.827153668328175 -0.48940357296395026 0.27622626910082726
    outer loop
      vertex -43.39077642176661 -17.05114169690806 36
      vertex -49.06660527330145 -8.781077628423436 33.656328075891764
      vertex -47.97085498914088 -19.69545129069124 17.6
    endloop
  endfacet
  facet normal 0.4999999999999996 -0.8660254037844388 2.0271689933490354e-16
    outer loop
      vertex -43.39077642176661 -17.05114169690806 36
      vertex -45.80951766099322 -18.447602602475598 17.6
      vertex -41.236843143355166 -15.807567738800723 36
    endloop
  endfacet
  facet normal -0.4997617937615071 0.8661628847802115 -0.00008078058370382596
    outer loop
      vertex -40.070722820346646 -3.5903936782582244 27
      vertex -49.666300112779766 -9.127761235340087 17.6
      vertex -50.89261034430618 -9.835322147709638 17.6
    endloop
  endfacet
  facet normal -0.42559549083153775 0.899846061537055 -0.09563233616362657
    outer loop
      vertex -40.070722820346646 -3.5903936782582244 27
      vertex -49.601781345899106 -9.097246131221592 17.6
      vertex -49.666300112779766 -9.127761235340087 17.6
    endloop
  endfacet
  facet normal -0.32935535424885315 0.9204865507428036 -0.2103082512152786
    outer loop
      vertex -39.62715629804211 -3.380602337443566 27
      vertex -49.53458225127319 -9.073201910697284 17.6
      vertex -49.601781345899106 -9.097246131221592 17.6
    endloop
  endfacet
  facet normal -0.23029385166224603 0.9193845918620716 -0.3188992225346112
    outer loop
      vertex -39.16516252248897 -3.215298321338956 27
      vertex -49.46534999291804 -9.055860132754724 17.6
      vertex -49.53458225127319 -9.073201910697284 17.6
    endloop
  endfacet
  facet normal -0.13335656283580846 0.8990169213073336 -0.41711461536573224
    outer loop
      vertex -38.6891907462973 -3.096073597983848 27
      vertex -49.39475131532781 -9.045387808195475 17.6
      vertex -49.46534999291804 -9.055860132754724 17.6
    endloop
  endfacet
  facet normal -0.042419691427136 0.8634726555071932 -0.5026087374594503
    outer loop
      vertex -38.20382483786446 -3.024076366639015 27
      vertex -49.32346612236086 -9.0418857912298 17.6
      vertex -49.39475131532781 -9.045387808195475 17.6
    endloop
  endfacet
  facet normal 0.040149044116103504 0.8172525676798086 -0.5748793741971643
    outer loop
      vertex -37.71373913621666 -3 27
      vertex -49.2521809293939 -9.045387808195475 17.6
      vertex -49.32346612236086 -9.0418857912298 17.6
    endloop
  endfacet
  facet normal 0.3561243066417911 0.4801780413051365 -0.8016261765107636
    outer loop
      vertex -34.935887971118646 -3.8426519384872737 27
      vertex -48.86208918842366 -9.206969097875081 17.6
      vertex -48.919415043801145 -9.164453345918858 17.6
    endloop
  endfacet
  facet normal 0.38614587598832634 0.4260463199837303 -0.8181539559798809
    outer loop
      vertex -34.54177271539843 -4.134947733186316 27
      vertex -48.80920664513428 -9.254899041275948 17.6
      vertex -48.86208918842366 -9.206969097875081 17.6
    endloop
  endfacet
  facet normal 0.4525356616953182 0.2712394372886554 -0.8494943452156195
    outer loop
      vertex -33.55639107470393 -5.222148834901989 27
      vertex -48.682068839198415 -9.42632452808362 17.6
      vertex -48.718760949777185 -9.365107439942816 17.6
    endloop
  endfacet
  facet normal 0.41185638715633266 0.37328487054160536 -0.8312837793336701
    outer loop
      vertex -34.17820523028392 -4.464466094067262 27
      vertex -48.761276701733415 -9.307781584565332 17.6
      vertex -48.80920664513428 -9.254899041275948 17.6
    endloop
  endfacet
  facet normal 0.43383104051142196 0.32175102818511137 -0.8415859457896149
    outer loop
      vertex -33.848686869402975 -4.828033579181772 27
      vertex -48.718760949777185 -9.365107439942816 17.6
      vertex -48.761276701733415 -9.307781584565332 17.6
    endloop
  endfacet
  facet normal 0.11338448481462536 0.764376107890176 -0.6347228720394342
    outer loop
      vertex -37.22365343456886 -3.024076366639015 27
      vertex -49.181582251803675 -9.055860132754724 17.6
      vertex -49.2521809293939 -9.045387808195475 17.6
    endloop
  endfacet
  facet normal 0.17733692720538005 0.7079686985300374 -0.6836168050531223
    outer loop
      vertex -36.73828752613602 -3.096073597983848 27
      vertex -49.112349993448525 -9.073201910697284 17.6
      vertex -49.181582251803675 -9.055860132754724 17.6
    endloop
  endfacet
  facet normal 0.2326525735539105 0.6502203841212831 -0.7232470062792608
    outer loop
      vertex -36.26231574994435 -3.215298321338956 27
      vertex -49.04515089882261 -9.09724613122159 17.6
      vertex -49.112349993448525 -9.073201910697284 17.6
    endloop
  endfacet
  facet normal 0.2802471577699206 0.5925328313123949 -0.7552260419098367
    outer loop
      vertex -35.80032197439121 -3.380602337443566 27
      vertex -48.98063213194195 -9.127761235340087 17.6
      vertex -49.04515089882261 -9.09724613122159 17.6
    endloop
  endfacet
  facet normal 0.321096931633104 0.5357178656519929 -0.7809629497723173
    outer loop
      vertex -35.356755452086674 -3.5903936782582244 27
      vertex -48.919415043801145 -9.164453345918858 17.6
      vertex -48.98063213194195 -9.127761235340087 17.6
    endloop
  endfacet
  facet normal -0.8271536683281757 -0.4894035729639497 0.2762262691008268
    outer loop
      vertex -49.06660527330145 -8.781077628423436 33.656328075891764
      vertex -53.063303321731965 -11.088572322554452 17.6
      vertex -47.97085498914088 -19.69545129069124 17.6
    endloop
  endfacet
  facet normal -0.5000000000000014 0.8660254037844379 2.907671804341839e-16
    outer loop
      vertex -48.36360434505292 -8.375199853258591 36
      vertex -50.89261034430618 -9.835322147709638 17.6
      vertex -53.063303321731965 -11.088572322554452 17.6
    endloop
  endfacet
  facet normal -0.4255954908315589 0.8998460615370474 -0.09563233616360649
    outer loop
      vertex -40.070722820346646 -3.5903936782582244 27
      vertex -39.62715629804211 -3.380602337443566 27
      vertex -49.601781345899106 -9.097246131221592 17.6
    endloop
  endfacet
  facet normal -0.4997617937615074 0.8661628847802114 -0.00008078058370345258
    outer loop
      vertex -46.21234585996951 -7.133170187799216 36
      vertex -40.070722820346646 -3.5903936782582244 27
      vertex -50.89261034430618 -9.835322147709638 17.6
    endloop
  endfacet
  facet normal -0.3293553542488449 0.9204865507428055 -0.21030825121528282
    outer loop
      vertex -39.62715629804211 -3.380602337443566 27
      vertex -39.16516252248897 -3.215298321338956 27
      vertex -49.53458225127319 -9.073201910697284 17.6
    endloop
  endfacet
  facet normal -0.4999999999999965 0.8660254037844407 -1.4723440442750663e-15
    outer loop
      vertex -49.06660527330145 -8.781077628423436 33.656328075891764
      vertex -48.36360434505292 -8.375199853258591 36
      vertex -53.063303321731965 -11.088572322554452 17.6
    endloop
  endfacet
  facet normal -0.5000000000000006 0.8660254037844383 9.746680301338592e-17
    outer loop
      vertex -48.36360434505292 -8.375199853258591 36
      vertex -46.21234585996951 -7.133170187799216 36
      vertex -50.89261034430618 -9.835322147709638 17.6
    endloop
  endfacet
  facet normal -0.8271536683281754 -0.4894035729639515 0.2762262691008243
    outer loop
      vertex -43.39077642176661 -17.05114169690806 36
      vertex -44.98289953232622 -14.36025314586258 36
      vertex -49.06660527330145 -8.781077628423436 33.656328075891764
    endloop
  endfacet
  facet normal 0 0 1
    outer loop
      vertex -43.39077642176661 -17.05114169690806 36
      vertex -48.36360434505292 -8.375199853258591 36
      vertex -44.98289953232622 -14.36025314586258 36
    endloop
  endfacet
  facet normal -0.8227477441153339 -0.4647355875056171 0.32727203250344794
    outer loop
      vertex -44.98289953232622 -14.36025314586258 36
      vertex -48.36360434505292 -8.375199853258591 36
      vertex -49.06660527330145 -8.781077628423436 33.656328075891764
    endloop
  endfacet
  facet normal 0 0 1
    outer loop
      vertex -43.39077642176661 -17.05114169690806 36
      vertex -39.62715629804211 -3.380602337443566 36
      vertex -48.36360434505292 -8.375199853258591 36
    endloop
  endfacet
  facet normal 0 0 1
    outer loop
      vertex -48.36360434505292 -8.375199853258591 36
      vertex -40.070722820346646 -3.5903936782582244 36
      vertex -46.21234585996951 -7.133170187799216 36
    endloop
  endfacet
  facet normal 0 0 1
    outer loop
      vertex -48.36360434505292 -8.375199853258591 36
      vertex -39.62715629804211 -3.380602337443566 36
      vertex -40.070722820346646 -3.5903936782582244 36
    endloop
  endfacet
  facet normal 0.5002473026308779 -0.8658825725780762 -0.00008195183710842472
    outer loop
      vertex -35.356755452086674 -12.409606321741776 27
      vertex -45.80951766099322 -18.447602602475598 17.6
      vertex -44.628903556818656 -17.765525101709127 17.6
    endloop
  endfacet
  facet normal 0.5140157872301613 -0.8575835310720893 -0.01839178382007605
    outer loop
      vertex -35.356755452086674 -12.409606321741776 27
      vertex -44.628903556818656 -17.765525101709127 17.6
      vertex -44.567686468677856 -17.728832991130353 17.6
    endloop
  endfacet
  facet normal 0.5903972713720957 -0.7960585673938436 -0.13312332340820443
    outer loop
      vertex -34.935887971118646 -12.157348061512726 27
      vertex -44.567686468677856 -17.728832991130353 17.6
      vertex -44.510360613300364 -17.68631723917413 17.6
    endloop
  endfacet
  facet normal 0.6509959401292162 -0.7182633348253227 -0.24556479344744095
    outer loop
      vertex -34.54177271539843 -11.865052266813684 27
      vertex -44.510360613300364 -17.68631723917413 17.6
      vertex -44.457478070010986 -17.638387295773267 17.6
    endloop
  endfacet
  facet normal 0.6939435923486382 -0.6289538103841601 -0.3505130454655194
    outer loop
      vertex -34.17820523028392 -11.535533905932738 27
      vertex -44.457478070010986 -17.638387295773267 17.6
      vertex -44.40954812661012 -17.58550475248388 17.6
    endloop
  endfacet
  facet normal 0.7195697476768185 -0.5336692964453332 -0.4443157213737357
    outer loop
      vertex -33.848686869402975 -11.171966420818228 27
      vertex -44.40954812661012 -17.58550475248388 17.6
      vertex -44.367032374653895 -17.528178897106397 17.6
    endloop
  endfacet
  facet normal 0.7298803961711346 -0.43747347381158197 -0.5252538119769287
    outer loop
      vertex -33.55639107470393 -10.77785116509801 27
      vertex -44.367032374653895 -17.528178897106397 17.6
      vertex -44.330340264075126 -17.466961808965593 17.6
    endloop
  endfacet
  facet normal 0.7277119315886482 -0.34418211063730714 -0.5932739833675222
    outer loop
      vertex -33.30413281447488 -10.356983684129988 27
      vertex -44.330340264075126 -17.466961808965593 17.6
      vertex -44.299825159956626 -17.402443042084933 17.6
    endloop
  endfacet
  facet normal 0.7159887725299648 -0.25618487920812166 -0.6494069488973416
    outer loop
      vertex -33.09434147366022 -9.91341716182545 27
      vertex -44.299825159956626 -17.402443042084933 17.6
      vertex -44.27578093943232 -17.33524394745902 17.6
    endloop
  endfacet
  facet normal 0.6972774460769401 -0.1746589078777851 -0.6951966837459448
    outer loop
      vertex -32.929037457555616 -9.451423386272312 27
      vertex -44.27578093943232 -17.33524394745902 17.6
      vertex -44.25843916148976 -17.26601168910387 17.6
    endloop
  endfacet
  facet normal 0.6736164196197832 -0.09992155682638412 -0.7322954333464164
    outer loop
      vertex -32.809812734200506 -8.975451610080642 27
      vertex -44.25843916148976 -17.26601168910387 17.6
      vertex -44.24796683693051 -17.19541301151364 17.6
    endloop
  endfacet
  facet normal 0.6465182015942499 -0.0317614025629587 -0.7622371207928477
    outer loop
      vertex -32.737815502855675 -8.490085701647804 27
      vertex -44.24796683693051 -17.19541301151364 17.6
      vertex -44.24446481996483 -17.124127818546686 17.6
    endloop
  endfacet
  facet normal 0.6170486642514512 0.030313657029138477 -0.7863409108923556
    outer loop
      vertex -32.71373913621666 -8 27
      vertex -44.24446481996483 -17.124127818546686 17.6
      vertex -44.24796683693051 -17.052842625579732 17.6
    endloop
  endfacet
  facet normal 0.5859248798420311 0.08691374567468892 -0.8056910301070114
    outer loop
      vertex -32.737815502855675 -7.509914298352197 27
      vertex -44.24796683693051 -17.052842625579732 17.6
      vertex -44.25843916148976 -16.982243947989502 17.6
    endloop
  endfacet
  facet normal 0.5140157872301185 -0.857583531072116 -0.01839178382002184
    outer loop
      vertex -35.356755452086674 -12.409606321741776 27
      vertex -44.567686468677856 -17.728832991130353 17.6
      vertex -34.935887971118646 -12.157348061512726 27
    endloop
  endfacet
  facet normal 0.5903972713721447 -0.7960585673937963 -0.13312332340827035
    outer loop
      vertex -34.935887971118646 -12.157348061512726 27
      vertex -44.510360613300364 -17.68631723917413 17.6
      vertex -34.54177271539843 -11.865052266813684 27
    endloop
  endfacet
  facet normal 0.6509959401292037 -0.7182633348253429 -0.24556479344741503
    outer loop
      vertex -34.54177271539843 -11.865052266813684 27
      vertex -44.457478070010986 -17.638387295773267 17.6
      vertex -34.17820523028392 -11.535533905932738 27
    endloop
  endfacet
  facet normal 0.5002473026308768 -0.8658825725780768 -0.00008195183710707309
    outer loop
      vertex -41.236843143355166 -15.807567738800723 36
      vertex -45.80951766099322 -18.447602602475598 17.6
      vertex -35.356755452086674 -12.409606321741776 27
    endloop
  endfacet
  facet normal 0 0 1
    outer loop
      vertex -43.39077642176661 -17.05114169690806 36
      vertex -41.236843143355166 -15.807567738800723 36
      vertex -35.356755452086674 -12.409606321741776 36
    endloop
  endfacet
  facet normal 0 0 1
    outer loop
      vertex -43.39077642176661 -17.05114169690806 36
      vertex -35.356755452086674 -12.409606321741776 36
      vertex -34.935887971118646 -12.157348061512726 36
    endloop
  endfacet
  facet normal 0.5536039092324395 0.13867056037366443 -0.8211535711230968
    outer loop
      vertex -32.809812734200506 -7.024548389919358 27
      vertex -44.25843916148976 -16.982243947989502 17.6
      vertex -44.27578093943232 -16.91301168963435 17.6
    endloop
  endfacet
  facet normal 0.5203535419149476 0.1861854744034143 -0.8334069597368049
    outer loop
      vertex -32.929037457555616 -6.548576613727688 27
      vertex -44.27578093943232 -16.91301168963435 17.6
      vertex -44.299825159956626 -16.84581259500844 17.6
    endloop
  endfacet
  facet normal 0.4863047520116667 0.23000501805012133 -0.8429741276235201
    outer loop
      vertex -33.09434147366022 -6.086582838174551 27
      vertex -44.299825159956626 -16.84581259500844 17.6
      vertex -44.330340264075126 -16.78129382812778 17.6
    endloop
  endfacet
  facet normal 0.4535030404858511 0.26832500037433515 -0.8499039277731346
    outer loop
      vertex -33.30413281447488 -5.643016315870012 27
      vertex -44.330340264075126 -16.78129382812778 17.6
      vertex -48.682068839198415 -9.42632452808362 17.6
    endloop
  endfacet
  facet normal 0.6939435923486366 -0.628953810384163 -0.3505130454655174
    outer loop
      vertex -34.17820523028392 -11.535533905932738 27
      vertex -44.40954812661012 -17.58550475248388 17.6
      vertex -33.848686869402975 -11.171966420818228 27
    endloop
  endfacet
  facet normal 0.28024715776991893 0.5925328313123974 -0.7552260419098352
    outer loop
      vertex -35.80032197439121 -3.380602337443566 27
      vertex -35.356755452086674 -3.5903936782582244 27
      vertex -48.98063213194195 -9.127761235340087 17.6
    endloop
  endfacet
  facet normal 0.433831040511439 0.3217510281850764 -0.8415859457896195
    outer loop
      vertex -33.848686869402975 -4.828033579181772 27
      vertex -33.55639107470393 -5.222148834901989 27
      vertex -48.718760949777185 -9.365107439942816 17.6
    endloop
  endfacet
  facet normal 0.321096931633108 0.5357178656519843 -0.7809629497723216
    outer loop
      vertex -35.356755452086674 -3.5903936782582244 27
      vertex -34.935887971118646 -3.8426519384872737 27
      vertex -48.919415043801145 -9.164453345918858 17.6
    endloop
  endfacet
  facet normal 0.356124306641791 0.48017804130513586 -0.8016261765107641
    outer loop
      vertex -34.935887971118646 -3.8426519384872737 27
      vertex -34.54177271539843 -4.134947733186316 27
      vertex -48.86208918842366 -9.206969097875081 17.6
    endloop
  endfacet
  facet normal 0.386145875988309 0.4260463199837612 -0.8181539559798731
    outer loop
      vertex -34.17820523028392 -4.464466094067262 27
      vertex -48.80920664513428 -9.254899041275948 17.6
      vertex -34.54177271539843 -4.134947733186316 27
    endloop
  endfacet
  facet normal 0.411856387156336 0.3732848705415984 -0.8312837793336715
    outer loop
      vertex -34.17820523028392 -4.464466094067262 27
      vertex -33.848686869402975 -4.828033579181772 27
      vertex -48.761276701733415 -9.307781584565332 17.6
    endloop
  endfacet
  facet normal 0.45253566169531373 0.27123943728865685 -0.8494943452156214
    outer loop
      vertex -33.30413281447488 -5.643016315870012 27
      vertex -48.682068839198415 -9.42632452808362 17.6
      vertex -33.55639107470393 -5.222148834901989 27
    endloop
  endfacet
  facet normal 0.7195697476768119 -0.5336692964453406 -0.44431572137373726
    outer loop
      vertex -33.848686869402975 -11.171966420818228 27
      vertex -44.367032374653895 -17.528178897106397 17.6
      vertex -33.55639107470393 -10.77785116509801 27
    endloop
  endfacet
  facet normal 0.7298803961711331 -0.4374734738116013 -0.5252538119769147
    outer loop
      vertex -33.55639107470393 -10.77785116509801 27
      vertex -44.330340264075126 -17.466961808965593 17.6
      vertex -33.30413281447488 -10.356983684129988 27
    endloop
  endfacet
  facet normal 0.7277119315886443 -0.3441821106372676 -0.5932739833675499
    outer loop
      vertex -33.30413281447488 -10.356983684129988 27
      vertex -44.299825159956626 -17.402443042084933 17.6
      vertex -33.09434147366022 -9.91341716182545 27
    endloop
  endfacet
  facet normal 0.715988772529969 -0.25618487920817945 -0.6494069488973141
    outer loop
      vertex -33.09434147366022 -9.91341716182545 27
      vertex -44.27578093943232 -17.33524394745902 17.6
      vertex -32.929037457555616 -9.451423386272312 27
    endloop
  endfacet
  facet normal 0.6972774460769376 -0.17465890787777216 -0.6951966837459506
    outer loop
      vertex -32.929037457555616 -9.451423386272312 27
      vertex -44.25843916148976 -17.26601168910387 17.6
      vertex -32.809812734200506 -8.975451610080642 27
    endloop
  endfacet
  facet normal 0.673616419619767 -0.0999215568263423 -0.7322954333464371
    outer loop
      vertex -32.809812734200506 -8.975451610080642 27
      vertex -44.24796683693051 -17.19541301151364 17.6
      vertex -32.737815502855675 -8.490085701647804 27
    endloop
  endfacet
  facet normal 0.6465182015942456 -0.03176140256294604 -0.7622371207928522
    outer loop
      vertex -32.737815502855675 -8.490085701647804 27
      vertex -44.24446481996483 -17.124127818546686 17.6
      vertex -32.71373913621666 -8 27
    endloop
  endfacet
  facet normal 0.6170486642514541 0.030313657029131105 -0.7863409108923537
    outer loop
      vertex -32.71373913621666 -8 27
      vertex -44.24796683693051 -17.052842625579732 17.6
      vertex -32.737815502855675 -7.509914298352197 27
    endloop
  endfacet
  facet normal 0.5203535419149328 0.18618547440343539 -0.8334069597368094
    outer loop
      vertex -32.929037457555616 -6.548576613727688 27
      vertex -44.299825159956626 -16.84581259500844 17.6
      vertex -33.09434147366022 -6.086582838174551 27
    endloop
  endfacet
  facet normal 0.486304752011686 0.23000501805009382 -0.8429741276235163
    outer loop
      vertex -33.09434147366022 -6.086582838174551 27
      vertex -44.330340264075126 -16.78129382812778 17.6
      vertex -33.30413281447488 -5.643016315870012 27
    endloop
  endfacet
  facet normal 0.5859248798420535 0.08691374567465693 -0.8056910301069985
    outer loop
      vertex -32.737815502855675 -7.509914298352197 27
      vertex -44.25843916148976 -16.982243947989502 17.6
      vertex -32.809812734200506 -7.024548389919358 27
    endloop
  endfacet
  facet normal 0.5536039092324433 0.13867056037366057 -0.8211535711230948
    outer loop
      vertex -32.809812734200506 -7.024548389919358 27
      vertex -44.27578093943232 -16.91301168963435 17.6
      vertex -32.929037457555616 -6.548576613727688 27
    endloop
  endfacet
  facet normal -0.2302938516622551 0.9193845918620718 -0.318899222534604
    outer loop
      vertex -39.16516252248897 -3.215298321338956 27
      vertex -38.6891907462973 -3.096073597983848 27
      vertex -49.46534999291804 -9.055860132754724 17.6
    endloop
  endfacet
  facet normal -0.1333565628358082 0.8990169213073306 -0.4171146153657386
    outer loop
      vertex -38.6891907462973 -3.096073597983848 27
      vertex -38.20382483786446 -3.024076366639015 27
      vertex -49.39475131532781 -9.045387808195475 17.6
    endloop
  endfacet
  facet normal -0.04241969142714451 0.8634726555071968 -0.5026087374594433
    outer loop
      vertex -38.20382483786446 -3.024076366639015 27
      vertex -37.71373913621666 -3 27
      vertex -49.32346612236086 -9.0418857912298 17.6
    endloop
  endfacet
  facet normal 0.04014904411611649 0.8172525676798013 -0.5748793741971738
    outer loop
      vertex -37.71373913621666 -3 27
      vertex -37.22365343456886 -3.024076366639015 27
      vertex -49.2521809293939 -9.045387808195475 17.6
    endloop
  endfacet
  facet normal 0.11338448481460897 0.7643761078901817 -0.6347228720394302
    outer loop
      vertex -37.22365343456886 -3.024076366639015 27
      vertex -36.73828752613602 -3.096073597983848 27
      vertex -49.181582251803675 -9.055860132754724 17.6
    endloop
  endfacet
  facet normal 0.177336927205383 0.707968698530032 -0.6836168050531274
    outer loop
      vertex -36.26231574994435 -3.215298321338956 27
      vertex -49.112349993448525 -9.073201910697284 17.6
      vertex -36.73828752613602 -3.096073597983848 27
    endloop
  endfacet
  facet normal 0.23265257355391616 0.6502203841212708 -0.7232470062792702
    outer loop
      vertex -36.26231574994435 -3.215298321338956 27
      vertex -35.80032197439121 -3.380602337443566 27
      vertex -49.04515089882261 -9.09724613122159 17.6
    endloop
  endfacet
  facet normal 0.9891765099647813 -0.14673047445535933 -5.278845928882779e-17
    outer loop
      vertex -32.809812734200506 -8.975451610080642 27
      vertex -32.737815502855675 -8.490085701647804 27
      vertex -32.754274305321054 -8.601041935118289 28
    endloop
  endfacet
  facet normal 0.9987954562051724 -0.04906767432741708 0
    outer loop
      vertex -32.737815502855675 -8.490085701647804 27
      vertex -32.71373913621666 -8 27
      vertex -32.737815502855675 -8.490085701647804 28
    endloop
  endfacet
  facet normal 0.9987954562051725 0.049067674327417175 0
    outer loop
      vertex -32.71373913621666 -8 27
      vertex -32.737815502855675 -7.509914298352197 27
      vertex -32.71373913621666 -8 28
    endloop
  endfacet
  facet normal 0.9891765099647815 -0.14673047445535883 0
    outer loop
      vertex -32.737815502855675 -8.490085701647804 27
      vertex -32.737815502855675 -8.490085701647804 28
      vertex -32.754274305321054 -8.601041935118289 28
    endloop
  endfacet
  facet normal 0.9987954562051724 -0.04906767432741708 0
    outer loop
      vertex -32.71373913621666 -8 27
      vertex -32.71373913621666 -8 28
      vertex -32.737815502855675 -8.490085701647804 28
    endloop
  endfacet
  facet normal 0.9987954562051725 0.049067674327417175 0
    outer loop
      vertex -32.737815502855675 -7.509914298352197 27
      vertex -32.737815502855675 -7.509914298352197 28
      vertex -32.71373913621666 -8 28
    endloop
  endfacet
  facet normal 0.8577286100002727 0.5141027441932207 0
    outer loop
      vertex -33.30413281447488 -5.643016315870012 27
      vertex -33.55639107470393 -5.222148834901989 27
      vertex -33.30413281447488 -5.643016315870012 28
    endloop
  endfacet
  facet normal 0.9891765099647813 0.14673047445535906 0
    outer loop
      vertex -32.737815502855675 -7.509914298352197 27
      vertex -32.809812734200506 -7.024548389919358 27
      vertex -32.737815502855675 -7.509914298352197 28
    endloop
  endfacet
  facet normal 0.970031253194543 0.24298017990326795 0
    outer loop
      vertex -32.809812734200506 -7.024548389919358 27
      vertex -32.929037457555616 -6.548576613727688 27
      vertex -32.809812734200506 -7.024548389919358 28
    endloop
  endfacet
  facet normal 0.9415440651830235 0.3368898533922127 0
    outer loop
      vertex -32.929037457555616 -6.548576613727688 27
      vertex -33.09434147366022 -6.086582838174551 27
      vertex -32.929037457555616 -6.548576613727688 28
    endloop
  endfacet
  facet normal 0.9039892931234413 0.42755509343028647 0
    outer loop
      vertex -33.09434147366022 -6.086582838174551 27
      vertex -33.30413281447488 -5.643016315870012 27
      vertex -33.09434147366022 -6.086582838174551 28
    endloop
  endfacet
  facet normal 0.8577286100002727 0.5141027441932207 -1.382105600433454e-17
    outer loop
      vertex -33.30413281447488 -5.643016315870012 28
      vertex -33.55639107470393 -5.222148834901989 27
      vertex -33.55639107470393 -5.222148834901989 28
    endloop
  endfacet
  facet normal 0.9891765099647813 0.14673047445535906 1.6432849158638213e-18
    outer loop
      vertex -32.737815502855675 -7.509914298352197 28
      vertex -32.809812734200506 -7.024548389919358 27
      vertex -32.809812734200506 -7.024548389919358 28
    endloop
  endfacet
  facet normal 0.970031253194543 0.24298017990326795 0
    outer loop
      vertex -32.929037457555616 -6.548576613727688 27
      vertex -32.929037457555616 -6.548576613727688 28
      vertex -32.809812734200506 -7.024548389919358 28
    endloop
  endfacet
  facet normal 0.9415440651830235 0.3368898533922127 0
    outer loop
      vertex -33.09434147366022 -6.086582838174551 27
      vertex -33.09434147366022 -6.086582838174551 28
      vertex -32.929037457555616 -6.548576613727688 28
    endloop
  endfacet
  facet normal 0.9039892931234413 0.42755509343028647 0
    outer loop
      vertex -33.30413281447488 -5.643016315870012 27
      vertex -33.30413281447488 -5.643016315870012 28
      vertex -33.09434147366022 -6.086582838174551 28
    endloop
  endfacet
  facet normal 0.5141027441932193 -0.8577286100002733 0
    outer loop
      vertex -35.356755452086674 -12.409606321741776 27
      vertex -34.935887971118646 -12.157348061512726 27
      vertex -35.356755452086674 -12.409606321741776 36
    endloop
  endfacet
  facet normal 0.5956993044924345 -0.803207531480644 0
    outer loop
      vertex -34.935887971118646 -12.157348061512726 27
      vertex -34.54177271539843 -11.865052266813684 27
      vertex -34.935887971118646 -12.157348061512726 36
    endloop
  endfacet
  facet normal 0.6715589548470197 -0.7409511253549579 0
    outer loop
      vertex -34.54177271539843 -11.865052266813684 27
      vertex -34.17820523028392 -11.535533905932738 27
      vertex -34.54177271539843 -11.865052266813684 36
    endloop
  endfacet
  facet normal 0.7409511253549597 -0.6715589548470179 0
    outer loop
      vertex -34.17820523028392 -11.535533905932738 27
      vertex -33.848686869402975 -11.171966420818228 27
      vertex -34.17820523028392 -11.535533905932738 36
    endloop
  endfacet
  facet normal 0.8032075314806437 -0.5956993044924351 7.62082239464111e-19
    outer loop
      vertex -33.848686869402975 -11.171966420818228 27
      vertex -33.55639107470393 -10.77785116509801 27
      vertex -33.55639107470393 -10.77785116509801 36
    endloop
  endfacet
  facet normal 0.8577286100002722 -0.5141027441932216 0
    outer loop
      vertex -33.55639107470393 -10.77785116509801 27
      vertex -33.30413281447488 -10.356983684129988 27
      vertex -33.55639107470393 -10.77785116509801 36
    endloop
  endfacet
  facet normal 0.903989293123441 -0.4275550934302872 -5.110300575027453e-19
    outer loop
      vertex -33.30413281447488 -10.356983684129988 27
      vertex -33.09434147366022 -9.91341716182545 27
      vertex -33.09434147366022 -9.91341716182545 36
    endloop
  endfacet
  facet normal 0.9415440651830237 -0.33688985339221217 1.3003415505028188e-18
    outer loop
      vertex -33.09434147366022 -9.91341716182545 27
      vertex -32.929037457555616 -9.451423386272312 27
      vertex -32.929037457555616 -9.451423386272312 36
    endloop
  endfacet
  facet normal 0.9700312531945431 -0.24298017990326798 0
    outer loop
      vertex -32.929037457555616 -9.451423386272312 27
      vertex -32.809812734200506 -8.975451610080642 27
      vertex -32.929037457555616 -9.451423386272312 36
    endloop
  endfacet
  facet normal 0.9891765099647813 -0.14673047445535947 0
    outer loop
      vertex -32.809812734200506 -8.975451610080642 27
      vertex -32.754274305321054 -8.601041935118289 28
      vertex -32.809812734200506 -8.975451610080642 36
    endloop
  endfacet
  facet normal 0.4275550934302841 0.9039892931234423 5.110171162927164e-18
    outer loop
      vertex -35.80032197439121 -3.380602337443566 27
      vertex -35.356755452086674 -3.5903936782582244 28
      vertex -35.356755452086674 -3.5903936782582244 27
    endloop
  endfacet
  facet normal 0.514102744193218 0.8577286100002742 -4.152869103412868e-18
    outer loop
      vertex -35.356755452086674 -3.5903936782582244 27
      vertex -34.935887971118646 -3.8426519384872737 28
      vertex -34.935887971118646 -3.8426519384872737 27
    endloop
  endfacet
  facet normal 0.4275550934302821 0.9039892931234433 1.09348261153305e-15
    outer loop
      vertex -35.80032197439121 -3.380602337443566 27
      vertex -35.75243590528493 -3.4032507613867335 28
      vertex -35.356755452086674 -3.5903936782582244 28
    endloop
  endfacet
  facet normal 0.5956993044924345 0.803207531480644 0
    outer loop
      vertex -34.935887971118646 -3.8426519384872737 27
      vertex -34.935887971118646 -3.8426519384872737 28
      vertex -34.54177271539843 -4.134947733186316 28
    endloop
  endfacet
  facet normal 0.514102744193218 0.8577286100002742 0
    outer loop
      vertex -35.356755452086674 -3.5903936782582244 27
      vertex -35.356755452086674 -3.5903936782582244 28
      vertex -34.935887971118646 -3.8426519384872737 28
    endloop
  endfacet
  facet normal 0.6715589548470197 0.740951125354958 0
    outer loop
      vertex -34.17820523028392 -4.464466094067262 27
      vertex -34.54177271539843 -4.134947733186316 27
      vertex -34.17820523028392 -4.464466094067262 28
    endloop
  endfacet
  facet normal 0.8032075314806429 0.5956993044924359 1.313535293076042e-17
    outer loop
      vertex -33.848686869402975 -4.828033579181772 27
      vertex -33.55639107470393 -5.222148834901989 28
      vertex -33.55639107470393 -5.222148834901989 27
    endloop
  endfacet
  facet normal 0.7409511253549595 0.6715589548470179 -3.512043723944493e-18
    outer loop
      vertex -34.17820523028392 -4.464466094067262 27
      vertex -33.848686869402975 -4.828033579181772 28
      vertex -33.848686869402975 -4.828033579181772 27
    endloop
  endfacet
  facet normal 0.5956993044924345 0.803207531480644 -1.0800975164325351e-17
    outer loop
      vertex -34.935887971118646 -3.8426519384872737 27
      vertex -34.54177271539843 -4.134947733186316 28
      vertex -34.54177271539843 -4.134947733186316 27
    endloop
  endfacet
  facet normal 0.7409511253549595 0.6715589548470179 0
    outer loop
      vertex -34.17820523028392 -4.464466094067262 27
      vertex -34.17820523028392 -4.464466094067262 28
      vertex -33.848686869402975 -4.828033579181772 28
    endloop
  endfacet
  facet normal 0.8032075314806429 0.5956993044924359 0
    outer loop
      vertex -33.848686869402975 -4.828033579181772 27
      vertex -33.848686869402975 -4.828033579181772 28
      vertex -33.55639107470393 -5.222148834901989 28
    endloop
  endfacet
  facet normal 0.6715589548470197 0.740951125354958 0
    outer loop
      vertex -34.54177271539843 -4.134947733186316 27
      vertex -34.54177271539843 -4.134947733186316 28
      vertex -34.17820523028392 -4.464466094067262 28
    endloop
  endfacet
  facet normal 0.4275550934303135 0.9039892931234286 -7.455295346004786e-16
    outer loop
      vertex -35.80032197439121 -3.380602337443566 27
      vertex -35.752435905284926 -3.4032507613867344 31
      vertex -35.75243590528493 -3.4032507613867335 28
    endloop
  endfacet
  facet normal -0.4275550934302841 0.9039892931234422 0
    outer loop
      vertex -40.070722820346646 -3.5903936782582244 27
      vertex -40.070722820346646 -3.5903936782582244 36
      vertex -39.62715629804211 -3.380602337443566 27
    endloop
  endfacet
  facet normal -0.33688985339221733 0.9415440651830217 0
    outer loop
      vertex -39.62715629804211 -3.380602337443566 27
      vertex -39.62715629804211 -3.380602337443566 36
      vertex -39.16516252248897 -3.215298321338956 27
    endloop
  endfacet
  facet normal -0.24298017990326456 0.9700312531945439 1.2799849236535182e-19
    outer loop
      vertex -39.16516252248897 -3.215298321338956 27
      vertex -38.6891907462973 -3.096073597983848 36
      vertex -38.6891907462973 -3.096073597983848 27
    endloop
  endfacet
  facet normal -0.14673047445536233 0.9891765099647808 0
    outer loop
      vertex -38.6891907462973 -3.096073597983848 27
      vertex -38.6891907462973 -3.096073597983848 36
      vertex -38.20382483786446 -3.024076366639015 27
    endloop
  endfacet
  facet normal -0.04906767432741743 0.9987954562051724 6.696542692260185e-21
    outer loop
      vertex -38.20382483786446 -3.024076366639015 27
      vertex -37.71373913621666 -3 36
      vertex -37.71373913621666 -3 27
    endloop
  endfacet
  facet normal 0.04906767432741743 0.9987954562051724 0
    outer loop
      vertex -37.71373913621666 -3 27
      vertex -37.71373913621666 -3 36
      vertex -37.22365343456886 -3.024076366639015 27
    endloop
  endfacet
  facet normal 0.33688985339221733 0.9415440651830217 4.930472485176228e-19
    outer loop
      vertex -36.26231574994435 -3.215298321338956 27
      vertex -35.80032197439121 -3.380602337443566 36
      vertex -35.80032197439121 -3.380602337443566 27
    endloop
  endfacet
  facet normal 0.14673047445536233 0.9891765099647808 -5.548408030708847e-19
    outer loop
      vertex -37.22365343456886 -3.024076366639015 27
      vertex -36.73828752613602 -3.096073597983848 36
      vertex -36.73828752613602 -3.096073597983848 27
    endloop
  endfacet
  facet normal 0.24298017990326456 0.9700312531945439 -1.2799849236535182e-19
    outer loop
      vertex -36.26231574994435 -3.215298321338956 27
      vertex -36.73828752613602 -3.096073597983848 27
      vertex -36.73828752613602 -3.096073597983848 36
    endloop
  endfacet
  facet normal 0.4275550934302626 0.9039892931234526 0
    outer loop
      vertex -35.80032197439121 -3.380602337443566 27
      vertex -35.80032197439121 -3.380602337443566 36
      vertex -35.752435905284926 -3.4032507613867344 31
    endloop
  endfacet
  facet normal 0.500341340392325 -0.8658282411046729 -2.293789960434844e-17
    outer loop
      vertex -41.236843143355166 -15.807567738800723 36
      vertex -35.356755452086674 -12.409606321741776 27
      vertex -35.356755452086674 -12.409606321741776 36
    endloop
  endfacet
  facet normal 0.5141027441932193 -0.8577286100002733 0
    outer loop
      vertex -34.935887971118646 -12.157348061512726 27
      vertex -34.935887971118646 -12.157348061512726 36
      vertex -35.356755452086674 -12.409606321741776 36
    endloop
  endfacet
  facet normal 0.5956993044924345 -0.803207531480644 0
    outer loop
      vertex -34.54177271539843 -11.865052266813684 27
      vertex -34.54177271539843 -11.865052266813684 36
      vertex -34.935887971118646 -12.157348061512726 36
    endloop
  endfacet
  facet normal 0.6715589548470197 -0.7409511253549579 0
    outer loop
      vertex -34.17820523028392 -11.535533905932738 27
      vertex -34.17820523028392 -11.535533905932738 36
      vertex -34.54177271539843 -11.865052266813684 36
    endloop
  endfacet
  facet normal 0.7409511253549597 -0.6715589548470179 0
    outer loop
      vertex -33.848686869402975 -11.171966420818228 27
      vertex -33.848686869402975 -11.171966420818228 36
      vertex -34.17820523028392 -11.535533905932738 36
    endloop
  endfacet
  facet normal 0.8032075314806437 -0.5956993044924351 0
    outer loop
      vertex -33.848686869402975 -11.171966420818228 27
      vertex -33.55639107470393 -10.77785116509801 36
      vertex -33.848686869402975 -11.171966420818228 36
    endloop
  endfacet
  facet normal 0.8577286100002722 -0.5141027441932216 0
    outer loop
      vertex -33.30413281447488 -10.356983684129988 27
      vertex -33.30413281447488 -10.356983684129988 36
      vertex -33.55639107470393 -10.77785116509801 36
    endloop
  endfacet
  facet normal 0.903989293123441 -0.4275550934302872 0
    outer loop
      vertex -33.30413281447488 -10.356983684129988 27
      vertex -33.09434147366022 -9.91341716182545 36
      vertex -33.30413281447488 -10.356983684129988 36
    endloop
  endfacet
  facet normal 0.9415440651830237 -0.33688985339221217 0
    outer loop
      vertex -33.09434147366022 -9.91341716182545 27
      vertex -32.929037457555616 -9.451423386272312 36
      vertex -33.09434147366022 -9.91341716182545 36
    endloop
  endfacet
  facet normal 0.9891765099647812 -0.14673047445535947 0
    outer loop
      vertex -32.754274305321054 -8.601041935118289 28
      vertex -32.754274305321054 -8.601041935118289 31
      vertex -32.809812734200506 -8.975451610080642 36
    endloop
  endfacet
  facet normal 0.98917650996478 -0.14673047445536785 -6.414918348759175e-16
    outer loop
      vertex -32.754274305321054 -8.601041935118289 31
      vertex -32.74756025186222 -8.555779463278135 31
      vertex -32.809812734200506 -8.975451610080642 36
    endloop
  endfacet
  facet normal 0.9891765099647822 -0.14673047445535284 6.437659346057671e-16
    outer loop
      vertex -32.74756025186222 -8.555779463278135 31
      vertex -32.737815502855675 -8.490085701647804 31.023836529983946
      vertex -32.809812734200506 -8.975451610080642 36
    endloop
  endfacet
  facet normal 0.9700312531945431 -0.24298017990326798 0
    outer loop
      vertex -32.809812734200506 -8.975451610080642 27
      vertex -32.809812734200506 -8.975451610080642 36
      vertex -32.929037457555616 -9.451423386272312 36
    endloop
  endfacet
  facet normal 0.9987954562051725 -0.049067674327417085 0
    outer loop
      vertex -32.737815502855675 -8.490085701647804 31.023836529983946
      vertex -32.71373913621666 -8 31.177350269189628
      vertex -32.737815502855675 -8.490085701647804 36
    endloop
  endfacet
  facet normal 0.9987954562051725 0.049067674327417175 0
    outer loop
      vertex -32.71373913621666 -8 31.177350269189628
      vertex -32.737815502855675 -7.509914298352197 31.306787641756294
      vertex -32.71373913621666 -8 36
    endloop
  endfacet
  facet normal 0.8577286100002728 0.5141027441932208 0
    outer loop
      vertex -33.30413281447488 -5.643016315870012 31.562556012314516
      vertex -33.55639107470393 -5.222148834901989 31.55792085891502
      vertex -33.30413281447488 -5.643016315870012 36
    endloop
  endfacet
  facet normal 0.9891765099647815 0.14673047445535906 0
    outer loop
      vertex -32.737815502855675 -7.509914298352197 31.306787641756294
      vertex -32.809812734200506 -7.024548389919358 31.41090209502846
      vertex -32.737815502855675 -7.509914298352197 36
    endloop
  endfacet
  facet normal 0.9700312531945429 0.24298017990326795 0
    outer loop
      vertex -32.809812734200506 -7.024548389919358 31.41090209502846
      vertex -32.929037457555616 -6.548576613727688 31.48869094990637
      vertex -32.809812734200506 -7.024548389919358 36
    endloop
  endfacet
  facet normal 0.9415440651830234 0.33688985339221267 0
    outer loop
      vertex -32.929037457555616 -6.548576613727688 31.48869094990637
      vertex -33.09434147366022 -6.086582838174551 31.539405057193832
      vertex -32.929037457555616 -6.548576613727688 36
    endloop
  endfacet
  facet normal 0.9039892931234413 0.42755509343028647 0
    outer loop
      vertex -33.09434147366022 -6.086582838174551 31.539405057193832
      vertex -33.30413281447488 -5.643016315870012 31.562556012314516
      vertex -33.09434147366022 -6.086582838174551 36
    endloop
  endfacet
  facet normal 0 0 1
    outer loop
      vertex -43.39077642176661 -17.05114169690806 36
      vertex -38.7638526012567 -9.36853451200238 36
      vertex -39.20763295774481 -8.8625 36
    endloop
  endfacet
  facet normal 0 0 1
    outer loop
      vertex -43.39077642176661 -17.05114169690806 36
      vertex -38.16020198901851 -9.666222050348644 36
      vertex -38.7638526012567 -9.36853451200238 36
    endloop
  endfacet
  facet normal 0 0 1
    outer loop
      vertex -43.39077642176661 -17.05114169690806 36
      vertex -39.20763295774481 -8.8625 36
      vertex -39.423981522086486 -8.225157681579589 36
    endloop
  endfacet
  facet normal 0 0 1
    outer loop
      vertex -43.39077642176661 -17.05114169690806 36
      vertex -39.423981522086486 -8.225157681579589 36
      vertex -39.62715629804211 -3.380602337443566 36
    endloop
  endfacet
  facet normal 0 0 1
    outer loop
      vertex -43.39077642176661 -17.05114169690806 36
      vertex -37.48858145463707 -9.710242385869822 36
      vertex -38.16020198901851 -9.666222050348644 36
    endloop
  endfacet
  facet normal 0 0 1
    outer loop
      vertex -43.39077642176661 -17.05114169690806 36
      vertex -36.85123913621666 -9.493893821528157 36
      vertex -37.48858145463707 -9.710242385869822 36
    endloop
  endfacet
  facet normal 0 0 1
    outer loop
      vertex -43.39077642176661 -17.05114169690806 36
      vertex -36.345204624214276 -9.050113465040043 36
      vertex -36.85123913621666 -9.493893821528157 36
    endloop
  endfacet
  facet normal 0 0 1
    outer loop
      vertex -43.39077642176661 -17.05114169690806 36
      vertex -32.929037457555616 -9.451423386272312 36
      vertex -36.345204624214276 -9.050113465040043 36
    endloop
  endfacet
  facet normal 0 0 1
    outer loop
      vertex -39.423981522086486 -8.225157681579589 36
      vertex -39.3799611865653 -7.553537147198152 36
      vertex -39.62715629804211 -3.380602337443566 36
    endloop
  endfacet
  facet normal 0 0 1
    outer loop
      vertex -39.3799611865653 -7.553537147198152 36
      vertex -39.082273648219044 -6.9498865349599575 36
      vertex -39.62715629804211 -3.380602337443566 36
    endloop
  endfacet
  facet normal 0 0 1
    outer loop
      vertex -39.082273648219044 -6.9498865349599575 36
      vertex -38.57623913621666 -6.5061061784718435 36
      vertex -39.62715629804211 -3.380602337443566 36
    endloop
  endfacet
  facet normal 0 0 1
    outer loop
      vertex -38.57623913621666 -6.5061061784718435 36
      vertex -37.93889681779625 -6.289757614130178 36
      vertex -39.62715629804211 -3.380602337443566 36
    endloop
  endfacet
  facet normal 0 0 1
    outer loop
      vertex -37.93889681779625 -6.289757614130178 36
      vertex -37.26727628341481 -6.333777949651357 36
      vertex -39.62715629804211 -3.380602337443566 36
    endloop
  endfacet
  facet normal 0 0 1
    outer loop
      vertex -36.66362567117662 -6.63146548799762 36
      vertex -39.62715629804211 -3.380602337443566 36
      vertex -37.26727628341481 -6.333777949651357 36
    endloop
  endfacet
  facet normal 0 0 1
    outer loop
      vertex -43.39077642176661 -17.05114169690806 36
      vertex -34.935887971118646 -12.157348061512726 36
      vertex -32.929037457555616 -9.451423386272312 36
    endloop
  endfacet
  facet normal 0 0 1
    outer loop
      vertex -34.935887971118646 -12.157348061512726 36
      vertex -34.54177271539843 -11.865052266813684 36
      vertex -34.17820523028392 -11.535533905932738 36
    endloop
  endfacet
  facet normal 0 0 1
    outer loop
      vertex -34.935887971118646 -12.157348061512726 36
      vertex -34.17820523028392 -11.535533905932738 36
      vertex -33.848686869402975 -11.171966420818228 36
    endloop
  endfacet
  facet normal 0 0 1
    outer loop
      vertex -34.935887971118646 -12.157348061512726 36
      vertex -33.848686869402975 -11.171966420818228 36
      vertex -32.929037457555616 -9.451423386272312 36
    endloop
  endfacet
  facet normal 0 0 1
    outer loop
      vertex -33.848686869402975 -11.171966420818228 36
      vertex -33.55639107470393 -10.77785116509801 36
      vertex -32.929037457555616 -9.451423386272312 36
    endloop
  endfacet
  facet normal 0 0 1
    outer loop
      vertex -33.55639107470393 -10.77785116509801 36
      vertex -33.30413281447488 -10.356983684129988 36
      vertex -33.09434147366022 -9.91341716182545 36
    endloop
  endfacet
  facet normal 0 0 1
    outer loop
      vertex -33.55639107470393 -10.77785116509801 36
      vertex -33.09434147366022 -9.91341716182545 36
      vertex -32.929037457555616 -9.451423386272312 36
    endloop
  endfacet
  facet normal 0.9891765099647813 -0.14673047445535933 0
    outer loop
      vertex -32.737815502855675 -8.490085701647804 31.023836529983946
      vertex -32.737815502855675 -8.490085701647804 36
      vertex -32.809812734200506 -8.975451610080642 36
    endloop
  endfacet
  facet normal 0.9987954562051723 -0.04906767432741707 0
    outer loop
      vertex -32.71373913621666 -8 31.177350269189628
      vertex -32.71373913621666 -8 36
      vertex -32.737815502855675 -8.490085701647804 36
    endloop
  endfacet
  facet normal 0.9987954562051725 0.04906767432741717 0
    outer loop
      vertex -32.737815502855675 -7.509914298352197 31.306787641756294
      vertex -32.737815502855675 -7.509914298352197 36
      vertex -32.71373913621666 -8 36
    endloop
  endfacet
  facet normal 0.8577286100002727 0.5141027441932207 -3.111393463592982e-18
    outer loop
      vertex -33.30413281447488 -5.643016315870012 36
      vertex -33.55639107470393 -5.222148834901989 31.55792085891502
      vertex -33.55639107470393 -5.222148834901989 36
    endloop
  endfacet
  facet normal 0.9891765099647815 0.14673047445535906 0
    outer loop
      vertex -32.809812734200506 -7.024548389919358 31.41090209502846
      vertex -32.809812734200506 -7.024548389919358 36
      vertex -32.737815502855675 -7.509914298352197 36
    endloop
  endfacet
  facet normal 0.970031253194543 0.242980179903268 0
    outer loop
      vertex -32.929037457555616 -6.548576613727688 31.48869094990637
      vertex -32.929037457555616 -6.548576613727688 36
      vertex -32.809812734200506 -7.024548389919358 36
    endloop
  endfacet
  facet normal 0.9415440651830234 0.3368898533922126 0
    outer loop
      vertex -33.09434147366022 -6.086582838174551 31.539405057193832
      vertex -33.09434147366022 -6.086582838174551 36
      vertex -32.929037457555616 -6.548576613727688 36
    endloop
  endfacet
  facet normal 0.9039892931234412 0.4275550934302864 0
    outer loop
      vertex -33.30413281447488 -5.643016315870012 31.562556012314516
      vertex -33.30413281447488 -5.643016315870012 36
      vertex -33.09434147366022 -6.086582838174551 36
    endloop
  endfacet
  facet normal 0 0 1
    outer loop
      vertex -36.345204624214276 -9.050113465040043 36
      vertex -32.929037457555616 -9.451423386272312 36
      vertex -36.047517085868016 -8.446462852801849 36
    endloop
  endfacet
  facet normal 0 0 1
    outer loop
      vertex -36.047517085868016 -8.446462852801849 36
      vertex -32.929037457555616 -9.451423386272312 36
      vertex -36.003496750346834 -7.774842318420411 36
    endloop
  endfacet
  facet normal 0 0 1
    outer loop
      vertex -36.003496750346834 -7.774842318420411 36
      vertex -32.929037457555616 -9.451423386272312 36
      vertex -36.219845314688506 -7.1375 36
    endloop
  endfacet
  facet normal 0 0 1
    outer loop
      vertex -36.219845314688506 -7.1375 36
      vertex -32.929037457555616 -9.451423386272312 36
      vertex -36.66362567117662 -6.63146548799762 36
    endloop
  endfacet
  facet normal 0 0 1
    outer loop
      vertex -36.66362567117662 -6.63146548799762 36
      vertex -32.929037457555616 -9.451423386272312 36
      vertex -39.62715629804211 -3.380602337443566 36
    endloop
  endfacet
  facet normal 0 0 1
    outer loop
      vertex -32.929037457555616 -9.451423386272312 36
      vertex -33.848686869402975 -4.828033579181772 36
      vertex -39.62715629804211 -3.380602337443566 36
    endloop
  endfacet
  facet normal 0 0 1
    outer loop
      vertex -32.929037457555616 -9.451423386272312 36
      vertex -32.809812734200506 -8.975451610080642 36
      vertex -32.71373913621666 -8 36
    endloop
  endfacet
  facet normal 0 0 1
    outer loop
      vertex -32.809812734200506 -8.975451610080642 36
      vertex -32.737815502855675 -8.490085701647804 36
      vertex -32.71373913621666 -8 36
    endloop
  endfacet
  facet normal 0 0 1
    outer loop
      vertex -32.929037457555616 -9.451423386272312 36
      vertex -32.71373913621666 -8 36
      vertex -32.809812734200506 -7.024548389919358 36
    endloop
  endfacet
  facet normal 0 0 1
    outer loop
      vertex -32.71373913621666 -8 36
      vertex -32.737815502855675 -7.509914298352197 36
      vertex -32.809812734200506 -7.024548389919358 36
    endloop
  endfacet
  facet normal 0 0 1
    outer loop
      vertex -33.09434147366022 -6.086582838174551 36
      vertex -33.30413281447488 -5.643016315870012 36
      vertex -33.848686869402975 -4.828033579181772 36
    endloop
  endfacet
  facet normal 0 0 1
    outer loop
      vertex -32.929037457555616 -9.451423386272312 36
      vertex -32.809812734200506 -7.024548389919358 36
      vertex -33.848686869402975 -4.828033579181772 36
    endloop
  endfacet
  facet normal 0 0 1
    outer loop
      vertex -32.809812734200506 -7.024548389919358 36
      vertex -32.929037457555616 -6.548576613727688 36
      vertex -33.09434147366022 -6.086582838174551 36
    endloop
  endfacet
  facet normal 0 0 1
    outer loop
      vertex -32.809812734200506 -7.024548389919358 36
      vertex -33.09434147366022 -6.086582838174551 36
      vertex -33.848686869402975 -4.828033579181772 36
    endloop
  endfacet
  facet normal -0.49967297677178535 0.8662141284255429 -1.5910295230979387e-17
    outer loop
      vertex -46.21234585996951 -7.133170187799216 36
      vertex -40.070722820346646 -3.5903936782582244 36
      vertex -40.070722820346646 -3.5903936782582244 27
    endloop
  endfacet
  facet normal -0.4275550934302841 0.9039892931234422 0
    outer loop
      vertex -39.62715629804211 -3.380602337443566 27
      vertex -40.070722820346646 -3.5903936782582244 36
      vertex -39.62715629804211 -3.380602337443566 36
    endloop
  endfacet
  facet normal -0.33688985339221733 0.9415440651830217 0
    outer loop
      vertex -39.16516252248897 -3.215298321338956 27
      vertex -39.62715629804211 -3.380602337443566 36
      vertex -39.16516252248897 -3.215298321338956 36
    endloop
  endfacet
  facet normal -0.24298017990326456 0.9700312531945439 0
    outer loop
      vertex -39.16516252248897 -3.215298321338956 27
      vertex -39.16516252248897 -3.215298321338956 36
      vertex -38.6891907462973 -3.096073597983848 36
    endloop
  endfacet
  facet normal -0.14673047445536233 0.9891765099647808 0
    outer loop
      vertex -38.20382483786446 -3.024076366639015 27
      vertex -38.6891907462973 -3.096073597983848 36
      vertex -38.20382483786446 -3.024076366639015 36
    endloop
  endfacet
  facet normal -0.04906767432741743 0.9987954562051724 0
    outer loop
      vertex -38.20382483786446 -3.024076366639015 27
      vertex -38.20382483786446 -3.024076366639015 36
      vertex -37.71373913621666 -3 36
    endloop
  endfacet
  facet normal 0.04906767432741743 0.9987954562051724 0
    outer loop
      vertex -37.22365343456886 -3.024076366639015 27
      vertex -37.71373913621666 -3 36
      vertex -37.22365343456886 -3.024076366639015 36
    endloop
  endfacet
  facet normal 0.33688985339221733 0.9415440651830217 0
    outer loop
      vertex -36.26231574994435 -3.215298321338956 27
      vertex -36.26231574994435 -3.215298321338956 36
      vertex -35.80032197439121 -3.380602337443566 36
    endloop
  endfacet
  facet normal 0.42755509343032305 0.9039892931234241 7.079761988368993e-16
    outer loop
      vertex -35.752435905284926 -3.4032507613867344 31
      vertex -35.80032197439121 -3.380602337443566 36
      vertex -35.71108162213551 -3.422809880648647 31
    endloop
  endfacet
  facet normal 0.4275550934302825 0.9039892931234432 -5.08299737686065e-19
    outer loop
      vertex -35.71108162213551 -3.422809880648647 31
      vertex -35.356755452086674 -3.5903936782582244 36
      vertex -35.356755452086674 -3.5903936782582244 31.12878580969356
    endloop
  endfacet
  facet normal 0.514102744193218 0.8577286100002742 -8.773170749244516e-19
    outer loop
      vertex -35.356755452086674 -3.5903936782582244 31.12878580969356
      vertex -34.935887971118646 -3.8426519384872737 36
      vertex -34.935887971118646 -3.8426519384872737 31.266398862953302
    endloop
  endfacet
  facet normal 0.5956993044924345 0.803207531480644 0
    outer loop
      vertex -34.935887971118646 -3.8426519384872737 31.266398862953302
      vertex -34.935887971118646 -3.8426519384872737 36
      vertex -34.54177271539843 -4.134947733186316 31.379077962937167
    endloop
  endfacet
  facet normal 0.14673047445536233 0.9891765099647808 0
    outer loop
      vertex -37.22365343456886 -3.024076366639015 27
      vertex -37.22365343456886 -3.024076366639015 36
      vertex -36.73828752613602 -3.096073597983848 36
    endloop
  endfacet
  facet normal 0.24298017990326456 0.9700312531945439 0
    outer loop
      vertex -36.26231574994435 -3.215298321338956 27
      vertex -36.73828752613602 -3.096073597983848 36
      vertex -36.26231574994435 -3.215298321338956 36
    endloop
  endfacet
  facet normal 0.7409511253549595 0.6715589548470178 0
    outer loop
      vertex -34.17820523028392 -4.464466094067262 31.465737948315653
      vertex -34.17820523028392 -4.464466094067262 36
      vertex -33.848686869402975 -4.828033579181772 31.525544236056398
    endloop
  endfacet
  facet normal 0.6715589548470197 0.740951125354958 0
    outer loop
      vertex -34.17820523028392 -4.464466094067262 31.465737948315653
      vertex -34.54177271539843 -4.134947733186316 31.379077962937167
      vertex -34.17820523028392 -4.464466094067262 36
    endloop
  endfacet
  facet normal 0.803207531480643 0.595699304492436 0
    outer loop
      vertex -33.848686869402975 -4.828033579181772 31.525544236056398
      vertex -33.848686869402975 -4.828033579181772 36
      vertex -33.55639107470393 -5.222148834901989 31.55792085891502
    endloop
  endfacet
  facet normal 0 0 1
    outer loop
      vertex -39.62715629804211 -3.380602337443566 36
      vertex -38.6891907462973 -3.096073597983848 36
      vertex -39.16516252248897 -3.215298321338956 36
    endloop
  endfacet
  facet normal 0 0 1
    outer loop
      vertex -39.62715629804211 -3.380602337443566 36
      vertex -37.71373913621666 -3 36
      vertex -38.6891907462973 -3.096073597983848 36
    endloop
  endfacet
  facet normal 0 0 1
    outer loop
      vertex -38.6891907462973 -3.096073597983848 36
      vertex -37.71373913621666 -3 36
      vertex -38.20382483786446 -3.024076366639015 36
    endloop
  endfacet
  facet normal 0 0 1
    outer loop
      vertex -39.62715629804211 -3.380602337443566 36
      vertex -36.73828752613602 -3.096073597983848 36
      vertex -37.71373913621666 -3 36
    endloop
  endfacet
  facet normal 0.4275550934302841 0.9039892931234423 -1.4169596575358034e-16
    outer loop
      vertex -35.71108162213551 -3.422809880648647 31
      vertex -35.80032197439121 -3.380602337443566 36
      vertex -35.356755452086674 -3.5903936782582244 36
    endloop
  endfacet
  facet normal 0.5141027441932181 0.8577286100002742 0
    outer loop
      vertex -35.356755452086674 -3.5903936782582244 31.12878580969356
      vertex -35.356755452086674 -3.5903936782582244 36
      vertex -34.935887971118646 -3.8426519384872737 36
    endloop
  endfacet
  facet normal 0.8032075314806429 0.5956993044924359 0
    outer loop
      vertex -33.55639107470393 -5.222148834901989 31.55792085891502
      vertex -33.848686869402975 -4.828033579181772 36
      vertex -33.55639107470393 -5.222148834901989 36
    endloop
  endfacet
  facet normal 0.7409511253549595 0.6715589548470178 0
    outer loop
      vertex -33.848686869402975 -4.828033579181772 31.525544236056398
      vertex -34.17820523028392 -4.464466094067262 36
      vertex -33.848686869402975 -4.828033579181772 36
    endloop
  endfacet
  facet normal 0.5956993044924345 0.803207531480644 0
    outer loop
      vertex -34.54177271539843 -4.134947733186316 31.379077962937167
      vertex -34.935887971118646 -3.8426519384872737 36
      vertex -34.54177271539843 -4.134947733186316 36
    endloop
  endfacet
  facet normal 0.6715589548470198 0.740951125354958 0
    outer loop
      vertex -34.54177271539843 -4.134947733186316 31.379077962937167
      vertex -34.54177271539843 -4.134947733186316 36
      vertex -34.17820523028392 -4.464466094067262 36
    endloop
  endfacet
  facet normal 0 0 1
    outer loop
      vertex -39.62715629804211 -3.380602337443566 36
      vertex -33.848686869402975 -4.828033579181772 36
      vertex -36.73828752613602 -3.096073597983848 36
    endloop
  endfacet
  facet normal 0 0 1
    outer loop
      vertex -36.26231574994435 -3.215298321338956 36
      vertex -36.73828752613602 -3.096073597983848 36
      vertex -35.356755452086674 -3.5903936782582244 36
    endloop
  endfacet
  facet normal 0 0 1
    outer loop
      vertex -36.26231574994435 -3.215298321338956 36
      vertex -35.356755452086674 -3.5903936782582244 36
      vertex -35.80032197439121 -3.380602337443566 36
    endloop
  endfacet
  facet normal 0 0 1
    outer loop
      vertex -35.356755452086674 -3.5903936782582244 36
      vertex -36.73828752613602 -3.096073597983848 36
      vertex -33.848686869402975 -4.828033579181772 36
    endloop
  endfacet
  facet normal 0 0 1
    outer loop
      vertex -35.356755452086674 -3.5903936782582244 36
      vertex -34.54177271539843 -4.134947733186316 36
      vertex -34.935887971118646 -3.8426519384872737 36
    endloop
  endfacet
  facet normal 0 0 1
    outer loop
      vertex -37.71373913621666 -3 36
      vertex -36.73828752613602 -3.096073597983848 36
      vertex -37.22365343456886 -3.024076366639015 36
    endloop
  endfacet
  facet normal 0 0 1
    outer loop
      vertex -34.17820523028392 -4.464466094067262 36
      vertex -34.54177271539843 -4.134947733186316 36
      vertex -33.848686869402975 -4.828033579181772 36
    endloop
  endfacet
  facet normal 0 0 1
    outer loop
      vertex -33.30413281447488 -5.643016315870012 36
      vertex -33.55639107470393 -5.222148834901989 36
      vertex -33.848686869402975 -4.828033579181772 36
    endloop
  endfacet
  facet normal 0 0 1
    outer loop
      vertex -35.356755452086674 -3.5903936782582244 36
      vertex -33.848686869402975 -4.828033579181772 36
      vertex -34.54177271539843 -4.134947733186316 36
    endloop
  endfacet
  facet normal -0.5927070151845305 -0.7991728964049212 -0.1001053235488192
    outer loop
      vertex -64.7050980613731 31.829134051911133 27
      vertex -65.09921331709332 32.12142984661018 27
      vertex -77.1280629405737 42.22008763906159 17.6
    endloop
  endfacet
  facet normal -0.2877771849500964 -0.8042833521298909 -0.5199159367714208
    outer loop
      vertex -63.378670282547404 31.201780434762817 27
      vertex -63.84066405810054 31.367084450867427 27
      vertex -76.93512799092632 42.12883620384002 17.6
    endloop
  endfacet
  facet normal -0.4964897143998871 -0.8283430450851648 -0.25951062243028716
    outer loop
      vertex -64.7050980613731 31.829134051911133 27
      vertex -77.06684585243289 42.18339552848282 17.6
      vertex -64.28423058040508 31.576875791682085 27
    endloop
  endfacet
  facet normal -0.3915483657227572 -0.8278594637092561 -0.4016697469898136
    outer loop
      vertex -64.28423058040508 31.576875791682085 27
      vertex -77.00232708555222 42.15288042436432 17.6
      vertex -63.84066405810054 31.367084450867427 27
    endloop
  endfacet
  facet normal -0.19185109385938093 -0.7659124998477136 -0.613653974453018
    outer loop
      vertex -63.378670282547404 31.201780434762817 27
      vertex -76.86589573257116 42.111494425897455 17.6
      vertex -62.90269850635573 31.082555711407707 27
    endloop
  endfacet
  facet normal -0.10677153807166234 -0.719795242163081 -0.6859261243145673
    outer loop
      vertex -62.90269850635573 31.082555711407707 27
      vertex -76.79529705498094 42.1010221013382 17.6
      vertex -62.41733259792289 31.010558480062876 27
    endloop
  endfacet
  facet normal -0.032951296012970296 -0.6707390391933941 -0.740961101133513
    outer loop
      vertex -62.41733259792289 31.010558480062876 27
      vertex -76.72401186201398 42.09752008437253 17.6
      vertex -61.92724689627509 30.98648211342386 27
    endloop
  endfacet
  facet normal 0.030535409732808334 -0.621562544231906 -0.7827691820456458
    outer loop
      vertex -61.92724689627509 30.98648211342386 27
      vertex -76.65272666904703 42.1010221013382 17.6
      vertex -61.43716119462729 31.010558480062876 27
    endloop
  endfacet
  facet normal 0.08510107311224589 -0.5737048340359587 -0.8146291001179108
    outer loop
      vertex -61.43716119462729 31.010558480062876 27
      vertex -76.5821279914568 42.111494425897455 17.6
      vertex -60.951795286194454 31.082555711407707 27
    endloop
  endfacet
  facet normal 0.13219805362436515 -0.5277642138472941 -0.8390402905701712
    outer loop
      vertex -60.951795286194454 31.082555711407707 27
      vertex -76.51289573310164 42.12883620384002 17.6
      vertex -60.47582351000278 31.201780434762817 27
    endloop
  endfacet
  facet normal 0.17313037961548602 -0.48386699625548957 -0.8578453249793273
    outer loop
      vertex -60.47582351000278 31.201780434762817 27
      vertex -76.44569663847574 42.15288042436432 17.6
      vertex -60.013829734449644 31.367084450867427 27
    endloop
  endfacet
  facet normal 0.20899908630725098 -0.44189144088665805 -0.8723825630959433
    outer loop
      vertex -60.013829734449644 31.367084450867427 27
      vertex -76.38117787159507 42.18339552848282 17.6
      vertex -59.57026321214511 31.576875791682085 27
    endloop
  endfacet
  facet normal 0.240706502137724 -0.40159453694536873 -0.8836188135866375
    outer loop
      vertex -59.57026321214511 31.576875791682085 27
      vertex -76.31996078345426 42.22008763906159 17.6
      vertex -59.14939573117708 31.829134051911133 27
    endloop
  endfacet
  facet normal -0.64278760968654 -0.7660444431189775 -3.3310351724323996e-15
    outer loop
      vertex -79.67254340339426 44.34951742101763 19.83497288233074
      vertex -80.54678753776517 45.083095351727174 17.6
      vertex -78.46483104072006 43.336126422929475 17.6
    endloop
  endfacet
  facet normal -0.642787609686868 -0.7660444431187023 2.2456317238342847e-13
    outer loop
      vertex -79.67254340339426 44.34951742101763 19.83497288233074
      vertex -78.99800299269 43.78351081118152 21.52182387164432
      vertex -79.32967128285708 44.061813551133916 20.709559872823704
    endloop
  endfacet
  facet normal -0.6427876096870137 -0.7660444431185801 3.2688998396416596e-13
    outer loop
      vertex -79.32967128285708 44.061813551133916 20.709559872823704
      vertex -78.99800299269 43.78351081118152 21.52182387164432
      vertex -79.18278126516935 43.93855819146852 21.075142598244184
    endloop
  endfacet
  facet normal -0.6427876096865516 -0.7660444431189677 9.08308407448424e-15
    outer loop
      vertex -79.67254340339426 44.34951742101763 19.83497288233074
      vertex -77.57507488205218 42.58953235835354 24.81391119490676
      vertex -78.99800299269 43.78351081118152 21.52182387164432
    endloop
  endfacet
  facet normal -0.6427876096867133 -0.766044443118832 1.2374974375490677e-13
    outer loop
      vertex -78.99800299269 43.78351081118152 21.52182387164432
      vertex -78.44445717367712 43.31903071860809 22.841575694818353
      vertex -78.64542967936195 43.487666674005006 22.369033596820053
    endloop
  endfacet
  facet normal -0.5578897545831265 0.7522272543786852 0.3505897595496533
    outer loop
      vertex -71.2370765550999 50.32539319312845 22.097713466935705
      vertex -77.66566663218568 47.65387039755446 17.6
      vertex -77.77760067793125 47.570854451313494 17.6
    endloop
  endfacet
  facet normal -0.5578897544704836 0.7522272545979709 0.3505897592584004
    outer loop
      vertex -71.2370765550999 50.32539319312845 22.097713466935705
      vertex -77.40664614094158 47.845973086442314 17.6
      vertex -77.66566663218568 47.65387039755446 17.6
    endloop
  endfacet
  facet normal -0.5008432275604252 0.8356064417541569 0.2256500297048792
    outer loop
      vertex -71.33162492575971 50.40472869607751 21.62295880056383
      vertex -77.22209821732268 47.96048846491252 17.6
      vertex -77.34993810771978 47.88386418329133 17.6
    endloop
  endfacet
  facet normal -0.5008432273056477 0.8356064420573484 0.2256500291476221
    outer loop
      vertex -71.33162492575971 50.40472869607751 21.62295880056383
      vertex -76.95380347753226 48.12129814346756 17.6
      vertex -77.22209821732268 47.96048846491252 17.6
    endloop
  endfacet
  facet normal -0.5315917135320813 0.7955832123712002 0.29061590165912693
    outer loop
      vertex -71.26113964954243 50.34558452680017 21.998422177135417
      vertex -77.34993810771978 47.88386418329133 17.6
      vertex -77.40664614094158 47.845973086442314 17.6
    endloop
  endfacet
  facet normal -0.596943192877148 0.6633589893194559 0.4512357208452208
    outer loop
      vertex -79.67254340339426 44.34951742101763 19.83497288233074
      vertex -71.08095624612984 50.1943926994524 22.608332468745694
      vertex -80.54678753776517 45.083095351727174 17.6
    endloop
  endfacet
  facet normal -0.5969431928771484 0.6633589893194533 0.45123572084522406
    outer loop
      vertex -71.08095624612984 50.1943926994524 22.608332468745694
      vertex -77.83032167088302 47.52758745031471 17.6
      vertex -80.54678753776517 45.083095351727174 17.6
    endloop
  endfacet
  facet normal -0.579958119592563 0.7066810093037516 0.40527833720554224
    outer loop
      vertex -71.11892229402902 50.226249996241854 22.498453256587695
      vertex -77.77760067793125 47.570854451313494 17.6
      vertex -77.83032167088302 47.52758745031471 17.6
    endloop
  endfacet
  facet normal -0.39154836572276563 -0.8278594637092634 -0.4016697469897903
    outer loop
      vertex -64.28423058040508 31.576875791682085 27
      vertex -77.06684585243289 42.18339552848282 17.6
      vertex -77.00232708555222 42.15288042436432 17.6
    endloop
  endfacet
  facet normal -0.2877771849500719 -0.8042833521298803 -0.5199159367714506
    outer loop
      vertex -63.84066405810054 31.367084450867427 27
      vertex -77.00232708555222 42.15288042436432 17.6
      vertex -76.93512799092632 42.12883620384002 17.6
    endloop
  endfacet
  facet normal -0.19185109385937138 -0.7659124998477085 -0.6136539744530274
    outer loop
      vertex -63.378670282547404 31.201780434762817 27
      vertex -76.93512799092632 42.12883620384002 17.6
      vertex -76.86589573257116 42.111494425897455 17.6
    endloop
  endfacet
  facet normal -0.10677153807172012 -0.7197952421631144 -0.685926124314523
    outer loop
      vertex -62.90269850635573 31.082555711407707 27
      vertex -76.86589573257116 42.111494425897455 17.6
      vertex -76.79529705498094 42.1010221013382 17.6
    endloop
  endfacet
  facet normal -0.6427677633167784 -0.7660610955860315 -0.000016440038025034136
    outer loop
      vertex -65.09921331709332 32.12142984661018 27
      vertex -78.46483104072006 43.336126422929475 17.6
      vertex -77.18538879595118 42.26260339101781 17.6
    endloop
  endfacet
  facet normal -0.5927070151845174 -0.7991728964049272 -0.10010532354884945
    outer loop
      vertex -65.09921331709332 32.12142984661018 27
      vertex -77.18538879595118 42.26260339101781 17.6
      vertex -77.1280629405737 42.22008763906159 17.6
    endloop
  endfacet
  facet normal -0.4964897143998522 -0.8283430450851667 -0.2595106224303487
    outer loop
      vertex -64.7050980613731 31.829134051911133 27
      vertex -77.1280629405737 42.22008763906159 17.6
      vertex -77.06684585243289 42.18339552848282 17.6
    endloop
  endfacet
  facet normal -0.03295129601291497 -0.6707390391933522 -0.7409611011335535
    outer loop
      vertex -62.41733259792289 31.010558480062876 27
      vertex -76.79529705498094 42.1010221013382 17.6
      vertex -76.72401186201398 42.09752008437253 17.6
    endloop
  endfacet
  facet normal 0.030535409732753913 -0.6215625442319428 -0.7827691820456186
    outer loop
      vertex -61.92724689627509 30.98648211342386 27
      vertex -76.72401186201398 42.09752008437253 17.6
      vertex -76.65272666904703 42.1010221013382 17.6
    endloop
  endfacet
  facet normal 0.08510107311228009 -0.5737048340359324 -0.814629100117926
    outer loop
      vertex -61.43716119462729 31.010558480062876 27
      vertex -76.65272666904703 42.1010221013382 17.6
      vertex -76.5821279914568 42.111494425897455 17.6
    endloop
  endfacet
  facet normal 0.13219805362435733 -0.5277642138472974 -0.8390402905701702
    outer loop
      vertex -60.951795286194454 31.082555711407707 27
      vertex -76.5821279914568 42.111494425897455 17.6
      vertex -76.51289573310164 42.12883620384002 17.6
    endloop
  endfacet
  facet normal 0.1731303796154759 -0.48386699625550295 -0.8578453249793219
    outer loop
      vertex -60.47582351000278 31.201780434762817 27
      vertex -76.51289573310164 42.12883620384002 17.6
      vertex -76.44569663847574 42.15288042436432 17.6
    endloop
  endfacet
  facet normal 0.20899908630725395 -0.44189144088664356 -0.8723825630959499
    outer loop
      vertex -60.013829734449644 31.367084450867427 27
      vertex -76.44569663847574 42.15288042436432 17.6
      vertex -76.38117787159507 42.18339552848282 17.6
    endloop
  endfacet
  facet normal 0.2407065021377107 -0.40159453694538 -0.883618813586636
    outer loop
      vertex -59.57026321214511 31.576875791682085 27
      vertex -76.38117787159507 42.18339552848282 17.6
      vertex -76.31996078345426 42.22008763906159 17.6
    endloop
  endfacet
  facet normal 0.2461637894920957 -0.39421929778089 -0.8854346582329117
    outer loop
      vertex -59.14939573117708 31.829134051911133 27
      vertex -76.31996078345426 42.22008763906159 17.6
      vertex -68.6977912677183 46.97962666393084 17.6
    endloop
  endfacet
  facet normal 0.2774817824323354 -0.37414087244607364 -0.8848855677337407
    outer loop
      vertex -58.755280475456864 32.12142984661018 27
      vertex -68.6977912677183 46.97962666393084 17.6
      vertex -68.64046541234082 47.02214241588706 17.6
    endloop
  endfacet
  facet normal 0.315272890443132 -0.3478500305620545 -0.8829515053442124
    outer loop
      vertex -58.391712990342356 32.45094820749112 27
      vertex -68.64046541234082 47.02214241588706 17.6
      vertex -68.58758286905143 47.07007235928793 17.6
    endloop
  endfacet
  facet normal 0.35261345889443435 -0.3195902102271052 -0.8795031814231814
    outer loop
      vertex -58.06219462946141 32.81451569260563 27
      vertex -68.58758286905143 47.07007235928793 17.6
      vertex -68.53965292565056 47.122954902577305 17.6
    endloop
  endfacet
  facet normal 0.38973581468383134 -0.28904777986199465 -0.874389716150403
    outer loop
      vertex -57.769898834762365 33.20863094832585 27
      vertex -68.53965292565056 47.122954902577305 17.6
      vertex -68.49713717369434 47.18028075795479 17.6
    endloop
  endfacet
  facet normal 0.4268444446662739 -0.25584071440321715 -0.8673807404543818
    outer loop
      vertex -57.51764057453332 33.629498429293875 27
      vertex -68.49713717369434 47.18028075795479 17.6
      vertex -68.46044506311557 47.2414978460956 17.6
    endloop
  endfacet
  facet normal 0.46410955028207784 -0.21950746943825947 -0.8581484697870057
    outer loop
      vertex -57.307849233718656 34.07306495159841 27
      vertex -68.46044506311557 47.2414978460956 17.6
      vertex -68.42992995899706 47.30601661297626 17.6
    endloop
  endfacet
  facet normal 0.5016535890481227 -0.17949452427934498 -0.8462419230627072
    outer loop
      vertex -57.14254521761405 34.53505872715155 27
      vertex -68.42992995899706 47.30601661297626 17.6
      vertex -68.40588573847276 47.37321570760217 17.6
    endloop
  endfacet
  facet normal 0.5395270810917859 -0.1351444984835832 -0.8310514384189456
    outer loop
      vertex -57.02332049425894 35.01103050334322 27
      vertex -68.40588573847276 47.37321570760217 17.6
      vertex -68.3885439605302 47.44244796595732 17.6
    endloop
  endfacet
  facet normal 0.5776679541056777 -0.08568894644150021 -0.8117617503043033
    outer loop
      vertex -56.95132326291411 35.49639641177606 27
      vertex -68.3885439605302 47.44244796595732 17.6
      vertex -68.37807163597095 47.513046643547554 17.6
    endloop
  endfacet
  facet normal 0.6158360571817527 -0.03025408546373059 -0.7872932369756431
    outer loop
      vertex -56.92724689627509 35.98648211342386 27
      vertex -68.37807163597095 47.513046643547554 17.6
      vertex -68.37456961900529 47.58433183651451 17.6
    endloop
  endfacet
  facet normal 0.7507138113424892 0.26860969676811997 -0.6035541436041775
    outer loop
      vertex -57.307849233718656 37.89989927524931 27
      vertex -68.40588573847276 47.79544796542684 17.6
      vertex -68.42992995899706 47.86264706005275 17.6
    endloop
  endfacet
  facet normal 0.7749601563240345 0.46449324222312766 -0.42858229552709587
    outer loop
      vertex -57.769898834762365 38.764333278521875 27
      vertex -68.46044506311557 47.92716582693341 17.6
      vertex -68.49713717369434 47.98838291507422 17.6
    endloop
  endfacet
  facet normal 0.7695242600471786 0.3639578691962862 -0.5247543069370098
    outer loop
      vertex -57.51764057453332 38.34346579755385 27
      vertex -68.42992995899706 47.86264706005275 17.6
      vertex -68.46044506311557 47.92716582693341 17.6
    endloop
  endfacet
  facet normal 0.6535117260103983 0.032104972386250645 -0.7562352112372103
    outer loop
      vertex -56.95132326291411 36.47656781507166 27
      vertex -68.37456961900529 47.58433183651451 17.6
      vertex -68.37807163597095 47.655617029481455 17.6
    endloop
  endfacet
  facet normal 0.6897465276997813 0.10231423233746378 -0.7167855504872364
    outer loop
      vertex -57.02332049425894 36.9619337235045 27
      vertex -68.37807163597095 47.655617029481455 17.6
      vertex -68.3885439605302 47.72621570707169 17.6
    endloop
  endfacet
  facet normal 0.7229613095552835 0.18109238076644982 -0.666732700948775
    outer loop
      vertex -57.14254521761405 37.43790549969617 27
      vertex -68.3885439605302 47.72621570707169 17.6
      vertex -68.40588573847276 47.79544796542684 17.6
    endloop
  endfacet
  facet normal -0.49699284528698384 0.8399804942622848 0.2177863195713542
    outer loop
      vertex -71.33162492575971 50.40472869607751 21.62295880056383
      vertex -72.06064030936795 51.01644523558575 17.6
      vertex -76.95380347753226 48.12129814346756 17.6
    endloop
  endfacet
  facet normal -0.5578897545831666 0.752227254378607 0.3505897595497572
    outer loop
      vertex -71.2370765550999 50.32539319312845 22.097713466935705
      vertex -77.77760067793125 47.570854451313494 17.6
      vertex -71.11892229402902 50.226249996241854 22.498453256587695
    endloop
  endfacet
  facet normal -0.5008432275604563 0.8356064417541186 0.22565002970495263
    outer loop
      vertex -71.33162492575971 50.40472869607751 21.62295880056383
      vertex -77.34993810771978 47.88386418329133 17.6
      vertex -71.26113964954243 50.34558452680017 21.998422177135417
    endloop
  endfacet
  facet normal -0.5315917135320052 0.7955832123713148 0.2906159016589528
    outer loop
      vertex -71.26113964954243 50.34558452680017 21.998422177135417
      vertex -77.40664614094158 47.845973086442314 17.6
      vertex -71.2370765550999 50.32539319312845 22.097713466935705
    endloop
  endfacet
  facet normal -0.5799581195924991 0.706681009303904 0.4052783372053684
    outer loop
      vertex -71.11892229402902 50.226249996241854 22.498453256587695
      vertex -77.83032167088302 47.52758745031471 17.6
      vertex -71.08095624612984 50.1943926994524 22.608332468745694
    endloop
  endfacet
  facet normal 0.6427876096855928 0.7660444431197724 2.917751575325341e-13
    outer loop
      vertex -71.33162492575971 50.40472869607751 21.62295880056383
      vertex -71.26113964954243 50.34558452680017 21.998422177135417
      vertex -72.06064030936795 51.01644523558575 17.6
    endloop
  endfacet
  facet normal 0.642787609685333 0.7660444431199902 5.881947431985013e-13
    outer loop
      vertex -71.26113964954243 50.34558452680017 21.998422177135417
      vertex -71.2370765550999 50.32539319312845 22.097713466935705
      vertex -71.11892229402902 50.226249996241854 22.498453256587695
    endloop
  endfacet
  facet normal 0.642787609686308 0.7660444431191722 1.1545942760754604e-13
    outer loop
      vertex -71.26113964954243 50.34558452680017 21.998422177135417
      vertex -71.11892229402902 50.226249996241854 22.498453256587695
      vertex -71.08095624612984 50.1943926994524 22.608332468745694
    endloop
  endfacet
  facet normal 0.6428092954827818 0.766026245961076 -0.000011819934457543274
    outer loop
      vertex -58.755280475456864 39.851534380237545 27
      vertex -68.6404654123408 48.14652125714195 17.6
      vertex -69.81129571961354 49.12902101993222 17.6
    endloop
  endfacet
  facet normal 0.7622784491934005 0.5653442282555976 -0.31514674276182386
    outer loop
      vertex -58.06219462946141 39.15844853424209 27
      vertex -68.49713717369434 47.98838291507422 17.6
      vertex -68.53965292565056 48.045708770451704 17.6
    endloop
  endfacet
  facet normal 0.6706398312155365 0.739937028700742 -0.052301150510423375
    outer loop
      vertex -58.755280475456864 39.851534380237545 27
      vertex -68.58758286905143 48.09859131374108 17.6
      vertex -68.6404654123408 48.14652125714195 17.6
    endloop
  endfacet
  facet normal 0.7278009023687988 0.6596402874717309 -0.18756475589879437
    outer loop
      vertex -58.391712990342356 39.5220160193566 27
      vertex -68.53965292565056 48.045708770451704 17.6
      vertex -68.58758286905143 48.09859131374108 17.6
    endloop
  endfacet
  facet normal -0.6427876096867405 -0.7660444431188093 1.4515737036322856e-13
    outer loop
      vertex -78.99800299269 43.78351081118152 21.52182387164432
      vertex -77.842424908848 42.813865667233145 24.21654302092705
      vertex -78.44445717367712 43.31903071860809 22.841575694818353
    endloop
  endfacet
  facet normal -0.6427876096865234 -0.7660444431189913 -9.88434139442559e-15
    outer loop
      vertex -79.67254340339426 44.34951742101763 19.83497288233074
      vertex -77.23999414759105 42.30836623765259 25.545107232272592
      vertex -77.57507488205218 42.58953235835354 24.81391119490676
    endloop
  endfacet
  facet normal -0.6427876096868186 -0.7660444431187436 1.887207338861248e-13
    outer loop
      vertex -78.44445717367712 43.31903071860809 22.841575694818353
      vertex -77.842424908848 42.813865667233145 24.21654302092705
      vertex -78.19216088634991 43.107328996964426 23.419588976312685
    endloop
  endfacet
  facet normal -0.6427876096863119 -0.7660444431191691 -1.6562980102439736e-13
    outer loop
      vertex -78.99800299269 43.78351081118152 21.52182387164432
      vertex -77.57507488205218 42.58953235835354 24.81391119490676
      vertex -77.842424908848 42.813865667233145 24.21654302092705
    endloop
  endfacet
  facet normal -0.6427876096865383 -0.766044443118979 -1.5810561859824044e-15
    outer loop
      vertex -79.67254340339426 44.34951742101763 19.83497288233074
      vertex -78.46483104072006 43.336126422929475 17.6
      vertex -69.52037123737232 35.830833500860365 36
    endloop
  endfacet
  facet normal -0.5989691948913489 0.6608606672645464 0.4522157472201379
    outer loop
      vertex -79.67254340339426 44.34951742101763 19.83497288233074
      vertex -79.32967128285708 44.061813551133916 20.709559872823704
      vertex -69.53881632660298 42.47273835115695 36
    endloop
  endfacet
  facet normal -0.6427876096860478 -0.7660444431193904 -3.92732149775977e-13
    outer loop
      vertex -77.23999414759105 42.30836623765259 25.545107232272592
      vertex -75.8280970664341 41.123643917593526 28.53195446137552
      vertex -76.90778571312273 42.02961026281624 26.266477965737305
    endloop
  endfacet
  facet normal -0.6199724526125517 0.6336478690295776 0.4627359247733553
    outer loop
      vertex -79.32967128285708 44.061813551133916 20.709559872823704
      vertex -79.18278126516935 43.93855819146852 21.075142598244184
      vertex -69.8205863300905 42.199477560041586 36
    endloop
  endfacet
  facet normal -0.6456561148099508 0.598145800291052 0.4747102094991179
    outer loop
      vertex -79.18278126516935 43.93855819146852 21.075142598244184
      vertex -78.99800299269 43.78351081118152 21.52182387164432
      vertex -70.08004494649519 41.919410322019814 36
    endloop
  endfacet
  facet normal -0.6511866264136281 0.5902011553531343 0.47709388363283717
    outer loop
      vertex -78.99800299269 43.78351081118152 21.52182387164432
      vertex -78.64542967936195 43.487666674005006 22.369033596820053
      vertex -70.1105794664224 41.88572067088951 36
    endloop
  endfacet
  facet normal -0.6427677633167769 -0.766061095586033 -0.000016440038028056183
    outer loop
      vertex -65.09921331709332 32.12142984661018 27
      vertex -69.52037123737232 35.830833500860365 36
      vertex -78.46483104072006 43.336126422929475 17.6
    endloop
  endfacet
  facet normal 0.6428092954827819 0.7660262459610759 -0.000011819934457604818
    outer loop
      vertex -58.755280475456864 39.851534380237545 27
      vertex -69.81129571961354 49.12902101993222 17.6
      vertex -63.92612054700905 44.1907727031861 36
    endloop
  endfacet
  facet normal 0.6427876096865378 0.7660444431189795 5.908999004422775e-16
    outer loop
      vertex -65.8425988230029 45.798888917731816 36
      vertex -69.81129571961354 49.12902101993222 17.6
      vertex -72.06064030936795 51.01644523558575 17.6
    endloop
  endfacet
  facet normal 0.6427876096865434 0.7660444431189746 -2.7394792883826934e-15
    outer loop
      vertex -71.26113964954243 50.34558452680017 21.998422177135417
      vertex -65.8425988230029 45.798888917731816 36
      vertex -72.06064030936795 51.01644523558575 17.6
    endloop
  endfacet
  facet normal -0.5969431928771477 0.6633589893194543 0.45123572084522356
    outer loop
      vertex -79.67254340339426 44.34951742101763 19.83497288233074
      vertex -69.53881632660298 42.47273835115695 36
      vertex -71.08095624612984 50.1943926994524 22.608332468745694
    endloop
  endfacet
  facet normal 0.6427876096865448 0.7660444431189734 -3.6363206798437375e-15
    outer loop
      vertex -71.26113964954243 50.34558452680017 21.998422177135417
      vertex -71.08095624612984 50.1943926994524 22.608332468745694
      vertex -65.8425988230029 45.798888917731816 36
    endloop
  endfacet
  facet normal 0.2774817824323285 -0.37414087244607314 -0.8848855677337434
    outer loop
      vertex -59.14939573117708 31.829134051911133 27
      vertex -68.6977912677183 46.97962666393084 17.6
      vertex -58.755280475456864 32.12142984661018 27
    endloop
  endfacet
  facet normal 0.3152728904431366 -0.34785003056204744 -0.8829515053442135
    outer loop
      vertex -58.755280475456864 32.12142984661018 27
      vertex -68.64046541234082 47.02214241588706 17.6
      vertex -58.391712990342356 32.45094820749112 27
    endloop
  endfacet
  facet normal 0.35261345889447876 -0.31959021022706136 -0.8795031814231796
    outer loop
      vertex -58.391712990342356 32.45094820749112 27
      vertex -68.58758286905143 47.07007235928793 17.6
      vertex -58.06219462946141 32.81451569260563 27
    endloop
  endfacet
  facet normal 0.3897358146838015 -0.2890477798620207 -0.8743897161504076
    outer loop
      vertex -58.06219462946141 32.81451569260563 27
      vertex -68.53965292565056 47.122954902577305 17.6
      vertex -57.769898834762365 33.20863094832585 27
    endloop
  endfacet
  facet normal 0.42684444466626303 -0.255840714403225 -0.8673807404543847
    outer loop
      vertex -57.769898834762365 33.20863094832585 27
      vertex -68.49713717369434 47.18028075795479 17.6
      vertex -57.51764057453332 33.629498429293875 27
    endloop
  endfacet
  facet normal 0.46410955028212736 -0.21950746943821167 -0.858148469786991
    outer loop
      vertex -57.51764057453332 33.629498429293875 27
      vertex -68.46044506311557 47.2414978460956 17.6
      vertex -57.307849233718656 34.07306495159841 27
    endloop
  endfacet
  facet normal 0.5016535890481001 -0.17949452427936985 -0.8462419230627154
    outer loop
      vertex -57.307849233718656 34.07306495159841 27
      vertex -68.42992995899706 47.30601661297626 17.6
      vertex -57.14254521761405 34.53505872715155 27
    endloop
  endfacet
  facet normal 0.5395270810917859 -0.13514449848357185 -0.8310514384189472
    outer loop
      vertex -57.14254521761405 34.53505872715155 27
      vertex -68.40588573847276 47.37321570760217 17.6
      vertex -57.02332049425894 35.01103050334322 27
    endloop
  endfacet
  facet normal 0.5776679541056552 -0.08568894644151735 -0.8117617503043176
    outer loop
      vertex -57.02332049425894 35.01103050334322 27
      vertex -68.3885439605302 47.44244796595732 17.6
      vertex -56.95132326291411 35.49639641177606 27
    endloop
  endfacet
  facet normal 0.6158360571817124 -0.030254085463786676 -0.7872932369756727
    outer loop
      vertex -56.95132326291411 35.49639641177606 27
      vertex -68.37807163597095 47.513046643547554 17.6
      vertex -56.92724689627509 35.98648211342386 27
    endloop
  endfacet
  facet normal 0.6535117260104274 0.032104972386299134 -0.7562352112371832
    outer loop
      vertex -56.92724689627509 35.98648211342386 27
      vertex -68.37456961900529 47.58433183651451 17.6
      vertex -56.95132326291411 36.47656781507166 27
    endloop
  endfacet
  facet normal 0.6897465276997954 0.10231423233749316 -0.7167855504872185
    outer loop
      vertex -56.95132326291411 36.47656781507166 27
      vertex -68.37807163597095 47.655617029481455 17.6
      vertex -57.02332049425894 36.9619337235045 27
    endloop
  endfacet
  facet normal 0.7229613095552841 0.18109238076643178 -0.6667327009487795
    outer loop
      vertex -57.02332049425894 36.9619337235045 27
      vertex -68.3885439605302 47.72621570707169 17.6
      vertex -57.14254521761405 37.43790549969617 27
    endloop
  endfacet
  facet normal 0.7622784491933847 0.5653442282556788 -0.3151467427617158
    outer loop
      vertex -58.06219462946141 39.15844853424209 27
      vertex -57.769898834762365 38.764333278521875 27
      vertex -68.49713717369434 47.98838291507422 17.6
    endloop
  endfacet
  facet normal 0.7278009023688665 0.6596402874716053 -0.18756475589897392
    outer loop
      vertex -58.06219462946141 39.15844853424209 27
      vertex -68.53965292565056 48.045708770451704 17.6
      vertex -58.391712990342356 39.5220160193566 27
    endloop
  endfacet
  facet normal 0.6706398312154457 0.7399370287008373 -0.05230115051023802
    outer loop
      vertex -58.755280475456864 39.851534380237545 27
      vertex -58.391712990342356 39.5220160193566 27
      vertex -68.58758286905143 48.09859131374108 17.6
    endloop
  endfacet
  facet normal 0.7507138113425015 0.26860969676817115 -0.6035541436041394
    outer loop
      vertex -57.14254521761405 37.43790549969617 27
      vertex -68.40588573847276 47.79544796542684 17.6
      vertex -57.307849233718656 37.89989927524931 27
    endloop
  endfacet
  facet normal 0.769524260047164 0.3639578691961474 -0.5247543069371272
    outer loop
      vertex -57.51764057453332 38.34346579755385 27
      vertex -57.307849233718656 37.89989927524931 27
      vertex -68.42992995899706 47.86264706005275 17.6
    endloop
  endfacet
  facet normal 0.7749601563240355 0.4644932422231586 -0.42858229552706045
    outer loop
      vertex -57.51764057453332 38.34346579755385 27
      vertex -68.46044506311557 47.92716582693341 17.6
      vertex -57.769898834762365 38.764333278521875 27
    endloop
  endfacet
  facet normal -0.5956993044924437 -0.8032075314806372 -5.442764437455344e-19
    outer loop
      vertex -64.7050980613731 31.829134051911133 27
      vertex -65.09921331709332 32.12142984661018 36
      vertex -65.09921331709332 32.12142984661018 27
    endloop
  endfacet
  facet normal -0.5141027441932167 -0.8577286100002749 0
    outer loop
      vertex -64.7050980613731 31.829134051911133 27
      vertex -64.28423058040508 31.576875791682085 27
      vertex -64.7050980613731 31.829134051911133 36
    endloop
  endfacet
  facet normal -0.5956993044924437 -0.8032075314806372 0
    outer loop
      vertex -64.7050980613731 31.829134051911133 27
      vertex -64.7050980613731 31.829134051911133 36
      vertex -65.09921331709332 32.12142984661018 36
    endloop
  endfacet
  facet normal -0.5141027441932167 -0.8577286100002749 0
    outer loop
      vertex -64.28423058040508 31.576875791682085 27
      vertex -64.28423058040508 31.576875791682085 36
      vertex -64.7050980613731 31.829134051911133 36
    endloop
  endfacet
  facet normal -0.4275550934302826 -0.903989293123443 0
    outer loop
      vertex -64.28423058040508 31.576875791682085 27
      vertex -63.84066405810054 31.367084450867427 36
      vertex -64.28423058040508 31.576875791682085 36
    endloop
  endfacet
  facet normal -0.6427481230127337 -0.7660775746382399 0
    outer loop
      vertex -65.09921331709332 32.12142984661018 27
      vertex -65.09921331709332 32.12142984661018 36
      vertex -69.52037123737232 35.830833500860365 36
    endloop
  endfacet
  facet normal 0 0 1
    outer loop
      vertex -64.7050980613731 31.829134051911133 36
      vertex -63.84066405810054 31.367084450867427 36
      vertex -65.09921331709332 32.12142984661018 36
    endloop
  endfacet
  facet normal 0 0 1
    outer loop
      vertex -65.09921331709332 32.12142984661018 36
      vertex -63.84066405810054 31.367084450867427 36
      vertex -63.378670282547404 31.201780434762817 36
    endloop
  endfacet
  facet normal 0 0 1
    outer loop
      vertex -64.7050980613731 31.829134051911133 36
      vertex -64.28423058040508 31.576875791682085 36
      vertex -63.84066405810054 31.367084450867427 36
    endloop
  endfacet
  facet normal 0 0 1
    outer loop
      vertex -65.09921331709332 32.12142984661018 36
      vertex -63.378670282547404 31.201780434762817 36
      vertex -71.97141621994872 37.88750444173916 36
    endloop
  endfacet
  facet normal 0 0 1
    outer loop
      vertex -69.52037123737232 35.830833500860365 36
      vertex -65.09921331709332 32.12142984661018 36
      vertex -71.97141621994872 37.88750444173916 36
    endloop
  endfacet
  facet normal 0 0 1
    outer loop
      vertex -71.97141621994872 37.88750444173916 36
      vertex -63.378670282547404 31.201780434762817 36
      vertex -63.64568275048335 35.83613845718415 36
    endloop
  endfacet
  facet normal -0.6427876096873094 -0.7660444431183319 6.283934058449288e-13
    outer loop
      vertex -76.90778571312273 42.02961026281624 26.266477965737305
      vertex -76.12598024745063 41.37359758491841 27.913430081469578
      vertex -76.56051422554947 41.73821488567514 27.00700543718695
    endloop
  endfacet
  facet normal -0.642787609686541 -0.7660444431189766 1.5797795307723845e-15
    outer loop
      vertex -79.67254340339426 44.34951742101763 19.83497288233074
      vertex -69.52037123737232 35.830833500860365 36
      vertex -77.23999414759105 42.30836623765259 25.545107232272592
    endloop
  endfacet
  facet normal -0.6697470430290398 0.5619844875100418 0.4853991493110938
    outer loop
      vertex -78.64542967936195 43.487666674005006 22.369033596820053
      vertex -78.44445717367712 43.31903071860809 22.841575694818353
      vertex -70.33367380362871 41.61984718864723 36
    endloop
  endfacet
  facet normal -0.6923868420112231 0.5253121876911742 0.49461860708311234
    outer loop
      vertex -78.44445717367712 43.31903071860809 22.841575694818353
      vertex -78.19216088634991 43.107328996964426 23.419588976312685
      vertex -70.33367380362871 41.61984718864723 36
    endloop
  endfacet
  facet normal -0.6427876096865937 -0.7660444431189325 3.8552303967180066e-14
    outer loop
      vertex -76.90778571312273 42.02961026281624 26.266477965737305
      vertex -75.8280970664341 41.123643917593526 28.53195446137552
      vertex -76.12598024745063 41.37359758491841 27.913430081469578
    endloop
  endfacet
  facet normal -0.6427876096869055 -0.7660444431186708 3.0270785016298533e-13
    outer loop
      vertex -77.23999414759105 42.30836623765259 25.545107232272592
      vertex -75.38646473802106 40.753070393706174 29.43342212586599
      vertex -75.8280970664341 41.123643917593526 28.53195446137552
    endloop
  endfacet
  facet normal -0.6972572278288063 0.51712120391136 0.4964050953664294
    outer loop
      vertex -78.19216088634991 43.107328996964426 23.419588976312685
      vertex -77.842424908848 42.813865667233145 24.21654302092705
      vertex -70.59151700028666 41.27917683244015 36
    endloop
  endfacet
  facet normal -0.6427876096865927 -0.7660444431189333 3.975668466749439e-14
    outer loop
      vertex -77.23999414759105 42.30836623765259 25.545107232272592
      vertex -74.59006536361576 40.08481197237287 31.02324374853252
      vertex -75.38646473802106 40.753070393706174 29.43342212586599
    endloop
  endfacet
  facet normal -0.7135228041684833 0.48810212142873177 0.5026345859452129
    outer loop
      vertex -77.842424908848 42.813865667233145 24.21654302092705
      vertex -77.57507488205218 42.58953235835354 24.81391119490676
      vertex -70.78747698108401 40.99271646100385 36
    endloop
  endfacet
  facet normal -0.733300427541302 0.45046809578708064 0.5092631713031146
    outer loop
      vertex -77.57507488205218 42.58953235835354 24.81391119490676
      vertex -77.23999414759105 42.30836623765259 25.545107232272592
      vertex -70.78747698108401 40.99271646100385 36
    endloop
  endfacet
  facet normal -0.642787609688671 -0.7660444431171894 1.816133969475274e-12
    outer loop
      vertex -74.83500245358307 40.29033859422608 30.535770321221108
      vertex -75.38646473802106 40.753070393706174 29.43342212586599
      vertex -74.59006536361576 40.08481197237287 31.02324374853252
    endloop
  endfacet
  facet normal -0.737548935116436 0.4420698191704934 0.5104858894104503
    outer loop
      vertex -77.23999414759105 42.30836623765259 25.545107232272592
      vertex -76.90778571312273 42.02961026281624 26.266477965737305
      vertex -71.01068708499086 40.628413410102226 36
    endloop
  endfacet
  facet normal -0.751650990231932 0.41236985829802275 0.5147542023632491
    outer loop
      vertex -76.90778571312273 42.02961026281624 26.266477965737305
      vertex -76.56051422554947 41.73821488567514 27.00700543718695
      vertex -71.01068708499086 40.628413410102226 36
    endloop
  endfacet
  facet normal -0.6427876096865394 -0.766044443118978 -7.13621039500003e-16
    outer loop
      vertex -77.23999414759105 42.30836623765259 25.545107232272592
      vertex -69.52037123737232 35.830833500860365 36
      vertex -74.59006536361576 40.08481197237287 31.02324374853252
    endloop
  endfacet
  facet normal -0.7844152599877711 0.33498606863407343 0.5219933272747893
    outer loop
      vertex -75.8280970664341 41.123643917593526 28.53195446137552
      vertex -75.38646473802106 40.753070393706174 29.43342212586599
      vertex -71.36405274073012 39.939697820314315 36
    endloop
  endfacet
  facet normal -0.7687182021992351 0.37389145728215833 0.5189195542461276
    outer loop
      vertex -76.56051422554947 41.73821488567514 27.00700543718695
      vertex -76.12598024745063 41.37359758491841 27.913430081469578
      vertex -71.17762542070113 40.32412500778741 36
    endloop
  endfacet
  facet normal -0.7723753704958504 0.3653063440105144 0.5196032737359045
    outer loop
      vertex -76.12598024745063 41.37359758491841 27.913430081469578
      vertex -75.8280970664341 41.123643917593526 28.53195446137552
      vertex -71.36405274073012 39.939697820314315 36
    endloop
  endfacet
  facet normal -0.6456561148099853 0.5981458002910033 0.4747102094991324
    outer loop
      vertex -79.18278126516935 43.93855819146852 21.075142598244184
      vertex -70.08004494649519 41.919410322019814 36
      vertex -69.8205863300905 42.199477560041586 36
    endloop
  endfacet
  facet normal -0.6511866264135594 0.5902011553532329 0.47709388363280913
    outer loop
      vertex -78.99800299269 43.78351081118152 21.52182387164432
      vertex -70.1105794664224 41.88572067088951 36
      vertex -70.08004494649519 41.919410322019814 36
    endloop
  endfacet
  facet normal -0.6697470430290151 0.5619844875100795 0.485399149311084
    outer loop
      vertex -78.64542967936195 43.487666674005006 22.369033596820053
      vertex -70.33367380362871 41.61984718864723 36
      vertex -70.1105794664224 41.88572067088951 36
    endloop
  endfacet
  facet normal -0.6199724526125275 0.6336478690296093 0.46273592477334435
    outer loop
      vertex -79.32967128285708 44.061813551133916 20.709559872823704
      vertex -69.8205863300905 42.199477560041586 36
      vertex -69.57250597773329 42.442203831229754 36
    endloop
  endfacet
  facet normal -0.5989691948913606 0.6608606672645306 0.45221574722014524
    outer loop
      vertex -79.32967128285708 44.061813551133916 20.709559872823704
      vertex -69.57250597773329 42.442203831229754 36
      vertex -69.53881632660298 42.47273835115695 36
    endloop
  endfacet
  facet normal 0.6427876096865406 0.766044443118977 -4.763929911963214e-16
    outer loop
      vertex -65.8425988230029 45.798888917731816 36
      vertex -63.92612054700905 44.1907727031861 36
      vertex -69.81129571961354 49.12902101993222 17.6
    endloop
  endfacet
  facet normal -0.798879677549995 0.2957127142784968 0.5237797737710577
    outer loop
      vertex -74.83500245358307 40.29033859422608 30.535770321221108
      vertex -71.63289318290798 39.26247286958605 36
      vertex -75.38646473802106 40.753070393706174 29.43342212586599
    endloop
  endfacet
  facet normal -0.6427876096866595 -0.7660444431188773 1.0669916888282107e-13
    outer loop
      vertex -74.59006536361576 40.08481197237287 31.02324374853252
      vertex -73.18158330020975 38.90295519244908 33.745528748221005
      vertex -74.03939786541706 39.622747077733024 32.101311429748336
    endloop
  endfacet
  facet normal -0.8019654260683009 0.2869478177437381 0.523939314504261
    outer loop
      vertex -74.83500245358307 40.29033859422608 30.535770321221108
      vertex -74.59006536361576 40.08481197237287 31.02324374853252
      vertex -71.63289318290798 39.26247286958605 36
    endloop
  endfacet
  facet normal -0.8120054621072837 0.25602433568138316 0.5244984928928232
    outer loop
      vertex -74.59006536361576 40.08481197237287 31.02324374853252
      vertex -74.03939786541706 39.622747077733024 32.101311429748336
      vertex -71.7525778643568 38.88865300367496 36
    endloop
  endfacet
  facet normal -0.64278760968616 -0.7660444431192963 -3.6204977772890987e-13
    outer loop
      vertex -74.03939786541706 39.622747077733024 32.101311429748336
      vertex -73.18158330020975 38.90295519244908 33.745528748221005
      vertex -73.35377945242712 39.047444920264816 33.41660023169169
    endloop
  endfacet
  facet normal -0.642787609686615 -0.7660444431189146 6.891101694969332e-14
    outer loop
      vertex -74.59006536361576 40.08481197237287 31.02324374853252
      vertex -71.97141621994872 37.88750444173916 36
      vertex -73.18158330020975 38.90295519244908 33.745528748221005
    endloop
  endfacet
  facet normal -0.7723753704958212 0.36530634401058315 0.5196032737359
    outer loop
      vertex -76.12598024745063 41.37359758491841 27.913430081469578
      vertex -71.36405274073012 39.939697820314315 36
      vertex -71.34461261648474 39.980800509639835 36
    endloop
  endfacet
  facet normal -0.7687182021992326 0.373891457282165 0.5189195542461267
    outer loop
      vertex -76.12598024745063 41.37359758491841 27.913430081469578
      vertex -71.34461261648474 39.980800509639835 36
      vertex -71.17762542070113 40.32412500778741 36
    endloop
  endfacet
  facet normal -0.6972572278288877 0.5171212039112221 0.49640509536645866
    outer loop
      vertex -78.19216088634991 43.107328996964426 23.419588976312685
      vertex -70.59151700028666 41.27917683244015 36
      vertex -70.56443167568135 41.315697165016545 36
    endloop
  endfacet
  facet normal -0.6923868420112269 0.5253121876911677 0.4946186070831139
    outer loop
      vertex -78.19216088634991 43.107328996964426 23.419588976312685
      vertex -70.56443167568135 41.315697165016545 36
      vertex -70.33367380362871 41.61984718864723 36
    endloop
  endfacet
  facet normal -0.713522804168468 0.48810212142875975 0.5026345859452078
    outer loop
      vertex -77.842424908848 42.813865667233145 24.21654302092705
      vertex -70.78747698108401 40.99271646100385 36
      vertex -70.59151700028666 41.27917683244015 36
    endloop
  endfacet
  facet normal -0.7375489351163863 0.44206981917059474 0.5104858894104344
    outer loop
      vertex -77.23999414759105 42.30836623765259 25.545107232272592
      vertex -71.01068708499086 40.628413410102226 36
      vertex -70.98731180218971 40.66741271335795 36
    endloop
  endfacet
  facet normal -0.7333004275413075 0.4504680957870696 0.5092631713031164
    outer loop
      vertex -77.23999414759105 42.30836623765259 25.545107232272592
      vertex -70.98731180218971 40.66741271335795 36
      vertex -70.78747698108401 40.99271646100385 36
    endloop
  endfacet
  facet normal -0.7516509902319293 0.41236985829802913 0.5147542023632481
    outer loop
      vertex -76.56051422554947 41.73821488567514 27.00700543718695
      vertex -71.17762542070113 40.32412500778741 36
      vertex -71.01068708499086 40.628413410102226 36
    endloop
  endfacet
  facet normal -0.6427876096865415 -0.7660444431189763 2.940658725276613e-15
    outer loop
      vertex -69.52037123737232 35.830833500860365 36
      vertex -71.97141621994872 37.88750444173916 36
      vertex -74.59006536361576 40.08481197237287 31.02324374853252
    endloop
  endfacet
  facet normal -0.8239204177125082 0.2159593681563423 0.5239434097132621
    outer loop
      vertex -74.03939786541706 39.622747077733024 32.101311429748336
      vertex -73.35377945242712 39.047444920264816 33.41660023169169
      vertex -71.84937715968049 38.51934781206304 36
    endloop
  endfacet
  facet normal -0.7988796775499999 0.2957127142784835 0.5237797737710574
    outer loop
      vertex -75.38646473802106 40.753070393706174 29.43342212586599
      vertex -71.63289318290798 39.26247286958605 36
      vertex -71.50036176564032 39.62051177281806 36
    endloop
  endfacet
  facet normal -0.7844152599877718 0.33498606863407127 0.5219933272747898
    outer loop
      vertex -75.38646473802106 40.753070393706174 29.43342212586599
      vertex -71.50036176564032 39.62051177281806 36
      vertex -71.36405274073012 39.939697820314315 36
    endloop
  endfacet
  facet normal -0.8264420468355141 0.20701295608623552 0.5235830203843169
    outer loop
      vertex -73.35377945242712 39.047444920264816 33.41660023169169
      vertex -73.18158330020975 38.90295519244908 33.745528748221005
      vertex -71.84937715968049 38.51934781206304 36
    endloop
  endfacet
  facet normal -0.8120054621072816 0.2560243356813892 0.5244984928928235
    outer loop
      vertex -74.59006536361576 40.08481197237287 31.02324374853252
      vertex -71.7525778643568 38.88865300367496 36
      vertex -71.64821092957405 39.21966263555795 36
    endloop
  endfacet
  facet normal -0.8019654260682952 0.2869478177437579 0.5239393145042592
    outer loop
      vertex -74.59006536361576 40.08481197237287 31.02324374853252
      vertex -71.64821092957405 39.21966263555795 36
      vertex -71.63289318290798 39.26247286958605 36
    endloop
  endfacet
  facet normal -0.8239204177125041 0.21595936815635497 0.5239434097132635
    outer loop
      vertex -74.03939786541706 39.622747077733024 32.101311429748336
      vertex -71.84937715968049 38.51934781206304 36
      vertex -71.7525778643568 38.88865300367496 36
    endloop
  endfacet
  facet normal -0.6427876096863806 -0.7660444431191111 -1.385052070166686e-13
    outer loop
      vertex -73.18158330020975 38.90295519244908 33.745528748221005
      vertex -71.97141621994872 37.88750444173916 36
      vertex -72.5080577065357 38.337800115208715 35.01146895030752
    endloop
  endfacet
  facet normal -0.8344989066116151 0.17547626263995797 0.5223214107366567
    outer loop
      vertex -73.18158330020975 38.90295519244908 33.745528748221005
      vertex -72.5080577065357 38.337800115208715 35.01146895030752
      vertex -71.93184478822312 38.13559679955095 36
    endloop
  endfacet
  facet normal -0.834498906611608 0.1754762626399807 0.5223214107366607
    outer loop
      vertex -73.18158330020975 38.90295519244908 33.745528748221005
      vertex -71.93184478822312 38.13559679955095 36
      vertex -71.86042501049332 38.475242319288526 36
    endloop
  endfacet
  facet normal -0.826442046835535 0.2070129560861551 0.5235830203843159
    outer loop
      vertex -73.18158330020975 38.90295519244908 33.745528748221005
      vertex -71.86042501049332 38.475242319288526 36
      vertex -71.84937715968049 38.51934781206304 36
    endloop
  endfacet
  facet normal -0.8438559084942499 0.13459740059611533 0.519413847959518
    outer loop
      vertex -72.5080577065357 38.337800115208715 35.01146895030752
      vertex -71.97141621994872 37.88750444173916 36
      vertex -71.93184478822312 38.13559679955095 36
    endloop
  endfacet
  facet normal 0 0 1
    outer loop
      vertex -71.97141621994872 37.88750444173916 36
      vertex -71.86042501049332 38.475242319288526 36
      vertex -71.93184478822312 38.13559679955095 36
    endloop
  endfacet
  facet normal 0 0 1
    outer loop
      vertex -71.97141621994872 37.88750444173916 36
      vertex -71.7525778643568 38.88865300367496 36
      vertex -71.86042501049332 38.475242319288526 36
    endloop
  endfacet
  facet normal 0 0 1
    outer loop
      vertex -71.86042501049332 38.475242319288526 36
      vertex -71.7525778643568 38.88865300367496 36
      vertex -71.84937715968049 38.51934781206304 36
    endloop
  endfacet
  facet normal 0 0 1
    outer loop
      vertex -71.97141621994872 37.88750444173916 36
      vertex -71.36405274073012 39.939697820314315 36
      vertex -71.7525778643568 38.88865300367496 36
    endloop
  endfacet
  facet normal 0 0 1
    outer loop
      vertex -71.7525778643568 38.88865300367496 36
      vertex -71.63289318290798 39.26247286958605 36
      vertex -71.64821092957405 39.21966263555795 36
    endloop
  endfacet
  facet normal 0 0 1
    outer loop
      vertex -71.7525778643568 38.88865300367496 36
      vertex -71.36405274073012 39.939697820314315 36
      vertex -71.63289318290798 39.26247286958605 36
    endloop
  endfacet
  facet normal 0 0 1
    outer loop
      vertex -71.63289318290798 39.26247286958605 36
      vertex -71.36405274073012 39.939697820314315 36
      vertex -71.50036176564032 39.62051177281806 36
    endloop
  endfacet
  facet normal 0 0 1
    outer loop
      vertex -71.97141621994872 37.88750444173916 36
      vertex -70.33367380362871 41.61984718864723 36
      vertex -71.36405274073012 39.939697820314315 36
    endloop
  endfacet
  facet normal 0 0 1
    outer loop
      vertex -71.36405274073012 39.939697820314315 36
      vertex -71.17762542070113 40.32412500778741 36
      vertex -71.34461261648474 39.980800509639835 36
    endloop
  endfacet
  facet normal 0 0 1
    outer loop
      vertex -71.36405274073012 39.939697820314315 36
      vertex -70.98731180218971 40.66741271335795 36
      vertex -71.17762542070113 40.32412500778741 36
    endloop
  endfacet
  facet normal 0 0 1
    outer loop
      vertex -71.17762542070113 40.32412500778741 36
      vertex -70.98731180218971 40.66741271335795 36
      vertex -71.01068708499086 40.628413410102226 36
    endloop
  endfacet
  facet normal 0 0 1
    outer loop
      vertex -71.36405274073012 39.939697820314315 36
      vertex -70.33367380362871 41.61984718864723 36
      vertex -70.98731180218971 40.66741271335795 36
    endloop
  endfacet
  facet normal 0 0 1
    outer loop
      vertex -70.98731180218971 40.66741271335795 36
      vertex -70.33367380362871 41.61984718864723 36
      vertex -70.78747698108401 40.99271646100385 36
    endloop
  endfacet
  facet normal 0 0 1
    outer loop
      vertex -70.78747698108401 40.99271646100385 36
      vertex -70.33367380362871 41.61984718864723 36
      vertex -70.59151700028666 41.27917683244015 36
    endloop
  endfacet
  facet normal 0 0 1
    outer loop
      vertex -70.59151700028666 41.27917683244015 36
      vertex -70.33367380362871 41.61984718864723 36
      vertex -70.56443167568135 41.315697165016545 36
    endloop
  endfacet
  facet normal 0 0 1
    outer loop
      vertex -71.97141621994872 37.88750444173916 36
      vertex -65.8425988230029 45.798888917731816 36
      vertex -70.33367380362871 41.61984718864723 36
    endloop
  endfacet
  facet normal 0 0 1
    outer loop
      vertex -70.33367380362871 41.61984718864723 36
      vertex -70.08004494649519 41.919410322019814 36
      vertex -70.1105794664224 41.88572067088951 36
    endloop
  endfacet
  facet normal 0 0 1
    outer loop
      vertex -70.33367380362871 41.61984718864723 36
      vertex -69.57250597773329 42.442203831229754 36
      vertex -70.08004494649519 41.919410322019814 36
    endloop
  endfacet
  facet normal 0 0 1
    outer loop
      vertex -70.08004494649519 41.919410322019814 36
      vertex -69.57250597773329 42.442203831229754 36
      vertex -69.8205863300905 42.199477560041586 36
    endloop
  endfacet
  facet normal 0 0 1
    outer loop
      vertex -71.97141621994872 37.88750444173916 36
      vertex -63.572408636315785 36.505199617568735 36
      vertex -65.8425988230029 45.798888917731816 36
    endloop
  endfacet
  facet normal 0 0 1
    outer loop
      vertex -71.97141621994872 37.88750444173916 36
      vertex -63.64568275048335 35.83613845718415 36
      vertex -63.572408636315785 36.505199617568735 36
    endloop
  endfacet
  facet normal 0 0 1
    outer loop
      vertex -65.8425988230029 45.798888917731816 36
      vertex -63.572408636315785 36.505199617568735 36
      vertex -63.248673560655334 37.095290740133144 36
    endloop
  endfacet
  facet normal 0 0 1
    outer loop
      vertex -70.33367380362871 41.61984718864723 36
      vertex -65.8425988230029 45.798888917731816 36
      vertex -69.57250597773329 42.442203831229754 36
    endloop
  endfacet
  facet normal 0 0 1
    outer loop
      vertex -69.57250597773329 42.442203831229754 36
      vertex -65.8425988230029 45.798888917731816 36
      vertex -69.53881632660298 42.47273835115695 36
    endloop
  endfacet
  facet normal -0.5969431928771479 0.6633589893194541 0.4512357208452235
    outer loop
      vertex -71.08095624612984 50.1943926994524 22.608332468745694
      vertex -69.53881632660298 42.47273835115695 36
      vertex -65.8425988230029 45.798888917731816 36
    endloop
  endfacet
  facet normal 0.24298017990326795 -0.970031253194543 1.2249833039772012e-15
    outer loop
      vertex -60.951795286194454 31.082555711407707 27
      vertex -60.47582351000278 31.201780434762817 27
      vertex -60.796803386252925 31.121379161278337 28
    endloop
  endfacet
  facet normal 0.3368898533922174 -0.9415440651830217 0
    outer loop
      vertex -60.47582351000278 31.201780434762817 27
      vertex -60.013829734449644 31.367084450867427 27
      vertex -60.47582351000278 31.201780434762817 28
    endloop
  endfacet
  facet normal 0.4275550934302827 -0.9039892931234431 0
    outer loop
      vertex -60.013829734449644 31.367084450867427 27
      vertex -59.57026321214511 31.576875791682085 27
      vertex -60.013829734449644 31.367084450867427 28
    endloop
  endfacet
  facet normal 0.5141027441932168 -0.8577286100002751 0
    outer loop
      vertex -59.57026321214511 31.576875791682085 27
      vertex -59.14939573117708 31.829134051911133 27
      vertex -59.57026321214511 31.576875791682085 28
    endloop
  endfacet
  facet normal 0.5956993044924368 -0.8032075314806424 0
    outer loop
      vertex -59.14939573117708 31.829134051911133 27
      vertex -58.755280475456864 32.12142984661018 27
      vertex -59.14939573117708 31.829134051911133 28
    endloop
  endfacet
  facet normal 0.24298017990326437 -0.9700312531945439 0
    outer loop
      vertex -60.47582351000278 31.201780434762817 27
      vertex -60.47582351000278 31.201780434762817 28
      vertex -60.796803386252925 31.121379161278337 28
    endloop
  endfacet
  facet normal 0.3368898533922174 -0.9415440651830217 0
    outer loop
      vertex -60.013829734449644 31.367084450867427 27
      vertex -60.013829734449644 31.367084450867427 28
      vertex -60.47582351000278 31.201780434762817 28
    endloop
  endfacet
  facet normal 0.4275550934302827 -0.9039892931234431 0
    outer loop
      vertex -59.57026321214511 31.576875791682085 27
      vertex -59.57026321214511 31.576875791682085 28
      vertex -60.013829734449644 31.367084450867427 28
    endloop
  endfacet
  facet normal 0.5141027441932168 -0.8577286100002751 0
    outer loop
      vertex -59.14939573117708 31.829134051911133 27
      vertex -59.14939573117708 31.829134051911133 28
      vertex -59.57026321214511 31.576875791682085 28
    endloop
  endfacet
  facet normal 0.5956993044924368 -0.8032075314806424 0
    outer loop
      vertex -58.755280475456864 32.12142984661018 27
      vertex -58.755280475456864 32.12142984661018 28
      vertex -59.14939573117708 31.829134051911133 28
    endloop
  endfacet
  facet normal 0.24298017990327891 -0.9700312531945402 -5.755727653314749e-16
    outer loop
      vertex -60.951795286194454 31.082555711407707 27
      vertex -60.796803386252925 31.121379161278337 28
      vertex -60.79680338625292 31.121379161278337 31
    endloop
  endfacet
  facet normal 0.6715589548470197 -0.740951125354958 0
    outer loop
      vertex -58.755280475456864 32.12142984661018 27
      vertex -58.391712990342356 32.45094820749112 27
      vertex -58.755280475456864 32.12142984661018 28
    endloop
  endfacet
  facet normal 0.6715589548470197 -0.740951125354958 -1.532226591592596e-18
    outer loop
      vertex -58.755280475456864 32.12142984661018 28
      vertex -58.391712990342356 32.45094820749112 27
      vertex -58.391712990342356 32.45094820749112 28
    endloop
  endfacet
  facet normal 0.740951125354958 -0.6715589548470197 0
    outer loop
      vertex -58.391712990342356 32.45094820749112 27
      vertex -58.06219462946141 32.81451569260563 27
      vertex -58.391712990342356 32.45094820749112 28
    endloop
  endfacet
  facet normal 0.8032075314806424 -0.5956993044924368 0
    outer loop
      vertex -58.06219462946141 32.81451569260563 27
      vertex -57.769898834762365 33.20863094832585 27
      vertex -58.06219462946141 32.81451569260563 28
    endloop
  endfacet
  facet normal 0.8577286100002751 -0.5141027441932168 0
    outer loop
      vertex -57.769898834762365 33.20863094832585 27
      vertex -57.51764057453332 33.629498429293875 27
      vertex -57.769898834762365 33.20863094832585 28
    endloop
  endfacet
  facet normal 0.9039892931234403 -0.4275550934302886 0
    outer loop
      vertex -57.51764057453332 33.629498429293875 27
      vertex -57.307849233718656 34.07306495159841 27
      vertex -57.51764057453332 33.629498429293875 28
    endloop
  endfacet
  facet normal 0.941544065183024 -0.336889853392211 0
    outer loop
      vertex -57.307849233718656 34.07306495159841 27
      vertex -57.14254521761405 34.53505872715155 27
      vertex -57.307849233718656 34.07306495159841 28
    endloop
  endfacet
  facet normal 0.740951125354958 -0.6715589548470197 0
    outer loop
      vertex -58.06219462946141 32.81451569260563 27
      vertex -58.06219462946141 32.81451569260563 28
      vertex -58.391712990342356 32.45094820749112 28
    endloop
  endfacet
  facet normal 0.8032075314806424 -0.5956993044924368 0
    outer loop
      vertex -57.769898834762365 33.20863094832585 27
      vertex -57.769898834762365 33.20863094832585 28
      vertex -58.06219462946141 32.81451569260563 28
    endloop
  endfacet
  facet normal 0.8577286100002751 -0.5141027441932168 0
    outer loop
      vertex -57.51764057453332 33.629498429293875 27
      vertex -57.51764057453332 33.629498429293875 28
      vertex -57.769898834762365 33.20863094832585 28
    endloop
  endfacet
  facet normal 0.9039892931234403 -0.4275550934302886 0
    outer loop
      vertex -57.307849233718656 34.07306495159841 27
      vertex -57.307849233718656 34.07306495159841 28
      vertex -57.51764057453332 33.629498429293875 28
    endloop
  endfacet
  facet normal 0.941544065183024 -0.336889853392211 -1.208532104109592e-17
    outer loop
      vertex -57.307849233718656 34.07306495159841 28
      vertex -57.14254521761405 34.53505872715155 27
      vertex -57.14254521761405 34.53505872715155 28
    endloop
  endfacet
  facet normal 0.970031253194543 -0.24298017990326795 0
    outer loop
      vertex -57.14254521761405 34.53505872715155 27
      vertex -57.02332049425894 35.01103050334322 27
      vertex -57.14254521761405 34.53505872715155 28
    endloop
  endfacet
  facet normal 0.9891765099647813 -0.14673047445535878 0
    outer loop
      vertex -57.02332049425894 35.01103050334322 27
      vertex -56.95132326291411 35.49639641177606 27
      vertex -57.02332049425894 35.01103050334322 28
    endloop
  endfacet
  facet normal 0.9987954562051724 -0.04906767432741743 2.901847907215793e-15
    outer loop
      vertex -56.95132326291411 35.49639641177606 27
      vertex -56.92724689627509 35.98648211342386 27
      vertex -56.94040828488453 35.71857589368459 28
    endloop
  endfacet
  facet normal 0.970031253194543 -0.24298017990326795 0
    outer loop
      vertex -57.02332049425894 35.01103050334322 27
      vertex -57.02332049425894 35.01103050334322 28
      vertex -57.14254521761405 34.53505872715155 28
    endloop
  endfacet
  facet normal 0.9891765099647813 -0.14673047445535878 0
    outer loop
      vertex -56.95132326291411 35.49639641177606 27
      vertex -56.95132326291411 35.49639641177606 28
      vertex -57.02332049425894 35.01103050334322 28
    endloop
  endfacet
  facet normal 0.9987954562051731 -0.04906767432740441 0
    outer loop
      vertex -56.95132326291411 35.49639641177606 27
      vertex -56.94040828488453 35.71857589368459 28
      vertex -56.95132326291411 35.49639641177606 28
    endloop
  endfacet
  facet normal 0.998795456205172 -0.04906767432742824 1.5888972679370353e-19
    outer loop
      vertex -56.92724689627509 35.98648211342386 27
      vertex -56.94040828488453 35.71857589368459 31
      vertex -56.94040828488453 35.71857589368459 28
    endloop
  endfacet
  facet normal -0.33688985339221733 -0.9415440651830217 4.930472485176228e-19
    outer loop
      vertex -63.378670282547404 31.201780434762817 27
      vertex -63.84066405810054 31.367084450867427 36
      vertex -63.84066405810054 31.367084450867427 27
    endloop
  endfacet
  facet normal -0.24298017990326798 -0.9700312531945431 1.0961806737276417e-19
    outer loop
      vertex -63.378670282547404 31.201780434762817 27
      vertex -62.90269850635573 31.082555711407707 27
      vertex -62.90269850635573 31.082555711407707 36
    endloop
  endfacet
  facet normal -0.1467304744553588 -0.9891765099647813 0
    outer loop
      vertex -62.90269850635573 31.082555711407707 27
      vertex -62.41733259792289 31.010558480062876 27
      vertex -62.90269850635573 31.082555711407707 36
    endloop
  endfacet
  facet normal -0.4275550934302826 -0.903989293123443 -1.354635104021934e-18
    outer loop
      vertex -64.28423058040508 31.576875791682085 27
      vertex -63.84066405810054 31.367084450867427 27
      vertex -63.84066405810054 31.367084450867427 36
    endloop
  endfacet
  facet normal -0.04906767432741743 -0.9987954562051724 -6.696542692260185e-21
    outer loop
      vertex -62.41733259792289 31.010558480062876 27
      vertex -61.92724689627509 30.98648211342386 27
      vertex -61.92724689627509 30.98648211342386 36
    endloop
  endfacet
  facet normal 0.04906767432741743 -0.9987954562051724 0
    outer loop
      vertex -61.92724689627509 30.98648211342386 27
      vertex -61.43716119462729 31.010558480062876 27
      vertex -61.92724689627509 30.98648211342386 36
    endloop
  endfacet
  facet normal 0.1467304744553588 -0.9891765099647813 0
    outer loop
      vertex -61.43716119462729 31.010558480062876 27
      vertex -60.951795286194454 31.082555711407707 27
      vertex -61.43716119462729 31.010558480062876 36
    endloop
  endfacet
  facet normal 0.24298017990326495 -0.9700312531945438 0
    outer loop
      vertex -60.951795286194454 31.082555711407707 27
      vertex -60.79680338625292 31.121379161278337 31
      vertex -60.951795286194454 31.082555711407707 36
    endloop
  endfacet
  facet normal 0.9987954562051724 0.04906767432741743 -6.696542692260185e-21
    outer loop
      vertex -56.92724689627509 35.98648211342386 27
      vertex -56.95132326291411 36.47656781507166 27
      vertex -56.95132326291411 36.47656781507166 36
    endloop
  endfacet
  facet normal 0.9987954562051695 -0.04906767432747522 -3.1545764898874547e-15
    outer loop
      vertex -56.92724689627509 35.98648211342386 27
      vertex -56.95132326291411 35.49639641177606 36
      vertex -56.94040828488453 35.71857589368459 31
    endloop
  endfacet
  facet normal -0.33688985339221733 -0.9415440651830217 0
    outer loop
      vertex -63.378670282547404 31.201780434762817 27
      vertex -63.378670282547404 31.201780434762817 36
      vertex -63.84066405810054 31.367084450867427 36
    endloop
  endfacet
  facet normal -0.24298017990326798 -0.9700312531945431 0
    outer loop
      vertex -63.378670282547404 31.201780434762817 27
      vertex -62.90269850635573 31.082555711407707 36
      vertex -63.378670282547404 31.201780434762817 36
    endloop
  endfacet
  facet normal -0.1467304744553588 -0.9891765099647813 0
    outer loop
      vertex -62.41733259792289 31.010558480062876 27
      vertex -62.41733259792289 31.010558480062876 36
      vertex -62.90269850635573 31.082555711407707 36
    endloop
  endfacet
  facet normal -0.04906767432741743 -0.9987954562051724 0
    outer loop
      vertex -62.41733259792289 31.010558480062876 27
      vertex -61.92724689627509 30.98648211342386 36
      vertex -62.41733259792289 31.010558480062876 36
    endloop
  endfacet
  facet normal 0.04906767432741743 -0.9987954562051724 0
    outer loop
      vertex -61.43716119462729 31.010558480062876 27
      vertex -61.43716119462729 31.010558480062876 36
      vertex -61.92724689627509 30.98648211342386 36
    endloop
  endfacet
  facet normal 0.2429801799032609 -0.9700312531945448 -1.3275072510902445e-16
    outer loop
      vertex -60.79680338625292 31.121379161278337 31
      vertex -60.74763350596238 31.133695575125284 31
      vertex -60.951795286194454 31.082555711407707 36
    endloop
  endfacet
  facet normal 0.24298017990327087 -0.9700312531945422 2.997744146633216e-16
    outer loop
      vertex -60.74763350596238 31.133695575125284 31
      vertex -60.47582351000278 31.201780434762817 31.094947811050428
      vertex -60.951795286194454 31.082555711407707 36
    endloop
  endfacet
  facet normal 0.33688985339221744 -0.9415440651830218 0
    outer loop
      vertex -60.47582351000278 31.201780434762817 31.094947811050428
      vertex -60.013829734449644 31.367084450867427 31.23792998573743
      vertex -60.47582351000278 31.201780434762817 36
    endloop
  endfacet
  facet normal 0.1467304744553588 -0.9891765099647813 0
    outer loop
      vertex -60.951795286194454 31.082555711407707 27
      vertex -60.951795286194454 31.082555711407707 36
      vertex -61.43716119462729 31.010558480062876 36
    endloop
  endfacet
  facet normal 0.42755509343028264 -0.9039892931234431 0
    outer loop
      vertex -60.013829734449644 31.367084450867427 31.23792998573743
      vertex -59.57026321214511 31.576875791682085 31.356252377998814
      vertex -60.013829734449644 31.367084450867427 36
    endloop
  endfacet
  facet normal 0.5141027441932167 -0.8577286100002751 0
    outer loop
      vertex -59.57026321214511 31.576875791682085 31.356252377998814
      vertex -59.14939573117708 31.829134051911133 31.448775478515515
      vertex -59.57026321214511 31.576875791682085 36
    endloop
  endfacet
  facet normal 0.5956993044924368 -0.8032075314806424 0
    outer loop
      vertex -59.14939573117708 31.829134051911133 31.448775478515515
      vertex -58.755280475456864 32.12142984661018 31.51460823925127
      vertex -59.14939573117708 31.829134051911133 36
    endloop
  endfacet
  facet normal 0.6715589548470197 -0.740951125354958 0
    outer loop
      vertex -58.755280475456864 32.12142984661018 31.51460823925127
      vertex -58.391712990342356 32.45094820749112 31.55311665473236
      vertex -58.755280475456864 32.12142984661018 36
    endloop
  endfacet
  facet normal 0.740951125354958 -0.6715589548470197 0
    outer loop
      vertex -58.391712990342356 32.45094820749112 31.55311665473236
      vertex -58.06219462946141 32.81451569260563 31.56392986786686
      vertex -58.391712990342356 32.45094820749112 36
    endloop
  endfacet
  facet normal 0.8032075314806423 -0.5956993044924367 -1.0883518275223095e-18
    outer loop
      vertex -58.06219462946141 32.81451569260563 31.56392986786686
      vertex -57.769898834762365 33.20863094832585 31.546943741501178
      vertex -57.769898834762365 33.20863094832585 36
    endloop
  endfacet
  facet normal 0.857728610000275 -0.5141027441932167 0
    outer loop
      vertex -57.769898834762365 33.20863094832585 31.546943741501178
      vertex -57.51764057453332 33.629498429293875 31.50232186131777
      vertex -57.769898834762365 33.20863094832585 36
    endloop
  endfacet
  facet normal 0.9039892931234403 -0.4275550934302886 0
    outer loop
      vertex -57.307849233718656 34.07306495159841 31.430493960415617
      vertex -57.307849233718656 34.07306495159841 36
      vertex -57.51764057453332 33.629498429293875 31.50232186131777
    endloop
  endfacet
  facet normal 0.941544065183024 -0.336889853392211 0
    outer loop
      vertex -57.307849233718656 34.07306495159841 31.430493960415617
      vertex -57.14254521761405 34.53505872715155 31.33215178074552
      vertex -57.307849233718656 34.07306495159841 36
    endloop
  endfacet
  facet normal 0.970031253194543 -0.24298017990326798 0
    outer loop
      vertex -57.02332049425894 35.01103050334322 31.20824241125701
      vertex -57.02332049425894 35.01103050334322 36
      vertex -57.14254521761405 34.53505872715155 31.33215178074552
    endloop
  endfacet
  facet normal 0.9891765099647815 -0.14673047445535878 0
    outer loop
      vertex -56.95132326291411 35.49639641177606 31.059959166914012
      vertex -56.95132326291411 35.49639641177606 36
      vertex -57.02332049425894 35.01103050334322 31.20824241125701
    endloop
  endfacet
  facet normal 0.9987954562051731 -0.04906767432740126 1.4007277852497666e-16
    outer loop
      vertex -56.94289245801736 35.668009387904426 31
      vertex -56.94040828488453 35.71857589368459 31
      vertex -56.95132326291411 35.49639641177606 36
    endloop
  endfacet
  facet normal 0.9987954562051731 -0.04906767432740533 0
    outer loop
      vertex -56.95132326291411 35.49639641177606 31.059959166914012
      vertex -56.94289245801736 35.668009387904426 31
      vertex -56.95132326291411 35.49639641177606 36
    endloop
  endfacet
  facet normal 0.9987954562051724 -0.04906767432741743 0
    outer loop
      vertex -56.92724689627509 35.98648211342386 27
      vertex -56.92724689627509 35.98648211342386 36
      vertex -56.95132326291411 35.49639641177606 36
    endloop
  endfacet
  facet normal 0.9987954562051724 0.04906767432741743 0
    outer loop
      vertex -56.92724689627509 35.98648211342386 27
      vertex -56.95132326291411 36.47656781507166 36
      vertex -56.92724689627509 35.98648211342386 36
    endloop
  endfacet
  facet normal 0.24298017990326798 -0.970031253194543 0
    outer loop
      vertex -60.47582351000278 31.201780434762817 31.094947811050428
      vertex -60.47582351000278 31.201780434762817 36
      vertex -60.951795286194454 31.082555711407707 36
    endloop
  endfacet
  facet normal 0.3368898533922174 -0.9415440651830217 0
    outer loop
      vertex -60.013829734449644 31.367084450867427 31.23792998573743
      vertex -60.013829734449644 31.367084450867427 36
      vertex -60.47582351000278 31.201780434762817 36
    endloop
  endfacet
  facet normal 0.42755509343028264 -0.9039892931234431 0
    outer loop
      vertex -59.57026321214511 31.576875791682085 31.356252377998814
      vertex -59.57026321214511 31.576875791682085 36
      vertex -60.013829734449644 31.367084450867427 36
    endloop
  endfacet
  facet normal 0.5141027441932168 -0.8577286100002751 0
    outer loop
      vertex -59.14939573117708 31.829134051911133 31.448775478515515
      vertex -59.14939573117708 31.829134051911133 36
      vertex -59.57026321214511 31.576875791682085 36
    endloop
  endfacet
  facet normal 0.5956993044924368 -0.8032075314806424 0
    outer loop
      vertex -58.755280475456864 32.12142984661018 31.51460823925127
      vertex -58.755280475456864 32.12142984661018 36
      vertex -59.14939573117708 31.829134051911133 36
    endloop
  endfacet
  facet normal 0 0 1
    outer loop
      vertex -63.378670282547404 31.201780434762817 36
      vertex -62.90269850635573 31.082555711407707 36
      vertex -62.41733259792289 31.010558480062876 36
    endloop
  endfacet
  facet normal 0 0 1
    outer loop
      vertex -63.378670282547404 31.201780434762817 36
      vertex -62.41733259792289 31.010558480062876 36
      vertex -61.43716119462729 31.010558480062876 36
    endloop
  endfacet
  facet normal 0 0 1
    outer loop
      vertex -62.41733259792289 31.010558480062876 36
      vertex -61.92724689627509 30.98648211342386 36
      vertex -61.43716119462729 31.010558480062876 36
    endloop
  endfacet
  facet normal 0 0 1
    outer loop
      vertex -61.43716119462729 31.010558480062876 36
      vertex -60.951795286194454 31.082555711407707 36
      vertex -60.47582351000278 31.201780434762817 36
    endloop
  endfacet
  facet normal 0 0 1
    outer loop
      vertex -63.378670282547404 31.201780434762817 36
      vertex -61.43716119462729 31.010558480062876 36
      vertex -57.307849233718656 34.07306495159841 36
    endloop
  endfacet
  facet normal 0 0 1
    outer loop
      vertex -61.43716119462729 31.010558480062876 36
      vertex -60.47582351000278 31.201780434762817 36
      vertex -59.14939573117708 31.829134051911133 36
    endloop
  endfacet
  facet normal 0 0 1
    outer loop
      vertex -60.47582351000278 31.201780434762817 36
      vertex -60.013829734449644 31.367084450867427 36
      vertex -59.57026321214511 31.576875791682085 36
    endloop
  endfacet
  facet normal 0 0 1
    outer loop
      vertex -60.47582351000278 31.201780434762817 36
      vertex -59.57026321214511 31.576875791682085 36
      vertex -59.14939573117708 31.829134051911133 36
    endloop
  endfacet
  facet normal 0 0 1
    outer loop
      vertex -61.43716119462729 31.010558480062876 36
      vertex -59.14939573117708 31.829134051911133 36
      vertex -57.307849233718656 34.07306495159841 36
    endloop
  endfacet
  facet normal 0 0 1
    outer loop
      vertex -59.14939573117708 31.829134051911133 36
      vertex -58.755280475456864 32.12142984661018 36
      vertex -58.391712990342356 32.45094820749112 36
    endloop
  endfacet
  facet normal 0 0 1
    outer loop
      vertex -63.378670282547404 31.201780434762817 36
      vertex -62.44596440041997 34.34132037338317 36
      vertex -63.03605552298438 34.66505544904362 36
    endloop
  endfacet
  facet normal 0 0 1
    outer loop
      vertex -63.378670282547404 31.201780434762817 36
      vertex -63.45734058350752 35.18996575559343 36
      vertex -63.64568275048335 35.83613845718415 36
    endloop
  endfacet
  facet normal 0 0 1
    outer loop
      vertex -63.378670282547404 31.201780434762817 36
      vertex -63.03605552298438 34.66505544904362 36
      vertex -63.45734058350752 35.18996575559343 36
    endloop
  endfacet
  facet normal 0 0 1
    outer loop
      vertex -63.378670282547404 31.201780434762817 36
      vertex -61.77690324003538 34.2680462592156 36
      vertex -62.44596440041997 34.34132037338317 36
    endloop
  endfacet
  facet normal 0 0 1
    outer loop
      vertex -63.378670282547404 31.201780434762817 36
      vertex -61.13073053844466 34.45638842619143 36
      vertex -61.77690324003538 34.2680462592156 36
    endloop
  endfacet
  facet normal 0 0 1
    outer loop
      vertex -63.378670282547404 31.201780434762817 36
      vertex -57.307849233718656 34.07306495159841 36
      vertex -61.13073053844466 34.45638842619143 36
    endloop
  endfacet
  facet normal 0 0 1
    outer loop
      vertex -61.13073053844466 34.45638842619143 36
      vertex -57.307849233718656 34.07306495159841 36
      vertex -60.60582023189485 34.87767348671458 36
    endloop
  endfacet
  facet normal 0 0 1
    outer loop
      vertex -60.60582023189485 34.87767348671458 36
      vertex -57.307849233718656 34.07306495159841 36
      vertex -60.2820851562344 35.46776460927899 36
    endloop
  endfacet
  facet normal 0 0 1
    outer loop
      vertex -60.2820851562344 35.46776460927899 36
      vertex -57.307849233718656 34.07306495159841 36
      vertex -60.208811042066834 36.136825769663574 36
    endloop
  endfacet
  facet normal 0 0 1
    outer loop
      vertex -57.307849233718656 34.07306495159841 36
      vertex -60.81843826956581 37.3079087778041 36
      vertex -60.39715320904266 36.782998471254295 36
    endloop
  endfacet
  facet normal 0 0 1
    outer loop
      vertex -60.208811042066834 36.136825769663574 36
      vertex -57.307849233718656 34.07306495159841 36
      vertex -60.39715320904266 36.782998471254295 36
    endloop
  endfacet
  facet normal 0.6715589548470197 -0.740951125354958 0
    outer loop
      vertex -58.391712990342356 32.45094820749112 31.55311665473236
      vertex -58.391712990342356 32.45094820749112 36
      vertex -58.755280475456864 32.12142984661018 36
    endloop
  endfacet
  facet normal 0.7409511253549579 -0.6715589548470197 0
    outer loop
      vertex -58.06219462946141 32.81451569260563 31.56392986786686
      vertex -58.06219462946141 32.81451569260563 36
      vertex -58.391712990342356 32.45094820749112 36
    endloop
  endfacet
  facet normal 0.8032075314806424 -0.5956993044924368 0
    outer loop
      vertex -58.06219462946141 32.81451569260563 31.56392986786686
      vertex -57.769898834762365 33.20863094832585 36
      vertex -58.06219462946141 32.81451569260563 36
    endloop
  endfacet
  facet normal 0.857728610000275 -0.5141027441932168 0
    outer loop
      vertex -57.51764057453332 33.629498429293875 31.50232186131777
      vertex -57.51764057453332 33.629498429293875 36
      vertex -57.769898834762365 33.20863094832585 36
    endloop
  endfacet
  facet normal 0.9039892931234402 -0.4275550934302885 0
    outer loop
      vertex -57.51764057453332 33.629498429293875 31.50232186131777
      vertex -57.307849233718656 34.07306495159841 36
      vertex -57.51764057453332 33.629498429293875 36
    endloop
  endfacet
  facet normal 0.941544065183024 -0.336889853392211 0
    outer loop
      vertex -57.14254521761405 34.53505872715155 31.33215178074552
      vertex -57.14254521761405 34.53505872715155 36
      vertex -57.307849233718656 34.07306495159841 36
    endloop
  endfacet
  facet normal 0.970031253194543 -0.24298017990326798 0
    outer loop
      vertex -57.14254521761405 34.53505872715155 31.33215178074552
      vertex -57.02332049425894 35.01103050334322 36
      vertex -57.14254521761405 34.53505872715155 36
    endloop
  endfacet
  facet normal 0.9891765099647816 -0.14673047445535883 0
    outer loop
      vertex -57.02332049425894 35.01103050334322 31.20824241125701
      vertex -56.95132326291411 35.49639641177606 36
      vertex -57.02332049425894 35.01103050334322 36
    endloop
  endfacet
  facet normal 0 0 1
    outer loop
      vertex -59.14939573117708 31.829134051911133 36
      vertex -58.391712990342356 32.45094820749112 36
      vertex -58.06219462946141 32.81451569260563 36
    endloop
  endfacet
  facet normal 0 0 1
    outer loop
      vertex -59.14939573117708 31.829134051911133 36
      vertex -58.06219462946141 32.81451569260563 36
      vertex -57.307849233718656 34.07306495159841 36
    endloop
  endfacet
  facet normal 0 0 1
    outer loop
      vertex -58.06219462946141 32.81451569260563 36
      vertex -57.769898834762365 33.20863094832585 36
      vertex -57.307849233718656 34.07306495159841 36
    endloop
  endfacet
  facet normal 0 0 1
    outer loop
      vertex -57.769898834762365 33.20863094832585 36
      vertex -57.51764057453332 33.629498429293875 36
      vertex -57.307849233718656 34.07306495159841 36
    endloop
  endfacet
  facet normal 0 0 1
    outer loop
      vertex -57.307849233718656 34.07306495159841 36
      vertex -57.14254521761405 34.53505872715155 36
      vertex -57.02332049425894 35.01103050334322 36
    endloop
  endfacet
  facet normal 0 0 1
    outer loop
      vertex -57.307849233718656 34.07306495159841 36
      vertex -57.02332049425894 35.01103050334322 36
      vertex -56.95132326291411 36.47656781507166 36
    endloop
  endfacet
  facet normal 0 0 1
    outer loop
      vertex -57.02332049425894 35.01103050334322 36
      vertex -56.95132326291411 35.49639641177606 36
      vertex -56.95132326291411 36.47656781507166 36
    endloop
  endfacet
  facet normal 0 0 1
    outer loop
      vertex -56.95132326291411 35.49639641177606 36
      vertex -56.92724689627509 35.98648211342386 36
      vertex -56.95132326291411 36.47656781507166 36
    endloop
  endfacet
  facet normal 0 0 1
    outer loop
      vertex -57.307849233718656 34.07306495159841 36
      vertex -56.95132326291411 36.47656781507166 36
      vertex -57.769898834762365 38.764333278521875 36
    endloop
  endfacet
  facet normal 0.9039892931234402 0.4275550934302885 4.999158454425562e-20
    outer loop
      vertex -57.51764057453332 38.34346579755385 27
      vertex -57.307849233718656 37.89989927524931 36
      vertex -57.307849233718656 37.89989927524931 27
    endloop
  endfacet
  facet normal 0.8577286100002749 0.5141027441932167 -6.64065381523052e-19
    outer loop
      vertex -57.51764057453332 38.34346579755385 27
      vertex -57.769898834762365 38.764333278521875 27
      vertex -57.769898834762365 38.764333278521875 36
    endloop
  endfacet
  facet normal 0.9891765099647813 0.1467304744553588 -1.5625139545464023e-19
    outer loop
      vertex -56.95132326291411 36.47656781507166 27
      vertex -57.02332049425894 36.9619337235045 27
      vertex -57.02332049425894 36.9619337235045 36
    endloop
  endfacet
  facet normal 0.9700312531945431 0.24298017990326798 0
    outer loop
      vertex -57.02332049425894 36.9619337235045 27
      vertex -57.14254521761405 37.43790549969617 27
      vertex -57.02332049425894 36.9619337235045 36
    endloop
  endfacet
  facet normal 0.9415440651830241 0.336889853392211 1.3428134490106577e-18
    outer loop
      vertex -57.14254521761405 37.43790549969617 27
      vertex -57.307849233718656 37.89989927524931 27
      vertex -57.307849233718656 37.89989927524931 36
    endloop
  endfacet
  facet normal 0.7409511253549579 0.6715589548470197 0
    outer loop
      vertex -58.06219462946141 39.15844853424209 27
      vertex -58.391712990342356 39.5220160193566 27
      vertex -58.06219462946141 39.15844853424209 36
    endloop
  endfacet
  facet normal 0.8032075314806423 0.5956993044924368 5.384991018885391e-19
    outer loop
      vertex -58.06219462946141 39.15844853424209 27
      vertex -57.769898834762365 38.764333278521875 36
      vertex -57.769898834762365 38.764333278521875 27
    endloop
  endfacet
  facet normal 0.6715589548470197 0.7409511253549579 0
    outer loop
      vertex -58.755280475456864 39.851534380237545 27
      vertex -58.755280475456864 39.851534380237545 36
      vertex -58.391712990342356 39.5220160193566 27
    endloop
  endfacet
  facet normal 0.6428213674145592 0.7660161157542813 0
    outer loop
      vertex -58.755280475456864 39.851534380237545 27
      vertex -63.92612054700905 44.1907727031861 36
      vertex -58.755280475456864 39.851534380237545 36
    endloop
  endfacet
  facet normal 0.9039892931234402 0.4275550934302885 0
    outer loop
      vertex -57.51764057453332 38.34346579755385 27
      vertex -57.51764057453332 38.34346579755385 36
      vertex -57.307849233718656 37.89989927524931 36
    endloop
  endfacet
  facet normal 0.8577286100002749 0.5141027441932167 0
    outer loop
      vertex -57.51764057453332 38.34346579755385 27
      vertex -57.769898834762365 38.764333278521875 36
      vertex -57.51764057453332 38.34346579755385 36
    endloop
  endfacet
  facet normal 0.9891765099647813 0.1467304744553588 0
    outer loop
      vertex -56.95132326291411 36.47656781507166 27
      vertex -57.02332049425894 36.9619337235045 36
      vertex -56.95132326291411 36.47656781507166 36
    endloop
  endfacet
  facet normal 0.9700312531945431 0.24298017990326798 0
    outer loop
      vertex -57.14254521761405 37.43790549969617 27
      vertex -57.14254521761405 37.43790549969617 36
      vertex -57.02332049425894 36.9619337235045 36
    endloop
  endfacet
  facet normal 0.9415440651830241 0.336889853392211 0
    outer loop
      vertex -57.14254521761405 37.43790549969617 27
      vertex -57.307849233718656 37.89989927524931 36
      vertex -57.14254521761405 37.43790549969617 36
    endloop
  endfacet
  facet normal 0.6715589548470197 0.7409511253549579 0
    outer loop
      vertex -58.391712990342356 39.5220160193566 27
      vertex -58.755280475456864 39.851534380237545 36
      vertex -58.391712990342356 39.5220160193566 36
    endloop
  endfacet
  facet normal 0.7409511253549579 0.6715589548470197 0
    outer loop
      vertex -58.391712990342356 39.5220160193566 27
      vertex -58.391712990342356 39.5220160193566 36
      vertex -58.06219462946141 39.15844853424209 36
    endloop
  endfacet
  facet normal 0.8032075314806423 0.5956993044924368 0
    outer loop
      vertex -58.06219462946141 39.15844853424209 27
      vertex -58.06219462946141 39.15844853424209 36
      vertex -57.769898834762365 38.764333278521875 36
    endloop
  endfacet
  facet normal 0 0 1
    outer loop
      vertex -65.8425988230029 45.798888917731816 36
      vertex -63.248673560655334 37.095290740133144 36
      vertex -62.72376325410553 37.51657580065629 36
    endloop
  endfacet
  facet normal 0 0 1
    outer loop
      vertex -65.8425988230029 45.798888917731816 36
      vertex -62.72376325410553 37.51657580065629 36
      vertex -62.077590552514806 37.70491796763212 36
    endloop
  endfacet
  facet normal 0 0 1
    outer loop
      vertex -65.8425988230029 45.798888917731816 36
      vertex -62.077590552514806 37.70491796763212 36
      vertex -61.40852939213022 37.63164385346455 36
    endloop
  endfacet
  facet normal 0 0 1
    outer loop
      vertex -65.8425988230029 45.798888917731816 36
      vertex -61.40852939213022 37.63164385346455 36
      vertex -60.81843826956581 37.3079087778041 36
    endloop
  endfacet
  facet normal 0 0 1
    outer loop
      vertex -65.8425988230029 45.798888917731816 36
      vertex -60.81843826956581 37.3079087778041 36
      vertex -57.307849233718656 34.07306495159841 36
    endloop
  endfacet
  facet normal 0 0 1
    outer loop
      vertex -65.8425988230029 45.798888917731816 36
      vertex -57.307849233718656 34.07306495159841 36
      vertex -57.769898834762365 38.764333278521875 36
    endloop
  endfacet
  facet normal 0 0 1
    outer loop
      vertex -65.8425988230029 45.798888917731816 36
      vertex -58.755280475456864 39.851534380237545 36
      vertex -63.92612054700905 44.1907727031861 36
    endloop
  endfacet
  facet normal 0 0 1
    outer loop
      vertex -65.8425988230029 45.798888917731816 36
      vertex -57.769898834762365 38.764333278521875 36
      vertex -58.755280475456864 39.851534380237545 36
    endloop
  endfacet
  facet normal 0 0 1
    outer loop
      vertex -57.02332049425894 36.9619337235045 36
      vertex -57.307849233718656 37.89989927524931 36
      vertex -57.769898834762365 38.764333278521875 36
    endloop
  endfacet
  facet normal 0 0 1
    outer loop
      vertex -57.51764057453332 38.34346579755385 36
      vertex -57.769898834762365 38.764333278521875 36
      vertex -57.307849233718656 37.89989927524931 36
    endloop
  endfacet
  facet normal 0 0 1
    outer loop
      vertex -56.95132326291411 36.47656781507166 36
      vertex -57.02332049425894 36.9619337235045 36
      vertex -57.769898834762365 38.764333278521875 36
    endloop
  endfacet
  facet normal 0 0 1
    outer loop
      vertex -57.02332049425894 36.9619337235045 36
      vertex -57.14254521761405 37.43790549969617 36
      vertex -57.307849233718656 37.89989927524931 36
    endloop
  endfacet
  facet normal 0 0 1
    outer loop
      vertex -58.755280475456864 39.851534380237545 36
      vertex -58.06219462946141 39.15844853424209 36
      vertex -58.391712990342356 39.5220160193566 36
    endloop
  endfacet
  facet normal 0 0 1
    outer loop
      vertex -58.755280475456864 39.851534380237545 36
      vertex -57.769898834762365 38.764333278521875 36
      vertex -58.06219462946141 39.15844853424209 36
    endloop
  endfacet
  facet normal -0.426844444666263 -0.2558407144032249 -0.8673807404543848
    outer loop
      vertex 57.769898834762365 33.20863094832585 27
      vertex 57.51764057453332 33.629498429293875 27
      vertex 68.49713717369434 47.1802807579548 17.6
    endloop
  endfacet
  facet normal -0.5016535890481001 -0.17949452427936985 -0.8462419230627154
    outer loop
      vertex 57.307849233718656 34.07306495159841 27
      vertex 57.14254521761405 34.53505872715155 27
      vertex 68.42992995899706 47.30601661297626 17.6
    endloop
  endfacet
  facet normal -0.46410955028212736 -0.21950746943821167 -0.858148469786991
    outer loop
      vertex 57.307849233718656 34.07306495159841 27
      vertex 68.46044506311557 47.2414978460956 17.6
      vertex 57.51764057453332 33.629498429293875 27
    endloop
  endfacet
  facet normal -0.5395270810917859 -0.13514449848357185 -0.8310514384189474
    outer loop
      vertex 57.14254521761405 34.53505872715155 27
      vertex 57.02332049425894 35.01103050334322 27
      vertex 68.40588573847276 47.37321570760217 17.6
    endloop
  endfacet
  facet normal -0.5776679541056552 -0.08568894644151735 -0.8117617503043176
    outer loop
      vertex 56.95132326291411 35.49639641177606 27
      vertex 68.3885439605302 47.44244796595732 17.6
      vertex 57.02332049425894 35.01103050334322 27
    endloop
  endfacet
  facet normal -0.6158360571817124 -0.030254085463786676 -0.7872932369756727
    outer loop
      vertex 56.95132326291411 35.49639641177606 27
      vertex 56.92724689627509 35.98648211342386 27
      vertex 68.37807163597095 47.513046643547554 17.6
    endloop
  endfacet
  facet normal -0.6535117260104278 0.032104972386299155 -0.7562352112371827
    outer loop
      vertex 56.92724689627509 35.98648211342386 27
      vertex 56.95132326291411 36.47656781507166 27
      vertex 68.37456961900527 47.58433183651451 17.6
    endloop
  endfacet
  facet normal -0.6897465276997954 0.10231423233749316 -0.7167855504872185
    outer loop
      vertex 56.95132326291411 36.47656781507166 27
      vertex 57.02332049425894 36.9619337235045 27
      vertex 68.37807163597095 47.655617029481455 17.6
    endloop
  endfacet
  facet normal -0.7229613095552835 0.1810923807664316 -0.6667327009487799
    outer loop
      vertex 57.02332049425894 36.9619337235045 27
      vertex 57.14254521761405 37.43790549969617 27
      vertex 68.38854396053021 47.72621570707169 17.6
    endloop
  endfacet
  facet normal -0.35261345889447876 -0.31959021022706136 -0.8795031814231796
    outer loop
      vertex 58.06219462946141 32.81451569260563 27
      vertex 68.58758286905143 47.07007235928793 17.6
      vertex 58.391712990342356 32.45094820749112 27
    endloop
  endfacet
  facet normal -0.31527289044313667 -0.3478500305620475 -0.8829515053442134
    outer loop
      vertex 58.391712990342356 32.45094820749112 27
      vertex 68.6404654123408 47.02214241588706 17.6
      vertex 58.755280475456864 32.12142984661018 27
    endloop
  endfacet
  facet normal -0.2774817824323285 -0.37414087244607314 -0.8848855677337434
    outer loop
      vertex 59.14939573117708 31.829134051911133 27
      vertex 58.755280475456864 32.12142984661018 27
      vertex 68.6977912677183 46.97962666393084 17.6
    endloop
  endfacet
  facet normal -0.38973581468380153 -0.28904777986202074 -0.8743897161504076
    outer loop
      vertex 57.769898834762365 33.20863094832585 27
      vertex 68.53965292565056 47.122954902577305 17.6
      vertex 58.06219462946141 32.81451569260563 27
    endloop
  endfacet
  facet normal -0.7507138113425016 0.2686096967681712 -0.6035541436041394
    outer loop
      vertex 57.14254521761405 37.43790549969617 27
      vertex 57.307849233718656 37.89989927524931 27
      vertex 68.40588573847276 47.79544796542684 17.6
    endloop
  endfacet
  facet normal -0.7695242600471641 0.3639578691961475 -0.524754306937127
    outer loop
      vertex 57.307849233718656 37.89989927524931 27
      vertex 57.51764057453332 38.34346579755385 27
      vertex 68.42992995899706 47.86264706005276 17.6
    endloop
  endfacet
  facet normal -0.7749601563240359 0.46449324222315885 -0.42858229552705945
    outer loop
      vertex 57.51764057453332 38.34346579755385 27
      vertex 57.769898834762365 38.764333278521875 27
      vertex 68.46044506311556 47.92716582693341 17.6
    endloop
  endfacet
  facet normal -0.7622784491933848 0.5653442282556789 -0.3151467427617158
    outer loop
      vertex 57.769898834762365 38.764333278521875 27
      vertex 58.06219462946141 39.15844853424209 27
      vertex 68.49713717369434 47.98838291507422 17.6
    endloop
  endfacet
  facet normal -0.7278009023688665 0.6596402874716053 -0.1875647558989739
    outer loop
      vertex 58.06219462946141 39.15844853424209 27
      vertex 58.391712990342356 39.5220160193566 27
      vertex 68.53965292565056 48.045708770451704 17.6
    endloop
  endfacet
  facet normal -0.6706398312154459 0.7399370287008374 -0.052301150510236996
    outer loop
      vertex 58.391712990342356 39.5220160193566 27
      vertex 58.755280475456864 39.851534380237545 27
      vertex 68.58758286905142 48.09859131374108 17.6
    endloop
  endfacet
  facet normal -0.24070650213621017 -0.4015945369428431 -0.8836188135881976
    outer loop
      vertex 59.14939573117708 31.829134051911133 27
      vertex 76.31996078357008 42.22008763915876 17.6
      vertex 59.57026321214511 31.576875791682085 27
    endloop
  endfacet
  facet normal -0.20899908630594846 -0.4418914408839041 -0.8723825630976503
    outer loop
      vertex 59.57026321214511 31.576875791682085 27
      vertex 76.38117787171089 42.18339552858 17.6
      vertex 60.013829734449644 31.367084450867427 27
    endloop
  endfacet
  facet normal -0.1731303796144263 -0.48386699625252777 -0.8578453249812118
    outer loop
      vertex 60.013829734449644 31.367084450867427 27
      vertex 76.44569663859156 42.1528804244615 17.6
      vertex 60.47582351000278 31.201780434762817 27
    endloop
  endfacet
  facet normal -0.13219805362357925 -0.5277642138441566 -0.8390402905722684
    outer loop
      vertex 60.47582351000278 31.201780434762817 27
      vertex 76.51289573321746 42.1288362039372 17.6
      vertex 60.951795286194454 31.082555711407707 27
    endloop
  endfacet
  facet normal -0.08510107311176206 -0.5737048340326969 -0.8146291001202585
    outer loop
      vertex 60.951795286194454 31.082555711407707 27
      vertex 76.58212799157262 42.11149442599463 17.6
      vertex 61.43716119462729 31.010558480062876 27
    endloop
  endfacet
  facet normal -0.03053540973264575 -0.6215625442285965 -0.78276918204828
    outer loop
      vertex 61.43716119462729 31.010558480062876 27
      vertex 76.65272666916285 42.10102210143538 17.6
      vertex 61.92724689627509 30.98648211342386 27
    endloop
  endfacet
  facet normal 0.03295129601281092 -0.6707390391901499 -0.7409611011364571
    outer loop
      vertex 61.92724689627509 30.98648211342386 27
      vertex 76.7240118621298 42.09752008446971 17.6
      vertex 62.41733259792289 31.010558480062876 27
    endloop
  endfacet
  facet normal 0.10677153807121369 -0.7197952421600563 -0.6859261243178112
    outer loop
      vertex 62.41733259792289 31.010558480062876 27
      vertex 76.79529705509675 42.10102210143538 17.6
      vertex 62.90269850635573 31.082555711407707 27
    endloop
  endfacet
  facet normal 0.19185109385872698 -0.7659124998451029 -0.6136539744564807
    outer loop
      vertex 62.90269850635573 31.082555711407707 27
      vertex 76.86589573268698 42.111494425994636 17.6
      vertex 63.378670282547404 31.201780434762817 27
    endloop
  endfacet
  facet normal 0.28777718494938287 -0.8042833521278966 -0.5199159367749007
    outer loop
      vertex 63.378670282547404 31.201780434762817 27
      vertex 76.93512799104214 42.1288362039372 17.6
      vertex 63.84066405810054 31.367084450867427 27
    endloop
  endfacet
  facet normal 0.3915483657221699 -0.8278594637080142 -0.40166974699294555
    outer loop
      vertex 63.84066405810054 31.367084450867427 27
      vertex 77.00232708566804 42.1528804244615 17.6
      vertex 64.28423058040508 31.576875791682085 27
    endloop
  endfacet
  facet normal 0.4964897143995718 -0.8283430450846387 -0.2595106224325695
    outer loop
      vertex 64.28423058040508 31.576875791682085 27
      vertex 77.0668458525487 42.18339552858 17.6
      vertex 64.7050980613731 31.829134051911133 27
    endloop
  endfacet
  facet normal 0.5927070151844736 -0.7991728964048443 -0.10010532354976988
    outer loop
      vertex 64.7050980613731 31.829134051911133 27
      vertex 77.1280629406895 42.22008763915877 17.6
      vertex 65.09921331709332 32.12142984661018 27
    endloop
  endfacet
  facet normal -0.24616378948580153 -0.39421929778484893 -0.885434658232899
    outer loop
      vertex 59.14939573117708 31.829134051911133 27
      vertex 68.6977912677183 46.97962666393084 17.6
      vertex 76.31996078357008 42.22008763915876 17.6
    endloop
  endfacet
  facet normal -0.31527289044319384 -0.3478500305620079 -0.8829515053442085
    outer loop
      vertex 58.391712990342356 32.45094820749112 27
      vertex 68.58758286905143 47.07007235928793 17.6
      vertex 68.6404654123408 47.02214241588706 17.6
    endloop
  endfacet
  facet normal -0.38973581468386476 -0.2890477798619729 -0.8743897161503952
    outer loop
      vertex 57.769898834762365 33.20863094832585 27
      vertex 68.49713717369434 47.1802807579548 17.6
      vertex 68.53965292565056 47.122954902577305 17.6
    endloop
  endfacet
  facet normal -0.4268444446662639 -0.2558407144032318 -0.8673807404543825
    outer loop
      vertex 57.51764057453332 33.629498429293875 27
      vertex 68.46044506311557 47.2414978460956 17.6
      vertex 68.49713717369434 47.1802807579548 17.6
    endloop
  endfacet
  facet normal -0.35261345889441686 -0.3195902102271048 -0.8795031814231887
    outer loop
      vertex 58.06219462946141 32.81451569260563 27
      vertex 68.53965292565056 47.122954902577305 17.6
      vertex 68.58758286905143 47.07007235928793 17.6
    endloop
  endfacet
  facet normal -0.2774817824322718 -0.3741408724461037 -0.884885567733748
    outer loop
      vertex 58.755280475456864 32.12142984661018 27
      vertex 68.6404654123408 47.02214241588706 17.6
      vertex 68.6977912677183 46.97962666393084 17.6
    endloop
  endfacet
  facet normal -0.5016535890481195 -0.17949452427934265 -0.8462419230627096
    outer loop
      vertex 57.14254521761405 34.53505872715155 27
      vertex 68.40588573847276 47.37321570760217 17.6
      vertex 68.42992995899706 47.30601661297626 17.6
    endloop
  endfacet
  facet normal -0.5395270810917784 -0.13514449848358037 -0.8310514384189507
    outer loop
      vertex 57.02332049425894 35.01103050334322 27
      vertex 68.3885439605302 47.44244796595732 17.6
      vertex 68.40588573847276 47.37321570760217 17.6
    endloop
  endfacet
  facet normal -0.577667954105676 -0.08568894644148954 -0.811761750304306
    outer loop
      vertex 56.95132326291411 35.49639641177606 27
      vertex 68.37807163597095 47.513046643547554 17.6
      vertex 68.3885439605302 47.44244796595732 17.6
    endloop
  endfacet
  facet normal -0.6158360571816617 -0.03025408546385327 -0.7872932369757097
    outer loop
      vertex 56.92724689627509 35.98648211342386 27
      vertex 68.37456961900527 47.58433183651451 17.6
      vertex 68.37807163597095 47.513046643547554 17.6
    endloop
  endfacet
  facet normal -0.46410955028207396 -0.21950746943827 -0.8581484697870049
    outer loop
      vertex 57.307849233718656 34.07306495159841 27
      vertex 68.42992995899706 47.30601661297626 17.6
      vertex 68.46044506311557 47.2414978460956 17.6
    endloop
  endfacet
  facet normal -0.6535117260104695 0.03210497238638597 -0.756235211237143
    outer loop
      vertex 56.95132326291411 36.47656781507166 27
      vertex 68.37807163597095 47.655617029481455 17.6
      vertex 68.37456961900527 47.58433183651451 17.6
    endloop
  endfacet
  facet normal -0.6897465276998465 0.10231423233761432 -0.7167855504871521
    outer loop
      vertex 57.02332049425894 36.9619337235045 27
      vertex 68.38854396053021 47.72621570707169 17.6
      vertex 68.37807163597095 47.655617029481455 17.6
    endloop
  endfacet
  facet normal -0.7229613095552277 0.1810923807662842 -0.6667327009488805
    outer loop
      vertex 57.14254521761405 37.43790549969617 27
      vertex 68.40588573847276 47.79544796542684 17.6
      vertex 68.38854396053021 47.72621570707169 17.6
    endloop
  endfacet
  facet normal -0.750713811342483 0.26860969676808255 -0.6035541436042019
    outer loop
      vertex 57.307849233718656 37.89989927524931 27
      vertex 68.42992995899706 47.86264706005276 17.6
      vertex 68.40588573847276 47.79544796542684 17.6
    endloop
  endfacet
  facet normal -0.7695242600471621 0.3639578691961516 -0.5247543069371272
    outer loop
      vertex 57.51764057453332 38.34346579755385 27
      vertex 68.46044506311556 47.92716582693341 17.6
      vertex 68.42992995899706 47.86264706005276 17.6
    endloop
  endfacet
  facet normal -0.7749601563240336 0.4644932422232957 -0.4285822955269154
    outer loop
      vertex 57.769898834762365 38.764333278521875 27
      vertex 68.49713717369434 47.98838291507422 17.6
      vertex 68.46044506311556 47.92716582693341 17.6
    endloop
  endfacet
  facet normal -0.2089990863059501 -0.4418914408838961 -0.8723825630976538
    outer loop
      vertex 60.013829734449644 31.367084450867427 27
      vertex 76.38117787171089 42.18339552858 17.6
      vertex 76.44569663859156 42.1528804244615 17.6
    endloop
  endfacet
  facet normal -0.1731303796144168 -0.4838669962525391 -0.8578453249812074
    outer loop
      vertex 60.47582351000278 31.201780434762817 27
      vertex 76.44569663859156 42.1528804244615 17.6
      vertex 76.51289573321746 42.1288362039372 17.6
    endloop
  endfacet
  facet normal -0.1321980536236176 -0.5277642138441109 -0.8390402905722912
    outer loop
      vertex 60.951795286194454 31.082555711407707 27
      vertex 76.51289573321746 42.1288362039372 17.6
      vertex 76.58212799157262 42.11149442599463 17.6
    endloop
  endfacet
  facet normal -0.08510107311175007 -0.5737048340327042 -0.8146291001202547
    outer loop
      vertex 61.43716119462729 31.010558480062876 27
      vertex 76.58212799157262 42.11149442599463 17.6
      vertex 76.65272666916285 42.10102210143538 17.6
    endloop
  endfacet
  facet normal -0.03053540973265897 -0.6215625442285948 -0.782769182048281
    outer loop
      vertex 61.92724689627509 30.98648211342386 27
      vertex 76.65272666916285 42.10102210143538 17.6
      vertex 76.7240118621298 42.09752008446971 17.6
    endloop
  endfacet
  facet normal 0.032951296012817204 -0.6707390391901655 -0.7409611011364424
    outer loop
      vertex 62.41733259792289 31.010558480062876 27
      vertex 76.7240118621298 42.09752008446971 17.6
      vertex 76.79529705509675 42.10102210143538 17.6
    endloop
  endfacet
  facet normal -0.24070650213616884 -0.4015945369428889 -0.8836188135881882
    outer loop
      vertex 59.57026321214511 31.576875791682085 27
      vertex 76.31996078357008 42.22008763915876 17.6
      vertex 76.38117787171089 42.18339552858 17.6
    endloop
  endfacet
  facet normal 0.10677153807127394 -0.7197952421600978 -0.6859261243177582
    outer loop
      vertex 62.90269850635573 31.082555711407707 27
      vertex 76.79529705509675 42.10102210143538 17.6
      vertex 76.86589573268698 42.111494425994636 17.6
    endloop
  endfacet
  facet normal 0.19185109385871438 -0.7659124998451017 -0.6136539744564863
    outer loop
      vertex 63.378670282547404 31.201780434762817 27
      vertex 76.86589573268698 42.111494425994636 17.6
      vertex 76.93512799104214 42.1288362039372 17.6
    endloop
  endfacet
  facet normal 0.2877771849493592 -0.8042833521278766 -0.5199159367749449
    outer loop
      vertex 63.84066405810054 31.367084450867427 27
      vertex 76.93512799104214 42.1288362039372 17.6
      vertex 77.00232708566804 42.1528804244615 17.6
    endloop
  endfacet
  facet normal 0.3915483657222798 -0.8278594637080258 -0.40166974699281477
    outer loop
      vertex 64.28423058040508 31.576875791682085 27
      vertex 77.00232708566804 42.1528804244615 17.6
      vertex 77.0668458525487 42.18339552858 17.6
    endloop
  endfacet
  facet normal 0.49648971439953893 -0.8283430450846405 -0.2595106224326268
    outer loop
      vertex 64.7050980613731 31.829134051911133 27
      vertex 77.0668458525487 42.18339552858 17.6
      vertex 77.1280629406895 42.22008763915877 17.6
    endloop
  endfacet
  facet normal 0.5927070151844659 -0.7991728964048483 -0.10010532354978402
    outer loop
      vertex 65.09921331709332 32.12142984661018 27
      vertex 77.1280629406895 42.22008763915877 17.6
      vertex 77.18538879606699 42.26260339111499 17.6
    endloop
  endfacet
  facet normal 0.4969928452869829 0.8399804942622853 0.2177863195713541
    outer loop
      vertex 71.33162492575971 50.40472869607751 21.62295880056383
      vertex 76.95380347753226 48.12129814346757 17.6
      vertex 72.06064030936795 51.01644523558575 17.6
    endloop
  endfacet
  facet normal -0.6427876096865384 0.7660444431189788 1.2059693779159173e-15
    outer loop
      vertex 69.1815536142034 48.60060465154575 22.308806999211797
      vertex 72.06064030936795 51.01644523558575 17.6
      vertex 69.81129571977395 49.129021020066816 17.6
    endloop
  endfacet
  facet normal -0.7622784491934042 0.5653442282555916 -0.3151467427618259
    outer loop
      vertex 58.06219462946141 39.15844853424209 27
      vertex 68.53965292565056 48.045708770451704 17.6
      vertex 68.49713717369434 47.98838291507422 17.6
    endloop
  endfacet
  facet normal -0.7278009023688726 0.6596402874715948 -0.1875647558989873
    outer loop
      vertex 58.391712990342356 39.5220160193566 27
      vertex 68.58758286905142 48.09859131374108 17.6
      vertex 68.53965292565056 48.045708770451704 17.6
    endloop
  endfacet
  facet normal -0.6706398312153523 0.739937028700936 -0.05230115051004207
    outer loop
      vertex 58.755280475456864 39.851534380237545 27
      vertex 68.64046541234082 48.14652125714195 17.6
      vertex 68.58758286905142 48.09859131374108 17.6
    endloop
  endfacet
  facet normal -0.6428092954827819 0.7660262459610758 -0.000011819934458734057
    outer loop
      vertex 58.755280475456864 39.851534380237545 27
      vertex 69.81129571977395 49.129021020066816 17.6
      vertex 68.64046541234082 48.14652125714195 17.6
    endloop
  endfacet
  facet normal -0.6427876096855928 0.7660444431197723 2.9193747487256367e-13
    outer loop
      vertex 71.33162492575971 50.40472869607751 21.62295880056383
      vertex 72.06064030936795 51.01644523558575 17.6
      vertex 71.26113964954243 50.34558452680017 21.998422177135417
    endloop
  endfacet
  facet normal 0.5008432275604563 0.8356064417541186 0.22565002970495263
    outer loop
      vertex 71.33162492575971 50.40472869607751 21.62295880056383
      vertex 71.26113964954243 50.34558452680017 21.998422177135417
      vertex 77.34993810771978 47.88386418329133 17.6
    endloop
  endfacet
  facet normal 0.531591713532004 0.7955832123713157 0.2906159016589527
    outer loop
      vertex 71.26113964954243 50.34558452680017 21.998422177135417
      vertex 71.2370765550999 50.32539319312845 22.097713466935705
      vertex 77.34993810771978 47.88386418329133 17.6
    endloop
  endfacet
  facet normal 0.5578897545831673 0.7522272543786064 0.35058975954975724
    outer loop
      vertex 71.2370765550999 50.32539319312845 22.097713466935705
      vertex 71.11892229402902 50.226249996241854 22.498453256587695
      vertex 77.77760067793125 47.57085445131349 17.6
    endloop
  endfacet
  facet normal 0.579958119592499 0.706681009303904 0.4052783372053684
    outer loop
      vertex 71.11892229402902 50.226249996241854 22.498453256587695
      vertex 71.08095624612984 50.1943926994524 22.608332468745694
      vertex 77.83032167088302 47.52758745031471 17.6
    endloop
  endfacet
  facet normal -0.6427876096853329 0.7660444431199903 5.882161430858316e-13
    outer loop
      vertex 71.26113964954243 50.34558452680017 21.998422177135417
      vertex 71.11892229402902 50.226249996241854 22.498453256587695
      vertex 71.2370765550999 50.32539319312845 22.097713466935705
    endloop
  endfacet
  facet normal -0.6427876096863081 0.766044443119172 1.1591484040110537e-13
    outer loop
      vertex 71.26113964954243 50.34558452680017 21.998422177135417
      vertex 71.08095624612984 50.1943926994524 22.608332468745694
      vertex 71.11892229402902 50.226249996241854 22.498453256587695
    endloop
  endfacet
  facet normal 0.6427876096892796 -0.7660444431166787 1.8324825127653215e-12
    outer loop
      vertex 79.67254338177578 44.349517402877574 19.83497293844964
      vertex 79.32967125956566 44.06181353159008 20.709559933336546
      vertex 80.5467875379517 45.08309535188368 17.6
    endloop
  endfacet
  facet normal 0.6427876096876362 -0.7660444431180577 7.757104806946053e-13
    outer loop
      vertex 79.32967125956566 44.06181353159008 20.709559933336546
      vertex 79.18278126516935 43.93855819146852 21.075142598244184
      vertex 78.64542967936195 43.487666674005006 22.369033596820053
    endloop
  endfacet
  facet normal 0.642787609683879 -0.7660444431212103 -1.878983993367061e-12
    outer loop
      vertex 79.18278126516935 43.93855819146852 21.075142598244184
      vertex 78.99800299269 43.78351081118152 21.52182387164432
      vertex 78.64542967936195 43.487666674005006 22.369033596820053
    endloop
  endfacet
  facet normal 0.6427876096867354 -0.7660444431188135 1.405728531301674e-13
    outer loop
      vertex 79.32967125956566 44.06181353159008 20.709559933336546
      vertex 78.64542967936195 43.487666674005006 22.369033596820053
      vertex 78.44445717367712 43.31903071860809 22.841575694818353
    endloop
  endfacet
  facet normal 0.5008432273056603 0.8356064420573331 0.22565002914764992
    outer loop
      vertex 71.33162492575971 50.40472869607751 21.62295880056383
      vertex 77.22209821732268 47.96048846491252 17.6
      vertex 76.95380347753226 48.12129814346757 17.6
    endloop
  endfacet
  facet normal 0.5008432275604239 0.8356064417541575 0.2256500297048797
    outer loop
      vertex 71.33162492575971 50.40472869607751 21.62295880056383
      vertex 77.34993810771978 47.88386418329133 17.6
      vertex 77.22209821732268 47.96048846491252 17.6
    endloop
  endfacet
  facet normal 0.531591713532084 0.795583212371201 0.29061590165911994
    outer loop
      vertex 71.2370765550999 50.32539319312845 22.097713466935705
      vertex 77.40664614094158 47.845973086442314 17.6
      vertex 77.34993810771978 47.88386418329133 17.6
    endloop
  endfacet
  facet normal 0.5578897545831681 0.7522272543786067 0.35058975954975563
    outer loop
      vertex 71.2370765550999 50.32539319312845 22.097713466935705
      vertex 77.77760067793125 47.57085445131349 17.6
      vertex 77.66566663218568 47.65387039755447 17.6
    endloop
  endfacet
  facet normal 0.5578897544704748 0.7522272545979864 0.35058975925838065
    outer loop
      vertex 71.2370765550999 50.32539319312845 22.097713466935705
      vertex 77.66566663218568 47.65387039755447 17.6
      vertex 77.40664614094158 47.845973086442314 17.6
    endloop
  endfacet
  facet normal 0.5969431928549179 0.6633589893827708 0.45123572078155055
    outer loop
      vertex 79.67254338177578 44.349517402877574 19.83497293844964
      vertex 80.5467875379517 45.08309535188368 17.6
      vertex 77.83032167088302 47.52758745031471 17.6
    endloop
  endfacet
  facet normal 0.5799581195925297 0.7066810093038249 0.4052783372054623
    outer loop
      vertex 71.11892229402902 50.226249996241854 22.498453256587695
      vertex 77.83032167088302 47.52758745031471 17.6
      vertex 77.77760067793125 47.57085445131349 17.6
    endloop
  endfacet
  facet normal -0.6428092954827788 0.7660262459610785 -0.000011819934452482075
    outer loop
      vertex 58.755280475456864 39.851534380237545 27
      vertex 63.92612054901421 44.19077270486863 36
      vertex 69.81129571977395 49.129021020066816 17.6
    endloop
  endfacet
  facet normal 0.6427677633167771 -0.7660610955860327 -0.000016440038028306217
    outer loop
      vertex 65.09921331709332 32.12142984661018 27
      vertex 77.18538879606699 42.26260339111499 17.6
      vertex 69.52037123737232 35.830833500860365 36
    endloop
  endfacet
  facet normal -0.642787609686536 0.7660444431189808 1.7555332450994154e-15
    outer loop
      vertex 69.1815536142034 48.60060465154575 22.308806999211797
      vertex 69.81129571977395 49.129021020066816 17.6
      vertex 63.92612054901421 44.19077270486863 36
    endloop
  endfacet
  facet normal -0.6427876096865411 0.7660444431189766 -1.4737704442750193e-15
    outer loop
      vertex 69.1815536142034 48.60060465154575 22.308806999211797
      vertex 63.92612054901421 44.19077270486863 36
      vertex 72.06064030936795 51.01644523558575 17.6
    endloop
  endfacet
  facet normal -0.6427876096865422 0.7660444431189757 -2.311080505608671e-15
    outer loop
      vertex 71.26113964954243 50.34558452680017 21.998422177135417
      vertex 72.06064030936795 51.01644523558575 17.6
      vertex 63.92612054901421 44.19077270486863 36
    endloop
  endfacet
  facet normal -0.6427876096865422 0.7660444431189757 -2.2881435413624187e-15
    outer loop
      vertex 71.26113964954243 50.34558452680017 21.998422177135417
      vertex 63.92612054901421 44.19077270486863 36
      vertex 71.08095624612984 50.1943926994524 22.608332468745694
    endloop
  endfacet
  facet normal 0.5969431928549179 0.66335898938277 0.45123572078155144
    outer loop
      vertex 71.08095624612984 50.1943926994524 22.608332468745694
      vertex 69.53881637271604 42.472738311631474 36
      vertex 77.83032167088302 47.52758745031471 17.6
    endloop
  endfacet
  facet normal 0.6427677633167763 -0.7660610955860334 -0.000016440038028858344
    outer loop
      vertex 69.52037123737232 35.830833500860365 36
      vertex 77.18538879606699 42.26260339111499 17.6
      vertex 78.46483104084474 43.3361264230341 17.6
    endloop
  endfacet
  facet normal 0.6427876096865364 -0.7660444431189805 -2.982616251446978e-15
    outer loop
      vertex 70.56774043210224 36.7096806058647 34.2909189723993
      vertex 78.46483104084474 43.3361264230341 17.6
      vertex 80.5467875379517 45.08309535188368 17.6
    endloop
  endfacet
  facet normal 0.6427876096866936 -0.7660444431188486 1.128599577164914e-13
    outer loop
      vertex 79.32967125956566 44.06181353159008 20.709559933336546
      vertex 78.44445717367712 43.31903071860809 22.841575694818353
      vertex 77.57507482526428 42.58953231070283 24.813911316261006
    endloop
  endfacet
  facet normal 0.6427876096865373 -0.7660444431189798 -1.7758687285785626e-15
    outer loop
      vertex 79.32967125956566 44.06181353159008 20.709559933336546
      vertex 70.56774043210224 36.7096806058647 34.2909189723993
      vertex 80.5467875379517 45.08309535188368 17.6
    endloop
  endfacet
  facet normal 0.5969431928549173 0.6633589893827708 0.4512357207815513
    outer loop
      vertex 79.67254338177578 44.349517402877574 19.83497293844964
      vertex 77.83032167088302 47.52758745031471 17.6
      vertex 69.53881637271604 42.472738311631474 36
    endloop
  endfacet
  facet normal 0.642787609686429 -0.7660444431190705 -7.848231465322564e-14
    outer loop
      vertex 79.32967125956566 44.06181353159008 20.709559933336546
      vertex 77.57507482526428 42.58953231070283 24.813911316261006
      vertex 77.23999414759105 42.30836623765259 25.545107232272592
    endloop
  endfacet
  facet normal 0.6427876096869823 -0.7660444431186062 3.268668132335255e-13
    outer loop
      vertex 78.44445717367712 43.31903071860809 22.841575694818353
      vertex 78.19216084012051 43.107328958173355 23.419589081935555
      vertex 77.57507482526428 42.58953231070283 24.813911316261006
    endloop
  endfacet
  facet normal 0.6427876096871635 -0.7660444431184542 4.674144984690358e-13
    outer loop
      vertex 78.19216084012051 43.107328958173355 23.419589081935555
      vertex 77.84242486160245 42.81386562758943 24.216543128886947
      vertex 77.57507482526428 42.58953231070283 24.813911316261006
    endloop
  endfacet
  facet normal 0.6427876096865609 -0.7660444431189598 1.609874883207425e-14
    outer loop
      vertex 79.32967125956566 44.06181353159008 20.709559933336546
      vertex 77.23999414759105 42.30836623765259 25.545107232272592
      vertex 74.59006536361576 40.08481197237287 31.02324374853252
    endloop
  endfacet
  facet normal 0.5989691949090846 0.6608606672841153 0.45221574716804924
    outer loop
      vertex 79.67254338177578 44.349517402877574 19.83497293844964
      vertex 69.53881637271604 42.472738311631474 36
      vertex 79.32967125956566 44.06181353159008 20.709559933336546
    endloop
  endfacet
  facet normal 0.619972458835763 0.6336478607909256 0.46273592771711786
    outer loop
      vertex 79.32967125956566 44.06181353159008 20.709559933336546
      vertex 69.8205863300905 42.199477560041586 36
      vertex 79.18278126516935 43.93855819146852 21.075142598244184
    endloop
  endfacet
  facet normal 0.6456561148099508 0.5981458002910521 0.47471020949911796
    outer loop
      vertex 79.18278126516935 43.93855819146852 21.075142598244184
      vertex 70.08004494649519 41.919410322019814 36
      vertex 78.99800299269 43.78351081118152 21.52182387164432
    endloop
  endfacet
  facet normal 0.6511866264136281 0.5902011553531344 0.4770938836328372
    outer loop
      vertex 78.99800299269 43.78351081118152 21.52182387164432
      vertex 70.1105794664224 41.88572067088951 36
      vertex 78.64542967936195 43.487666674005006 22.369033596820053
    endloop
  endfacet
  facet normal -0.6715589548470197 -0.740951125354958 0
    outer loop
      vertex 58.391712990342356 32.45094820749112 27
      vertex 58.755280475456864 32.12142984661018 27
      vertex 58.391712990342356 32.45094820749112 28
    endloop
  endfacet
  facet normal -0.6715589548470197 -0.740951125354958 1.532226591592596e-18
    outer loop
      vertex 58.391712990342356 32.45094820749112 28
      vertex 58.755280475456864 32.12142984661018 27
      vertex 58.755280475456864 32.12142984661018 28
    endloop
  endfacet
  facet normal -0.941544065183024 -0.336889853392211 1.208532104109592e-17
    outer loop
      vertex 57.307849233718656 34.07306495159841 27
      vertex 57.14254521761405 34.53505872715155 28
      vertex 57.14254521761405 34.53505872715155 27
    endloop
  endfacet
  facet normal -0.8032075314806424 -0.5956993044924368 0
    outer loop
      vertex 57.769898834762365 33.20863094832585 27
      vertex 58.06219462946141 32.81451569260563 27
      vertex 57.769898834762365 33.20863094832585 28
    endloop
  endfacet
  facet normal -0.740951125354958 -0.6715589548470197 0
    outer loop
      vertex 58.06219462946141 32.81451569260563 27
      vertex 58.391712990342356 32.45094820749112 27
      vertex 58.06219462946141 32.81451569260563 28
    endloop
  endfacet
  facet normal -0.8577286100002751 -0.5141027441932168 -5.976588433707469e-18
    outer loop
      vertex 57.769898834762365 33.20863094832585 27
      vertex 57.51764057453332 33.629498429293875 28
      vertex 57.51764057453332 33.629498429293875 27
    endloop
  endfacet
  facet normal -0.9039892931234403 -0.4275550934302886 0
    outer loop
      vertex 57.307849233718656 34.07306495159841 27
      vertex 57.51764057453332 33.629498429293875 27
      vertex 57.307849233718656 34.07306495159841 28
    endloop
  endfacet
  facet normal -0.941544065183024 -0.336889853392211 0
    outer loop
      vertex 57.307849233718656 34.07306495159841 27
      vertex 57.307849233718656 34.07306495159841 28
      vertex 57.14254521761405 34.53505872715155 28
    endloop
  endfacet
  facet normal -0.8032075314806424 -0.5956993044924368 0
    outer loop
      vertex 58.06219462946141 32.81451569260563 27
      vertex 58.06219462946141 32.81451569260563 28
      vertex 57.769898834762365 33.20863094832585 28
    endloop
  endfacet
  facet normal -0.8577286100002751 -0.5141027441932168 0
    outer loop
      vertex 57.769898834762365 33.20863094832585 27
      vertex 57.769898834762365 33.20863094832585 28
      vertex 57.51764057453332 33.629498429293875 28
    endloop
  endfacet
  facet normal -0.740951125354958 -0.6715589548470197 0
    outer loop
      vertex 58.391712990342356 32.45094820749112 27
      vertex 58.391712990342356 32.45094820749112 28
      vertex 58.06219462946141 32.81451569260563 28
    endloop
  endfacet
  facet normal -0.9039892931234403 -0.4275550934302886 0
    outer loop
      vertex 57.51764057453332 33.629498429293875 27
      vertex 57.51764057453332 33.629498429293875 28
      vertex 57.307849233718656 34.07306495159841 28
    endloop
  endfacet
  facet normal -0.970031253194543 -0.24298017990326795 9.865626063548775e-19
    outer loop
      vertex 57.14254521761405 34.53505872715155 27
      vertex 57.02332049425894 35.01103050334322 28
      vertex 57.02332049425894 35.01103050334322 27
    endloop
  endfacet
  facet normal -0.9891765099647813 -0.14673047445535878 0
    outer loop
      vertex 56.95132326291411 35.49639641177606 27
      vertex 57.02332049425894 35.01103050334322 27
      vertex 56.95132326291411 35.49639641177606 28
    endloop
  endfacet
  facet normal -0.9987954562051724 -0.04906767432741743 2.9021601283742576e-15
    outer loop
      vertex 56.95132326291411 35.49639641177606 27
      vertex 56.94040828488453 35.71857589368459 28
      vertex 56.92724689627509 35.98648211342386 27
    endloop
  endfacet
  facet normal -0.970031253194543 -0.24298017990326795 0
    outer loop
      vertex 57.14254521761405 34.53505872715155 27
      vertex 57.14254521761405 34.53505872715155 28
      vertex 57.02332049425894 35.01103050334322 28
    endloop
  endfacet
  facet normal -0.9891765099647813 -0.14673047445535878 0
    outer loop
      vertex 57.02332049425894 35.01103050334322 27
      vertex 57.02332049425894 35.01103050334322 28
      vertex 56.95132326291411 35.49639641177606 28
    endloop
  endfacet
  facet normal -0.9987954562051731 -0.04906767432740441 0
    outer loop
      vertex 56.95132326291411 35.49639641177606 27
      vertex 56.95132326291411 35.49639641177606 28
      vertex 56.94040828488453 35.71857589368459 28
    endloop
  endfacet
  facet normal -0.998795456205172 -0.04906767432742824 -1.5888972679370353e-19
    outer loop
      vertex 56.92724689627509 35.98648211342386 27
      vertex 56.94040828488453 35.71857589368459 28
      vertex 56.94040828488453 35.71857589368459 31
    endloop
  endfacet
  facet normal -0.5141027441932168 -0.8577286100002751 0
    outer loop
      vertex 59.14939573117708 31.829134051911133 27
      vertex 59.57026321214511 31.576875791682085 27
      vertex 59.14939573117708 31.829134051911133 28
    endloop
  endfacet
  facet normal -0.5956993044924368 -0.8032075314806424 4.846491916996852e-18
    outer loop
      vertex 59.14939573117708 31.829134051911133 27
      vertex 58.755280475456864 32.12142984661018 28
      vertex 58.755280475456864 32.12142984661018 27
    endloop
  endfacet
  facet normal -0.4275550934302827 -0.9039892931234431 0
    outer loop
      vertex 59.57026321214511 31.576875791682085 27
      vertex 60.013829734449644 31.367084450867427 27
      vertex 59.57026321214511 31.576875791682085 28
    endloop
  endfacet
  facet normal -0.3368898533922174 -0.9415440651830217 0
    outer loop
      vertex 60.013829734449644 31.367084450867427 27
      vertex 60.47582351000278 31.201780434762817 27
      vertex 60.013829734449644 31.367084450867427 28
    endloop
  endfacet
  facet normal -0.24298017990326795 -0.970031253194543 1.2259698665835561e-15
    outer loop
      vertex 60.47582351000278 31.201780434762817 27
      vertex 60.951795286194454 31.082555711407707 27
      vertex 60.796803386252925 31.121379161278337 28
    endloop
  endfacet
  facet normal -0.5956993044924368 -0.8032075314806424 0
    outer loop
      vertex 59.14939573117708 31.829134051911133 27
      vertex 59.14939573117708 31.829134051911133 28
      vertex 58.755280475456864 32.12142984661018 28
    endloop
  endfacet
  facet normal -0.5141027441932168 -0.8577286100002751 0
    outer loop
      vertex 59.57026321214511 31.576875791682085 27
      vertex 59.57026321214511 31.576875791682085 28
      vertex 59.14939573117708 31.829134051911133 28
    endloop
  endfacet
  facet normal -0.4275550934302827 -0.9039892931234431 0
    outer loop
      vertex 60.013829734449644 31.367084450867427 27
      vertex 60.013829734449644 31.367084450867427 28
      vertex 59.57026321214511 31.576875791682085 28
    endloop
  endfacet
  facet normal -0.3368898533922174 -0.9415440651830217 0
    outer loop
      vertex 60.47582351000278 31.201780434762817 27
      vertex 60.47582351000278 31.201780434762817 28
      vertex 60.013829734449644 31.367084450867427 28
    endloop
  endfacet
  facet normal -0.24298017990326437 -0.9700312531945439 0
    outer loop
      vertex 60.47582351000278 31.201780434762817 27
      vertex 60.796803386252925 31.121379161278337 28
      vertex 60.47582351000278 31.201780434762817 28
    endloop
  endfacet
  facet normal -0.24298017990327891 -0.9700312531945402 -5.753371216828942e-16
    outer loop
      vertex 60.951795286194454 31.082555711407707 27
      vertex 60.79680338625292 31.121379161278337 31
      vertex 60.796803386252925 31.121379161278337 28
    endloop
  endfacet
  facet normal -0.9987954562051724 0.04906767432741743 6.696542692260185e-21
    outer loop
      vertex 56.92724689627509 35.98648211342386 27
      vertex 56.95132326291411 36.47656781507166 36
      vertex 56.95132326291411 36.47656781507166 27
    endloop
  endfacet
  facet normal -0.9987954562051695 -0.04906767432747522 -3.1550469485518427e-15
    outer loop
      vertex 56.92724689627509 35.98648211342386 27
      vertex 56.94040828488453 35.71857589368459 31
      vertex 56.95132326291411 35.49639641177606 36
    endloop
  endfacet
  facet normal -0.1467304744553588 -0.9891765099647813 0
    outer loop
      vertex 60.951795286194454 31.082555711407707 27
      vertex 61.43716119462729 31.010558480062876 27
      vertex 60.951795286194454 31.082555711407707 36
    endloop
  endfacet
  facet normal -0.04906767432741743 -0.9987954562051724 0
    outer loop
      vertex 61.43716119462729 31.010558480062876 27
      vertex 61.92724689627509 30.98648211342386 27
      vertex 61.43716119462729 31.010558480062876 36
    endloop
  endfacet
  facet normal 0.04906767432741743 -0.9987954562051724 6.696542692260185e-21
    outer loop
      vertex 61.92724689627509 30.98648211342386 27
      vertex 62.41733259792289 31.010558480062876 27
      vertex 62.41733259792289 31.010558480062876 36
    endloop
  endfacet
  facet normal 0.1467304744553588 -0.9891765099647813 1.5625139545464023e-19
    outer loop
      vertex 62.41733259792289 31.010558480062876 27
      vertex 62.90269850635573 31.082555711407707 27
      vertex 62.90269850635573 31.082555711407707 36
    endloop
  endfacet
  facet normal 0.24298017990326798 -0.9700312531945431 0
    outer loop
      vertex 62.90269850635573 31.082555711407707 27
      vertex 63.378670282547404 31.201780434762817 27
      vertex 62.90269850635573 31.082555711407707 36
    endloop
  endfacet
  facet normal 0.33688985339221733 -0.9415440651830217 0
    outer loop
      vertex 63.378670282547404 31.201780434762817 27
      vertex 63.84066405810054 31.367084450867427 27
      vertex 63.378670282547404 31.201780434762817 36
    endloop
  endfacet
  facet normal -0.24298017990326495 -0.9700312531945438 0
    outer loop
      vertex 60.951795286194454 31.082555711407707 27
      vertex 60.951795286194454 31.082555711407707 36
      vertex 60.79680338625292 31.121379161278337 31
    endloop
  endfacet
  facet normal -0.6715589548470197 -0.740951125354958 3.416037379390083e-19
    outer loop
      vertex 58.391712990342356 32.45094820749112 31.553116654732364
      vertex 58.755280475456864 32.12142984661018 31.51460823925127
      vertex 58.755280475456864 32.12142984661018 36
    endloop
  endfacet
  facet normal -0.9415440651830241 -0.336889853392211 2.5890561289557315e-18
    outer loop
      vertex 57.307849233718656 34.07306495159841 31.430493960415617
      vertex 57.14254521761405 34.53505872715155 36
      vertex 57.14254521761405 34.53505872715155 31.332151780745516
    endloop
  endfacet
  facet normal -0.8032075314806424 -0.5956993044924369 0
    outer loop
      vertex 57.769898834762365 33.20863094832585 31.546943741501174
      vertex 58.06219462946141 32.81451569260563 31.56392986786686
      vertex 57.769898834762365 33.20863094832585 36
    endloop
  endfacet
  facet normal -0.7409511253549579 -0.6715589548470197 0
    outer loop
      vertex 58.06219462946141 32.81451569260563 31.56392986786686
      vertex 58.391712990342356 32.45094820749112 31.553116654732364
      vertex 58.06219462946141 32.81451569260563 36
    endloop
  endfacet
  facet normal -0.857728610000275 -0.5141027441932168 -1.3288163913522154e-18
    outer loop
      vertex 57.769898834762365 33.20863094832585 31.546943741501174
      vertex 57.51764057453332 33.629498429293875 36
      vertex 57.51764057453332 33.629498429293875 31.50232186131777
    endloop
  endfacet
  facet normal -0.9039892931234403 -0.4275550934302886 0
    outer loop
      vertex 57.307849233718656 34.07306495159841 31.430493960415617
      vertex 57.51764057453332 33.629498429293875 31.50232186131777
      vertex 57.307849233718656 34.07306495159841 36
    endloop
  endfacet
  facet normal -0.970031253194543 -0.24298017990326798 0
    outer loop
      vertex 57.02332049425894 35.01103050334322 31.20824241125701
      vertex 57.14254521761405 34.53505872715155 31.332151780745516
      vertex 57.02332049425894 35.01103050334322 36
    endloop
  endfacet
  facet normal -0.9891765099647815 -0.14673047445535878 0
    outer loop
      vertex 56.95132326291411 35.49639641177606 31.059959166914012
      vertex 57.02332049425894 35.01103050334322 31.20824241125701
      vertex 56.95132326291411 35.49639641177606 36
    endloop
  endfacet
  facet normal -0.9987954562051731 -0.04906767432740126 1.400124147099114e-16
    outer loop
      vertex 56.94289245801736 35.668009387904426 31
      vertex 56.95132326291411 35.49639641177606 36
      vertex 56.94040828488453 35.71857589368459 31
    endloop
  endfacet
  facet normal -0.9987954562051731 -0.04906767432740533 0
    outer loop
      vertex 56.95132326291411 35.49639641177606 31.059959166914012
      vertex 56.95132326291411 35.49639641177606 36
      vertex 56.94289245801736 35.668009387904426 31
    endloop
  endfacet
  facet normal -0.9987954562051724 -0.04906767432741743 0
    outer loop
      vertex 56.92724689627509 35.98648211342386 27
      vertex 56.95132326291411 35.49639641177606 36
      vertex 56.92724689627509 35.98648211342386 36
    endloop
  endfacet
  facet normal -0.9987954562051724 0.04906767432741743 0
    outer loop
      vertex 56.92724689627509 35.98648211342386 27
      vertex 56.92724689627509 35.98648211342386 36
      vertex 56.95132326291411 36.47656781507166 36
    endloop
  endfacet
  facet normal -0.42755509343028264 -0.9039892931234431 0
    outer loop
      vertex 59.57026321214511 31.576875791682085 31.356252377998814
      vertex 60.013829734449644 31.367084450867427 31.23792998573743
      vertex 59.57026321214511 31.576875791682085 36
    endloop
  endfacet
  facet normal -0.5956993044924368 -0.8032075314806424 1.080505823238915e-18
    outer loop
      vertex 59.14939573117708 31.829134051911133 31.448775478515515
      vertex 58.755280475456864 32.12142984661018 36
      vertex 58.755280475456864 32.12142984661018 31.51460823925127
    endloop
  endfacet
  facet normal -0.5141027441932167 -0.8577286100002751 -1.2870183567667498e-18
    outer loop
      vertex 59.14939573117708 31.829134051911133 31.448775478515515
      vertex 59.57026321214511 31.576875791682085 31.356252377998814
      vertex 59.57026321214511 31.576875791682085 36
    endloop
  endfacet
  facet normal -0.3368898533922174 -0.9415440651830217 0
    outer loop
      vertex 60.013829734449644 31.367084450867427 31.23792998573743
      vertex 60.47582351000278 31.201780434762817 31.094947811050428
      vertex 60.013829734449644 31.367084450867427 36
    endloop
  endfacet
  facet normal -0.2429801799032609 -0.9700312531945448 -1.3298228636158977e-16
    outer loop
      vertex 60.74763350596238 31.133695575125284 31
      vertex 60.79680338625292 31.121379161278337 31
      vertex 60.951795286194454 31.082555711407707 36
    endloop
  endfacet
  facet normal -0.24298017990327087 -0.9700312531945423 2.9771895736510693e-16
    outer loop
      vertex 60.47582351000278 31.201780434762817 31.094947811050428
      vertex 60.74763350596238 31.133695575125284 31
      vertex 60.951795286194454 31.082555711407707 36
    endloop
  endfacet
  facet normal -0.1467304744553588 -0.9891765099647813 0
    outer loop
      vertex 61.43716119462729 31.010558480062876 27
      vertex 61.43716119462729 31.010558480062876 36
      vertex 60.951795286194454 31.082555711407707 36
    endloop
  endfacet
  facet normal -0.04906767432741743 -0.9987954562051724 0
    outer loop
      vertex 61.92724689627509 30.98648211342386 27
      vertex 61.92724689627509 30.98648211342386 36
      vertex 61.43716119462729 31.010558480062876 36
    endloop
  endfacet
  facet normal 0.04906767432741743 -0.9987954562051724 0
    outer loop
      vertex 61.92724689627509 30.98648211342386 27
      vertex 62.41733259792289 31.010558480062876 36
      vertex 61.92724689627509 30.98648211342386 36
    endloop
  endfacet
  facet normal 0.1467304744553588 -0.9891765099647813 0
    outer loop
      vertex 62.41733259792289 31.010558480062876 27
      vertex 62.90269850635573 31.082555711407707 36
      vertex 62.41733259792289 31.010558480062876 36
    endloop
  endfacet
  facet normal 0.24298017990326798 -0.9700312531945431 0
    outer loop
      vertex 63.378670282547404 31.201780434762817 27
      vertex 63.378670282547404 31.201780434762817 36
      vertex 62.90269850635573 31.082555711407707 36
    endloop
  endfacet
  facet normal 0.33688985339221733 -0.9415440651830217 0
    outer loop
      vertex 63.84066405810054 31.367084450867427 27
      vertex 63.84066405810054 31.367084450867427 36
      vertex 63.378670282547404 31.201780434762817 36
    endloop
  endfacet
  facet normal 0.4275550934302826 -0.903989293123443 0
    outer loop
      vertex 63.84066405810054 31.367084450867427 27
      vertex 64.28423058040508 31.576875791682085 36
      vertex 63.84066405810054 31.367084450867427 36
    endloop
  endfacet
  facet normal -0.6715589548470197 -0.740951125354958 0
    outer loop
      vertex 58.391712990342356 32.45094820749112 31.553116654732364
      vertex 58.755280475456864 32.12142984661018 36
      vertex 58.391712990342356 32.45094820749112 36
    endloop
  endfacet
  facet normal -0.941544065183024 -0.336889853392211 0
    outer loop
      vertex 57.307849233718656 34.07306495159841 31.430493960415617
      vertex 57.307849233718656 34.07306495159841 36
      vertex 57.14254521761405 34.53505872715155 36
    endloop
  endfacet
  facet normal -0.8032075314806424 -0.5956993044924368 0
    outer loop
      vertex 58.06219462946141 32.81451569260563 31.56392986786686
      vertex 58.06219462946141 32.81451569260563 36
      vertex 57.769898834762365 33.20863094832585 36
    endloop
  endfacet
  facet normal -0.857728610000275 -0.5141027441932167 0
    outer loop
      vertex 57.769898834762365 33.20863094832585 31.546943741501174
      vertex 57.769898834762365 33.20863094832585 36
      vertex 57.51764057453332 33.629498429293875 36
    endloop
  endfacet
  facet normal -0.740951125354958 -0.6715589548470197 0
    outer loop
      vertex 58.391712990342356 32.45094820749112 31.553116654732364
      vertex 58.391712990342356 32.45094820749112 36
      vertex 58.06219462946141 32.81451569260563 36
    endloop
  endfacet
  facet normal -0.9039892931234402 -0.4275550934302885 0
    outer loop
      vertex 57.51764057453332 33.629498429293875 31.50232186131777
      vertex 57.51764057453332 33.629498429293875 36
      vertex 57.307849233718656 34.07306495159841 36
    endloop
  endfacet
  facet normal -0.970031253194543 -0.24298017990326798 0
    outer loop
      vertex 57.14254521761405 34.53505872715155 31.332151780745516
      vertex 57.14254521761405 34.53505872715155 36
      vertex 57.02332049425894 35.01103050334322 36
    endloop
  endfacet
  facet normal -0.9891765099647816 -0.14673047445535883 0
    outer loop
      vertex 57.02332049425894 35.01103050334322 31.20824241125701
      vertex 57.02332049425894 35.01103050334322 36
      vertex 56.95132326291411 35.49639641177606 36
    endloop
  endfacet
  facet normal 0 0 1
    outer loop
      vertex 57.769898834762365 33.20863094832585 36
      vertex 58.06219462946141 32.81451569260563 36
      vertex 57.51764057453332 33.629498429293875 36
    endloop
  endfacet
  facet normal 0 0 1
    outer loop
      vertex 58.06219462946141 32.81451569260563 36
      vertex 58.755280475456864 32.12142984661018 36
      vertex 57.51764057453332 33.629498429293875 36
    endloop
  endfacet
  facet normal 0 0 1
    outer loop
      vertex 58.06219462946141 32.81451569260563 36
      vertex 58.391712990342356 32.45094820749112 36
      vertex 58.755280475456864 32.12142984661018 36
    endloop
  endfacet
  facet normal 0 0 1
    outer loop
      vertex 57.307849233718656 34.07306495159841 36
      vertex 57.02332049425894 35.01103050334322 36
      vertex 57.14254521761405 34.53505872715155 36
    endloop
  endfacet
  facet normal 0 0 1
    outer loop
      vertex 57.307849233718656 34.07306495159841 36
      vertex 56.95132326291411 35.49639641177606 36
      vertex 57.02332049425894 35.01103050334322 36
    endloop
  endfacet
  facet normal 0 0 1
    outer loop
      vertex 57.307849233718656 34.07306495159841 36
      vertex 56.95132326291411 36.47656781507166 36
      vertex 56.95132326291411 35.49639641177606 36
    endloop
  endfacet
  facet normal 0 0 1
    outer loop
      vertex 56.95132326291411 35.49639641177606 36
      vertex 56.95132326291411 36.47656781507166 36
      vertex 56.92724689627509 35.98648211342386 36
    endloop
  endfacet
  facet normal 0 0 1
    outer loop
      vertex 57.307849233718656 34.07306495159841 36
      vertex 57.769898834762365 38.764333278521875 36
      vertex 56.95132326291411 36.47656781507166 36
    endloop
  endfacet
  facet normal -0.5141027441932168 -0.8577286100002751 0
    outer loop
      vertex 59.14939573117708 31.829134051911133 31.448775478515515
      vertex 59.57026321214511 31.576875791682085 36
      vertex 59.14939573117708 31.829134051911133 36
    endloop
  endfacet
  facet normal -0.5956993044924368 -0.8032075314806424 0
    outer loop
      vertex 59.14939573117708 31.829134051911133 31.448775478515515
      vertex 59.14939573117708 31.829134051911133 36
      vertex 58.755280475456864 32.12142984661018 36
    endloop
  endfacet
  facet normal -0.42755509343028264 -0.9039892931234431 0
    outer loop
      vertex 60.013829734449644 31.367084450867427 31.23792998573743
      vertex 60.013829734449644 31.367084450867427 36
      vertex 59.57026321214511 31.576875791682085 36
    endloop
  endfacet
  facet normal -0.33688985339221744 -0.9415440651830218 0
    outer loop
      vertex 60.47582351000278 31.201780434762817 31.094947811050428
      vertex 60.47582351000278 31.201780434762817 36
      vertex 60.013829734449644 31.367084450867427 36
    endloop
  endfacet
  facet normal -0.24298017990326798 -0.970031253194543 0
    outer loop
      vertex 60.47582351000278 31.201780434762817 31.094947811050428
      vertex 60.951795286194454 31.082555711407707 36
      vertex 60.47582351000278 31.201780434762817 36
    endloop
  endfacet
  facet normal 0 0 1
    outer loop
      vertex 59.14939573117708 31.829134051911133 36
      vertex 59.57026321214511 31.576875791682085 36
      vertex 58.755280475456864 32.12142984661018 36
    endloop
  endfacet
  facet normal 0 0 1
    outer loop
      vertex 58.755280475456864 32.12142984661018 36
      vertex 59.57026321214511 31.576875791682085 36
      vertex 60.013829734449644 31.367084450867427 36
    endloop
  endfacet
  facet normal 0 0 1
    outer loop
      vertex 57.51764057453332 33.629498429293875 36
      vertex 60.013829734449644 31.367084450867427 36
      vertex 61.43716119462729 31.010558480062876 36
    endloop
  endfacet
  facet normal 0 0 1
    outer loop
      vertex 60.013829734449644 31.367084450867427 36
      vertex 60.47582351000278 31.201780434762817 36
      vertex 60.951795286194454 31.082555711407707 36
    endloop
  endfacet
  facet normal 0 0 1
    outer loop
      vertex 60.013829734449644 31.367084450867427 36
      vertex 60.951795286194454 31.082555711407707 36
      vertex 61.43716119462729 31.010558480062876 36
    endloop
  endfacet
  facet normal 0 0 1
    outer loop
      vertex 57.307849233718656 34.07306495159841 36
      vertex 61.43716119462729 31.010558480062876 36
      vertex 63.378670282547404 31.201780434762817 36
    endloop
  endfacet
  facet normal 0 0 1
    outer loop
      vertex 61.43716119462729 31.010558480062876 36
      vertex 61.92724689627509 30.98648211342386 36
      vertex 62.41733259792289 31.010558480062876 36
    endloop
  endfacet
  facet normal 0 0 1
    outer loop
      vertex 61.43716119462729 31.010558480062876 36
      vertex 62.41733259792289 31.010558480062876 36
      vertex 63.378670282547404 31.201780434762817 36
    endloop
  endfacet
  facet normal 0 0 1
    outer loop
      vertex 62.41733259792289 31.010558480062876 36
      vertex 62.90269850635573 31.082555711407707 36
      vertex 63.378670282547404 31.201780434762817 36
    endloop
  endfacet
  facet normal 0 0 1
    outer loop
      vertex 63.378670282547404 31.201780434762817 36
      vertex 63.84066405810054 31.367084450867427 36
      vertex 64.28423058040508 31.576875791682085 36
    endloop
  endfacet
  facet normal 0 0 1
    outer loop
      vertex 57.51764057453332 33.629498429293875 36
      vertex 58.755280475456864 32.12142984661018 36
      vertex 60.013829734449644 31.367084450867427 36
    endloop
  endfacet
  facet normal 0 0 1
    outer loop
      vertex 57.307849233718656 34.07306495159841 36
      vertex 57.51764057453332 33.629498429293875 36
      vertex 61.43716119462729 31.010558480062876 36
    endloop
  endfacet
  facet normal 0 0 1
    outer loop
      vertex 57.307849233718656 34.07306495159841 36
      vertex 63.378670282547404 31.201780434762817 36
      vertex 60.60582023189485 34.87767348671458 36
    endloop
  endfacet
  facet normal 0 0 1
    outer loop
      vertex 57.307849233718656 34.07306495159841 36
      vertex 60.2820851562344 35.46776460927899 36
      vertex 60.208811042066834 36.136825769663574 36
    endloop
  endfacet
  facet normal 0 0 1
    outer loop
      vertex 57.307849233718656 34.07306495159841 36
      vertex 60.60582023189485 34.87767348671458 36
      vertex 60.2820851562344 35.46776460927899 36
    endloop
  endfacet
  facet normal 0 0 1
    outer loop
      vertex 57.307849233718656 34.07306495159841 36
      vertex 60.208811042066834 36.136825769663574 36
      vertex 60.39715320904266 36.782998471254295 36
    endloop
  endfacet
  facet normal 0 0 1
    outer loop
      vertex 63.378670282547404 31.201780434762817 36
      vertex 61.77690324003538 34.2680462592156 36
      vertex 61.13073053844466 34.45638842619143 36
    endloop
  endfacet
  facet normal 0 0 1
    outer loop
      vertex 63.378670282547404 31.201780434762817 36
      vertex 62.44596440041997 34.34132037338317 36
      vertex 61.77690324003538 34.2680462592156 36
    endloop
  endfacet
  facet normal 0 0 1
    outer loop
      vertex 63.378670282547404 31.201780434762817 36
      vertex 61.13073053844466 34.45638842619143 36
      vertex 60.60582023189485 34.87767348671458 36
    endloop
  endfacet
  facet normal 0 0 1
    outer loop
      vertex 63.378670282547404 31.201780434762817 36
      vertex 63.03605552298438 34.66505544904362 36
      vertex 62.44596440041997 34.34132037338317 36
    endloop
  endfacet
  facet normal 0 0 1
    outer loop
      vertex 63.378670282547404 31.201780434762817 36
      vertex 63.45734058350752 35.18996575559343 36
      vertex 63.03605552298438 34.66505544904362 36
    endloop
  endfacet
  facet normal -0.9891765099647813 0.1467304744553588 1.5625139545464023e-19
    outer loop
      vertex 56.95132326291411 36.47656781507166 27
      vertex 57.02332049425894 36.9619337235045 36
      vertex 57.02332049425894 36.9619337235045 27
    endloop
  endfacet
  facet normal -0.9700312531945431 0.24298017990326798 0
    outer loop
      vertex 57.02332049425894 36.9619337235045 27
      vertex 57.02332049425894 36.9619337235045 36
      vertex 57.14254521761405 37.43790549969617 27
    endloop
  endfacet
  facet normal -0.9415440651830241 0.336889853392211 -1.3428134490106577e-18
    outer loop
      vertex 57.14254521761405 37.43790549969617 27
      vertex 57.307849233718656 37.89989927524931 36
      vertex 57.307849233718656 37.89989927524931 27
    endloop
  endfacet
  facet normal -0.9039892931234402 0.4275550934302885 -4.999158454425562e-20
    outer loop
      vertex 57.307849233718656 37.89989927524931 27
      vertex 57.51764057453332 38.34346579755385 36
      vertex 57.51764057453332 38.34346579755385 27
    endloop
  endfacet
  facet normal -0.8577286100002749 0.5141027441932167 0
    outer loop
      vertex 57.51764057453332 38.34346579755385 27
      vertex 57.51764057453332 38.34346579755385 36
      vertex 57.769898834762365 38.764333278521875 27
    endloop
  endfacet
  facet normal -0.8032075314806423 0.5956993044924368 -5.384991018885391e-19
    outer loop
      vertex 57.769898834762365 38.764333278521875 27
      vertex 58.06219462946141 39.15844853424209 36
      vertex 58.06219462946141 39.15844853424209 27
    endloop
  endfacet
  facet normal -0.7409511253549579 0.6715589548470197 0
    outer loop
      vertex 58.06219462946141 39.15844853424209 27
      vertex 58.06219462946141 39.15844853424209 36
      vertex 58.391712990342356 39.5220160193566 27
    endloop
  endfacet
  facet normal -0.6715589548470197 0.7409511253549579 0
    outer loop
      vertex 58.391712990342356 39.5220160193566 27
      vertex 58.391712990342356 39.5220160193566 36
      vertex 58.755280475456864 39.851534380237545 27
    endloop
  endfacet
  facet normal -0.9891765099647813 0.1467304744553588 0
    outer loop
      vertex 56.95132326291411 36.47656781507166 27
      vertex 56.95132326291411 36.47656781507166 36
      vertex 57.02332049425894 36.9619337235045 36
    endloop
  endfacet
  facet normal -0.9700312531945431 0.24298017990326798 0
    outer loop
      vertex 57.14254521761405 37.43790549969617 27
      vertex 57.02332049425894 36.9619337235045 36
      vertex 57.14254521761405 37.43790549969617 36
    endloop
  endfacet
  facet normal -0.9415440651830241 0.336889853392211 0
    outer loop
      vertex 57.14254521761405 37.43790549969617 27
      vertex 57.14254521761405 37.43790549969617 36
      vertex 57.307849233718656 37.89989927524931 36
    endloop
  endfacet
  facet normal -0.9039892931234402 0.4275550934302885 0
    outer loop
      vertex 57.307849233718656 37.89989927524931 27
      vertex 57.307849233718656 37.89989927524931 36
      vertex 57.51764057453332 38.34346579755385 36
    endloop
  endfacet
  facet normal -0.8577286100002749 0.5141027441932167 0
    outer loop
      vertex 57.769898834762365 38.764333278521875 27
      vertex 57.51764057453332 38.34346579755385 36
      vertex 57.769898834762365 38.764333278521875 36
    endloop
  endfacet
  facet normal -0.8032075314806423 0.5956993044924368 0
    outer loop
      vertex 57.769898834762365 38.764333278521875 27
      vertex 57.769898834762365 38.764333278521875 36
      vertex 58.06219462946141 39.15844853424209 36
    endloop
  endfacet
  facet normal -0.7409511253549579 0.6715589548470197 0
    outer loop
      vertex 58.391712990342356 39.5220160193566 27
      vertex 58.06219462946141 39.15844853424209 36
      vertex 58.391712990342356 39.5220160193566 36
    endloop
  endfacet
  facet normal -0.6715589548470197 0.7409511253549579 0
    outer loop
      vertex 58.755280475456864 39.851534380237545 27
      vertex 58.391712990342356 39.5220160193566 36
      vertex 58.755280475456864 39.851534380237545 36
    endloop
  endfacet
  facet normal -0.6428213674145462 0.7660161157542921 0
    outer loop
      vertex 58.755280475456864 39.851534380237545 27
      vertex 58.755280475456864 39.851534380237545 36
      vertex 63.92612054901421 44.19077270486863 36
    endloop
  endfacet
  facet normal 0 0 1
    outer loop
      vertex 57.02332049425894 36.9619337235045 36
      vertex 57.307849233718656 37.89989927524931 36
      vertex 57.14254521761405 37.43790549969617 36
    endloop
  endfacet
  facet normal 0 0 1
    outer loop
      vertex 56.95132326291411 36.47656781507166 36
      vertex 57.769898834762365 38.764333278521875 36
      vertex 57.02332049425894 36.9619337235045 36
    endloop
  endfacet
  facet normal 0 0 1
    outer loop
      vertex 57.02332049425894 36.9619337235045 36
      vertex 57.769898834762365 38.764333278521875 36
      vertex 57.307849233718656 37.89989927524931 36
    endloop
  endfacet
  facet normal 0 0 1
    outer loop
      vertex 57.307849233718656 37.89989927524931 36
      vertex 57.769898834762365 38.764333278521875 36
      vertex 57.51764057453332 38.34346579755385 36
    endloop
  endfacet
  facet normal 0 0 1
    outer loop
      vertex 57.769898834762365 38.764333278521875 36
      vertex 58.391712990342356 39.5220160193566 36
      vertex 58.06219462946141 39.15844853424209 36
    endloop
  endfacet
  facet normal 0 0 1
    outer loop
      vertex 57.769898834762365 38.764333278521875 36
      vertex 58.755280475456864 39.851534380237545 36
      vertex 58.391712990342356 39.5220160193566 36
    endloop
  endfacet
  facet normal 0 0 1
    outer loop
      vertex 57.307849233718656 34.07306495159841 36
      vertex 65.84259882388237 45.79888891846978 36
      vertex 57.769898834762365 38.764333278521875 36
    endloop
  endfacet
  facet normal 0 0 1
    outer loop
      vertex 57.307849233718656 34.07306495159841 36
      vertex 60.39715320904266 36.782998471254295 36
      vertex 65.84259882388237 45.79888891846978 36
    endloop
  endfacet
  facet normal 0 0 1
    outer loop
      vertex 60.39715320904266 36.782998471254295 36
      vertex 60.81843826956581 37.3079087778041 36
      vertex 65.84259882388237 45.79888891846978 36
    endloop
  endfacet
  facet normal 0 0 1
    outer loop
      vertex 60.81843826956581 37.3079087778041 36
      vertex 61.40852939213022 37.63164385346455 36
      vertex 65.84259882388237 45.79888891846978 36
    endloop
  endfacet
  facet normal 0 0 1
    outer loop
      vertex 61.40852939213022 37.63164385346455 36
      vertex 62.077590552514806 37.70491796763212 36
      vertex 65.84259882388237 45.79888891846978 36
    endloop
  endfacet
  facet normal 0 0 1
    outer loop
      vertex 62.72376325410553 37.51657580065629 36
      vertex 63.248673560655334 37.095290740133144 36
      vertex 65.84259882388237 45.79888891846978 36
    endloop
  endfacet
  facet normal 0 0 1
    outer loop
      vertex 62.077590552514806 37.70491796763212 36
      vertex 62.72376325410553 37.51657580065629 36
      vertex 65.84259882388237 45.79888891846978 36
    endloop
  endfacet
  facet normal 0 0 1
    outer loop
      vertex 57.769898834762365 38.764333278521875 36
      vertex 65.84259882388237 45.79888891846978 36
      vertex 58.755280475456864 39.851534380237545 36
    endloop
  endfacet
  facet normal 0 0 1
    outer loop
      vertex 58.755280475456864 39.851534380237545 36
      vertex 65.84259882388237 45.79888891846978 36
      vertex 63.92612054901421 44.19077270486863 36
    endloop
  endfacet
  facet normal 0.4275550934302826 -0.903989293123443 1.354635104021934e-18
    outer loop
      vertex 63.84066405810054 31.367084450867427 27
      vertex 64.28423058040508 31.576875791682085 27
      vertex 64.28423058040508 31.576875791682085 36
    endloop
  endfacet
  facet normal 0.5141027441932167 -0.8577286100002749 6.64065381523052e-19
    outer loop
      vertex 64.28423058040508 31.576875791682085 27
      vertex 64.7050980613731 31.829134051911133 27
      vertex 64.7050980613731 31.829134051911133 36
    endloop
  endfacet
  facet normal 0.5956993044924437 -0.8032075314806372 0
    outer loop
      vertex 64.7050980613731 31.829134051911133 27
      vertex 65.09921331709332 32.12142984661018 27
      vertex 64.7050980613731 31.829134051911133 36
    endloop
  endfacet
  facet normal 0.5141027441932167 -0.8577286100002749 0
    outer loop
      vertex 64.28423058040508 31.576875791682085 27
      vertex 64.7050980613731 31.829134051911133 36
      vertex 64.28423058040508 31.576875791682085 36
    endloop
  endfacet
  facet normal 0.5956993044924437 -0.8032075314806372 0
    outer loop
      vertex 65.09921331709332 32.12142984661018 27
      vertex 65.09921331709332 32.12142984661018 36
      vertex 64.7050980613731 31.829134051911133 36
    endloop
  endfacet
  facet normal 0.6427481230127337 -0.7660775746382399 0
    outer loop
      vertex 65.09921331709332 32.12142984661018 27
      vertex 69.52037123737232 35.830833500860365 36
      vertex 65.09921331709332 32.12142984661018 36
    endloop
  endfacet
  facet normal 0 0 1
    outer loop
      vertex 63.378670282547404 31.201780434762817 36
      vertex 64.28423058040508 31.576875791682085 36
      vertex 64.7050980613731 31.829134051911133 36
    endloop
  endfacet
  facet normal 0 0 1
    outer loop
      vertex 63.378670282547404 31.201780434762817 36
      vertex 64.7050980613731 31.829134051911133 36
      vertex 71.97141622003413 37.88750444181082 36
    endloop
  endfacet
  facet normal 0 0 1
    outer loop
      vertex 63.378670282547404 31.201780434762817 36
      vertex 71.97141622003413 37.88750444181082 36
      vertex 63.45734058350752 35.18996575559343 36
    endloop
  endfacet
  facet normal 0 0 1
    outer loop
      vertex 63.45734058350752 35.18996575559343 36
      vertex 71.97141622003413 37.88750444181082 36
      vertex 63.64568275048335 35.83613845718415 36
    endloop
  endfacet
  facet normal 0 0 1
    outer loop
      vertex 64.7050980613731 31.829134051911133 36
      vertex 65.09921331709332 32.12142984661018 36
      vertex 71.97141622003413 37.88750444181082 36
    endloop
  endfacet
  facet normal 0 0 1
    outer loop
      vertex 65.09921331709332 32.12142984661018 36
      vertex 69.52037123737232 35.830833500860365 36
      vertex 71.97141622003413 37.88750444181082 36
    endloop
  endfacet
  facet normal 0.6427876096865403 -0.7660444431189772 8.808759328212816e-16
    outer loop
      vertex 79.32967125956566 44.06181353159008 20.709559933336546
      vertex 74.59006536361576 40.08481197237287 31.02324374853252
      vertex 69.52037123737232 35.830833500860365 36
    endloop
  endfacet
  facet normal 0.642787609686553 -0.7660444431189665 1.0830545243907541e-14
    outer loop
      vertex 69.52037123737232 35.830833500860365 36
      vertex 78.46483104084474 43.3361264230341 17.6
      vertex 70.56774043210224 36.7096806058647 34.2909189723993
    endloop
  endfacet
  facet normal 0.6427876096864712 -0.7660444431190352 -8.780046087011627e-14
    outer loop
      vertex 79.32967125956566 44.06181353159008 20.709559933336546
      vertex 69.52037123737232 35.830833500860365 36
      vertex 70.56774043210224 36.7096806058647 34.2909189723993
    endloop
  endfacet
  facet normal 0.7844152599877711 0.3349860686340736 0.5219933272747894
    outer loop
      vertex 75.8280970664341 41.123643917593526 28.53195446137552
      vertex 71.36405274073012 39.939697820314315 36
      vertex 75.38646473802106 40.753070393706174 29.43342212586599
    endloop
  endfacet
  facet normal 0.7687182021992351 0.3738914572821585 0.5189195542461276
    outer loop
      vertex 76.56051422554947 41.73821488567514 27.00700543718695
      vertex 71.17762542070113 40.32412500778741 36
      vertex 76.12598024745063 41.37359758491841 27.913430081469578
    endloop
  endfacet
  facet normal 0.7723753704958504 0.3653063440105144 0.5196032737359045
    outer loop
      vertex 76.12598024745063 41.37359758491841 27.913430081469578
      vertex 71.36405274073012 39.939697820314315 36
      vertex 75.8280970664341 41.123643917593526 28.53195446137552
    endloop
  endfacet
  facet normal 0.6456561148099859 0.5981458002910024 0.4747102094991329
    outer loop
      vertex 79.18278126516935 43.93855819146852 21.075142598244184
      vertex 69.8205863300905 42.199477560041586 36
      vertex 70.08004494649519 41.919410322019814 36
    endloop
  endfacet
  facet normal 0.6511866264135653 0.5902011553532267 0.47709388363280886
    outer loop
      vertex 78.99800299269 43.78351081118152 21.52182387164432
      vertex 70.08004494649519 41.919410322019814 36
      vertex 70.1105794664224 41.88572067088951 36
    endloop
  endfacet
  facet normal 0.6697470430290156 0.5619844875100788 0.485399149311084
    outer loop
      vertex 78.64542967936195 43.487666674005006 22.369033596820053
      vertex 70.1105794664224 41.88572067088951 36
      vertex 70.33367380362871 41.61984718864723 36
    endloop
  endfacet
  facet normal 0.598969194909211 0.660860667283956 0.4522157471681147
    outer loop
      vertex 79.32967125956566 44.06181353159008 20.709559933336546
      vertex 69.53881637271604 42.472738311631474 36
      vertex 69.57250602384633 42.44220379170428 36
    endloop
  endfacet
  facet normal 0.6199724588357236 0.6336478607909775 0.4627359277171001
    outer loop
      vertex 79.32967125956566 44.06181353159008 20.709559933336546
      vertex 69.57250602384633 42.44220379170428 36
      vertex 69.8205863300905 42.199477560041586 36
    endloop
  endfacet
  facet normal 0.6697470430290398 0.5619844875100418 0.4853991493110938
    outer loop
      vertex 78.64542967936195 43.487666674005006 22.369033596820053
      vertex 70.33367380362871 41.61984718864723 36
      vertex 78.44445717367712 43.31903071860809 22.841575694818353
    endloop
  endfacet
  facet normal 0.6923868424368874 0.5253121869706834 0.4946186072524512
    outer loop
      vertex 78.44445717367712 43.31903071860809 22.841575694818353
      vertex 70.56443171520682 41.31569711231591 36
      vertex 78.19216084012051 43.107328958173355 23.419589081935555
    endloop
  endfacet
  facet normal 0.6427876096873063 -0.7660444431183344 6.266233595528539e-13
    outer loop
      vertex 76.90778571312273 42.02961026281624 26.266477965737305
      vertex 76.56051422554947 41.73821488567514 27.00700543718695
      vertex 76.12598024745063 41.37359758491841 27.913430081469578
    endloop
  endfacet
  facet normal 0.6972572278334465 0.5171212039147945 0.49640509535633387
    outer loop
      vertex 78.19216084012051 43.107328958173355 23.419589081935555
      vertex 70.56443171520682 41.31569711231591 36
      vertex 77.84242486160245 42.81386562758943 24.216543128886947
    endloop
  endfacet
  facet normal 0.6427876096863606 -0.7660444431191281 -1.4799275050387795e-13
    outer loop
      vertex 77.23999414759105 42.30836623765259 25.545107232272592
      vertex 76.90778571312273 42.02961026281624 26.266477965737305
      vertex 74.59006536361576 40.08481197237287 31.02324374853252
    endloop
  endfacet
  facet normal 0.6427876096867954 -0.7660444431187633 2.1336356927019465e-13
    outer loop
      vertex 76.90778571312273 42.02961026281624 26.266477965737305
      vertex 76.12598024745063 41.37359758491841 27.913430081469578
      vertex 74.59006536361576 40.08481197237287 31.02324374853252
    endloop
  endfacet
  facet normal 0.7135228151218713 0.48810210128857356 0.502634589954013
    outer loop
      vertex 77.84242486160245 42.81386562758943 24.216543128886947
      vertex 70.78747701402192 40.99271640171564 36
      vertex 77.57507482526428 42.58953231070283 24.813911316261006
    endloop
  endfacet
  facet normal 0.642787609686909 -0.7660444431186679 3.15108183954277e-13
    outer loop
      vertex 74.59006536361576 40.08481197237287 31.02324374853252
      vertex 76.12598024745063 41.37359758491841 27.913430081469578
      vertex 75.8280970664341 41.123643917593526 28.53195446137552
    endloop
  endfacet
  facet normal 0.7333004244875945 0.4504681017624913 0.50926317041468
    outer loop
      vertex 77.23999414759105 42.30836623765259 25.545107232272592
      vertex 77.57507482526428 42.58953231070283 24.813911316261006
      vertex 70.98731180218971 40.66741271335795 36
    endloop
  endfacet
  facet normal 0.6427876096860468 -0.7660444431193913 -4.2049978123759805e-13
    outer loop
      vertex 75.8280970664341 41.123643917593526 28.53195446137552
      vertex 75.38646473802106 40.753070393706174 29.43342212586599
      vertex 74.83500245358307 40.29033859422608 30.535770321221108
    endloop
  endfacet
  facet normal 0.6427876096868892 -0.7660444431186845 2.945409657526865e-13
    outer loop
      vertex 74.59006536361576 40.08481197237287 31.02324374853252
      vertex 75.8280970664341 41.123643917593526 28.53195446137552
      vertex 74.83500245358307 40.29033859422608 30.535770321221108
    endloop
  endfacet
  facet normal 0.737548935116436 0.44206981917049354 0.5104858894104503
    outer loop
      vertex 77.23999414759105 42.30836623765259 25.545107232272592
      vertex 71.01068708499086 40.628413410102226 36
      vertex 76.90778571312273 42.02961026281624 26.266477965737305
    endloop
  endfacet
  facet normal 0.7516509902319325 0.412369858298022 0.514754202363249
    outer loop
      vertex 76.90778571312273 42.02961026281624 26.266477965737305
      vertex 71.17762542070113 40.32412500778741 36
      vertex 76.56051422554947 41.73821488567514 27.00700543718695
    endloop
  endfacet
  facet normal 0.7988796775499962 0.29571271427849405 0.523779773771057
    outer loop
      vertex 74.83500245358307 40.29033859422608 30.535770321221108
      vertex 75.38646473802106 40.753070393706174 29.43342212586599
      vertex 71.50036176564032 39.62051177281806 36
    endloop
  endfacet
  facet normal 0.8019654260683009 0.2869478177437382 0.5239393145042612
    outer loop
      vertex 74.59006536361576 40.08481197237287 31.02324374853252
      vertex 74.83500245358307 40.29033859422608 30.535770321221108
      vertex 71.63289318290798 39.26247286958605 36
    endloop
  endfacet
  facet normal 0.6427876096867042 -0.7660444431188397 1.4525536243871477e-13
    outer loop
      vertex 74.59006536361576 40.08481197237287 31.02324374853252
      vertex 74.03939786541706 39.622747077733024 32.101311429748336
      vertex 72.50805762453517 38.3378000464021 35.011469101798376
    endloop
  endfacet
  facet normal 0.8120054621072837 0.25602433568138316 0.5244984928928232
    outer loop
      vertex 74.59006536361576 40.08481197237287 31.02324374853252
      vertex 71.7525778643568 38.88865300367496 36
      vertex 74.03939786541706 39.622747077733024 32.101311429748336
    endloop
  endfacet
  facet normal 0.6427876096907185 -0.7660444431154713 3.687616170378064e-12
    outer loop
      vertex 74.03939786541706 39.622747077733024 32.101311429748336
      vertex 73.35377937217204 39.047444852922816 33.41660038958024
      vertex 73.18158322360357 38.902955128168855 33.745528899213696
    endloop
  endfacet
  facet normal 0.6427876096867471 -0.7660444431188037 1.93806523037609e-13
    outer loop
      vertex 74.03939786541706 39.622747077733024 32.101311429748336
      vertex 73.18158322360357 38.902955128168855 33.745528899213696
      vertex 72.50805762453517 38.3378000464021 35.011469101798376
    endloop
  endfacet
  facet normal 0.7723753704958221 0.36530634401058176 0.5196032737358995
    outer loop
      vertex 76.12598024745063 41.37359758491841 27.913430081469578
      vertex 71.34461261648474 39.980800509639835 36
      vertex 71.36405274073012 39.939697820314315 36
    endloop
  endfacet
  facet normal 0.7687182021992328 0.3738914572821641 0.5189195542461267
    outer loop
      vertex 76.12598024745063 41.37359758491841 27.913430081469578
      vertex 71.17762542070113 40.32412500778741 36
      vertex 71.34461261648474 39.980800509639835 36
    endloop
  endfacet
  facet normal 0.6923868424368973 0.5253121869706673 0.49461860725245466
    outer loop
      vertex 78.44445717367712 43.31903071860809 22.841575694818353
      vertex 70.33367380362871 41.61984718864723 36
      vertex 70.56443171520682 41.31569711231591 36
    endloop
  endfacet
  facet normal 0.7135228151218722 0.4881021012885721 0.5026345899540131
    outer loop
      vertex 77.84242486160245 42.81386562758943 24.216543128886947
      vertex 70.59151703981213 41.27917677973952 36
      vertex 70.78747701402192 40.99271640171564 36
    endloop
  endfacet
  facet normal 0.73330042448759 0.45046810176249974 0.5092631704146788
    outer loop
      vertex 77.57507482526428 42.58953231070283 24.813911316261006
      vertex 70.78747701402192 40.99271640171564 36
      vertex 70.98731180218971 40.66741271335795 36
    endloop
  endfacet
  facet normal 0.7375489351163851 0.4420698191705935 0.5104858894104373
    outer loop
      vertex 77.23999414759105 42.30836623765259 25.545107232272592
      vertex 70.98731180218971 40.66741271335795 36
      vertex 71.01068708499086 40.628413410102226 36
    endloop
  endfacet
  facet normal 0.6972572278334809 0.5171212039147336 0.49640509535634914
    outer loop
      vertex 77.84242486160245 42.81386562758943 24.216543128886947
      vertex 70.56443171520682 41.31569711231591 36
      vertex 70.59151703981213 41.27917677973952 36
    endloop
  endfacet
  facet normal 0.7516509902319288 0.41236985829802925 0.5147542023632484
    outer loop
      vertex 76.90778571312273 42.02961026281624 26.266477965737305
      vertex 71.01068708499086 40.628413410102226 36
      vertex 71.17762542070113 40.32412500778741 36
    endloop
  endfacet
  facet normal 0 0 1
    outer loop
      vertex 63.64568275048335 35.83613845718415 36
      vertex 71.97141622003413 37.88750444181082 36
      vertex 63.572408636315785 36.505199617568735 36
    endloop
  endfacet
  facet normal 0 0 1
    outer loop
      vertex 63.572408636315785 36.505199617568735 36
      vertex 65.84259882388237 45.79888891846978 36
      vertex 63.248673560655334 37.095290740133144 36
    endloop
  endfacet
  facet normal 0 0 1
    outer loop
      vertex 63.572408636315785 36.505199617568735 36
      vertex 71.97141622003413 37.88750444181082 36
      vertex 65.84259882388237 45.79888891846978 36
    endloop
  endfacet
  facet normal 0 0 1
    outer loop
      vertex 70.33367380362871 41.61984718864723 36
      vertex 69.57250602384633 42.44220379170428 36
      vertex 65.84259882388237 45.79888891846978 36
    endloop
  endfacet
  facet normal 0 0 1
    outer loop
      vertex 69.57250602384633 42.44220379170428 36
      vertex 69.53881637271604 42.472738311631474 36
      vertex 65.84259882388237 45.79888891846978 36
    endloop
  endfacet
  facet normal 0.64278760968654 -0.7660444431189773 7.376189300309064e-16
    outer loop
      vertex 69.52037123737232 35.830833500860365 36
      vertex 74.59006536361576 40.08481197237287 31.02324374853252
      vertex 71.97141622003413 37.88750444181082 36
    endloop
  endfacet
  facet normal 0.8239204160845239 0.21595937401002635 0.5239434098605521
    outer loop
      vertex 74.03939786541706 39.622747077733024 32.101311429748336
      vertex 71.84937717285565 38.51934777253757 36
      vertex 73.35377937217204 39.047444852922816 33.41660038958024
    endloop
  endfacet
  facet normal 0.6427876096866022 -0.7660444431189253 5.78850603910007e-14
    outer loop
      vertex 74.59006536361576 40.08481197237287 31.02324374853252
      vertex 72.50805762453517 38.3378000464021 35.011469101798376
      vertex 71.97141622003413 37.88750444181082 36
    endloop
  endfacet
  facet normal 0.7844152599877716 0.33498606863407193 0.5219933272747895
    outer loop
      vertex 75.38646473802106 40.753070393706174 29.43342212586599
      vertex 71.36405274073012 39.939697820314315 36
      vertex 71.50036176564032 39.62051177281806 36
    endloop
  endfacet
  facet normal 0.7988796775499996 0.29571271427848433 0.5237797737710578
    outer loop
      vertex 74.83500245358307 40.29033859422608 30.535770321221108
      vertex 71.50036176564032 39.62051177281806 36
      vertex 71.63289318290798 39.26247286958605 36
    endloop
  endfacet
  facet normal 0.8120054621072816 0.25602433568138916 0.5244984928928236
    outer loop
      vertex 74.59006536361576 40.08481197237287 31.02324374853252
      vertex 71.64821092957405 39.21966263555795 36
      vertex 71.7525778643568 38.88865300367496 36
    endloop
  endfacet
  facet normal 0.8019654260682932 0.2869478177437583 0.5239393145042615
    outer loop
      vertex 74.59006536361576 40.08481197237287 31.02324374853252
      vertex 71.63289318290798 39.26247286958605 36
      vertex 71.64821092957405 39.21966263555795 36
    endloop
  endfacet
  facet normal 0.826442046886655 0.2070129560990309 0.5235830202985354
    outer loop
      vertex 73.18158322360357 38.902955128168855 33.745528899213696
      vertex 73.35377937217204 39.047444852922816 33.41660038958024
      vertex 71.84937717285565 38.51934777253757 36
    endloop
  endfacet
  facet normal 0.8239204160845113 0.21595937401006557 0.523943409860556
    outer loop
      vertex 74.03939786541706 39.622747077733024 32.101311429748336
      vertex 71.7525778643568 38.88865300367496 36
      vertex 71.84937717285565 38.51934777253757 36
    endloop
  endfacet
  facet normal 0 0 1
    outer loop
      vertex 71.97141622003413 37.88750444181082 36
      vertex 71.9318447948107 38.13559676002548 36
      vertex 71.86042502366848 38.47524227976305 36
    endloop
  endfacet
  facet normal 0 0 1
    outer loop
      vertex 71.84937717285565 38.51934777253757 36
      vertex 71.7525778643568 38.88865300367496 36
      vertex 71.86042502366848 38.47524227976305 36
    endloop
  endfacet
  facet normal 0 0 1
    outer loop
      vertex 71.97141622003413 37.88750444181082 36
      vertex 71.86042502366848 38.47524227976305 36
      vertex 71.7525778643568 38.88865300367496 36
    endloop
  endfacet
  facet normal 0 0 1
    outer loop
      vertex 71.7525778643568 38.88865300367496 36
      vertex 71.64821092957405 39.21966263555795 36
      vertex 71.63289318290798 39.26247286958605 36
    endloop
  endfacet
  facet normal 0 0 1
    outer loop
      vertex 71.97141622003413 37.88750444181082 36
      vertex 71.7525778643568 38.88865300367496 36
      vertex 71.36405274073012 39.939697820314315 36
    endloop
  endfacet
  facet normal 0 0 1
    outer loop
      vertex 71.7525778643568 38.88865300367496 36
      vertex 71.63289318290798 39.26247286958605 36
      vertex 71.36405274073012 39.939697820314315 36
    endloop
  endfacet
  facet normal 0 0 1
    outer loop
      vertex 71.63289318290798 39.26247286958605 36
      vertex 71.50036176564032 39.62051177281806 36
      vertex 71.36405274073012 39.939697820314315 36
    endloop
  endfacet
  facet normal 0 0 1
    outer loop
      vertex 71.97141622003413 37.88750444181082 36
      vertex 71.36405274073012 39.939697820314315 36
      vertex 70.33367380362871 41.61984718864723 36
    endloop
  endfacet
  facet normal 0 0 1
    outer loop
      vertex 71.34461261648474 39.980800509639835 36
      vertex 71.17762542070113 40.32412500778741 36
      vertex 71.36405274073012 39.939697820314315 36
    endloop
  endfacet
  facet normal 0 0 1
    outer loop
      vertex 70.98731180218971 40.66741271335795 36
      vertex 71.36405274073012 39.939697820314315 36
      vertex 71.17762542070113 40.32412500778741 36
    endloop
  endfacet
  facet normal 0 0 1
    outer loop
      vertex 71.01068708499086 40.628413410102226 36
      vertex 70.98731180218971 40.66741271335795 36
      vertex 71.17762542070113 40.32412500778741 36
    endloop
  endfacet
  facet normal 0.8344989103974221 0.17547624725054614 0.5223214098583175
    outer loop
      vertex 73.18158322360357 38.902955128168855 33.745528899213696
      vertex 71.9318447948107 38.13559676002548 36
      vertex 72.50805762453517 38.3378000464021 35.011469101798376
    endloop
  endfacet
  facet normal 0.8344989103974194 0.17547624725055463 0.5223214098583192
    outer loop
      vertex 73.18158322360357 38.902955128168855 33.745528899213696
      vertex 71.86042502366848 38.47524227976305 36
      vertex 71.9318447948107 38.13559676002548 36
    endloop
  endfacet
  facet normal 0.8264420468866801 0.2070129560989344 0.5235830202985341
    outer loop
      vertex 73.18158322360357 38.902955128168855 33.745528899213696
      vertex 71.84937717285565 38.51934777253757 36
      vertex 71.86042502366848 38.47524227976305 36
    endloop
  endfacet
  facet normal 0.843855908627625 0.13459739998363726 0.5194138479015457
    outer loop
      vertex 71.97141622003413 37.88750444181082 36
      vertex 72.50805762453517 38.3378000464021 35.011469101798376
      vertex 71.9318447948107 38.13559676002548 36
    endloop
  endfacet
  facet normal 0 0 1
    outer loop
      vertex 71.97141622003413 37.88750444181082 36
      vertex 70.33367380362871 41.61984718864723 36
      vertex 65.84259882388237 45.79888891846978 36
    endloop
  endfacet
  facet normal 0 0 1
    outer loop
      vertex 70.98731180218971 40.66741271335795 36
      vertex 70.59151703981213 41.27917677973952 36
      vertex 70.33367380362871 41.61984718864723 36
    endloop
  endfacet
  facet normal 0 0 1
    outer loop
      vertex 70.33367380362871 41.61984718864723 36
      vertex 70.59151703981213 41.27917677973952 36
      vertex 70.56443171520682 41.31569711231591 36
    endloop
  endfacet
  facet normal 0 0 1
    outer loop
      vertex 70.33367380362871 41.61984718864723 36
      vertex 70.08004494649519 41.919410322019814 36
      vertex 69.57250602384633 42.44220379170428 36
    endloop
  endfacet
  facet normal 0 0 1
    outer loop
      vertex 69.8205863300905 42.199477560041586 36
      vertex 69.57250602384633 42.44220379170428 36
      vertex 70.08004494649519 41.919410322019814 36
    endloop
  endfacet
  facet normal 0 0 1
    outer loop
      vertex 70.33367380362871 41.61984718864723 36
      vertex 70.1105794664224 41.88572067088951 36
      vertex 70.08004494649519 41.919410322019814 36
    endloop
  endfacet
  facet normal 0 0 1
    outer loop
      vertex 70.98731180218971 40.66741271335795 36
      vertex 70.78747701402192 40.99271640171564 36
      vertex 70.59151703981213 41.27917677973952 36
    endloop
  endfacet
  facet normal 0 0 1
    outer loop
      vertex 70.98731180218971 40.66741271335795 36
      vertex 70.33367380362871 41.61984718864723 36
      vertex 71.36405274073012 39.939697820314315 36
    endloop
  endfacet
  facet normal -0.6427876096865406 0.766044443118977 -9.300893289741896e-16
    outer loop
      vertex 71.08095624612984 50.1943926994524 22.608332468745694
      vertex 63.92612054901421 44.19077270486863 36
      vertex 65.84259882388237 45.79888891846978 36
    endloop
  endfacet
  facet normal 0.5969431928549169 0.6633589893827708 0.4512357207815518
    outer loop
      vertex 71.08095624612984 50.1943926994524 22.608332468745694
      vertex 65.84259882388237 45.79888891846978 36
      vertex 69.53881637271604 42.472738311631474 36
    endloop
  endfacet
  facet normal -0.5003413396079022 -0.865828241557972 -1.4847288181351578e-17
    outer loop
      vertex 40.8367065936327 -16.500309221446514 0
      vertex 34.95095194876194 -13.099073015153408 17.6
      vertex 34.95095194876194 -13.099073015153408 0
    endloop
  endfacet
  facet normal -0.5000000002423853 -0.8660254036444974 0
    outer loop
      vertex 40.8367065936327 -16.500309221446514 0
      vertex 40.888914312469645 -16.530451361990284 0
      vertex 40.8367065936327 -16.500309221446514 17.6
    endloop
  endfacet
  facet normal -0.5000000002423854 -0.8660254036444974 -2.7047920278408357e-20
    outer loop
      vertex 40.8367065936327 -16.500309221446514 17.6
      vertex 40.888914312469645 -16.530451361990284 0
      vertex 40.888914312469645 -16.530451361990284 4
    endloop
  endfacet
  facet normal -0.5003413396079022 -0.865828241557972 0
    outer loop
      vertex 40.8367065936327 -16.500309221446514 0
      vertex 40.8367065936327 -16.500309221446514 17.6
      vertex 34.95095194876194 -13.099073015153408 17.6
    endloop
  endfacet
  facet normal 0 0 -1
    outer loop
      vertex 34.033646024763584 -12.484206430613995 0
      vertex 33.81181499676899 -12.28315050523799 0
      vertex 33.717608753568406 -11.904017614238946 0
    endloop
  endfacet
  facet normal 0 0 -1
    outer loop
      vertex 32.607643652809195 -10.716036663947735 0
      vertex 32.606651844076545 -10.715723783411253 0
      vertex 32.719870987147615 -10.476342017647147 0
    endloop
  endfacet
  facet normal 0 0 -1
    outer loop
      vertex 33.23868319738555 -11.662973740147155 0
      vertex 33.23777161469556 -11.662673396022745 0
      vertex 33.35894560864752 -11.406472511657968 0
    endloop
  endfacet
  facet normal 0 0 -1
    outer loop
      vertex 32.16688607175076 -9.674788581934738 0
      vertex 32.31289587312292 -9.366076794570372 0
      vertex 32.16737140436333 -9.674933315854895 0
    endloop
  endfacet
  facet normal 0 0 -1
    outer loop
      vertex 34.95095194876194 -13.099073015153408 0
      vertex 34.49089577049017 -12.82332594692707 0
      vertex 39.93367224931717 -2.6406073570251465 0
    endloop
  endfacet
  facet normal -0.6715589569604373 -0.7409511234394678 -4.995086001750309e-19
    outer loop
      vertex 34.033646024763584 -12.484206430613995 0
      vertex 33.81181499676899 -12.28315050523799 4
      vertex 33.81181499676899 -12.28315050523799 0
    endloop
  endfacet
  facet normal 0 0 -1
    outer loop
      vertex 31.968451681982597 -8.509933970845575 0
      vertex 32.13593071551777 -8.155829306766014 0
      vertex 31.97159639286717 -8.510805045402483 0
    endloop
  endfacet
  facet normal 0 0 -1
    outer loop
      vertex 32.42044807037408 -10.080173068719807 0
      vertex 32.16737140436333 -9.674933315854895 0
      vertex 35.91148617147118 -2.670187263343537 0
    endloop
  endfacet
  facet normal 0 0 -1
    outer loop
      vertex 36.029807940125465 -2.4488228037953377 0
      vertex 32.427845788806756 -10.0824256010651 0
      vertex 32.42044807037408 -10.080173068719807 0
    endloop
  endfacet
  facet normal 0 0 -1
    outer loop
      vertex 36.58202704042196 -2.3104991167783737 0
      vertex 32.607643652809195 -10.716036663947735 0
      vertex 32.719870987147615 -10.476342017647147 0
    endloop
  endfacet
  facet normal 0 0 -1
    outer loop
      vertex 36.58202704042196 -2.3104991167783737 0
      vertex 32.719870987147615 -10.476342017647147 0
      vertex 32.427845788806756 -10.0824256010651 0
    endloop
  endfacet
  facet normal 0 0 -1
    outer loop
      vertex 37.145145155489445 -2.226968429982662 0
      vertex 32.96220964629149 -11.071042505604328 0
      vertex 32.607643652809195 -10.716036663947735 0
    endloop
  endfacet
  facet normal 0 0 -1
    outer loop
      vertex 37.145145155489445 -2.226968429982662 0
      vertex 32.9701876622122 -11.073595818886833 0
      vertex 32.96220964629149 -11.071042505604328 0
    endloop
  endfacet
  facet normal 0 0 -1
    outer loop
      vertex 32.00512694806214 -7.295202678063933 0
      vertex 32.18289056200756 -6.919353095235841 0
      vertex 32.012509428050386 -7.297074182478085 0
    endloop
  endfacet
  facet normal 0 0 -1
    outer loop
      vertex 32.05952435585066 -7.7254500296633015 0
      vertex 32.04448657179341 -7.721517881582015 0
      vertex 33.90390240782857 -3.7901133999461316 0
    endloop
  endfacet
  facet normal 0 0 -1
    outer loop
      vertex 32.16737140436333 -9.674933315854895 0
      vertex 32.31289587312292 -9.366076794570372 0
      vertex 35.48987197454158 -2.6489251960759552 0
    endloop
  endfacet
  facet normal 0 0 -1
    outer loop
      vertex 32.126236126653374 -8.940887490696959 0
      vertex 32.1158840642205 -8.937943302053498 0
      vertex 34.948105477869255 -2.949714235004381 0
    endloop
  endfacet
  facet normal 0 0 -1
    outer loop
      vertex 32.31289587312292 -9.366076794570372 0
      vertex 32.126236126653374 -8.940887490696959 0
      vertex 35.48987197454158 -2.6489251960759552 0
    endloop
  endfacet
  facet normal 0 0 -1
    outer loop
      vertex 31.97159639286717 -8.510805045402483 0
      vertex 32.13593071551777 -8.155829306766014 0
      vertex 34.42777440016679 -3.3101329772307833 0
    endloop
  endfacet
  facet normal 0 0 -1
    outer loop
      vertex 32.13593071551777 -8.155829306766014 0
      vertex 32.05952435585066 -7.7254500296633015 0
      vertex 34.42777440016679 -3.3101329772307833 0
    endloop
  endfacet
  facet normal 0 0 -1
    outer loop
      vertex 32.1158840642205 -8.937943302053498 0
      vertex 31.97159639286717 -8.510805045402483 0
      vertex 34.948105477869255 -2.949714235004381 0
    endloop
  endfacet
  facet normal 0 0 -1
    outer loop
      vertex 32.04448657179341 -7.721517881582015 0
      vertex 32.012509428050386 -7.297074182478085 0
      vertex 33.90390240782857 -3.7901133999461316 0
    endloop
  endfacet
  facet normal 0 0 -1
    outer loop
      vertex 32.012509428050386 -7.297074182478085 0
      vertex 32.18289056200756 -6.919353095235841 0
      vertex 33.540662762035055 -4.048584980043266 0
    endloop
  endfacet
  facet normal 0 0 -1
    outer loop
      vertex 32.277328257759365 -6.101356122215507 0
      vertex 32.26540698581731 -6.098621222098252 0
      vertex 32.78680974074135 -4.996207719847105 0
    endloop
  endfacet
  facet normal 0 0 -1
    outer loop
      vertex 32.26540698581731 -6.098621222098252 0
      vertex 32.390173563890166 -5.7130391467927595 0
      vertex 32.78680974074135 -4.996207719847105 0
    endloop
  endfacet
  facet normal 0 0 -1
    outer loop
      vertex 32.18289056200756 -6.919353095235841 0
      vertex 32.21768026999293 -6.506383343263329 0
      vertex 33.540662762035055 -4.048584980043266 0
    endloop
  endfacet
  facet normal 0 0 -1
    outer loop
      vertex 32.21768026999293 -6.506383343263329 0
      vertex 32.19765494336201 -6.501629115515201 0
      vertex 33.22237358651136 -4.3350435720877405 0
    endloop
  endfacet
  facet normal 0 0 -1
    outer loop
      vertex 32.19765494336201 -6.501629115515201 0
      vertex 32.277328257759365 -6.101356122215507 0
      vertex 33.22237358651136 -4.3350435720877405 0
    endloop
  endfacet
  facet normal 0 0 -1
    outer loop
      vertex 38.2823331207037 -2.226968429982662 0
      vertex 33.70707836931896 -11.900531833540184 0
      vertex 33.23868319738555 -11.662973740147155 0
    endloop
  endfacet
  facet normal 0 0 -1
    outer loop
      vertex 38.2823331207037 -2.226968429982662 0
      vertex 33.717608753568406 -11.904017614238946 0
      vertex 33.70707836931896 -11.900531833540184 0
    endloop
  endfacet
  facet normal 0 0 -1
    outer loop
      vertex 34.033646024763584 -12.484206430613995 0
      vertex 39.39767033606768 -2.4488228037953377 0
      vertex 34.49089577049017 -12.82332594692707 0
    endloop
  endfacet
  facet normal 0 0 -1
    outer loop
      vertex 34.033646024763584 -12.484206430613995 0
      vertex 33.717608753568406 -11.904017614238946 0
      vertex 38.8454512283206 -2.3104991167783737 0
    endloop
  endfacet
  facet normal 0 0 -1
    outer loop
      vertex 37.71373913437128 -2.199035204946995 0
      vertex 33.23868319738555 -11.662973740147155 0
      vertex 33.35894560864752 -11.406472511657968 0
    endloop
  endfacet
  facet normal 0 0 -1
    outer loop
      vertex 37.71373913437128 -2.199035204946995 0
      vertex 33.35894560864752 -11.406472511657968 0
      vertex 32.9701876622122 -11.073595818886833 0
    endloop
  endfacet
  facet normal 0 0 -1
    outer loop
      vertex 37.71373913437128 -2.199035204946995 0
      vertex 38.2823331207037 -2.226968429982662 0
      vertex 33.23868319738555 -11.662973740147155 0
    endloop
  endfacet
  facet normal 0 0 -1
    outer loop
      vertex 38.2823331207037 -2.226968429982662 0
      vertex 38.8454512283206 -2.3104991167783737 0
      vertex 33.717608753568406 -11.904017614238946 0
    endloop
  endfacet
  facet normal 0 0 -1
    outer loop
      vertex 40.8367065936327 -16.500309221446514 0
      vertex 34.95095194876194 -13.099073015153408 0
      vertex 40.44222962856293 -2.881137080490589 0
    endloop
  endfacet
  facet normal 0 0 -1
    outer loop
      vertex 34.49089577049017 -12.82332594692707 0
      vertex 39.39767033606768 -2.4488228037953377 0
      vertex 39.93367224931717 -2.6406073570251465 0
    endloop
  endfacet
  facet normal 0 0 -1
    outer loop
      vertex 34.033646024763584 -12.484206430613995 0
      vertex 38.8454512283206 -2.3104991167783737 0
      vertex 39.39767033606768 -2.4488228037953377 0
    endloop
  endfacet
  facet normal 0 0 -1
    outer loop
      vertex 34.95095194876194 -13.099073015153408 0
      vertex 39.93367224931717 -2.6406073570251465 0
      vertex 40.44222962856293 -2.881137080490589 0
    endloop
  endfacet
  facet normal 0 0 -1
    outer loop
      vertex 40.8367065936327 -16.500309221446514 0
      vertex 40.44222962856293 -2.881137080490589 0
      vertex 46.612215064466 -6.440274350345135 0
    endloop
  endfacet
  facet normal 0 0 -1
    outer loop
      vertex 32.390173563890166 -5.7130391467927595 0
      vertex 32.774667067456384 -4.993702395939652 0
      vertex 32.78680974074135 -4.996207719847105 0
    endloop
  endfacet
  facet normal 0 0 -1
    outer loop
      vertex 33.04447579575331 -4.666124016339212 0
      vertex 32.277328257759365 -6.101356122215507 0
      vertex 32.78680974074135 -4.996207719847105 0
    endloop
  endfacet
  facet normal 0 0 -1
    outer loop
      vertex 33.04447579575331 -4.666124016339212 0
      vertex 33.22237358651136 -4.3350435720877405 0
      vertex 32.277328257759365 -6.101356122215507 0
    endloop
  endfacet
  facet normal 0 0 -1
    outer loop
      vertex 33.532237476382335 -4.047019788839482 0
      vertex 32.21768026999293 -6.506383343263329 0
      vertex 33.22237358651136 -4.3350435720877405 0
    endloop
  endfacet
  facet normal 0 0 -1
    outer loop
      vertex 33.88849889657501 -3.7873447464603265 0
      vertex 32.012509428050386 -7.297074182478085 0
      vertex 33.540662762035055 -4.048584980043266 0
    endloop
  endfacet
  facet normal 0 0 -1
    outer loop
      vertex 33.532237476382335 -4.047019788839482 0
      vertex 33.540662762035055 -4.048584980043266 0
      vertex 32.21768026999293 -6.506383343263329 0
    endloop
  endfacet
  facet normal 0 0 -1
    outer loop
      vertex 33.88849889657501 -3.7873447464603265 0
      vertex 33.90390240782857 -3.7901133999461316 0
      vertex 32.012509428050386 -7.297074182478085 0
    endloop
  endfacet
  facet normal 0 0 -1
    outer loop
      vertex 33.04447579575331 -4.666124016339212 0
      vertex 33.22152878975574 -4.3348811603713715 0
      vertex 33.22237358651136 -4.3350435720877405 0
    endloop
  endfacet
  facet normal 0 0 -1
    outer loop
      vertex 34.28718834467831 -3.5577838412388907 0
      vertex 32.05952435585066 -7.7254500296633015 0
      vertex 33.90390240782857 -3.7901133999461316 0
    endloop
  endfacet
  facet normal 0 0 -1
    outer loop
      vertex 34.28718834467831 -3.5577838412388907 0
      vertex 34.42777440016679 -3.3101329772307833 0
      vertex 32.05952435585066 -7.7254500296633015 0
    endloop
  endfacet
  facet normal 0 0 -1
    outer loop
      vertex 34.84292520584783 -3.1389266752132134 0
      vertex 31.97159639286717 -8.510805045402483 0
      vertex 34.42777440016679 -3.3101329772307833 0
    endloop
  endfacet
  facet normal 0 0 -1
    outer loop
      vertex 34.84292520584783 -3.1389266752132134 0
      vertex 34.948105477869255 -2.949714235004381 0
      vertex 31.97159639286717 -8.510805045402483 0
    endloop
  endfacet
  facet normal 0 0 -1
    outer loop
      vertex 35.38213642646833 -2.849526470939512 0
      vertex 32.126236126653374 -8.940887490696959 0
      vertex 34.948105477869255 -2.949714235004381 0
    endloop
  endfacet
  facet normal 0 0 -1
    outer loop
      vertex 35.38213642646833 -2.849526470939512 0
      vertex 35.48987197454158 -2.6489251960759552 0
      vertex 32.126236126653374 -8.940887490696959 0
    endloop
  endfacet
  facet normal 0 0 -1
    outer loop
      vertex 35.91148617147118 -2.670187263343537 0
      vertex 32.16737140436333 -9.674933315854895 0
      vertex 35.48987197454158 -2.6489251960759552 0
    endloop
  endfacet
  facet normal 0 0 -1
    outer loop
      vertex 34.28718834467831 -3.5577838412388907 0
      vertex 34.42024181128126 -3.308858313513506 0
      vertex 34.42777440016679 -3.3101329772307833 0
    endloop
  endfacet
  facet normal 0 0 -1
    outer loop
      vertex 36.029807940125465 -2.4488228037953377 0
      vertex 32.42044807037408 -10.080173068719807 0
      vertex 35.91148617147118 -2.670187263343537 0
    endloop
  endfacet
  facet normal 0 0 -1
    outer loop
      vertex 36.029807940125465 -2.4488228037953377 0
      vertex 36.58202704042196 -2.3104991167783737 0
      vertex 32.427845788806756 -10.0824256010651 0
    endloop
  endfacet
  facet normal 0 0 -1
    outer loop
      vertex 36.58202704042196 -2.3104991167783737 0
      vertex 37.145145155489445 -2.226968429982662 0
      vertex 32.607643652809195 -10.716036663947735 0
    endloop
  endfacet
  facet normal 0 0 -1
    outer loop
      vertex 37.145145155489445 -2.226968429982662 0
      vertex 37.71373913437128 -2.199035204946995 0
      vertex 32.9701876622122 -11.073595818886833 0
    endloop
  endfacet
  facet normal 0 0 -1
    outer loop
      vertex 34.84292520584783 -3.1389266752132134 0
      vertex 34.94438195191999 -2.9491144540315157 0
      vertex 34.948105477869255 -2.949714235004381 0
    endloop
  endfacet
  facet normal 0 0 -1
    outer loop
      vertex 35.38213642646833 -2.849526470939512 0
      vertex 35.48939900056883 -2.6488523093898535 0
      vertex 35.48987197454158 -2.6489251960759552 0
    endloop
  endfacet
  facet normal 0 0 -1
    outer loop
      vertex 35.91148617147118 -2.670187263343537 0
      vertex 35.5612256509935 -2.6164842272006856 0
      vertex 35.88394596602889 -2.5010130524772687 0
    endloop
  endfacet
  facet normal 0 0 -1
    outer loop
      vertex 36.029807940125465 -2.4488228037953377 0
      vertex 35.91148617147118 -2.670187263343537 0
      vertex 35.88394596602889 -2.5010130524772687 0
    endloop
  endfacet
  facet normal -0.9891765086654026 -0.14673048321505958 0
    outer loop
      vertex 32.024238251149654 -9.131712093949318 17.6
      vertex 31.940707564353943 -8.568593978881836 4
      vertex 32.024238251149654 -9.131712093949318 4
    endloop
  endfacet
  facet normal -0.9987954567169427 -0.04906766391009324 0
    outer loop
      vertex 31.940707564353943 -8.568593978881836 17.6
      vertex 31.912774339318275 -8 4
      vertex 31.940707564353943 -8.568593978881836 4
    endloop
  endfacet
  facet normal -0.9987954567169427 0.04906766391009324 0
    outer loop
      vertex 31.912774339318275 -8 17.6
      vertex 31.940707564353943 -7.431406021118164 4
      vertex 31.912774339318275 -8 4
    endloop
  endfacet
  facet normal -0.9891765086654026 0.14673048321505958 0
    outer loop
      vertex 31.940707564353943 -7.431406021118164 17.6
      vertex 32.024238251149654 -6.868287906050682 4
      vertex 31.940707564353943 -7.431406021118164 4
    endloop
  endfacet
  facet normal -0.5141027534824596 -0.8577286044325172 0
    outer loop
      vertex 34.95095194876194 -13.099073015153408 0
      vertex 34.49089577049017 -12.82332594692707 17.6
      vertex 34.49089577049017 -12.82332594692707 0
    endloop
  endfacet
  facet normal -0.5956992961201348 -0.8032075376899646 0
    outer loop
      vertex 34.033646024763584 -12.484206430613995 0
      vertex 34.49089577049017 -12.82332594692707 0
      vertex 34.033646024763584 -12.484206430613995 17.6
    endloop
  endfacet
  facet normal -0.6715589569604405 -0.7409511234394649 -3.2335128202032167e-16
    outer loop
      vertex 34.033646024763584 -12.484206430613995 0
      vertex 33.61183758825064 -12.101901546120644 17.6
      vertex 33.81181499676899 -12.28315050523799 4
    endloop
  endfacet
  facet normal -0.6715589569604286 -0.7409511234394759 0
    outer loop
      vertex 33.61183758825064 -12.101901546120644 17.6
      vertex 33.61183758825064 -12.101901546120644 4
      vertex 33.81181499676899 -12.28315050523799 4
    endloop
  endfacet
  facet normal -0.7409511234394717 -0.6715589569604332 0
    outer loop
      vertex 33.61183758825064 -12.101901546120644 17.6
      vertex 33.229532703757286 -11.680093109607697 4
      vertex 33.61183758825064 -12.101901546120644 4
    endloop
  endfacet
  facet normal -0.9039892960171337 -0.42755508731208774 0
    outer loop
      vertex 32.597744926810265 -10.734555877745152 17.6
      vertex 32.35434649139643 -10.219933114945889 4
      vertex 32.597744926810265 -10.734555877745152 4
    endloop
  endfacet
  facet normal -0.8032075376899647 -0.595699296120135 0
    outer loop
      vertex 33.229532703757286 -11.680093109607697 17.6
      vertex 32.89041318744421 -11.222843363881111 4
      vertex 33.229532703757286 -11.680093109607697 4
    endloop
  endfacet
  facet normal -0.8577286065622218 -0.514102749929262 0
    outer loop
      vertex 32.89041318744421 -11.222843363881111 17.6
      vertex 32.597744926810265 -10.734555877745152 4
      vertex 32.89041318744421 -11.222843363881111 4
    endloop
  endfacet
  facet normal -0.9415440655353045 -0.336889852407653 0
    outer loop
      vertex 32.35434649139643 -10.219933114945889 17.6
      vertex 32.16256193816662 -9.683931194245815 4
      vertex 32.35434649139643 -10.219933114945889 4
    endloop
  endfacet
  facet normal -0.9700312518596659 -0.2429801852323963 0
    outer loop
      vertex 32.16256193816662 -9.683931194245815 17.6
      vertex 32.024238251149654 -9.131712093949318 4
      vertex 32.16256193816662 -9.683931194245815 4
    endloop
  endfacet
  facet normal -0.9700312518596659 0.2429801852323963 0
    outer loop
      vertex 32.024238251149654 -6.868287906050682 17.6
      vertex 32.16256193816662 -6.316068805754185 4
      vertex 32.024238251149654 -6.868287906050682 4
    endloop
  endfacet
  facet normal -0.9415440655353045 0.336889852407653 0
    outer loop
      vertex 32.16256193816662 -6.316068805754185 17.6
      vertex 32.35434649139643 -5.7800668850541115 4
      vertex 32.16256193816662 -6.316068805754185 4
    endloop
  endfacet
  facet normal -0.9039892960171337 0.42755508731208774 0
    outer loop
      vertex 32.35434649139643 -5.7800668850541115 17.6
      vertex 32.597744926810265 -5.2654441222548485 4
      vertex 32.35434649139643 -5.7800668850541115 4
    endloop
  endfacet
  facet normal -0.3368898524076502 0.9415440655353056 0
    outer loop
      vertex 36.029807940125465 -2.4488228037953377 0
      vertex 35.88394596602889 -2.5010130524772687 0
      vertex 36.029807940125465 -2.4488228037953377 17.6
    endloop
  endfacet
  facet normal -0.24298018523239626 0.9700312518596658 0
    outer loop
      vertex 36.029807940125465 -2.4488228037953377 0
      vertex 36.58202704042196 -2.3104991167783737 17.6
      vertex 36.58202704042196 -2.3104991167783737 0
    endloop
  endfacet
  facet normal -0.14673048321505958 0.9891765086654025 0
    outer loop
      vertex 36.58202704042196 -2.3104991167783737 0
      vertex 37.145145155489445 -2.226968429982662 17.6
      vertex 37.145145155489445 -2.226968429982662 0
    endloop
  endfacet
  facet normal -0.04906766391009324 0.9987954567169427 0
    outer loop
      vertex 37.145145155489445 -2.226968429982662 0
      vertex 37.71373913437128 -2.199035204946995 17.6
      vertex 37.71373913437128 -2.199035204946995 0
    endloop
  endfacet
  facet normal 0.04906766326868231 0.9987954567484532 0
    outer loop
      vertex 37.71373913437128 -2.199035204946995 0
      vertex 38.2823331207037 -2.226968429982662 17.6
      vertex 38.2823331207037 -2.226968429982662 0
    endloop
  endfacet
  facet normal 0.14673048511464382 0.9891765083836257 0
    outer loop
      vertex 38.2823331207037 -2.226968429982662 0
      vertex 38.8454512283206 -2.3104991167783737 17.6
      vertex 38.8454512283206 -2.3104991167783737 0
    endloop
  endfacet
  facet normal 0.24298018214763903 0.9700312526323573 0
    outer loop
      vertex 38.8454512283206 -2.3104991167783737 0
      vertex 39.39767033606768 -2.4488228037953377 17.6
      vertex 39.39767033606768 -2.4488228037953377 0
    endloop
  endfacet
  facet normal 0.33688985655903797 0.9415440640499153 0
    outer loop
      vertex 39.39767033606768 -2.4488228037953377 0
      vertex 39.93367224931717 -2.6406073570251465 17.6
      vertex 39.93367224931717 -2.6406073570251465 0
    endloop
  endfacet
  facet normal 0.4275550884370642 0.9039892954850595 0
    outer loop
      vertex 40.44222962856293 -2.881137080490589 0
      vertex 39.93367224931717 -2.6406073570251465 0
      vertex 40.44222962856293 -2.881137080490589 17.6
    endloop
  endfacet
  facet normal -0.3368898524076501 0.9415440655353056 -6.199081205944325e-19
    outer loop
      vertex 36.029807940125465 -2.4488228037953377 17.6
      vertex 35.88394596602889 -2.5010130524772687 0
      vertex 35.88394596602889 -2.5010130524772687 4
    endloop
  endfacet
  facet normal -0.8577286065622218 0.514102749929262 0
    outer loop
      vertex 32.597744926810265 -5.2654441222548485 17.6
      vertex 32.89041318744421 -4.777156636118889 4
      vertex 32.597744926810265 -5.2654441222548485 4
    endloop
  endfacet
  facet normal -0.8032075376899647 0.595699296120135 0
    outer loop
      vertex 32.89041318744421 -4.777156636118889 17.6
      vertex 33.229532703757286 -4.3199068903923035 4
      vertex 32.89041318744421 -4.777156636118889 4
    endloop
  endfacet
  facet normal -0.7409511234394717 0.6715589569604332 0
    outer loop
      vertex 33.229532703757286 -4.3199068903923035 17.6
      vertex 33.61183758825064 -3.8980984538793564 4
      vertex 33.229532703757286 -4.3199068903923035 4
    endloop
  endfacet
  facet normal -0.6715589569604332 0.7409511234394717 0
    outer loop
      vertex 33.61183758825064 -3.8980984538793564 17.6
      vertex 34.033646024763584 -3.5157935693860054 4
      vertex 33.61183758825064 -3.8980984538793564 4
    endloop
  endfacet
  facet normal -0.595699296120135 0.8032075376899647 0
    outer loop
      vertex 34.033646024763584 -3.5157935693860054 17.6
      vertex 34.49089577049017 -3.1766740530729294 4
      vertex 34.033646024763584 -3.5157935693860054 4
    endloop
  endfacet
  facet normal -0.514102749929262 0.8577286065622218 0
    outer loop
      vertex 34.49089577049017 -3.1766740530729294 17.6
      vertex 34.97918325662613 -2.884005792438984 4
      vertex 34.49089577049017 -3.1766740530729294 4
    endloop
  endfacet
  facet normal -0.42755508731208774 0.9039892960171337 0
    outer loop
      vertex 34.97918325662613 -2.884005792438984 17.6
      vertex 35.49380601942539 -2.6406073570251465 4
      vertex 34.97918325662613 -2.884005792438984 4
    endloop
  endfacet
  facet normal -0.336889852407654 0.9415440655353041 0
    outer loop
      vertex 35.49380601942539 -2.6406073570251465 17.6
      vertex 35.88394596602889 -2.5010130524772687 4
      vertex 35.49380601942539 -2.6406073570251465 4
    endloop
  endfacet
  facet normal -0.9891765086654026 -0.14673048321505958 0
    outer loop
      vertex 32.024238251149654 -9.131712093949318 17.6
      vertex 31.940707564353943 -8.568593978881836 17.6
      vertex 31.940707564353943 -8.568593978881836 4
    endloop
  endfacet
  facet normal -0.9987954567169427 -0.04906766391009324 0
    outer loop
      vertex 31.940707564353943 -8.568593978881836 17.6
      vertex 31.912774339318275 -8 17.6
      vertex 31.912774339318275 -8 4
    endloop
  endfacet
  facet normal -0.9987954567169427 0.04906766391009324 0
    outer loop
      vertex 31.912774339318275 -8 17.6
      vertex 31.940707564353943 -7.431406021118164 17.6
      vertex 31.940707564353943 -7.431406021118164 4
    endloop
  endfacet
  facet normal -0.9891765086654026 0.14673048321505958 0
    outer loop
      vertex 31.940707564353943 -7.431406021118164 17.6
      vertex 32.024238251149654 -6.868287906050682 17.6
      vertex 32.024238251149654 -6.868287906050682 4
    endloop
  endfacet
  facet normal -0.5956992961201348 -0.8032075376899646 0
    outer loop
      vertex 34.49089577049017 -12.82332594692707 0
      vertex 34.49089577049017 -12.82332594692707 17.6
      vertex 34.033646024763584 -12.484206430613995 17.6
    endloop
  endfacet
  facet normal -0.6715589569604331 -0.7409511234394716 0
    outer loop
      vertex 34.033646024763584 -12.484206430613995 0
      vertex 34.033646024763584 -12.484206430613995 17.6
      vertex 33.61183758825064 -12.101901546120644 17.6
    endloop
  endfacet
  facet normal -0.5141027534824596 -0.8577286044325172 0
    outer loop
      vertex 34.95095194876194 -13.099073015153408 0
      vertex 34.95095194876194 -13.099073015153408 17.6
      vertex 34.49089577049017 -12.82332594692707 17.6
    endloop
  endfacet
  facet normal -0.7409511234394717 -0.6715589569604332 0
    outer loop
      vertex 33.61183758825064 -12.101901546120644 17.6
      vertex 33.229532703757286 -11.680093109607697 17.6
      vertex 33.229532703757286 -11.680093109607697 4
    endloop
  endfacet
  facet normal -0.8032075376899647 -0.595699296120135 0
    outer loop
      vertex 33.229532703757286 -11.680093109607697 17.6
      vertex 32.89041318744421 -11.222843363881111 17.6
      vertex 32.89041318744421 -11.222843363881111 4
    endloop
  endfacet
  facet normal -0.8577286065622218 -0.514102749929262 0
    outer loop
      vertex 32.597744926810265 -10.734555877745152 17.6
      vertex 32.597744926810265 -10.734555877745152 4
      vertex 32.89041318744421 -11.222843363881111 17.6
    endloop
  endfacet
  facet normal -0.9039892960171337 -0.42755508731208774 0
    outer loop
      vertex 32.597744926810265 -10.734555877745152 17.6
      vertex 32.35434649139643 -10.219933114945889 17.6
      vertex 32.35434649139643 -10.219933114945889 4
    endloop
  endfacet
  facet normal -0.9415440655353045 -0.336889852407653 0
    outer loop
      vertex 32.16256193816662 -9.683931194245815 17.6
      vertex 32.16256193816662 -9.683931194245815 4
      vertex 32.35434649139643 -10.219933114945889 17.6
    endloop
  endfacet
  facet normal -0.9700312518596659 -0.2429801852323963 0
    outer loop
      vertex 32.16256193816662 -9.683931194245815 17.6
      vertex 32.024238251149654 -9.131712093949318 17.6
      vertex 32.024238251149654 -9.131712093949318 4
    endloop
  endfacet
  facet normal -0.9700312518596659 0.2429801852323963 0
    outer loop
      vertex 32.024238251149654 -6.868287906050682 17.6
      vertex 32.16256193816662 -6.316068805754185 17.6
      vertex 32.16256193816662 -6.316068805754185 4
    endloop
  endfacet
  facet normal -0.9415440655353045 0.336889852407653 0
    outer loop
      vertex 32.16256193816662 -6.316068805754185 17.6
      vertex 32.35434649139643 -5.7800668850541115 17.6
      vertex 32.35434649139643 -5.7800668850541115 4
    endloop
  endfacet
  facet normal -0.9039892960171337 0.42755508731208774 0
    outer loop
      vertex 32.35434649139643 -5.7800668850541115 17.6
      vertex 32.597744926810265 -5.2654441222548485 17.6
      vertex 32.597744926810265 -5.2654441222548485 4
    endloop
  endfacet
  facet normal -0.24298018523239626 0.9700312518596658 0
    outer loop
      vertex 36.029807940125465 -2.4488228037953377 0
      vertex 36.029807940125465 -2.4488228037953377 17.6
      vertex 36.58202704042196 -2.3104991167783737 17.6
    endloop
  endfacet
  facet normal -0.14673048321505958 0.9891765086654025 0
    outer loop
      vertex 36.58202704042196 -2.3104991167783737 0
      vertex 36.58202704042196 -2.3104991167783737 17.6
      vertex 37.145145155489445 -2.226968429982662 17.6
    endloop
  endfacet
  facet normal -0.04906766391009324 0.9987954567169427 0
    outer loop
      vertex 37.145145155489445 -2.226968429982662 0
      vertex 37.145145155489445 -2.226968429982662 17.6
      vertex 37.71373913437128 -2.199035204946995 17.6
    endloop
  endfacet
  facet normal -0.8577286065622218 0.514102749929262 0
    outer loop
      vertex 32.597744926810265 -5.2654441222548485 17.6
      vertex 32.89041318744421 -4.777156636118889 17.6
      vertex 32.89041318744421 -4.777156636118889 4
    endloop
  endfacet
  facet normal -0.8032075376899647 0.595699296120135 0
    outer loop
      vertex 32.89041318744421 -4.777156636118889 17.6
      vertex 33.229532703757286 -4.3199068903923035 17.6
      vertex 33.229532703757286 -4.3199068903923035 4
    endloop
  endfacet
  facet normal -0.7409511234394717 0.6715589569604332 0
    outer loop
      vertex 33.229532703757286 -4.3199068903923035 17.6
      vertex 33.61183758825064 -3.8980984538793564 17.6
      vertex 33.61183758825064 -3.8980984538793564 4
    endloop
  endfacet
  facet normal -0.6715589569604332 0.7409511234394717 0
    outer loop
      vertex 33.61183758825064 -3.8980984538793564 17.6
      vertex 34.033646024763584 -3.5157935693860054 17.6
      vertex 34.033646024763584 -3.5157935693860054 4
    endloop
  endfacet
  facet normal -0.595699296120135 0.8032075376899647 0
    outer loop
      vertex 34.033646024763584 -3.5157935693860054 17.6
      vertex 34.49089577049017 -3.1766740530729294 17.6
      vertex 34.49089577049017 -3.1766740530729294 4
    endloop
  endfacet
  facet normal -0.514102749929262 0.8577286065622218 0
    outer loop
      vertex 34.49089577049017 -3.1766740530729294 17.6
      vertex 34.97918325662613 -2.884005792438984 17.6
      vertex 34.97918325662613 -2.884005792438984 4
    endloop
  endfacet
  facet normal -0.42755508731208774 0.9039892960171337 0
    outer loop
      vertex 34.97918325662613 -2.884005792438984 17.6
      vertex 35.49380601942539 -2.6406073570251465 17.6
      vertex 35.49380601942539 -2.6406073570251465 4
    endloop
  endfacet
  facet normal -0.336889852407653 0.9415440655353045 3.302109331653235e-17
    outer loop
      vertex 35.49380601942539 -2.6406073570251465 17.6
      vertex 36.029807940125465 -2.4488228037953377 17.6
      vertex 35.88394596602889 -2.5010130524772687 4
    endloop
  endfacet
  facet normal 0.04906766326868231 0.9987954567484532 0
    outer loop
      vertex 37.71373913437128 -2.199035204946995 0
      vertex 37.71373913437128 -2.199035204946995 17.6
      vertex 38.2823331207037 -2.226968429982662 17.6
    endloop
  endfacet
  facet normal 0.14673048511464382 0.9891765083836257 0
    outer loop
      vertex 38.2823331207037 -2.226968429982662 0
      vertex 38.2823331207037 -2.226968429982662 17.6
      vertex 38.8454512283206 -2.3104991167783737 17.6
    endloop
  endfacet
  facet normal 0.24298018214763903 0.9700312526323573 0
    outer loop
      vertex 38.8454512283206 -2.3104991167783737 0
      vertex 38.8454512283206 -2.3104991167783737 17.6
      vertex 39.39767033606768 -2.4488228037953377 17.6
    endloop
  endfacet
  facet normal 0.33688985655903797 0.9415440640499153 0
    outer loop
      vertex 39.39767033606768 -2.4488228037953377 0
      vertex 39.39767033606768 -2.4488228037953377 17.6
      vertex 39.93367224931717 -2.6406073570251465 17.6
    endloop
  endfacet
  facet normal 0.4996729766207068 0.866214128512692 0
    outer loop
      vertex 40.44222962856293 -2.881137080490589 0
      vertex 40.44222962856293 -2.881137080490589 17.6
      vertex 46.612215064466 -6.440274350345135 17.6
    endloop
  endfacet
  facet normal 0.4275550884370642 0.9039892954850595 0
    outer loop
      vertex 39.93367224931717 -2.6406073570251465 0
      vertex 39.93367224931717 -2.6406073570251465 17.6
      vertex 40.44222962856293 -2.881137080490589 17.6
    endloop
  endfacet
  facet normal 0 0 1
    outer loop
      vertex 34.95095194876194 -13.099073015153408 17.6
      vertex 39.93367224931717 -2.6406073570251465 17.6
      vertex 34.49089577049017 -12.82332594692707 17.6
    endloop
  endfacet
  facet normal 0 0 1
    outer loop
      vertex 32.16256193816662 -9.683931194245815 17.6
      vertex 32.35434649139643 -10.219933114945889 17.6
      vertex 36.029807940125465 -2.4488228037953377 17.6
    endloop
  endfacet
  facet normal 0 0 1
    outer loop
      vertex 32.597744926810265 -10.734555877745152 17.6
      vertex 36.58202704042196 -2.3104991167783737 17.6
      vertex 32.35434649139643 -10.219933114945889 17.6
    endloop
  endfacet
  facet normal 0 0 1
    outer loop
      vertex 32.597744926810265 -10.734555877745152 17.6
      vertex 32.89041318744421 -11.222843363881111 17.6
      vertex 37.145145155489445 -2.226968429982662 17.6
    endloop
  endfacet
  facet normal 0 0 1
    outer loop
      vertex 33.229532703757286 -11.680093109607697 17.6
      vertex 37.71373913437128 -2.199035204946995 17.6
      vertex 32.89041318744421 -11.222843363881111 17.6
    endloop
  endfacet
  facet normal 0 0 1
    outer loop
      vertex 32.16256193816662 -9.683931194245815 17.6
      vertex 35.49380601942539 -2.6406073570251465 17.6
      vertex 32.024238251149654 -9.131712093949318 17.6
    endloop
  endfacet
  facet normal 0 0 1
    outer loop
      vertex 32.024238251149654 -9.131712093949318 17.6
      vertex 34.97918325662613 -2.884005792438984 17.6
      vertex 31.940707564353943 -8.568593978881836 17.6
    endloop
  endfacet
  facet normal 0 0 1
    outer loop
      vertex 31.940707564353943 -8.568593978881836 17.6
      vertex 34.49089577049017 -3.1766740530729294 17.6
      vertex 31.912774339318275 -8 17.6
    endloop
  endfacet
  facet normal 0 0 1
    outer loop
      vertex 31.912774339318275 -8 17.6
      vertex 34.033646024763584 -3.5157935693860054 17.6
      vertex 31.940707564353943 -7.431406021118164 17.6
    endloop
  endfacet
  facet normal 0 0 1
    outer loop
      vertex 32.024238251149654 -6.868287906050682 17.6
      vertex 33.229532703757286 -4.3199068903923035 17.6
      vertex 32.16256193816662 -6.316068805754185 17.6
    endloop
  endfacet
  facet normal 0 0 1
    outer loop
      vertex 31.940707564353943 -7.431406021118164 17.6
      vertex 33.61183758825064 -3.8980984538793564 17.6
      vertex 32.024238251149654 -6.868287906050682 17.6
    endloop
  endfacet
  facet normal 0 0 1
    outer loop
      vertex 32.16256193816662 -6.316068805754185 17.6
      vertex 32.89041318744421 -4.777156636118889 17.6
      vertex 32.35434649139643 -5.7800668850541115 17.6
    endloop
  endfacet
  facet normal 0 0 1
    outer loop
      vertex 33.61183758825064 -12.101901546120644 17.6
      vertex 38.2823331207037 -2.226968429982662 17.6
      vertex 33.229532703757286 -11.680093109607697 17.6
    endloop
  endfacet
  facet normal 0 0 1
    outer loop
      vertex 34.033646024763584 -12.484206430613995 17.6
      vertex 34.49089577049017 -12.82332594692707 17.6
      vertex 39.39767033606768 -2.4488228037953377 17.6
    endloop
  endfacet
  facet normal 0 0 1
    outer loop
      vertex 34.033646024763584 -12.484206430613995 17.6
      vertex 38.8454512283206 -2.3104991167783737 17.6
      vertex 33.61183758825064 -12.101901546120644 17.6
    endloop
  endfacet
  facet normal 0 0 1
    outer loop
      vertex 33.229532703757286 -11.680093109607697 17.6
      vertex 38.2823331207037 -2.226968429982662 17.6
      vertex 37.71373913437128 -2.199035204946995 17.6
    endloop
  endfacet
  facet normal 0 0 1
    outer loop
      vertex 33.61183758825064 -12.101901546120644 17.6
      vertex 38.8454512283206 -2.3104991167783737 17.6
      vertex 38.2823331207037 -2.226968429982662 17.6
    endloop
  endfacet
  facet normal 0 0 1
    outer loop
      vertex 40.8367065936327 -16.500309221446514 17.6
      vertex 40.44222962856293 -2.881137080490589 17.6
      vertex 34.95095194876194 -13.099073015153408 17.6
    endloop
  endfacet
  facet normal 0 0 1
    outer loop
      vertex 34.49089577049017 -12.82332594692707 17.6
      vertex 39.93367224931717 -2.6406073570251465 17.6
      vertex 39.39767033606768 -2.4488228037953377 17.6
    endloop
  endfacet
  facet normal 0 0 1
    outer loop
      vertex 34.033646024763584 -12.484206430613995 17.6
      vertex 39.39767033606768 -2.4488228037953377 17.6
      vertex 38.8454512283206 -2.3104991167783737 17.6
    endloop
  endfacet
  facet normal 0 0 1
    outer loop
      vertex 34.95095194876194 -13.099073015153408 17.6
      vertex 40.44222962856293 -2.881137080490589 17.6
      vertex 39.93367224931717 -2.6406073570251465 17.6
    endloop
  endfacet
  facet normal 0 0 1
    outer loop
      vertex 40.8367065936327 -16.500309221446514 17.6
      vertex 46.612215064466 -6.440274350345135 17.6
      vertex 40.44222962856293 -2.881137080490589 17.6
    endloop
  endfacet
  facet normal 0 0 1
    outer loop
      vertex 32.35434649139643 -5.7800668850541115 17.6
      vertex 32.89041318744421 -4.777156636118889 17.6
      vertex 32.597744926810265 -5.2654441222548485 17.6
    endloop
  endfacet
  facet normal 0 0 1
    outer loop
      vertex 32.16256193816662 -6.316068805754185 17.6
      vertex 33.229532703757286 -4.3199068903923035 17.6
      vertex 32.89041318744421 -4.777156636118889 17.6
    endloop
  endfacet
  facet normal 0 0 1
    outer loop
      vertex 32.024238251149654 -6.868287906050682 17.6
      vertex 33.61183758825064 -3.8980984538793564 17.6
      vertex 33.229532703757286 -4.3199068903923035 17.6
    endloop
  endfacet
  facet normal 0 0 1
    outer loop
      vertex 31.940707564353943 -7.431406021118164 17.6
      vertex 34.033646024763584 -3.5157935693860054 17.6
      vertex 33.61183758825064 -3.8980984538793564 17.6
    endloop
  endfacet
  facet normal 0 0 1
    outer loop
      vertex 31.912774339318275 -8 17.6
      vertex 34.49089577049017 -3.1766740530729294 17.6
      vertex 34.033646024763584 -3.5157935693860054 17.6
    endloop
  endfacet
  facet normal 0 0 1
    outer loop
      vertex 31.940707564353943 -8.568593978881836 17.6
      vertex 34.97918325662613 -2.884005792438984 17.6
      vertex 34.49089577049017 -3.1766740530729294 17.6
    endloop
  endfacet
  facet normal 0 0 1
    outer loop
      vertex 32.024238251149654 -9.131712093949318 17.6
      vertex 35.49380601942539 -2.6406073570251465 17.6
      vertex 34.97918325662613 -2.884005792438984 17.6
    endloop
  endfacet
  facet normal 0 0 1
    outer loop
      vertex 32.16256193816662 -9.683931194245815 17.6
      vertex 36.029807940125465 -2.4488228037953377 17.6
      vertex 35.49380601942539 -2.6406073570251465 17.6
    endloop
  endfacet
  facet normal 0 0 1
    outer loop
      vertex 32.35434649139643 -10.219933114945889 17.6
      vertex 36.58202704042196 -2.3104991167783737 17.6
      vertex 36.029807940125465 -2.4488228037953377 17.6
    endloop
  endfacet
  facet normal 0 0 1
    outer loop
      vertex 32.597744926810265 -10.734555877745152 17.6
      vertex 37.145145155489445 -2.226968429982662 17.6
      vertex 36.58202704042196 -2.3104991167783737 17.6
    endloop
  endfacet
  facet normal 0 0 1
    outer loop
      vertex 32.89041318744421 -11.222843363881111 17.6
      vertex 37.71373913437128 -2.199035204946995 17.6
      vertex 37.145145155489445 -2.226968429982662 17.6
    endloop
  endfacet
  facet normal 0 0 -1
    outer loop
      vertex 40.8367065936327 -16.500309221446514 0
      vertex 51.31185394448285 -9.15361212645896 0
      vertex 40.888914312469645 -16.530451361990284 0
    endloop
  endfacet
  facet normal 0 0 -1
    outer loop
      vertex 51.31185394448285 -9.15361212645896 0
      vertex 46.367396507318794 -19.69345453398153 0
      vertex 40.888914312469645 -16.530451361990284 0
    endloop
  endfacet
  facet normal -0.5000000002423947 -0.8660254036444921 0
    outer loop
      vertex 48.654586620628834 -21.013964362442493 17.6
      vertex 40.888914312469645 -16.530451361990284 4
      vertex 48.654586620628834 -21.013964362442493 4
    endloop
  endfacet
  facet normal 0.8606388607511009 -0.5092158200262904 0
    outer loop
      vertex 54.561826683580875 -11.029984764754772 17.6
      vertex 48.654586620628834 -21.013964362442493 4
      vertex 54.561826683580875 -11.029984764754772 4
    endloop
  endfacet
  facet normal -0.5000000002423945 -0.8660254036444921 -4.7733729447159056e-17
    outer loop
      vertex 40.8367065936327 -16.500309221446514 17.6
      vertex 40.888914312469645 -16.530451361990284 4
      vertex 48.654586620628834 -21.013964362442493 17.6
    endloop
  endfacet
  facet normal 0.8606388607511009 -0.5092158200262904 0
    outer loop
      vertex 48.654586620628834 -21.013964362442493 17.6
      vertex 48.654586620628834 -21.013964362442493 4
      vertex 54.561826683580875 -11.029984764754772 17.6
    endloop
  endfacet
  facet normal 0 0 1
    outer loop
      vertex 40.8367065936327 -16.500309221446514 17.6
      vertex 47.970854988722905 -19.695451290449917 17.6
      vertex 45.80951766091302 -18.447602602429292 17.6
    endloop
  endfacet
  facet normal 0 0 1
    outer loop
      vertex 40.8367065936327 -16.500309221446514 17.6
      vertex 48.654586620628834 -21.013964362442493 17.6
      vertex 47.970854988722905 -19.695451290449917 17.6
    endloop
  endfacet
  facet normal 0 0 1
    outer loop
      vertex 40.8367065936327 -16.500309221446514 17.6
      vertex 44.33034026403096 -17.466961808940095 17.6
      vertex 44.29982515991246 -17.40244304205943 17.6
    endloop
  endfacet
  facet normal 0 0 1
    outer loop
      vertex 40.8367065936327 -16.500309221446514 17.6
      vertex 44.36703237460973 -17.5281788970809 17.6
      vertex 44.33034026403096 -17.466961808940095 17.6
    endloop
  endfacet
  facet normal 0 0 1
    outer loop
      vertex 40.8367065936327 -16.500309221446514 17.6
      vertex 44.45747806996682 -17.638387295747766 17.6
      vertex 44.40954812656595 -17.585504752458384 17.6
    endloop
  endfacet
  facet normal 0 0 1
    outer loop
      vertex 40.8367065936327 -16.500309221446514 17.6
      vertex 44.62890355677449 -17.76552510168363 17.6
      vertex 44.56768646863369 -17.728832991104856 17.6
    endloop
  endfacet
  facet normal 0 0 1
    outer loop
      vertex 40.8367065936327 -16.500309221446514 17.6
      vertex 44.56768646863369 -17.728832991104856 17.6
      vertex 44.510360613256196 -17.686317239148632 17.6
    endloop
  endfacet
  facet normal 0 0 1
    outer loop
      vertex 40.8367065936327 -16.500309221446514 17.6
      vertex 44.510360613256196 -17.686317239148632 17.6
      vertex 44.45747806996682 -17.638387295747766 17.6
    endloop
  endfacet
  facet normal 0 0 1
    outer loop
      vertex 40.8367065936327 -16.500309221446514 17.6
      vertex 44.40954812656595 -17.585504752458384 17.6
      vertex 44.36703237460973 -17.5281788970809 17.6
    endloop
  endfacet
  facet normal 0 0 1
    outer loop
      vertex 40.8367065936327 -16.500309221446514 17.6
      vertex 44.25843916144559 -17.26601168907837 17.6
      vertex 44.24796683688635 -17.19541301148814 17.6
    endloop
  endfacet
  facet normal 0 0 1
    outer loop
      vertex 40.8367065936327 -16.500309221446514 17.6
      vertex 44.275780939388156 -17.335243947433522 17.6
      vertex 44.25843916144559 -17.26601168907837 17.6
    endloop
  endfacet
  facet normal 0 0 1
    outer loop
      vertex 40.8367065936327 -16.500309221446514 17.6
      vertex 44.29982515991246 -17.40244304205943 17.6
      vertex 44.275780939388156 -17.335243947433522 17.6
    endloop
  endfacet
  facet normal 0 0 1
    outer loop
      vertex 40.8367065936327 -16.500309221446514 17.6
      vertex 44.24796683688634 -17.05284262555423 17.6
      vertex 44.258439161445594 -16.982243947964 17.6
    endloop
  endfacet
  facet normal 0 0 1
    outer loop
      vertex 40.8367065936327 -16.500309221446514 17.6
      vertex 44.24446481992067 -17.12412781852119 17.6
      vertex 44.24796683688634 -17.05284262555423 17.6
    endloop
  endfacet
  facet normal 0 0 1
    outer loop
      vertex 40.8367065936327 -16.500309221446514 17.6
      vertex 44.24796683688635 -17.19541301148814 17.6
      vertex 44.24446481992067 -17.12412781852119 17.6
    endloop
  endfacet
  facet normal 0 0 1
    outer loop
      vertex 40.8367065936327 -16.500309221446514 17.6
      vertex 45.80951766091302 -18.447602602429292 17.6
      vertex 44.62890355677449 -17.76552510168363 17.6
    endloop
  endfacet
  facet normal 0 0 1
    outer loop
      vertex 40.8367065936327 -16.500309221446514 17.6
      vertex 44.29982515991246 -16.845812594982938 17.6
      vertex 44.33034026403096 -16.781293828102278 17.6
    endloop
  endfacet
  facet normal 0 0 1
    outer loop
      vertex 40.8367065936327 -16.500309221446514 17.6
      vertex 44.275780939388156 -16.91301168960885 17.6
      vertex 44.29982515991246 -16.845812594982938 17.6
    endloop
  endfacet
  facet normal 0 0 1
    outer loop
      vertex 40.8367065936327 -16.500309221446514 17.6
      vertex 44.258439161445594 -16.982243947964 17.6
      vertex 44.275780939388156 -16.91301168960885 17.6
    endloop
  endfacet
  facet normal 0 0 1
    outer loop
      vertex 48.654586620628834 -21.013964362442493 17.6
      vertex 53.063303321313995 -11.088572322313132 17.6
      vertex 47.970854988722905 -19.695451290449917 17.6
    endloop
  endfacet
  facet normal 0 0 1
    outer loop
      vertex 48.654586620628834 -21.013964362442493 17.6
      vertex 54.561826683580875 -11.029984764754772 17.6
      vertex 53.063303321313995 -11.088572322313132 17.6
    endloop
  endfacet
  facet normal 0 0 -1
    outer loop
      vertex 46.612215064466 -6.440274350345135 0
      vertex 46.79615437630456 -6.546471761692229 0
      vertex 40.8367065936327 -16.500309221446514 0
    endloop
  endfacet
  facet normal 0 0 -1
    outer loop
      vertex 40.8367065936327 -16.500309221446514 0
      vertex 46.79615437630456 -6.546471761692229 0
      vertex 51.31185394448285 -9.15361212645896 0
    endloop
  endfacet
  facet normal 0.5000000005033614 0.8660254034938227 -1.894354003870495e-18
    outer loop
      vertex 46.612215064466 -6.440274350345135 0
      vertex 46.79615437630456 -6.546471761692229 4
      vertex 46.79615437630456 -6.546471761692229 0
    endloop
  endfacet
  facet normal 0.5000000005033615 0.8660254034938227 0
    outer loop
      vertex 46.612215064466 -6.440274350345135 0
      vertex 46.612215064466 -6.440274350345135 17.6
      vertex 46.79615437630456 -6.546471761692229 4
    endloop
  endfacet
  facet normal 0.5000000005033558 0.8660254034938261 -1.0254973057222377e-16
    outer loop
      vertex 46.612215064466 -6.440274350345135 17.6
      vertex 54.561826683580875 -11.029984764754772 4
      vertex 46.79615437630456 -6.546471761692229 4
    endloop
  endfacet
  facet normal 0.4996729766207068 0.866214128512692 -8.856021988523532e-19
    outer loop
      vertex 40.44222962856293 -2.881137080490589 0
      vertex 46.612215064466 -6.440274350345135 17.6
      vertex 46.612215064466 -6.440274350345135 0
    endloop
  endfacet
  facet normal 0.5000000005033558 0.8660254034938261 7.114526943068817e-18
    outer loop
      vertex 46.612215064466 -6.440274350345135 17.6
      vertex 54.561826683580875 -11.029984764754772 17.6
      vertex 54.561826683580875 -11.029984764754772 4
    endloop
  endfacet
  facet normal 0 0 1
    outer loop
      vertex 40.8367065936327 -16.500309221446514 17.6
      vertex 44.33034026403096 -16.781293828102278 17.6
      vertex 46.612215064466 -6.440274350345135 17.6
    endloop
  endfacet
  facet normal 0 0 1
    outer loop
      vertex 46.612215064466 -6.440274350345135 17.6
      vertex 44.33034026403096 -16.781293828102278 17.6
      vertex 48.682068839154255 -9.42632452805812 17.6
    endloop
  endfacet
  facet normal 0 0 1
    outer loop
      vertex 46.612215064466 -6.440274350345135 17.6
      vertex 48.682068839154255 -9.42632452805812 17.6
      vertex 48.718760949733024 -9.365107439917317 17.6
    endloop
  endfacet
  facet normal 0 0 1
    outer loop
      vertex 54.561826683580875 -11.029984764754772 17.6
      vertex 50.89261034414053 -9.835322147614 17.6
      vertex 53.063303321313995 -11.088572322313132 17.6
    endloop
  endfacet
  facet normal 0 0 1
    outer loop
      vertex 46.612215064466 -6.440274350345135 17.6
      vertex 49.6663001127356 -9.127761235314585 17.6
      vertex 50.89261034414053 -9.835322147614 17.6
    endloop
  endfacet
  facet normal 0 0 1
    outer loop
      vertex 46.612215064466 -6.440274350345135 17.6
      vertex 48.718760949733024 -9.365107439917317 17.6
      vertex 48.76127670168925 -9.30778158453983 17.6
    endloop
  endfacet
  facet normal 0 0 1
    outer loop
      vertex 46.612215064466 -6.440274350345135 17.6
      vertex 48.76127670168925 -9.30778158453983 17.6
      vertex 48.80920664509011 -9.254899041250447 17.6
    endloop
  endfacet
  facet normal 0 0 1
    outer loop
      vertex 46.612215064466 -6.440274350345135 17.6
      vertex 48.80920664509011 -9.254899041250447 17.6
      vertex 48.8620891883795 -9.206969097849582 17.6
    endloop
  endfacet
  facet normal 0 0 1
    outer loop
      vertex 46.612215064466 -6.440274350345135 17.6
      vertex 48.8620891883795 -9.206969097849582 17.6
      vertex 48.91941504375698 -9.164453345893357 17.6
    endloop
  endfacet
  facet normal 0 0 1
    outer loop
      vertex 46.612215064466 -6.440274350345135 17.6
      vertex 48.91941504375698 -9.164453345893357 17.6
      vertex 48.980632131897785 -9.127761235314587 17.6
    endloop
  endfacet
  facet normal 0 0 1
    outer loop
      vertex 46.612215064466 -6.440274350345135 17.6
      vertex 48.980632131897785 -9.127761235314587 17.6
      vertex 49.045150898778445 -9.09724613119609 17.6
    endloop
  endfacet
  facet normal 0 0 1
    outer loop
      vertex 46.612215064466 -6.440274350345135 17.6
      vertex 49.045150898778445 -9.09724613119609 17.6
      vertex 49.11234999340436 -9.073201910671784 17.6
    endloop
  endfacet
  facet normal 0 0 1
    outer loop
      vertex 46.612215064466 -6.440274350345135 17.6
      vertex 49.11234999340436 -9.073201910671784 17.6
      vertex 49.18158225175951 -9.055860132729222 17.6
    endloop
  endfacet
  facet normal 0 0 1
    outer loop
      vertex 46.612215064466 -6.440274350345135 17.6
      vertex 49.60178134585494 -9.09724613119609 17.6
      vertex 49.6663001127356 -9.127761235314585 17.6
    endloop
  endfacet
  facet normal 0 0 1
    outer loop
      vertex 46.612215064466 -6.440274350345135 17.6
      vertex 49.534582251229025 -9.073201910671784 17.6
      vertex 49.60178134585494 -9.09724613119609 17.6
    endloop
  endfacet
  facet normal 0 0 1
    outer loop
      vertex 46.612215064466 -6.440274350345135 17.6
      vertex 49.465349992873875 -9.055860132729222 17.6
      vertex 49.534582251229025 -9.073201910671784 17.6
    endloop
  endfacet
  facet normal 0 0 1
    outer loop
      vertex 46.612215064466 -6.440274350345135 17.6
      vertex 49.18158225175951 -9.055860132729222 17.6
      vertex 49.252180929349734 -9.045387808169973 17.6
    endloop
  endfacet
  facet normal 0 0 1
    outer loop
      vertex 46.612215064466 -6.440274350345135 17.6
      vertex 49.252180929349734 -9.045387808169973 17.6
      vertex 49.32346612231669 -9.0418857912043 17.6
    endloop
  endfacet
  facet normal 0 0 1
    outer loop
      vertex 46.612215064466 -6.440274350345135 17.6
      vertex 49.32346612231669 -9.0418857912043 17.6
      vertex 49.39475131528364 -9.045387808169973 17.6
    endloop
  endfacet
  facet normal 0 0 1
    outer loop
      vertex 46.612215064466 -6.440274350345135 17.6
      vertex 49.39475131528364 -9.045387808169973 17.6
      vertex 49.465349992873875 -9.055860132729222 17.6
    endloop
  endfacet
  facet normal 0 0 1
    outer loop
      vertex 46.612215064466 -6.440274350345135 17.6
      vertex 50.89261034414053 -9.835322147614 17.6
      vertex 54.561826683580875 -11.029984764754772 17.6
    endloop
  endfacet
  facet normal -0.8606388607511009 -0.5092158200262904 0
    outer loop
      vertex -48.654586620628834 -21.013964362442493 17.6
      vertex -54.561826683580875 -11.029984764754772 4
      vertex -48.654586620628834 -21.013964362442493 4
    endloop
  endfacet
  facet normal 0.5000000002423945 -0.866025403644492 -4.8001985208433565e-17
    outer loop
      vertex -40.8367065936327 -16.500309221446514 17.6
      vertex -48.654586620628834 -21.013964362442493 4
      vertex -40.888914312469645 -16.530451361990284 4
    endloop
  endfacet
  facet normal -0.8606388607511009 -0.5092158200262904 8.444420175200381e-18
    outer loop
      vertex -48.654586620628834 -21.013964362442493 17.6
      vertex -54.561826683580875 -11.029984764754772 17.6
      vertex -54.561826683580875 -11.029984764754772 4
    endloop
  endfacet
  facet normal 0.5000000002423945 -0.8660254036444921 0
    outer loop
      vertex -48.654586620628834 -21.013964362442493 17.6
      vertex -48.654586620628834 -21.013964362442493 4
      vertex -40.8367065936327 -16.500309221446514 17.6
    endloop
  endfacet
  facet normal 0 0 1
    outer loop
      vertex -54.561826683580875 -11.029984764754772 17.6
      vertex -47.97085498914088 -19.69545129069124 17.6
      vertex -53.063303321731965 -11.088572322554452 17.6
    endloop
  endfacet
  facet normal 0 0 1
    outer loop
      vertex -48.654586620628834 -21.013964362442493 17.6
      vertex -47.97085498914088 -19.69545129069124 17.6
      vertex -54.561826683580875 -11.029984764754772 17.6
    endloop
  endfacet
  facet normal 0 0 1
    outer loop
      vertex -48.654586620628834 -21.013964362442493 17.6
      vertex -45.80951766099322 -18.447602602475598 17.6
      vertex -47.97085498914088 -19.69545129069124 17.6
    endloop
  endfacet
  facet normal 0 0 1
    outer loop
      vertex -48.654586620628834 -21.013964362442493 17.6
      vertex -34.95095194876194 -13.099073015153408 17.6
      vertex -45.80951766099322 -18.447602602475598 17.6
    endloop
  endfacet
  facet normal 0 0 -1
    outer loop
      vertex -34.49089577049017 -12.82332594692707 0
      vertex -47.29560115157884 -11.679223284976676 0
      vertex -46.79615437630456 -6.546471761692229 0
    endloop
  endfacet
  facet normal -0.5000000005033615 0.8660254034938227 0
    outer loop
      vertex -46.612215064466 -6.440274350345135 0
      vertex -46.79615437630456 -6.546471761692229 0
      vertex -46.612215064466 -6.440274350345135 17.6
    endloop
  endfacet
  facet normal -0.5000000005033558 0.8660254034938261 0
    outer loop
      vertex -54.561826683580875 -11.029984764754772 17.6
      vertex -46.79615437630456 -6.546471761692229 4
      vertex -54.561826683580875 -11.029984764754772 4
    endloop
  endfacet
  facet normal -0.5000000005033614 0.8660254034938227 1.8943540038704946e-18
    outer loop
      vertex -46.612215064466 -6.440274350345135 17.6
      vertex -46.79615437630456 -6.546471761692229 0
      vertex -46.79615437630456 -6.546471761692229 4
    endloop
  endfacet
  facet normal -0.5000000005033558 0.8660254034938261 -7.171881167728582e-17
    outer loop
      vertex -54.561826683580875 -11.029984764754772 17.6
      vertex -46.612215064466 -6.440274350345135 17.6
      vertex -46.79615437630456 -6.546471761692229 4
    endloop
  endfacet
  facet normal -0.4996729766207068 0.866214128512692 0
    outer loop
      vertex -46.612215064466 -6.440274350345135 0
      vertex -46.612215064466 -6.440274350345135 17.6
      vertex -40.44222962856293 -2.881137080490589 17.6
    endloop
  endfacet
  facet normal 0 0 1
    outer loop
      vertex -54.561826683580875 -11.029984764754772 17.6
      vertex -53.063303321731965 -11.088572322554452 17.6
      vertex -46.612215064466 -6.440274350345135 17.6
    endloop
  endfacet
  facet normal 0 0 1
    outer loop
      vertex -46.612215064466 -6.440274350345135 17.6
      vertex -53.063303321731965 -11.088572322554452 17.6
      vertex -50.89261034430618 -9.835322147709638 17.6
    endloop
  endfacet
  facet normal 0 0 1
    outer loop
      vertex -46.612215064466 -6.440274350345135 17.6
      vertex -50.89261034430618 -9.835322147709638 17.6
      vertex -49.666300112779766 -9.127761235340087 17.6
    endloop
  endfacet
  facet normal 0 0 1
    outer loop
      vertex -46.612215064466 -6.440274350345135 17.6
      vertex -49.666300112779766 -9.127761235340087 17.6
      vertex -49.601781345899106 -9.097246131221592 17.6
    endloop
  endfacet
  facet normal 0 0 1
    outer loop
      vertex -46.612215064466 -6.440274350345135 17.6
      vertex -49.601781345899106 -9.097246131221592 17.6
      vertex -49.53458225127319 -9.073201910697284 17.6
    endloop
  endfacet
  facet normal 0 0 1
    outer loop
      vertex -46.612215064466 -6.440274350345135 17.6
      vertex -49.53458225127319 -9.073201910697284 17.6
      vertex -49.46534999291804 -9.055860132754724 17.6
    endloop
  endfacet
  facet normal 0 0 1
    outer loop
      vertex -46.612215064466 -6.440274350345135 17.6
      vertex -49.2521809293939 -9.045387808195475 17.6
      vertex -49.181582251803675 -9.055860132754724 17.6
    endloop
  endfacet
  facet normal 0 0 1
    outer loop
      vertex -46.612215064466 -6.440274350345135 17.6
      vertex -49.32346612236086 -9.0418857912298 17.6
      vertex -49.2521809293939 -9.045387808195475 17.6
    endloop
  endfacet
  facet normal 0 0 1
    outer loop
      vertex -46.612215064466 -6.440274350345135 17.6
      vertex -49.39475131532781 -9.045387808195475 17.6
      vertex -49.32346612236086 -9.0418857912298 17.6
    endloop
  endfacet
  facet normal 0 0 1
    outer loop
      vertex -46.612215064466 -6.440274350345135 17.6
      vertex -49.46534999291804 -9.055860132754724 17.6
      vertex -49.39475131532781 -9.045387808195475 17.6
    endloop
  endfacet
  facet normal 0 0 1
    outer loop
      vertex -46.612215064466 -6.440274350345135 17.6
      vertex -49.04515089882261 -9.09724613122159 17.6
      vertex -48.98063213194195 -9.127761235340087 17.6
    endloop
  endfacet
  facet normal 0 0 1
    outer loop
      vertex -46.612215064466 -6.440274350345135 17.6
      vertex -49.112349993448525 -9.073201910697284 17.6
      vertex -49.04515089882261 -9.09724613122159 17.6
    endloop
  endfacet
  facet normal 0 0 1
    outer loop
      vertex -46.612215064466 -6.440274350345135 17.6
      vertex -49.181582251803675 -9.055860132754724 17.6
      vertex -49.112349993448525 -9.073201910697284 17.6
    endloop
  endfacet
  facet normal 0 0 1
    outer loop
      vertex -46.612215064466 -6.440274350345135 17.6
      vertex -48.761276701733415 -9.307781584565332 17.6
      vertex -48.718760949777185 -9.365107439942816 17.6
    endloop
  endfacet
  facet normal 0 0 1
    outer loop
      vertex -46.612215064466 -6.440274350345135 17.6
      vertex -48.80920664513428 -9.254899041275948 17.6
      vertex -48.761276701733415 -9.307781584565332 17.6
    endloop
  endfacet
  facet normal 0 0 1
    outer loop
      vertex -46.612215064466 -6.440274350345135 17.6
      vertex -48.86208918842366 -9.206969097875081 17.6
      vertex -48.80920664513428 -9.254899041275948 17.6
    endloop
  endfacet
  facet normal 0 0 1
    outer loop
      vertex -46.612215064466 -6.440274350345135 17.6
      vertex -48.919415043801145 -9.164453345918858 17.6
      vertex -48.86208918842366 -9.206969097875081 17.6
    endloop
  endfacet
  facet normal 0 0 1
    outer loop
      vertex -46.612215064466 -6.440274350345135 17.6
      vertex -48.98063213194195 -9.127761235340087 17.6
      vertex -48.919415043801145 -9.164453345918858 17.6
    endloop
  endfacet
  facet normal 0 0 1
    outer loop
      vertex -46.612215064466 -6.440274350345135 17.6
      vertex -48.682068839198415 -9.42632452808362 17.6
      vertex -34.49089577049017 -12.82332594692707 17.6
    endloop
  endfacet
  facet normal 0 0 1
    outer loop
      vertex -46.612215064466 -6.440274350345135 17.6
      vertex -48.718760949777185 -9.365107439942816 17.6
      vertex -48.682068839198415 -9.42632452808362 17.6
    endloop
  endfacet
  facet normal 0 0 -1
    outer loop
      vertex -34.95095194876194 -13.099073015153408 0
      vertex -42.925009131815564 -17.705991254795105 0
      vertex -47.29560115157884 -11.679223284976676 0
    endloop
  endfacet
  facet normal 0 0 -1
    outer loop
      vertex -40.888914312469645 -16.530451361990284 0
      vertex -42.925009131815564 -17.705991254795105 0
      vertex -34.95095194876194 -13.099073015153408 0
    endloop
  endfacet
  facet normal 0 0 -1
    outer loop
      vertex -40.8367065936327 -16.500309221446514 0
      vertex -40.888914312469645 -16.530451361990284 0
      vertex -34.95095194876194 -13.099073015153408 0
    endloop
  endfacet
  facet normal 0.5000000002423853 -0.8660254036444975 2.7047920278408357e-20
    outer loop
      vertex -40.8367065936327 -16.500309221446514 0
      vertex -40.888914312469645 -16.530451361990284 4
      vertex -40.888914312469645 -16.530451361990284 0
    endloop
  endfacet
  facet normal 0.5003413396079022 -0.865828241557972 0
    outer loop
      vertex -40.8367065936327 -16.500309221446514 0
      vertex -34.95095194876194 -13.099073015153408 0
      vertex -40.8367065936327 -16.500309221446514 17.6
    endloop
  endfacet
  facet normal 0.5000000002423853 -0.8660254036444974 0
    outer loop
      vertex -40.8367065936327 -16.500309221446514 0
      vertex -40.8367065936327 -16.500309221446514 17.6
      vertex -40.888914312469645 -16.530451361990284 4
    endloop
  endfacet
  facet normal 0.5003413396079022 -0.865828241557972 0
    outer loop
      vertex -34.95095194876194 -13.099073015153408 0
      vertex -34.95095194876194 -13.099073015153408 17.6
      vertex -40.8367065936327 -16.500309221446514 17.6
    endloop
  endfacet
  facet normal 0 0 1
    outer loop
      vertex -48.654586620628834 -21.013964362442493 17.6
      vertex -40.8367065936327 -16.500309221446514 17.6
      vertex -34.95095194876194 -13.099073015153408 17.6
    endloop
  endfacet
  facet normal 0 0 1
    outer loop
      vertex -34.95095194876194 -13.099073015153408 17.6
      vertex -44.628903556818656 -17.765525101709127 17.6
      vertex -45.80951766099322 -18.447602602475598 17.6
    endloop
  endfacet
  facet normal 0 0 1
    outer loop
      vertex -34.95095194876194 -13.099073015153408 17.6
      vertex -44.567686468677856 -17.728832991130353 17.6
      vertex -44.628903556818656 -17.765525101709127 17.6
    endloop
  endfacet
  facet normal 0 0 1
    outer loop
      vertex -34.95095194876194 -13.099073015153408 17.6
      vertex -44.510360613300364 -17.68631723917413 17.6
      vertex -44.567686468677856 -17.728832991130353 17.6
    endloop
  endfacet
  facet normal 0 0 1
    outer loop
      vertex -34.95095194876194 -13.099073015153408 17.6
      vertex -44.457478070010986 -17.638387295773267 17.6
      vertex -44.510360613300364 -17.68631723917413 17.6
    endloop
  endfacet
  facet normal 0 0 1
    outer loop
      vertex -34.95095194876194 -13.099073015153408 17.6
      vertex -44.40954812661012 -17.58550475248388 17.6
      vertex -44.457478070010986 -17.638387295773267 17.6
    endloop
  endfacet
  facet normal 0 0 1
    outer loop
      vertex -34.95095194876194 -13.099073015153408 17.6
      vertex -44.367032374653895 -17.528178897106397 17.6
      vertex -44.40954812661012 -17.58550475248388 17.6
    endloop
  endfacet
  facet normal 0 0 1
    outer loop
      vertex -34.95095194876194 -13.099073015153408 17.6
      vertex -44.299825159956626 -17.402443042084933 17.6
      vertex -44.330340264075126 -17.466961808965593 17.6
    endloop
  endfacet
  facet normal 0 0 1
    outer loop
      vertex -34.95095194876194 -13.099073015153408 17.6
      vertex -44.330340264075126 -17.466961808965593 17.6
      vertex -44.367032374653895 -17.528178897106397 17.6
    endloop
  endfacet
  facet normal 0 0 1
    outer loop
      vertex -34.95095194876194 -13.099073015153408 17.6
      vertex -44.27578093943232 -17.33524394745902 17.6
      vertex -44.299825159956626 -17.402443042084933 17.6
    endloop
  endfacet
  facet normal 0 0 1
    outer loop
      vertex -34.95095194876194 -13.099073015153408 17.6
      vertex -44.24446481996483 -17.124127818546686 17.6
      vertex -44.24796683693051 -17.19541301151364 17.6
    endloop
  endfacet
  facet normal 0 0 1
    outer loop
      vertex -34.95095194876194 -13.099073015153408 17.6
      vertex -44.24796683693051 -17.19541301151364 17.6
      vertex -44.25843916148976 -17.26601168910387 17.6
    endloop
  endfacet
  facet normal 0 0 1
    outer loop
      vertex -34.95095194876194 -13.099073015153408 17.6
      vertex -44.25843916148976 -17.26601168910387 17.6
      vertex -44.27578093943232 -17.33524394745902 17.6
    endloop
  endfacet
  facet normal 0 0 1
    outer loop
      vertex -34.95095194876194 -13.099073015153408 17.6
      vertex -44.330340264075126 -16.78129382812778 17.6
      vertex -44.299825159956626 -16.84581259500844 17.6
    endloop
  endfacet
  facet normal 0 0 1
    outer loop
      vertex -34.95095194876194 -13.099073015153408 17.6
      vertex -44.27578093943232 -16.91301168963435 17.6
      vertex -44.25843916148976 -16.982243947989502 17.6
    endloop
  endfacet
  facet normal 0 0 1
    outer loop
      vertex -34.95095194876194 -13.099073015153408 17.6
      vertex -44.25843916148976 -16.982243947989502 17.6
      vertex -44.24796683693051 -17.052842625579732 17.6
    endloop
  endfacet
  facet normal 0 0 1
    outer loop
      vertex -34.95095194876194 -13.099073015153408 17.6
      vertex -44.24796683693051 -17.052842625579732 17.6
      vertex -44.24446481996483 -17.124127818546686 17.6
    endloop
  endfacet
  facet normal 0 0 1
    outer loop
      vertex -34.95095194876194 -13.099073015153408 17.6
      vertex -44.299825159956626 -16.84581259500844 17.6
      vertex -44.27578093943232 -16.91301168963435 17.6
    endloop
  endfacet
  facet normal 0 0 -1
    outer loop
      vertex -34.95095194876194 -13.099073015153408 0
      vertex -47.29560115157884 -11.679223284976676 0
      vertex -34.49089577049017 -12.82332594692707 0
    endloop
  endfacet
  facet normal 0 0 -1
    outer loop
      vertex -46.612215064466 -6.440274350345135 0
      vertex -34.033646024763584 -12.484206430613995 0
      vertex -34.49089577049017 -12.82332594692707 0
    endloop
  endfacet
  facet normal 0 0 -1
    outer loop
      vertex -46.612215064466 -6.440274350345135 0
      vertex -34.49089577049017 -12.82332594692707 0
      vertex -46.79615437630456 -6.546471761692229 0
    endloop
  endfacet
  facet normal 0 0 -1
    outer loop
      vertex -46.612215064466 -6.440274350345135 0
      vertex -40.44222962856293 -2.881137080490589 0
      vertex -34.033646024763584 -12.484206430613995 0
    endloop
  endfacet
  facet normal 0 0 -1
    outer loop
      vertex -34.033646024763584 -12.484206430613995 0
      vertex -40.44222962856293 -2.881137080490589 0
      vertex -38.1041005349562 -6.037520716326374 0
    endloop
  endfacet
  facet normal 0 0 -1
    outer loop
      vertex -34.033646024763584 -12.484206430613995 0
      vertex -38.1041005349562 -6.037520716326374 0
      vertex -33.81181499676899 -12.28315050523799 0
    endloop
  endfacet
  facet normal 0 0 -1
    outer loop
      vertex -40.44222962856293 -2.881137080490589 0
      vertex -38.60546589636022 -3.516986837124614 0
      vertex -38.1041005349562 -6.037520716326374 0
    endloop
  endfacet
  facet normal 0 0 -1
    outer loop
      vertex -40.44222962856293 -2.881137080490589 0
      vertex -39.93367224931717 -2.6406073570251465 0
      vertex -38.60546589636022 -3.516986837124614 0
    endloop
  endfacet
  facet normal 0 0 -1
    outer loop
      vertex -39.93367224931717 -2.6406073570251465 0
      vertex -39.39767033606768 -2.4488228037953377 0
      vertex -38.60546589636022 -3.516986837124614 0
    endloop
  endfacet
  facet normal 0 0 -1
    outer loop
      vertex -39.39767033606768 -2.4488228037953377 0
      vertex -38.8454512283206 -2.3104991167783737 0
      vertex -38.60546589636022 -3.516986837124614 0
    endloop
  endfacet
  facet normal 0 0 -1
    outer loop
      vertex -38.8454512283206 -2.3104991167783737 0
      vertex -38.22652315101794 -3.23679044376155 0
      vertex -38.60546589636022 -3.516986837124614 0
    endloop
  endfacet
  facet normal 0 0 -1
    outer loop
      vertex -38.8454512283206 -2.3104991167783737 0
      vertex -34.296856582363475 -4.431968780225585 0
      vertex -38.22652315101794 -3.23679044376155 0
    endloop
  endfacet
  facet normal 0 0 -1
    outer loop
      vertex -38.8454512283206 -2.3104991167783737 0
      vertex -38.2823331207037 -2.226968429982662 0
      vertex -34.296856582363475 -4.431968780225585 0
    endloop
  endfacet
  facet normal 0 0 -1
    outer loop
      vertex -38.2823331207037 -2.226968429982662 0
      vertex -37.71373913437128 -2.199035204946995 0
      vertex -34.296856582363475 -4.431968780225585 0
    endloop
  endfacet
  facet normal 0 0 -1
    outer loop
      vertex -37.71373913437128 -2.199035204946995 0
      vertex -37.145145155489445 -2.226968429982662 0
      vertex -34.296856582363475 -4.431968780225585 0
    endloop
  endfacet
  facet normal 0 0 -1
    outer loop
      vertex -37.145145155489445 -2.226968429982662 0
      vertex -36.58202704042196 -2.3104991167783737 0
      vertex -34.296856582363475 -4.431968780225585 0
    endloop
  endfacet
  facet normal 0 0 -1
    outer loop
      vertex -36.58202704042196 -2.3104991167783737 0
      vertex -36.029807940125465 -2.4488228037953377 0
      vertex -34.296856582363475 -4.431968780225585 0
    endloop
  endfacet
  facet normal 0 0 -1
    outer loop
      vertex -36.029807940125465 -2.4488228037953377 0
      vertex -35.88394596602889 -2.5010130524772687 0
      vertex -34.296856582363475 -4.431968780225585 0
    endloop
  endfacet
  facet normal 0.33688985240765024 0.9415440655353056 6.199081205944326e-19
    outer loop
      vertex -36.029807940125465 -2.4488228037953377 0
      vertex -35.88394596602889 -2.5010130524772687 4
      vertex -35.88394596602889 -2.5010130524772687 0
    endloop
  endfacet
  facet normal 0.5141027534824596 -0.8577286044325172 0
    outer loop
      vertex -34.95095194876194 -13.099073015153408 0
      vertex -34.49089577049017 -12.82332594692707 0
      vertex -34.95095194876194 -13.099073015153408 17.6
    endloop
  endfacet
  facet normal 0.5956992961201348 -0.8032075376899646 0
    outer loop
      vertex -34.49089577049017 -12.82332594692707 0
      vertex -34.033646024763584 -12.484206430613995 0
      vertex -34.49089577049017 -12.82332594692707 17.6
    endloop
  endfacet
  facet normal 0.6715589569604373 -0.7409511234394678 0
    outer loop
      vertex -34.033646024763584 -12.484206430613995 0
      vertex -33.81181499676899 -12.28315050523799 0
      vertex -34.033646024763584 -12.484206430613995 17.6
    endloop
  endfacet
  facet normal 0.6715589569604373 -0.7409511234394677 4.995086001750309e-19
    outer loop
      vertex -34.033646024763584 -12.484206430613995 17.6
      vertex -33.81181499676899 -12.28315050523799 0
      vertex -33.81181499676899 -12.28315050523799 4
    endloop
  endfacet
  facet normal 0.6715589569604286 -0.7409511234394759 0
    outer loop
      vertex -33.61183758825064 -12.101901546120644 17.6
      vertex -33.81181499676899 -12.28315050523799 4
      vertex -33.61183758825064 -12.101901546120644 4
    endloop
  endfacet
  facet normal 0.7409511234394717 -0.6715589569604332 0
    outer loop
      vertex -33.229532703757286 -11.680093109607697 17.6
      vertex -33.61183758825064 -12.101901546120644 4
      vertex -33.229532703757286 -11.680093109607697 4
    endloop
  endfacet
  facet normal 0.8032075376899647 -0.595699296120135 0
    outer loop
      vertex -32.89041318744421 -11.222843363881111 17.6
      vertex -33.229532703757286 -11.680093109607697 4
      vertex -32.89041318744421 -11.222843363881111 4
    endloop
  endfacet
  facet normal 0.8577286065622218 -0.514102749929262 0
    outer loop
      vertex -32.597744926810265 -10.734555877745152 17.6
      vertex -32.89041318744421 -11.222843363881111 4
      vertex -32.597744926810265 -10.734555877745152 4
    endloop
  endfacet
  facet normal 0.9039892960171337 -0.42755508731208774 0
    outer loop
      vertex -32.35434649139643 -10.219933114945889 17.6
      vertex -32.597744926810265 -10.734555877745152 4
      vertex -32.35434649139643 -10.219933114945889 4
    endloop
  endfacet
  facet normal 0.9415440655353045 -0.336889852407653 0
    outer loop
      vertex -32.16256193816662 -9.683931194245815 17.6
      vertex -32.35434649139643 -10.219933114945889 4
      vertex -32.16256193816662 -9.683931194245815 4
    endloop
  endfacet
  facet normal 0.9700312518596659 -0.2429801852323963 0
    outer loop
      vertex -32.024238251149654 -9.131712093949318 17.6
      vertex -32.16256193816662 -9.683931194245815 4
      vertex -32.024238251149654 -9.131712093949318 4
    endloop
  endfacet
  facet normal 0.9700312518596659 0.2429801852323963 0
    outer loop
      vertex -32.16256193816662 -6.316068805754185 17.6
      vertex -32.024238251149654 -6.868287906050682 4
      vertex -32.16256193816662 -6.316068805754185 4
    endloop
  endfacet
  facet normal 0.9415440655353045 0.336889852407653 0
    outer loop
      vertex -32.35434649139643 -5.7800668850541115 17.6
      vertex -32.16256193816662 -6.316068805754185 4
      vertex -32.35434649139643 -5.7800668850541115 4
    endloop
  endfacet
  facet normal 0.9039892960171337 0.42755508731208774 0
    outer loop
      vertex -32.597744926810265 -5.2654441222548485 17.6
      vertex -32.35434649139643 -5.7800668850541115 4
      vertex -32.597744926810265 -5.2654441222548485 4
    endloop
  endfacet
  facet normal -0.4996729766207068 0.866214128512692 8.856021988523532e-19
    outer loop
      vertex -46.612215064466 -6.440274350345135 0
      vertex -40.44222962856293 -2.881137080490589 17.6
      vertex -40.44222962856293 -2.881137080490589 0
    endloop
  endfacet
  facet normal -0.4275550884370642 0.9039892954850595 0
    outer loop
      vertex -40.44222962856293 -2.881137080490589 0
      vertex -39.93367224931717 -2.6406073570251465 17.6
      vertex -39.93367224931717 -2.6406073570251465 0
    endloop
  endfacet
  facet normal -0.33688985655903797 0.9415440640499153 0
    outer loop
      vertex -39.93367224931717 -2.6406073570251465 0
      vertex -39.39767033606768 -2.4488228037953377 17.6
      vertex -39.39767033606768 -2.4488228037953377 0
    endloop
  endfacet
  facet normal -0.24298018214763903 0.9700312526323573 0
    outer loop
      vertex -39.39767033606768 -2.4488228037953377 0
      vertex -38.8454512283206 -2.3104991167783737 17.6
      vertex -38.8454512283206 -2.3104991167783737 0
    endloop
  endfacet
  facet normal -0.14673048511464382 0.9891765083836257 0
    outer loop
      vertex -38.8454512283206 -2.3104991167783737 0
      vertex -38.2823331207037 -2.226968429982662 17.6
      vertex -38.2823331207037 -2.226968429982662 0
    endloop
  endfacet
  facet normal -0.04906766326868231 0.9987954567484532 0
    outer loop
      vertex -38.2823331207037 -2.226968429982662 0
      vertex -37.71373913437128 -2.199035204946995 17.6
      vertex -37.71373913437128 -2.199035204946995 0
    endloop
  endfacet
  facet normal 0.04906766391009324 0.9987954567169427 0
    outer loop
      vertex -37.71373913437128 -2.199035204946995 0
      vertex -37.145145155489445 -2.226968429982662 17.6
      vertex -37.145145155489445 -2.226968429982662 0
    endloop
  endfacet
  facet normal 0.14673048321505958 0.9891765086654025 0
    outer loop
      vertex -37.145145155489445 -2.226968429982662 0
      vertex -36.58202704042196 -2.3104991167783737 17.6
      vertex -36.58202704042196 -2.3104991167783737 0
    endloop
  endfacet
  facet normal 0.24298018523239626 0.9700312518596658 0
    outer loop
      vertex -36.58202704042196 -2.3104991167783737 0
      vertex -36.029807940125465 -2.4488228037953377 17.6
      vertex -36.029807940125465 -2.4488228037953377 0
    endloop
  endfacet
  facet normal 0.33688985240763597 0.9415440655353106 5.842776021582462e-16
    outer loop
      vertex -36.029807940125465 -2.4488228037953377 0
      vertex -35.49380601942539 -2.6406073570251465 17.6
      vertex -35.88394596602889 -2.5010130524772687 4
    endloop
  endfacet
  facet normal 0.336889852407654 0.9415440655353041 0
    outer loop
      vertex -35.49380601942539 -2.6406073570251465 17.6
      vertex -35.49380601942539 -2.6406073570251465 4
      vertex -35.88394596602889 -2.5010130524772687 4
    endloop
  endfacet
  facet normal 0.42755508731208774 0.9039892960171337 0
    outer loop
      vertex -35.49380601942539 -2.6406073570251465 17.6
      vertex -34.97918325662613 -2.884005792438984 4
      vertex -35.49380601942539 -2.6406073570251465 4
    endloop
  endfacet
  facet normal 0.514102749929262 0.8577286065622218 0
    outer loop
      vertex -34.97918325662613 -2.884005792438984 17.6
      vertex -34.49089577049017 -3.1766740530729294 4
      vertex -34.97918325662613 -2.884005792438984 4
    endloop
  endfacet
  facet normal 0.595699296120135 0.8032075376899647 0
    outer loop
      vertex -34.49089577049017 -3.1766740530729294 17.6
      vertex -34.033646024763584 -3.5157935693860054 4
      vertex -34.49089577049017 -3.1766740530729294 4
    endloop
  endfacet
  facet normal 0.7409511234394717 0.6715589569604332 0
    outer loop
      vertex -33.61183758825064 -3.8980984538793564 17.6
      vertex -33.229532703757286 -4.3199068903923035 4
      vertex -33.61183758825064 -3.8980984538793564 4
    endloop
  endfacet
  facet normal 0.6715589569604332 0.7409511234394717 0
    outer loop
      vertex -34.033646024763584 -3.5157935693860054 17.6
      vertex -33.61183758825064 -3.8980984538793564 4
      vertex -34.033646024763584 -3.5157935693860054 4
    endloop
  endfacet
  facet normal 0.8577286065622218 0.514102749929262 0
    outer loop
      vertex -32.89041318744421 -4.777156636118889 17.6
      vertex -32.597744926810265 -5.2654441222548485 4
      vertex -32.89041318744421 -4.777156636118889 4
    endloop
  endfacet
  facet normal 0.8032075376899647 0.595699296120135 0
    outer loop
      vertex -33.229532703757286 -4.3199068903923035 17.6
      vertex -32.89041318744421 -4.777156636118889 4
      vertex -33.229532703757286 -4.3199068903923035 4
    endloop
  endfacet
  facet normal 0.9891765086654026 -0.14673048321505958 0
    outer loop
      vertex -31.940707564353943 -8.568593978881836 17.6
      vertex -32.024238251149654 -9.131712093949318 4
      vertex -31.940707564353943 -8.568593978881836 4
    endloop
  endfacet
  facet normal 0.9987954567169427 -0.04906766391009324 0
    outer loop
      vertex -31.912774339318275 -8 17.6
      vertex -31.940707564353943 -8.568593978881836 4
      vertex -31.912774339318275 -8 4
    endloop
  endfacet
  facet normal 0.9987954567169427 0.04906766391009324 0
    outer loop
      vertex -31.940707564353943 -7.431406021118164 17.6
      vertex -31.912774339318275 -8 4
      vertex -31.940707564353943 -7.431406021118164 4
    endloop
  endfacet
  facet normal 0.9891765086654026 0.14673048321505958 0
    outer loop
      vertex -32.024238251149654 -6.868287906050682 17.6
      vertex -31.940707564353943 -7.431406021118164 4
      vertex -32.024238251149654 -6.868287906050682 4
    endloop
  endfacet
  facet normal 0.5141027534824596 -0.8577286044325172 0
    outer loop
      vertex -34.49089577049017 -12.82332594692707 0
      vertex -34.49089577049017 -12.82332594692707 17.6
      vertex -34.95095194876194 -13.099073015153408 17.6
    endloop
  endfacet
  facet normal 0.5956992961201348 -0.8032075376899646 0
    outer loop
      vertex -34.033646024763584 -12.484206430613995 0
      vertex -34.033646024763584 -12.484206430613995 17.6
      vertex -34.49089577049017 -12.82332594692707 17.6
    endloop
  endfacet
  facet normal 0.6715589569604332 -0.7409511234394717 -1.2508072496808155e-16
    outer loop
      vertex -34.033646024763584 -12.484206430613995 17.6
      vertex -33.81181499676899 -12.28315050523799 4
      vertex -33.61183758825064 -12.101901546120644 17.6
    endloop
  endfacet
  facet normal 0.7409511234394717 -0.6715589569604332 0
    outer loop
      vertex -33.61183758825064 -12.101901546120644 17.6
      vertex -33.61183758825064 -12.101901546120644 4
      vertex -33.229532703757286 -11.680093109607697 17.6
    endloop
  endfacet
  facet normal 0.8032075376899647 -0.595699296120135 0
    outer loop
      vertex -33.229532703757286 -11.680093109607697 17.6
      vertex -33.229532703757286 -11.680093109607697 4
      vertex -32.89041318744421 -11.222843363881111 17.6
    endloop
  endfacet
  facet normal 0.8577286065622218 -0.514102749929262 0
    outer loop
      vertex -32.89041318744421 -11.222843363881111 17.6
      vertex -32.89041318744421 -11.222843363881111 4
      vertex -32.597744926810265 -10.734555877745152 17.6
    endloop
  endfacet
  facet normal 0.9039892960171337 -0.42755508731208774 0
    outer loop
      vertex -32.597744926810265 -10.734555877745152 17.6
      vertex -32.597744926810265 -10.734555877745152 4
      vertex -32.35434649139643 -10.219933114945889 17.6
    endloop
  endfacet
  facet normal 0.9415440655353045 -0.336889852407653 0
    outer loop
      vertex -32.35434649139643 -10.219933114945889 17.6
      vertex -32.35434649139643 -10.219933114945889 4
      vertex -32.16256193816662 -9.683931194245815 17.6
    endloop
  endfacet
  facet normal 0.9700312518596659 -0.2429801852323963 0
    outer loop
      vertex -32.16256193816662 -9.683931194245815 17.6
      vertex -32.16256193816662 -9.683931194245815 4
      vertex -32.024238251149654 -9.131712093949318 17.6
    endloop
  endfacet
  facet normal 0.9700312518596659 0.2429801852323963 0
    outer loop
      vertex -32.024238251149654 -6.868287906050682 17.6
      vertex -32.024238251149654 -6.868287906050682 4
      vertex -32.16256193816662 -6.316068805754185 17.6
    endloop
  endfacet
  facet normal 0.9415440655353045 0.336889852407653 0
    outer loop
      vertex -32.16256193816662 -6.316068805754185 17.6
      vertex -32.16256193816662 -6.316068805754185 4
      vertex -32.35434649139643 -5.7800668850541115 17.6
    endloop
  endfacet
  facet normal 0.9039892960171337 0.42755508731208774 0
    outer loop
      vertex -32.35434649139643 -5.7800668850541115 17.6
      vertex -32.35434649139643 -5.7800668850541115 4
      vertex -32.597744926810265 -5.2654441222548485 17.6
    endloop
  endfacet
  facet normal -0.4275550884370642 0.9039892954850595 0
    outer loop
      vertex -40.44222962856293 -2.881137080490589 0
      vertex -40.44222962856293 -2.881137080490589 17.6
      vertex -39.93367224931717 -2.6406073570251465 17.6
    endloop
  endfacet
  facet normal -0.33688985655903797 0.9415440640499153 0
    outer loop
      vertex -39.93367224931717 -2.6406073570251465 0
      vertex -39.93367224931717 -2.6406073570251465 17.6
      vertex -39.39767033606768 -2.4488228037953377 17.6
    endloop
  endfacet
  facet normal -0.24298018214763903 0.9700312526323573 0
    outer loop
      vertex -39.39767033606768 -2.4488228037953377 0
      vertex -39.39767033606768 -2.4488228037953377 17.6
      vertex -38.8454512283206 -2.3104991167783737 17.6
    endloop
  endfacet
  facet normal -0.14673048511464382 0.9891765083836257 0
    outer loop
      vertex -38.8454512283206 -2.3104991167783737 0
      vertex -38.8454512283206 -2.3104991167783737 17.6
      vertex -38.2823331207037 -2.226968429982662 17.6
    endloop
  endfacet
  facet normal -0.04906766326868231 0.9987954567484532 0
    outer loop
      vertex -38.2823331207037 -2.226968429982662 0
      vertex -38.2823331207037 -2.226968429982662 17.6
      vertex -37.71373913437128 -2.199035204946995 17.6
    endloop
  endfacet
  facet normal 0.04906766391009324 0.9987954567169427 0
    outer loop
      vertex -37.71373913437128 -2.199035204946995 0
      vertex -37.71373913437128 -2.199035204946995 17.6
      vertex -37.145145155489445 -2.226968429982662 17.6
    endloop
  endfacet
  facet normal 0.14673048321505958 0.9891765086654025 0
    outer loop
      vertex -37.145145155489445 -2.226968429982662 0
      vertex -37.145145155489445 -2.226968429982662 17.6
      vertex -36.58202704042196 -2.3104991167783737 17.6
    endloop
  endfacet
  facet normal 0.24298018523239626 0.9700312518596658 0
    outer loop
      vertex -36.58202704042196 -2.3104991167783737 0
      vertex -36.58202704042196 -2.3104991167783737 17.6
      vertex -36.029807940125465 -2.4488228037953377 17.6
    endloop
  endfacet
  facet normal 0.336889852407653 0.9415440655353045 0
    outer loop
      vertex -36.029807940125465 -2.4488228037953377 0
      vertex -36.029807940125465 -2.4488228037953377 17.6
      vertex -35.49380601942539 -2.6406073570251465 17.6
    endloop
  endfacet
  facet normal 0.42755508731208774 0.9039892960171337 0
    outer loop
      vertex -34.97918325662613 -2.884005792438984 17.6
      vertex -34.97918325662613 -2.884005792438984 4
      vertex -35.49380601942539 -2.6406073570251465 17.6
    endloop
  endfacet
  facet normal 0.595699296120135 0.8032075376899647 0
    outer loop
      vertex -34.033646024763584 -3.5157935693860054 17.6
      vertex -34.033646024763584 -3.5157935693860054 4
      vertex -34.49089577049017 -3.1766740530729294 17.6
    endloop
  endfacet
  facet normal 0.6715589569604332 0.7409511234394717 0
    outer loop
      vertex -33.61183758825064 -3.8980984538793564 17.6
      vertex -33.61183758825064 -3.8980984538793564 4
      vertex -34.033646024763584 -3.5157935693860054 17.6
    endloop
  endfacet
  facet normal 0.7409511234394717 0.6715589569604332 0
    outer loop
      vertex -33.61183758825064 -3.8980984538793564 17.6
      vertex -33.229532703757286 -4.3199068903923035 17.6
      vertex -33.229532703757286 -4.3199068903923035 4
    endloop
  endfacet
  facet normal 0.8577286065622218 0.514102749929262 0
    outer loop
      vertex -32.597744926810265 -5.2654441222548485 17.6
      vertex -32.597744926810265 -5.2654441222548485 4
      vertex -32.89041318744421 -4.777156636118889 17.6
    endloop
  endfacet
  facet normal 0.8032075376899647 0.595699296120135 0
    outer loop
      vertex -32.89041318744421 -4.777156636118889 17.6
      vertex -32.89041318744421 -4.777156636118889 4
      vertex -33.229532703757286 -4.3199068903923035 17.6
    endloop
  endfacet
  facet normal 0.514102749929262 0.8577286065622218 0
    outer loop
      vertex -34.97918325662613 -2.884005792438984 17.6
      vertex -34.49089577049017 -3.1766740530729294 17.6
      vertex -34.49089577049017 -3.1766740530729294 4
    endloop
  endfacet
  facet normal 0.9891765086654026 -0.14673048321505958 0
    outer loop
      vertex -32.024238251149654 -9.131712093949318 17.6
      vertex -32.024238251149654 -9.131712093949318 4
      vertex -31.940707564353943 -8.568593978881836 17.6
    endloop
  endfacet
  facet normal 0.9987954567169427 -0.04906766391009324 0
    outer loop
      vertex -31.940707564353943 -8.568593978881836 17.6
      vertex -31.940707564353943 -8.568593978881836 4
      vertex -31.912774339318275 -8 17.6
    endloop
  endfacet
  facet normal 0.9987954567169427 0.04906766391009324 0
    outer loop
      vertex -31.912774339318275 -8 17.6
      vertex -31.912774339318275 -8 4
      vertex -31.940707564353943 -7.431406021118164 17.6
    endloop
  endfacet
  facet normal 0.9891765086654026 0.14673048321505958 0
    outer loop
      vertex -31.940707564353943 -7.431406021118164 17.6
      vertex -31.940707564353943 -7.431406021118164 4
      vertex -32.024238251149654 -6.868287906050682 17.6
    endloop
  endfacet
  facet normal 0 0 1
    outer loop
      vertex -34.95095194876194 -13.099073015153408 17.6
      vertex -48.682068839198415 -9.42632452808362 17.6
      vertex -44.330340264075126 -16.78129382812778 17.6
    endloop
  endfacet
  facet normal 0 0 1
    outer loop
      vertex -34.95095194876194 -13.099073015153408 17.6
      vertex -34.49089577049017 -12.82332594692707 17.6
      vertex -48.682068839198415 -9.42632452808362 17.6
    endloop
  endfacet
  facet normal 0 0 1
    outer loop
      vertex -46.612215064466 -6.440274350345135 17.6
      vertex -34.49089577049017 -12.82332594692707 17.6
      vertex -34.033646024763584 -12.484206430613995 17.6
    endloop
  endfacet
  facet normal 0 0 1
    outer loop
      vertex -46.612215064466 -6.440274350345135 17.6
      vertex -34.033646024763584 -12.484206430613995 17.6
      vertex -40.44222962856293 -2.881137080490589 17.6
    endloop
  endfacet
  facet normal 0 0 1
    outer loop
      vertex -33.61183758825064 -12.101901546120644 17.6
      vertex -39.93367224931717 -2.6406073570251465 17.6
      vertex -40.44222962856293 -2.881137080490589 17.6
    endloop
  endfacet
  facet normal 0 0 1
    outer loop
      vertex -33.229532703757286 -11.680093109607697 17.6
      vertex -39.39767033606768 -2.4488228037953377 17.6
      vertex -39.93367224931717 -2.6406073570251465 17.6
    endloop
  endfacet
  facet normal 0 0 1
    outer loop
      vertex -34.033646024763584 -12.484206430613995 17.6
      vertex -33.61183758825064 -12.101901546120644 17.6
      vertex -40.44222962856293 -2.881137080490589 17.6
    endloop
  endfacet
  facet normal 0 0 1
    outer loop
      vertex -33.61183758825064 -12.101901546120644 17.6
      vertex -33.229532703757286 -11.680093109607697 17.6
      vertex -39.93367224931717 -2.6406073570251465 17.6
    endloop
  endfacet
  facet normal 0 0 1
    outer loop
      vertex -33.229532703757286 -11.680093109607697 17.6
      vertex -32.89041318744421 -11.222843363881111 17.6
      vertex -39.39767033606768 -2.4488228037953377 17.6
    endloop
  endfacet
  facet normal 0 0 1
    outer loop
      vertex -32.89041318744421 -11.222843363881111 17.6
      vertex -32.597744926810265 -10.734555877745152 17.6
      vertex -38.8454512283206 -2.3104991167783737 17.6
    endloop
  endfacet
  facet normal 0 0 1
    outer loop
      vertex -32.89041318744421 -11.222843363881111 17.6
      vertex -38.8454512283206 -2.3104991167783737 17.6
      vertex -39.39767033606768 -2.4488228037953377 17.6
    endloop
  endfacet
  facet normal 0 0 1
    outer loop
      vertex -32.597744926810265 -10.734555877745152 17.6
      vertex -32.35434649139643 -10.219933114945889 17.6
      vertex -38.2823331207037 -2.226968429982662 17.6
    endloop
  endfacet
  facet normal 0 0 1
    outer loop
      vertex -32.35434649139643 -10.219933114945889 17.6
      vertex -32.16256193816662 -9.683931194245815 17.6
      vertex -37.71373913437128 -2.199035204946995 17.6
    endloop
  endfacet
  facet normal 0 0 1
    outer loop
      vertex -32.16256193816662 -9.683931194245815 17.6
      vertex -32.024238251149654 -9.131712093949318 17.6
      vertex -37.145145155489445 -2.226968429982662 17.6
    endloop
  endfacet
  facet normal 0 0 1
    outer loop
      vertex -32.024238251149654 -9.131712093949318 17.6
      vertex -31.940707564353943 -8.568593978881836 17.6
      vertex -36.58202704042196 -2.3104991167783737 17.6
    endloop
  endfacet
  facet normal 0 0 1
    outer loop
      vertex -31.940707564353943 -8.568593978881836 17.6
      vertex -31.912774339318275 -8 17.6
      vertex -36.029807940125465 -2.4488228037953377 17.6
    endloop
  endfacet
  facet normal 0 0 1
    outer loop
      vertex -31.912774339318275 -8 17.6
      vertex -31.940707564353943 -7.431406021118164 17.6
      vertex -35.49380601942539 -2.6406073570251465 17.6
    endloop
  endfacet
  facet normal 0 0 1
    outer loop
      vertex -31.940707564353943 -7.431406021118164 17.6
      vertex -32.024238251149654 -6.868287906050682 17.6
      vertex -34.97918325662613 -2.884005792438984 17.6
    endloop
  endfacet
  facet normal 0 0 1
    outer loop
      vertex -32.024238251149654 -6.868287906050682 17.6
      vertex -32.16256193816662 -6.316068805754185 17.6
      vertex -34.49089577049017 -3.1766740530729294 17.6
    endloop
  endfacet
  facet normal 0 0 1
    outer loop
      vertex -32.597744926810265 -10.734555877745152 17.6
      vertex -38.2823331207037 -2.226968429982662 17.6
      vertex -38.8454512283206 -2.3104991167783737 17.6
    endloop
  endfacet
  facet normal 0 0 1
    outer loop
      vertex -32.35434649139643 -10.219933114945889 17.6
      vertex -37.71373913437128 -2.199035204946995 17.6
      vertex -38.2823331207037 -2.226968429982662 17.6
    endloop
  endfacet
  facet normal 0 0 1
    outer loop
      vertex -32.16256193816662 -9.683931194245815 17.6
      vertex -37.145145155489445 -2.226968429982662 17.6
      vertex -37.71373913437128 -2.199035204946995 17.6
    endloop
  endfacet
  facet normal 0 0 1
    outer loop
      vertex -32.024238251149654 -9.131712093949318 17.6
      vertex -36.58202704042196 -2.3104991167783737 17.6
      vertex -37.145145155489445 -2.226968429982662 17.6
    endloop
  endfacet
  facet normal 0 0 1
    outer loop
      vertex -31.940707564353943 -8.568593978881836 17.6
      vertex -36.029807940125465 -2.4488228037953377 17.6
      vertex -36.58202704042196 -2.3104991167783737 17.6
    endloop
  endfacet
  facet normal 0 0 1
    outer loop
      vertex -31.912774339318275 -8 17.6
      vertex -35.49380601942539 -2.6406073570251465 17.6
      vertex -36.029807940125465 -2.4488228037953377 17.6
    endloop
  endfacet
  facet normal 0 0 1
    outer loop
      vertex -31.940707564353943 -7.431406021118164 17.6
      vertex -34.97918325662613 -2.884005792438984 17.6
      vertex -35.49380601942539 -2.6406073570251465 17.6
    endloop
  endfacet
  facet normal 0 0 1
    outer loop
      vertex -32.024238251149654 -6.868287906050682 17.6
      vertex -34.49089577049017 -3.1766740530729294 17.6
      vertex -34.97918325662613 -2.884005792438984 17.6
    endloop
  endfacet
  facet normal 0 0 1
    outer loop
      vertex -32.16256193816662 -6.316068805754185 17.6
      vertex -34.033646024763584 -3.5157935693860054 17.6
      vertex -34.49089577049017 -3.1766740530729294 17.6
    endloop
  endfacet
  facet normal 0 0 1
    outer loop
      vertex -32.16256193816662 -6.316068805754185 17.6
      vertex -32.35434649139643 -5.7800668850541115 17.6
      vertex -34.033646024763584 -3.5157935693860054 17.6
    endloop
  endfacet
  facet normal 0 0 1
    outer loop
      vertex -32.35434649139643 -5.7800668850541115 17.6
      vertex -32.597744926810265 -5.2654441222548485 17.6
      vertex -33.61183758825064 -3.8980984538793564 17.6
    endloop
  endfacet
  facet normal 0 0 1
    outer loop
      vertex -32.597744926810265 -5.2654441222548485 17.6
      vertex -32.89041318744421 -4.777156636118889 17.6
      vertex -33.229532703757286 -4.3199068903923035 17.6
    endloop
  endfacet
  facet normal 0 0 1
    outer loop
      vertex -32.35434649139643 -5.7800668850541115 17.6
      vertex -33.61183758825064 -3.8980984538793564 17.6
      vertex -34.033646024763584 -3.5157935693860054 17.6
    endloop
  endfacet
  facet normal 0 0 1
    outer loop
      vertex -32.597744926810265 -5.2654441222548485 17.6
      vertex -33.229532703757286 -4.3199068903923035 17.6
      vertex -33.61183758825064 -3.8980984538793564 17.6
    endloop
  endfacet
  facet normal 0 0 -1
    outer loop
      vertex -64.66180277615786 30.87048790603876 0
      vertex -65.15009026229382 31.163156166672707 0
      vertex -64.23961460513496 31.56143637201848 0
    endloop
  endfacet
  facet normal 0 0 -1
    outer loop
      vertex -64.66180277615786 30.87048790603876 0
      vertex -64.23961460513496 31.56143637201848 0
      vertex -64.1471800133586 30.627089470624924 0
    endloop
  endfacet
  facet normal 0 0 -1
    outer loop
      vertex -65.15009026229382 31.163156166672707 0
      vertex -65.59503756463528 31.49315157532692 0
      vertex -64.23961460513496 31.56143637201848 0
    endloop
  endfacet
  facet normal 0 0 -1
    outer loop
      vertex -65.59503756463528 31.49315157532692 0
      vertex -64.25767041426303 31.626566370575812 0
      vertex -64.23961460513496 31.56143637201848 0
    endloop
  endfacet
  facet normal 0 0 -1
    outer loop
      vertex -65.59503756463528 31.49315157532692 0
      vertex -70.0345855280757 35.217984691262245 0
      vertex -59.75207538711268 40.05594178536842 0
    endloop
  endfacet
  facet normal -0.5956993031070315 -0.8032075325081289 0
    outer loop
      vertex -65.15009026229382 31.163156166672707 0
      vertex -65.59503756463528 31.49315157532692 17.6
      vertex -65.59503756463528 31.49315157532692 0
    endloop
  endfacet
  facet normal -0.514102749929262 -0.8577286065622218 0
    outer loop
      vertex -64.66180277615786 30.87048790603876 0
      vertex -65.15009026229382 31.163156166672707 17.6
      vertex -65.15009026229382 31.163156166672707 0
    endloop
  endfacet
  facet normal -0.4275550873120877 -0.9039892960171338 0
    outer loop
      vertex -64.66180277615786 30.87048790603876 0
      vertex -64.1471800133586 30.627089470624924 0
      vertex -64.66180277615786 30.87048790603876 17.6
    endloop
  endfacet
  facet normal -0.6427481228622456 -0.766077574764501 -1.6327617516350232e-17
    outer loop
      vertex -65.59503756463528 31.49315157532692 0
      vertex -70.0345855280757 35.217984691262245 17.6
      vertex -70.0345855280757 35.217984691262245 0
    endloop
  endfacet
  facet normal 0 0 -1
    outer loop
      vertex -72.95879765008077 37.67169000464775 0
      vertex -80.11063538840405 43.67279441391411 0
      vertex -73.47691299781104 41.066310486596265 0
    endloop
  endfacet
  facet normal -0.6689152655319183 0.7433386627495998 9.014312183226493e-20
    outer loop
      vertex -80.50811890512705 47.282483607530594 0
      vertex -80.82425142459122 46.998002416388935 0
      vertex -80.82425142459122 46.998002416388935 4
    endloop
  endfacet
  facet normal 0 0 -1
    outer loop
      vertex -80.50811890512705 47.282483607530594 0
      vertex -73.29909003804907 41.20245866609896 0
      vertex -80.82425142459122 46.998002416388935 0
    endloop
  endfacet
  facet normal -0.6427876097367956 -0.766044443076808 6.690864921411824e-18
    outer loop
      vertex -70.0345855280757 35.217984691262245 0
      vertex -72.95879765008077 37.67169000464775 4
      vertex -72.95879765008077 37.67169000464775 0
    endloop
  endfacet
  facet normal 0 0 -1
    outer loop
      vertex -80.50811890512705 47.282483607530594 0
      vertex -80.44488307833672 47.33437989652157 0
      vertex -59.75207538711268 40.05594178536842 0
    endloop
  endfacet
  facet normal 0 0 -1
    outer loop
      vertex -80.50811890512705 47.282483607530594 0
      vertex -59.75207538711268 40.05594178536842 0
      vertex -73.29909003804907 41.20245866609896 0
    endloop
  endfacet
  facet normal 0 0 -1
    outer loop
      vertex -70.0345855280757 35.217984691262245 0
      vertex -72.95879765008077 37.67169000464775 0
      vertex -59.75207538711268 40.05594178536842 0
    endloop
  endfacet
  facet normal 0 0 -1
    outer loop
      vertex -72.95879765008077 37.67169000464775 0
      vertex -73.47691299781104 41.066310486596265 0
      vertex -59.75207538711268 40.05594178536842 0
    endloop
  endfacet
  facet normal 0 0 -1
    outer loop
      vertex -73.29909003804907 41.20245866609896 0
      vertex -59.75207538711268 40.05594178536842 0
      vertex -73.47691299781104 41.066310486596265 0
    endloop
  endfacet
  facet normal 0 0 -1
    outer loop
      vertex -79.59917144477367 47.900491029024124 0
      vertex -66.37700836482514 46.502273827425846 0
      vertex -59.75207538711268 40.05594178536842 0
    endloop
  endfacet
  facet normal 0 0 -1
    outer loop
      vertex -80.44488307833672 47.33437989652157 0
      vertex -80.06217137724161 47.6182182431221 0
      vertex -59.75207538711268 40.05594178536842 0
    endloop
  endfacet
  facet normal 0 0 -1
    outer loop
      vertex -80.06217137724161 47.6182182431221 0
      vertex -79.99296790361404 47.66445852071047 0
      vertex -59.75207538711268 40.05594178536842 0
    endloop
  endfacet
  facet normal 0 0 -1
    outer loop
      vertex -79.99296790361404 47.66445852071047 0
      vertex -79.59917144477367 47.900491029024124 0
      vertex -59.75207538711268 40.05594178536842 0
    endloop
  endfacet
  facet normal 0 0 -1
    outer loop
      vertex -72.27035717666149 52.23674441128969 0
      vertex -66.37700836482514 46.502273827425846 0
      vertex -79.59917144477367 47.900491029024124 0
    endloop
  endfacet
  facet normal 0 0 -1
    outer loop
      vertex -72.27035717666149 52.23674441128969 0
      vertex -72.14619812762797 52.132562599019906 0
      vertex -66.37700836482514 46.502273827425846 0
    endloop
  endfacet
  facet normal 0.6427876097532872 0.7660444430629699 1.0759490998880486e-18
    outer loop
      vertex -72.27035717666149 52.23674441128969 0
      vertex -72.14619812762797 52.132562599019906 4
      vertex -72.14619812762797 52.132562599019906 0
    endloop
  endfacet
  facet normal 0 0 -1
    outer loop
      vertex -72.14619812762797 52.132562599019906 0
      vertex -65.88511280579021 46.87888821376672 0
      vertex -66.37700836482514 46.502273827425846 0
    endloop
  endfacet
  facet normal 0.6427876097532864 0.7660444430629706 -1.027676291600704e-17
    outer loop
      vertex -63.41187696158886 44.803596928715706 0
      vertex -64.83731072920956 45.99967787760553 0
      vertex -64.83731072920956 45.99967787760553 4
    endloop
  endfacet
  facet normal -0.642787609736807 -0.7660444430767985 -1.3643253146516818e-14
    outer loop
      vertex -70.0345855280757 35.217984691262245 0
      vertex -82.39207527786493 45.587149783968925 17.6
      vertex -72.95879765008077 37.67169000464775 4
    endloop
  endfacet
  facet normal -0.642787609736795 -0.7660444430768084 0
    outer loop
      vertex -82.39207527786493 45.587149783968925 17.6
      vertex -82.39207527786493 45.587149783968925 4
      vertex -72.95879765008077 37.67169000464775 4
    endloop
  endfacet
  facet normal -0.6343931901076912 0.7730105305524542 0
    outer loop
      vertex -80.50811890512705 47.282483607530594 0
      vertex -80.44488307833672 47.33437989652157 17.6
      vertex -80.44488307833672 47.33437989652157 0
    endloop
  endfacet
  facet normal -0.5956993104751858 0.8032075270435333 0
    outer loop
      vertex -80.44488307833672 47.33437989652157 0
      vertex -80.06217137724161 47.6182182431221 17.6
      vertex -80.06217137724161 47.6182182431221 0
    endloop
  endfacet
  facet normal -0.5555701901638449 0.8314696409378453 0
    outer loop
      vertex -80.06217137724161 47.6182182431221 0
      vertex -79.99296790361404 47.66445852071047 17.6
      vertex -79.99296790361404 47.66445852071047 0
    endloop
  endfacet
  facet normal -0.5141027350900257 0.8577286154565177 0
    outer loop
      vertex -79.99296790361404 47.66445852071047 0
      vertex -79.59917144477367 47.900491029024124 17.6
      vertex -79.59917144477367 47.900491029024124 0
    endloop
  endfacet
  facet normal -0.5092158203784093 0.860638860542762 -1.1852358548629295e-17
    outer loop
      vertex -79.59917144477367 47.900491029024124 0
      vertex -72.27035717666149 52.23674441128969 17.6
      vertex -72.27035717666149 52.23674441128969 0
    endloop
  endfacet
  facet normal -0.6689152655319183 0.7433386627495999 0
    outer loop
      vertex -80.50811890512705 47.282483607530594 0
      vertex -80.82425142459122 46.998002416388935 4
      vertex -80.50811890512705 47.282483607530594 17.6
    endloop
  endfacet
  facet normal -0.668915265531913 0.7433386627496046 0
    outer loop
      vertex -82.39207527786493 45.587149783968925 17.6
      vertex -80.82425142459122 46.998002416388935 4
      vertex -82.39207527786493 45.587149783968925 4
    endloop
  endfacet
  facet normal 0.6427876097532872 0.7660444430629699 0
    outer loop
      vertex -72.27035717666149 52.23674441128969 0
      vertex -72.27035717666149 52.23674441128969 17.6
      vertex -72.14619812762797 52.132562599019906 4
    endloop
  endfacet
  facet normal 0.642787609753286 0.7660444430629708 -1.8076813120162693e-17
    outer loop
      vertex -72.27035717666149 52.23674441128969 17.6
      vertex -64.83731072920956 45.99967787760553 4
      vertex -72.14619812762797 52.132562599019906 4
    endloop
  endfacet
  facet normal 0 0 -1
    outer loop
      vertex -62.49584087729454 30.21345054358244 0
      vertex -61.98146862572592 30.238720033663505 0
      vertex -61.927246898412704 30.185517318546772 0
    endloop
  endfacet
  facet normal 0 0 -1
    outer loop
      vertex -61.927246898412704 30.185517318546772 0
      vertex -61.98146862572592 30.238720033663505 0
      vertex -61.892824896740024 30.18720836266967 0
    endloop
  endfacet
  facet normal 0 0 -1
    outer loop
      vertex -63.61117809265852 30.435304917395115 0
      vertex -64.23961460513496 31.56143637201848 0
      vertex -63.05895899236202 30.29698123037815 0
    endloop
  endfacet
  facet normal 0 0 -1
    outer loop
      vertex -63.61117809265852 30.435304917395115 0
      vertex -64.1471800133586 30.627089470624924 0
      vertex -64.23961460513496 31.56143637201848 0
    endloop
  endfacet
  facet normal 0 0 -1
    outer loop
      vertex -63.05895899236202 30.29698123037815 0
      vertex -64.23961460513496 31.56143637201848 0
      vertex -62.49584087729454 30.21345054358244 0
    endloop
  endfacet
  facet normal 0 0 -1
    outer loop
      vertex -62.49584087729454 30.21345054358244 0
      vertex -64.23961460513496 31.56143637201848 0
      vertex -61.98146862572592 30.238720033663505 0
    endloop
  endfacet
  facet normal 0 0 -1
    outer loop
      vertex -60.673787895145196 30.327477243905314 0
      vertex -61.98146862572592 30.238720033663505 0
      vertex -64.23961460513496 31.56143637201848 0
    endloop
  endfacet
  facet normal 0 0 -1
    outer loop
      vertex -65.59503756463528 31.49315157532692 0
      vertex -59.75207538711268 40.05594178536842 0
      vertex -64.25767041426303 31.626566370575812 0
    endloop
  endfacet
  facet normal -0.14673048321505958 -0.9891765086654025 0
    outer loop
      vertex -63.05895899236202 30.29698123037815 0
      vertex -62.49584087729454 30.21345054358244 0
      vertex -63.05895899236202 30.29698123037815 17.6
    endloop
  endfacet
  facet normal -0.04906766391009324 -0.9987954567169427 0
    outer loop
      vertex -62.49584087729454 30.21345054358244 0
      vertex -61.927246898412704 30.185517318546772 0
      vertex -62.49584087729454 30.21345054358244 17.6
    endloop
  endfacet
  facet normal 0.04906766326871509 -0.9987954567484515 0
    outer loop
      vertex -61.927246898412704 30.185517318546772 0
      vertex -61.892824896740024 30.18720836266967 0
      vertex -61.927246898412704 30.185517318546772 17.6
    endloop
  endfacet
  facet normal -0.336889852407653 -0.9415440655353045 0
    outer loop
      vertex -63.61117809265852 30.435304917395115 0
      vertex -64.1471800133586 30.627089470624924 17.6
      vertex -64.1471800133586 30.627089470624924 0
    endloop
  endfacet
  facet normal -0.24298018523239626 -0.9700312518596658 0
    outer loop
      vertex -63.61117809265852 30.435304917395115 0
      vertex -63.05895899236202 30.29698123037815 0
      vertex -63.61117809265852 30.435304917395115 17.6
    endloop
  endfacet
  facet normal 0.049067663268715096 -0.9987954567484515 3.8249130050776196e-21
    outer loop
      vertex -61.927246898412704 30.185517318546772 17.6
      vertex -61.892824896740024 30.18720836266967 0
      vertex -61.892824896740024 30.18720836266967 4
    endloop
  endfacet
  facet normal 0.0490676632686802 -0.9987954567484533 0
    outer loop
      vertex -61.35865291208029 30.21345054358244 17.6
      vertex -61.892824896740024 30.18720836266967 4
      vertex -61.35865291208029 30.21345054358244 4
    endloop
  endfacet
  facet normal 0.14673048511464384 -0.9891765083836258 0
    outer loop
      vertex -60.79553480446339 30.29698123037815 17.6
      vertex -61.35865291208029 30.21345054358244 4
      vertex -60.79553480446339 30.29698123037815 4
    endloop
  endfacet
  facet normal 0.242980182147639 -0.9700312526323572 0
    outer loop
      vertex -60.24331569671631 30.435304917395115 17.6
      vertex -60.79553480446339 30.29698123037815 4
      vertex -60.24331569671631 30.435304917395115 4
    endloop
  endfacet
  facet normal 0.33688985655903797 -0.9415440640499152 0
    outer loop
      vertex -59.707313783466816 30.627089470624924 17.6
      vertex -60.24331569671631 30.435304917395115 4
      vertex -59.707313783466816 30.627089470624924 4
    endloop
  endfacet
  facet normal 0.42755508731208774 -0.9039892960171337 0
    outer loop
      vertex -59.19269102066755 30.87048790603876 17.6
      vertex -59.707313783466816 30.627089470624924 4
      vertex -59.19269102066755 30.87048790603876 4
    endloop
  endfacet
  facet normal 0.514102749929262 -0.8577286065622218 0
    outer loop
      vertex -58.70440353453159 31.163156166672707 17.6
      vertex -59.19269102066755 30.87048790603876 4
      vertex -58.70440353453159 31.163156166672707 4
    endloop
  endfacet
  facet normal 0.5956992898580452 -0.8032075423342466 0
    outer loop
      vertex -58.24715378135443 31.502275682985783 17.6
      vertex -58.70440353453159 31.163156166672707 4
      vertex -58.24715378135443 31.502275682985783 4
    endloop
  endfacet
  facet normal 0.6715589706580662 -0.7409511110246603 0
    outer loop
      vertex -57.82534535229206 31.884580574929714 17.6
      vertex -58.24715378135443 31.502275682985783 4
      vertex -57.82534535229206 31.884580574929714 4
    endloop
  endfacet
  facet normal 0.7409511240493721 -0.6715589562875116 0
    outer loop
      vertex -57.44304047524929 32.30638900399208 17.6
      vertex -57.82534535229206 31.884580574929714 4
      vertex -57.44304047524929 32.30638900399208 4
    endloop
  endfacet
  facet normal 0.8032075251657852 -0.5956993130070358 0
    outer loop
      vertex -57.10392094403505 32.763638749718666 17.6
      vertex -57.44304047524929 32.30638900399208 4
      vertex -57.10392094403505 32.763638749718666 4
    endloop
  endfacet
  facet normal 0.8577286157925058 -0.5141027345294634 0
    outer loop
      vertex -56.81125269085169 33.251926243305206 17.6
      vertex -57.10392094403505 32.763638749718666 4
      vertex -56.81125269085169 33.251926243305206 4
    endloop
  endfacet
  facet normal 0.9039892912321709 -0.42755509742904196 0
    outer loop
      vertex -56.56785425543785 33.76654899120331 17.6
      vertex -56.81125269085169 33.251926243305206 4
      vertex -56.56785425543785 33.76654899120331 4
    endloop
  endfacet
  facet normal 0.9415440628693089 -0.33688985985861153 0
    outer loop
      vertex -56.37606969475746 34.30255091935396 17.6
      vertex -56.56785425543785 33.76654899120331 4
      vertex -56.37606969475746 34.30255091935396 4
    endloop
  endfacet
  facet normal 0.9700312557171145 -0.2429801698325978 0
    outer loop
      vertex -56.23774601519108 34.85477002710104 17.6
      vertex -56.37606969475746 34.30255091935396 4
      vertex -56.23774601519108 34.85477002710104 4
    endloop
  endfacet
  facet normal 0.9891765083836258 -0.14673048511464384 0
    outer loop
      vertex -56.15421532839537 35.41788813471794 17.6
      vertex -56.23774601519108 34.85477002710104 4
      vertex -56.15421532839537 35.41788813471794 4
    endloop
  endfacet
  facet normal 0.9987954567169427 -0.04906766391009324 0
    outer loop
      vertex -56.1262821033597 35.98648211359978 17.6
      vertex -56.15421532839537 35.41788813471794 4
      vertex -56.1262821033597 35.98648211359978 4
    endloop
  endfacet
  facet normal 0.9987954567169427 0.04906766391009324 0
    outer loop
      vertex -56.15421532839537 36.55507609248161 17.6
      vertex -56.1262821033597 35.98648211359978 4
      vertex -56.15421532839537 36.55507609248161 4
    endloop
  endfacet
  facet normal 0 0 -1
    outer loop
      vertex -66.37700836482514 46.502273827425846 0
      vertex -64.83731072920956 45.99967787760553 0
      vertex -59.75207538711268 40.05594178536842 0
    endloop
  endfacet
  facet normal 0 0 -1
    outer loop
      vertex -63.41187696158886 44.803596928715706 0
      vertex -59.75207538711268 40.05594178536842 0
      vertex -64.83731072920956 45.99967787760553 0
    endloop
  endfacet
  facet normal 0 0 -1
    outer loop
      vertex -63.41187696158886 44.803596928715706 0
      vertex -59.49569805787048 40.35275795077237 0
      vertex -59.75207538711268 40.05594178536842 0
    endloop
  endfacet
  facet normal 0 0 -1
    outer loop
      vertex -63.41187696158886 44.803596928715706 0
      vertex -56.87725579968661 38.83115752105416 0
      vertex -59.49569805787048 40.35275795077237 0
    endloop
  endfacet
  facet normal 0 0 -1
    outer loop
      vertex -63.41187696158886 44.803596928715706 0
      vertex -58.22933714836836 40.454540483653545 0
      vertex -56.87725579968661 38.83115752105416 0
    endloop
  endfacet
  facet normal 0 0 -1
    outer loop
      vertex -57.44304047524929 39.666575223207474 0
      vertex -56.87725579968661 38.83115752105416 0
      vertex -57.82534535229206 40.08838365226984 0
    endloop
  endfacet
  facet normal 0 0 -1
    outer loop
      vertex -58.22933714836836 40.454540483653545 0
      vertex -57.82534535229206 40.08838365226984 0
      vertex -56.87725579968661 38.83115752105416 0
    endloop
  endfacet
  facet normal 0 0 -1
    outer loop
      vertex -57.10392094403505 39.20932547748089 0
      vertex -56.87725579968661 38.83115752105416 0
      vertex -57.44304047524929 39.666575223207474 0
    endloop
  endfacet
  facet normal 0.8577286157925063 0.5141027345294628 -1.588105193197046e-18
    outer loop
      vertex -57.10392094403505 39.20932547748089 0
      vertex -56.87725579968661 38.83115752105416 4
      vertex -56.87725579968661 38.83115752105416 0
    endloop
  endfacet
  facet normal 0.6428213669421766 0.7660161161506929 5.128088495426078e-18
    outer loop
      vertex -63.41187696158886 44.803596928715706 0
      vertex -58.22933714836836 40.454540483653545 17.6
      vertex -58.22933714836836 40.454540483653545 0
    endloop
  endfacet
  facet normal 0.6715589656241041 0.740951115587178 0
    outer loop
      vertex -58.22933714836836 40.454540483653545 0
      vertex -57.82534535229206 40.08838365226984 17.6
      vertex -57.82534535229206 40.08838365226984 0
    endloop
  endfacet
  facet normal 0.740951124049372 0.6715589562875115 0
    outer loop
      vertex -57.44304047524929 39.666575223207474 0
      vertex -57.82534535229206 40.08838365226984 0
      vertex -57.44304047524929 39.666575223207474 17.6
    endloop
  endfacet
  facet normal 0.8032075251657852 0.5956993130070358 0
    outer loop
      vertex -57.10392094403505 39.20932547748089 0
      vertex -57.44304047524929 39.666575223207474 0
      vertex -57.10392094403505 39.20932547748089 17.6
    endloop
  endfacet
  facet normal 0.8577286157925065 0.5141027345294624 -3.9065081235371854e-17
    outer loop
      vertex -57.10392094403505 39.20932547748089 0
      vertex -56.81125269085169 38.72103798389435 17.6
      vertex -56.87725579968661 38.83115752105416 4
    endloop
  endfacet
  facet normal 0.9891765083836258 0.14673048511464384 0
    outer loop
      vertex -56.23774601519108 37.118194200098515 17.6
      vertex -56.15421532839537 36.55507609248161 4
      vertex -56.23774601519108 37.118194200098515 4
    endloop
  endfacet
  facet normal 0.9700312557171145 0.2429801698325978 0
    outer loop
      vertex -56.37606969475746 37.67041330784559 17.6
      vertex -56.23774601519108 37.118194200098515 4
      vertex -56.37606969475746 37.67041330784559 4
    endloop
  endfacet
  facet normal 0.9039892912321709 0.42755509742904196 0
    outer loop
      vertex -56.81125269085169 38.72103798389435 17.6
      vertex -56.56785425543785 38.206415235996246 4
      vertex -56.81125269085169 38.72103798389435 4
    endloop
  endfacet
  facet normal 0.9415440628693089 0.33688985985861153 0
    outer loop
      vertex -56.56785425543785 38.206415235996246 17.6
      vertex -56.37606969475746 37.67041330784559 4
      vertex -56.56785425543785 38.206415235996246 4
    endloop
  endfacet
  facet normal 0.8577286157925043 0.514102734529466 0
    outer loop
      vertex -56.81125269085169 38.72103798389435 17.6
      vertex -56.81125269085169 38.72103798389435 4
      vertex -56.87725579968661 38.83115752105416 4
    endloop
  endfacet
  facet normal 0.6427876097532864 0.7660444430629706 0
    outer loop
      vertex -63.41187696158886 44.803596928715706 0
      vertex -64.83731072920956 45.99967787760553 4
      vertex -63.41187696158886 44.803596928715706 17.6
    endloop
  endfacet
  facet normal -0.5956993031070315 -0.8032075325081289 0
    outer loop
      vertex -65.15009026229382 31.163156166672707 0
      vertex -65.15009026229382 31.163156166672707 17.6
      vertex -65.59503756463528 31.49315157532692 17.6
    endloop
  endfacet
  facet normal -0.514102749929262 -0.8577286065622218 0
    outer loop
      vertex -64.66180277615786 30.87048790603876 0
      vertex -64.66180277615786 30.87048790603876 17.6
      vertex -65.15009026229382 31.163156166672707 17.6
    endloop
  endfacet
  facet normal -0.4275550873120877 -0.9039892960171338 0
    outer loop
      vertex -64.1471800133586 30.627089470624924 0
      vertex -64.1471800133586 30.627089470624924 17.6
      vertex -64.66180277615786 30.87048790603876 17.6
    endloop
  endfacet
  facet normal -0.6427481228622456 -0.766077574764501 0
    outer loop
      vertex -65.59503756463528 31.49315157532692 0
      vertex -65.59503756463528 31.49315157532692 17.6
      vertex -70.0345855280757 35.217984691262245 17.6
    endloop
  endfacet
  facet normal 0 0 1
    outer loop
      vertex -65.59503756463528 31.49315157532692 17.6
      vertex -57.44304047524929 32.30638900399208 17.6
      vertex -70.0345855280757 35.217984691262245 17.6
    endloop
  endfacet
  facet normal -0.6343931901076912 0.7730105305524542 0
    outer loop
      vertex -80.50811890512705 47.282483607530594 0
      vertex -80.50811890512705 47.282483607530594 17.6
      vertex -80.44488307833672 47.33437989652157 17.6
    endloop
  endfacet
  facet normal -0.5956993104751858 0.8032075270435333 0
    outer loop
      vertex -80.44488307833672 47.33437989652157 0
      vertex -80.44488307833672 47.33437989652157 17.6
      vertex -80.06217137724161 47.6182182431221 17.6
    endloop
  endfacet
  facet normal -0.5555701901638449 0.8314696409378453 0
    outer loop
      vertex -80.06217137724161 47.6182182431221 0
      vertex -80.06217137724161 47.6182182431221 17.6
      vertex -79.99296790361404 47.66445852071047 17.6
    endloop
  endfacet
  facet normal -0.6689152655319139 0.7433386627496039 -1.8359490866756351e-16
    outer loop
      vertex -82.39207527786493 45.587149783968925 17.6
      vertex -80.50811890512705 47.282483607530594 17.6
      vertex -80.82425142459122 46.998002416388935 4
    endloop
  endfacet
  facet normal -0.5141027350900257 0.8577286154565177 0
    outer loop
      vertex -79.99296790361404 47.66445852071047 0
      vertex -79.99296790361404 47.66445852071047 17.6
      vertex -79.59917144477367 47.900491029024124 17.6
    endloop
  endfacet
  facet normal -0.5092158203784093 0.860638860542762 0
    outer loop
      vertex -79.59917144477367 47.900491029024124 0
      vertex -79.59917144477367 47.900491029024124 17.6
      vertex -72.27035717666149 52.23674441128969 17.6
    endloop
  endfacet
  facet normal -0.6427876097367952 -0.7660444430768084 0
    outer loop
      vertex -70.0345855280757 35.217984691262245 0
      vertex -70.0345855280757 35.217984691262245 17.6
      vertex -82.39207527786493 45.587149783968925 17.6
    endloop
  endfacet
  facet normal 0.6427876097532861 0.7660444430629708 3.5411094406405267e-17
    outer loop
      vertex -72.27035717666149 52.23674441128969 17.6
      vertex -63.41187696158886 44.803596928715706 17.6
      vertex -64.83731072920956 45.99967787760553 4
    endloop
  endfacet
  facet normal 0 0 1
    outer loop
      vertex -82.39207527786493 45.587149783968925 17.6
      vertex -78.46483104072006 43.336126422929475 17.6
      vertex -80.54678753776517 45.083095351727174 17.6
    endloop
  endfacet
  facet normal 0 0 1
    outer loop
      vertex -70.0345855280757 35.217984691262245 17.6
      vertex -77.1280629405737 42.22008763906159 17.6
      vertex -77.18538879595118 42.26260339101781 17.6
    endloop
  endfacet
  facet normal 0 0 1
    outer loop
      vertex -70.0345855280757 35.217984691262245 17.6
      vertex -77.06684585243289 42.18339552848282 17.6
      vertex -77.1280629405737 42.22008763906159 17.6
    endloop
  endfacet
  facet normal 0 0 1
    outer loop
      vertex -70.0345855280757 35.217984691262245 17.6
      vertex -77.00232708555222 42.15288042436432 17.6
      vertex -77.06684585243289 42.18339552848282 17.6
    endloop
  endfacet
  facet normal 0 0 1
    outer loop
      vertex -70.0345855280757 35.217984691262245 17.6
      vertex -77.18538879595118 42.26260339101781 17.6
      vertex -78.46483104072006 43.336126422929475 17.6
    endloop
  endfacet
  facet normal 0 0 1
    outer loop
      vertex -70.0345855280757 35.217984691262245 17.6
      vertex -78.46483104072006 43.336126422929475 17.6
      vertex -82.39207527786493 45.587149783968925 17.6
    endloop
  endfacet
  facet normal 0 0 1
    outer loop
      vertex -82.39207527786493 45.587149783968925 17.6
      vertex -80.54678753776517 45.083095351727174 17.6
      vertex -80.50811890512705 47.282483607530594 17.6
    endloop
  endfacet
  facet normal 0 0 1
    outer loop
      vertex -80.50811890512705 47.282483607530594 17.6
      vertex -80.54678753776517 45.083095351727174 17.6
      vertex -80.44488307833672 47.33437989652157 17.6
    endloop
  endfacet
  facet normal 0 0 1
    outer loop
      vertex -80.44488307833672 47.33437989652157 17.6
      vertex -80.54678753776517 45.083095351727174 17.6
      vertex -80.06217137724161 47.6182182431221 17.6
    endloop
  endfacet
  facet normal 0 0 1
    outer loop
      vertex -80.06217137724161 47.6182182431221 17.6
      vertex -80.54678753776517 45.083095351727174 17.6
      vertex -79.99296790361404 47.66445852071047 17.6
    endloop
  endfacet
  facet normal 0 0 1
    outer loop
      vertex -79.99296790361404 47.66445852071047 17.6
      vertex -80.54678753776517 45.083095351727174 17.6
      vertex -79.59917144477367 47.900491029024124 17.6
    endloop
  endfacet
  facet normal 0 0 1
    outer loop
      vertex -79.59917144477367 47.900491029024124 17.6
      vertex -80.54678753776517 45.083095351727174 17.6
      vertex -77.83032167088302 47.52758745031471 17.6
    endloop
  endfacet
  facet normal 0 0 1
    outer loop
      vertex -79.59917144477367 47.900491029024124 17.6
      vertex -77.83032167088302 47.52758745031471 17.6
      vertex -72.27035717666149 52.23674441128969 17.6
    endloop
  endfacet
  facet normal 0 0 1
    outer loop
      vertex -72.27035717666149 52.23674441128969 17.6
      vertex -77.83032167088302 47.52758745031471 17.6
      vertex -77.77760067793125 47.570854451313494 17.6
    endloop
  endfacet
  facet normal 0 0 1
    outer loop
      vertex -72.27035717666149 52.23674441128969 17.6
      vertex -77.77760067793125 47.570854451313494 17.6
      vertex -77.66566663218568 47.65387039755446 17.6
    endloop
  endfacet
  facet normal 0 0 1
    outer loop
      vertex -72.27035717666149 52.23674441128969 17.6
      vertex -77.66566663218568 47.65387039755446 17.6
      vertex -77.40664614094158 47.845973086442314 17.6
    endloop
  endfacet
  facet normal 0 0 1
    outer loop
      vertex -72.27035717666149 52.23674441128969 17.6
      vertex -77.40664614094158 47.845973086442314 17.6
      vertex -77.34993810771978 47.88386418329133 17.6
    endloop
  endfacet
  facet normal 0 0 1
    outer loop
      vertex -72.27035717666149 52.23674441128969 17.6
      vertex -77.34993810771978 47.88386418329133 17.6
      vertex -77.22209821732268 47.96048846491252 17.6
    endloop
  endfacet
  facet normal 0 0 1
    outer loop
      vertex -72.27035717666149 52.23674441128969 17.6
      vertex -77.22209821732268 47.96048846491252 17.6
      vertex -76.95380347753226 48.12129814346756 17.6
    endloop
  endfacet
  facet normal 0 0 1
    outer loop
      vertex -70.0345855280757 35.217984691262245 17.6
      vertex -76.79529705498094 42.1010221013382 17.6
      vertex -76.86589573257116 42.111494425897455 17.6
    endloop
  endfacet
  facet normal 0 0 1
    outer loop
      vertex -70.0345855280757 35.217984691262245 17.6
      vertex -76.93512799092632 42.12883620384002 17.6
      vertex -77.00232708555222 42.15288042436432 17.6
    endloop
  endfacet
  facet normal 0 0 1
    outer loop
      vertex -70.0345855280757 35.217984691262245 17.6
      vertex -76.86589573257116 42.111494425897455 17.6
      vertex -76.93512799092632 42.12883620384002 17.6
    endloop
  endfacet
  facet normal 0 0 1
    outer loop
      vertex -70.0345855280757 35.217984691262245 17.6
      vertex -76.5821279914568 42.111494425897455 17.6
      vertex -76.65272666904703 42.1010221013382 17.6
    endloop
  endfacet
  facet normal 0 0 1
    outer loop
      vertex -70.0345855280757 35.217984691262245 17.6
      vertex -76.65272666904703 42.1010221013382 17.6
      vertex -76.72401186201398 42.09752008437253 17.6
    endloop
  endfacet
  facet normal 0 0 1
    outer loop
      vertex -70.0345855280757 35.217984691262245 17.6
      vertex -76.72401186201398 42.09752008437253 17.6
      vertex -76.79529705498094 42.1010221013382 17.6
    endloop
  endfacet
  facet normal 0 0 1
    outer loop
      vertex -70.0345855280757 35.217984691262245 17.6
      vertex -76.51289573310164 42.12883620384002 17.6
      vertex -76.5821279914568 42.111494425897455 17.6
    endloop
  endfacet
  facet normal 0 0 1
    outer loop
      vertex -70.0345855280757 35.217984691262245 17.6
      vertex -76.31996078345426 42.22008763906159 17.6
      vertex -76.38117787159507 42.18339552848282 17.6
    endloop
  endfacet
  facet normal 0 0 1
    outer loop
      vertex -70.0345855280757 35.217984691262245 17.6
      vertex -76.38117787159507 42.18339552848282 17.6
      vertex -76.44569663847574 42.15288042436432 17.6
    endloop
  endfacet
  facet normal 0 0 1
    outer loop
      vertex -70.0345855280757 35.217984691262245 17.6
      vertex -76.44569663847574 42.15288042436432 17.6
      vertex -76.51289573310164 42.12883620384002 17.6
    endloop
  endfacet
  facet normal 0 0 1
    outer loop
      vertex -70.0345855280757 35.217984691262245 17.6
      vertex -68.6977912677183 46.97962666393084 17.6
      vertex -76.31996078345426 42.22008763906159 17.6
    endloop
  endfacet
  facet normal 0 0 1
    outer loop
      vertex -57.10392094403505 32.763638749718666 17.6
      vertex -68.6977912677183 46.97962666393084 17.6
      vertex -70.0345855280757 35.217984691262245 17.6
    endloop
  endfacet
  facet normal 0 0 1
    outer loop
      vertex -56.1262821033597 35.98648211359978 17.6
      vertex -68.64046541234082 47.02214241588706 17.6
      vertex -68.6977912677183 46.97962666393084 17.6
    endloop
  endfacet
  facet normal 0 0 1
    outer loop
      vertex -56.1262821033597 35.98648211359978 17.6
      vertex -68.58758286905143 47.07007235928793 17.6
      vertex -68.64046541234082 47.02214241588706 17.6
    endloop
  endfacet
  facet normal 0 0 1
    outer loop
      vertex -56.1262821033597 35.98648211359978 17.6
      vertex -68.53965292565056 47.122954902577305 17.6
      vertex -68.58758286905143 47.07007235928793 17.6
    endloop
  endfacet
  facet normal 0 0 1
    outer loop
      vertex -56.1262821033597 35.98648211359978 17.6
      vertex -68.49713717369434 47.18028075795479 17.6
      vertex -68.53965292565056 47.122954902577305 17.6
    endloop
  endfacet
  facet normal 0 0 1
    outer loop
      vertex -56.1262821033597 35.98648211359978 17.6
      vertex -68.46044506311557 47.2414978460956 17.6
      vertex -68.49713717369434 47.18028075795479 17.6
    endloop
  endfacet
  facet normal 0 0 1
    outer loop
      vertex -56.1262821033597 35.98648211359978 17.6
      vertex -68.42992995899706 47.30601661297626 17.6
      vertex -68.46044506311557 47.2414978460956 17.6
    endloop
  endfacet
  facet normal 0 0 1
    outer loop
      vertex -56.1262821033597 35.98648211359978 17.6
      vertex -68.40588573847276 47.37321570760217 17.6
      vertex -68.42992995899706 47.30601661297626 17.6
    endloop
  endfacet
  facet normal 0 0 1
    outer loop
      vertex -56.1262821033597 35.98648211359978 17.6
      vertex -68.3885439605302 47.44244796595732 17.6
      vertex -68.40588573847276 47.37321570760217 17.6
    endloop
  endfacet
  facet normal 0 0 1
    outer loop
      vertex -56.1262821033597 35.98648211359978 17.6
      vertex -68.37807163597095 47.513046643547554 17.6
      vertex -68.3885439605302 47.44244796595732 17.6
    endloop
  endfacet
  facet normal 0 0 1
    outer loop
      vertex -56.1262821033597 35.98648211359978 17.6
      vertex -68.37456961900529 47.58433183651451 17.6
      vertex -68.37807163597095 47.513046643547554 17.6
    endloop
  endfacet
  facet normal 0 0 1
    outer loop
      vertex -56.1262821033597 35.98648211359978 17.6
      vertex -68.37807163597095 47.655617029481455 17.6
      vertex -68.37456961900529 47.58433183651451 17.6
    endloop
  endfacet
  facet normal 0 0 1
    outer loop
      vertex -56.1262821033597 35.98648211359978 17.6
      vertex -68.3885439605302 47.72621570707169 17.6
      vertex -68.37807163597095 47.655617029481455 17.6
    endloop
  endfacet
  facet normal 0 0 1
    outer loop
      vertex -56.1262821033597 35.98648211359978 17.6
      vertex -68.40588573847276 47.79544796542684 17.6
      vertex -68.3885439605302 47.72621570707169 17.6
    endloop
  endfacet
  facet normal 0 0 1
    outer loop
      vertex -56.1262821033597 35.98648211359978 17.6
      vertex -68.49713717369434 47.98838291507422 17.6
      vertex -68.46044506311557 47.92716582693341 17.6
    endloop
  endfacet
  facet normal 0 0 1
    outer loop
      vertex -56.1262821033597 35.98648211359978 17.6
      vertex -68.53965292565056 48.045708770451704 17.6
      vertex -68.49713717369434 47.98838291507422 17.6
    endloop
  endfacet
  facet normal 0 0 1
    outer loop
      vertex -56.1262821033597 35.98648211359978 17.6
      vertex -68.42992995899706 47.86264706005275 17.6
      vertex -68.40588573847276 47.79544796542684 17.6
    endloop
  endfacet
  facet normal 0 0 1
    outer loop
      vertex -56.1262821033597 35.98648211359978 17.6
      vertex -68.46044506311557 47.92716582693341 17.6
      vertex -68.42992995899706 47.86264706005275 17.6
    endloop
  endfacet
  facet normal 0 0 1
    outer loop
      vertex -72.27035717666149 52.23674441128969 17.6
      vertex -76.95380347753226 48.12129814346756 17.6
      vertex -72.06064030936795 51.01644523558575 17.6
    endloop
  endfacet
  facet normal 0 0 1
    outer loop
      vertex -72.27035717666149 52.23674441128969 17.6
      vertex -72.06064030936795 51.01644523558575 17.6
      vertex -69.81129571961354 49.12902101993222 17.6
    endloop
  endfacet
  facet normal 0 0 1
    outer loop
      vertex -72.27035717666149 52.23674441128969 17.6
      vertex -69.81129571961354 49.12902101993222 17.6
      vertex -68.6404654123408 48.14652125714195 17.6
    endloop
  endfacet
  facet normal 0 0 1
    outer loop
      vertex -72.27035717666149 52.23674441128969 17.6
      vertex -68.58758286905143 48.09859131374108 17.6
      vertex -68.53965292565056 48.045708770451704 17.6
    endloop
  endfacet
  facet normal 0 0 1
    outer loop
      vertex -72.27035717666149 52.23674441128969 17.6
      vertex -68.6404654123408 48.14652125714195 17.6
      vertex -68.58758286905143 48.09859131374108 17.6
    endloop
  endfacet
  facet normal 0 0 1
    outer loop
      vertex -72.27035717666149 52.23674441128969 17.6
      vertex -68.53965292565056 48.045708770451704 17.6
      vertex -56.1262821033597 35.98648211359978 17.6
    endloop
  endfacet
  facet normal -0.14673048321505958 -0.9891765086654025 0
    outer loop
      vertex -62.49584087729454 30.21345054358244 0
      vertex -62.49584087729454 30.21345054358244 17.6
      vertex -63.05895899236202 30.29698123037815 17.6
    endloop
  endfacet
  facet normal -0.04906766391009324 -0.9987954567169427 0
    outer loop
      vertex -61.927246898412704 30.185517318546772 0
      vertex -61.927246898412704 30.185517318546772 17.6
      vertex -62.49584087729454 30.21345054358244 17.6
    endloop
  endfacet
  facet normal -0.336889852407653 -0.9415440655353045 0
    outer loop
      vertex -63.61117809265852 30.435304917395115 0
      vertex -63.61117809265852 30.435304917395115 17.6
      vertex -64.1471800133586 30.627089470624924 17.6
    endloop
  endfacet
  facet normal -0.24298018523239626 -0.9700312518596658 0
    outer loop
      vertex -63.05895899236202 30.29698123037815 0
      vertex -63.05895899236202 30.29698123037815 17.6
      vertex -63.61117809265852 30.435304917395115 17.6
    endloop
  endfacet
  facet normal 0.04906766326868232 -0.9987954567484532 -8.318066639546313e-17
    outer loop
      vertex -61.927246898412704 30.185517318546772 17.6
      vertex -61.892824896740024 30.18720836266967 4
      vertex -61.35865291208029 30.21345054358244 17.6
    endloop
  endfacet
  facet normal 0.14673048511464384 -0.9891765083836258 0
    outer loop
      vertex -61.35865291208029 30.21345054358244 17.6
      vertex -61.35865291208029 30.21345054358244 4
      vertex -60.79553480446339 30.29698123037815 17.6
    endloop
  endfacet
  facet normal 0.242980182147639 -0.9700312526323572 0
    outer loop
      vertex -60.79553480446339 30.29698123037815 17.6
      vertex -60.79553480446339 30.29698123037815 4
      vertex -60.24331569671631 30.435304917395115 17.6
    endloop
  endfacet
  facet normal 0.33688985655903797 -0.9415440640499152 0
    outer loop
      vertex -60.24331569671631 30.435304917395115 17.6
      vertex -60.24331569671631 30.435304917395115 4
      vertex -59.707313783466816 30.627089470624924 17.6
    endloop
  endfacet
  facet normal 0.42755508731208774 -0.9039892960171337 0
    outer loop
      vertex -59.707313783466816 30.627089470624924 17.6
      vertex -59.707313783466816 30.627089470624924 4
      vertex -59.19269102066755 30.87048790603876 17.6
    endloop
  endfacet
  facet normal 0.514102749929262 -0.8577286065622218 0
    outer loop
      vertex -59.19269102066755 30.87048790603876 17.6
      vertex -59.19269102066755 30.87048790603876 4
      vertex -58.70440353453159 31.163156166672707 17.6
    endloop
  endfacet
  facet normal 0.5956992898580452 -0.8032075423342466 0
    outer loop
      vertex -58.70440353453159 31.163156166672707 17.6
      vertex -58.70440353453159 31.163156166672707 4
      vertex -58.24715378135443 31.502275682985783 17.6
    endloop
  endfacet
  facet normal 0.6715589706580662 -0.7409511110246603 0
    outer loop
      vertex -58.24715378135443 31.502275682985783 17.6
      vertex -58.24715378135443 31.502275682985783 4
      vertex -57.82534535229206 31.884580574929714 17.6
    endloop
  endfacet
  facet normal 0.7409511240493721 -0.6715589562875116 0
    outer loop
      vertex -57.82534535229206 31.884580574929714 17.6
      vertex -57.82534535229206 31.884580574929714 4
      vertex -57.44304047524929 32.30638900399208 17.6
    endloop
  endfacet
  facet normal 0.8032075251657852 -0.5956993130070358 0
    outer loop
      vertex -57.44304047524929 32.30638900399208 17.6
      vertex -57.44304047524929 32.30638900399208 4
      vertex -57.10392094403505 32.763638749718666 17.6
    endloop
  endfacet
  facet normal 0.8577286157925058 -0.5141027345294634 0
    outer loop
      vertex -57.10392094403505 32.763638749718666 17.6
      vertex -57.10392094403505 32.763638749718666 4
      vertex -56.81125269085169 33.251926243305206 17.6
    endloop
  endfacet
  facet normal 0.9039892912321709 -0.42755509742904196 0
    outer loop
      vertex -56.81125269085169 33.251926243305206 17.6
      vertex -56.81125269085169 33.251926243305206 4
      vertex -56.56785425543785 33.76654899120331 17.6
    endloop
  endfacet
  facet normal 0.9415440628693089 -0.33688985985861153 0
    outer loop
      vertex -56.56785425543785 33.76654899120331 17.6
      vertex -56.56785425543785 33.76654899120331 4
      vertex -56.37606969475746 34.30255091935396 17.6
    endloop
  endfacet
  facet normal 0.9700312557171145 -0.2429801698325978 0
    outer loop
      vertex -56.37606969475746 34.30255091935396 17.6
      vertex -56.37606969475746 34.30255091935396 4
      vertex -56.23774601519108 34.85477002710104 17.6
    endloop
  endfacet
  facet normal 0.9891765083836258 -0.14673048511464384 0
    outer loop
      vertex -56.23774601519108 34.85477002710104 17.6
      vertex -56.23774601519108 34.85477002710104 4
      vertex -56.15421532839537 35.41788813471794 17.6
    endloop
  endfacet
  facet normal 0.9987954567169427 -0.04906766391009324 0
    outer loop
      vertex -56.15421532839537 35.41788813471794 17.6
      vertex -56.15421532839537 35.41788813471794 4
      vertex -56.1262821033597 35.98648211359978 17.6
    endloop
  endfacet
  facet normal 0.9987954567169427 0.04906766391009324 0
    outer loop
      vertex -56.1262821033597 35.98648211359978 17.6
      vertex -56.1262821033597 35.98648211359978 4
      vertex -56.15421532839537 36.55507609248161 17.6
    endloop
  endfacet
  facet normal 0 0 1
    outer loop
      vertex -62.49584087729454 30.21345054358244 17.6
      vertex -61.927246898412704 30.185517318546772 17.6
      vertex -60.79553480446339 30.29698123037815 17.6
    endloop
  endfacet
  facet normal 0 0 1
    outer loop
      vertex -61.927246898412704 30.185517318546772 17.6
      vertex -61.35865291208029 30.21345054358244 17.6
      vertex -60.79553480446339 30.29698123037815 17.6
    endloop
  endfacet
  facet normal 0 0 1
    outer loop
      vertex -64.66180277615786 30.87048790603876 17.6
      vertex -58.24715378135443 31.502275682985783 17.6
      vertex -65.15009026229382 31.163156166672707 17.6
    endloop
  endfacet
  facet normal 0 0 1
    outer loop
      vertex -65.15009026229382 31.163156166672707 17.6
      vertex -57.82534535229206 31.884580574929714 17.6
      vertex -65.59503756463528 31.49315157532692 17.6
    endloop
  endfacet
  facet normal 0 0 1
    outer loop
      vertex -63.61117809265852 30.435304917395115 17.6
      vertex -63.05895899236202 30.29698123037815 17.6
      vertex -59.707313783466816 30.627089470624924 17.6
    endloop
  endfacet
  facet normal 0 0 1
    outer loop
      vertex -63.61117809265852 30.435304917395115 17.6
      vertex -59.19269102066755 30.87048790603876 17.6
      vertex -64.1471800133586 30.627089470624924 17.6
    endloop
  endfacet
  facet normal 0 0 1
    outer loop
      vertex -64.66180277615786 30.87048790603876 17.6
      vertex -64.1471800133586 30.627089470624924 17.6
      vertex -58.70440353453159 31.163156166672707 17.6
    endloop
  endfacet
  facet normal 0 0 1
    outer loop
      vertex -63.05895899236202 30.29698123037815 17.6
      vertex -62.49584087729454 30.21345054358244 17.6
      vertex -60.24331569671631 30.435304917395115 17.6
    endloop
  endfacet
  facet normal 0 0 1
    outer loop
      vertex -62.49584087729454 30.21345054358244 17.6
      vertex -60.79553480446339 30.29698123037815 17.6
      vertex -60.24331569671631 30.435304917395115 17.6
    endloop
  endfacet
  facet normal 0 0 1
    outer loop
      vertex -63.05895899236202 30.29698123037815 17.6
      vertex -60.24331569671631 30.435304917395115 17.6
      vertex -59.707313783466816 30.627089470624924 17.6
    endloop
  endfacet
  facet normal 0 0 1
    outer loop
      vertex -63.61117809265852 30.435304917395115 17.6
      vertex -59.707313783466816 30.627089470624924 17.6
      vertex -59.19269102066755 30.87048790603876 17.6
    endloop
  endfacet
  facet normal 0 0 1
    outer loop
      vertex -64.1471800133586 30.627089470624924 17.6
      vertex -59.19269102066755 30.87048790603876 17.6
      vertex -58.70440353453159 31.163156166672707 17.6
    endloop
  endfacet
  facet normal 0 0 1
    outer loop
      vertex -64.66180277615786 30.87048790603876 17.6
      vertex -58.70440353453159 31.163156166672707 17.6
      vertex -58.24715378135443 31.502275682985783 17.6
    endloop
  endfacet
  facet normal 0 0 1
    outer loop
      vertex -65.15009026229382 31.163156166672707 17.6
      vertex -58.24715378135443 31.502275682985783 17.6
      vertex -57.82534535229206 31.884580574929714 17.6
    endloop
  endfacet
  facet normal 0 0 1
    outer loop
      vertex -65.59503756463528 31.49315157532692 17.6
      vertex -57.82534535229206 31.884580574929714 17.6
      vertex -57.44304047524929 32.30638900399208 17.6
    endloop
  endfacet
  facet normal 0 0 1
    outer loop
      vertex -57.44304047524929 32.30638900399208 17.6
      vertex -57.10392094403505 32.763638749718666 17.6
      vertex -70.0345855280757 35.217984691262245 17.6
    endloop
  endfacet
  facet normal 0.6428213669421766 0.7660161161506929 0
    outer loop
      vertex -63.41187696158886 44.803596928715706 0
      vertex -63.41187696158886 44.803596928715706 17.6
      vertex -58.22933714836836 40.454540483653545 17.6
    endloop
  endfacet
  facet normal 0.6715589656241041 0.740951115587178 0
    outer loop
      vertex -58.22933714836836 40.454540483653545 0
      vertex -58.22933714836836 40.454540483653545 17.6
      vertex -57.82534535229206 40.08838365226984 17.6
    endloop
  endfacet
  facet normal 0.740951124049372 0.6715589562875115 0
    outer loop
      vertex -57.82534535229206 40.08838365226984 0
      vertex -57.82534535229206 40.08838365226984 17.6
      vertex -57.44304047524929 39.666575223207474 17.6
    endloop
  endfacet
  facet normal 0.8577286157925059 0.5141027345294634 0
    outer loop
      vertex -57.10392094403505 39.20932547748089 0
      vertex -57.10392094403505 39.20932547748089 17.6
      vertex -56.81125269085169 38.72103798389435 17.6
    endloop
  endfacet
  facet normal 0.8032075251657852 0.5956993130070358 0
    outer loop
      vertex -57.44304047524929 39.666575223207474 0
      vertex -57.44304047524929 39.666575223207474 17.6
      vertex -57.10392094403505 39.20932547748089 17.6
    endloop
  endfacet
  facet normal 0.9891765083836258 0.14673048511464384 0
    outer loop
      vertex -56.15421532839537 36.55507609248161 17.6
      vertex -56.15421532839537 36.55507609248161 4
      vertex -56.23774601519108 37.118194200098515 17.6
    endloop
  endfacet
  facet normal 0.9700312557171145 0.2429801698325978 0
    outer loop
      vertex -56.23774601519108 37.118194200098515 17.6
      vertex -56.23774601519108 37.118194200098515 4
      vertex -56.37606969475746 37.67041330784559 17.6
    endloop
  endfacet
  facet normal 0.9415440628693089 0.33688985985861153 0
    outer loop
      vertex -56.37606969475746 37.67041330784559 17.6
      vertex -56.37606969475746 37.67041330784559 4
      vertex -56.56785425543785 38.206415235996246 17.6
    endloop
  endfacet
  facet normal 0.9039892912321709 0.42755509742904196 0
    outer loop
      vertex -56.56785425543785 38.206415235996246 17.6
      vertex -56.56785425543785 38.206415235996246 4
      vertex -56.81125269085169 38.72103798389435 17.6
    endloop
  endfacet
  facet normal 0 0 1
    outer loop
      vertex -57.10392094403505 32.763638749718666 17.6
      vertex -56.81125269085169 33.251926243305206 17.6
      vertex -68.6977912677183 46.97962666393084 17.6
    endloop
  endfacet
  facet normal 0 0 1
    outer loop
      vertex -56.81125269085169 33.251926243305206 17.6
      vertex -56.56785425543785 33.76654899120331 17.6
      vertex -68.6977912677183 46.97962666393084 17.6
    endloop
  endfacet
  facet normal 0 0 1
    outer loop
      vertex -56.56785425543785 33.76654899120331 17.6
      vertex -56.37606969475746 34.30255091935396 17.6
      vertex -68.6977912677183 46.97962666393084 17.6
    endloop
  endfacet
  facet normal 0 0 1
    outer loop
      vertex -56.37606969475746 34.30255091935396 17.6
      vertex -56.23774601519108 34.85477002710104 17.6
      vertex -68.6977912677183 46.97962666393084 17.6
    endloop
  endfacet
  facet normal 0 0 1
    outer loop
      vertex -56.23774601519108 34.85477002710104 17.6
      vertex -56.15421532839537 35.41788813471794 17.6
      vertex -68.6977912677183 46.97962666393084 17.6
    endloop
  endfacet
  facet normal 0 0 1
    outer loop
      vertex -56.15421532839537 35.41788813471794 17.6
      vertex -56.1262821033597 35.98648211359978 17.6
      vertex -68.6977912677183 46.97962666393084 17.6
    endloop
  endfacet
  facet normal 0 0 1
    outer loop
      vertex -72.27035717666149 52.23674441128969 17.6
      vertex -56.1262821033597 35.98648211359978 17.6
      vertex -56.15421532839537 36.55507609248161 17.6
    endloop
  endfacet
  facet normal 0 0 1
    outer loop
      vertex -72.27035717666149 52.23674441128969 17.6
      vertex -56.15421532839537 36.55507609248161 17.6
      vertex -63.41187696158886 44.803596928715706 17.6
    endloop
  endfacet
  facet normal 0 0 1
    outer loop
      vertex -63.41187696158886 44.803596928715706 17.6
      vertex -56.23774601519108 37.118194200098515 17.6
      vertex -58.22933714836836 40.454540483653545 17.6
    endloop
  endfacet
  facet normal 0 0 1
    outer loop
      vertex -56.23774601519108 37.118194200098515 17.6
      vertex -56.37606969475746 37.67041330784559 17.6
      vertex -58.22933714836836 40.454540483653545 17.6
    endloop
  endfacet
  facet normal 0 0 1
    outer loop
      vertex -63.41187696158886 44.803596928715706 17.6
      vertex -56.15421532839537 36.55507609248161 17.6
      vertex -56.23774601519108 37.118194200098515 17.6
    endloop
  endfacet
  facet normal 0 0 1
    outer loop
      vertex -56.37606969475746 37.67041330784559 17.6
      vertex -57.82534535229206 40.08838365226984 17.6
      vertex -58.22933714836836 40.454540483653545 17.6
    endloop
  endfacet
  facet normal 0 0 1
    outer loop
      vertex -56.37606969475746 37.67041330784559 17.6
      vertex -56.56785425543785 38.206415235996246 17.6
      vertex -57.82534535229206 40.08838365226984 17.6
    endloop
  endfacet
  facet normal 0 0 1
    outer loop
      vertex -56.56785425543785 38.206415235996246 17.6
      vertex -56.81125269085169 38.72103798389435 17.6
      vertex -57.44304047524929 39.666575223207474 17.6
    endloop
  endfacet
  facet normal 0 0 1
    outer loop
      vertex -56.56785425543785 38.206415235996246 17.6
      vertex -57.44304047524929 39.666575223207474 17.6
      vertex -57.82534535229206 40.08838365226984 17.6
    endloop
  endfacet
  facet normal 0 0 1
    outer loop
      vertex -56.81125269085169 38.72103798389435 17.6
      vertex -57.10392094403505 39.20932547748089 17.6
      vertex -57.44304047524929 39.666575223207474 17.6
    endloop
  endfacet
  facet normal 0 0 -1
    outer loop
      vertex 61.927246898412704 30.185517318546772 0
      vertex 61.892824896740024 30.18720836266967 0
      vertex 63.05895899236202 30.29698123037815 0
    endloop
  endfacet
  facet normal 0 0 -1
    outer loop
      vertex 61.927246898412704 30.185517318546772 0
      vertex 63.05895899236202 30.29698123037815 0
      vertex 62.49584087729454 30.21345054358244 0
    endloop
  endfacet
  facet normal 0 0 -1
    outer loop
      vertex 63.61117809265852 30.435304917395115 0
      vertex 61.892824896740024 30.18720836266967 0
      vertex 62.34421021441122 30.449512444879772 0
    endloop
  endfacet
  facet normal 0 0 -1
    outer loop
      vertex 64.1471800133586 30.627089470624924 0
      vertex 62.34421021441122 30.449512444879772 0
      vertex 61.108158983165644 30.477791943032354 0
    endloop
  endfacet
  facet normal 0 0 -1
    outer loop
      vertex 63.05895899236202 30.29698123037815 0
      vertex 61.892824896740024 30.18720836266967 0
      vertex 63.61117809265852 30.435304917395115 0
    endloop
  endfacet
  facet normal 0 0 -1
    outer loop
      vertex 64.1471800133586 30.627089470624924 0
      vertex 61.108158983165644 30.477791943032354 0
      vertex 64.66180277615786 30.87048790603876 0
    endloop
  endfacet
  facet normal 0 0 -1
    outer loop
      vertex 63.61117809265852 30.435304917395115 0
      vertex 62.34421021441122 30.449512444879772 0
      vertex 64.1471800133586 30.627089470624924 0
    endloop
  endfacet
  facet normal 0 0 -1
    outer loop
      vertex 64.66180277615786 30.87048790603876 0
      vertex 61.108158983165644 30.477791943032354 0
      vertex 65.15009026229382 31.163156166672707 0
    endloop
  endfacet
  facet normal 0 0 -1
    outer loop
      vertex 65.59503756463528 31.49315157532692 0
      vertex 61.108158983165644 30.477791943032354 0
      vertex 63.79288743951796 31.4068458356234 0
    endloop
  endfacet
  facet normal 0 0 -1
    outer loop
      vertex 65.15009026229382 31.163156166672707 0
      vertex 61.108158983165644 30.477791943032354 0
      vertex 65.59503756463528 31.49315157532692 0
    endloop
  endfacet
  facet normal -0.049067663268715096 -0.9987954567484515 -3.824913005077619e-21
    outer loop
      vertex 61.927246898412704 30.185517318546772 0
      vertex 61.892824896740024 30.18720836266967 4
      vertex 61.892824896740024 30.18720836266967 0
    endloop
  endfacet
  facet normal 0.04906766391009324 -0.9987954567169427 0
    outer loop
      vertex 61.927246898412704 30.185517318546772 0
      vertex 62.49584087729454 30.21345054358244 0
      vertex 61.927246898412704 30.185517318546772 17.6
    endloop
  endfacet
  facet normal 0.14673048321505958 -0.9891765086654025 0
    outer loop
      vertex 62.49584087729454 30.21345054358244 0
      vertex 63.05895899236202 30.29698123037815 0
      vertex 62.49584087729454 30.21345054358244 17.6
    endloop
  endfacet
  facet normal 0.24298018523239626 -0.9700312518596658 0
    outer loop
      vertex 63.05895899236202 30.29698123037815 0
      vertex 63.61117809265852 30.435304917395115 0
      vertex 63.05895899236202 30.29698123037815 17.6
    endloop
  endfacet
  facet normal 0.336889852407653 -0.9415440655353045 0
    outer loop
      vertex 63.61117809265852 30.435304917395115 0
      vertex 64.1471800133586 30.627089470624924 0
      vertex 63.61117809265852 30.435304917395115 17.6
    endloop
  endfacet
  facet normal -0.5956992898580452 -0.8032075423342466 0
    outer loop
      vertex 58.70440353453159 31.163156166672707 17.6
      vertex 58.24715378135443 31.502275682985783 4
      vertex 58.70440353453159 31.163156166672707 4
    endloop
  endfacet
  facet normal -0.7409511240493721 -0.6715589562875116 0
    outer loop
      vertex 57.82534535229206 31.884580574929714 17.6
      vertex 57.44304047524929 32.30638900399208 4
      vertex 57.82534535229206 31.884580574929714 4
    endloop
  endfacet
  facet normal -0.6715589706580662 -0.7409511110246603 0
    outer loop
      vertex 58.24715378135443 31.502275682985783 17.6
      vertex 57.82534535229206 31.884580574929714 4
      vertex 58.24715378135443 31.502275682985783 4
    endloop
  endfacet
  facet normal -0.8032075251657852 -0.5956993130070358 0
    outer loop
      vertex 57.44304047524929 32.30638900399208 17.6
      vertex 57.10392094403505 32.763638749718666 4
      vertex 57.44304047524929 32.30638900399208 4
    endloop
  endfacet
  facet normal -0.8577286157925058 -0.5141027345294634 0
    outer loop
      vertex 57.10392094403505 32.763638749718666 17.6
      vertex 56.81125269085169 33.251926243305206 4
      vertex 57.10392094403505 32.763638749718666 4
    endloop
  endfacet
  facet normal -0.9415440628693089 -0.33688985985861153 0
    outer loop
      vertex 56.56785425543785 33.76654899120331 17.6
      vertex 56.37606969475746 34.30255091935396 4
      vertex 56.56785425543785 33.76654899120331 4
    endloop
  endfacet
  facet normal -0.9039892912321709 -0.42755509742904196 0
    outer loop
      vertex 56.81125269085169 33.251926243305206 17.6
      vertex 56.56785425543785 33.76654899120331 4
      vertex 56.81125269085169 33.251926243305206 4
    endloop
  endfacet
  facet normal -0.9700312557171145 -0.2429801698325978 0
    outer loop
      vertex 56.37606969475746 34.30255091935396 17.6
      vertex 56.23774601519108 34.85477002710104 4
      vertex 56.37606969475746 34.30255091935396 4
    endloop
  endfacet
  facet normal -0.9891765083836258 -0.14673048511464384 0
    outer loop
      vertex 56.23774601519108 34.85477002710104 17.6
      vertex 56.15421532839537 35.41788813471794 4
      vertex 56.23774601519108 34.85477002710104 4
    endloop
  endfacet
  facet normal -0.9987954567169427 -0.04906766391009324 0
    outer loop
      vertex 56.15421532839537 35.41788813471794 17.6
      vertex 56.1262821033597 35.98648211359978 4
      vertex 56.15421532839537 35.41788813471794 4
    endloop
  endfacet
  facet normal -0.9987954567169427 0.04906766391009324 0
    outer loop
      vertex 56.1262821033597 35.98648211359978 17.6
      vertex 56.15421532839537 36.55507609248161 4
      vertex 56.1262821033597 35.98648211359978 4
    endloop
  endfacet
  facet normal -0.04906766326871509 -0.9987954567484515 0
    outer loop
      vertex 61.927246898412704 30.185517318546772 0
      vertex 61.927246898412704 30.185517318546772 17.6
      vertex 61.892824896740024 30.18720836266967 4
    endloop
  endfacet
  facet normal -0.14673048511464384 -0.9891765083836258 0
    outer loop
      vertex 61.35865291208029 30.21345054358244 17.6
      vertex 60.79553480446339 30.29698123037815 4
      vertex 61.35865291208029 30.21345054358244 4
    endloop
  endfacet
  facet normal -0.514102749929262 -0.8577286065622218 0
    outer loop
      vertex 59.19269102066755 30.87048790603876 17.6
      vertex 58.70440353453159 31.163156166672707 4
      vertex 59.19269102066755 30.87048790603876 4
    endloop
  endfacet
  facet normal -0.42755508731208774 -0.9039892960171337 0
    outer loop
      vertex 59.707313783466816 30.627089470624924 17.6
      vertex 59.19269102066755 30.87048790603876 4
      vertex 59.707313783466816 30.627089470624924 4
    endloop
  endfacet
  facet normal -0.33688985655903797 -0.9415440640499152 0
    outer loop
      vertex 60.24331569671631 30.435304917395115 17.6
      vertex 59.707313783466816 30.627089470624924 4
      vertex 60.24331569671631 30.435304917395115 4
    endloop
  endfacet
  facet normal -0.242980182147639 -0.9700312526323572 0
    outer loop
      vertex 60.79553480446339 30.29698123037815 17.6
      vertex 60.24331569671631 30.435304917395115 4
      vertex 60.79553480446339 30.29698123037815 4
    endloop
  endfacet
  facet normal -0.0490676632686802 -0.9987954567484533 -8.853833657158303e-17
    outer loop
      vertex 61.927246898412704 30.185517318546772 17.6
      vertex 61.35865291208029 30.21345054358244 4
      vertex 61.892824896740024 30.18720836266967 4
    endloop
  endfacet
  facet normal 0 0 -1
    outer loop
      vertex 57.10392094403505 39.20932547748089 0
      vertex 57.77557050235953 39.353176302769576 0
      vertex 56.87725579968661 38.83115752105416 0
    endloop
  endfacet
  facet normal 0 0 -1
    outer loop
      vertex 57.10392094403505 39.20932547748089 0
      vertex 57.44304047524929 39.666575223207474 0
      vertex 57.77557050235953 39.353176302769576 0
    endloop
  endfacet
  facet normal 0 0 -1
    outer loop
      vertex 57.44304047524929 39.666575223207474 0
      vertex 57.82534535229206 40.08838365226984 0
      vertex 57.77557050235953 39.353176302769576 0
    endloop
  endfacet
  facet normal 0 0 -1
    outer loop
      vertex 57.82534535229206 40.08838365226984 0
      vertex 58.22933714836836 40.454540483653545 0
      vertex 57.77557050235953 39.353176302769576 0
    endloop
  endfacet
  facet normal 0 0 -1
    outer loop
      vertex 58.22933714836836 40.454540483653545 0
      vertex 59.74741402534734 40.06466257985338 0
      vertex 57.77557050235953 39.353176302769576 0
    endloop
  endfacet
  facet normal 0 0 -1
    outer loop
      vertex 63.41187696158886 44.803596928715706 0
      vertex 63.57388500840534 32.90583888716865 0
      vertex 59.74741402534734 40.06466257985338 0
    endloop
  endfacet
  facet normal 0 0 -1
    outer loop
      vertex 58.22933714836836 40.454540483653545 0
      vertex 63.41187696158886 44.803596928715706 0
      vertex 59.74741402534734 40.06466257985338 0
    endloop
  endfacet
  facet normal 0 0 -1
    outer loop
      vertex 63.41187696158886 44.803596928715706 0
      vertex 64.83731072920956 45.99967787760553 0
      vertex 63.57388500840534 32.90583888716865 0
    endloop
  endfacet
  facet normal -0.8577286157925063 0.5141027345294628 0
    outer loop
      vertex 57.10392094403505 39.20932547748089 0
      vertex 56.87725579968661 38.83115752105416 0
      vertex 57.10392094403505 39.20932547748089 17.6
    endloop
  endfacet
  facet normal -0.8032075251657852 0.5956993130070358 0
    outer loop
      vertex 57.10392094403505 39.20932547748089 0
      vertex 57.44304047524929 39.666575223207474 17.6
      vertex 57.44304047524929 39.666575223207474 0
    endloop
  endfacet
  facet normal -0.740951124049372 0.6715589562875115 0
    outer loop
      vertex 57.44304047524929 39.666575223207474 0
      vertex 57.82534535229206 40.08838365226984 17.6
      vertex 57.82534535229206 40.08838365226984 0
    endloop
  endfacet
  facet normal -0.6715589656241041 0.740951115587178 0
    outer loop
      vertex 57.82534535229206 40.08838365226984 0
      vertex 58.22933714836836 40.454540483653545 17.6
      vertex 58.22933714836836 40.454540483653545 0
    endloop
  endfacet
  facet normal -0.6428213669421766 0.7660161161506929 -5.128088495426078e-18
    outer loop
      vertex 58.22933714836836 40.454540483653545 0
      vertex 63.41187696158886 44.803596928715706 17.6
      vertex 63.41187696158886 44.803596928715706 0
    endloop
  endfacet
  facet normal -0.8577286157925064 0.5141027345294625 1.5881051931970457e-18
    outer loop
      vertex 57.10392094403505 39.20932547748089 17.6
      vertex 56.87725579968661 38.83115752105416 0
      vertex 56.87725579968661 38.83115752105416 4
    endloop
  endfacet
  facet normal -0.9891765083836258 0.14673048511464384 0
    outer loop
      vertex 56.15421532839537 36.55507609248161 17.6
      vertex 56.23774601519108 37.118194200098515 4
      vertex 56.15421532839537 36.55507609248161 4
    endloop
  endfacet
  facet normal -0.9700312557171145 0.2429801698325978 0
    outer loop
      vertex 56.23774601519108 37.118194200098515 17.6
      vertex 56.37606969475746 37.67041330784559 4
      vertex 56.23774601519108 37.118194200098515 4
    endloop
  endfacet
  facet normal -0.9415440628693089 0.33688985985861153 0
    outer loop
      vertex 56.37606969475746 37.67041330784559 17.6
      vertex 56.56785425543785 38.206415235996246 4
      vertex 56.37606969475746 37.67041330784559 4
    endloop
  endfacet
  facet normal -0.9039892912321709 0.42755509742904196 0
    outer loop
      vertex 56.56785425543785 38.206415235996246 17.6
      vertex 56.81125269085169 38.72103798389435 4
      vertex 56.56785425543785 38.206415235996246 4
    endloop
  endfacet
  facet normal -0.8577286157925043 0.514102734529466 0
    outer loop
      vertex 56.81125269085169 38.72103798389435 17.6
      vertex 56.87725579968661 38.83115752105416 4
      vertex 56.81125269085169 38.72103798389435 4
    endloop
  endfacet
  facet normal -0.6427876097532864 0.7660444430629706 0
    outer loop
      vertex 63.41187696158886 44.803596928715706 0
      vertex 63.41187696158886 44.803596928715706 17.6
      vertex 64.83731072920956 45.99967787760553 4
    endloop
  endfacet
  facet normal 0 0 -1
    outer loop
      vertex 65.59503756463528 31.49315157532692 0
      vertex 63.79288743951796 31.4068458356234 0
      vertex 63.57388500840534 32.90583888716865 0
    endloop
  endfacet
  facet normal 0 0 -1
    outer loop
      vertex 65.59503756463528 31.49315157532692 0
      vertex 63.57388500840534 32.90583888716865 0
      vertex 70.0345855280757 35.217984691262245 0
    endloop
  endfacet
  facet normal 0 0 -1
    outer loop
      vertex 70.0345855280757 35.217984691262245 0
      vertex 63.57388500840534 32.90583888716865 0
      vertex 73.98084425003638 40.68048110507635 0
    endloop
  endfacet
  facet normal 0.4275550873120877 -0.9039892960171338 0
    outer loop
      vertex 64.1471800133586 30.627089470624924 0
      vertex 64.66180277615786 30.87048790603876 0
      vertex 64.1471800133586 30.627089470624924 17.6
    endloop
  endfacet
  facet normal 0.514102749929262 -0.8577286065622218 0
    outer loop
      vertex 64.66180277615786 30.87048790603876 0
      vertex 65.15009026229382 31.163156166672707 0
      vertex 64.66180277615786 30.87048790603876 17.6
    endloop
  endfacet
  facet normal 0.5956993031070315 -0.8032075325081289 0
    outer loop
      vertex 65.15009026229382 31.163156166672707 0
      vertex 65.59503756463528 31.49315157532692 0
      vertex 65.15009026229382 31.163156166672707 17.6
    endloop
  endfacet
  facet normal 0.6427481228622456 -0.766077574764501 0
    outer loop
      vertex 65.59503756463528 31.49315157532692 0
      vertex 70.0345855280757 35.217984691262245 0
      vertex 65.59503756463528 31.49315157532692 17.6
    endloop
  endfacet
  facet normal 0.6427876097367956 -0.766044443076808 0
    outer loop
      vertex 70.0345855280757 35.217984691262245 0
      vertex 72.95879765008077 37.67169000464775 4
      vertex 70.0345855280757 35.217984691262245 17.6
    endloop
  endfacet
  facet normal 0 0 -1
    outer loop
      vertex 66.73103751112384 46.2312153329323 0
      vertex 63.57388500840534 32.90583888716865 0
      vertex 64.83731072920956 45.99967787760553 0
    endloop
  endfacet
  facet normal 0 0 -1
    outer loop
      vertex 72.27035717666149 52.23674441128969 0
      vertex 63.57388500840534 32.90583888716865 0
      vertex 66.73103751112384 46.2312153329323 0
    endloop
  endfacet
  facet normal 0 0 -1
    outer loop
      vertex 73.81827783653372 40.80494827892329 0
      vertex 73.98084425003638 40.68048110507635 0
      vertex 63.57388500840534 32.90583888716865 0
    endloop
  endfacet
  facet normal 0 0 -1
    outer loop
      vertex 70.0345855280757 35.217984691262245 0
      vertex 73.98084425003638 40.68048110507635 0
      vertex 72.95879765008077 37.67169000464775 0
    endloop
  endfacet
  facet normal 0 0 -1
    outer loop
      vertex 80.50811890512705 47.282483607530594 0
      vertex 73.81827783653372 40.80494827892329 0
      vertex 63.57388500840534 32.90583888716865 0
    endloop
  endfacet
  facet normal 0 0 -1
    outer loop
      vertex 73.98084425003638 40.68048110507635 0
      vertex 73.48615870136233 38.11419846833433 0
      vertex 72.95879765008077 37.67169000464775 0
    endloop
  endfacet
  facet normal 0.6427876097367956 -0.766044443076808 -6.690864921411824e-18
    outer loop
      vertex 70.0345855280757 35.217984691262245 0
      vertex 72.95879765008077 37.67169000464775 0
      vertex 72.95879765008077 37.67169000464775 4
    endloop
  endfacet
  facet normal 0 0 -1
    outer loop
      vertex 72.27035717666149 52.23674441128969 0
      vertex 79.59917144477367 47.900491029024124 0
      vertex 63.57388500840534 32.90583888716865 0
    endloop
  endfacet
  facet normal 0 0 -1
    outer loop
      vertex 79.59917144477367 47.900491029024124 0
      vertex 79.99296790361404 47.66445852071047 0
      vertex 63.57388500840534 32.90583888716865 0
    endloop
  endfacet
  facet normal 0 0 -1
    outer loop
      vertex 80.06217137724161 47.6182182431221 0
      vertex 63.57388500840534 32.90583888716865 0
      vertex 79.99296790361404 47.66445852071047 0
    endloop
  endfacet
  facet normal 0 0 -1
    outer loop
      vertex 66.73103751112384 46.2312153329323 0
      vertex 65.88511280579021 46.87888821376672 0
      vertex 72.14619812762797 52.132562599019906 0
    endloop
  endfacet
  facet normal -0.6427876097532864 0.7660444430629706 1.027676291600704e-17
    outer loop
      vertex 63.41187696158886 44.803596928715706 0
      vertex 64.83731072920956 45.99967787760553 4
      vertex 64.83731072920956 45.99967787760553 0
    endloop
  endfacet
  facet normal 0 0 -1
    outer loop
      vertex 72.27035717666149 52.23674441128969 0
      vertex 66.73103751112384 46.2312153329323 0
      vertex 72.14619812762797 52.132562599019906 0
    endloop
  endfacet
  facet normal 0 0 -1
    outer loop
      vertex 80.11063538840405 43.67279441391411 0
      vertex 73.48615870136233 38.11419846833433 0
      vertex 73.98084425003638 40.68048110507635 0
    endloop
  endfacet
  facet normal 0 0 -1
    outer loop
      vertex 80.44488307833672 47.33437989652157 0
      vertex 80.50811890512705 47.282483607530594 0
      vertex 63.57388500840534 32.90583888716865 0
    endloop
  endfacet
  facet normal 0 0 -1
    outer loop
      vertex 80.44488307833672 47.33437989652157 0
      vertex 63.57388500840534 32.90583888716865 0
      vertex 80.06217137724161 47.6182182431221 0
    endloop
  endfacet
  facet normal 0 0 -1
    outer loop
      vertex 80.50811890512705 47.282483607530594 0
      vertex 80.82425142459122 46.998002416388935 0
      vertex 73.81827783653372 40.80494827892329 0
    endloop
  endfacet
  facet normal 0.6689152655319183 0.7433386627495998 -9.014312183226493e-20
    outer loop
      vertex 80.50811890512705 47.282483607530594 0
      vertex 80.82425142459122 46.998002416388935 4
      vertex 80.82425142459122 46.998002416388935 0
    endloop
  endfacet
  facet normal -0.6427876097532872 0.7660444430629699 0
    outer loop
      vertex 72.27035717666149 52.23674441128969 0
      vertex 72.14619812762797 52.132562599019906 0
      vertex 72.27035717666149 52.23674441128969 17.6
    endloop
  endfacet
  facet normal -0.642787609753286 0.7660444430629708 7.207342567620207e-17
    outer loop
      vertex 63.41187696158886 44.803596928715706 17.6
      vertex 72.14619812762797 52.132562599019906 4
      vertex 64.83731072920956 45.99967787760553 4
    endloop
  endfacet
  facet normal -0.6427876097532873 0.7660444430629698 -1.0759490998880488e-18
    outer loop
      vertex 72.27035717666149 52.23674441128969 17.6
      vertex 72.14619812762797 52.132562599019906 0
      vertex 72.14619812762797 52.132562599019906 4
    endloop
  endfacet
  facet normal 0.642787609736795 -0.7660444430768084 0
    outer loop
      vertex 82.39207527786493 45.587149783968925 17.6
      vertex 72.95879765008077 37.67169000464775 4
      vertex 82.39207527786493 45.587149783968925 4
    endloop
  endfacet
  facet normal 0.5141027350900257 0.8577286154565177 0
    outer loop
      vertex 79.59917144477367 47.900491029024124 0
      vertex 79.99296790361404 47.66445852071047 17.6
      vertex 79.99296790361404 47.66445852071047 0
    endloop
  endfacet
  facet normal 0.5092158203784093 0.860638860542762 1.1852358548629295e-17
    outer loop
      vertex 72.27035717666149 52.23674441128969 0
      vertex 79.59917144477367 47.900491029024124 17.6
      vertex 79.59917144477367 47.900491029024124 0
    endloop
  endfacet
  facet normal 0.5956993104751858 0.8032075270435333 0
    outer loop
      vertex 80.44488307833672 47.33437989652157 0
      vertex 80.06217137724161 47.6182182431221 0
      vertex 80.44488307833672 47.33437989652157 17.6
    endloop
  endfacet
  facet normal 0.6343931901076912 0.7730105305524542 0
    outer loop
      vertex 80.44488307833672 47.33437989652157 0
      vertex 80.50811890512705 47.282483607530594 17.6
      vertex 80.50811890512705 47.282483607530594 0
    endloop
  endfacet
  facet normal 0.5555701901638449 0.8314696409378453 0
    outer loop
      vertex 80.06217137724161 47.6182182431221 0
      vertex 79.99296790361404 47.66445852071047 0
      vertex 80.06217137724161 47.6182182431221 17.6
    endloop
  endfacet
  facet normal 0.6689152655319183 0.7433386627495999 0
    outer loop
      vertex 80.50811890512705 47.282483607530594 0
      vertex 80.50811890512705 47.282483607530594 17.6
      vertex 80.82425142459122 46.998002416388935 4
    endloop
  endfacet
  facet normal 0.668915265531913 0.7433386627496046 -2.2061457826672218e-16
    outer loop
      vertex 80.50811890512705 47.282483607530594 17.6
      vertex 82.39207527786493 45.587149783968925 4
      vertex 80.82425142459122 46.998002416388935 4
    endloop
  endfacet
  facet normal -0.6715589706580662 -0.7409511110246603 0
    outer loop
      vertex 58.24715378135443 31.502275682985783 17.6
      vertex 57.82534535229206 31.884580574929714 17.6
      vertex 57.82534535229206 31.884580574929714 4
    endloop
  endfacet
  facet normal -0.7409511240493721 -0.6715589562875116 0
    outer loop
      vertex 57.82534535229206 31.884580574929714 17.6
      vertex 57.44304047524929 32.30638900399208 17.6
      vertex 57.44304047524929 32.30638900399208 4
    endloop
  endfacet
  facet normal -0.5956992898580452 -0.8032075423342466 0
    outer loop
      vertex 58.24715378135443 31.502275682985783 17.6
      vertex 58.24715378135443 31.502275682985783 4
      vertex 58.70440353453159 31.163156166672707 17.6
    endloop
  endfacet
  facet normal -0.8032075251657852 -0.5956993130070358 0
    outer loop
      vertex 57.10392094403505 32.763638749718666 17.6
      vertex 57.10392094403505 32.763638749718666 4
      vertex 57.44304047524929 32.30638900399208 17.6
    endloop
  endfacet
  facet normal -0.8577286157925058 -0.5141027345294634 0
    outer loop
      vertex 57.10392094403505 32.763638749718666 17.6
      vertex 56.81125269085169 33.251926243305206 17.6
      vertex 56.81125269085169 33.251926243305206 4
    endloop
  endfacet
  facet normal -0.9039892912321709 -0.42755509742904196 0
    outer loop
      vertex 56.56785425543785 33.76654899120331 17.6
      vertex 56.56785425543785 33.76654899120331 4
      vertex 56.81125269085169 33.251926243305206 17.6
    endloop
  endfacet
  facet normal -0.9415440628693089 -0.33688985985861153 0
    outer loop
      vertex 56.56785425543785 33.76654899120331 17.6
      vertex 56.37606969475746 34.30255091935396 17.6
      vertex 56.37606969475746 34.30255091935396 4
    endloop
  endfacet
  facet normal -0.9700312557171145 -0.2429801698325978 0
    outer loop
      vertex 56.37606969475746 34.30255091935396 17.6
      vertex 56.23774601519108 34.85477002710104 17.6
      vertex 56.23774601519108 34.85477002710104 4
    endloop
  endfacet
  facet normal -0.9891765083836258 -0.14673048511464384 0
    outer loop
      vertex 56.23774601519108 34.85477002710104 17.6
      vertex 56.15421532839537 35.41788813471794 17.6
      vertex 56.15421532839537 35.41788813471794 4
    endloop
  endfacet
  facet normal -0.9987954567169427 -0.04906766391009324 0
    outer loop
      vertex 56.15421532839537 35.41788813471794 17.6
      vertex 56.1262821033597 35.98648211359978 17.6
      vertex 56.1262821033597 35.98648211359978 4
    endloop
  endfacet
  facet normal -0.9987954567169427 0.04906766391009324 0
    outer loop
      vertex 56.1262821033597 35.98648211359978 17.6
      vertex 56.15421532839537 36.55507609248161 17.6
      vertex 56.15421532839537 36.55507609248161 4
    endloop
  endfacet
  facet normal 0.04906766391009324 -0.9987954567169427 0
    outer loop
      vertex 62.49584087729454 30.21345054358244 0
      vertex 62.49584087729454 30.21345054358244 17.6
      vertex 61.927246898412704 30.185517318546772 17.6
    endloop
  endfacet
  facet normal 0.14673048321505958 -0.9891765086654025 0
    outer loop
      vertex 63.05895899236202 30.29698123037815 0
      vertex 63.05895899236202 30.29698123037815 17.6
      vertex 62.49584087729454 30.21345054358244 17.6
    endloop
  endfacet
  facet normal 0.24298018523239626 -0.9700312518596658 0
    outer loop
      vertex 63.61117809265852 30.435304917395115 0
      vertex 63.61117809265852 30.435304917395115 17.6
      vertex 63.05895899236202 30.29698123037815 17.6
    endloop
  endfacet
  facet normal 0.336889852407653 -0.9415440655353045 0
    outer loop
      vertex 64.1471800133586 30.627089470624924 0
      vertex 64.1471800133586 30.627089470624924 17.6
      vertex 63.61117809265852 30.435304917395115 17.6
    endloop
  endfacet
  facet normal -0.14673048511464384 -0.9891765083836258 0
    outer loop
      vertex 60.79553480446339 30.29698123037815 17.6
      vertex 60.79553480446339 30.29698123037815 4
      vertex 61.35865291208029 30.21345054358244 17.6
    endloop
  endfacet
  facet normal -0.514102749929262 -0.8577286065622218 0
    outer loop
      vertex 59.19269102066755 30.87048790603876 17.6
      vertex 58.70440353453159 31.163156166672707 17.6
      vertex 58.70440353453159 31.163156166672707 4
    endloop
  endfacet
  facet normal -0.42755508731208774 -0.9039892960171337 0
    outer loop
      vertex 59.19269102066755 30.87048790603876 17.6
      vertex 59.19269102066755 30.87048790603876 4
      vertex 59.707313783466816 30.627089470624924 17.6
    endloop
  endfacet
  facet normal -0.33688985655903797 -0.9415440640499152 0
    outer loop
      vertex 60.24331569671631 30.435304917395115 17.6
      vertex 59.707313783466816 30.627089470624924 17.6
      vertex 59.707313783466816 30.627089470624924 4
    endloop
  endfacet
  facet normal -0.242980182147639 -0.9700312526323572 0
    outer loop
      vertex 60.24331569671631 30.435304917395115 17.6
      vertex 60.24331569671631 30.435304917395115 4
      vertex 60.79553480446339 30.29698123037815 17.6
    endloop
  endfacet
  facet normal -0.04906766326868232 -0.9987954567484532 0
    outer loop
      vertex 61.35865291208029 30.21345054358244 17.6
      vertex 61.35865291208029 30.21345054358244 4
      vertex 61.927246898412704 30.185517318546772 17.6
    endloop
  endfacet
  facet normal 0 0 1
    outer loop
      vertex 59.19269102066755 30.87048790603876 17.6
      vertex 59.707313783466816 30.627089470624924 17.6
      vertex 65.15009026229382 31.163156166672707 17.6
    endloop
  endfacet
  facet normal 0 0 1
    outer loop
      vertex 59.19269102066755 30.87048790603876 17.6
      vertex 65.59503756463528 31.49315157532692 17.6
      vertex 58.70440353453159 31.163156166672707 17.6
    endloop
  endfacet
  facet normal 0 0 1
    outer loop
      vertex 61.35865291208029 30.21345054358244 17.6
      vertex 61.927246898412704 30.185517318546772 17.6
      vertex 63.05895899236202 30.29698123037815 17.6
    endloop
  endfacet
  facet normal 0 0 1
    outer loop
      vertex 61.927246898412704 30.185517318546772 17.6
      vertex 62.49584087729454 30.21345054358244 17.6
      vertex 63.05895899236202 30.29698123037815 17.6
    endloop
  endfacet
  facet normal 0 0 1
    outer loop
      vertex 60.24331569671631 30.435304917395115 17.6
      vertex 64.66180277615786 30.87048790603876 17.6
      vertex 59.707313783466816 30.627089470624924 17.6
    endloop
  endfacet
  facet normal 0 0 1
    outer loop
      vertex 60.24331569671631 30.435304917395115 17.6
      vertex 60.79553480446339 30.29698123037815 17.6
      vertex 64.1471800133586 30.627089470624924 17.6
    endloop
  endfacet
  facet normal 0 0 1
    outer loop
      vertex 60.79553480446339 30.29698123037815 17.6
      vertex 61.35865291208029 30.21345054358244 17.6
      vertex 63.61117809265852 30.435304917395115 17.6
    endloop
  endfacet
  facet normal 0 0 1
    outer loop
      vertex 61.35865291208029 30.21345054358244 17.6
      vertex 63.05895899236202 30.29698123037815 17.6
      vertex 63.61117809265852 30.435304917395115 17.6
    endloop
  endfacet
  facet normal 0 0 1
    outer loop
      vertex 60.79553480446339 30.29698123037815 17.6
      vertex 63.61117809265852 30.435304917395115 17.6
      vertex 64.1471800133586 30.627089470624924 17.6
    endloop
  endfacet
  facet normal 0 0 1
    outer loop
      vertex 60.24331569671631 30.435304917395115 17.6
      vertex 64.1471800133586 30.627089470624924 17.6
      vertex 64.66180277615786 30.87048790603876 17.6
    endloop
  endfacet
  facet normal 0 0 1
    outer loop
      vertex 59.707313783466816 30.627089470624924 17.6
      vertex 64.66180277615786 30.87048790603876 17.6
      vertex 65.15009026229382 31.163156166672707 17.6
    endloop
  endfacet
  facet normal 0 0 1
    outer loop
      vertex 59.19269102066755 30.87048790603876 17.6
      vertex 65.15009026229382 31.163156166672707 17.6
      vertex 65.59503756463528 31.49315157532692 17.6
    endloop
  endfacet
  facet normal 0 0 1
    outer loop
      vertex 58.24715378135443 31.502275682985783 17.6
      vertex 58.70440353453159 31.163156166672707 17.6
      vertex 70.0345855280757 35.217984691262245 17.6
    endloop
  endfacet
  facet normal 0 0 1
    outer loop
      vertex 57.82534535229206 31.884580574929714 17.6
      vertex 76.31996078357008 42.22008763915876 17.6
      vertex 57.44304047524929 32.30638900399208 17.6
    endloop
  endfacet
  facet normal 0 0 1
    outer loop
      vertex 56.56785425543785 33.76654899120331 17.6
      vertex 56.81125269085169 33.251926243305206 17.6
      vertex 76.31996078357008 42.22008763915876 17.6
    endloop
  endfacet
  facet normal 0 0 1
    outer loop
      vertex 57.10392094403505 32.763638749718666 17.6
      vertex 57.44304047524929 32.30638900399208 17.6
      vertex 76.31996078357008 42.22008763915876 17.6
    endloop
  endfacet
  facet normal 0 0 1
    outer loop
      vertex 57.10392094403505 32.763638749718666 17.6
      vertex 76.31996078357008 42.22008763915876 17.6
      vertex 56.81125269085169 33.251926243305206 17.6
    endloop
  endfacet
  facet normal -0.8032075251657852 0.5956993130070358 0
    outer loop
      vertex 57.10392094403505 39.20932547748089 0
      vertex 57.10392094403505 39.20932547748089 17.6
      vertex 57.44304047524929 39.666575223207474 17.6
    endloop
  endfacet
  facet normal -0.740951124049372 0.6715589562875115 0
    outer loop
      vertex 57.44304047524929 39.666575223207474 0
      vertex 57.44304047524929 39.666575223207474 17.6
      vertex 57.82534535229206 40.08838365226984 17.6
    endloop
  endfacet
  facet normal -0.6715589656241041 0.740951115587178 0
    outer loop
      vertex 57.82534535229206 40.08838365226984 0
      vertex 57.82534535229206 40.08838365226984 17.6
      vertex 58.22933714836836 40.454540483653545 17.6
    endloop
  endfacet
  facet normal -0.9891765083836258 0.14673048511464384 0
    outer loop
      vertex 56.15421532839537 36.55507609248161 17.6
      vertex 56.23774601519108 37.118194200098515 17.6
      vertex 56.23774601519108 37.118194200098515 4
    endloop
  endfacet
  facet normal -0.9700312557171145 0.2429801698325978 0
    outer loop
      vertex 56.23774601519108 37.118194200098515 17.6
      vertex 56.37606969475746 37.67041330784559 17.6
      vertex 56.37606969475746 37.67041330784559 4
    endloop
  endfacet
  facet normal -0.9415440628693089 0.33688985985861153 0
    outer loop
      vertex 56.37606969475746 37.67041330784559 17.6
      vertex 56.56785425543785 38.206415235996246 17.6
      vertex 56.56785425543785 38.206415235996246 4
    endloop
  endfacet
  facet normal -0.9039892912321709 0.42755509742904196 0
    outer loop
      vertex 56.56785425543785 38.206415235996246 17.6
      vertex 56.81125269085169 38.72103798389435 17.6
      vertex 56.81125269085169 38.72103798389435 4
    endloop
  endfacet
  facet normal -0.8577286157925058 0.5141027345294634 -2.766386276715964e-17
    outer loop
      vertex 56.81125269085169 38.72103798389435 17.6
      vertex 57.10392094403505 39.20932547748089 17.6
      vertex 56.87725579968661 38.83115752105416 4
    endloop
  endfacet
  facet normal -0.6428213669421766 0.7660161161506929 0
    outer loop
      vertex 58.22933714836836 40.454540483653545 0
      vertex 58.22933714836836 40.454540483653545 17.6
      vertex 63.41187696158886 44.803596928715706 17.6
    endloop
  endfacet
  facet normal 0 0 1
    outer loop
      vertex 56.15421532839537 35.41788813471794 17.6
      vertex 58.22933714836836 40.454540483653545 17.6
      vertex 56.1262821033597 35.98648211359978 17.6
    endloop
  endfacet
  facet normal 0 0 1
    outer loop
      vertex 56.1262821033597 35.98648211359978 17.6
      vertex 57.82534535229206 40.08838365226984 17.6
      vertex 56.15421532839537 36.55507609248161 17.6
    endloop
  endfacet
  facet normal 0 0 1
    outer loop
      vertex 56.15421532839537 36.55507609248161 17.6
      vertex 57.44304047524929 39.666575223207474 17.6
      vertex 56.23774601519108 37.118194200098515 17.6
    endloop
  endfacet
  facet normal 0 0 1
    outer loop
      vertex 56.23774601519108 37.118194200098515 17.6
      vertex 57.10392094403505 39.20932547748089 17.6
      vertex 56.37606969475746 37.67041330784559 17.6
    endloop
  endfacet
  facet normal 0 0 1
    outer loop
      vertex 56.37606969475746 37.67041330784559 17.6
      vertex 56.81125269085169 38.72103798389435 17.6
      vertex 56.56785425543785 38.206415235996246 17.6
    endloop
  endfacet
  facet normal 0 0 1
    outer loop
      vertex 56.37606969475746 37.67041330784559 17.6
      vertex 57.10392094403505 39.20932547748089 17.6
      vertex 56.81125269085169 38.72103798389435 17.6
    endloop
  endfacet
  facet normal 0 0 1
    outer loop
      vertex 56.23774601519108 34.85477002710104 17.6
      vertex 63.41187696158886 44.803596928715706 17.6
      vertex 56.15421532839537 35.41788813471794 17.6
    endloop
  endfacet
  facet normal 0 0 1
    outer loop
      vertex 56.23774601519108 37.118194200098515 17.6
      vertex 57.44304047524929 39.666575223207474 17.6
      vertex 57.10392094403505 39.20932547748089 17.6
    endloop
  endfacet
  facet normal 0 0 1
    outer loop
      vertex 56.15421532839537 36.55507609248161 17.6
      vertex 57.82534535229206 40.08838365226984 17.6
      vertex 57.44304047524929 39.666575223207474 17.6
    endloop
  endfacet
  facet normal 0 0 1
    outer loop
      vertex 56.1262821033597 35.98648211359978 17.6
      vertex 58.22933714836836 40.454540483653545 17.6
      vertex 57.82534535229206 40.08838365226984 17.6
    endloop
  endfacet
  facet normal 0 0 1
    outer loop
      vertex 56.15421532839537 35.41788813471794 17.6
      vertex 63.41187696158886 44.803596928715706 17.6
      vertex 58.22933714836836 40.454540483653545 17.6
    endloop
  endfacet
  facet normal 0 0 1
    outer loop
      vertex 56.37606969475746 34.30255091935396 17.6
      vertex 68.46044506311556 47.92716582693341 17.6
      vertex 56.23774601519108 34.85477002710104 17.6
    endloop
  endfacet
  facet normal 0 0 1
    outer loop
      vertex 56.56785425543785 33.76654899120331 17.6
      vertex 76.31996078357008 42.22008763915876 17.6
      vertex 56.37606969475746 34.30255091935396 17.6
    endloop
  endfacet
  facet normal 0 0 1
    outer loop
      vertex 56.23774601519108 34.85477002710104 17.6
      vertex 72.27035717666149 52.23674441128969 17.6
      vertex 63.41187696158886 44.803596928715706 17.6
    endloop
  endfacet
  facet normal 0.4275550873120877 -0.9039892960171338 0
    outer loop
      vertex 64.66180277615786 30.87048790603876 0
      vertex 64.66180277615786 30.87048790603876 17.6
      vertex 64.1471800133586 30.627089470624924 17.6
    endloop
  endfacet
  facet normal 0.514102749929262 -0.8577286065622218 0
    outer loop
      vertex 65.15009026229382 31.163156166672707 0
      vertex 65.15009026229382 31.163156166672707 17.6
      vertex 64.66180277615786 30.87048790603876 17.6
    endloop
  endfacet
  facet normal 0.5956993031070315 -0.8032075325081289 0
    outer loop
      vertex 65.59503756463528 31.49315157532692 0
      vertex 65.59503756463528 31.49315157532692 17.6
      vertex 65.15009026229382 31.163156166672707 17.6
    endloop
  endfacet
  facet normal 0.6427481228622456 -0.766077574764501 0
    outer loop
      vertex 70.0345855280757 35.217984691262245 0
      vertex 70.0345855280757 35.217984691262245 17.6
      vertex 65.59503756463528 31.49315157532692 17.6
    endloop
  endfacet
  facet normal 0 0 1
    outer loop
      vertex 58.70440353453159 31.163156166672707 17.6
      vertex 65.59503756463528 31.49315157532692 17.6
      vertex 70.0345855280757 35.217984691262245 17.6
    endloop
  endfacet
  facet normal 0 0 1
    outer loop
      vertex 58.24715378135443 31.502275682985783 17.6
      vertex 76.38117787171089 42.18339552858 17.6
      vertex 57.82534535229206 31.884580574929714 17.6
    endloop
  endfacet
  facet normal 0 0 1
    outer loop
      vertex 58.24715378135443 31.502275682985783 17.6
      vertex 70.0345855280757 35.217984691262245 17.6
      vertex 76.51289573321746 42.1288362039372 17.6
    endloop
  endfacet
  facet normal -0.6427876097532861 0.7660444430629708 3.669847972947362e-18
    outer loop
      vertex 63.41187696158886 44.803596928715706 17.6
      vertex 72.27035717666149 52.23674441128969 17.6
      vertex 72.14619812762797 52.132562599019906 4
    endloop
  endfacet
  facet normal 0.6427876097367952 -0.7660444430768084 -1.648150387185502e-16
    outer loop
      vertex 70.0345855280757 35.217984691262245 17.6
      vertex 72.95879765008077 37.67169000464775 4
      vertex 82.39207527786493 45.587149783968925 17.6
    endloop
  endfacet
  facet normal 0.5555701901638449 0.8314696409378453 0
    outer loop
      vertex 79.99296790361404 47.66445852071047 0
      vertex 79.99296790361404 47.66445852071047 17.6
      vertex 80.06217137724161 47.6182182431221 17.6
    endloop
  endfacet
  facet normal 0.5141027350900257 0.8577286154565177 0
    outer loop
      vertex 79.59917144477367 47.900491029024124 0
      vertex 79.59917144477367 47.900491029024124 17.6
      vertex 79.99296790361404 47.66445852071047 17.6
    endloop
  endfacet
  facet normal 0.5092158203784093 0.860638860542762 0
    outer loop
      vertex 72.27035717666149 52.23674441128969 0
      vertex 72.27035717666149 52.23674441128969 17.6
      vertex 79.59917144477367 47.900491029024124 17.6
    endloop
  endfacet
  facet normal 0.5956993104751858 0.8032075270435333 0
    outer loop
      vertex 80.06217137724161 47.6182182431221 0
      vertex 80.06217137724161 47.6182182431221 17.6
      vertex 80.44488307833672 47.33437989652157 17.6
    endloop
  endfacet
  facet normal 0.6343931901076912 0.7730105305524542 0
    outer loop
      vertex 80.44488307833672 47.33437989652157 0
      vertex 80.44488307833672 47.33437989652157 17.6
      vertex 80.50811890512705 47.282483607530594 17.6
    endloop
  endfacet
  facet normal 0.6689152655319139 0.7433386627496039 0
    outer loop
      vertex 82.39207527786493 45.587149783968925 17.6
      vertex 82.39207527786493 45.587149783968925 4
      vertex 80.50811890512705 47.282483607530594 17.6
    endloop
  endfacet
  facet normal 0 0 1
    outer loop
      vertex 56.37606969475746 34.30255091935396 17.6
      vertex 68.6977912677183 46.97962666393084 17.6
      vertex 68.6404654123408 47.02214241588706 17.6
    endloop
  endfacet
  facet normal 0 0 1
    outer loop
      vertex 56.37606969475746 34.30255091935396 17.6
      vertex 68.6404654123408 47.02214241588706 17.6
      vertex 68.58758286905143 47.07007235928793 17.6
    endloop
  endfacet
  facet normal 0 0 1
    outer loop
      vertex 56.37606969475746 34.30255091935396 17.6
      vertex 68.58758286905143 47.07007235928793 17.6
      vertex 68.53965292565056 47.122954902577305 17.6
    endloop
  endfacet
  facet normal 0 0 1
    outer loop
      vertex 56.37606969475746 34.30255091935396 17.6
      vertex 68.46044506311557 47.2414978460956 17.6
      vertex 68.42992995899706 47.30601661297626 17.6
    endloop
  endfacet
  facet normal 0 0 1
    outer loop
      vertex 56.37606969475746 34.30255091935396 17.6
      vertex 68.49713717369434 47.1802807579548 17.6
      vertex 68.46044506311557 47.2414978460956 17.6
    endloop
  endfacet
  facet normal 0 0 1
    outer loop
      vertex 56.37606969475746 34.30255091935396 17.6
      vertex 68.53965292565056 47.122954902577305 17.6
      vertex 68.49713717369434 47.1802807579548 17.6
    endloop
  endfacet
  facet normal 0 0 1
    outer loop
      vertex 56.37606969475746 34.30255091935396 17.6
      vertex 68.3885439605302 47.44244796595732 17.6
      vertex 68.37807163597095 47.513046643547554 17.6
    endloop
  endfacet
  facet normal 0 0 1
    outer loop
      vertex 56.37606969475746 34.30255091935396 17.6
      vertex 68.40588573847276 47.37321570760217 17.6
      vertex 68.3885439605302 47.44244796595732 17.6
    endloop
  endfacet
  facet normal 0 0 1
    outer loop
      vertex 56.37606969475746 34.30255091935396 17.6
      vertex 68.42992995899706 47.30601661297626 17.6
      vertex 68.40588573847276 47.37321570760217 17.6
    endloop
  endfacet
  facet normal 0 0 1
    outer loop
      vertex 56.37606969475746 34.30255091935396 17.6
      vertex 68.37456961900527 47.58433183651451 17.6
      vertex 68.37807163597095 47.655617029481455 17.6
    endloop
  endfacet
  facet normal 0 0 1
    outer loop
      vertex 56.37606969475746 34.30255091935396 17.6
      vertex 68.37807163597095 47.513046643547554 17.6
      vertex 68.37456961900527 47.58433183651451 17.6
    endloop
  endfacet
  facet normal 0 0 1
    outer loop
      vertex 56.37606969475746 34.30255091935396 17.6
      vertex 68.40588573847276 47.79544796542684 17.6
      vertex 68.42992995899706 47.86264706005276 17.6
    endloop
  endfacet
  facet normal 0 0 1
    outer loop
      vertex 56.37606969475746 34.30255091935396 17.6
      vertex 68.38854396053021 47.72621570707169 17.6
      vertex 68.40588573847276 47.79544796542684 17.6
    endloop
  endfacet
  facet normal 0 0 1
    outer loop
      vertex 56.37606969475746 34.30255091935396 17.6
      vertex 68.37807163597095 47.655617029481455 17.6
      vertex 68.38854396053021 47.72621570707169 17.6
    endloop
  endfacet
  facet normal 0 0 1
    outer loop
      vertex 56.37606969475746 34.30255091935396 17.6
      vertex 68.42992995899706 47.86264706005276 17.6
      vertex 68.46044506311556 47.92716582693341 17.6
    endloop
  endfacet
  facet normal 0 0 1
    outer loop
      vertex 56.23774601519108 34.85477002710104 17.6
      vertex 68.46044506311556 47.92716582693341 17.6
      vertex 68.49713717369434 47.98838291507422 17.6
    endloop
  endfacet
  facet normal 0 0 1
    outer loop
      vertex 56.23774601519108 34.85477002710104 17.6
      vertex 68.49713717369434 47.98838291507422 17.6
      vertex 68.53965292565056 48.045708770451704 17.6
    endloop
  endfacet
  facet normal 0 0 1
    outer loop
      vertex 56.37606969475746 34.30255091935396 17.6
      vertex 76.31996078357008 42.22008763915876 17.6
      vertex 68.6977912677183 46.97962666393084 17.6
    endloop
  endfacet
  facet normal 0 0 1
    outer loop
      vertex 58.24715378135443 31.502275682985783 17.6
      vertex 76.51289573321746 42.1288362039372 17.6
      vertex 76.44569663859156 42.1528804244615 17.6
    endloop
  endfacet
  facet normal 0 0 1
    outer loop
      vertex 58.24715378135443 31.502275682985783 17.6
      vertex 76.44569663859156 42.1528804244615 17.6
      vertex 76.38117787171089 42.18339552858 17.6
    endloop
  endfacet
  facet normal 0 0 1
    outer loop
      vertex 57.82534535229206 31.884580574929714 17.6
      vertex 76.38117787171089 42.18339552858 17.6
      vertex 76.31996078357008 42.22008763915876 17.6
    endloop
  endfacet
  facet normal 0 0 1
    outer loop
      vertex 70.0345855280757 35.217984691262245 17.6
      vertex 76.65272666916285 42.10102210143538 17.6
      vertex 76.58212799157262 42.11149442599463 17.6
    endloop
  endfacet
  facet normal 0 0 1
    outer loop
      vertex 70.0345855280757 35.217984691262245 17.6
      vertex 76.79529705509675 42.10102210143538 17.6
      vertex 76.7240118621298 42.09752008446971 17.6
    endloop
  endfacet
  facet normal 0 0 1
    outer loop
      vertex 70.0345855280757 35.217984691262245 17.6
      vertex 76.7240118621298 42.09752008446971 17.6
      vertex 76.65272666916285 42.10102210143538 17.6
    endloop
  endfacet
  facet normal 0 0 1
    outer loop
      vertex 70.0345855280757 35.217984691262245 17.6
      vertex 76.58212799157262 42.11149442599463 17.6
      vertex 76.51289573321746 42.1288362039372 17.6
    endloop
  endfacet
  facet normal 0 0 1
    outer loop
      vertex 70.0345855280757 35.217984691262245 17.6
      vertex 76.86589573268698 42.111494425994636 17.6
      vertex 76.79529705509675 42.10102210143538 17.6
    endloop
  endfacet
  facet normal 0 0 1
    outer loop
      vertex 70.0345855280757 35.217984691262245 17.6
      vertex 77.00232708566804 42.1528804244615 17.6
      vertex 76.93512799104214 42.1288362039372 17.6
    endloop
  endfacet
  facet normal 0 0 1
    outer loop
      vertex 70.0345855280757 35.217984691262245 17.6
      vertex 76.93512799104214 42.1288362039372 17.6
      vertex 76.86589573268698 42.111494425994636 17.6
    endloop
  endfacet
  facet normal 0 0 1
    outer loop
      vertex 56.23774601519108 34.85477002710104 17.6
      vertex 68.53965292565056 48.045708770451704 17.6
      vertex 72.27035717666149 52.23674441128969 17.6
    endloop
  endfacet
  facet normal 0 0 1
    outer loop
      vertex 72.27035717666149 52.23674441128969 17.6
      vertex 68.53965292565056 48.045708770451704 17.6
      vertex 68.58758286905142 48.09859131374108 17.6
    endloop
  endfacet
  facet normal 0 0 1
    outer loop
      vertex 72.27035717666149 52.23674441128969 17.6
      vertex 68.58758286905142 48.09859131374108 17.6
      vertex 68.64046541234082 48.14652125714195 17.6
    endloop
  endfacet
  facet normal 0 0 1
    outer loop
      vertex 72.27035717666149 52.23674441128969 17.6
      vertex 68.64046541234082 48.14652125714195 17.6
      vertex 69.81129571977395 49.129021020066816 17.6
    endloop
  endfacet
  facet normal 0 0 1
    outer loop
      vertex 72.27035717666149 52.23674441128969 17.6
      vertex 69.81129571977395 49.129021020066816 17.6
      vertex 72.06064030936795 51.01644523558575 17.6
    endloop
  endfacet
  facet normal 0 0 1
    outer loop
      vertex 72.27035717666149 52.23674441128969 17.6
      vertex 72.06064030936795 51.01644523558575 17.6
      vertex 76.95380347753226 48.12129814346757 17.6
    endloop
  endfacet
  facet normal 0 0 1
    outer loop
      vertex 70.0345855280757 35.217984691262245 17.6
      vertex 77.18538879606699 42.26260339111499 17.6
      vertex 77.1280629406895 42.22008763915877 17.6
    endloop
  endfacet
  facet normal 0 0 1
    outer loop
      vertex 70.0345855280757 35.217984691262245 17.6
      vertex 77.1280629406895 42.22008763915877 17.6
      vertex 77.0668458525487 42.18339552858 17.6
    endloop
  endfacet
  facet normal 0 0 1
    outer loop
      vertex 70.0345855280757 35.217984691262245 17.6
      vertex 77.0668458525487 42.18339552858 17.6
      vertex 77.00232708566804 42.1528804244615 17.6
    endloop
  endfacet
  facet normal 0 0 1
    outer loop
      vertex 70.0345855280757 35.217984691262245 17.6
      vertex 78.46483104084474 43.3361264230341 17.6
      vertex 77.18538879606699 42.26260339111499 17.6
    endloop
  endfacet
  facet normal 0 0 1
    outer loop
      vertex 70.0345855280757 35.217984691262245 17.6
      vertex 82.39207527786493 45.587149783968925 17.6
      vertex 78.46483104084474 43.3361264230341 17.6
    endloop
  endfacet
  facet normal 0 0 1
    outer loop
      vertex 82.39207527786493 45.587149783968925 17.6
      vertex 80.5467875379517 45.08309535188368 17.6
      vertex 78.46483104084474 43.3361264230341 17.6
    endloop
  endfacet
  facet normal 0 0 1
    outer loop
      vertex 79.59917144477367 47.900491029024124 17.6
      vertex 77.83032167088302 47.52758745031471 17.6
      vertex 79.99296790361404 47.66445852071047 17.6
    endloop
  endfacet
  facet normal 0 0 1
    outer loop
      vertex 80.06217137724161 47.6182182431221 17.6
      vertex 79.99296790361404 47.66445852071047 17.6
      vertex 77.83032167088302 47.52758745031471 17.6
    endloop
  endfacet
  facet normal 0 0 1
    outer loop
      vertex 80.44488307833672 47.33437989652157 17.6
      vertex 80.06217137724161 47.6182182431221 17.6
      vertex 77.83032167088302 47.52758745031471 17.6
    endloop
  endfacet
  facet normal 0 0 1
    outer loop
      vertex 80.44488307833672 47.33437989652157 17.6
      vertex 77.83032167088302 47.52758745031471 17.6
      vertex 80.50811890512705 47.282483607530594 17.6
    endloop
  endfacet
  facet normal 0 0 1
    outer loop
      vertex 72.27035717666149 52.23674441128969 17.6
      vertex 77.34993810771978 47.88386418329133 17.6
      vertex 77.40664614094158 47.845973086442314 17.6
    endloop
  endfacet
  facet normal 0 0 1
    outer loop
      vertex 72.27035717666149 52.23674441128969 17.6
      vertex 77.22209821732268 47.96048846491252 17.6
      vertex 77.34993810771978 47.88386418329133 17.6
    endloop
  endfacet
  facet normal 0 0 1
    outer loop
      vertex 72.27035717666149 52.23674441128969 17.6
      vertex 76.95380347753226 48.12129814346757 17.6
      vertex 77.22209821732268 47.96048846491252 17.6
    endloop
  endfacet
  facet normal 0 0 1
    outer loop
      vertex 72.27035717666149 52.23674441128969 17.6
      vertex 77.40664614094158 47.845973086442314 17.6
      vertex 77.66566663218568 47.65387039755447 17.6
    endloop
  endfacet
  facet normal 0 0 1
    outer loop
      vertex 72.27035717666149 52.23674441128969 17.6
      vertex 77.77760067793125 47.57085445131349 17.6
      vertex 77.83032167088302 47.52758745031471 17.6
    endloop
  endfacet
  facet normal 0 0 1
    outer loop
      vertex 72.27035717666149 52.23674441128969 17.6
      vertex 77.66566663218568 47.65387039755447 17.6
      vertex 77.77760067793125 47.57085445131349 17.6
    endloop
  endfacet
  facet normal 0 0 1
    outer loop
      vertex 72.27035717666149 52.23674441128969 17.6
      vertex 77.83032167088302 47.52758745031471 17.6
      vertex 79.59917144477367 47.900491029024124 17.6
    endloop
  endfacet
  facet normal 0 0 1
    outer loop
      vertex 82.39207527786493 45.587149783968925 17.6
      vertex 77.83032167088302 47.52758745031471 17.6
      vertex 80.5467875379517 45.08309535188368 17.6
    endloop
  endfacet
  facet normal 0 0 1
    outer loop
      vertex 82.39207527786493 45.587149783968925 17.6
      vertex 80.50811890512705 47.282483607530594 17.6
      vertex 77.83032167088302 47.52758745031471 17.6
    endloop
  endfacet
  facet normal -0.8606388607489767 -0.5092158200298804 0
    outer loop
      vertex -34.47239013761282 -45.04942011088133 0
      vertex -34.47239013761282 -45.04942011088133 4
      vertex -84.88475631922483 40.1538271009922 4
    endloop
  endfacet
  facet normal -0.8606388607489767 -0.5092158200298804 6.560408782051107e-17
    outer loop
      vertex -34.47239013761282 -45.04942011088133 0
      vertex -84.88475631922483 40.1538271009922 4
      vertex -84.88475631922483 40.1538271009922 0
    endloop
  endfacet
  facet normal 0 0 -1
    outer loop
      vertex -34.47239013761282 -45.04942011088133 0
      vertex -84.88475631922483 40.1538271009922 0
      vertex -47.29560115157884 -11.679223284976676 0
    endloop
  endfacet
  facet normal 0 0 1
    outer loop
      vertex -34.47239013761282 -45.04942011088133 4
      vertex -48.654586620628834 -21.013964362442493 4
      vertex -84.88475631922483 40.1538271009922 4
    endloop
  endfacet
  facet normal 0 0 1
    outer loop
      vertex -84.88475631922483 40.1538271009922 4
      vertex -48.654586620628834 -21.013964362442493 4
      vertex -54.561826683580875 -11.029984764754772 4
    endloop
  endfacet
  facet normal 0 0 -1
    outer loop
      vertex -47.29560115157884 -11.679223284976676 0
      vertex -72.95879765008077 37.67169000464775 0
      vertex -46.79615437630456 -6.546471761692229 0
    endloop
  endfacet
  facet normal 0 0 1
    outer loop
      vertex -84.88475631922483 40.1538271009922 4
      vertex -54.561826683580875 -11.029984764754772 4
      vertex -46.79615437630456 -6.546471761692229 4
    endloop
  endfacet
  facet normal 0.8606388607760943 0.5092158199840483 0
    outer loop
      vertex -46.79615437630456 -6.546471761692229 0
      vertex -72.95879765008077 37.67169000464775 4
      vertex -46.79615437630456 -6.546471761692229 4
    endloop
  endfacet
  facet normal 0 0 -1
    outer loop
      vertex -34.03674689680338 -45.7014063000679 0
      vertex -34.27058353275061 -45.38611409813166 0
      vertex -28.089050449430943 -38.163833163678646 0
    endloop
  endfacet
  facet normal -0.5956993080192206 -0.8032075288650012 0
    outer loop
      vertex -33.48227821290493 -46.25587497651577 0
      vertex -33.166986010968685 -46.489711612463 0
      vertex -33.48227821290493 -46.25587497651577 4
    endloop
  endfacet
  facet normal -0.8577286153979925 -0.5141027351876691 0
    outer loop
      vertex -34.27058353275061 -45.38611409813166 0
      vertex -34.47239013761282 -45.04942011088133 4
      vertex -34.47239013761282 -45.04942011088133 0
    endloop
  endfacet
  facet normal -0.8032075288650012 -0.5956993080192206 0
    outer loop
      vertex -34.03674689680338 -45.7014063000679 0
      vertex -34.27058353275061 -45.38611409813166 4
      vertex -34.27058353275061 -45.38611409813166 0
    endloop
  endfacet
  facet normal -0.6715589436602841 -0.7409511354940239 0
    outer loop
      vertex -33.48227821290493 -46.25587497651577 0
      vertex -33.77313220500946 -45.99226029217243 4
      vertex -33.77313220500946 -45.99226029217243 0
    endloop
  endfacet
  facet normal -0.7409511260495372 -0.6715589540806695 0
    outer loop
      vertex -34.03674689680338 -45.7014063000679 0
      vertex -33.77313220500946 -45.99226029217243 0
      vertex -34.03674689680338 -45.7014063000679 4
    endloop
  endfacet
  facet normal -0.42755508759014554 -0.9039892958856223 0
    outer loop
      vertex -32.83029202371836 -46.69151822477579 0
      vertex -32.47543881088495 -46.85935129225254 0
      vertex -32.83029202371836 -46.69151822477579 4
    endloop
  endfacet
  facet normal -0.5141027491514958 -0.857728607028397 0
    outer loop
      vertex -32.83029202371836 -46.69151822477579 0
      vertex -33.166986010968685 -46.489711612463 4
      vertex -33.166986010968685 -46.489711612463 0
    endloop
  endfacet
  facet normal -0.3368898600571533 -0.9415440627982694 0
    outer loop
      vertex -32.47543881088495 -46.85935129225254 0
      vertex -32.10584378987551 -46.99159450829029 0
      vertex -32.47543881088495 -46.85935129225254 4
    endloop
  endfacet
  facet normal 0 0 -1
    outer loop
      vertex -34.27058353275061 -45.38611409813166 0
      vertex -34.47239013761282 -45.04942011088133 0
      vertex -28.089050449430943 -38.163833163678646 0
    endloop
  endfacet
  facet normal -0.6715589436602841 -0.7409511354940239 0
    outer loop
      vertex -33.48227821290493 -46.25587497651577 0
      vertex -33.48227821290493 -46.25587497651577 4
      vertex -33.77313220500946 -45.99226029217243 4
    endloop
  endfacet
  facet normal -0.8032075288650012 -0.5956993080192206 0
    outer loop
      vertex -34.03674689680338 -45.7014063000679 0
      vertex -34.03674689680338 -45.7014063000679 4
      vertex -34.27058353275061 -45.38611409813166 4
    endloop
  endfacet
  facet normal -0.8577286153979925 -0.5141027351876691 0
    outer loop
      vertex -34.27058353275061 -45.38611409813166 0
      vertex -34.27058353275061 -45.38611409813166 4
      vertex -34.47239013761282 -45.04942011088133 4
    endloop
  endfacet
  facet normal -0.7409511260495372 -0.6715589540806695 0
    outer loop
      vertex -33.77313220500946 -45.99226029217243 0
      vertex -33.77313220500946 -45.99226029217243 4
      vertex -34.03674689680338 -45.7014063000679 4
    endloop
  endfacet
  facet normal -0.5956993080192206 -0.8032075288650012 0
    outer loop
      vertex -33.166986010968685 -46.489711612463 0
      vertex -33.166986010968685 -46.489711612463 4
      vertex -33.48227821290493 -46.25587497651577 4
    endloop
  endfacet
  facet normal -0.5141027491514958 -0.857728607028397 0
    outer loop
      vertex -32.83029202371836 -46.69151822477579 0
      vertex -32.83029202371836 -46.69151822477579 4
      vertex -33.166986010968685 -46.489711612463 4
    endloop
  endfacet
  facet normal -0.42755508759014554 -0.9039892958856223 0
    outer loop
      vertex -32.47543881088495 -46.85935129225254 0
      vertex -32.47543881088495 -46.85935129225254 4
      vertex -32.83029202371836 -46.69151822477579 4
    endloop
  endfacet
  facet normal -0.3368898600571533 -0.9415440627982694 0
    outer loop
      vertex -32.10584378987551 -46.99159450829029 0
      vertex -32.10584378987551 -46.99159450829029 4
      vertex -32.47543881088495 -46.85935129225254 4
    endloop
  endfacet
  facet normal 0 0 1
    outer loop
      vertex -34.03674689680338 -45.7014063000679 4
      vertex -28.089050449430943 -38.163833163678646 4
      vertex -34.27058353275061 -45.38611409813166 4
    endloop
  endfacet
  facet normal 0 0 1
    outer loop
      vertex -34.27058353275061 -45.38611409813166 4
      vertex -28.089050449430943 -38.163833163678646 4
      vertex -34.47239013761282 -45.04942011088133 4
    endloop
  endfacet
  facet normal 0 0 -1
    outer loop
      vertex -34.47239013761282 -45.04942011088133 0
      vertex -42.925009131815564 -17.705991254795105 0
      vertex -28.089050449430943 -38.163833163678646 0
    endloop
  endfacet
  facet normal 0 0 1
    outer loop
      vertex -34.47239013761282 -45.04942011088133 4
      vertex -28.089050449430943 -38.163833163678646 4
      vertex -48.654586620628834 -21.013964362442493 4
    endloop
  endfacet
  facet normal 0.8606388607760943 0.5092158199840482 0
    outer loop
      vertex -28.089050449430943 -38.163833163678646 0
      vertex -40.888914312469645 -16.530451361990284 4
      vertex -28.089050449430943 -38.163833163678646 4
    endloop
  endfacet
  facet normal 0 0 -1
    outer loop
      vertex -32.83029202371836 -46.69151822477579 0
      vertex -33.166986010968685 -46.489711612463 0
      vertex -28.089050449430943 -38.163833163678646 0
    endloop
  endfacet
  facet normal 0 0 -1
    outer loop
      vertex -33.48227821290493 -46.25587497651577 0
      vertex -28.089050449430943 -38.163833163678646 0
      vertex -33.166986010968685 -46.489711612463 0
    endloop
  endfacet
  facet normal 0 0 -1
    outer loop
      vertex -34.03674689680338 -45.7014063000679 0
      vertex -28.089050449430943 -38.163833163678646 0
      vertex -33.77313220500946 -45.99226029217243 0
    endloop
  endfacet
  facet normal 0 0 -1
    outer loop
      vertex -33.48227821290493 -46.25587497651577 0
      vertex -33.77313220500946 -45.99226029217243 0
      vertex -28.089050449430943 -38.163833163678646 0
    endloop
  endfacet
  facet normal 0 0 -1
    outer loop
      vertex -32.83029202371836 -46.69151822477579 0
      vertex -28.089050449430943 -38.163833163678646 0
      vertex -32.47543881088495 -46.85935129225254 0
    endloop
  endfacet
  facet normal 0 0 -1
    outer loop
      vertex -32.47543881088495 -46.85935129225254 0
      vertex -28.089050449430943 -38.163833163678646 0
      vertex -32.10584378987551 -46.99159450829029 0
    endloop
  endfacet
  facet normal 0 0 -1
    outer loop
      vertex -32.10584378987551 -46.99159450829029 0
      vertex -28.089050449430943 -38.163833163678646 0
      vertex -31.725066371262074 -47.086974285542965 0
    endloop
  endfacet
  facet normal 0 0 -1
    outer loop
      vertex -31.725066371262074 -47.086974285542965 0
      vertex -28.089050449430943 -38.163833163678646 0
      vertex -31.33677364140749 -47.14457207173109 0
    endloop
  endfacet
  facet normal 0 0 -1
    outer loop
      vertex -31.33677364140749 -47.14457207173109 0
      vertex -28.089050449430943 -38.163833163678646 0
      vertex -30.944705076515675 -47.163833163678646 0
    endloop
  endfacet
  facet normal -0.24298017787700282 -0.970031253702096 0
    outer loop
      vertex -32.10584378987551 -46.99159450829029 0
      vertex -31.725066371262074 -47.086974285542965 0
      vertex -32.10584378987551 -46.99159450829029 4
    endloop
  endfacet
  facet normal -0.14673047607854153 -0.989176509724005 0
    outer loop
      vertex -31.725066371262074 -47.086974285542965 0
      vertex -31.33677364140749 -47.14457207173109 0
      vertex -31.725066371262074 -47.086974285542965 4
    endloop
  endfacet
  facet normal -0.049067670415704694 -0.9987954563973425 0
    outer loop
      vertex -31.33677364140749 -47.14457207173109 0
      vertex -30.944705076515675 -47.163833163678646 0
      vertex -31.33677364140749 -47.14457207173109 4
    endloop
  endfacet
  facet normal -0.24298017787700282 -0.970031253702096 0
    outer loop
      vertex -32.10584378987551 -46.99159450829029 4
      vertex -31.725066371262074 -47.086974285542965 0
      vertex -31.725066371262074 -47.086974285542965 4
    endloop
  endfacet
  facet normal -0.14673047607854153 -0.989176509724005 0
    outer loop
      vertex -31.33677364140749 -47.14457207173109 0
      vertex -31.33677364140749 -47.14457207173109 4
      vertex -31.725066371262074 -47.086974285542965 4
    endloop
  endfacet
  facet normal -0.049067670415704694 -0.9987954563973425 0
    outer loop
      vertex -30.944705076515675 -47.163833163678646 0
      vertex -30.944705076515675 -47.163833163678646 4
      vertex -31.33677364140749 -47.14457207173109 4
    endloop
  endfacet
  facet normal 0 0 1
    outer loop
      vertex -32.83029202371836 -46.69151822477579 4
      vertex -28.089050449430943 -38.163833163678646 4
      vertex -33.166986010968685 -46.489711612463 4
    endloop
  endfacet
  facet normal 0 0 1
    outer loop
      vertex -33.48227821290493 -46.25587497651577 4
      vertex -33.166986010968685 -46.489711612463 4
      vertex -28.089050449430943 -38.163833163678646 4
    endloop
  endfacet
  facet normal 0 0 1
    outer loop
      vertex -34.03674689680338 -45.7014063000679 4
      vertex -33.77313220500946 -45.99226029217243 4
      vertex -28.089050449430943 -38.163833163678646 4
    endloop
  endfacet
  facet normal 0 0 1
    outer loop
      vertex -33.48227821290493 -46.25587497651577 4
      vertex -28.089050449430943 -38.163833163678646 4
      vertex -33.77313220500946 -45.99226029217243 4
    endloop
  endfacet
  facet normal 0 0 1
    outer loop
      vertex -32.83029202371836 -46.69151822477579 4
      vertex -32.47543881088495 -46.85935129225254 4
      vertex -28.089050449430943 -38.163833163678646 4
    endloop
  endfacet
  facet normal 0 0 1
    outer loop
      vertex -32.47543881088495 -46.85935129225254 4
      vertex -32.10584378987551 -46.99159450829029 4
      vertex -28.089050449430943 -38.163833163678646 4
    endloop
  endfacet
  facet normal 0 0 1
    outer loop
      vertex -32.10584378987551 -46.99159450829029 4
      vertex -31.725066371262074 -47.086974285542965 4
      vertex -28.089050449430943 -38.163833163678646 4
    endloop
  endfacet
  facet normal 0 0 1
    outer loop
      vertex -31.725066371262074 -47.086974285542965 4
      vertex -31.33677364140749 -47.14457207173109 4
      vertex -28.089050449430943 -38.163833163678646 4
    endloop
  endfacet
  facet normal 0 0 1
    outer loop
      vertex -31.33677364140749 -47.14457207173109 4
      vertex -30.944705076515675 -47.163833163678646 4
      vertex -28.089050449430943 -38.163833163678646 4
    endloop
  endfacet
  facet normal 0 0 -1
    outer loop
      vertex -34.47239013761282 -45.04942011088133 0
      vertex -47.29560115157884 -11.679223284976676 0
      vertex -42.925009131815564 -17.705991254795105 0
    endloop
  endfacet
  facet normal 0 0 -1
    outer loop
      vertex -28.089050449430943 -38.163833163678646 0
      vertex -42.925009131815564 -17.705991254795105 0
      vertex -40.888914312469645 -16.530451361990284 0
    endloop
  endfacet
  facet normal 0.8606388607760943 0.5092158199840482 1.4994163697127071e-16
    outer loop
      vertex -28.089050449430943 -38.163833163678646 0
      vertex -40.888914312469645 -16.530451361990284 0
      vertex -40.888914312469645 -16.530451361990284 4
    endloop
  endfacet
  facet normal 0 0 1
    outer loop
      vertex -28.089050449430943 -38.163833163678646 4
      vertex -40.888914312469645 -16.530451361990284 4
      vertex -48.654586620628834 -21.013964362442493 4
    endloop
  endfacet
  facet normal 0 -1 0
    outer loop
      vertex -30.944705076515675 -47.163833163678646 0
      vertex 30.944705076515675 -47.163833163678646 0
      vertex -30.944705076515675 -47.163833163678646 4
    endloop
  endfacet
  facet normal 0 0 -1
    outer loop
      vertex -30.944705076515675 -47.163833163678646 0
      vertex -28.089050449430943 -38.163833163678646 0
      vertex 28.089050449430943 -38.163833163678646 0
    endloop
  endfacet
  facet normal 0 0 1
    outer loop
      vertex -30.944705076515675 -47.163833163678646 4
      vertex 28.089050449430943 -38.163833163678646 4
      vertex -28.089050449430943 -38.163833163678646 4
    endloop
  endfacet
  facet normal 0 1 0
    outer loop
      vertex -28.089050449430943 -38.163833163678646 0
      vertex -28.089050449430943 -38.163833163678646 4
      vertex 28.089050449430943 -38.163833163678646 0
    endloop
  endfacet
  facet normal 0 0 -1
    outer loop
      vertex -84.88475631922483 40.1538271009922 0
      vertex -72.95879765008077 37.67169000464775 0
      vertex -47.29560115157884 -11.679223284976676 0
    endloop
  endfacet
  facet normal 0.8606388607760943 0.5092158199840483 8.577419561460367e-17
    outer loop
      vertex -46.79615437630456 -6.546471761692229 0
      vertex -72.95879765008077 37.67169000464775 0
      vertex -72.95879765008077 37.67169000464775 4
    endloop
  endfacet
  facet normal 0 0 1
    outer loop
      vertex -84.88475631922483 40.1538271009922 4
      vertex -46.79615437630456 -6.546471761692229 4
      vertex -82.39207527786493 45.587149783968925 4
    endloop
  endfacet
  facet normal 0 0 1
    outer loop
      vertex -46.79615437630456 -6.546471761692229 4
      vertex -72.95879765008077 37.67169000464775 4
      vertex -82.39207527786493 45.587149783968925 4
    endloop
  endfacet
  facet normal 0 0 -1
    outer loop
      vertex -85.05258939415216 40.50868032127619 0
      vertex -85.18483260273933 40.87827534228563 0
      vertex -72.95879765008077 37.67169000464775 0
    endloop
  endfacet
  facet normal 0 0 -1
    outer loop
      vertex -84.88475631922483 40.1538271009922 0
      vertex -85.05258939415216 40.50868032127619 0
      vertex -72.95879765008077 37.67169000464775 0
    endloop
  endfacet
  facet normal 0 0 -1
    outer loop
      vertex -85.18483260273933 40.87827534228563 0
      vertex -85.28021237999201 41.25905276089907 0
      vertex -72.95879765008077 37.67169000464775 0
    endloop
  endfacet
  facet normal 0 0 -1
    outer loop
      vertex -85.28021237999201 41.25905276089907 0
      vertex -85.33781016618013 41.64734549075365 0
      vertex -72.95879765008077 37.67169000464775 0
    endloop
  endfacet
  facet normal 0 0 -1
    outer loop
      vertex -85.33781016618013 41.64734549075365 0
      vertex -85.35707125812769 42.039414048194885 0
      vertex -72.95879765008077 37.67169000464775 0
    endloop
  endfacet
  facet normal 0 0 -1
    outer loop
      vertex -85.35707125812769 42.039414048194885 0
      vertex -85.33781016618013 42.4314826130867 0
      vertex -72.95879765008077 37.67169000464775 0
    endloop
  endfacet
  facet normal -0.9039892920192856 -0.4275550957648277 0
    outer loop
      vertex -84.88475631922483 40.1538271009922 0
      vertex -85.05258939415216 40.50868032127619 4
      vertex -85.05258939415216 40.50868032127619 0
    endloop
  endfacet
  facet normal 0 0 -1
    outer loop
      vertex -85.33781016618013 42.4314826130867 0
      vertex -85.28021237999201 42.819775335490704 0
      vertex -72.95879765008077 37.67169000464775 0
    endloop
  endfacet
  facet normal 0 0 -1
    outer loop
      vertex -85.28021237999201 42.819775335490704 0
      vertex -85.18483260273933 43.20055276155472 0
      vertex -72.95879765008077 37.67169000464775 0
    endloop
  endfacet
  facet normal 0 0 -1
    outer loop
      vertex -85.18483260273933 43.20055276155472 0
      vertex -85.05258939415216 43.57014778256416 0
      vertex -72.95879765008077 37.67169000464775 0
    endloop
  endfacet
  facet normal 0 0 -1
    outer loop
      vertex -85.05258939415216 43.57014778256416 0
      vertex -84.88475631922483 43.92500099539757 0
      vertex -72.95879765008077 37.67169000464775 0
    endloop
  endfacet
  facet normal 0 0 -1
    outer loop
      vertex -84.88475631922483 43.92500099539757 0
      vertex -84.68294970691204 44.261694982647896 0
      vertex -72.95879765008077 37.67169000464775 0
    endloop
  endfacet
  facet normal 0 0 -1
    outer loop
      vertex -84.68294970691204 44.261694982647896 0
      vertex -84.44911307096481 44.57698718458414 0
      vertex -72.95879765008077 37.67169000464775 0
    endloop
  endfacet
  facet normal 0 0 -1
    outer loop
      vertex -84.44911307096481 44.57698718458414 0
      vertex -84.18549838662148 44.86784117668867 0
      vertex -72.95879765008077 37.67169000464775 0
    endloop
  endfacet
  facet normal 0 0 -1
    outer loop
      vertex -84.18549838662148 44.86784117668867 0
      vertex -83.89464439451694 45.13145586103201 0
      vertex -72.95879765008077 37.67169000464775 0
    endloop
  endfacet
  facet normal 0 0 -1
    outer loop
      vertex -83.89464439451694 45.13145586103201 0
      vertex -83.5793521925807 45.36529249697924 0
      vertex -72.95879765008077 37.67169000464775 0
    endloop
  endfacet
  facet normal 0 0 -1
    outer loop
      vertex -83.5793521925807 45.36529249697924 0
      vertex -83.24265820533037 45.56709910929203 0
      vertex -80.11063538840405 43.67279441391411 0
    endloop
  endfacet
  facet normal -0.9415440688187788 -0.33688984323095683 0
    outer loop
      vertex -85.05258939415216 40.50868032127619 0
      vertex -85.18483260273933 40.87827534228563 4
      vertex -85.18483260273933 40.87827534228563 0
    endloop
  endfacet
  facet normal -0.970031253702096 -0.24298017787700282 0
    outer loop
      vertex -85.18483260273933 40.87827534228563 0
      vertex -85.28021237999201 41.25905276089907 4
      vertex -85.28021237999201 41.25905276089907 0
    endloop
  endfacet
  facet normal -0.989176509724005 -0.14673047607854153 0
    outer loop
      vertex -85.28021237999201 41.25905276089907 0
      vertex -85.33781016618013 41.64734549075365 4
      vertex -85.33781016618013 41.64734549075365 0
    endloop
  endfacet
  facet normal -0.9987954563516447 -0.04906767134590539 0
    outer loop
      vertex -85.33781016618013 41.64734549075365 0
      vertex -85.35707125812769 42.039414048194885 4
      vertex -85.35707125812769 42.039414048194885 0
    endloop
  endfacet
  facet normal -0.9987954563973425 0.049067670415704694 0
    outer loop
      vertex -85.35707125812769 42.039414048194885 0
      vertex -85.33781016618013 42.4314826130867 4
      vertex -85.33781016618013 42.4314826130867 0
    endloop
  endfacet
  facet normal -0.9891765093153608 0.1467304788333968 0
    outer loop
      vertex -85.33781016618013 42.4314826130867 0
      vertex -85.28021237999201 42.819775335490704 4
      vertex -85.28021237999201 42.819775335490704 0
    endloop
  endfacet
  facet normal -0.9700312548226849 0.24298017340336084 0
    outer loop
      vertex -85.28021237999201 42.819775335490704 0
      vertex -85.18483260273933 43.20055276155472 4
      vertex -85.18483260273933 43.20055276155472 0
    endloop
  endfacet
  facet normal -0.9415440688187788 0.33688984323095683 0
    outer loop
      vertex -85.18483260273933 43.20055276155472 0
      vertex -85.05258939415216 43.57014778256416 4
      vertex -85.05258939415216 43.57014778256416 0
    endloop
  endfacet
  facet normal -0.9039892885496101 0.42755510310083966 0
    outer loop
      vertex -85.05258939415216 43.57014778256416 0
      vertex -84.88475631922483 43.92500099539757 4
      vertex -84.88475631922483 43.92500099539757 0
    endloop
  endfacet
  facet normal -0.857728607028397 0.5141027491514958 0
    outer loop
      vertex -84.88475631922483 43.92500099539757 0
      vertex -84.68294970691204 44.261694982647896 4
      vertex -84.68294970691204 44.261694982647896 0
    endloop
  endfacet
  facet normal -0.8032075288650012 0.5956993080192206 0
    outer loop
      vertex -84.68294970691204 44.261694982647896 0
      vertex -84.44911307096481 44.57698718458414 4
      vertex -84.44911307096481 44.57698718458414 0
    endloop
  endfacet
  facet normal -0.7409511354940239 0.6715589436602841 0
    outer loop
      vertex -84.44911307096481 44.57698718458414 0
      vertex -84.18549838662148 44.86784117668867 4
      vertex -84.18549838662148 44.86784117668867 0
    endloop
  endfacet
  facet normal 0 0 -1
    outer loop
      vertex -83.5793521925807 45.36529249697924 0
      vertex -80.11063538840405 43.67279441391411 0
      vertex -72.95879765008077 37.67169000464775 0
    endloop
  endfacet
  facet normal 0 0 -1
    outer loop
      vertex -80.11063538840405 43.67279441391411 0
      vertex -80.82425142459122 46.998002416388935 0
      vertex -73.29909003804907 41.20245866609896 0
    endloop
  endfacet
  facet normal 0 0 -1
    outer loop
      vertex -80.11063538840405 43.67279441391411 0
      vertex -73.29909003804907 41.20245866609896 0
      vertex -73.47691299781104 41.066310486596265 0
    endloop
  endfacet
  facet normal -0.9415440688187788 -0.33688984323095683 0
    outer loop
      vertex -85.05258939415216 40.50868032127619 0
      vertex -85.05258939415216 40.50868032127619 4
      vertex -85.18483260273933 40.87827534228563 4
    endloop
  endfacet
  facet normal -0.9039892920192856 -0.4275550957648277 0
    outer loop
      vertex -84.88475631922483 40.1538271009922 0
      vertex -84.88475631922483 40.1538271009922 4
      vertex -85.05258939415216 40.50868032127619 4
    endloop
  endfacet
  facet normal -0.970031253702096 -0.24298017787700282 0
    outer loop
      vertex -85.18483260273933 40.87827534228563 0
      vertex -85.18483260273933 40.87827534228563 4
      vertex -85.28021237999201 41.25905276089907 4
    endloop
  endfacet
  facet normal -0.989176509724005 -0.14673047607854153 0
    outer loop
      vertex -85.28021237999201 41.25905276089907 0
      vertex -85.28021237999201 41.25905276089907 4
      vertex -85.33781016618013 41.64734549075365 4
    endloop
  endfacet
  facet normal -0.9987954563516447 -0.04906767134590539 0
    outer loop
      vertex -85.33781016618013 41.64734549075365 0
      vertex -85.33781016618013 41.64734549075365 4
      vertex -85.35707125812769 42.039414048194885 4
    endloop
  endfacet
  facet normal -0.9987954563973425 0.049067670415704694 0
    outer loop
      vertex -85.35707125812769 42.039414048194885 0
      vertex -85.35707125812769 42.039414048194885 4
      vertex -85.33781016618013 42.4314826130867 4
    endloop
  endfacet
  facet normal -0.9891765093153608 0.1467304788333968 0
    outer loop
      vertex -85.33781016618013 42.4314826130867 0
      vertex -85.33781016618013 42.4314826130867 4
      vertex -85.28021237999201 42.819775335490704 4
    endloop
  endfacet
  facet normal -0.9700312548226849 0.24298017340336084 0
    outer loop
      vertex -85.28021237999201 42.819775335490704 0
      vertex -85.28021237999201 42.819775335490704 4
      vertex -85.18483260273933 43.20055276155472 4
    endloop
  endfacet
  facet normal -0.9415440688187788 0.33688984323095683 0
    outer loop
      vertex -85.18483260273933 43.20055276155472 0
      vertex -85.18483260273933 43.20055276155472 4
      vertex -85.05258939415216 43.57014778256416 4
    endloop
  endfacet
  facet normal -0.9039892885496101 0.42755510310083966 0
    outer loop
      vertex -85.05258939415216 43.57014778256416 0
      vertex -85.05258939415216 43.57014778256416 4
      vertex -84.88475631922483 43.92500099539757 4
    endloop
  endfacet
  facet normal -0.857728607028397 0.5141027491514958 0
    outer loop
      vertex -84.88475631922483 43.92500099539757 0
      vertex -84.88475631922483 43.92500099539757 4
      vertex -84.68294970691204 44.261694982647896 4
    endloop
  endfacet
  facet normal -0.8032075288650012 0.5956993080192206 0
    outer loop
      vertex -84.68294970691204 44.261694982647896 0
      vertex -84.68294970691204 44.261694982647896 4
      vertex -84.44911307096481 44.57698718458414 4
    endloop
  endfacet
  facet normal -0.7409511354940239 0.6715589436602841 0
    outer loop
      vertex -84.44911307096481 44.57698718458414 0
      vertex -84.44911307096481 44.57698718458414 4
      vertex -84.18549838662148 44.86784117668867 4
    endloop
  endfacet
  facet normal 0 0 1
    outer loop
      vertex -84.88475631922483 40.1538271009922 4
      vertex -82.39207527786493 45.587149783968925 4
      vertex -85.05258939415216 40.50868032127619 4
    endloop
  endfacet
  facet normal 0 0 1
    outer loop
      vertex -85.05258939415216 40.50868032127619 4
      vertex -82.39207527786493 45.587149783968925 4
      vertex -85.18483260273933 40.87827534228563 4
    endloop
  endfacet
  facet normal 0 0 1
    outer loop
      vertex -85.18483260273933 40.87827534228563 4
      vertex -82.39207527786493 45.587149783968925 4
      vertex -85.28021237999201 41.25905276089907 4
    endloop
  endfacet
  facet normal 0 0 1
    outer loop
      vertex -85.33781016618013 41.64734549075365 4
      vertex -82.39207527786493 45.587149783968925 4
      vertex -85.35707125812769 42.039414048194885 4
    endloop
  endfacet
  facet normal 0 0 1
    outer loop
      vertex -85.28021237999201 41.25905276089907 4
      vertex -82.39207527786493 45.587149783968925 4
      vertex -85.33781016618013 41.64734549075365 4
    endloop
  endfacet
  facet normal 0 0 1
    outer loop
      vertex -85.35707125812769 42.039414048194885 4
      vertex -82.39207527786493 45.587149783968925 4
      vertex -85.33781016618013 42.4314826130867 4
    endloop
  endfacet
  facet normal 0 0 1
    outer loop
      vertex -85.33781016618013 42.4314826130867 4
      vertex -82.39207527786493 45.587149783968925 4
      vertex -85.28021237999201 42.819775335490704 4
    endloop
  endfacet
  facet normal 0 0 1
    outer loop
      vertex -85.28021237999201 42.819775335490704 4
      vertex -82.39207527786493 45.587149783968925 4
      vertex -85.18483260273933 43.20055276155472 4
    endloop
  endfacet
  facet normal 0 0 1
    outer loop
      vertex -85.18483260273933 43.20055276155472 4
      vertex -82.39207527786493 45.587149783968925 4
      vertex -85.05258939415216 43.57014778256416 4
    endloop
  endfacet
  facet normal 0 0 1
    outer loop
      vertex -85.05258939415216 43.57014778256416 4
      vertex -82.39207527786493 45.587149783968925 4
      vertex -84.88475631922483 43.92500099539757 4
    endloop
  endfacet
  facet normal 0 0 1
    outer loop
      vertex -84.88475631922483 43.92500099539757 4
      vertex -82.39207527786493 45.587149783968925 4
      vertex -84.68294970691204 44.261694982647896 4
    endloop
  endfacet
  facet normal 0 0 1
    outer loop
      vertex -84.68294970691204 44.261694982647896 4
      vertex -82.39207527786493 45.587149783968925 4
      vertex -84.44911307096481 44.57698718458414 4
    endloop
  endfacet
  facet normal 0 0 -1
    outer loop
      vertex -83.24265820533037 45.56709910929203 0
      vertex -80.82425142459122 46.998002416388935 0
      vertex -80.11063538840405 43.67279441391411 0
    endloop
  endfacet
  facet normal -0.6715589436602841 0.7409511354940239 0
    outer loop
      vertex -84.18549838662148 44.86784117668867 0
      vertex -83.89464439451694 45.13145586103201 4
      vertex -83.89464439451694 45.13145586103201 0
    endloop
  endfacet
  facet normal -0.5956993080192206 0.8032075288650012 0
    outer loop
      vertex -83.89464439451694 45.13145586103201 0
      vertex -83.5793521925807 45.36529249697924 4
      vertex -83.5793521925807 45.36529249697924 0
    endloop
  endfacet
  facet normal -0.5141027491514958 0.857728607028397 0
    outer loop
      vertex -83.5793521925807 45.36529249697924 0
      vertex -83.24265820533037 45.56709910929203 4
      vertex -83.24265820533037 45.56709910929203 0
    endloop
  endfacet
  facet normal -0.509215820042718 0.860638860741381 0
    outer loop
      vertex -83.24265820533037 45.56709910929203 0
      vertex -83.24265820533037 45.56709910929203 4
      vertex -80.82425142459122 46.998002416388935 0
    endloop
  endfacet
  facet normal -0.6715589436602841 0.7409511354940239 0
    outer loop
      vertex -84.18549838662148 44.86784117668867 0
      vertex -84.18549838662148 44.86784117668867 4
      vertex -83.89464439451694 45.13145586103201 4
    endloop
  endfacet
  facet normal -0.5956993080192206 0.8032075288650012 0
    outer loop
      vertex -83.89464439451694 45.13145586103201 0
      vertex -83.89464439451694 45.13145586103201 4
      vertex -83.5793521925807 45.36529249697924 4
    endloop
  endfacet
  facet normal -0.5141027491514958 0.857728607028397 0
    outer loop
      vertex -83.5793521925807 45.36529249697924 0
      vertex -83.5793521925807 45.36529249697924 4
      vertex -83.24265820533037 45.56709910929203 4
    endloop
  endfacet
  facet normal -0.509215820042718 0.860638860741381 -4.356845317376745e-18
    outer loop
      vertex -83.24265820533037 45.56709910929203 4
      vertex -80.82425142459122 46.998002416388935 4
      vertex -80.82425142459122 46.998002416388935 0
    endloop
  endfacet
  facet normal 0 0 1
    outer loop
      vertex -84.44911307096481 44.57698718458414 4
      vertex -82.39207527786493 45.587149783968925 4
      vertex -84.18549838662148 44.86784117668867 4
    endloop
  endfacet
  facet normal 0 0 1
    outer loop
      vertex -84.18549838662148 44.86784117668867 4
      vertex -82.39207527786493 45.587149783968925 4
      vertex -83.89464439451694 45.13145586103201 4
    endloop
  endfacet
  facet normal 0 0 1
    outer loop
      vertex -83.89464439451694 45.13145586103201 4
      vertex -82.39207527786493 45.587149783968925 4
      vertex -83.5793521925807 45.36529249697924 4
    endloop
  endfacet
  facet normal 0 0 1
    outer loop
      vertex -83.5793521925807 45.36529249697924 4
      vertex -82.39207527786493 45.587149783968925 4
      vertex -83.24265820533037 45.56709910929203 4
    endloop
  endfacet
  facet normal 0 0 1
    outer loop
      vertex -83.24265820533037 45.56709910929203 4
      vertex -82.39207527786493 45.587149783968925 4
      vertex -80.82425142459122 46.998002416388935 4
    endloop
  endfacet
  facet normal 0 0 -1
    outer loop
      vertex -11.130176112055779 77.77667964994907 0
      vertex -64.83731072920956 45.99967787760553 0
      vertex -66.37700836482514 46.502273827425846 0
    endloop
  endfacet
  facet normal 0 0 -1
    outer loop
      vertex -11.130176112055779 77.77667964994907 0
      vertex -66.37700836482514 46.502273827425846 0
      vertex -65.88511280579021 46.87888821376672 0
    endloop
  endfacet
  facet normal 0 0 1
    outer loop
      vertex -14.391549348831177 86.30436471104622 4
      vertex -72.14619812762797 52.132562599019906 4
      vertex -64.83731072920956 45.99967787760553 4
    endloop
  endfacet
  facet normal 0.5092158201379892 -0.8606388606850118 -3.325149519750617e-16
    outer loop
      vertex -11.130176112055779 77.77667964994907 4
      vertex -64.83731072920956 45.99967787760553 4
      vertex -64.83731072920956 45.99967787760553 0
    endloop
  endfacet
  facet normal 0 0 -1
    outer loop
      vertex -14.391549348831177 86.30436471104622 0
      vertex -65.88511280579021 46.87888821376672 0
      vertex -72.14619812762797 52.132562599019906 0
    endloop
  endfacet
  facet normal -0.5092158200427189 0.8606388607413805 -1.1229587265527028e-16
    outer loop
      vertex -14.391549348831177 86.30436471104622 0
      vertex -72.14619812762797 52.132562599019906 0
      vertex -72.14619812762797 52.132562599019906 4
    endloop
  endfacet
  facet normal 0.5092158201379892 -0.8606388606850118 0
    outer loop
      vertex -11.130176112055779 77.77667964994907 0
      vertex -11.130176112055779 77.77667964994907 4
      vertex -64.83731072920956 45.99967787760553 0
    endloop
  endfacet
  facet normal 0 0 1
    outer loop
      vertex -11.130176112055779 77.77667964994907 4
      vertex -14.391549348831177 86.30436471104622 4
      vertex -64.83731072920956 45.99967787760553 4
    endloop
  endfacet
  facet normal -0.5092158200427189 0.8606388607413805 0
    outer loop
      vertex -14.391549348831177 86.30436471104622 0
      vertex -72.14619812762797 52.132562599019906 4
      vertex -14.391549348831177 86.30436471104622 4
    endloop
  endfacet
  facet normal 0 0 -1
    outer loop
      vertex -11.130176112055779 77.77667964994907 0
      vertex -65.88511280579021 46.87888821376672 0
      vertex -14.391549348831177 86.30436471104622 0
    endloop
  endfacet
  facet normal 0 0 -1
    outer loop
      vertex -11.130176112055779 77.77667964994907 0
      vertex -14.391549348831177 86.30436471104622 0
      vertex -14.036696128547192 86.47219777852297 0
    endloop
  endfacet
  facet normal 0 0 -1
    outer loop
      vertex -11.130176112055779 77.77667964994907 0
      vertex -14.036696128547192 86.47219777852297 0
      vertex -13.667101107537746 86.60444099456072 0
    endloop
  endfacet
  facet normal 0 0 -1
    outer loop
      vertex -11.130176112055779 77.77667964994907 0
      vertex -13.667101107537746 86.60444099456072 0
      vertex -13.286323688924313 86.69982077181339 0
    endloop
  endfacet
  facet normal 0 0 -1
    outer loop
      vertex -11.130176112055779 77.77667964994907 0
      vertex -13.286323688924313 86.69982077181339 0
      vertex -12.898030959069729 86.75741855800152 0
    endloop
  endfacet
  facet normal 0 0 -1
    outer loop
      vertex -11.130176112055779 77.77667964994907 0
      vertex -12.898030959069729 86.75741855800152 0
      vertex -12.505962401628494 86.77667964994907 0
    endloop
  endfacet
  facet normal -0.4275550802541337 0.9039892993552973 0
    outer loop
      vertex -14.391549348831177 86.30436471104622 0
      vertex -14.036696128547192 86.47219777852297 4
      vertex -14.036696128547192 86.47219777852297 0
    endloop
  endfacet
  facet normal -0.3368898600571533 0.9415440627982694 0
    outer loop
      vertex -14.036696128547192 86.47219777852297 0
      vertex -13.667101107537746 86.60444099456072 4
      vertex -13.667101107537746 86.60444099456072 0
    endloop
  endfacet
  facet normal -0.24298017787700282 0.970031253702096 0
    outer loop
      vertex -13.667101107537746 86.60444099456072 0
      vertex -13.286323688924313 86.69982077181339 4
      vertex -13.286323688924313 86.69982077181339 0
    endloop
  endfacet
  facet normal -0.14673047607854153 0.989176509724005 0
    outer loop
      vertex -13.286323688924313 86.69982077181339 0
      vertex -12.898030959069729 86.75741855800152 4
      vertex -12.898030959069729 86.75741855800152 0
    endloop
  endfacet
  facet normal -0.04906767134590539 0.9987954563516447 0
    outer loop
      vertex -12.898030959069729 86.75741855800152 0
      vertex -12.505962401628494 86.77667964994907 4
      vertex -12.505962401628494 86.77667964994907 0
    endloop
  endfacet
  facet normal -0.4275550802541337 0.9039892993552973 0
    outer loop
      vertex -14.391549348831177 86.30436471104622 0
      vertex -14.391549348831177 86.30436471104622 4
      vertex -14.036696128547192 86.47219777852297 4
    endloop
  endfacet
  facet normal -0.3368898600571533 0.9415440627982694 0
    outer loop
      vertex -14.036696128547192 86.47219777852297 0
      vertex -14.036696128547192 86.47219777852297 4
      vertex -13.667101107537746 86.60444099456072 4
    endloop
  endfacet
  facet normal -0.24298017787700282 0.970031253702096 0
    outer loop
      vertex -13.667101107537746 86.60444099456072 0
      vertex -13.667101107537746 86.60444099456072 4
      vertex -13.286323688924313 86.69982077181339 4
    endloop
  endfacet
  facet normal -0.14673047607854153 0.989176509724005 0
    outer loop
      vertex -13.286323688924313 86.69982077181339 0
      vertex -13.286323688924313 86.69982077181339 4
      vertex -12.898030959069729 86.75741855800152 4
    endloop
  endfacet
  facet normal -0.04906767134590539 0.9987954563516447 0
    outer loop
      vertex -12.898030959069729 86.75741855800152 0
      vertex -12.898030959069729 86.75741855800152 4
      vertex -12.505962401628494 86.77667964994907 4
    endloop
  endfacet
  facet normal 0 0 1
    outer loop
      vertex -11.130176112055779 77.77667964994907 4
      vertex -14.036696128547192 86.47219777852297 4
      vertex -14.391549348831177 86.30436471104622 4
    endloop
  endfacet
  facet normal 0 0 1
    outer loop
      vertex -11.130176112055779 77.77667964994907 4
      vertex -13.667101107537746 86.60444099456072 4
      vertex -14.036696128547192 86.47219777852297 4
    endloop
  endfacet
  facet normal 0 0 1
    outer loop
      vertex -11.130176112055779 77.77667964994907 4
      vertex -13.286323688924313 86.69982077181339 4
      vertex -13.667101107537746 86.60444099456072 4
    endloop
  endfacet
  facet normal 0 0 1
    outer loop
      vertex -11.130176112055779 77.77667964994907 4
      vertex -12.898030959069729 86.75741855800152 4
      vertex -13.286323688924313 86.69982077181339 4
    endloop
  endfacet
  facet normal 0 0 1
    outer loop
      vertex -11.130176112055779 77.77667964994907 4
      vertex -12.505962401628494 86.77667964994907 4
      vertex -12.898030959069729 86.75741855800152 4
    endloop
  endfacet
  facet normal 0 -1 0
    outer loop
      vertex -11.130176112055779 77.77667964994907 0
      vertex 11.130176112055779 77.77667964994907 4
      vertex -11.130176112055779 77.77667964994907 4
    endloop
  endfacet
  facet normal 0 0 -1
    outer loop
      vertex -11.130176112055779 77.77667964994907 0
      vertex -12.505962401628494 86.77667964994907 0
      vertex 12.505962401628494 86.77667964994907 0
    endloop
  endfacet
  facet normal 0 1 0
    outer loop
      vertex -12.505962401628494 86.77667964994907 0
      vertex -12.505962401628494 86.77667964994907 4
      vertex 12.505962401628494 86.77667964994907 4
    endloop
  endfacet
  facet normal 0 0 1
    outer loop
      vertex -11.130176112055779 77.77667964994907 4
      vertex 12.505962401628494 86.77667964994907 4
      vertex -12.505962401628494 86.77667964994907 4
    endloop
  endfacet
  facet normal 0 0 -1
    outer loop
      vertex -30.944705076515675 -47.163833163678646 0
      vertex 28.089050449430943 -38.163833163678646 0
      vertex 30.944705076515675 -47.163833163678646 0
    endloop
  endfacet
  facet normal 0 -1 0
    outer loop
      vertex -30.944705076515675 -47.163833163678646 4
      vertex 30.944705076515675 -47.163833163678646 0
      vertex 30.944705076515675 -47.163833163678646 4
    endloop
  endfacet
  facet normal 0 0 1
    outer loop
      vertex -30.944705076515675 -47.163833163678646 4
      vertex 30.944705076515675 -47.163833163678646 4
      vertex 28.089050449430943 -38.163833163678646 4
    endloop
  endfacet
  facet normal 0 1 0
    outer loop
      vertex -28.089050449430943 -38.163833163678646 4
      vertex 28.089050449430943 -38.163833163678646 4
      vertex 28.089050449430943 -38.163833163678646 0
    endloop
  endfacet
  facet normal 0 0 -1
    outer loop
      vertex 30.944705076515675 -47.163833163678646 0
      vertex 28.089050449430943 -38.163833163678646 0
      vertex 31.33677364140749 -47.14457207173109 0
    endloop
  endfacet
  facet normal 0 0 -1
    outer loop
      vertex 31.33677364140749 -47.14457207173109 0
      vertex 28.089050449430943 -38.163833163678646 0
      vertex 31.725066371262074 -47.086974285542965 0
    endloop
  endfacet
  facet normal 0 0 -1
    outer loop
      vertex 31.725066371262074 -47.086974285542965 0
      vertex 28.089050449430943 -38.163833163678646 0
      vertex 32.10584378987551 -46.99159450829029 0
    endloop
  endfacet
  facet normal 0 0 -1
    outer loop
      vertex 28.089050449430943 -38.163833163678646 0
      vertex 32.47543881088495 -46.85935129225254 0
      vertex 32.10584378987551 -46.99159450829029 0
    endloop
  endfacet
  facet normal 0 0 -1
    outer loop
      vertex 28.089050449430943 -38.163833163678646 0
      vertex 32.83029202371836 -46.69151822477579 0
      vertex 32.47543881088495 -46.85935129225254 0
    endloop
  endfacet
  facet normal 0 0 -1
    outer loop
      vertex 28.089050449430943 -38.163833163678646 0
      vertex 33.166986010968685 -46.489711612463 0
      vertex 32.83029202371836 -46.69151822477579 0
    endloop
  endfacet
  facet normal 0 0 -1
    outer loop
      vertex 28.089050449430943 -38.163833163678646 0
      vertex 33.48227821290493 -46.25587497651577 0
      vertex 33.166986010968685 -46.489711612463 0
    endloop
  endfacet
  facet normal 0 0 -1
    outer loop
      vertex 28.089050449430943 -38.163833163678646 0
      vertex 33.77313220500946 -45.99226029217243 0
      vertex 33.48227821290493 -46.25587497651577 0
    endloop
  endfacet
  facet normal 0 0 -1
    outer loop
      vertex 28.089050449430943 -38.163833163678646 0
      vertex 34.03674689680338 -45.7014063000679 0
      vertex 33.77313220500946 -45.99226029217243 0
    endloop
  endfacet
  facet normal 0.049067670415704694 -0.9987954563973425 0
    outer loop
      vertex 30.944705076515675 -47.163833163678646 0
      vertex 31.33677364140749 -47.14457207173109 0
      vertex 30.944705076515675 -47.163833163678646 4
    endloop
  endfacet
  facet normal 0.14673047607854153 -0.989176509724005 0
    outer loop
      vertex 31.33677364140749 -47.14457207173109 0
      vertex 31.725066371262074 -47.086974285542965 0
      vertex 31.33677364140749 -47.14457207173109 4
    endloop
  endfacet
  facet normal 0.24298017787700282 -0.970031253702096 0
    outer loop
      vertex 31.725066371262074 -47.086974285542965 0
      vertex 32.10584378987551 -46.99159450829029 0
      vertex 31.725066371262074 -47.086974285542965 4
    endloop
  endfacet
  facet normal 0.049067670415704694 -0.9987954563973425 0
    outer loop
      vertex 31.33677364140749 -47.14457207173109 0
      vertex 31.33677364140749 -47.14457207173109 4
      vertex 30.944705076515675 -47.163833163678646 4
    endloop
  endfacet
  facet normal 0.14673047607854153 -0.989176509724005 0
    outer loop
      vertex 31.725066371262074 -47.086974285542965 0
      vertex 31.725066371262074 -47.086974285542965 4
      vertex 31.33677364140749 -47.14457207173109 4
    endloop
  endfacet
  facet normal 0.24298017787700282 -0.970031253702096 0
    outer loop
      vertex 31.725066371262074 -47.086974285542965 4
      vertex 32.10584378987551 -46.99159450829029 0
      vertex 32.10584378987551 -46.99159450829029 4
    endloop
  endfacet
  facet normal 0 0 1
    outer loop
      vertex 30.944705076515675 -47.163833163678646 4
      vertex 31.33677364140749 -47.14457207173109 4
      vertex 28.089050449430943 -38.163833163678646 4
    endloop
  endfacet
  facet normal 0 0 1
    outer loop
      vertex 31.33677364140749 -47.14457207173109 4
      vertex 31.725066371262074 -47.086974285542965 4
      vertex 28.089050449430943 -38.163833163678646 4
    endloop
  endfacet
  facet normal 0 0 1
    outer loop
      vertex 31.725066371262074 -47.086974285542965 4
      vertex 32.10584378987551 -46.99159450829029 4
      vertex 28.089050449430943 -38.163833163678646 4
    endloop
  endfacet
  facet normal 0 0 1
    outer loop
      vertex 28.089050449430943 -38.163833163678646 4
      vertex 32.10584378987551 -46.99159450829029 4
      vertex 32.47543881088495 -46.85935129225254 4
    endloop
  endfacet
  facet normal 0 0 1
    outer loop
      vertex 28.089050449430943 -38.163833163678646 4
      vertex 32.47543881088495 -46.85935129225254 4
      vertex 32.83029202371836 -46.69151822477579 4
    endloop
  endfacet
  facet normal 0 0 1
    outer loop
      vertex 28.089050449430943 -38.163833163678646 4
      vertex 32.83029202371836 -46.69151822477579 4
      vertex 33.166986010968685 -46.489711612463 4
    endloop
  endfacet
  facet normal 0 0 1
    outer loop
      vertex 28.089050449430943 -38.163833163678646 4
      vertex 33.166986010968685 -46.489711612463 4
      vertex 33.48227821290493 -46.25587497651577 4
    endloop
  endfacet
  facet normal 0 0 1
    outer loop
      vertex 28.089050449430943 -38.163833163678646 4
      vertex 33.48227821290493 -46.25587497651577 4
      vertex 33.77313220500946 -45.99226029217243 4
    endloop
  endfacet
  facet normal 0 0 1
    outer loop
      vertex 28.089050449430943 -38.163833163678646 4
      vertex 33.77313220500946 -45.99226029217243 4
      vertex 34.03674689680338 -45.7014063000679 4
    endloop
  endfacet
  facet normal 0 0 -1
    outer loop
      vertex 28.089050449430943 -38.163833163678646 0
      vertex 34.27058353275061 -45.38611409813166 0
      vertex 34.03674689680338 -45.7014063000679 0
    endloop
  endfacet
  facet normal 0.3368898600571533 -0.9415440627982694 0
    outer loop
      vertex 32.10584378987551 -46.99159450829029 0
      vertex 32.47543881088495 -46.85935129225254 0
      vertex 32.10584378987551 -46.99159450829029 4
    endloop
  endfacet
  facet normal 0.42755508759014554 -0.9039892958856223 0
    outer loop
      vertex 32.47543881088495 -46.85935129225254 0
      vertex 32.83029202371836 -46.69151822477579 0
      vertex 32.47543881088495 -46.85935129225254 4
    endloop
  endfacet
  facet normal 0.5141027491514958 -0.857728607028397 0
    outer loop
      vertex 32.83029202371836 -46.69151822477579 0
      vertex 33.166986010968685 -46.489711612463 0
      vertex 32.83029202371836 -46.69151822477579 4
    endloop
  endfacet
  facet normal 0.5956993080192206 -0.8032075288650012 0
    outer loop
      vertex 33.166986010968685 -46.489711612463 0
      vertex 33.48227821290493 -46.25587497651577 0
      vertex 33.166986010968685 -46.489711612463 4
    endloop
  endfacet
  facet normal 0.6715589436602841 -0.7409511354940239 0
    outer loop
      vertex 33.48227821290493 -46.25587497651577 0
      vertex 33.77313220500946 -45.99226029217243 0
      vertex 33.48227821290493 -46.25587497651577 4
    endloop
  endfacet
  facet normal 0.7409511260495372 -0.6715589540806695 0
    outer loop
      vertex 33.77313220500946 -45.99226029217243 0
      vertex 34.03674689680338 -45.7014063000679 0
      vertex 33.77313220500946 -45.99226029217243 4
    endloop
  endfacet
  facet normal 0.8032075288650012 -0.5956993080192206 0
    outer loop
      vertex 34.03674689680338 -45.7014063000679 0
      vertex 34.27058353275061 -45.38611409813166 0
      vertex 34.03674689680338 -45.7014063000679 4
    endloop
  endfacet
  facet normal 0.8577286153979925 -0.5141027351876691 0
    outer loop
      vertex 34.27058353275061 -45.38611409813166 0
      vertex 34.47239013761282 -45.04942011088133 0
      vertex 34.27058353275061 -45.38611409813166 4
    endloop
  endfacet
  facet normal 0 0 -1
    outer loop
      vertex 28.089050449430943 -38.163833163678646 0
      vertex 34.47239013761282 -45.04942011088133 0
      vertex 34.27058353275061 -45.38611409813166 0
    endloop
  endfacet
  facet normal 0.3368898600571533 -0.9415440627982694 0
    outer loop
      vertex 32.47543881088495 -46.85935129225254 0
      vertex 32.47543881088495 -46.85935129225254 4
      vertex 32.10584378987551 -46.99159450829029 4
    endloop
  endfacet
  facet normal 0.42755508759014554 -0.9039892958856223 0
    outer loop
      vertex 32.83029202371836 -46.69151822477579 0
      vertex 32.83029202371836 -46.69151822477579 4
      vertex 32.47543881088495 -46.85935129225254 4
    endloop
  endfacet
  facet normal 0.5141027491514958 -0.857728607028397 0
    outer loop
      vertex 33.166986010968685 -46.489711612463 0
      vertex 33.166986010968685 -46.489711612463 4
      vertex 32.83029202371836 -46.69151822477579 4
    endloop
  endfacet
  facet normal 0.5956993080192206 -0.8032075288650012 0
    outer loop
      vertex 33.48227821290493 -46.25587497651577 0
      vertex 33.48227821290493 -46.25587497651577 4
      vertex 33.166986010968685 -46.489711612463 4
    endloop
  endfacet
  facet normal 0.6715589436602841 -0.7409511354940239 0
    outer loop
      vertex 33.77313220500946 -45.99226029217243 0
      vertex 33.77313220500946 -45.99226029217243 4
      vertex 33.48227821290493 -46.25587497651577 4
    endloop
  endfacet
  facet normal 0.7409511260495372 -0.6715589540806695 0
    outer loop
      vertex 34.03674689680338 -45.7014063000679 0
      vertex 34.03674689680338 -45.7014063000679 4
      vertex 33.77313220500946 -45.99226029217243 4
    endloop
  endfacet
  facet normal 0.8032075288650012 -0.5956993080192206 0
    outer loop
      vertex 34.27058353275061 -45.38611409813166 0
      vertex 34.27058353275061 -45.38611409813166 4
      vertex 34.03674689680338 -45.7014063000679 4
    endloop
  endfacet
  facet normal 0.8577286153979925 -0.5141027351876691 0
    outer loop
      vertex 34.47239013761282 -45.04942011088133 0
      vertex 34.47239013761282 -45.04942011088133 4
      vertex 34.27058353275061 -45.38611409813166 4
    endloop
  endfacet
  facet normal 0 0 1
    outer loop
      vertex 28.089050449430943 -38.163833163678646 4
      vertex 34.03674689680338 -45.7014063000679 4
      vertex 34.27058353275061 -45.38611409813166 4
    endloop
  endfacet
  facet normal 0 0 1
    outer loop
      vertex 28.089050449430943 -38.163833163678646 4
      vertex 34.27058353275061 -45.38611409813166 4
      vertex 34.47239013761282 -45.04942011088133 4
    endloop
  endfacet
  facet normal 0 0 -1
    outer loop
      vertex 28.089050449430943 -38.163833163678646 0
      vertex 46.367396507318794 -19.69345453398153 0
      vertex 34.47239013761282 -45.04942011088133 0
    endloop
  endfacet
  facet normal -0.8606388607760943 0.5092158199840482 0
    outer loop
      vertex 28.089050449430943 -38.163833163678646 0
      vertex 28.089050449430943 -38.163833163678646 4
      vertex 40.888914312469645 -16.530451361990284 0
    endloop
  endfacet
  facet normal 0 0 1
    outer loop
      vertex 28.089050449430943 -38.163833163678646 4
      vertex 34.47239013761282 -45.04942011088133 4
      vertex 40.888914312469645 -16.530451361990284 4
    endloop
  endfacet
  facet normal 0 0 -1
    outer loop
      vertex 28.089050449430943 -38.163833163678646 0
      vertex 40.888914312469645 -16.530451361990284 0
      vertex 46.367396507318794 -19.69345453398153 0
    endloop
  endfacet
  facet normal -0.8606388607760943 0.5092158199840482 -1.4994163697127071e-16
    outer loop
      vertex 28.089050449430943 -38.163833163678646 4
      vertex 40.888914312469645 -16.530451361990284 4
      vertex 40.888914312469645 -16.530451361990284 0
    endloop
  endfacet
  facet normal 0 0 1
    outer loop
      vertex 34.47239013761282 -45.04942011088133 4
      vertex 48.654586620628834 -21.013964362442493 4
      vertex 40.888914312469645 -16.530451361990284 4
    endloop
  endfacet
  facet normal 0.8606388607489767 -0.5092158200298804 0
    outer loop
      vertex 34.47239013761282 -45.04942011088133 0
      vertex 84.88475631922483 40.1538271009922 0
      vertex 34.47239013761282 -45.04942011088133 4
    endloop
  endfacet
  facet normal 0 0 -1
    outer loop
      vertex 34.47239013761282 -45.04942011088133 0
      vertex 46.367396507318794 -19.69345453398153 0
      vertex 84.88475631922483 40.1538271009922 0
    endloop
  endfacet
  facet normal 0 0 1
    outer loop
      vertex 34.47239013761282 -45.04942011088133 4
      vertex 84.88475631922483 40.1538271009922 4
      vertex 48.654586620628834 -21.013964362442493 4
    endloop
  endfacet
  facet normal 0 0 1
    outer loop
      vertex 84.88475631922483 40.1538271009922 4
      vertex 54.561826683580875 -11.029984764754772 4
      vertex 48.654586620628834 -21.013964362442493 4
    endloop
  endfacet
  facet normal 0 0 -1
    outer loop
      vertex 46.79615437630456 -6.546471761692229 0
      vertex 72.95879765008077 37.67169000464775 0
      vertex 51.31185394448285 -9.15361212645896 0
    endloop
  endfacet
  facet normal -0.8606388607760943 0.5092158199840483 0
    outer loop
      vertex 46.79615437630456 -6.546471761692229 0
      vertex 46.79615437630456 -6.546471761692229 4
      vertex 72.95879765008077 37.67169000464775 0
    endloop
  endfacet
  facet normal 0 0 -1
    outer loop
      vertex 46.367396507318794 -19.69345453398153 0
      vertex 51.31185394448285 -9.15361212645896 0
      vertex 84.88475631922483 40.1538271009922 0
    endloop
  endfacet
  facet normal 0 0 1
    outer loop
      vertex 46.79615437630456 -6.546471761692229 4
      vertex 54.561826683580875 -11.029984764754772 4
      vertex 72.95879765008077 37.67169000464775 4
    endloop
  endfacet
  facet normal 0.8606388607489767 -0.5092158200298804 -6.560408782051107e-17
    outer loop
      vertex 34.47239013761282 -45.04942011088133 4
      vertex 84.88475631922483 40.1538271009922 0
      vertex 84.88475631922483 40.1538271009922 4
    endloop
  endfacet
  facet normal 0 -1 0
    outer loop
      vertex -11.130176112055779 77.77667964994907 0
      vertex 11.130176112055779 77.77667964994907 0
      vertex 11.130176112055779 77.77667964994907 4
    endloop
  endfacet
  facet normal 0 0 -1
    outer loop
      vertex -11.130176112055779 77.77667964994907 0
      vertex 12.505962401628494 86.77667964994907 0
      vertex 11.130176112055779 77.77667964994907 0
    endloop
  endfacet
  facet normal 0 1 0
    outer loop
      vertex -12.505962401628494 86.77667964994907 0
      vertex 12.505962401628494 86.77667964994907 4
      vertex 12.505962401628494 86.77667964994907 0
    endloop
  endfacet
  facet normal 0 0 1
    outer loop
      vertex -11.130176112055779 77.77667964994907 4
      vertex 11.130176112055779 77.77667964994907 4
      vertex 12.505962401628494 86.77667964994907 4
    endloop
  endfacet
  facet normal 0 0 -1
    outer loop
      vertex 11.130176112055779 77.77667964994907 0
      vertex 13.667101107537746 86.60444099456072 0
      vertex 14.036696128547192 86.47219777852297 0
    endloop
  endfacet
  facet normal 0 0 -1
    outer loop
      vertex 11.130176112055779 77.77667964994907 0
      vertex 14.036696128547192 86.47219777852297 0
      vertex 14.391549348831177 86.30436471104622 0
    endloop
  endfacet
  facet normal 0 0 -1
    outer loop
      vertex 11.130176112055779 77.77667964994907 0
      vertex 12.505962401628494 86.77667964994907 0
      vertex 12.898030959069729 86.75741855800152 0
    endloop
  endfacet
  facet normal 0 0 -1
    outer loop
      vertex 11.130176112055779 77.77667964994907 0
      vertex 12.898030959069729 86.75741855800152 0
      vertex 13.286323688924313 86.69982077181339 0
    endloop
  endfacet
  facet normal 0 0 -1
    outer loop
      vertex 11.130176112055779 77.77667964994907 0
      vertex 13.286323688924313 86.69982077181339 0
      vertex 13.667101107537746 86.60444099456072 0
    endloop
  endfacet
  facet normal 0.04906767134590539 0.9987954563516447 0
    outer loop
      vertex 12.505962401628494 86.77667964994907 0
      vertex 12.898030959069729 86.75741855800152 4
      vertex 12.898030959069729 86.75741855800152 0
    endloop
  endfacet
  facet normal 0.14673047607854153 0.989176509724005 0
    outer loop
      vertex 12.898030959069729 86.75741855800152 0
      vertex 13.286323688924313 86.69982077181339 4
      vertex 13.286323688924313 86.69982077181339 0
    endloop
  endfacet
  facet normal 0.24298017787700282 0.970031253702096 0
    outer loop
      vertex 13.286323688924313 86.69982077181339 0
      vertex 13.667101107537746 86.60444099456072 4
      vertex 13.667101107537746 86.60444099456072 0
    endloop
  endfacet
  facet normal 0.3368898600571533 0.9415440627982694 0
    outer loop
      vertex 13.667101107537746 86.60444099456072 0
      vertex 14.036696128547192 86.47219777852297 4
      vertex 14.036696128547192 86.47219777852297 0
    endloop
  endfacet
  facet normal 0.4275550802541337 0.9039892993552973 0
    outer loop
      vertex 14.036696128547192 86.47219777852297 0
      vertex 14.391549348831177 86.30436471104622 4
      vertex 14.391549348831177 86.30436471104622 0
    endloop
  endfacet
  facet normal 0.04906767134590539 0.9987954563516447 0
    outer loop
      vertex 12.505962401628494 86.77667964994907 0
      vertex 12.505962401628494 86.77667964994907 4
      vertex 12.898030959069729 86.75741855800152 4
    endloop
  endfacet
  facet normal 0.14673047607854153 0.989176509724005 0
    outer loop
      vertex 12.898030959069729 86.75741855800152 0
      vertex 12.898030959069729 86.75741855800152 4
      vertex 13.286323688924313 86.69982077181339 4
    endloop
  endfacet
  facet normal 0.24298017787700282 0.970031253702096 0
    outer loop
      vertex 13.286323688924313 86.69982077181339 0
      vertex 13.286323688924313 86.69982077181339 4
      vertex 13.667101107537746 86.60444099456072 4
    endloop
  endfacet
  facet normal 0.3368898600571533 0.9415440627982694 0
    outer loop
      vertex 13.667101107537746 86.60444099456072 0
      vertex 13.667101107537746 86.60444099456072 4
      vertex 14.036696128547192 86.47219777852297 4
    endloop
  endfacet
  facet normal 0.4275550802541337 0.9039892993552973 0
    outer loop
      vertex 14.036696128547192 86.47219777852297 0
      vertex 14.036696128547192 86.47219777852297 4
      vertex 14.391549348831177 86.30436471104622 4
    endloop
  endfacet
  facet normal 0 0 1
    outer loop
      vertex 11.130176112055779 77.77667964994907 4
      vertex 14.036696128547192 86.47219777852297 4
      vertex 13.667101107537746 86.60444099456072 4
    endloop
  endfacet
  facet normal 0 0 1
    outer loop
      vertex 11.130176112055779 77.77667964994907 4
      vertex 14.391549348831177 86.30436471104622 4
      vertex 14.036696128547192 86.47219777852297 4
    endloop
  endfacet
  facet normal 0 0 1
    outer loop
      vertex 11.130176112055779 77.77667964994907 4
      vertex 12.898030959069729 86.75741855800152 4
      vertex 12.505962401628494 86.77667964994907 4
    endloop
  endfacet
  facet normal 0 0 1
    outer loop
      vertex 11.130176112055779 77.77667964994907 4
      vertex 13.286323688924313 86.69982077181339 4
      vertex 12.898030959069729 86.75741855800152 4
    endloop
  endfacet
  facet normal 0 0 1
    outer loop
      vertex 11.130176112055779 77.77667964994907 4
      vertex 13.667101107537746 86.60444099456072 4
      vertex 13.286323688924313 86.69982077181339 4
    endloop
  endfacet
  facet normal 0 0 -1
    outer loop
      vertex 11.130176112055779 77.77667964994907 0
      vertex 14.391549348831177 86.30436471104622 0
      vertex 64.83731072920956 45.99967787760553 0
    endloop
  endfacet
  facet normal -0.5092158201379892 -0.8606388606850118 0
    outer loop
      vertex 11.130176112055779 77.77667964994907 0
      vertex 64.83731072920956 45.99967787760553 4
      vertex 11.130176112055779 77.77667964994907 4
    endloop
  endfacet
  facet normal 0.5092158200427189 0.8606388607413805 0
    outer loop
      vertex 14.391549348831177 86.30436471104622 0
      vertex 14.391549348831177 86.30436471104622 4
      vertex 72.14619812762797 52.132562599019906 0
    endloop
  endfacet
  facet normal 0 0 1
    outer loop
      vertex 11.130176112055779 77.77667964994907 4
      vertex 72.14619812762797 52.132562599019906 4
      vertex 14.391549348831177 86.30436471104622 4
    endloop
  endfacet
  facet normal 0 0 -1
    outer loop
      vertex 72.95879765008077 37.67169000464775 0
      vertex 73.48615870136233 38.11419846833433 0
      vertex 51.31185394448285 -9.15361212645896 0
    endloop
  endfacet
  facet normal 0 0 -1
    outer loop
      vertex 51.31185394448285 -9.15361212645896 0
      vertex 73.48615870136233 38.11419846833433 0
      vertex 80.11063538840405 43.67279441391411 0
    endloop
  endfacet
  facet normal 0 0 -1
    outer loop
      vertex 84.88475631922483 40.1538271009922 0
      vertex 51.31185394448285 -9.15361212645896 0
      vertex 80.11063538840405 43.67279441391411 0
    endloop
  endfacet
  facet normal -0.8606388607760943 0.5092158199840483 -8.577419561460367e-17
    outer loop
      vertex 46.79615437630456 -6.546471761692229 4
      vertex 72.95879765008077 37.67169000464775 4
      vertex 72.95879765008077 37.67169000464775 0
    endloop
  endfacet
  facet normal 0 0 1
    outer loop
      vertex 84.88475631922483 40.1538271009922 4
      vertex 72.95879765008077 37.67169000464775 4
      vertex 54.561826683580875 -11.029984764754772 4
    endloop
  endfacet
  facet normal 0 0 -1
    outer loop
      vertex 65.88511280579021 46.87888821376672 0
      vertex 66.73103751112384 46.2312153329323 0
      vertex 64.83731072920956 45.99967787760553 0
    endloop
  endfacet
  facet normal 0 0 -1
    outer loop
      vertex 80.11063538840405 43.67279441391411 0
      vertex 73.98084425003638 40.68048110507635 0
      vertex 73.81827783653372 40.80494827892329 0
    endloop
  endfacet
  facet normal 0 0 -1
    outer loop
      vertex 80.11063538840405 43.67279441391411 0
      vertex 73.81827783653372 40.80494827892329 0
      vertex 80.82425142459122 46.998002416388935 0
    endloop
  endfacet
  facet normal 0.9039892920192856 -0.4275550957648277 0
    outer loop
      vertex 84.88475631922483 40.1538271009922 0
      vertex 85.05258939415216 40.50868032127619 0
      vertex 84.88475631922483 40.1538271009922 4
    endloop
  endfacet
  facet normal 0.9415440688187788 -0.33688984323095683 0
    outer loop
      vertex 85.05258939415216 40.50868032127619 0
      vertex 85.18483260273933 40.87827534228563 0
      vertex 85.05258939415216 40.50868032127619 4
    endloop
  endfacet
  facet normal 0 0 -1
    outer loop
      vertex 83.24265820533037 45.56709910929203 0
      vertex 83.5793521925807 45.36529249697924 0
      vertex 80.11063538840405 43.67279441391411 0
    endloop
  endfacet
  facet normal 0 0 -1
    outer loop
      vertex 83.5793521925807 45.36529249697924 0
      vertex 83.89464439451694 45.13145586103201 0
      vertex 80.11063538840405 43.67279441391411 0
    endloop
  endfacet
  facet normal 0 0 -1
    outer loop
      vertex 84.88475631922483 40.1538271009922 0
      vertex 80.11063538840405 43.67279441391411 0
      vertex 85.05258939415216 40.50868032127619 0
    endloop
  endfacet
  facet normal 0 0 -1
    outer loop
      vertex 85.05258939415216 40.50868032127619 0
      vertex 80.11063538840405 43.67279441391411 0
      vertex 85.18483260273933 40.87827534228563 0
    endloop
  endfacet
  facet normal 0 0 -1
    outer loop
      vertex 85.18483260273933 40.87827534228563 0
      vertex 80.11063538840405 43.67279441391411 0
      vertex 85.28021237999201 41.25905276089907 0
    endloop
  endfacet
  facet normal 0 0 -1
    outer loop
      vertex 85.28021237999201 41.25905276089907 0
      vertex 80.11063538840405 43.67279441391411 0
      vertex 85.33781016618013 41.64734549075365 0
    endloop
  endfacet
  facet normal 0 0 -1
    outer loop
      vertex 85.33781016618013 41.64734549075365 0
      vertex 80.11063538840405 43.67279441391411 0
      vertex 85.35707125812769 42.039414048194885 0
    endloop
  endfacet
  facet normal 0 0 -1
    outer loop
      vertex 85.35707125812769 42.039414048194885 0
      vertex 80.11063538840405 43.67279441391411 0
      vertex 85.33781016618013 42.4314826130867 0
    endloop
  endfacet
  facet normal 0 0 -1
    outer loop
      vertex 85.05258939415216 43.57014778256416 0
      vertex 80.11063538840405 43.67279441391411 0
      vertex 84.88475631922483 43.92500099539757 0
    endloop
  endfacet
  facet normal 0 0 -1
    outer loop
      vertex 85.33781016618013 42.4314826130867 0
      vertex 80.11063538840405 43.67279441391411 0
      vertex 85.28021237999201 42.819775335490704 0
    endloop
  endfacet
  facet normal 0 0 -1
    outer loop
      vertex 85.28021237999201 42.819775335490704 0
      vertex 80.11063538840405 43.67279441391411 0
      vertex 85.18483260273933 43.20055276155472 0
    endloop
  endfacet
  facet normal 0 0 -1
    outer loop
      vertex 85.18483260273933 43.20055276155472 0
      vertex 80.11063538840405 43.67279441391411 0
      vertex 85.05258939415216 43.57014778256416 0
    endloop
  endfacet
  facet normal 0 0 -1
    outer loop
      vertex 84.18549838662148 44.86784117668867 0
      vertex 84.44911307096481 44.57698718458414 0
      vertex 80.11063538840405 43.67279441391411 0
    endloop
  endfacet
  facet normal 0 0 -1
    outer loop
      vertex 84.68294970691204 44.261694982647896 0
      vertex 84.88475631922483 43.92500099539757 0
      vertex 80.11063538840405 43.67279441391411 0
    endloop
  endfacet
  facet normal 0 0 -1
    outer loop
      vertex 84.68294970691204 44.261694982647896 0
      vertex 80.11063538840405 43.67279441391411 0
      vertex 84.44911307096481 44.57698718458414 0
    endloop
  endfacet
  facet normal 0 0 -1
    outer loop
      vertex 84.18549838662148 44.86784117668867 0
      vertex 80.11063538840405 43.67279441391411 0
      vertex 83.89464439451694 45.13145586103201 0
    endloop
  endfacet
  facet normal 0.970031253702096 -0.24298017787700282 0
    outer loop
      vertex 85.18483260273933 40.87827534228563 0
      vertex 85.28021237999201 41.25905276089907 0
      vertex 85.18483260273933 40.87827534228563 4
    endloop
  endfacet
  facet normal 0.989176509724005 -0.14673047607854153 0
    outer loop
      vertex 85.28021237999201 41.25905276089907 0
      vertex 85.33781016618013 41.64734549075365 0
      vertex 85.28021237999201 41.25905276089907 4
    endloop
  endfacet
  facet normal 0.9987954563516447 -0.04906767134590539 0
    outer loop
      vertex 85.33781016618013 41.64734549075365 0
      vertex 85.35707125812769 42.039414048194885 0
      vertex 85.33781016618013 41.64734549075365 4
    endloop
  endfacet
  facet normal 0.9987954563973425 0.049067670415704694 0
    outer loop
      vertex 85.35707125812769 42.039414048194885 0
      vertex 85.33781016618013 42.4314826130867 0
      vertex 85.35707125812769 42.039414048194885 4
    endloop
  endfacet
  facet normal 0.9891765093153608 0.1467304788333968 0
    outer loop
      vertex 85.33781016618013 42.4314826130867 0
      vertex 85.28021237999201 42.819775335490704 0
      vertex 85.33781016618013 42.4314826130867 4
    endloop
  endfacet
  facet normal 0.9700312548226849 0.24298017340336084 0
    outer loop
      vertex 85.28021237999201 42.819775335490704 0
      vertex 85.18483260273933 43.20055276155472 0
      vertex 85.28021237999201 42.819775335490704 4
    endloop
  endfacet
  facet normal 0.9415440688187788 0.33688984323095683 0
    outer loop
      vertex 85.18483260273933 43.20055276155472 0
      vertex 85.05258939415216 43.57014778256416 0
      vertex 85.18483260273933 43.20055276155472 4
    endloop
  endfacet
  facet normal 0.9039892885496101 0.42755510310083966 0
    outer loop
      vertex 85.05258939415216 43.57014778256416 0
      vertex 84.88475631922483 43.92500099539757 0
      vertex 85.05258939415216 43.57014778256416 4
    endloop
  endfacet
  facet normal 0.8032075288650012 0.5956993080192206 0
    outer loop
      vertex 84.68294970691204 44.261694982647896 0
      vertex 84.44911307096481 44.57698718458414 0
      vertex 84.68294970691204 44.261694982647896 4
    endloop
  endfacet
  facet normal 0.7409511354940239 0.6715589436602841 0
    outer loop
      vertex 84.18549838662148 44.86784117668867 0
      vertex 84.44911307096481 44.57698718458414 4
      vertex 84.44911307096481 44.57698718458414 0
    endloop
  endfacet
  facet normal 0.857728607028397 0.5141027491514958 0
    outer loop
      vertex 84.68294970691204 44.261694982647896 0
      vertex 84.88475631922483 43.92500099539757 4
      vertex 84.88475631922483 43.92500099539757 0
    endloop
  endfacet
  facet normal 0 0 1
    outer loop
      vertex 83.24265820533037 45.56709910929203 4
      vertex 82.39207527786493 45.587149783968925 4
      vertex 72.95879765008077 37.67169000464775 4
    endloop
  endfacet
  facet normal 0 0 1
    outer loop
      vertex 83.24265820533037 45.56709910929203 4
      vertex 72.95879765008077 37.67169000464775 4
      vertex 83.5793521925807 45.36529249697924 4
    endloop
  endfacet
  facet normal 0.9039892920192856 -0.4275550957648277 0
    outer loop
      vertex 85.05258939415216 40.50868032127619 0
      vertex 85.05258939415216 40.50868032127619 4
      vertex 84.88475631922483 40.1538271009922 4
    endloop
  endfacet
  facet normal 0 0 1
    outer loop
      vertex 84.88475631922483 40.1538271009922 4
      vertex 85.05258939415216 40.50868032127619 4
      vertex 72.95879765008077 37.67169000464775 4
    endloop
  endfacet
  facet normal 0 0 1
    outer loop
      vertex 85.05258939415216 40.50868032127619 4
      vertex 85.18483260273933 40.87827534228563 4
      vertex 72.95879765008077 37.67169000464775 4
    endloop
  endfacet
  facet normal 0 0 1
    outer loop
      vertex 85.18483260273933 40.87827534228563 4
      vertex 85.28021237999201 41.25905276089907 4
      vertex 72.95879765008077 37.67169000464775 4
    endloop
  endfacet
  facet normal 0 0 1
    outer loop
      vertex 85.28021237999201 41.25905276089907 4
      vertex 85.33781016618013 41.64734549075365 4
      vertex 72.95879765008077 37.67169000464775 4
    endloop
  endfacet
  facet normal 0 0 1
    outer loop
      vertex 85.33781016618013 41.64734549075365 4
      vertex 85.35707125812769 42.039414048194885 4
      vertex 72.95879765008077 37.67169000464775 4
    endloop
  endfacet
  facet normal 0 0 1
    outer loop
      vertex 85.35707125812769 42.039414048194885 4
      vertex 85.33781016618013 42.4314826130867 4
      vertex 72.95879765008077 37.67169000464775 4
    endloop
  endfacet
  facet normal 0.9415440688187788 -0.33688984323095683 0
    outer loop
      vertex 85.18483260273933 40.87827534228563 0
      vertex 85.18483260273933 40.87827534228563 4
      vertex 85.05258939415216 40.50868032127619 4
    endloop
  endfacet
  facet normal 0.970031253702096 -0.24298017787700282 0
    outer loop
      vertex 85.28021237999201 41.25905276089907 0
      vertex 85.28021237999201 41.25905276089907 4
      vertex 85.18483260273933 40.87827534228563 4
    endloop
  endfacet
  facet normal 0.989176509724005 -0.14673047607854153 0
    outer loop
      vertex 85.33781016618013 41.64734549075365 0
      vertex 85.33781016618013 41.64734549075365 4
      vertex 85.28021237999201 41.25905276089907 4
    endloop
  endfacet
  facet normal 0.9987954563516447 -0.04906767134590539 0
    outer loop
      vertex 85.35707125812769 42.039414048194885 0
      vertex 85.35707125812769 42.039414048194885 4
      vertex 85.33781016618013 41.64734549075365 4
    endloop
  endfacet
  facet normal 0.9987954563973425 0.049067670415704694 0
    outer loop
      vertex 85.33781016618013 42.4314826130867 0
      vertex 85.33781016618013 42.4314826130867 4
      vertex 85.35707125812769 42.039414048194885 4
    endloop
  endfacet
  facet normal 0.9891765093153608 0.1467304788333968 0
    outer loop
      vertex 85.28021237999201 42.819775335490704 0
      vertex 85.28021237999201 42.819775335490704 4
      vertex 85.33781016618013 42.4314826130867 4
    endloop
  endfacet
  facet normal 0.9700312548226849 0.24298017340336084 0
    outer loop
      vertex 85.18483260273933 43.20055276155472 0
      vertex 85.18483260273933 43.20055276155472 4
      vertex 85.28021237999201 42.819775335490704 4
    endloop
  endfacet
  facet normal 0.9039892885496101 0.42755510310083966 0
    outer loop
      vertex 84.88475631922483 43.92500099539757 0
      vertex 84.88475631922483 43.92500099539757 4
      vertex 85.05258939415216 43.57014778256416 4
    endloop
  endfacet
  facet normal 0.9415440688187788 0.33688984323095683 0
    outer loop
      vertex 85.05258939415216 43.57014778256416 0
      vertex 85.05258939415216 43.57014778256416 4
      vertex 85.18483260273933 43.20055276155472 4
    endloop
  endfacet
  facet normal 0.7409511354940239 0.6715589436602841 0
    outer loop
      vertex 84.18549838662148 44.86784117668867 0
      vertex 84.18549838662148 44.86784117668867 4
      vertex 84.44911307096481 44.57698718458414 4
    endloop
  endfacet
  facet normal 0.8032075288650012 0.5956993080192206 0
    outer loop
      vertex 84.44911307096481 44.57698718458414 0
      vertex 84.44911307096481 44.57698718458414 4
      vertex 84.68294970691204 44.261694982647896 4
    endloop
  endfacet
  facet normal 0.857728607028397 0.5141027491514958 0
    outer loop
      vertex 84.68294970691204 44.261694982647896 0
      vertex 84.68294970691204 44.261694982647896 4
      vertex 84.88475631922483 43.92500099539757 4
    endloop
  endfacet
  facet normal 0 0 1
    outer loop
      vertex 85.33781016618013 42.4314826130867 4
      vertex 85.28021237999201 42.819775335490704 4
      vertex 72.95879765008077 37.67169000464775 4
    endloop
  endfacet
  facet normal 0 0 1
    outer loop
      vertex 85.28021237999201 42.819775335490704 4
      vertex 85.18483260273933 43.20055276155472 4
      vertex 72.95879765008077 37.67169000464775 4
    endloop
  endfacet
  facet normal 0 0 1
    outer loop
      vertex 85.05258939415216 43.57014778256416 4
      vertex 84.88475631922483 43.92500099539757 4
      vertex 72.95879765008077 37.67169000464775 4
    endloop
  endfacet
  facet normal 0 0 1
    outer loop
      vertex 85.18483260273933 43.20055276155472 4
      vertex 85.05258939415216 43.57014778256416 4
      vertex 72.95879765008077 37.67169000464775 4
    endloop
  endfacet
  facet normal 0 0 1
    outer loop
      vertex 84.18549838662148 44.86784117668867 4
      vertex 83.89464439451694 45.13145586103201 4
      vertex 72.95879765008077 37.67169000464775 4
    endloop
  endfacet
  facet normal 0 0 1
    outer loop
      vertex 83.5793521925807 45.36529249697924 4
      vertex 72.95879765008077 37.67169000464775 4
      vertex 83.89464439451694 45.13145586103201 4
    endloop
  endfacet
  facet normal 0 0 1
    outer loop
      vertex 84.18549838662148 44.86784117668867 4
      vertex 72.95879765008077 37.67169000464775 4
      vertex 84.44911307096481 44.57698718458414 4
    endloop
  endfacet
  facet normal 0 0 1
    outer loop
      vertex 84.68294970691204 44.261694982647896 4
      vertex 72.95879765008077 37.67169000464775 4
      vertex 84.88475631922483 43.92500099539757 4
    endloop
  endfacet
  facet normal 0 0 1
    outer loop
      vertex 84.68294970691204 44.261694982647896 4
      vertex 84.44911307096481 44.57698718458414 4
      vertex 72.95879765008077 37.67169000464775 4
    endloop
  endfacet
  facet normal 0 0 -1
    outer loop
      vertex 83.24265820533037 45.56709910929203 0
      vertex 80.11063538840405 43.67279441391411 0
      vertex 80.82425142459122 46.998002416388935 0
    endloop
  endfacet
  facet normal 0.509215820042718 0.860638860741381 4.356845317376745e-18
    outer loop
      vertex 83.24265820533037 45.56709910929203 0
      vertex 80.82425142459122 46.998002416388935 0
      vertex 80.82425142459122 46.998002416388935 4
    endloop
  endfacet
  facet normal 0.5141027491514958 0.857728607028397 0
    outer loop
      vertex 83.24265820533037 45.56709910929203 0
      vertex 83.5793521925807 45.36529249697924 4
      vertex 83.5793521925807 45.36529249697924 0
    endloop
  endfacet
  facet normal 0.5956993080192206 0.8032075288650012 0
    outer loop
      vertex 83.5793521925807 45.36529249697924 0
      vertex 83.89464439451694 45.13145586103201 4
      vertex 83.89464439451694 45.13145586103201 0
    endloop
  endfacet
  facet normal 0.6715589436602841 0.7409511354940239 0
    outer loop
      vertex 84.18549838662148 44.86784117668867 0
      vertex 83.89464439451694 45.13145586103201 0
      vertex 84.18549838662148 44.86784117668867 4
    endloop
  endfacet
  facet normal 0.509215820042718 0.860638860741381 0
    outer loop
      vertex 83.24265820533037 45.56709910929203 0
      vertex 80.82425142459122 46.998002416388935 4
      vertex 83.24265820533037 45.56709910929203 4
    endloop
  endfacet
  facet normal 0.5141027491514958 0.857728607028397 0
    outer loop
      vertex 83.24265820533037 45.56709910929203 0
      vertex 83.24265820533037 45.56709910929203 4
      vertex 83.5793521925807 45.36529249697924 4
    endloop
  endfacet
  facet normal 0.5956993080192206 0.8032075288650012 0
    outer loop
      vertex 83.5793521925807 45.36529249697924 0
      vertex 83.5793521925807 45.36529249697924 4
      vertex 83.89464439451694 45.13145586103201 4
    endloop
  endfacet
  facet normal 0.6715589436602841 0.7409511354940239 0
    outer loop
      vertex 84.18549838662148 44.86784117668867 4
      vertex 83.89464439451694 45.13145586103201 0
      vertex 83.89464439451694 45.13145586103201 4
    endloop
  endfacet
  facet normal 0 0 1
    outer loop
      vertex 83.24265820533037 45.56709910929203 4
      vertex 80.82425142459122 46.998002416388935 4
      vertex 82.39207527786493 45.587149783968925 4
    endloop
  endfacet
  facet normal -0.5092158201379892 -0.8606388606850118 3.325149519750617e-16
    outer loop
      vertex 11.130176112055779 77.77667964994907 0
      vertex 64.83731072920956 45.99967787760553 0
      vertex 64.83731072920956 45.99967787760553 4
    endloop
  endfacet
  facet normal 0 0 -1
    outer loop
      vertex 14.391549348831177 86.30436471104622 0
      vertex 65.88511280579021 46.87888821376672 0
      vertex 64.83731072920956 45.99967787760553 0
    endloop
  endfacet
  facet normal 0 0 1
    outer loop
      vertex 11.130176112055779 77.77667964994907 4
      vertex 64.83731072920956 45.99967787760553 4
      vertex 72.14619812762797 52.132562599019906 4
    endloop
  endfacet
  facet normal 0 0 -1
    outer loop
      vertex 14.391549348831177 86.30436471104622 0
      vertex 72.14619812762797 52.132562599019906 0
      vertex 65.88511280579021 46.87888821376672 0
    endloop
  endfacet
  facet normal 0.5092158200427189 0.8606388607413805 1.1229587265527028e-16
    outer loop
      vertex 14.391549348831177 86.30436471104622 4
      vertex 72.14619812762797 52.132562599019906 4
      vertex 72.14619812762797 52.132562599019906 0
    endloop
  endfacet
  facet normal -0.7409511260209917 -0.6715589541121647 0
    outer loop
      vertex -14.84924240410328 -14.84924240410328 0
      vertex -16.233219519257545 -13.322258964180946 4
      vertex -16.233219519257545 -13.322258964180946 0
    endloop
  endfacet
  facet normal -0.6715589541121647 -0.7409511260209917 0
    outer loop
      vertex -14.84924240410328 -14.84924240410328 0
      vertex -13.322258964180946 -16.233219519257545 0
      vertex -14.84924240410328 -14.84924240410328 4
    endloop
  endfacet
  facet normal -0.5956993070231433 -0.8032075296037424 0
    outer loop
      vertex -13.322258964180946 -16.233219519257545 0
      vertex -11.666974894702435 -17.46086186170578 0
      vertex -13.322258964180946 -16.233219519257545 4
    endloop
  endfacet
  facet normal -0.5141027428985352 -0.8577286107762774 0
    outer loop
      vertex -11.666974894702435 -17.46086186170578 0
      vertex -9.899331472814083 -18.52034655213356 0
      vertex -11.666974894702435 -17.46086186170578 4
    endloop
  endfacet
  facet normal -0.6715589541121647 -0.7409511260209917 0
    outer loop
      vertex -13.322258964180946 -16.233219519257545 0
      vertex -13.322258964180946 -16.233219519257545 4
      vertex -14.84924240410328 -14.84924240410328 4
    endloop
  endfacet
  facet normal -0.7409511260209917 -0.6715589541121647 0
    outer loop
      vertex -14.84924240410328 -14.84924240410328 0
      vertex -14.84924240410328 -14.84924240410328 4
      vertex -16.233219519257545 -13.322258964180946 4
    endloop
  endfacet
  facet normal -0.5956993070231433 -0.8032075296037424 0
    outer loop
      vertex -11.666974894702435 -17.46086186170578 0
      vertex -11.666974894702435 -17.46086186170578 4
      vertex -13.322258964180946 -16.233219519257545 4
    endloop
  endfacet
  facet normal -0.4275550944772059 -0.9039892926282852 0
    outer loop
      vertex -9.899331472814083 -18.52034655213356 0
      vertex -8.036352083086967 -19.401470184326172 0
      vertex -9.899331472814083 -18.52034655213356 4
    endloop
  endfacet
  facet normal -0.24298017872415542 -0.9700312534898954 0
    outer loop
      vertex -6.09597822278738 -20.0957470536232 0
      vertex -4.096896760165691 -20.596490889787674 0
      vertex -6.09597822278738 -20.0957470536232 4
    endloop
  endfacet
  facet normal -0.3368898536471737 -0.9415440650917969 0
    outer loop
      vertex -8.036352083086967 -19.401470184326172 0
      vertex -6.09597822278738 -20.0957470536232 0
      vertex -8.036352083086967 -19.401470184326172 4
    endloop
  endfacet
  facet normal -0.14673047359053876 -0.9891765100930654 0
    outer loop
      vertex -4.096896760165691 -20.596490889787674 0
      vertex -2.058359943330288 -20.898879259824753 0
      vertex -4.096896760165691 -20.596490889787674 4
    endloop
  endfacet
  facet normal -0.04906767455385202 -0.9987954561940484 0
    outer loop
      vertex -2.058359943330288 -20.898879259824753 0
      vertex 0 -21 0
      vertex -2.058359943330288 -20.898879259824753 4
    endloop
  endfacet
  facet normal -0.5141027428985352 -0.8577286107762774 0
    outer loop
      vertex -11.666974894702435 -17.46086186170578 4
      vertex -9.899331472814083 -18.52034655213356 0
      vertex -9.899331472814083 -18.52034655213356 4
    endloop
  endfacet
  facet normal -0.4275550944772059 -0.9039892926282852 0
    outer loop
      vertex -8.036352083086967 -19.401470184326172 0
      vertex -8.036352083086967 -19.401470184326172 4
      vertex -9.899331472814083 -18.52034655213356 4
    endloop
  endfacet
  facet normal -0.3368898536471737 -0.9415440650917969 0
    outer loop
      vertex -6.09597822278738 -20.0957470536232 0
      vertex -6.09597822278738 -20.0957470536232 4
      vertex -8.036352083086967 -19.401470184326172 4
    endloop
  endfacet
  facet normal -0.24298017872415542 -0.9700312534898954 0
    outer loop
      vertex -4.096896760165691 -20.596490889787674 0
      vertex -4.096896760165691 -20.596490889787674 4
      vertex -6.09597822278738 -20.0957470536232 4
    endloop
  endfacet
  facet normal -0.14673047359053876 -0.9891765100930654 0
    outer loop
      vertex -2.058359943330288 -20.898879259824753 0
      vertex -2.058359943330288 -20.898879259824753 4
      vertex -4.096896760165691 -20.596490889787674 4
    endloop
  endfacet
  facet normal -0.04906767455385202 -0.9987954561940484 0
    outer loop
      vertex -2.058359943330288 -20.898879259824753 4
      vertex 0 -21 0
      vertex 0 -21 4
    endloop
  endfacet
  facet normal 0 0 -1
    outer loop
      vertex -38.1041005349562 -6.037520716326374 0
      vertex -34.296856582363475 -4.431968780225585 0
      vertex -33.81181499676899 -12.28315050523799 0
    endloop
  endfacet
  facet normal 0 0 -1
    outer loop
      vertex -38.60546589636022 -3.516986837124614 0
      vertex -34.296856582363475 -4.431968780225585 0
      vertex -38.1041005349562 -6.037520716326374 0
    endloop
  endfacet
  facet normal 0 0 -1
    outer loop
      vertex -38.60546589636022 -3.516986837124614 0
      vertex -38.22652315101794 -3.23679044376155 0
      vertex -34.296856582363475 -4.431968780225585 0
    endloop
  endfacet
  facet normal 0 0 -1
    outer loop
      vertex -34.296856582363475 -4.431968780225585 0
      vertex -18.889954335987568 -9.117861457169056 0
      vertex -33.81181499676899 -12.28315050523799 0
    endloop
  endfacet
  facet normal 0.2075070864540835 -0.978233514592164 0
    outer loop
      vertex -18.889954335987568 -9.117861457169056 0
      vertex -18.889954335987568 -9.117861457169056 4
      vertex -33.81181499676899 -12.28315050523799 0
    endloop
  endfacet
  facet normal 0.2075070864540835 -0.978233514592164 -2.5685617604554828e-17
    outer loop
      vertex -18.889954335987568 -9.117861457169056 4
      vertex -33.81181499676899 -12.28315050523799 4
      vertex -33.81181499676899 -12.28315050523799 0
    endloop
  endfacet
  facet normal 0 0 1
    outer loop
      vertex -18.889954335987568 -9.117861457169056 4
      vertex -33.61183758825064 -12.101901546120644 4
      vertex -33.81181499676899 -12.28315050523799 4
    endloop
  endfacet
  facet normal 0 0 1
    outer loop
      vertex -18.889954335987568 -9.117861457169056 4
      vertex -33.229532703757286 -11.680093109607697 4
      vertex -33.61183758825064 -12.101901546120644 4
    endloop
  endfacet
  facet normal 0 0 1
    outer loop
      vertex -18.889954335987568 -9.117861457169056 4
      vertex -32.89041318744421 -11.222843363881111 4
      vertex -33.229532703757286 -11.680093109607697 4
    endloop
  endfacet
  facet normal 0 0 1
    outer loop
      vertex -18.889954335987568 -9.117861457169056 4
      vertex -32.597744926810265 -10.734555877745152 4
      vertex -32.89041318744421 -11.222843363881111 4
    endloop
  endfacet
  facet normal 0 0 1
    outer loop
      vertex -18.889954335987568 -9.117861457169056 4
      vertex -32.35434649139643 -10.219933114945889 4
      vertex -32.597744926810265 -10.734555877745152 4
    endloop
  endfacet
  facet normal 0 0 1
    outer loop
      vertex -18.889954335987568 -9.117861457169056 4
      vertex -32.16256193816662 -9.683931194245815 4
      vertex -32.35434649139643 -10.219933114945889 4
    endloop
  endfacet
  facet normal 0 0 1
    outer loop
      vertex -18.889954335987568 -9.117861457169056 4
      vertex -32.024238251149654 -9.131712093949318 4
      vertex -32.16256193816662 -9.683931194245815 4
    endloop
  endfacet
  facet normal 0 0 1
    outer loop
      vertex -18.889954335987568 -9.117861457169056 4
      vertex -31.940707564353943 -8.568593978881836 4
      vertex -32.024238251149654 -9.131712093949318 4
    endloop
  endfacet
  facet normal 0 0 1
    outer loop
      vertex -18.889954335987568 -9.117861457169056 4
      vertex -31.912774339318275 -8 4
      vertex -31.940707564353943 -8.568593978881836 4
    endloop
  endfacet
  facet normal 0 0 1
    outer loop
      vertex -18.889954335987568 -9.117861457169056 4
      vertex -31.940707564353943 -7.431406021118164 4
      vertex -31.912774339318275 -8 4
    endloop
  endfacet
  facet normal 0 0 1
    outer loop
      vertex -18.889954335987568 -9.117861457169056 4
      vertex -32.16256193816662 -6.316068805754185 4
      vertex -32.024238251149654 -6.868287906050682 4
    endloop
  endfacet
  facet normal 0 0 1
    outer loop
      vertex -18.889954335987568 -9.117861457169056 4
      vertex -32.024238251149654 -6.868287906050682 4
      vertex -31.940707564353943 -7.431406021118164 4
    endloop
  endfacet
  facet normal 0 0 1
    outer loop
      vertex -18.889954335987568 -9.117861457169056 4
      vertex -32.35434649139643 -5.7800668850541115 4
      vertex -32.16256193816662 -6.316068805754185 4
    endloop
  endfacet
  facet normal 0 0 1
    outer loop
      vertex -18.889954335987568 -9.117861457169056 4
      vertex -32.597744926810265 -5.2654441222548485 4
      vertex -32.35434649139643 -5.7800668850541115 4
    endloop
  endfacet
  facet normal 0 0 -1
    outer loop
      vertex -20.96742182224989 0.66314397752285 0
      vertex -34.296856582363475 -4.431968780225585 0
      vertex -35.88394596602889 -2.5010130524772687 0
    endloop
  endfacet
  facet normal -0.20750708562528655 0.9782335147679719 3.6508540318111345e-17
    outer loop
      vertex -20.96742182224989 0.66314397752285 0
      vertex -35.88394596602889 -2.5010130524772687 0
      vertex -35.88394596602889 -2.5010130524772687 4
    endloop
  endfacet
  facet normal 0 0 -1
    outer loop
      vertex -20.96742182224989 0.66314397752285 0
      vertex -18.889954335987568 -9.117861457169056 0
      vertex -34.296856582363475 -4.431968780225585 0
    endloop
  endfacet
  facet normal 0 0 1
    outer loop
      vertex -20.96742182224989 0.66314397752285 4
      vertex -35.88394596602889 -2.5010130524772687 4
      vertex -35.49380601942539 -2.6406073570251465 4
    endloop
  endfacet
  facet normal 0 0 1
    outer loop
      vertex -20.96742182224989 0.66314397752285 4
      vertex -34.033646024763584 -3.5157935693860054 4
      vertex -33.61183758825064 -3.8980984538793564 4
    endloop
  endfacet
  facet normal 0 0 1
    outer loop
      vertex -20.96742182224989 0.66314397752285 4
      vertex -34.97918325662613 -2.884005792438984 4
      vertex -34.49089577049017 -3.1766740530729294 4
    endloop
  endfacet
  facet normal 0 0 1
    outer loop
      vertex -20.96742182224989 0.66314397752285 4
      vertex -35.49380601942539 -2.6406073570251465 4
      vertex -34.97918325662613 -2.884005792438984 4
    endloop
  endfacet
  facet normal 0 0 1
    outer loop
      vertex -20.96742182224989 0.66314397752285 4
      vertex -34.49089577049017 -3.1766740530729294 4
      vertex -34.033646024763584 -3.5157935693860054 4
    endloop
  endfacet
  facet normal 0 0 1
    outer loop
      vertex -20.96742182224989 0.66314397752285 4
      vertex -33.229532703757286 -4.3199068903923035 4
      vertex -32.89041318744421 -4.777156636118889 4
    endloop
  endfacet
  facet normal 0 0 1
    outer loop
      vertex -20.96742182224989 0.66314397752285 4
      vertex -32.89041318744421 -4.777156636118889 4
      vertex -32.597744926810265 -5.2654441222548485 4
    endloop
  endfacet
  facet normal 0 0 1
    outer loop
      vertex -20.96742182224989 0.66314397752285 4
      vertex -33.61183758825064 -3.8980984538793564 4
      vertex -33.229532703757286 -4.3199068903923035 4
    endloop
  endfacet
  facet normal 0 0 1
    outer loop
      vertex -18.889954335987568 -9.117861457169056 4
      vertex -20.96742182224989 0.66314397752285 4
      vertex -32.597744926810265 -5.2654441222548485 4
    endloop
  endfacet
  facet normal -0.20750708562528655 0.9782335147679719 0
    outer loop
      vertex -20.96742182224989 0.66314397752285 0
      vertex -35.88394596602889 -2.5010130524772687 4
      vertex -20.96742182224989 0.66314397752285 4
    endloop
  endfacet
  facet normal -0.5024354269406709 -0.8646147360269462 0
    outer loop
      vertex -20.138916671276093 5.923635430634022 0
      vertex -20.138916671276093 5.923635430634022 4
      vertex -61.892824896740024 30.18720836266967 0
    endloop
  endfacet
  facet normal 0 0 1
    outer loop
      vertex -20.138916671276093 5.923635430634022 4
      vertex -15.111016675829887 14.560418993234634 4
      vertex -60.79553480446339 30.29698123037815 4
    endloop
  endfacet
  facet normal 0 0 -1
    outer loop
      vertex -20.138916671276093 5.923635430634022 0
      vertex -60.673787895145196 30.327477243905314 0
      vertex -15.111016675829887 14.560418993234634 0
    endloop
  endfacet
  facet normal -0.8032075296037424 -0.5956993070231433 0
    outer loop
      vertex -17.46086186170578 -11.666974894702435 0
      vertex -16.233219519257545 -13.322258964180946 0
      vertex -17.46086186170578 -11.666974894702435 4
    endloop
  endfacet
  facet normal -0.8577286107762774 -0.5141027428985352 0
    outer loop
      vertex -17.46086186170578 -11.666974894702435 0
      vertex -18.52034655213356 -9.899331472814083 4
      vertex -18.52034655213356 -9.899331472814083 0
    endloop
  endfacet
  facet normal 0 0 -1
    outer loop
      vertex -14.84924240410328 -14.84924240410328 0
      vertex -16.233219519257545 -13.322258964180946 0
      vertex -20.138916671276093 5.923635430634022 0
    endloop
  endfacet
  facet normal 0 0 -1
    outer loop
      vertex -14.84924240410328 -14.84924240410328 0
      vertex -20.138916671276093 5.923635430634022 0
      vertex -13.322258964180946 -16.233219519257545 0
    endloop
  endfacet
  facet normal 0 0 -1
    outer loop
      vertex -17.46086186170578 -11.666974894702435 0
      vertex -20.138916671276093 5.923635430634022 0
      vertex -16.233219519257545 -13.322258964180946 0
    endloop
  endfacet
  facet normal -0.9039892962358654 -0.42755508684961846 0
    outer loop
      vertex -18.52034655213356 -9.899331472814083 0
      vertex -18.889954335987568 -9.117861457169056 4
      vertex -18.889954335987568 -9.117861457169056 0
    endloop
  endfacet
  facet normal 0 0 -1
    outer loop
      vertex -11.666974894702435 -17.46086186170578 0
      vertex -20.138916671276093 5.923635430634022 0
      vertex -9.899331472814083 -18.52034655213356 0
    endloop
  endfacet
  facet normal 0 0 -1
    outer loop
      vertex -9.899331472814083 -18.52034655213356 0
      vertex -20.138916671276093 5.923635430634022 0
      vertex -8.036352083086967 -19.401470184326172 0
    endloop
  endfacet
  facet normal 0 0 -1
    outer loop
      vertex -8.036352083086967 -19.401470184326172 0
      vertex -20.138916671276093 5.923635430634022 0
      vertex -6.09597822278738 -20.0957470536232 0
    endloop
  endfacet
  facet normal 0 0 -1
    outer loop
      vertex -13.322258964180946 -16.233219519257545 0
      vertex -20.138916671276093 5.923635430634022 0
      vertex -11.666974894702435 -17.46086186170578 0
    endloop
  endfacet
  facet normal -0.8032075296037424 -0.5956993070231433 0
    outer loop
      vertex -16.233219519257545 -13.322258964180946 0
      vertex -16.233219519257545 -13.322258964180946 4
      vertex -17.46086186170578 -11.666974894702435 4
    endloop
  endfacet
  facet normal -0.8577286107762774 -0.5141027428985352 0
    outer loop
      vertex -17.46086186170578 -11.666974894702435 0
      vertex -17.46086186170578 -11.666974894702435 4
      vertex -18.52034655213356 -9.899331472814083 4
    endloop
  endfacet
  facet normal -0.9039892962358654 -0.42755508684961846 0
    outer loop
      vertex -18.52034655213356 -9.899331472814083 0
      vertex -18.52034655213356 -9.899331472814083 4
      vertex -18.889954335987568 -9.117861457169056 4
    endloop
  endfacet
  facet normal 0 0 1
    outer loop
      vertex -14.84924240410328 -14.84924240410328 4
      vertex -20.138916671276093 5.923635430634022 4
      vertex -16.233219519257545 -13.322258964180946 4
    endloop
  endfacet
  facet normal 0 0 1
    outer loop
      vertex -14.84924240410328 -14.84924240410328 4
      vertex -13.322258964180946 -16.233219519257545 4
      vertex -20.138916671276093 5.923635430634022 4
    endloop
  endfacet
  facet normal 0 0 1
    outer loop
      vertex -17.46086186170578 -11.666974894702435 4
      vertex -16.233219519257545 -13.322258964180946 4
      vertex -20.138916671276093 5.923635430634022 4
    endloop
  endfacet
  facet normal 0 0 1
    outer loop
      vertex -11.666974894702435 -17.46086186170578 4
      vertex -9.899331472814083 -18.52034655213356 4
      vertex -20.138916671276093 5.923635430634022 4
    endloop
  endfacet
  facet normal 0 0 1
    outer loop
      vertex -9.899331472814083 -18.52034655213356 4
      vertex -8.036352083086967 -19.401470184326172 4
      vertex -20.138916671276093 5.923635430634022 4
    endloop
  endfacet
  facet normal 0 0 1
    outer loop
      vertex -8.036352083086967 -19.401470184326172 4
      vertex -6.09597822278738 -20.0957470536232 4
      vertex -20.138916671276093 5.923635430634022 4
    endloop
  endfacet
  facet normal 0 0 1
    outer loop
      vertex -13.322258964180946 -16.233219519257545 4
      vertex -11.666974894702435 -17.46086186170578 4
      vertex -20.138916671276093 5.923635430634022 4
    endloop
  endfacet
  facet normal 0 0 -1
    outer loop
      vertex -17.46086186170578 -11.666974894702435 0
      vertex -18.52034655213356 -9.899331472814083 0
      vertex -20.138916671276093 5.923635430634022 0
    endloop
  endfacet
  facet normal 0 0 -1
    outer loop
      vertex -18.52034655213356 -9.899331472814083 0
      vertex -18.889954335987568 -9.117861457169056 0
      vertex -20.138916671276093 5.923635430634022 0
    endloop
  endfacet
  facet normal 0 0 -1
    outer loop
      vertex -18.889954335987568 -9.117861457169056 0
      vertex -20.96742182224989 0.66314397752285 0
      vertex -20.898879259824753 2.058359943330288 0
    endloop
  endfacet
  facet normal 0 0 -1
    outer loop
      vertex -18.889954335987568 -9.117861457169056 0
      vertex -20.898879259824753 2.058359943330288 0
      vertex -20.596490889787674 4.096896760165691 0
    endloop
  endfacet
  facet normal 0 0 -1
    outer loop
      vertex -18.889954335987568 -9.117861457169056 0
      vertex -20.596490889787674 4.096896760165691 0
      vertex -20.138916671276093 5.923635430634022 0
    endloop
  endfacet
  facet normal -0.9987954563007073 0.04906767238275896 0
    outer loop
      vertex -20.96742182224989 0.66314397752285 0
      vertex -20.898879259824753 2.058359943330288 4
      vertex -20.898879259824753 2.058359943330288 0
    endloop
  endfacet
  facet normal 0 0 1
    outer loop
      vertex -17.46086186170578 -11.666974894702435 4
      vertex -20.138916671276093 5.923635430634022 4
      vertex -18.52034655213356 -9.899331472814083 4
    endloop
  endfacet
  facet normal 0 0 1
    outer loop
      vertex -18.52034655213356 -9.899331472814083 4
      vertex -20.138916671276093 5.923635430634022 4
      vertex -18.889954335987568 -9.117861457169056 4
    endloop
  endfacet
  facet normal 0 0 1
    outer loop
      vertex -18.889954335987568 -9.117861457169056 4
      vertex -20.898879259824753 2.058359943330288 4
      vertex -20.96742182224989 0.66314397752285 4
    endloop
  endfacet
  facet normal -0.9987954563007073 0.04906767238275896 0
    outer loop
      vertex -20.96742182224989 0.66314397752285 0
      vertex -20.96742182224989 0.66314397752285 4
      vertex -20.898879259824753 2.058359943330288 4
    endloop
  endfacet
  facet normal -0.9891765100930654 0.14673047359053876 0
    outer loop
      vertex -20.898879259824753 2.058359943330288 0
      vertex -20.898879259824753 2.058359943330288 4
      vertex -20.596490889787674 4.096896760165691 4
    endloop
  endfacet
  facet normal 0 0 1
    outer loop
      vertex -18.889954335987568 -9.117861457169056 4
      vertex -20.596490889787674 4.096896760165691 4
      vertex -20.898879259824753 2.058359943330288 4
    endloop
  endfacet
  facet normal 0 0 1
    outer loop
      vertex -18.889954335987568 -9.117861457169056 4
      vertex -20.138916671276093 5.923635430634022 4
      vertex -20.596490889787674 4.096896760165691 4
    endloop
  endfacet
  facet normal 0 0 -1
    outer loop
      vertex -6.09597822278738 -20.0957470536232 0
      vertex -20.138916671276093 5.923635430634022 0
      vertex -4.096896760165691 -20.596490889787674 0
    endloop
  endfacet
  facet normal 0 0 -1
    outer loop
      vertex -4.096896760165691 -20.596490889787674 0
      vertex -20.138916671276093 5.923635430634022 0
      vertex -2.058359943330288 -20.898879259824753 0
    endloop
  endfacet
  facet normal 0 0 -1
    outer loop
      vertex -2.058359943330288 -20.898879259824753 0
      vertex -20.138916671276093 5.923635430634022 0
      vertex 0 -21 0
    endloop
  endfacet
  facet normal 0 0 -1
    outer loop
      vertex -20.138916671276093 5.923635430634022 0
      vertex 2.058359943330288 -20.898879259824753 0
      vertex 0 -21 0
    endloop
  endfacet
  facet normal 0 0 -1
    outer loop
      vertex -20.138916671276093 5.923635430634022 0
      vertex 4.096896760165691 -20.596490889787674 0
      vertex 2.058359943330288 -20.898879259824753 0
    endloop
  endfacet
  facet normal 0 0 -1
    outer loop
      vertex -20.138916671276093 5.923635430634022 0
      vertex 6.09597822278738 -20.0957470536232 0
      vertex 4.096896760165691 -20.596490889787674 0
    endloop
  endfacet
  facet normal 0 0 -1
    outer loop
      vertex -20.138916671276093 5.923635430634022 0
      vertex 8.036352083086967 -19.401470184326172 0
      vertex 6.09597822278738 -20.0957470536232 0
    endloop
  endfacet
  facet normal 0 0 -1
    outer loop
      vertex -20.138916671276093 5.923635430634022 0
      vertex 9.899331472814083 -18.52034655213356 0
      vertex 8.036352083086967 -19.401470184326172 0
    endloop
  endfacet
  facet normal 0 0 1
    outer loop
      vertex -6.09597822278738 -20.0957470536232 4
      vertex -4.096896760165691 -20.596490889787674 4
      vertex -20.138916671276093 5.923635430634022 4
    endloop
  endfacet
  facet normal 0 0 1
    outer loop
      vertex -4.096896760165691 -20.596490889787674 4
      vertex -2.058359943330288 -20.898879259824753 4
      vertex -20.138916671276093 5.923635430634022 4
    endloop
  endfacet
  facet normal 0 0 1
    outer loop
      vertex -2.058359943330288 -20.898879259824753 4
      vertex 0 -21 4
      vertex -20.138916671276093 5.923635430634022 4
    endloop
  endfacet
  facet normal 0 0 1
    outer loop
      vertex -20.138916671276093 5.923635430634022 4
      vertex 0 -21 4
      vertex 2.058359943330288 -20.898879259824753 4
    endloop
  endfacet
  facet normal 0 0 1
    outer loop
      vertex -20.138916671276093 5.923635430634022 4
      vertex 2.058359943330288 -20.898879259824753 4
      vertex 4.096896760165691 -20.596490889787674 4
    endloop
  endfacet
  facet normal 0 0 1
    outer loop
      vertex -20.138916671276093 5.923635430634022 4
      vertex 4.096896760165691 -20.596490889787674 4
      vertex 6.09597822278738 -20.0957470536232 4
    endloop
  endfacet
  facet normal 0 0 1
    outer loop
      vertex -20.138916671276093 5.923635430634022 4
      vertex 6.09597822278738 -20.0957470536232 4
      vertex 8.036352083086967 -19.401470184326172 4
    endloop
  endfacet
  facet normal 0 0 1
    outer loop
      vertex -20.138916671276093 5.923635430634022 4
      vertex 8.036352083086967 -19.401470184326172 4
      vertex 9.899331472814083 -18.52034655213356 4
    endloop
  endfacet
  facet normal -0.9891765100930654 0.14673047359053876 0
    outer loop
      vertex -20.898879259824753 2.058359943330288 0
      vertex -20.596490889787674 4.096896760165691 4
      vertex -20.596490889787674 4.096896760165691 0
    endloop
  endfacet
  facet normal -0.970031252958985 0.24298018084366863 0
    outer loop
      vertex -20.596490889787674 4.096896760165691 0
      vertex -20.138916671276093 5.923635430634022 4
      vertex -20.138916671276093 5.923635430634022 0
    endloop
  endfacet
  facet normal -0.970031252958985 0.24298018084366863 0
    outer loop
      vertex -20.596490889787674 4.096896760165691 0
      vertex -20.596490889787674 4.096896760165691 4
      vertex -20.138916671276093 5.923635430634022 4
    endloop
  endfacet
  facet normal 0 0 -1
    outer loop
      vertex -20.138916671276093 5.923635430634022 0
      vertex -15.111016675829887 14.560418993234634 0
      vertex -14.84924240410328 14.84924240410328 0
    endloop
  endfacet
  facet normal 0 0 -1
    outer loop
      vertex -20.138916671276093 5.923635430634022 0
      vertex -14.84924240410328 14.84924240410328 0
      vertex -13.322258964180946 16.233219519257545 0
    endloop
  endfacet
  facet normal 0 0 -1
    outer loop
      vertex -20.138916671276093 5.923635430634022 0
      vertex -13.322258964180946 16.233219519257545 0
      vertex -11.666974894702435 17.46086186170578 0
    endloop
  endfacet
  facet normal 0 0 -1
    outer loop
      vertex -20.138916671276093 5.923635430634022 0
      vertex -11.666974894702435 17.46086186170578 0
      vertex -9.899331472814083 18.52034655213356 0
    endloop
  endfacet
  facet normal 0 0 -1
    outer loop
      vertex -20.138916671276093 5.923635430634022 0
      vertex -9.899331472814083 18.52034655213356 0
      vertex -8.036352083086967 19.401470184326172 0
    endloop
  endfacet
  facet normal 0 0 -1
    outer loop
      vertex -20.138916671276093 5.923635430634022 0
      vertex -8.036352083086967 19.401470184326172 0
      vertex -6.09597822278738 20.0957470536232 0
    endloop
  endfacet
  facet normal -0.7409511369211363 0.6715589420857081 0
    outer loop
      vertex -15.111016675829887 14.560418993234634 0
      vertex -14.84924240410328 14.84924240410328 4
      vertex -14.84924240410328 14.84924240410328 0
    endloop
  endfacet
  facet normal -0.6715589541121647 0.7409511260209917 0
    outer loop
      vertex -14.84924240410328 14.84924240410328 0
      vertex -13.322258964180946 16.233219519257545 4
      vertex -13.322258964180946 16.233219519257545 0
    endloop
  endfacet
  facet normal -0.5956993070231433 0.8032075296037424 1.3468073386329764e-17
    outer loop
      vertex -13.322258964180946 16.233219519257545 0
      vertex -11.666974894702435 17.46086186170578 4
      vertex -11.666974894702435 17.46086186170578 0
    endloop
  endfacet
  facet normal 0 0 1
    outer loop
      vertex -20.138916671276093 5.923635430634022 4
      vertex -14.84924240410328 14.84924240410328 4
      vertex -15.111016675829887 14.560418993234634 4
    endloop
  endfacet
  facet normal 0 0 1
    outer loop
      vertex -20.138916671276093 5.923635430634022 4
      vertex -13.322258964180946 16.233219519257545 4
      vertex -14.84924240410328 14.84924240410328 4
    endloop
  endfacet
  facet normal -0.7409511369211363 0.6715589420857081 0
    outer loop
      vertex -15.111016675829887 14.560418993234634 0
      vertex -15.111016675829887 14.560418993234634 4
      vertex -14.84924240410328 14.84924240410328 4
    endloop
  endfacet
  facet normal -0.6715589541121647 0.7409511260209917 0
    outer loop
      vertex -14.84924240410328 14.84924240410328 0
      vertex -14.84924240410328 14.84924240410328 4
      vertex -13.322258964180946 16.233219519257545 4
    endloop
  endfacet
  facet normal 0 0 1
    outer loop
      vertex -20.138916671276093 5.923635430634022 4
      vertex -11.666974894702435 17.46086186170578 4
      vertex -13.322258964180946 16.233219519257545 4
    endloop
  endfacet
  facet normal 0 0 1
    outer loop
      vertex -20.138916671276093 5.923635430634022 4
      vertex -9.899331472814083 18.52034655213356 4
      vertex -11.666974894702435 17.46086186170578 4
    endloop
  endfacet
  facet normal 0 0 1
    outer loop
      vertex -20.138916671276093 5.923635430634022 4
      vertex -8.036352083086967 19.401470184326172 4
      vertex -9.899331472814083 18.52034655213356 4
    endloop
  endfacet
  facet normal 0 0 1
    outer loop
      vertex -20.138916671276093 5.923635430634022 4
      vertex -6.09597822278738 20.0957470536232 4
      vertex -8.036352083086967 19.401470184326172 4
    endloop
  endfacet
  facet normal -0.5956993070231433 0.8032075296037424 0
    outer loop
      vertex -13.322258964180946 16.233219519257545 0
      vertex -13.322258964180946 16.233219519257545 4
      vertex -11.666974894702435 17.46086186170578 4
    endloop
  endfacet
  facet normal -0.5141027428985352 0.8577286107762774 0
    outer loop
      vertex -11.666974894702435 17.46086186170578 0
      vertex -11.666974894702435 17.46086186170578 4
      vertex -9.899331472814083 18.52034655213356 4
    endloop
  endfacet
  facet normal 0 0 -1
    outer loop
      vertex -20.138916671276093 5.923635430634022 0
      vertex -6.09597822278738 20.0957470536232 0
      vertex -4.096896760165691 20.596490889787674 0
    endloop
  endfacet
  facet normal 0 0 -1
    outer loop
      vertex -20.138916671276093 5.923635430634022 0
      vertex -4.096896760165691 20.596490889787674 0
      vertex -2.058359943330288 20.898879259824753 0
    endloop
  endfacet
  facet normal 0 0 -1
    outer loop
      vertex -20.138916671276093 5.923635430634022 0
      vertex -2.058359943330288 20.898879259824753 0
      vertex 0 21 0
    endloop
  endfacet
  facet normal 0 0 -1
    outer loop
      vertex -20.138916671276093 5.923635430634022 0
      vertex 0 21 0
      vertex 2.058359943330288 20.898879259824753 0
    endloop
  endfacet
  facet normal -0.5141027428985352 0.8577286107762774 0
    outer loop
      vertex -11.666974894702435 17.46086186170578 0
      vertex -9.899331472814083 18.52034655213356 4
      vertex -9.899331472814083 18.52034655213356 0
    endloop
  endfacet
  facet normal -0.4275550944772059 0.9039892926282852 0
    outer loop
      vertex -9.899331472814083 18.52034655213356 0
      vertex -8.036352083086967 19.401470184326172 4
      vertex -8.036352083086967 19.401470184326172 0
    endloop
  endfacet
  facet normal 0 0 -1
    outer loop
      vertex -20.138916671276093 5.923635430634022 0
      vertex 4.096896760165691 20.596490889787674 0
      vertex 6.09597822278738 20.0957470536232 0
    endloop
  endfacet
  facet normal 0 0 -1
    outer loop
      vertex -20.138916671276093 5.923635430634022 0
      vertex 6.09597822278738 20.0957470536232 0
      vertex 8.036352083086967 19.401470184326172 0
    endloop
  endfacet
  facet normal 0 0 -1
    outer loop
      vertex -20.138916671276093 5.923635430634022 0
      vertex 8.036352083086967 19.401470184326172 0
      vertex 9.899331472814083 18.52034655213356 0
    endloop
  endfacet
  facet normal 0 0 -1
    outer loop
      vertex -20.138916671276093 5.923635430634022 0
      vertex 2.058359943330288 20.898879259824753 0
      vertex 4.096896760165691 20.596490889787674 0
    endloop
  endfacet
  facet normal 0 0 1
    outer loop
      vertex -20.138916671276093 5.923635430634022 4
      vertex -4.096896760165691 20.596490889787674 4
      vertex -6.09597822278738 20.0957470536232 4
    endloop
  endfacet
  facet normal -0.4275550944772059 0.9039892926282852 0
    outer loop
      vertex -9.899331472814083 18.52034655213356 0
      vertex -9.899331472814083 18.52034655213356 4
      vertex -8.036352083086967 19.401470184326172 4
    endloop
  endfacet
  facet normal -0.3368898536471737 0.9415440650917969 0
    outer loop
      vertex -8.036352083086967 19.401470184326172 0
      vertex -8.036352083086967 19.401470184326172 4
      vertex -6.09597822278738 20.0957470536232 4
    endloop
  endfacet
  facet normal 0 0 1
    outer loop
      vertex -20.138916671276093 5.923635430634022 4
      vertex -2.058359943330288 20.898879259824753 4
      vertex -4.096896760165691 20.596490889787674 4
    endloop
  endfacet
  facet normal 0 0 1
    outer loop
      vertex -20.138916671276093 5.923635430634022 4
      vertex 0 21 4
      vertex -2.058359943330288 20.898879259824753 4
    endloop
  endfacet
  facet normal 0 0 1
    outer loop
      vertex -20.138916671276093 5.923635430634022 4
      vertex 2.058359943330288 20.898879259824753 4
      vertex 0 21 4
    endloop
  endfacet
  facet normal 0 0 1
    outer loop
      vertex -20.138916671276093 5.923635430634022 4
      vertex 6.09597822278738 20.0957470536232 4
      vertex 4.096896760165691 20.596490889787674 4
    endloop
  endfacet
  facet normal 0 0 1
    outer loop
      vertex -20.138916671276093 5.923635430634022 4
      vertex 8.036352083086967 19.401470184326172 4
      vertex 6.09597822278738 20.0957470536232 4
    endloop
  endfacet
  facet normal 0 0 1
    outer loop
      vertex -20.138916671276093 5.923635430634022 4
      vertex 9.899331472814083 18.52034655213356 4
      vertex 8.036352083086967 19.401470184326172 4
    endloop
  endfacet
  facet normal 0 0 1
    outer loop
      vertex -20.138916671276093 5.923635430634022 4
      vertex 4.096896760165691 20.596490889787674 4
      vertex 2.058359943330288 20.898879259824753 4
    endloop
  endfacet
  facet normal 0 0 -1
    outer loop
      vertex -60.673787895145196 30.327477243905314 0
      vertex -61.892824896740024 30.18720836266967 0
      vertex -61.98146862572592 30.238720033663505 0
    endloop
  endfacet
  facet normal 0 0 -1
    outer loop
      vertex -64.23961460513496 31.56143637201848 0
      vertex -64.25767041426303 31.626566370575812 0
      vertex -59.75207538711268 40.05594178536842 0
    endloop
  endfacet
  facet normal 0 0 -1
    outer loop
      vertex -60.673787895145196 30.327477243905314 0
      vertex -64.23961460513496 31.56143637201848 0
      vertex -56.87725579968661 38.83115752105416 0
    endloop
  endfacet
  facet normal 0 0 -1
    outer loop
      vertex -20.138916671276093 5.923635430634022 0
      vertex -61.892824896740024 30.18720836266967 0
      vertex -60.673787895145196 30.327477243905314 0
    endloop
  endfacet
  facet normal 0 0 -1
    outer loop
      vertex -15.111016675829887 14.560418993234634 0
      vertex -60.673787895145196 30.327477243905314 0
      vertex -56.87725579968661 38.83115752105416 0
    endloop
  endfacet
  facet normal -0.5024354269406709 -0.8646147360269462 -7.020827434849093e-17
    outer loop
      vertex -20.138916671276093 5.923635430634022 4
      vertex -61.892824896740024 30.18720836266967 4
      vertex -61.892824896740024 30.18720836266967 0
    endloop
  endfacet
  facet normal 0 0 1
    outer loop
      vertex -20.138916671276093 5.923635430634022 4
      vertex -61.35865291208029 30.21345054358244 4
      vertex -61.892824896740024 30.18720836266967 4
    endloop
  endfacet
  facet normal 0 0 1
    outer loop
      vertex -20.138916671276093 5.923635430634022 4
      vertex -60.79553480446339 30.29698123037815 4
      vertex -61.35865291208029 30.21345054358244 4
    endloop
  endfacet
  facet normal 0 0 1
    outer loop
      vertex -15.111016675829887 14.560418993234634 4
      vertex -60.24331569671631 30.435304917395115 4
      vertex -60.79553480446339 30.29698123037815 4
    endloop
  endfacet
  facet normal 0 0 1
    outer loop
      vertex -15.111016675829887 14.560418993234634 4
      vertex -59.707313783466816 30.627089470624924 4
      vertex -60.24331569671631 30.435304917395115 4
    endloop
  endfacet
  facet normal 0 0 1
    outer loop
      vertex -15.111016675829887 14.560418993234634 4
      vertex -59.19269102066755 30.87048790603876 4
      vertex -59.707313783466816 30.627089470624924 4
    endloop
  endfacet
  facet normal 0 0 1
    outer loop
      vertex -15.111016675829887 14.560418993234634 4
      vertex -58.70440353453159 31.163156166672707 4
      vertex -59.19269102066755 30.87048790603876 4
    endloop
  endfacet
  facet normal 0 0 1
    outer loop
      vertex -15.111016675829887 14.560418993234634 4
      vertex -58.24715378135443 31.502275682985783 4
      vertex -58.70440353453159 31.163156166672707 4
    endloop
  endfacet
  facet normal 0 0 1
    outer loop
      vertex -15.111016675829887 14.560418993234634 4
      vertex -57.82534535229206 31.884580574929714 4
      vertex -58.24715378135443 31.502275682985783 4
    endloop
  endfacet
  facet normal 0 0 1
    outer loop
      vertex -15.111016675829887 14.560418993234634 4
      vertex -57.44304047524929 32.30638900399208 4
      vertex -57.82534535229206 31.884580574929714 4
    endloop
  endfacet
  facet normal 0 0 1
    outer loop
      vertex -15.111016675829887 14.560418993234634 4
      vertex -57.10392094403505 32.763638749718666 4
      vertex -57.44304047524929 32.30638900399208 4
    endloop
  endfacet
  facet normal 0 0 1
    outer loop
      vertex -15.111016675829887 14.560418993234634 4
      vertex -56.81125269085169 33.251926243305206 4
      vertex -57.10392094403505 32.763638749718666 4
    endloop
  endfacet
  facet normal 0 0 1
    outer loop
      vertex -15.111016675829887 14.560418993234634 4
      vertex -56.56785425543785 33.76654899120331 4
      vertex -56.81125269085169 33.251926243305206 4
    endloop
  endfacet
  facet normal 0 0 1
    outer loop
      vertex -15.111016675829887 14.560418993234634 4
      vertex -56.37606969475746 34.30255091935396 4
      vertex -56.56785425543785 33.76654899120331 4
    endloop
  endfacet
  facet normal 0.5024354269318756 0.8646147360320572 -2.909021463445343e-16
    outer loop
      vertex -15.111016675829887 14.560418993234634 0
      vertex -56.87725579968661 38.83115752105416 0
      vertex -56.87725579968661 38.83115752105416 4
    endloop
  endfacet
  facet normal 0 0 1
    outer loop
      vertex -15.111016675829887 14.560418993234634 4
      vertex -56.56785425543785 38.206415235996246 4
      vertex -56.37606969475746 37.67041330784559 4
    endloop
  endfacet
  facet normal 0 0 1
    outer loop
      vertex -15.111016675829887 14.560418993234634 4
      vertex -56.81125269085169 38.72103798389435 4
      vertex -56.56785425543785 38.206415235996246 4
    endloop
  endfacet
  facet normal 0 0 1
    outer loop
      vertex -15.111016675829887 14.560418993234634 4
      vertex -56.87725579968661 38.83115752105416 4
      vertex -56.81125269085169 38.72103798389435 4
    endloop
  endfacet
  facet normal 0 0 -1
    outer loop
      vertex -64.23961460513496 31.56143637201848 0
      vertex -59.75207538711268 40.05594178536842 0
      vertex -56.87725579968661 38.83115752105416 0
    endloop
  endfacet
  facet normal 0 0 -1
    outer loop
      vertex -59.49569805787048 40.35275795077237 0
      vertex -56.87725579968661 38.83115752105416 0
      vertex -59.75207538711268 40.05594178536842 0
    endloop
  endfacet
  facet normal 0 0 1
    outer loop
      vertex -15.111016675829887 14.560418993234634 4
      vertex -56.23774601519108 34.85477002710104 4
      vertex -56.37606969475746 34.30255091935396 4
    endloop
  endfacet
  facet normal 0 0 1
    outer loop
      vertex -15.111016675829887 14.560418993234634 4
      vertex -56.15421532839537 35.41788813471794 4
      vertex -56.23774601519108 34.85477002710104 4
    endloop
  endfacet
  facet normal 0 0 1
    outer loop
      vertex -15.111016675829887 14.560418993234634 4
      vertex -56.1262821033597 35.98648211359978 4
      vertex -56.15421532839537 35.41788813471794 4
    endloop
  endfacet
  facet normal 0 0 1
    outer loop
      vertex -15.111016675829887 14.560418993234634 4
      vertex -56.15421532839537 36.55507609248161 4
      vertex -56.1262821033597 35.98648211359978 4
    endloop
  endfacet
  facet normal 0 0 1
    outer loop
      vertex -15.111016675829887 14.560418993234634 4
      vertex -56.23774601519108 37.118194200098515 4
      vertex -56.15421532839537 36.55507609248161 4
    endloop
  endfacet
  facet normal 0 0 1
    outer loop
      vertex -15.111016675829887 14.560418993234634 4
      vertex -56.37606969475746 37.67041330784559 4
      vertex -56.23774601519108 37.118194200098515 4
    endloop
  endfacet
  facet normal 0.5024354269318756 0.8646147360320572 0
    outer loop
      vertex -15.111016675829887 14.560418993234634 0
      vertex -56.87725579968661 38.83115752105416 4
      vertex -15.111016675829887 14.560418993234634 4
    endloop
  endfacet
  facet normal -0.3368898536471737 0.9415440650917969 0
    outer loop
      vertex -8.036352083086967 19.401470184326172 0
      vertex -6.09597822278738 20.0957470536232 4
      vertex -6.09597822278738 20.0957470536232 0
    endloop
  endfacet
  facet normal -0.24298017872415542 0.9700312534898954 0
    outer loop
      vertex -6.09597822278738 20.0957470536232 0
      vertex -4.096896760165691 20.596490889787674 4
      vertex -4.096896760165691 20.596490889787674 0
    endloop
  endfacet
  facet normal -0.14673047359053876 0.9891765100930654 0
    outer loop
      vertex -4.096896760165691 20.596490889787674 0
      vertex -2.058359943330288 20.898879259824753 4
      vertex -2.058359943330288 20.898879259824753 0
    endloop
  endfacet
  facet normal -0.04906767455385202 0.9987954561940484 0
    outer loop
      vertex -2.058359943330288 20.898879259824753 0
      vertex 0 21 4
      vertex 0 21 0
    endloop
  endfacet
  facet normal -0.24298017872415542 0.9700312534898954 0
    outer loop
      vertex -6.09597822278738 20.0957470536232 0
      vertex -6.09597822278738 20.0957470536232 4
      vertex -4.096896760165691 20.596490889787674 4
    endloop
  endfacet
  facet normal -0.14673047359053876 0.9891765100930654 0
    outer loop
      vertex -4.096896760165691 20.596490889787674 0
      vertex -4.096896760165691 20.596490889787674 4
      vertex -2.058359943330288 20.898879259824753 4
    endloop
  endfacet
  facet normal -0.04906767455385202 0.9987954561940484 0
    outer loop
      vertex -2.058359943330288 20.898879259824753 0
      vertex -2.058359943330288 20.898879259824753 4
      vertex 0 21 4
    endloop
  endfacet
  facet normal 0.04906767455385202 -0.9987954561940484 0
    outer loop
      vertex 0 -21 0
      vertex 2.058359943330288 -20.898879259824753 0
      vertex 0 -21 4
    endloop
  endfacet
  facet normal 0.14673047359053876 -0.9891765100930654 0
    outer loop
      vertex 2.058359943330288 -20.898879259824753 0
      vertex 4.096896760165691 -20.596490889787674 0
      vertex 2.058359943330288 -20.898879259824753 4
    endloop
  endfacet
  facet normal 0.24298017872415542 -0.9700312534898954 0
    outer loop
      vertex 4.096896760165691 -20.596490889787674 0
      vertex 6.09597822278738 -20.0957470536232 0
      vertex 4.096896760165691 -20.596490889787674 4
    endloop
  endfacet
  facet normal 0.3368898536471737 -0.9415440650917969 0
    outer loop
      vertex 6.09597822278738 -20.0957470536232 0
      vertex 8.036352083086967 -19.401470184326172 0
      vertex 6.09597822278738 -20.0957470536232 4
    endloop
  endfacet
  facet normal 0.4275550944772059 -0.9039892926282852 0
    outer loop
      vertex 8.036352083086967 -19.401470184326172 0
      vertex 9.899331472814083 -18.52034655213356 0
      vertex 8.036352083086967 -19.401470184326172 4
    endloop
  endfacet
  facet normal 0.5141027428985352 -0.8577286107762774 0
    outer loop
      vertex 9.899331472814083 -18.52034655213356 0
      vertex 11.666974894702435 -17.46086186170578 0
      vertex 9.899331472814083 -18.52034655213356 4
    endloop
  endfacet
  facet normal 0.04906767455385202 -0.9987954561940484 0
    outer loop
      vertex 2.058359943330288 -20.898879259824753 0
      vertex 2.058359943330288 -20.898879259824753 4
      vertex 0 -21 4
    endloop
  endfacet
  facet normal 0.14673047359053876 -0.9891765100930654 0
    outer loop
      vertex 4.096896760165691 -20.596490889787674 0
      vertex 4.096896760165691 -20.596490889787674 4
      vertex 2.058359943330288 -20.898879259824753 4
    endloop
  endfacet
  facet normal 0.24298017872415542 -0.9700312534898954 0
    outer loop
      vertex 6.09597822278738 -20.0957470536232 0
      vertex 6.09597822278738 -20.0957470536232 4
      vertex 4.096896760165691 -20.596490889787674 4
    endloop
  endfacet
  facet normal 0.3368898536471737 -0.9415440650917969 0
    outer loop
      vertex 8.036352083086967 -19.401470184326172 0
      vertex 8.036352083086967 -19.401470184326172 4
      vertex 6.09597822278738 -20.0957470536232 4
    endloop
  endfacet
  facet normal 0.4275550944772059 -0.9039892926282852 0
    outer loop
      vertex 9.899331472814083 -18.52034655213356 0
      vertex 9.899331472814083 -18.52034655213356 4
      vertex 8.036352083086967 -19.401470184326172 4
    endloop
  endfacet
  facet normal 0.5956993070231433 -0.8032075296037424 0
    outer loop
      vertex 11.666974894702435 -17.46086186170578 0
      vertex 13.322258964180946 -16.233219519257545 0
      vertex 11.666974894702435 -17.46086186170578 4
    endloop
  endfacet
  facet normal 0.6715589541121647 -0.7409511260209917 0
    outer loop
      vertex 13.322258964180946 -16.233219519257545 0
      vertex 14.84924240410328 -14.84924240410328 0
      vertex 13.322258964180946 -16.233219519257545 4
    endloop
  endfacet
  facet normal 0.7409511260209917 -0.6715589541121647 0
    outer loop
      vertex 14.84924240410328 -14.84924240410328 0
      vertex 16.233219519257545 -13.322258964180946 0
      vertex 14.84924240410328 -14.84924240410328 4
    endloop
  endfacet
  facet normal 0.5141027428985352 -0.8577286107762774 0
    outer loop
      vertex 9.899331472814083 -18.52034655213356 4
      vertex 11.666974894702435 -17.46086186170578 0
      vertex 11.666974894702435 -17.46086186170578 4
    endloop
  endfacet
  facet normal 0.5956993070231433 -0.8032075296037424 0
    outer loop
      vertex 13.322258964180946 -16.233219519257545 0
      vertex 13.322258964180946 -16.233219519257545 4
      vertex 11.666974894702435 -17.46086186170578 4
    endloop
  endfacet
  facet normal 0.6715589541121647 -0.7409511260209917 0
    outer loop
      vertex 14.84924240410328 -14.84924240410328 0
      vertex 14.84924240410328 -14.84924240410328 4
      vertex 13.322258964180946 -16.233219519257545 4
    endloop
  endfacet
  facet normal 0.7409511260209917 -0.6715589541121647 0
    outer loop
      vertex 14.84924240410328 -14.84924240410328 4
      vertex 16.233219519257545 -13.322258964180946 0
      vertex 16.233219519257545 -13.322258964180946 4
    endloop
  endfacet
  facet normal 0 0 -1
    outer loop
      vertex -20.138916671276093 5.923635430634022 0
      vertex 11.666974894702435 -17.46086186170578 0
      vertex 9.899331472814083 -18.52034655213356 0
    endloop
  endfacet
  facet normal 0 0 -1
    outer loop
      vertex -20.138916671276093 5.923635430634022 0
      vertex 13.322258964180946 -16.233219519257545 0
      vertex 11.666974894702435 -17.46086186170578 0
    endloop
  endfacet
  facet normal 0 0 -1
    outer loop
      vertex -20.138916671276093 5.923635430634022 0
      vertex 14.84924240410328 -14.84924240410328 0
      vertex 13.322258964180946 -16.233219519257545 0
    endloop
  endfacet
  facet normal 0 0 -1
    outer loop
      vertex -20.138916671276093 5.923635430634022 0
      vertex 16.233219519257545 -13.322258964180946 0
      vertex 14.84924240410328 -14.84924240410328 0
    endloop
  endfacet
  facet normal 0 0 -1
    outer loop
      vertex -20.138916671276093 5.923635430634022 0
      vertex 17.46086186170578 -11.666974894702435 0
      vertex 16.233219519257545 -13.322258964180946 0
    endloop
  endfacet
  facet normal 0 0 1
    outer loop
      vertex -20.138916671276093 5.923635430634022 4
      vertex 9.899331472814083 -18.52034655213356 4
      vertex 11.666974894702435 -17.46086186170578 4
    endloop
  endfacet
  facet normal 0 0 1
    outer loop
      vertex -20.138916671276093 5.923635430634022 4
      vertex 11.666974894702435 -17.46086186170578 4
      vertex 13.322258964180946 -16.233219519257545 4
    endloop
  endfacet
  facet normal 0 0 1
    outer loop
      vertex -20.138916671276093 5.923635430634022 4
      vertex 13.322258964180946 -16.233219519257545 4
      vertex 14.84924240410328 -14.84924240410328 4
    endloop
  endfacet
  facet normal 0 0 1
    outer loop
      vertex -20.138916671276093 5.923635430634022 4
      vertex 14.84924240410328 -14.84924240410328 4
      vertex 16.233219519257545 -13.322258964180946 4
    endloop
  endfacet
  facet normal 0 0 1
    outer loop
      vertex -20.138916671276093 5.923635430634022 4
      vertex 16.233219519257545 -13.322258964180946 4
      vertex 17.46086186170578 -11.666974894702435 4
    endloop
  endfacet
  facet normal 0 0 -1
    outer loop
      vertex -20.138916671276093 5.923635430634022 0
      vertex 18.52034655213356 -9.899331472814083 0
      vertex 17.46086186170578 -11.666974894702435 0
    endloop
  endfacet
  facet normal 0 0 -1
    outer loop
      vertex -20.138916671276093 5.923635430634022 0
      vertex 18.889954335987568 -9.117861457169056 0
      vertex 18.52034655213356 -9.899331472814083 0
    endloop
  endfacet
  facet normal 0 0 -1
    outer loop
      vertex -20.138916671276093 5.923635430634022 0
      vertex 20.898879259824753 2.058359943330288 0
      vertex 20.96742182224989 0.66314397752285 0
    endloop
  endfacet
  facet normal 0 0 1
    outer loop
      vertex -20.138916671276093 5.923635430634022 4
      vertex 17.46086186170578 -11.666974894702435 4
      vertex 18.52034655213356 -9.899331472814083 4
    endloop
  endfacet
  facet normal 0 0 1
    outer loop
      vertex -20.138916671276093 5.923635430634022 4
      vertex 18.52034655213356 -9.899331472814083 4
      vertex 18.889954335987568 -9.117861457169056 4
    endloop
  endfacet
  facet normal 0 0 1
    outer loop
      vertex -20.138916671276093 5.923635430634022 4
      vertex 18.889954335987568 -9.117861457169056 4
      vertex 33.229532703757286 -11.680093109607697 4
    endloop
  endfacet
  facet normal 0 0 1
    outer loop
      vertex -20.138916671276093 5.923635430634022 4
      vertex 20.96742182224989 0.66314397752285 4
      vertex 20.898879259824753 2.058359943330288 4
    endloop
  endfacet
  facet normal 0 0 -1
    outer loop
      vertex -20.138916671276093 5.923635430634022 0
      vertex 33.23777161469556 -11.662673396022745 0
      vertex 33.70707836931896 -11.900531833540184 0
    endloop
  endfacet
  facet normal 0 0 -1
    outer loop
      vertex -20.138916671276093 5.923635430634022 0
      vertex 33.35894560864752 -11.406472511657968 0
      vertex 33.23777161469556 -11.662673396022745 0
    endloop
  endfacet
  facet normal 0 0 -1
    outer loop
      vertex -20.138916671276093 5.923635430634022 0
      vertex 32.96220964629149 -11.071042505604328 0
      vertex 33.35894560864752 -11.406472511657968 0
    endloop
  endfacet
  facet normal 0.8032075296037424 -0.5956993070231433 0
    outer loop
      vertex 16.233219519257545 -13.322258964180946 0
      vertex 17.46086186170578 -11.666974894702435 0
      vertex 16.233219519257545 -13.322258964180946 4
    endloop
  endfacet
  facet normal 0.8577286107762774 -0.5141027428985352 0
    outer loop
      vertex 17.46086186170578 -11.666974894702435 0
      vertex 18.52034655213356 -9.899331472814083 0
      vertex 17.46086186170578 -11.666974894702435 4
    endloop
  endfacet
  facet normal 0.9039892962358654 -0.42755508684961846 0
    outer loop
      vertex 18.52034655213356 -9.899331472814083 0
      vertex 18.889954335987568 -9.117861457169056 0
      vertex 18.52034655213356 -9.899331472814083 4
    endloop
  endfacet
  facet normal 0 0 1
    outer loop
      vertex -20.138916671276093 5.923635430634022 4
      vertex 33.229532703757286 -11.680093109607697 4
      vertex 32.89041318744421 -11.222843363881111 4
    endloop
  endfacet
  facet normal 0 0 1
    outer loop
      vertex -20.138916671276093 5.923635430634022 4
      vertex 32.89041318744421 -11.222843363881111 4
      vertex 32.597744926810265 -10.734555877745152 4
    endloop
  endfacet
  facet normal 0.8032075296037424 -0.5956993070231433 0
    outer loop
      vertex 17.46086186170578 -11.666974894702435 0
      vertex 17.46086186170578 -11.666974894702435 4
      vertex 16.233219519257545 -13.322258964180946 4
    endloop
  endfacet
  facet normal 0.8577286107762774 -0.5141027428985352 0
    outer loop
      vertex 18.52034655213356 -9.899331472814083 0
      vertex 18.52034655213356 -9.899331472814083 4
      vertex 17.46086186170578 -11.666974894702435 4
    endloop
  endfacet
  facet normal 0.9039892962358654 -0.42755508684961846 0
    outer loop
      vertex 18.889954335987568 -9.117861457169056 0
      vertex 18.889954335987568 -9.117861457169056 4
      vertex 18.52034655213356 -9.899331472814083 4
    endloop
  endfacet
  facet normal 0 0 -1
    outer loop
      vertex -20.138916671276093 5.923635430634022 0
      vertex 33.70707836931896 -11.900531833540184 0
      vertex 18.889954335987568 -9.117861457169056 0
    endloop
  endfacet
  facet normal 0 0 -1
    outer loop
      vertex -20.138916671276093 5.923635430634022 0
      vertex 31.968451681982597 -8.509933970845575 0
      vertex 32.1158840642205 -8.937943302053498 0
    endloop
  endfacet
  facet normal 0 0 -1
    outer loop
      vertex -20.138916671276093 5.923635430634022 0
      vertex 32.13593071551777 -8.155829306766014 0
      vertex 31.968451681982597 -8.509933970845575 0
    endloop
  endfacet
  facet normal 0 0 -1
    outer loop
      vertex -20.138916671276093 5.923635430634022 0
      vertex 32.42044807037408 -10.080173068719807 0
      vertex 32.719870987147615 -10.476342017647147 0
    endloop
  endfacet
  facet normal 0 0 -1
    outer loop
      vertex -20.138916671276093 5.923635430634022 0
      vertex 32.606651844076545 -10.715723783411253 0
      vertex 32.96220964629149 -11.071042505604328 0
    endloop
  endfacet
  facet normal 0 0 -1
    outer loop
      vertex -20.138916671276093 5.923635430634022 0
      vertex 32.719870987147615 -10.476342017647147 0
      vertex 32.606651844076545 -10.715723783411253 0
    endloop
  endfacet
  facet normal 0 0 -1
    outer loop
      vertex -20.138916671276093 5.923635430634022 0
      vertex 32.16688607175076 -9.674788581934738 0
      vertex 32.42044807037408 -10.080173068719807 0
    endloop
  endfacet
  facet normal 0 0 -1
    outer loop
      vertex -20.138916671276093 5.923635430634022 0
      vertex 32.31289587312292 -9.366076794570372 0
      vertex 32.16688607175076 -9.674788581934738 0
    endloop
  endfacet
  facet normal 0 0 -1
    outer loop
      vertex -20.138916671276093 5.923635430634022 0
      vertex 32.1158840642205 -8.937943302053498 0
      vertex 32.31289587312292 -9.366076794570372 0
    endloop
  endfacet
  facet normal 0 0 -1
    outer loop
      vertex -20.138916671276093 5.923635430634022 0
      vertex 32.04448657179341 -7.721517881582015 0
      vertex 32.13593071551777 -8.155829306766014 0
    endloop
  endfacet
  facet normal 0 0 -1
    outer loop
      vertex -20.138916671276093 5.923635430634022 0
      vertex 32.00512694806214 -7.295202678063933 0
      vertex 32.04448657179341 -7.721517881582015 0
    endloop
  endfacet
  facet normal 0 0 -1
    outer loop
      vertex -20.138916671276093 5.923635430634022 0
      vertex 32.18289056200756 -6.919353095235841 0
      vertex 32.00512694806214 -7.295202678063933 0
    endloop
  endfacet
  facet normal 0 0 -1
    outer loop
      vertex -20.138916671276093 5.923635430634022 0
      vertex 32.19765494336201 -6.501629115515201 0
      vertex 32.18289056200756 -6.919353095235841 0
    endloop
  endfacet
  facet normal 0 0 -1
    outer loop
      vertex -20.138916671276093 5.923635430634022 0
      vertex 32.26540698581731 -6.098621222098252 0
      vertex 32.19765494336201 -6.501629115515201 0
    endloop
  endfacet
  facet normal 0 0 -1
    outer loop
      vertex -20.138916671276093 5.923635430634022 0
      vertex 32.390173563890166 -5.7130391467927595 0
      vertex 32.26540698581731 -6.098621222098252 0
    endloop
  endfacet
  facet normal 0 0 -1
    outer loop
      vertex -20.138916671276093 5.923635430634022 0
      vertex 32.774667067456384 -4.993702395939652 0
      vertex 32.390173563890166 -5.7130391467927595 0
    endloop
  endfacet
  facet normal 0 0 -1
    outer loop
      vertex -20.138916671276093 5.923635430634022 0
      vertex 33.04447579575331 -4.666124016339212 0
      vertex 32.774667067456384 -4.993702395939652 0
    endloop
  endfacet
  facet normal 0 0 -1
    outer loop
      vertex -20.138916671276093 5.923635430634022 0
      vertex 20.96742182224989 0.66314397752285 0
      vertex 35.5612256509935 -2.6164842272006856 0
    endloop
  endfacet
  facet normal 0 0 -1
    outer loop
      vertex -20.138916671276093 5.923635430634022 0
      vertex 33.22152878975574 -4.3348811603713715 0
      vertex 33.04447579575331 -4.666124016339212 0
    endloop
  endfacet
  facet normal 0 0 -1
    outer loop
      vertex -20.138916671276093 5.923635430634022 0
      vertex 33.532237476382335 -4.047019788839482 0
      vertex 33.22152878975574 -4.3348811603713715 0
    endloop
  endfacet
  facet normal 0 0 -1
    outer loop
      vertex -20.138916671276093 5.923635430634022 0
      vertex 33.88849889657501 -3.7873447464603265 0
      vertex 33.532237476382335 -4.047019788839482 0
    endloop
  endfacet
  facet normal 0 0 -1
    outer loop
      vertex -20.138916671276093 5.923635430634022 0
      vertex 34.28718834467831 -3.5577838412388907 0
      vertex 33.88849889657501 -3.7873447464603265 0
    endloop
  endfacet
  facet normal 0 0 -1
    outer loop
      vertex -20.138916671276093 5.923635430634022 0
      vertex 34.42024181128126 -3.308858313513506 0
      vertex 34.28718834467831 -3.5577838412388907 0
    endloop
  endfacet
  facet normal 0 0 -1
    outer loop
      vertex -20.138916671276093 5.923635430634022 0
      vertex 34.84292520584783 -3.1389266752132134 0
      vertex 34.42024181128126 -3.308858313513506 0
    endloop
  endfacet
  facet normal 0 0 -1
    outer loop
      vertex -20.138916671276093 5.923635430634022 0
      vertex 34.94438195191999 -2.9491144540315157 0
      vertex 34.84292520584783 -3.1389266752132134 0
    endloop
  endfacet
  facet normal 0 0 -1
    outer loop
      vertex -20.138916671276093 5.923635430634022 0
      vertex 35.38213642646833 -2.849526470939512 0
      vertex 34.94438195191999 -2.9491144540315157 0
    endloop
  endfacet
  facet normal 0 0 -1
    outer loop
      vertex -20.138916671276093 5.923635430634022 0
      vertex 35.48939900056883 -2.6488523093898535 0
      vertex 35.38213642646833 -2.849526470939512 0
    endloop
  endfacet
  facet normal 0 0 -1
    outer loop
      vertex -20.138916671276093 5.923635430634022 0
      vertex 35.5612256509935 -2.6164842272006856 0
      vertex 35.48939900056883 -2.6488523093898535 0
    endloop
  endfacet
  facet normal 0.9987954563007073 0.04906767238275896 0
    outer loop
      vertex 20.96742182224989 0.66314397752285 0
      vertex 20.898879259824753 2.058359943330288 0
      vertex 20.96742182224989 0.66314397752285 4
    endloop
  endfacet
  facet normal 0.9891765100930654 0.14673047359053876 0
    outer loop
      vertex 20.898879259824753 2.058359943330288 0
      vertex 20.596490889787674 4.096896760165691 0
      vertex 20.898879259824753 2.058359943330288 4
    endloop
  endfacet
  facet normal 0 0 1
    outer loop
      vertex -20.138916671276093 5.923635430634022 4
      vertex 32.024238251149654 -9.131712093949318 4
      vertex 31.940707564353943 -8.568593978881836 4
    endloop
  endfacet
  facet normal 0 0 1
    outer loop
      vertex -20.138916671276093 5.923635430634022 4
      vertex 31.940707564353943 -8.568593978881836 4
      vertex 31.912774339318275 -8 4
    endloop
  endfacet
  facet normal 0 0 1
    outer loop
      vertex -20.138916671276093 5.923635430634022 4
      vertex 32.597744926810265 -10.734555877745152 4
      vertex 32.35434649139643 -10.219933114945889 4
    endloop
  endfacet
  facet normal 0 0 1
    outer loop
      vertex -20.138916671276093 5.923635430634022 4
      vertex 32.35434649139643 -10.219933114945889 4
      vertex 32.16256193816662 -9.683931194245815 4
    endloop
  endfacet
  facet normal 0 0 1
    outer loop
      vertex -20.138916671276093 5.923635430634022 4
      vertex 32.16256193816662 -9.683931194245815 4
      vertex 32.024238251149654 -9.131712093949318 4
    endloop
  endfacet
  facet normal 0 0 1
    outer loop
      vertex -20.138916671276093 5.923635430634022 4
      vertex 31.912774339318275 -8 4
      vertex 31.940707564353943 -7.431406021118164 4
    endloop
  endfacet
  facet normal 0 0 1
    outer loop
      vertex -20.138916671276093 5.923635430634022 4
      vertex 31.940707564353943 -7.431406021118164 4
      vertex 32.024238251149654 -6.868287906050682 4
    endloop
  endfacet
  facet normal 0 0 1
    outer loop
      vertex -20.138916671276093 5.923635430634022 4
      vertex 32.024238251149654 -6.868287906050682 4
      vertex 32.16256193816662 -6.316068805754185 4
    endloop
  endfacet
  facet normal 0 0 1
    outer loop
      vertex -20.138916671276093 5.923635430634022 4
      vertex 32.16256193816662 -6.316068805754185 4
      vertex 32.35434649139643 -5.7800668850541115 4
    endloop
  endfacet
  facet normal 0 0 1
    outer loop
      vertex -20.138916671276093 5.923635430634022 4
      vertex 32.35434649139643 -5.7800668850541115 4
      vertex 32.597744926810265 -5.2654441222548485 4
    endloop
  endfacet
  facet normal 0 0 1
    outer loop
      vertex -20.138916671276093 5.923635430634022 4
      vertex 32.597744926810265 -5.2654441222548485 4
      vertex 32.89041318744421 -4.777156636118889 4
    endloop
  endfacet
  facet normal 0 0 1
    outer loop
      vertex -20.138916671276093 5.923635430634022 4
      vertex 35.88394596602889 -2.5010130524772687 4
      vertex 20.96742182224989 0.66314397752285 4
    endloop
  endfacet
  facet normal 0 0 1
    outer loop
      vertex -20.138916671276093 5.923635430634022 4
      vertex 32.89041318744421 -4.777156636118889 4
      vertex 33.229532703757286 -4.3199068903923035 4
    endloop
  endfacet
  facet normal 0 0 1
    outer loop
      vertex -20.138916671276093 5.923635430634022 4
      vertex 33.229532703757286 -4.3199068903923035 4
      vertex 33.61183758825064 -3.8980984538793564 4
    endloop
  endfacet
  facet normal 0 0 1
    outer loop
      vertex -20.138916671276093 5.923635430634022 4
      vertex 33.61183758825064 -3.8980984538793564 4
      vertex 34.033646024763584 -3.5157935693860054 4
    endloop
  endfacet
  facet normal 0.9987954563007073 0.04906767238275896 0
    outer loop
      vertex 20.898879259824753 2.058359943330288 0
      vertex 20.898879259824753 2.058359943330288 4
      vertex 20.96742182224989 0.66314397752285 4
    endloop
  endfacet
  facet normal 0 0 1
    outer loop
      vertex -20.138916671276093 5.923635430634022 4
      vertex 34.033646024763584 -3.5157935693860054 4
      vertex 34.49089577049017 -3.1766740530729294 4
    endloop
  endfacet
  facet normal 0 0 1
    outer loop
      vertex -20.138916671276093 5.923635430634022 4
      vertex 34.49089577049017 -3.1766740530729294 4
      vertex 34.97918325662613 -2.884005792438984 4
    endloop
  endfacet
  facet normal 0 0 1
    outer loop
      vertex -20.138916671276093 5.923635430634022 4
      vertex 34.97918325662613 -2.884005792438984 4
      vertex 35.49380601942539 -2.6406073570251465 4
    endloop
  endfacet
  facet normal 0 0 1
    outer loop
      vertex -20.138916671276093 5.923635430634022 4
      vertex 35.49380601942539 -2.6406073570251465 4
      vertex 35.88394596602889 -2.5010130524772687 4
    endloop
  endfacet
  facet normal 0 0 -1
    outer loop
      vertex -20.138916671276093 5.923635430634022 0
      vertex 15.111016675829887 14.560418993234634 0
      vertex 20.138916671276093 5.923635430634022 0
    endloop
  endfacet
  facet normal 0 0 -1
    outer loop
      vertex -20.138916671276093 5.923635430634022 0
      vertex 20.596490889787674 4.096896760165691 0
      vertex 20.898879259824753 2.058359943330288 0
    endloop
  endfacet
  facet normal 0 0 -1
    outer loop
      vertex -20.138916671276093 5.923635430634022 0
      vertex 20.138916671276093 5.923635430634022 0
      vertex 20.596490889787674 4.096896760165691 0
    endloop
  endfacet
  facet normal 0 0 1
    outer loop
      vertex -20.138916671276093 5.923635430634022 4
      vertex 20.138916671276093 5.923635430634022 4
      vertex 15.111016675829887 14.560418993234634 4
    endloop
  endfacet
  facet normal 0 0 1
    outer loop
      vertex -20.138916671276093 5.923635430634022 4
      vertex 20.898879259824753 2.058359943330288 4
      vertex 20.596490889787674 4.096896760165691 4
    endloop
  endfacet
  facet normal 0 0 1
    outer loop
      vertex -20.138916671276093 5.923635430634022 4
      vertex 20.596490889787674 4.096896760165691 4
      vertex 20.138916671276093 5.923635430634022 4
    endloop
  endfacet
  facet normal 0 0 -1
    outer loop
      vertex -20.138916671276093 5.923635430634022 0
      vertex 11.666974894702435 17.46086186170578 0
      vertex 13.322258964180946 16.233219519257545 0
    endloop
  endfacet
  facet normal 0 0 -1
    outer loop
      vertex -20.138916671276093 5.923635430634022 0
      vertex 9.899331472814083 18.52034655213356 0
      vertex 11.666974894702435 17.46086186170578 0
    endloop
  endfacet
  facet normal 0 0 -1
    outer loop
      vertex -20.138916671276093 5.923635430634022 0
      vertex 14.84924240410328 14.84924240410328 0
      vertex 15.111016675829887 14.560418993234634 0
    endloop
  endfacet
  facet normal 0 0 -1
    outer loop
      vertex -20.138916671276093 5.923635430634022 0
      vertex 13.322258964180946 16.233219519257545 0
      vertex 14.84924240410328 14.84924240410328 0
    endloop
  endfacet
  facet normal 0.3368898536471737 0.9415440650917969 0
    outer loop
      vertex 8.036352083086967 19.401470184326172 0
      vertex 6.09597822278738 20.0957470536232 0
      vertex 8.036352083086967 19.401470184326172 4
    endloop
  endfacet
  facet normal 0.4275550944772059 0.9039892926282852 0
    outer loop
      vertex 8.036352083086967 19.401470184326172 0
      vertex 9.899331472814083 18.52034655213356 4
      vertex 9.899331472814083 18.52034655213356 0
    endloop
  endfacet
  facet normal 0 0 1
    outer loop
      vertex -20.138916671276093 5.923635430634022 4
      vertex 13.322258964180946 16.233219519257545 4
      vertex 11.666974894702435 17.46086186170578 4
    endloop
  endfacet
  facet normal 0 0 1
    outer loop
      vertex -20.138916671276093 5.923635430634022 4
      vertex 11.666974894702435 17.46086186170578 4
      vertex 9.899331472814083 18.52034655213356 4
    endloop
  endfacet
  facet normal 0 0 1
    outer loop
      vertex -20.138916671276093 5.923635430634022 4
      vertex 15.111016675829887 14.560418993234634 4
      vertex 14.84924240410328 14.84924240410328 4
    endloop
  endfacet
  facet normal 0 0 1
    outer loop
      vertex -20.138916671276093 5.923635430634022 4
      vertex 14.84924240410328 14.84924240410328 4
      vertex 13.322258964180946 16.233219519257545 4
    endloop
  endfacet
  facet normal 0.4275550944772059 0.9039892926282852 0
    outer loop
      vertex 8.036352083086967 19.401470184326172 0
      vertex 8.036352083086967 19.401470184326172 4
      vertex 9.899331472814083 18.52034655213356 4
    endloop
  endfacet
  facet normal 0.5141027428985352 0.8577286107762774 0
    outer loop
      vertex 9.899331472814083 18.52034655213356 0
      vertex 9.899331472814083 18.52034655213356 4
      vertex 11.666974894702435 17.46086186170578 4
    endloop
  endfacet
  facet normal 0.970031252958985 0.24298018084366863 0
    outer loop
      vertex 20.596490889787674 4.096896760165691 0
      vertex 20.138916671276093 5.923635430634022 0
      vertex 20.596490889787674 4.096896760165691 4
    endloop
  endfacet
  facet normal 0.9891765100930654 0.14673047359053876 0
    outer loop
      vertex 20.898879259824753 2.058359943330288 4
      vertex 20.596490889787674 4.096896760165691 0
      vertex 20.596490889787674 4.096896760165691 4
    endloop
  endfacet
  facet normal 0.970031252958985 0.24298018084366863 0
    outer loop
      vertex 20.138916671276093 5.923635430634022 0
      vertex 20.138916671276093 5.923635430634022 4
      vertex 20.596490889787674 4.096896760165691 4
    endloop
  endfacet
  facet normal 0.6715589541121647 0.7409511260209917 0
    outer loop
      vertex 14.84924240410328 14.84924240410328 0
      vertex 13.322258964180946 16.233219519257545 0
      vertex 14.84924240410328 14.84924240410328 4
    endloop
  endfacet
  facet normal 0.7409511369211363 0.6715589420857081 0
    outer loop
      vertex 15.111016675829887 14.560418993234634 0
      vertex 14.84924240410328 14.84924240410328 0
      vertex 15.111016675829887 14.560418993234634 4
    endloop
  endfacet
  facet normal 0.5956993070231433 0.8032075296037424 -1.3468073386329764e-17
    outer loop
      vertex 11.666974894702435 17.46086186170578 0
      vertex 13.322258964180946 16.233219519257545 4
      vertex 13.322258964180946 16.233219519257545 0
    endloop
  endfacet
  facet normal 0.5141027428985352 0.8577286107762774 0
    outer loop
      vertex 9.899331472814083 18.52034655213356 0
      vertex 11.666974894702435 17.46086186170578 4
      vertex 11.666974894702435 17.46086186170578 0
    endloop
  endfacet
  facet normal 0.7409511369211363 0.6715589420857081 0
    outer loop
      vertex 14.84924240410328 14.84924240410328 0
      vertex 14.84924240410328 14.84924240410328 4
      vertex 15.111016675829887 14.560418993234634 4
    endloop
  endfacet
  facet normal 0.5956993070231433 0.8032075296037424 0
    outer loop
      vertex 11.666974894702435 17.46086186170578 0
      vertex 11.666974894702435 17.46086186170578 4
      vertex 13.322258964180946 16.233219519257545 4
    endloop
  endfacet
  facet normal 0.6715589541121647 0.7409511260209917 0
    outer loop
      vertex 13.322258964180946 16.233219519257545 0
      vertex 13.322258964180946 16.233219519257545 4
      vertex 14.84924240410328 14.84924240410328 4
    endloop
  endfacet
  facet normal 0 0 -1
    outer loop
      vertex 18.889954335987568 -9.117861457169056 0
      vertex 33.717608753568406 -11.904017614238946 0
      vertex 33.81181499676899 -12.28315050523799 0
    endloop
  endfacet
  facet normal 0 0 -1
    outer loop
      vertex 18.889954335987568 -9.117861457169056 0
      vertex 33.70707836931896 -11.900531833540184 0
      vertex 33.717608753568406 -11.904017614238946 0
    endloop
  endfacet
  facet normal -0.2075070864540835 -0.978233514592164 2.5685617604554828e-17
    outer loop
      vertex 18.889954335987568 -9.117861457169056 0
      vertex 33.81181499676899 -12.28315050523799 0
      vertex 33.81181499676899 -12.28315050523799 4
    endloop
  endfacet
  facet normal -0.2075070864540835 -0.978233514592164 0
    outer loop
      vertex 18.889954335987568 -9.117861457169056 0
      vertex 33.81181499676899 -12.28315050523799 4
      vertex 18.889954335987568 -9.117861457169056 4
    endloop
  endfacet
  facet normal 0 0 1
    outer loop
      vertex 18.889954335987568 -9.117861457169056 4
      vertex 33.61183758825064 -12.101901546120644 4
      vertex 33.229532703757286 -11.680093109607697 4
    endloop
  endfacet
  facet normal 0 0 1
    outer loop
      vertex 18.889954335987568 -9.117861457169056 4
      vertex 33.81181499676899 -12.28315050523799 4
      vertex 33.61183758825064 -12.101901546120644 4
    endloop
  endfacet
  facet normal 0.20750708562528655 0.9782335147679719 0
    outer loop
      vertex 20.96742182224989 0.66314397752285 0
      vertex 20.96742182224989 0.66314397752285 4
      vertex 35.88394596602889 -2.5010130524772687 0
    endloop
  endfacet
  facet normal 0 0 -1
    outer loop
      vertex 20.96742182224989 0.66314397752285 0
      vertex 35.88394596602889 -2.5010130524772687 0
      vertex 35.5612256509935 -2.6164842272006856 0
    endloop
  endfacet
  facet normal 0.20750708562528655 0.9782335147679719 -3.6508540318111345e-17
    outer loop
      vertex 20.96742182224989 0.66314397752285 4
      vertex 35.88394596602889 -2.5010130524772687 4
      vertex 35.88394596602889 -2.5010130524772687 0
    endloop
  endfacet
  facet normal 0 0 -1
    outer loop
      vertex 33.70707836931896 -11.900531833540184 0
      vertex 33.23777161469556 -11.662673396022745 0
      vertex 33.23868319738555 -11.662973740147155 0
    endloop
  endfacet
  facet normal 0 0 -1
    outer loop
      vertex 33.35894560864752 -11.406472511657968 0
      vertex 32.96220964629149 -11.071042505604328 0
      vertex 32.9701876622122 -11.073595818886833 0
    endloop
  endfacet
  facet normal 0 0 -1
    outer loop
      vertex 32.96220964629149 -11.071042505604328 0
      vertex 32.606651844076545 -10.715723783411253 0
      vertex 32.607643652809195 -10.716036663947735 0
    endloop
  endfacet
  facet normal 0 0 -1
    outer loop
      vertex 32.719870987147615 -10.476342017647147 0
      vertex 32.42044807037408 -10.080173068719807 0
      vertex 32.427845788806756 -10.0824256010651 0
    endloop
  endfacet
  facet normal 0 0 -1
    outer loop
      vertex 32.42044807037408 -10.080173068719807 0
      vertex 32.16688607175076 -9.674788581934738 0
      vertex 32.16737140436333 -9.674933315854895 0
    endloop
  endfacet
  facet normal 0 0 -1
    outer loop
      vertex 32.31289587312292 -9.366076794570372 0
      vertex 32.1158840642205 -8.937943302053498 0
      vertex 32.126236126653374 -8.940887490696959 0
    endloop
  endfacet
  facet normal 0 0 -1
    outer loop
      vertex 32.1158840642205 -8.937943302053498 0
      vertex 31.968451681982597 -8.509933970845575 0
      vertex 31.97159639286717 -8.510805045402483 0
    endloop
  endfacet
  facet normal 0 0 -1
    outer loop
      vertex 32.13593071551777 -8.155829306766014 0
      vertex 32.04448657179341 -7.721517881582015 0
      vertex 32.05952435585066 -7.7254500296633015 0
    endloop
  endfacet
  facet normal 0 0 -1
    outer loop
      vertex 32.04448657179341 -7.721517881582015 0
      vertex 32.00512694806214 -7.295202678063933 0
      vertex 32.012509428050386 -7.297074182478085 0
    endloop
  endfacet
  facet normal 0 0 -1
    outer loop
      vertex 32.18289056200756 -6.919353095235841 0
      vertex 32.19765494336201 -6.501629115515201 0
      vertex 32.21768026999293 -6.506383343263329 0
    endloop
  endfacet
  facet normal 0 0 -1
    outer loop
      vertex 32.19765494336201 -6.501629115515201 0
      vertex 32.26540698581731 -6.098621222098252 0
      vertex 32.277328257759365 -6.101356122215507 0
    endloop
  endfacet
  facet normal 0 0 -1
    outer loop
      vertex 32.774667067456384 -4.993702395939652 0
      vertex 33.04447579575331 -4.666124016339212 0
      vertex 32.78680974074135 -4.996207719847105 0
    endloop
  endfacet
  facet normal 0 0 -1
    outer loop
      vertex 33.22152878975574 -4.3348811603713715 0
      vertex 33.532237476382335 -4.047019788839482 0
      vertex 33.22237358651136 -4.3350435720877405 0
    endloop
  endfacet
  facet normal 0 0 -1
    outer loop
      vertex 33.88849889657501 -3.7873447464603265 0
      vertex 33.540662762035055 -4.048584980043266 0
      vertex 33.532237476382335 -4.047019788839482 0
    endloop
  endfacet
  facet normal 0 0 -1
    outer loop
      vertex 33.88849889657501 -3.7873447464603265 0
      vertex 34.28718834467831 -3.5577838412388907 0
      vertex 33.90390240782857 -3.7901133999461316 0
    endloop
  endfacet
  facet normal 0 0 -1
    outer loop
      vertex 34.42024181128126 -3.308858313513506 0
      vertex 34.84292520584783 -3.1389266752132134 0
      vertex 34.42777440016679 -3.3101329772307833 0
    endloop
  endfacet
  facet normal 0 0 -1
    outer loop
      vertex 34.94438195191999 -2.9491144540315157 0
      vertex 35.38213642646833 -2.849526470939512 0
      vertex 34.948105477869255 -2.949714235004381 0
    endloop
  endfacet
  facet normal 0 0 -1
    outer loop
      vertex 35.5612256509935 -2.6164842272006856 0
      vertex 35.91148617147118 -2.670187263343537 0
      vertex 35.48939900056883 -2.6488523093898535 0
    endloop
  endfacet
  facet normal 0 0 -1
    outer loop
      vertex 35.91148617147118 -2.670187263343537 0
      vertex 35.48987197454158 -2.6489251960759552 0
      vertex 35.48939900056883 -2.6488523093898535 0
    endloop
  endfacet
  facet normal 0 0 1
    outer loop
      vertex 20.138916671276093 5.923635430634022 4
      vertex 60.24331569671631 30.435304917395115 4
      vertex 15.111016675829887 14.560418993234634 4
    endloop
  endfacet
  facet normal 0 0 -1
    outer loop
      vertex 20.138916671276093 5.923635430634022 0
      vertex 15.111016675829887 14.560418993234634 0
      vertex 61.108158983165644 30.477791943032354 0
    endloop
  endfacet
  facet normal 0.5024354269406709 -0.8646147360269462 0
    outer loop
      vertex 20.138916671276093 5.923635430634022 0
      vertex 61.892824896740024 30.18720836266967 4
      vertex 20.138916671276093 5.923635430634022 4
    endloop
  endfacet
  facet normal 0.04906767455385202 0.9987954561940484 0
    outer loop
      vertex 0 21 0
      vertex 2.058359943330288 20.898879259824753 4
      vertex 2.058359943330288 20.898879259824753 0
    endloop
  endfacet
  facet normal 0.14673047359053876 0.9891765100930654 0
    outer loop
      vertex 2.058359943330288 20.898879259824753 0
      vertex 4.096896760165691 20.596490889787674 4
      vertex 4.096896760165691 20.596490889787674 0
    endloop
  endfacet
  facet normal 0.24298017872415542 0.9700312534898954 0
    outer loop
      vertex 4.096896760165691 20.596490889787674 0
      vertex 6.09597822278738 20.0957470536232 4
      vertex 6.09597822278738 20.0957470536232 0
    endloop
  endfacet
  facet normal 0.04906767455385202 0.9987954561940484 0
    outer loop
      vertex 0 21 0
      vertex 0 21 4
      vertex 2.058359943330288 20.898879259824753 4
    endloop
  endfacet
  facet normal 0.14673047359053876 0.9891765100930654 0
    outer loop
      vertex 2.058359943330288 20.898879259824753 0
      vertex 2.058359943330288 20.898879259824753 4
      vertex 4.096896760165691 20.596490889787674 4
    endloop
  endfacet
  facet normal 0.24298017872415542 0.9700312534898954 0
    outer loop
      vertex 4.096896760165691 20.596490889787674 0
      vertex 4.096896760165691 20.596490889787674 4
      vertex 6.09597822278738 20.0957470536232 4
    endloop
  endfacet
  facet normal 0.3368898536471737 0.9415440650917969 0
    outer loop
      vertex 8.036352083086967 19.401470184326172 4
      vertex 6.09597822278738 20.0957470536232 0
      vertex 6.09597822278738 20.0957470536232 4
    endloop
  endfacet
  facet normal -0.5024354269318756 0.8646147360320572 0
    outer loop
      vertex 15.111016675829887 14.560418993234634 0
      vertex 15.111016675829887 14.560418993234634 4
      vertex 56.87725579968661 38.83115752105416 0
    endloop
  endfacet
  facet normal 0 0 1
    outer loop
      vertex 15.111016675829887 14.560418993234634 4
      vertex 56.37606969475746 34.30255091935396 4
      vertex 56.23774601519108 34.85477002710104 4
    endloop
  endfacet
  facet normal 0 0 1
    outer loop
      vertex 15.111016675829887 14.560418993234634 4
      vertex 56.23774601519108 34.85477002710104 4
      vertex 56.15421532839537 35.41788813471794 4
    endloop
  endfacet
  facet normal 0 0 1
    outer loop
      vertex 15.111016675829887 14.560418993234634 4
      vertex 56.15421532839537 35.41788813471794 4
      vertex 56.1262821033597 35.98648211359978 4
    endloop
  endfacet
  facet normal 0 0 1
    outer loop
      vertex 15.111016675829887 14.560418993234634 4
      vertex 56.1262821033597 35.98648211359978 4
      vertex 56.15421532839537 36.55507609248161 4
    endloop
  endfacet
  facet normal 0 0 1
    outer loop
      vertex 15.111016675829887 14.560418993234634 4
      vertex 56.15421532839537 36.55507609248161 4
      vertex 56.23774601519108 37.118194200098515 4
    endloop
  endfacet
  facet normal 0 0 1
    outer loop
      vertex 15.111016675829887 14.560418993234634 4
      vertex 56.23774601519108 37.118194200098515 4
      vertex 56.37606969475746 37.67041330784559 4
    endloop
  endfacet
  facet normal 0 0 -1
    outer loop
      vertex 20.138916671276093 5.923635430634022 0
      vertex 61.108158983165644 30.477791943032354 0
      vertex 61.892824896740024 30.18720836266967 0
    endloop
  endfacet
  facet normal 0.5024354269406709 -0.8646147360269462 7.020827434849093e-17
    outer loop
      vertex 20.138916671276093 5.923635430634022 0
      vertex 61.892824896740024 30.18720836266967 0
      vertex 61.892824896740024 30.18720836266967 4
    endloop
  endfacet
  facet normal 0 0 -1
    outer loop
      vertex 15.111016675829887 14.560418993234634 0
      vertex 56.87725579968661 38.83115752105416 0
      vertex 61.108158983165644 30.477791943032354 0
    endloop
  endfacet
  facet normal 0 0 1
    outer loop
      vertex 20.138916671276093 5.923635430634022 4
      vertex 60.79553480446339 30.29698123037815 4
      vertex 60.24331569671631 30.435304917395115 4
    endloop
  endfacet
  facet normal 0 0 1
    outer loop
      vertex 20.138916671276093 5.923635430634022 4
      vertex 61.35865291208029 30.21345054358244 4
      vertex 60.79553480446339 30.29698123037815 4
    endloop
  endfacet
  facet normal 0 0 1
    outer loop
      vertex 20.138916671276093 5.923635430634022 4
      vertex 61.892824896740024 30.18720836266967 4
      vertex 61.35865291208029 30.21345054358244 4
    endloop
  endfacet
  facet normal 0 0 1
    outer loop
      vertex 15.111016675829887 14.560418993234634 4
      vertex 58.24715378135443 31.502275682985783 4
      vertex 57.82534535229206 31.884580574929714 4
    endloop
  endfacet
  facet normal 0 0 1
    outer loop
      vertex 15.111016675829887 14.560418993234634 4
      vertex 59.19269102066755 30.87048790603876 4
      vertex 58.70440353453159 31.163156166672707 4
    endloop
  endfacet
  facet normal 0 0 1
    outer loop
      vertex 15.111016675829887 14.560418993234634 4
      vertex 59.707313783466816 30.627089470624924 4
      vertex 59.19269102066755 30.87048790603876 4
    endloop
  endfacet
  facet normal 0 0 1
    outer loop
      vertex 15.111016675829887 14.560418993234634 4
      vertex 58.70440353453159 31.163156166672707 4
      vertex 58.24715378135443 31.502275682985783 4
    endloop
  endfacet
  facet normal 0 0 1
    outer loop
      vertex 15.111016675829887 14.560418993234634 4
      vertex 60.24331569671631 30.435304917395115 4
      vertex 59.707313783466816 30.627089470624924 4
    endloop
  endfacet
  facet normal 0 0 1
    outer loop
      vertex 15.111016675829887 14.560418993234634 4
      vertex 57.44304047524929 32.30638900399208 4
      vertex 57.10392094403505 32.763638749718666 4
    endloop
  endfacet
  facet normal 0 0 1
    outer loop
      vertex 15.111016675829887 14.560418993234634 4
      vertex 57.10392094403505 32.763638749718666 4
      vertex 56.81125269085169 33.251926243305206 4
    endloop
  endfacet
  facet normal 0 0 1
    outer loop
      vertex 15.111016675829887 14.560418993234634 4
      vertex 57.82534535229206 31.884580574929714 4
      vertex 57.44304047524929 32.30638900399208 4
    endloop
  endfacet
  facet normal 0 0 1
    outer loop
      vertex 15.111016675829887 14.560418993234634 4
      vertex 56.81125269085169 33.251926243305206 4
      vertex 56.56785425543785 33.76654899120331 4
    endloop
  endfacet
  facet normal 0 0 1
    outer loop
      vertex 15.111016675829887 14.560418993234634 4
      vertex 56.56785425543785 33.76654899120331 4
      vertex 56.37606969475746 34.30255091935396 4
    endloop
  endfacet
  facet normal -0.5024354269318756 0.8646147360320572 2.909021463445343e-16
    outer loop
      vertex 15.111016675829887 14.560418993234634 4
      vertex 56.87725579968661 38.83115752105416 4
      vertex 56.87725579968661 38.83115752105416 0
    endloop
  endfacet
  facet normal 0 0 1
    outer loop
      vertex 15.111016675829887 14.560418993234634 4
      vertex 56.37606969475746 37.67041330784559 4
      vertex 56.56785425543785 38.206415235996246 4
    endloop
  endfacet
  facet normal 0 0 1
    outer loop
      vertex 15.111016675829887 14.560418993234634 4
      vertex 56.56785425543785 38.206415235996246 4
      vertex 56.81125269085169 38.72103798389435 4
    endloop
  endfacet
  facet normal 0 0 1
    outer loop
      vertex 15.111016675829887 14.560418993234634 4
      vertex 56.81125269085169 38.72103798389435 4
      vertex 56.87725579968661 38.83115752105416 4
    endloop
  endfacet
  facet normal 0 0 -1
    outer loop
      vertex 61.108158983165644 30.477791943032354 0
      vertex 56.87725579968661 38.83115752105416 0
      vertex 57.77557050235953 39.353176302769576 0
    endloop
  endfacet
  facet normal 0 0 -1
    outer loop
      vertex 61.108158983165644 30.477791943032354 0
      vertex 62.34421021441122 30.449512444879772 0
      vertex 61.892824896740024 30.18720836266967 0
    endloop
  endfacet
  facet normal 0 0 -1
    outer loop
      vertex 63.79288743951796 31.4068458356234 0
      vertex 61.108158983165644 30.477791943032354 0
      vertex 63.57388500840534 32.90583888716865 0
    endloop
  endfacet
  facet normal 0 0 -1
    outer loop
      vertex 61.108158983165644 30.477791943032354 0
      vertex 57.77557050235953 39.353176302769576 0
      vertex 63.57388500840534 32.90583888716865 0
    endloop
  endfacet
  facet normal 0 0 -1
    outer loop
      vertex 59.74741402534734 40.06466257985338 0
      vertex 63.57388500840534 32.90583888716865 0
      vertex 57.77557050235953 39.353176302769576 0
    endloop
  endfacet
endsolid OpenSCAD_Model
