solid OpenSCAD_Model
  facet normal 0 0 1
    outer loop
      vertex 33.997716183212546 33.03842056336218 50.5
      vertex 34.68634376238937 32.93627231135884 50.5
      vertex 34.71154167756121 33.44918765785632 50.5
    endloop
  endfacet
  facet normal 0 0 1
    outer loop
      vertex 33.99618901335438 33.04609816470129 50.5
      vertex 33.997716183212546 33.03842056336218 50.5
      vertex 34.71154167756121 33.44918765785632 50.5
    endloop
  endfacet
  facet normal 0 0 1
    outer loop
      vertex 36.74803109938475 32.9153654330122 50.5
      vertex 37.020365590078825 32.96508052950509 50.5
      vertex 44.72695217021227 41.47404151893551 50.5
    endloop
  endfacet
  facet normal 0 0 1
    outer loop
      vertex 36.74803109938475 32.9153654330122 50.5
      vertex 44.72695217021227 41.47404151893551 50.5
      vertex 39.2585689707249 35.97446468036231 50.5
    endloop
  endfacet
  facet normal 0 0 1
    outer loop
      vertex 39.2585689707249 35.97446468036231 50.5
      vertex 44.72695217021227 41.47404151893551 50.5
      vertex 39.390774946071176 42.83278913688645 50.5
    endloop
  endfacet
  facet normal 0 0 1
    outer loop
      vertex 44.72695217021227 41.47404151893551 50.5
      vertex 44.247998433058065 42.42273633613101 50.5
      vertex 39.52644918853735 43.290091947533035 50.5
    endloop
  endfacet
  facet normal 0 0 1
    outer loop
      vertex 44.72695217021227 41.47404151893551 50.5
      vertex 44.85259390898342 42.18886332640194 50.5
      vertex 44.56021431805874 42.110520451130334 50.5
    endloop
  endfacet
  facet normal 0 0 1
    outer loop
      vertex 44.72695217021227 41.47404151893551 50.5
      vertex 44.56021431805874 42.110520451130334 50.5
      vertex 44.247998433058065 42.42273633613101 50.5
    endloop
  endfacet
  facet normal -0.1514120796776766 -0.42316841419251644 -0.8933100667503259
    outer loop
      vertex 35.0190660047525 40.98911165430767 41.49719782974856
      vertex 32.89475946941417 33.299270696502184 45.5
      vertex 31.970771918307896 33.629878728711404 45.5
    endloop
  endfacet
  facet normal -0.10920523129196132 -0.43597172167584103 -0.8933100667503261
    outer loop
      vertex 35.13773323905289 40.693364289238055 41.617182250312645
      vertex 33.218242432424134 33.218242432424134 45.5
      vertex 32.89475946941417 33.299270696502184 45.5
    endloop
  endfacet
  facet normal -0.10920523129195081 -0.4359717216758438 -0.8933100667503261
    outer loop
      vertex 35.13773323905289 40.693364289238055 41.617182250312645
      vertex 34.04183973017337 34.04183973017337 44.997367955459374
      vertex 33.218242432424134 33.218242432424134 45.5
    endloop
  endfacet
  facet normal -0.19216074696584212 -0.4062897635531294 -0.893310066750326
    outer loop
      vertex 34.96870304447311 41.11252578360278 41.451901000741664
      vertex 31.970771918307896 33.629878728711404 45.5
      vertex 31.083638873698817 34.04946141034072 45.5
    endloop
  endfacet
  facet normal -0.2310588012149777 -0.38549832039014814 -0.8933100667503262
    outer loop
      vertex 34.92998444803146 41.245467846185576 41.39976590622879
      vertex 31.083638873698817 34.04946141034072 45.5
      vertex 30.24190391176277 34.553977930798816 45.5
    endloop
  endfacet
  facet normal -0.2677316328988243 -0.36099431766699197 -0.893310066750326
    outer loop
      vertex 34.86312199051848 41.47011953799854 41.32011417808213
      vertex 30.24190391176277 34.553977930798816 45.5
      vertex 29.453673400322337 35.138569520196896 45.5
    endloop
  endfacet
  facet normal -0.30182606260086015 -0.33301374232513276 -0.893310066750326
    outer loop
      vertex 34.805373376632254 41.65963480921962 41.26083710587678
      vertex 29.453673400322337 35.138569520196896 45.5
      vertex 28.72653843009332 35.797606241958796 45.5
    endloop
  endfacet
  facet normal -0.333013742325134 -0.3018260626008593 -0.8933100667503258
    outer loop
      vertex 34.75375894841923 41.82482676028471 41.21669497465834
      vertex 28.72653843009332 35.797606241958796 45.5
      vertex 28.067501708331424 36.52474121218781 45.5
    endloop
  endfacet
  facet normal -0.36099431766699247 -0.26773163289882385 -0.893310066750326
    outer loop
      vertex 34.66128082308732 42.10940568320965 41.16163163872632
      vertex 28.067501708331424 36.52474121218781 45.5
      vertex 27.48291011893334 37.31297172362825 45.5
    endloop
  endfacet
  facet normal -0.38549832039014786 -0.2310588012149792 -0.893310066750326
    outer loop
      vertex 34.66128082308732 42.10940568320965 41.16163163872632
      vertex 27.48291011893334 37.31297172362825 45.5
      vertex 26.978393598475243 38.15470668556429 45.5
    endloop
  endfacet
  facet normal -0.40628976355312935 -0.19216074696584362 -0.8933100667503258
    outer loop
      vertex 34.59422515409872 42.37021728652934 41.12941221280357
      vertex 26.978393598475243 38.15470668556429 45.5
      vertex 26.558810916845925 39.04183973017337 45.5
    endloop
  endfacet
  facet normal -0.4231684141925175 -0.1514120796776749 -0.8933100667503258
    outer loop
      vertex 34.59422515409872 42.37021728652934 41.12941221280357
      vertex 26.558810916845925 39.04183973017337 45.5
      vertex 26.22820288463671 39.965827281279644 45.5
    endloop
  endfacet
  facet normal -0.4359717216758437 -0.10920523129195427 -0.8933100667503258
    outer loop
      vertex 34.5334824172466 42.61722419118974 41.12255752490303
      vertex 26.22820288463671 39.965827281279644 45.5
      vertex 25.98975343792649 40.917770833662985 45.5
    endloop
  endfacet
  facet normal -0.4445763831530477 -0.06594667683123266 -0.8933100667503258
    outer loop
      vertex 34.50134797790868 42.741003758284656 41.12941221280357
      vertex 25.98975343792649 40.917770833662985 45.5
      vertex 25.845758975236826 41.888502650528665 45.5
    endloop
  endfacet
  facet normal -0.10920523129197049 -0.43597172167584025 -0.8933100667503255
    outer loop
      vertex 35.13773323905289 40.693364289238055 41.617182250312645
      vertex 35.288853883633024 40.31100323110097 41.78531585751561
      vertex 34.04183973017337 34.04183973017337 44.997367955459374
    endloop
  endfacet
  facet normal -0.022053019822512624 -0.44889953103031494 -0.8933100667503256
    outer loop
      vertex 35.797606241958796 39.25667633879937 42.289948600515025
      vertex 35.797606241958796 35.797606241958796 44.0281747798319
      vertex 35.49961936181283 39.843162486430366 42.002588303561865
    endloop
  endfacet
  facet normal -0.06594667683120174 -0.4445763831530505 -0.8933100667503266
    outer loop
      vertex 35.02507961867666 35.02507961867666 44.43545036910176
      vertex 35.38215390047496 40.07181949532976 41.89746349564043
      vertex 35.49961936181283 39.843162486430366 42.002588303561865
    endloop
  endfacet
  facet normal -0.06594667683124758 -0.4445763831530466 -0.8933100667503253
    outer loop
      vertex 35.02507961867666 35.02507961867666 44.43545036910176
      vertex 35.288853883633024 40.31100323110097 41.78531585751561
      vertex 35.38215390047496 40.07181949532976 41.89746349564043
    endloop
  endfacet
  facet normal -0.06594667683123383 -0.44457638315304737 -0.8933100667503258
    outer loop
      vertex 34.04183973017337 34.04183973017337 44.997367955459374
      vertex 35.288853883633024 40.31100323110097 41.78531585751561
      vertex 35.02507961867666 35.02507961867666 44.43545036910176
    endloop
  endfacet
  facet normal -0.02205301982250465 -0.4488995310303146 -0.893310066750326
    outer loop
      vertex 35.02507961867666 35.02507961867666 44.43545036910176
      vertex 35.49961936181283 39.843162486430366 42.002588303561865
      vertex 35.797606241958796 35.797606241958796 44.0281747798319
    endloop
  endfacet
  facet normal 0.022053019822507697 -0.44889953103031516 -0.8933100667503256
    outer loop
      vertex 36.431602457036924 36.431602457036924 43.72523509226126
      vertex 35.797606241958796 35.797606241958796 44.0281747798319
      vertex 35.8932623508213 39.06666984396885 42.387790700072884
    endloop
  endfacet
  facet normal 0.06594667683123369 -0.4445763831530487 -0.8933100667503252
    outer loop
      vertex 36.431602457036924 36.431602457036924 43.72523509226126
      vertex 36.50281061530706 38.108462385765144 42.895963814190985
      vertex 36.970771918307896 36.970771918307896 43.49670797454797
    endloop
  endfacet
  facet normal 0.10920523129195436 -0.43597172167584625 -0.8933100667503244
    outer loop
      vertex 36.970771918307896 36.970771918307896 43.49670797454797
      vertex 36.82628083379156 37.69717765375698 43.124528645334046
      vertex 37.20804941932942 37.20804941932942 43.409913546564056
    endloop
  endfacet
  facet normal 0.0659466768312258 -0.44457638315305154 -0.8933100667503243
    outer loop
      vertex 36.970771918307896 36.970771918307896 43.49670797454797
      vertex 36.50281061530706 38.108462385765144 42.895963814190985
      vertex 36.82628083379156 37.69717765375698 43.124528645334046
    endloop
  endfacet
  facet normal 0.0659466768312239 -0.4445763831530487 -0.8933100667503261
    outer loop
      vertex 36.431602457036924 36.431602457036924 43.72523509226126
      vertex 36.22291931317542 38.55039797368465 42.65536199572576
      vertex 36.50281061530706 38.108462385765144 42.895963814190985
    endloop
  endfacet
  facet normal 0.02205301982250423 -0.44889953103031505 -0.8933100667503258
    outer loop
      vertex 35.797606241958796 39.25667633879937 42.289948600515025
      vertex 35.8932623508213 39.06666984396885 42.387790700072884
      vertex 35.797606241958796 35.797606241958796 44.0281747798319
    endloop
  endfacet
  facet normal 0.02205301982250766 -0.4488995310303152 -0.8933100667503255
    outer loop
      vertex 36.431602457036924 36.431602457036924 43.72523509226126
      vertex 35.8932623508213 39.06666984396885 42.387790700072884
      vertex 36.22291931317542 38.55039797368465 42.65536199572576
    endloop
  endfacet
  facet normal -0.19216074696582686 -0.40628976355313573 -0.8933100667503263
    outer loop
      vertex 35.0190660047525 40.98911165430767 41.49719782974856
      vertex 31.970771918307896 33.629878728711404 45.5
      vertex 34.96870304447311 41.11252578360278 41.451901000741664
    endloop
  endfacet
  facet normal -0.19216074696585891 -0.4062897635531204 -0.8933100667503264
    outer loop
      vertex 34.96870304447311 41.11252578360278 41.451901000741664
      vertex 31.083638873698817 34.04946141034072 45.5
      vertex 34.92998444803146 41.245467846185576 41.39976590622879
    endloop
  endfacet
  facet normal -0.2310588012149628 -0.38549832039015836 -0.8933100667503256
    outer loop
      vertex 34.86312199051848 41.47011953799854 41.32011417808213
      vertex 34.92998444803146 41.245467846185576 41.39976590622879
      vertex 30.24190391176277 34.553977930798816 45.5
    endloop
  endfacet
  facet normal -0.26773163289883234 -0.36099431766698575 -0.8933100667503262
    outer loop
      vertex 34.86312199051848 41.47011953799854 41.32011417808213
      vertex 29.453673400322337 35.138569520196896 45.5
      vertex 34.805373376632254 41.65963480921962 41.26083710587678
    endloop
  endfacet
  facet normal -0.3018260626008406 -0.3330137423251523 -0.8933100667503252
    outer loop
      vertex 34.805373376632254 41.65963480921962 41.26083710587678
      vertex 28.72653843009332 35.797606241958796 45.5
      vertex 34.75375894841923 41.82482676028471 41.21669497465834
    endloop
  endfacet
  facet normal -0.15141207967767942 -0.42316841419251544 -0.8933100667503259
    outer loop
      vertex 35.13773323905289 40.693364289238055 41.617182250312645
      vertex 32.89475946941417 33.299270696502184 45.5
      vertex 35.0190660047525 40.98911165430767 41.49719782974856
    endloop
  endfacet
  facet normal -0.3330137423251377 -0.3018260626008546 -0.8933100667503259
    outer loop
      vertex 34.706230254647856 41.973004928218494 41.18434749992837
      vertex 34.75375894841923 41.82482676028471 41.21669497465834
      vertex 28.067501708331424 36.52474121218781 45.5
    endloop
  endfacet
  facet normal -0.3609943176670072 -0.2677316328988062 -0.8933100667503253
    outer loop
      vertex 34.706230254647856 41.973004928218494 41.18434749992837
      vertex 28.067501708331424 36.52474121218781 45.5
      vertex 34.66128082308732 42.10940568320965 41.16163163872632
    endloop
  endfacet
  facet normal -0.3854983203901515 -0.23105880121497172 -0.8933100667503262
    outer loop
      vertex 34.66128082308732 42.10940568320965 41.16163163872632
      vertex 26.978393598475243 38.15470668556429 45.5
      vertex 34.63896474887663 42.175290490278435 41.15422048815264
    endloop
  endfacet
  facet normal -0.3854983203901358 -0.23105880121500091 -0.8933100667503255
    outer loop
      vertex 34.63896474887663 42.175290490278435 41.15422048815264
      vertex 26.978393598475243 38.15470668556429 45.5
      vertex 34.62415854672986 42.24145319326862 41.1434966542503
    endloop
  endfacet
  facet normal -0.40628976355311336 -0.19216074696587304 -0.8933100667503265
    outer loop
      vertex 34.62415854672986 42.24145319326862 41.1434966542503
      vertex 26.978393598475243 38.15470668556429 45.5
      vertex 34.59422515409872 42.37021728652934 41.12941221280357
    endloop
  endfacet
  facet normal -0.42316841419252826 -0.15141207967763906 -0.8933100667503266
    outer loop
      vertex 34.59422515409872 42.37021728652934 41.12941221280357
      vertex 26.22820288463671 39.965827281279644 45.5
      vertex 34.56421591545448 42.49452918868581 41.12255752490303
    endloop
  endfacet
  facet normal -0.43597172167583864 -0.1092052312919704 -0.8933100667503263
    outer loop
      vertex 34.56421591545448 42.49452918868581 41.12255752490303
      vertex 26.22820288463671 39.965827281279644 45.5
      vertex 34.5334824172466 42.61722419118974 41.12255752490303
    endloop
  endfacet
  facet normal -0.44457638315304665 -0.06594667683123757 -0.893310066750326
    outer loop
      vertex 34.5334824172466 42.61722419118974 41.12255752490303
      vertex 25.98975343792649 40.917770833662985 45.5
      vertex 34.50134797790868 42.741003758284656 41.12941221280357
    endloop
  endfacet
  facet normal -0.44889953103031643 -0.022053019822491325 -0.8933100667503254
    outer loop
      vertex 34.50134797790868 42.741003758284656 41.12941221280357
      vertex 25.845758975236826 41.888502650528665 45.5
      vertex 34.4670479000007 42.86867405382427 41.1434966542503
    endloop
  endfacet
  facet normal -0.4488995310303145 0.02205301982250851 -0.8933100667503259
    outer loop
      vertex 34.4670479000007 42.86867405382427 41.1434966542503
      vertex 25.797606241958796 42.86867405382427 45.5
      vertex 34.429655965414646 43.003405396283924 41.16561266480623
    endloop
  endfacet
  facet normal -0.44457638315305015 0.06594667683120685 -0.8933100667503263
    outer loop
      vertex 34.429655965414646 43.003405396283924 41.16561266480623
      vertex 25.845758975236826 43.84884545711988 45.5
      vertex 34.38798158143166 43.14906583216647 41.19710594988234
    endloop
  endfacet
  facet normal -0.43597172167584364 0.10920523129195503 -0.8933100667503256
    outer loop
      vertex 34.38798158143166 43.14906583216647 41.19710594988234
      vertex 25.98975343792649 44.81957727398555 45.5
      vertex 34.35849517703629 43.24926158780037 41.22374523230454
    endloop
  endfacet
  facet normal -0.4359717216758397 0.10920523129197522 -0.8933100667503252
    outer loop
      vertex 34.35849517703629 43.24926158780037 41.22374523230454
      vertex 25.98975343792649 44.81957727398555 45.5
      vertex 34.34768525415231 43.30850277696805 41.23626302301595
    endloop
  endfacet
  facet normal -0.42316841419251566 0.1514120796776798 -0.8933100667503258
    outer loop
      vertex 34.34768525415231 43.30850277696805 41.23626302301595
      vertex 26.228202884636705 45.7715208263689 45.5
      vertex 34.31448079906199 43.48300472697273 41.281569553490804
    endloop
  endfacet
  facet normal -0.40628976355313356 0.19216074696583282 -0.893310066750326
    outer loop
      vertex 34.31448079906199 43.48300472697273 41.281569553490804
      vertex 26.558810916845925 46.695508377475164 45.5
      vertex 34.27506052963851 43.68249169205359 41.342410260638395
    endloop
  endfacet
  facet normal -0.3854983203901462 0.23105880121498293 -0.8933100667503256
    outer loop
      vertex 34.27506052963851 43.68249169205359 41.342410260638395
      vertex 26.978393598475243 47.582641422084244 45.5
      vertex 34.22688986952018 43.918193180117854 41.42416307476495
    endloop
  endfacet
  facet normal -0.3609943176669885 0.26773163289883045 -0.8933100667503256
    outer loop
      vertex 34.22688986952018 43.918193180117854 41.42416307476495
      vertex 27.48291011893334 48.42437638402029 45.5
      vertex 34.16593897244316 44.20774877560507 41.535575812179125
    endloop
  endfacet
  facet normal -0.4488995310303145 -0.022053019822510265 -0.8933100667503259
    outer loop
      vertex 34.4670479000007 42.86867405382427 41.1434966542503
      vertex 25.845758975236826 41.888502650528665 45.5
      vertex 25.797606241958796 42.86867405382427 45.5
    endloop
  endfacet
  facet normal -0.33688985339221966 -0.9415440651830209 0
    outer loop
      vertex 31.970771918307896 33.629878728711404 45.5
      vertex 32.89475946941417 33.299270696502184 45.5
      vertex 31.970771918307896 33.629878728711404 50.5
    endloop
  endfacet
  facet normal -0.42755509343027986 -0.9039892931234444 -1.5572093691675154e-18
    outer loop
      vertex 31.970771918307896 33.629878728711404 45.5
      vertex 31.083638873698817 34.04946141034072 50.5
      vertex 31.083638873698817 34.04946141034072 45.5
    endloop
  endfacet
  facet normal -0.5141027441932199 -0.8577286100002731 0
    outer loop
      vertex 31.083638873698817 34.04946141034072 45.5
      vertex 31.083638873698817 34.04946141034072 50.5
      vertex 30.24190391176277 34.553977930798816 45.5
    endloop
  endfacet
  facet normal -0.24298017990328433 -0.9700312531945389 -2.9251222737429054e-19
    outer loop
      vertex 32.89475946941417 33.299270696502184 45.5
      vertex 33.218242432424134 33.218242432424134 45.5
      vertex 33.218242432424134 33.218242432424134 50.5
    endloop
  endfacet
  facet normal -0.5956993044924322 -0.8032075314806459 0
    outer loop
      vertex 30.24190391176277 34.553977930798816 45.5
      vertex 30.24190391176277 34.553977930798816 50.5
      vertex 29.453673400322337 35.138569520196896 45.5
    endloop
  endfacet
  facet normal -0.6715589548470235 -0.7409511253549542 -2.1609620295196757e-19
    outer loop
      vertex 29.453673400322337 35.138569520196896 45.5
      vertex 28.72653843009332 35.797606241958796 50.5
      vertex 28.72653843009332 35.797606241958796 45.5
    endloop
  endfacet
  facet normal -0.33688985339221966 -0.9415440651830209 0
    outer loop
      vertex 32.89475946941417 33.299270696502184 45.5
      vertex 32.89475946941417 33.299270696502184 50.5
      vertex 31.970771918307896 33.629878728711404 50.5
    endloop
  endfacet
  facet normal -0.42755509343027986 -0.9039892931234444 0
    outer loop
      vertex 31.970771918307896 33.629878728711404 45.5
      vertex 31.970771918307896 33.629878728711404 50.5
      vertex 31.083638873698817 34.04946141034072 50.5
    endloop
  endfacet
  facet normal -0.24298017990328433 -0.9700312531945389 0
    outer loop
      vertex 32.89475946941417 33.299270696502184 45.5
      vertex 33.218242432424134 33.218242432424134 50.5
      vertex 32.89475946941417 33.299270696502184 50.5
    endloop
  endfacet
  facet normal 0 0 1
    outer loop
      vertex 31.970771918307896 33.629878728711404 50.5
      vertex 32.89475946941417 33.299270696502184 50.5
      vertex 33.218242432424134 33.218242432424134 50.5
    endloop
  endfacet
  facet normal 0 0 1
    outer loop
      vertex 31.970771918307896 33.629878728711404 50.5
      vertex 30.24190391176277 34.553977930798816 50.5
      vertex 31.083638873698817 34.04946141034072 50.5
    endloop
  endfacet
  facet normal 0 0 1
    outer loop
      vertex 33.450670448540556 33.32544175516247 50.5
      vertex 30.24190391176277 34.553977930798816 50.5
      vertex 31.970771918307896 33.629878728711404 50.5
    endloop
  endfacet
  facet normal 0 0 1
    outer loop
      vertex 33.5156855142837 33.143736819019196 50.5
      vertex 31.970771918307896 33.629878728711404 50.5
      vertex 33.218242432424134 33.218242432424134 50.5
    endloop
  endfacet
  facet normal 0 0 1
    outer loop
      vertex 33.5156855142837 33.143736819019196 50.5
      vertex 33.450670448540556 33.32544175516247 50.5
      vertex 31.970771918307896 33.629878728711404 50.5
    endloop
  endfacet
  facet normal 0 0 1
    outer loop
      vertex 33.99618901335438 33.04609816470129 50.5
      vertex 34.71154167756121 33.44918765785632 50.5
      vertex 27.48291011893334 37.31297172362825 50.5
    endloop
  endfacet
  facet normal 0 0 1
    outer loop
      vertex 33.450670448540556 33.32544175516247 50.5
      vertex 33.99618901335438 33.04609816470129 50.5
      vertex 27.48291011893334 37.31297172362825 50.5
    endloop
  endfacet
  facet normal -0.5141027441932199 -0.8577286100002731 0
    outer loop
      vertex 30.24190391176277 34.553977930798816 45.5
      vertex 31.083638873698817 34.04946141034072 50.5
      vertex 30.24190391176277 34.553977930798816 50.5
    endloop
  endfacet
  facet normal -0.5956993044924322 -0.8032075314806459 0
    outer loop
      vertex 29.453673400322337 35.138569520196896 45.5
      vertex 30.24190391176277 34.553977930798816 50.5
      vertex 29.453673400322337 35.138569520196896 50.5
    endloop
  endfacet
  facet normal -0.6715589548470235 -0.7409511253549542 0
    outer loop
      vertex 29.453673400322337 35.138569520196896 45.5
      vertex 29.453673400322337 35.138569520196896 50.5
      vertex 28.72653843009332 35.797606241958796 50.5
    endloop
  endfacet
  facet normal 0 0 1
    outer loop
      vertex 33.450670448540556 33.32544175516247 50.5
      vertex 27.48291011893334 37.31297172362825 50.5
      vertex 30.24190391176277 34.553977930798816 50.5
    endloop
  endfacet
  facet normal 0 0 1
    outer loop
      vertex 30.24190391176277 34.553977930798816 50.5
      vertex 28.72653843009332 35.797606241958796 50.5
      vertex 29.453673400322337 35.138569520196896 50.5
    endloop
  endfacet
  facet normal 0 0 1
    outer loop
      vertex 34.71154167756121 33.44918765785632 50.5
      vertex 37.700121980662104 42.595465381378055 50.5
      vertex 27.48291011893334 37.31297172362825 50.5
    endloop
  endfacet
  facet normal -0.7409511253549561 -0.6715589548470217 0
    outer loop
      vertex 28.72653843009332 35.797606241958796 45.5
      vertex 28.72653843009332 35.797606241958796 50.5
      vertex 28.067501708331424 36.52474121218781 45.5
    endloop
  endfacet
  facet normal -0.8032075314806467 -0.595699304492431 -2.3713940835836573e-18
    outer loop
      vertex 28.067501708331424 36.52474121218781 45.5
      vertex 27.48291011893334 37.31297172362825 50.5
      vertex 27.48291011893334 37.31297172362825 45.5
    endloop
  endfacet
  facet normal -0.8577286100002711 -0.5141027441932231 0
    outer loop
      vertex 27.48291011893334 37.31297172362825 45.5
      vertex 27.48291011893334 37.31297172362825 50.5
      vertex 26.978393598475243 38.15470668556429 45.5
    endloop
  endfacet
  facet normal -0.903989293123443 -0.4275550934302828 9.711186702464636e-19
    outer loop
      vertex 26.978393598475243 38.15470668556429 45.5
      vertex 26.558810916845925 39.04183973017337 50.5
      vertex 26.558810916845925 39.04183973017337 45.5
    endloop
  endfacet
  facet normal -0.9415440651830221 -0.3368898533922165 0
    outer loop
      vertex 26.558810916845925 39.04183973017337 45.5
      vertex 26.558810916845925 39.04183973017337 50.5
      vertex 26.22820288463671 39.965827281279644 45.5
    endloop
  endfacet
  facet normal -0.7409511253549561 -0.6715589548470217 0
    outer loop
      vertex 28.067501708331424 36.52474121218781 45.5
      vertex 28.72653843009332 35.797606241958796 50.5
      vertex 28.067501708331424 36.52474121218781 50.5
    endloop
  endfacet
  facet normal -0.8032075314806467 -0.595699304492431 0
    outer loop
      vertex 28.067501708331424 36.52474121218781 45.5
      vertex 28.067501708331424 36.52474121218781 50.5
      vertex 27.48291011893334 37.31297172362825 50.5
    endloop
  endfacet
  facet normal 0 0 1
    outer loop
      vertex 30.24190391176277 34.553977930798816 50.5
      vertex 27.48291011893334 37.31297172362825 50.5
      vertex 28.72653843009332 35.797606241958796 50.5
    endloop
  endfacet
  facet normal 0 0 1
    outer loop
      vertex 28.72653843009332 35.797606241958796 50.5
      vertex 27.48291011893334 37.31297172362825 50.5
      vertex 28.067501708331424 36.52474121218781 50.5
    endloop
  endfacet
  facet normal -0.8577286100002711 -0.5141027441932231 0
    outer loop
      vertex 26.978393598475243 38.15470668556429 45.5
      vertex 27.48291011893334 37.31297172362825 50.5
      vertex 26.978393598475243 38.15470668556429 50.5
    endloop
  endfacet
  facet normal -0.903989293123443 -0.4275550934302828 0
    outer loop
      vertex 26.978393598475243 38.15470668556429 45.5
      vertex 26.978393598475243 38.15470668556429 50.5
      vertex 26.558810916845925 39.04183973017337 50.5
    endloop
  endfacet
  facet normal -0.9415440651830221 -0.3368898533922165 0
    outer loop
      vertex 26.22820288463671 39.965827281279644 45.5
      vertex 26.558810916845925 39.04183973017337 50.5
      vertex 26.22820288463671 39.965827281279644 50.5
    endloop
  endfacet
  facet normal -0.9700312531945431 -0.24298017990326798 0
    outer loop
      vertex 26.22820288463671 39.965827281279644 45.5
      vertex 26.22820288463671 39.965827281279644 50.5
      vertex 25.98975343792649 40.917770833662985 50.5
    endloop
  endfacet
  facet normal 0 0 1
    outer loop
      vertex 27.48291011893334 37.31297172362825 50.5
      vertex 26.558810916845925 39.04183973017337 50.5
      vertex 26.978393598475243 38.15470668556429 50.5
    endloop
  endfacet
  facet normal 0 0 1
    outer loop
      vertex 27.48291011893334 37.31297172362825 50.5
      vertex 26.22820288463671 39.965827281279644 50.5
      vertex 26.558810916845925 39.04183973017337 50.5
    endloop
  endfacet
  facet normal 0 0 1
    outer loop
      vertex 27.48291011893334 37.31297172362825 50.5
      vertex 25.98975343792649 40.917770833662985 50.5
      vertex 26.22820288463671 39.965827281279644 50.5
    endloop
  endfacet
  facet normal 0 0 1
    outer loop
      vertex 27.48291011893334 37.31297172362825 50.5
      vertex 25.845758975236826 41.888502650528665 50.5
      vertex 25.98975343792649 40.917770833662985 50.5
    endloop
  endfacet
  facet normal 0 0 1
    outer loop
      vertex 34.71154167756121 33.44918765785632 50.5
      vertex 37.729008833782416 42.59262027467567 50.5
      vertex 37.700121980662104 42.595465381378055 50.5
    endloop
  endfacet
  facet normal 0 0 1
    outer loop
      vertex 27.48291011893334 37.31297172362825 50.5
      vertex 37.700121980662104 42.595465381378055 50.5
      vertex 37.78303800188073 42.850113549400774 50.5
    endloop
  endfacet
  facet normal 0 0 1
    outer loop
      vertex 27.48291011893334 37.31297172362825 50.5
      vertex 37.78303800188073 42.850113549400774 50.5
      vertex 36.96581234786812 48.86792152239136 50.5
    endloop
  endfacet
  facet normal -0.44889953103031466 0.022053019822510397 -0.8933100667503259
    outer loop
      vertex 34.429655965414646 43.003405396283924 41.16561266480623
      vertex 25.797606241958796 42.86867405382427 45.5
      vertex 25.845758975236826 43.84884545711988 45.5
    endloop
  endfacet
  facet normal -0.4445763831530477 0.06594667683123287 -0.8933100667503258
    outer loop
      vertex 34.38798158143166 43.14906583216647 41.19710594988234
      vertex 25.845758975236826 43.84884545711988 45.5
      vertex 25.98975343792649 44.81957727398555 45.5
    endloop
  endfacet
  facet normal -0.43597172167584414 0.10920523129195125 -0.8933100667503259
    outer loop
      vertex 34.34768525415231 43.30850277696805 41.23626302301595
      vertex 25.98975343792649 44.81957727398555 45.5
      vertex 26.228202884636705 45.7715208263689 45.5
    endloop
  endfacet
  facet normal -0.4231684141925164 0.15141207967767756 -0.8933100667503259
    outer loop
      vertex 34.31448079906199 43.48300472697273 41.281569553490804
      vertex 26.228202884636705 45.7715208263689 45.5
      vertex 26.558810916845925 46.695508377475164 45.5
    endloop
  endfacet
  facet normal -0.4062897635531292 0.19216074696584381 -0.8933100667503256
    outer loop
      vertex 34.27506052963851 43.68249169205359 41.342410260638395
      vertex 26.558810916845925 46.695508377475164 45.5
      vertex 26.978393598475243 47.582641422084244 45.5
    endloop
  endfacet
  facet normal -0.3854983203901489 0.2310588012149781 -0.8933100667503256
    outer loop
      vertex 34.22688986952018 43.918193180117854 41.42416307476495
      vertex 26.978393598475243 47.582641422084244 45.5
      vertex 27.48291011893334 48.42437638402029 45.5
    endloop
  endfacet
  facet normal -0.3609943176669917 0.26773163289882573 -0.8933100667503258
    outer loop
      vertex 34.16593897244316 44.20774877560507 41.535575812179125
      vertex 27.48291011893334 48.42437638402029 45.5
      vertex 28.067501708331424 49.21260689546072 45.5
    endloop
  endfacet
  facet normal -0.9700312531945431 -0.24298017990326798 3.94625042541951e-19
    outer loop
      vertex 26.22820288463671 39.965827281279644 45.5
      vertex 25.98975343792649 40.917770833662985 50.5
      vertex 25.98975343792649 40.917770833662985 45.5
    endloop
  endfacet
  facet normal -0.9891765099647813 -0.1467304744553588 -5.625050236367048e-19
    outer loop
      vertex 25.98975343792649 40.917770833662985 45.5
      vertex 25.845758975236826 41.888502650528665 50.5
      vertex 25.845758975236826 41.888502650528665 45.5
    endloop
  endfacet
  facet normal -0.9987954562051724 -0.04906767432741708 -4.602291174016454e-19
    outer loop
      vertex 25.845758975236826 41.888502650528665 45.5
      vertex 25.797606241958796 42.86867405382427 50.5
      vertex 25.797606241958796 42.86867405382427 45.5
    endloop
  endfacet
  facet normal -0.9987954562051724 0.04906767432741708 0
    outer loop
      vertex 25.797606241958796 42.86867405382427 45.5
      vertex 25.797606241958796 42.86867405382427 50.5
      vertex 25.845758975236826 43.84884545711988 45.5
    endloop
  endfacet
  facet normal -0.9891765099647813 0.14673047445535986 1.3398198836479897e-18
    outer loop
      vertex 25.845758975236826 43.84884545711988 45.5
      vertex 25.98975343792649 44.81957727398555 50.5
      vertex 25.98975343792649 44.81957727398555 45.5
    endloop
  endfacet
  facet normal -0.9891765099647813 -0.1467304744553588 0
    outer loop
      vertex 25.98975343792649 40.917770833662985 45.5
      vertex 25.98975343792649 40.917770833662985 50.5
      vertex 25.845758975236826 41.888502650528665 50.5
    endloop
  endfacet
  facet normal 0 0 1
    outer loop
      vertex 27.48291011893334 37.31297172362825 50.5
      vertex 25.98975343792649 44.81957727398555 50.5
      vertex 25.845758975236826 41.888502650528665 50.5
    endloop
  endfacet
  facet normal -0.9987954562051724 -0.04906767432741708 0
    outer loop
      vertex 25.845758975236826 41.888502650528665 45.5
      vertex 25.845758975236826 41.888502650528665 50.5
      vertex 25.797606241958796 42.86867405382427 50.5
    endloop
  endfacet
  facet normal 0 0 1
    outer loop
      vertex 25.845758975236826 41.888502650528665 50.5
      vertex 25.845758975236826 43.84884545711988 50.5
      vertex 25.797606241958796 42.86867405382427 50.5
    endloop
  endfacet
  facet normal 0 0 1
    outer loop
      vertex 25.845758975236826 41.888502650528665 50.5
      vertex 25.98975343792649 44.81957727398555 50.5
      vertex 25.845758975236826 43.84884545711988 50.5
    endloop
  endfacet
  facet normal 0 0 1
    outer loop
      vertex 27.48291011893334 37.31297172362825 50.5
      vertex 28.067501708331424 49.21260689546072 50.5
      vertex 25.98975343792649 44.81957727398555 50.5
    endloop
  endfacet
  facet normal -0.9987954562051724 0.04906767432741708 0
    outer loop
      vertex 25.845758975236826 43.84884545711988 45.5
      vertex 25.797606241958796 42.86867405382427 50.5
      vertex 25.845758975236826 43.84884545711988 50.5
    endloop
  endfacet
  facet normal -0.9891765099647813 0.14673047445535986 0
    outer loop
      vertex 25.845758975236826 43.84884545711988 45.5
      vertex 25.845758975236826 43.84884545711988 50.5
      vertex 25.98975343792649 44.81957727398555 50.5
    endloop
  endfacet
  facet normal -0.9700312531945441 0.24298017990326284 0
    outer loop
      vertex 25.98975343792649 44.81957727398555 45.5
      vertex 25.98975343792649 44.81957727398555 50.5
      vertex 26.228202884636705 45.7715208263689 45.5
    endloop
  endfacet
  facet normal -0.9415440651830201 0.336889853392222 2.3469169786687504e-18
    outer loop
      vertex 26.228202884636705 45.7715208263689 45.5
      vertex 26.558810916845925 46.695508377475164 50.5
      vertex 26.558810916845925 46.695508377475164 45.5
    endloop
  endfacet
  facet normal -0.903989293123443 0.4275550934302828 0
    outer loop
      vertex 26.558810916845925 46.695508377475164 45.5
      vertex 26.558810916845925 46.695508377475164 50.5
      vertex 26.978393598475243 47.582641422084244 45.5
    endloop
  endfacet
  facet normal -0.8577286100002731 0.5141027441932199 0
    outer loop
      vertex 26.978393598475243 47.582641422084244 45.5
      vertex 26.978393598475243 47.582641422084244 50.5
      vertex 27.48291011893334 48.42437638402029 45.5
    endloop
  endfacet
  facet normal -0.803207531480644 0.5956993044924345 4.32039006573014e-18
    outer loop
      vertex 27.48291011893334 48.42437638402029 45.5
      vertex 28.067501708331424 49.21260689546072 50.5
      vertex 28.067501708331424 49.21260689546072 45.5
    endloop
  endfacet
  facet normal -0.9700312531945441 0.24298017990326284 0
    outer loop
      vertex 26.228202884636705 45.7715208263689 45.5
      vertex 25.98975343792649 44.81957727398555 50.5
      vertex 26.228202884636705 45.7715208263689 50.5
    endloop
  endfacet
  facet normal -0.9415440651830201 0.336889853392222 0
    outer loop
      vertex 26.228202884636705 45.7715208263689 45.5
      vertex 26.228202884636705 45.7715208263689 50.5
      vertex 26.558810916845925 46.695508377475164 50.5
    endloop
  endfacet
  facet normal -0.903989293123443 0.4275550934302828 0
    outer loop
      vertex 26.978393598475243 47.582641422084244 45.5
      vertex 26.558810916845925 46.695508377475164 50.5
      vertex 26.978393598475243 47.582641422084244 50.5
    endloop
  endfacet
  facet normal 0 0 1
    outer loop
      vertex 25.98975343792649 44.81957727398555 50.5
      vertex 26.558810916845925 46.695508377475164 50.5
      vertex 26.228202884636705 45.7715208263689 50.5
    endloop
  endfacet
  facet normal 0 0 1
    outer loop
      vertex 25.98975343792649 44.81957727398555 50.5
      vertex 28.067501708331424 49.21260689546072 50.5
      vertex 26.558810916845925 46.695508377475164 50.5
    endloop
  endfacet
  facet normal 0 0 1
    outer loop
      vertex 27.48291011893334 37.31297172362825 50.5
      vertex 36.96581234786812 48.86792152239136 50.5
      vertex 28.067501708331424 49.21260689546072 50.5
    endloop
  endfacet
  facet normal -0.8577286100002731 0.5141027441932199 0
    outer loop
      vertex 27.48291011893334 48.42437638402029 45.5
      vertex 26.978393598475243 47.582641422084244 50.5
      vertex 27.48291011893334 48.42437638402029 50.5
    endloop
  endfacet
  facet normal -0.803207531480644 0.5956993044924345 0
    outer loop
      vertex 27.48291011893334 48.42437638402029 45.5
      vertex 27.48291011893334 48.42437638402029 50.5
      vertex 28.067501708331424 49.21260689546072 50.5
    endloop
  endfacet
  facet normal 0 0 1
    outer loop
      vertex 26.558810916845925 46.695508377475164 50.5
      vertex 28.067501708331424 49.21260689546072 50.5
      vertex 26.978393598475243 47.582641422084244 50.5
    endloop
  endfacet
  facet normal 0 0 1
    outer loop
      vertex 26.978393598475243 47.582641422084244 50.5
      vertex 28.067501708331424 49.21260689546072 50.5
      vertex 27.48291011893334 48.42437638402029 50.5
    endloop
  endfacet
  facet normal -0.26773163289882873 0.36099431766699025 -0.8933100667503254
    outer loop
      vertex 34.0646686663833 44.98026459928689 41.84756056516807
      vertex 30.786856873773107 49.38034838394084 44.608056879801595
      vertex 34.00770764989155 45.45686450484948 42.05723034348702
    endloop
  endfacet
  facet normal -0.26773163289881924 0.36099431766699613 -0.893310066750326
    outer loop
      vertex 34.00770764989155 45.45686450484948 42.05723034348702
      vertex 31.57927092580571 49.18185899683432 44.290353252014484
      vertex 34.00619302610103 45.54971339599211 42.09520532671792
    endloop
  endfacet
  facet normal -0.3330137423251158 0.3018260626008809 -0.8933100667503252
    outer loop
      vertex 34.16593897244316 44.20774877560507 41.535575812179125
      vertex 28.067501708331424 49.21260689546072 45.5
      vertex 34.13696117774796 44.341951340295815 41.59172186651587
    endloop
  endfacet
  facet normal -0.33301374232515124 0.3018260626008378 -0.8933100667503265
    outer loop
      vertex 34.13696117774796 44.341951340295815 41.59172186651587
      vertex 28.067501708331424 49.21260689546072 45.5
      vertex 34.11386681042231 44.55241348536075 41.67144077365892
    endloop
  endfacet
  facet normal -0.2310588012149743 0.38549832039015064 -0.8933100667503259
    outer loop
      vertex 34.00619302610103 45.54971339599211 42.09520532671792
      vertex 31.92788675655157 49.07610754072455 44.154546247077036
      vertex 33.99169779859626 46.24729111509498 42.399986722428345
    endloop
  endfacet
  facet normal -0.19216074696584223 0.4062897635531298 -0.8933100667503259
    outer loop
      vertex 33.99169779859626 46.24729111509498 42.399986722428345
      vertex 32.56496048990978 48.916528877837926 43.92089971448229
      vertex 33.983381999784655 46.586903898167186 42.556236128586995
    endloop
  endfacet
  facet normal -0.1921607469658406 0.40628976355312935 -0.8933100667503263
    outer loop
      vertex 33.983381999784655 46.586903898167186 42.556236128586995
      vertex 32.85106210835002 48.82974090070938 43.81988376182131
      vertex 34.0266058243361 47.144247281017385 42.80042568487076
    endloop
  endfacet
  facet normal -0.15141207967769496 0.42316841419250834 -0.8933100667503266
    outer loop
      vertex 34.0266058243361 47.144247281017385 42.80042568487076
      vertex 33.383717186603405 48.69631774932723 43.64462114678168
      vertex 34.06925970688173 47.721999933997196 43.06688228236587
    endloop
  endfacet
  facet normal 0 0 1
    outer loop
      vertex 44.72695217021227 41.47404151893551 50.5
      vertex 39.53548760865265 42.876687243156525 50.5
      vertex 39.390774946071176 42.83278913688645 50.5
    endloop
  endfacet
  facet normal 0 0 1
    outer loop
      vertex 44.72695217021227 41.47404151893551 50.5
      vertex 39.52644918853735 43.290091947533035 50.5
      vertex 39.53548760865265 42.876687243156525 50.5
    endloop
  endfacet
  facet normal 0 0 1
    outer loop
      vertex 38.10060689028414 42.68036944211764 50.5
      vertex 41.188741794155405 48.871869745829265 50.5
      vertex 37.78303800188073 42.850113549400774 50.5
    endloop
  endfacet
  facet normal 0 0 1
    outer loop
      vertex 38.10060689028414 42.68036944211764 50.5
      vertex 38.805970746485066 42.80868364347232 50.5
      vertex 41.188741794155405 48.871869745829265 50.5
    endloop
  endfacet
  facet normal 0 0 1
    outer loop
      vertex 39.52644918853735 43.290091947533035 50.5
      vertex 44.247998433058065 42.42273633613101 50.5
      vertex 42.110520451130334 44.56021431805874 50.5
    endloop
  endfacet
  facet normal 0 0 1
    outer loop
      vertex 38.805970746485066 42.80868364347232 50.5
      vertex 39.52644918853735 43.290091947533035 50.5
      vertex 41.188741794155405 48.871869745829265 50.5
    endloop
  endfacet
  facet normal 0 0 1
    outer loop
      vertex 39.52644918853735 43.290091947533035 50.5
      vertex 42.110520451130334 44.56021431805874 50.5
      vertex 42.99503478550883 47.86126675398225 50.5
    endloop
  endfacet
  facet normal 0 0 1
    outer loop
      vertex 39.52644918853735 43.290091947533035 50.5
      vertex 42.99503478550883 47.86126675398225 50.5
      vertex 41.188741794155405 48.871869745829265 50.5
    endloop
  endfacet
  facet normal 0 0 1
    outer loop
      vertex 37.78303800188073 42.850113549400774 50.5
      vertex 39.09658800678518 49.453775363939 50.5
      vertex 36.96581234786812 48.86792152239136 50.5
    endloop
  endfacet
  facet normal 0 0 1
    outer loop
      vertex 37.78303800188073 42.850113549400774 50.5
      vertex 41.188741794155405 48.871869745829265 50.5
      vertex 39.09658800678518 49.453775363939 50.5
    endloop
  endfacet
  facet normal 0 0 1
    outer loop
      vertex 39.09658800678518 49.453775363939 50.5
      vertex 41.188741794155405 48.871869745829265 50.5
      vertex 41.096545461067635 51.22512366063941 50.5
    endloop
  endfacet
  facet normal 0 0 1
    outer loop
      vertex 39.09658800678518 49.453775363939 50.5
      vertex 41.096545461067635 51.22512366063941 50.5
      vertex 39.898798273995915 51.9430256969526 50.5
    endloop
  endfacet
  facet normal -0.3018260626008534 0.33301374232513964 -0.8933100667503258
    outer loop
      vertex 34.11386681042231 44.55241348536075 41.67144077365892
      vertex 28.72653843009332 49.93974186568975 45.5
      vertex 34.0646686663833 44.98026459928689 41.84756056516807
    endloop
  endfacet
  facet normal -0.26773163289883156 0.36099431766698814 -0.8933100667503255
    outer loop
      vertex 34.00770764989155 45.45686450484948 42.05723034348702
      vertex 30.786856873773107 49.38034838394084 44.608056879801595
      vertex 31.57927092580571 49.18185899683432 44.290353252014484
    endloop
  endfacet
  facet normal -0.23105880121498287 0.3854983203901459 -0.8933100667503258
    outer loop
      vertex 34.00619302610103 45.54971339599211 42.09520532671792
      vertex 31.57927092580571 49.18185899683432 44.290353252014484
      vertex 31.92788675655157 49.07610754072455 44.154546247077036
    endloop
  endfacet
  facet normal -0.23105880121497452 0.3854983203901506 -0.8933100667503259
    outer loop
      vertex 33.99169779859626 46.24729111509498 42.399986722428345
      vertex 31.92788675655157 49.07610754072455 44.154546247077036
      vertex 32.56496048990978 48.916528877837926 43.92089971448229
    endloop
  endfacet
  facet normal -0.2677316328988084 0.36099431766700557 -0.8933100667503253
    outer loop
      vertex 34.0646686663833 44.98026459928689 41.84756056516807
      vertex 30.343153083867787 49.514944457112634 44.795429623063015
      vertex 30.786856873773107 49.38034838394084 44.608056879801595
    endloop
  endfacet
  facet normal -0.1514120796776672 0.4231684141925233 -0.8933100667503242
    outer loop
      vertex 34.06925970688173 47.721999933997196 43.06688228236587
      vertex 33.6270266130866 48.62251064171315 43.568418240883815
      vertex 34.16376520401502 48.25472613955811 43.30322085908438
    endloop
  endfacet
  facet normal -0.10920523129202711 0.4359717216758264 -0.8933100667503253
    outer loop
      vertex 34.16376520401502 48.25472613955811 43.30322085908438
      vertex 34.087162109392075 48.507252699967474 43.43582867621943
      vertex 34.2015745620739 48.472546061883065 43.4049037464047
    endloop
  endfacet
  facet normal -0.1921607469658577 0.4062897635531207 -0.8933100667503265
    outer loop
      vertex 33.983381999784655 46.586903898167186 42.556236128586995
      vertex 32.56496048990978 48.916528877837926 43.92089971448229
      vertex 32.85106210835002 48.82974090070938 43.81988376182131
    endloop
  endfacet
  facet normal -0.1921607469658403 0.40628976355312946 -0.8933100667503262
    outer loop
      vertex 34.0266058243361 47.144247281017385 42.80042568487076
      vertex 32.85106210835002 48.82974090070938 43.81988376182131
      vertex 33.383717186603405 48.69631774932723 43.64462114678168
    endloop
  endfacet
  facet normal -0.15141207967768153 0.4231684141925165 -0.893310066750325
    outer loop
      vertex 34.06925970688173 47.721999933997196 43.06688228236587
      vertex 33.383717186603405 48.69631774932723 43.64462114678168
      vertex 33.6270266130866 48.62251064171315 43.568418240883815
    endloop
  endfacet
  facet normal -0.15141207967766604 0.42316841419252466 -0.8933100667503238
    outer loop
      vertex 34.16376520401502 48.25472613955811 43.30322085908438
      vertex 33.6270266130866 48.62251064171315 43.568418240883815
      vertex 34.087162109392075 48.507252699967474 43.43582867621943
    endloop
  endfacet
  facet normal -0.3330137423251354 0.30182606260085776 -0.8933100667503258
    outer loop
      vertex 34.11386681042231 44.55241348536075 41.67144077365892
      vertex 28.067501708331424 49.21260689546072 45.5
      vertex 28.72653843009332 49.93974186568975 45.5
    endloop
  endfacet
  facet normal -0.3018260626008567 0.33301374232513603 -0.893310066750326
    outer loop
      vertex 34.0646686663833 44.98026459928689 41.84756056516807
      vertex 28.735533822832267 49.94789481443291 45.5
      vertex 29.308043354149834 49.77422594677412 45.241822659603
    endloop
  endfacet
  facet normal -0.30182606260085887 0.33301374232513403 -0.8933100667503259
    outer loop
      vertex 34.0646686663833 44.98026459928689 41.84756056516807
      vertex 29.308043354149834 49.77422594677412 45.241822659603
      vertex 30.343153083867787 49.514944457112634 44.795429623063015
    endloop
  endfacet
  facet normal -0.3018260626008679 0.33301374232513486 -0.8933100667503225
    outer loop
      vertex 34.0646686663833 44.98026459928689 41.84756056516807
      vertex 28.72653843009332 49.93974186568975 45.5
      vertex 28.735533822832267 49.94789481443291 45.5
    endloop
  endfacet
  facet normal -0.7409511253549594 0.6715589548470181 0
    outer loop
      vertex 28.067501708331424 49.21260689546072 45.5
      vertex 28.067501708331424 49.21260689546072 50.5
      vertex 28.72653843009332 49.93974186568975 45.5
    endloop
  endfacet
  facet normal -0.6715589548470421 0.7409511253549377 8.001398417983452e-20
    outer loop
      vertex 28.735533822832267 49.94789481443291 45.5
      vertex 28.72653843009332 49.93974186568975 45.5
      vertex 28.72653843009332 49.93974186568975 50.5
    endloop
  endfacet
  facet normal -0.7409511253549594 0.6715589548470181 -1.8195717843479366e-18
    outer loop
      vertex 28.067501708331424 49.21260689546072 50.5
      vertex 28.72653843009332 49.93974186568975 50.5
      vertex 28.72653843009332 49.93974186568975 45.5
    endloop
  endfacet
  facet normal -0.6715589548470421 0.7409511253549377 0
    outer loop
      vertex 28.735533822832267 49.94789481443291 45.5
      vertex 28.72653843009332 49.93974186568975 50.5
      vertex 28.735533822832267 49.94789481443291 50.5
    endloop
  endfacet
  facet normal 0 0 1
    outer loop
      vertex 28.067501708331424 49.21260689546072 50.5
      vertex 28.735533822832267 49.94789481443291 50.5
      vertex 28.72653843009332 49.93974186568975 50.5
    endloop
  endfacet
  facet normal 0 0 1
    outer loop
      vertex 28.067501708331424 49.21260689546072 50.5
      vertex 29.36697965954471 50.512084846674014 50.5
      vertex 28.735533822832267 49.94789481443291 50.5
    endloop
  endfacet
  facet normal 0 0 1
    outer loop
      vertex 28.067501708331424 49.21260689546072 50.5
      vertex 30.276263416341703 51.148415663921476 50.5
      vertex 29.36697965954471 50.512084846674014 50.5
    endloop
  endfacet
  facet normal 0 0 1
    outer loop
      vertex 28.735533822832267 49.94789481443291 50.5
      vertex 29.36697965954471 50.512084846674014 50.5
      vertex 29.365611350984487 50.51896379833625 50.5
    endloop
  endfacet
  facet normal 0 0 1
    outer loop
      vertex 28.067501708331424 49.21260689546072 50.5
      vertex 30.24528927483562 50.51792252928263 50.5
      vertex 30.276263416341703 51.148415663921476 50.5
    endloop
  endfacet
  facet normal 0 0 1
    outer loop
      vertex 28.067501708331424 49.21260689546072 50.5
      vertex 32.90395735698039 50.42407596899088 50.5
      vertex 30.24528927483562 50.51792252928263 50.5
    endloop
  endfacet
  facet normal 0 0 1
    outer loop
      vertex 28.067501708331424 49.21260689546072 50.5
      vertex 36.96581234786812 48.86792152239136 50.5
      vertex 32.90395735698039 50.42407596899088 50.5
    endloop
  endfacet
  facet normal 0 0 1
    outer loop
      vertex 30.24528927483562 50.51792252928263 50.5
      vertex 32.90395735698039 50.42407596899088 50.5
      vertex 34.684756341742556 52.59398581028706 50.5
    endloop
  endfacet
  facet normal 0 0 1
    outer loop
      vertex 41.096545461067635 51.22512366063941 50.5
      vertex 41.13465327993492 51.27155817228167 50.5
      vertex 39.898798273995915 51.9430256969526 50.5
    endloop
  endfacet
  facet normal 0 0 1
    outer loop
      vertex 46.415643912176826 30.483892936041777 50.5
      vertex 46.47759169016318 30.565738866314298 50.5
      vertex 46.40916518309545 30.48869788900413 50.5
    endloop
  endfacet
  facet normal 0 0 1
    outer loop
      vertex 46.47759169016318 30.565738866314298 50.5
      vertex 45.72564921866069 31.094142967194706 50.5
      vertex 45.71730707502652 31.078677494946493 50.5
    endloop
  endfacet
  facet normal 0 0 1
    outer loop
      vertex 46.47759169016318 30.565738866314298 50.5
      vertex 45.71730707502652 31.078677494946493 50.5
      vertex 45.73656281550006 31.061225109080933 50.5
    endloop
  endfacet
  facet normal 0 0 1
    outer loop
      vertex 46.40916518309545 30.48869788900413 50.5
      vertex 46.47759169016318 30.565738866314298 50.5
      vertex 45.73656281550006 31.061225109080933 50.5
    endloop
  endfacet
  facet normal 0 0 1
    outer loop
      vertex 46.47759169016318 30.565738866314298 50.5
      vertex 48.38723086499204 29.484988015325143 50.5
      vertex 44.25604223628993 32.77237709578724 50.5
    endloop
  endfacet
  facet normal 0 0 1
    outer loop
      vertex 46.47759169016318 30.565738866314298 50.5
      vertex 45.029191985784585 31.83584935339619 50.5
      vertex 45.72564921866069 31.094142967194706 50.5
    endloop
  endfacet
  facet normal 0 0 1
    outer loop
      vertex 46.47759169016318 30.565738866314298 50.5
      vertex 44.25604223628993 32.77237709578724 50.5
      vertex 45.029191985784585 31.83584935339619 50.5
    endloop
  endfacet
  facet normal 0 0 1
    outer loop
      vertex 45.016556080591435 31.800534364170396 50.5
      vertex 45.029191985784585 31.83584935339619 50.5
      vertex 44.25604223628993 32.77237709578724 50.5
    endloop
  endfacet
  facet normal 0.022053019822510483 -0.44889953103031416 -0.8933100667503261
    outer loop
      vertex 52.52793231671495 36.600315268691716 41.37210121823733
      vertex 53.50810372001055 28.433949426262032 45.5
      vertex 52.52793231671495 28.385796692984 45.5
    endloop
  endfacet
  facet normal -0.1514120796776784 -0.4231684141925159 -0.893310066750326
    outer loop
      vertex 51.80095707882749 35.989280504831186 41.733343104512954
      vertex 49.77422594677412 29.308043354149834 45.241822659603
      vertex 49.514944457112634 30.343153083867787 44.795429623063015
    endloop
  endfacet
  facet normal -0.15141207967768927 -0.4231684141925127 -0.8933100667503255
    outer loop
      vertex 49.38034838394084 30.786856873773107 44.608056879801595
      vertex 51.427403249183214 35.728884492363065 41.92001057427829
      vertex 49.514944457112634 30.343153083867787 44.795429623063015
    endloop
  endfacet
  facet normal -0.3018260626008823 -0.333013742325125 -0.8933100667503213
    outer loop
      vertex 48.62251064171315 33.6270266130866 43.568418240883815
      vertex 48.50725269996748 34.087162109392075 43.43582867621943
      vertex 48.83523287882532 34.319876508801784 43.23826003168573
    endloop
  endfacet
  facet normal -0.19216074696583876 -0.4062897635531323 -0.8933100667503254
    outer loop
      vertex 49.38034838394084 30.786856873773107 44.608056879801595
      vertex 49.18185899683432 31.57927092580571 44.290353252014484
      vertex 51.427403249183214 35.728884492363065 41.92001057427829
    endloop
  endfacet
  facet normal -0.19216074696584998 -0.406289763553125 -0.8933100667503263
    outer loop
      vertex 49.07610754072455 31.927886756551572 44.154546247077036
      vertex 50.91728378720819 35.372485236634766 42.19183814595075
      vertex 49.18185899683432 31.57927092580571 44.290353252014484
    endloop
  endfacet
  facet normal -0.2310588012149828 -0.3854983203901465 -0.8933100667503255
    outer loop
      vertex 48.916528877837926 32.56496048990978 43.92089971448229
      vertex 50.86627644502917 35.33656657961093 42.22053174097945
      vertex 49.07610754072455 31.927886756551572 44.154546247077036
    endloop
  endfacet
  facet normal -0.2677316328988195 -0.36099431766699197 -0.8933100667503274
    outer loop
      vertex 48.69631774932723 33.383717186603405 43.64462114678168
      vertex 48.62251064171315 33.6270266130866 43.568418240883815
      vertex 49.39455469741716 34.56776501687118 42.956870409716814
    endloop
  endfacet
  facet normal -0.3018260626008741 -0.3330137423251356 -0.8933100667503201
    outer loop
      vertex 48.50725269996748 34.087162109392075 43.43582867621943
      vertex 48.472546061883065 34.2015745620739 43.404903746404706
      vertex 48.83523287882532 34.319876508801784 43.23826003168573
    endloop
  endfacet
  facet normal -0.30182606260084816 -0.3330137423251386 -0.8933100667503279
    outer loop
      vertex 48.62251064171315 33.6270266130866 43.568418240883815
      vertex 48.83523287882532 34.319876508801784 43.23826003168573
      vertex 49.39455469741716 34.56776501687118 42.956870409716814
    endloop
  endfacet
  facet normal -0.26773163289883845 -0.36099431766698026 -0.8933100667503266
    outer loop
      vertex 48.69631774932723 33.383717186603405 43.64462114678168
      vertex 49.39455469741716 34.56776501687118 42.956870409716814
      vertex 49.87919635367984 34.78041097808873 42.725687650937836
    endloop
  endfacet
  facet normal -0.26773163289881013 -0.3609943176669997 -0.8933100667503274
    outer loop
      vertex 48.82974090070938 32.85106210835002 43.81988376182131
      vertex 49.87919635367984 34.78041097808873 42.725687650937836
      vertex 50.2648441879919 34.998845958117215 42.52183468011361
    endloop
  endfacet
  facet normal -0.2310588012149881 -0.38549832039014303 -0.8933100667503256
    outer loop
      vertex 48.916528877837926 32.56496048990978 43.92089971448229
      vertex 50.2648441879919 34.998845958117215 42.52183468011361
      vertex 50.86627644502917 35.33656657961093 42.22053174097945
    endloop
  endfacet
  facet normal -0.2310588012149549 -0.3854983203901616 -0.8933100667503262
    outer loop
      vertex 48.916528877837926 32.56496048990978 43.92089971448229
      vertex 48.82974090070938 32.85106210835002 43.81988376182131
      vertex 50.2648441879919 34.998845958117215 42.52183468011361
    endloop
  endfacet
  facet normal -0.2677316328988257 -0.36099431766699086 -0.8933100667503261
    outer loop
      vertex 48.82974090070938 32.85106210835002 43.81988376182131
      vertex 48.69631774932723 33.383717186603405 43.64462114678168
      vertex 49.87919635367984 34.78041097808873 42.725687650937836
    endloop
  endfacet
  facet normal -0.0659466768312349 -0.4445763831530468 -0.8933100667503261
    outer loop
      vertex 52.102042976149306 36.24470639188287 41.57187775875794
      vertex 51.547760913419346 28.433949426262032 45.5
      vertex 50.57702909655367 28.577943888951697 45.5
    endloop
  endfacet
  facet normal -0.1092052312919516 -0.4359717216758441 -0.8933100667503259
    outer loop
      vertex 51.80095707882749 35.989280504831186 41.733343104512954
      vertex 50.57702909655367 28.577943888951697 45.5
      vertex 49.94789481443291 28.735533822832267 45.5
    endloop
  endfacet
  facet normal -0.10920523129194601 -0.4359717216758456 -0.8933100667503259
    outer loop
      vertex 51.80095707882749 35.989280504831186 41.733343104512954
      vertex 49.94789481443291 28.735533822832267 45.5
      vertex 49.77422594677412 29.308043354149834 45.241822659603
    endloop
  endfacet
  facet normal -0.022053019822510258 -0.4488995310303143 -0.893310066750326
    outer loop
      vertex 52.33643256001822 36.44146703405642 41.4566519792491
      vertex 52.52793231671495 28.385796692984 45.5
      vertex 51.547760913419346 28.433949426262032 45.5
    endloop
  endfacet
  facet normal 0.06594667683123445 -0.4445763831530472 -0.8933100667503258
    outer loop
      vertex 52.689897929423495 36.741332230220706 41.305236845772185
      vertex 54.47883553687623 28.577943888951697 45.5
      vertex 53.50810372001055 28.433949426262032 45.5
    endloop
  endfacet
  facet normal 0.10920523129195005 -0.4359717216758451 -0.8933100667503256
    outer loop
      vertex 52.82769566358624 36.878784580966155 41.24700312800313
      vertex 55.43077908925958 28.81639333566191 45.5
      vertex 54.47883553687623 28.577943888951697 45.5
    endloop
  endfacet
  facet normal 0.1514120796776782 -0.4231684141925158 -0.893310066750326
    outer loop
      vertex 52.94891463153491 36.99800398724642 41.203637956353056
      vertex 56.35476664036585 29.147001367871134 45.5
      vertex 55.43077908925958 28.81639333566191 45.5
    endloop
  endfacet
  facet normal 0.1921607469658422 -0.40628976355312957 -0.893310066750326
    outer loop
      vertex 53.0587146511056 37.104374782630046 41.17185983972407
      vertex 57.24189968497493 29.56658404950045 45.5
      vertex 56.35476664036585 29.147001367871134 45.5
    endloop
  endfacet
  facet normal 0.23105880121497951 -0.3854983203901481 -0.8933100667503256
    outer loop
      vertex 53.160825887858714 37.20173610270656 41.14954380755671
      vertex 58.08363464691098 30.07110056995855 45.5
      vertex 57.24189968497493 29.56658404950045 45.5
    endloop
  endfacet
  facet normal 0.2677316328988254 -0.360994317666991 -0.8933100667503262
    outer loop
      vertex 53.25812418934418 37.2929873285556 41.13533198361182
      vertex 58.87186515835141 30.655692159356633 45.5
      vertex 58.08363464691098 30.07110056995855 45.5
    endloop
  endfacet
  facet normal 0.3018260626008582 -0.33301374232513403 -0.893310066750326
    outer loop
      vertex 53.3529902491245 37.38046069352864 41.12841530054645
      vertex 59.59900012858043 31.314728881118526 45.5
      vertex 58.87186515835141 30.655692159356633 45.5
    endloop
  endfacet
  facet normal -0.06594667683124211 -0.44457638315304615 -0.8933100667503258
    outer loop
      vertex 52.102042976149306 36.24470639188287 41.57187775875794
      vertex 52.33643256001822 36.44146703405642 41.4566519792491
      vertex 51.547760913419346 28.433949426262032 45.5
    endloop
  endfacet
  facet normal -0.022053019822505064 -0.44889953103031427 -0.8933100667503262
    outer loop
      vertex 52.52793231671495 36.600315268691716 41.37210121823733
      vertex 52.52793231671495 28.385796692984 45.5
      vertex 52.33643256001822 36.44146703405642 41.4566519792491
    endloop
  endfacet
  facet normal 0.022053019822505706 -0.4488995310303147 -0.8933100667503259
    outer loop
      vertex 52.52793231671495 36.600315268691716 41.37210121823733
      vertex 52.64595794174259 36.69692880621383 41.326465383879324
      vertex 53.50810372001055 28.433949426262032 45.5
    endloop
  endfacet
  facet normal 0.02205301982247247 -0.4488995310303178 -0.8933100667503252
    outer loop
      vertex 52.64595794174259 36.69692880621383 41.326465383879324
      vertex 52.689897929423495 36.741332230220706 41.305236845772185
      vertex 53.50810372001055 28.433949426262032 45.5
    endloop
  endfacet
  facet normal 0.06594667683119468 -0.4445763831530553 -0.8933100667503248
    outer loop
      vertex 52.689897929423495 36.741332230220706 41.305236845772185
      vertex 52.82769566358624 36.878784580966155 41.24700312800313
      vertex 54.47883553687623 28.577943888951697 45.5
    endloop
  endfacet
  facet normal -0.1092052312919393 -0.4359717216758463 -0.8933100667503263
    outer loop
      vertex 51.80095707882749 35.989280504831186 41.733343104512954
      vertex 52.102042976149306 36.24470639188287 41.57187775875794
      vertex 50.57702909655367 28.577943888951697 45.5
    endloop
  endfacet
  facet normal -0.15141207967765447 -0.42316841419252516 -0.8933100667503255
    outer loop
      vertex 51.789471578481894 35.97944826575496 41.73994745918319
      vertex 49.514944457112634 30.343153083867787 44.795429623063015
      vertex 51.427403249183214 35.728884492363065 41.92001057427829
    endloop
  endfacet
  facet normal -0.15141207967767337 -0.4231684141925177 -0.8933100667503259
    outer loop
      vertex 51.789471578481894 35.97944826575496 41.73994745918319
      vertex 51.80095707882749 35.989280504831186 41.733343104512954
      vertex 49.514944457112634 30.343153083867787 44.795429623063015
    endloop
  endfacet
  facet normal -0.19216074696586902 -0.40628976355311625 -0.8933100667503262
    outer loop
      vertex 49.18185899683432 31.57927092580571 44.290353252014484
      vertex 50.91728378720819 35.372485236634766 42.19183814595075
      vertex 51.427403249183214 35.728884492363065 41.92001057427829
    endloop
  endfacet
  facet normal -0.23105880121483713 -0.38549832039022625 -0.8933100667503288
    outer loop
      vertex 49.07610754072455 31.927886756551572 44.154546247077036
      vertex 50.86627644502917 35.33656657961093 42.22053174097945
      vertex 50.91728378720819 35.372485236634766 42.19183814595075
    endloop
  endfacet
  facet normal 0.10920523129199382 -0.4359717216758316 -0.8933100667503269
    outer loop
      vertex 52.82769566358624 36.878784580966155 41.24700312800313
      vertex 52.94891463153491 36.99800398724642 41.203637956353056
      vertex 55.43077908925958 28.81639333566191 45.5
    endloop
  endfacet
  facet normal 0.15141207967767334 -0.42316841419251777 -0.8933100667503258
    outer loop
      vertex 53.0587146511056 37.104374782630046 41.17185983972407
      vertex 56.35476664036585 29.147001367871134 45.5
      vertex 52.94891463153491 36.99800398724642 41.203637956353056
    endloop
  endfacet
  facet normal 0.19216074696582566 -0.4062897635531384 -0.8933100667503254
    outer loop
      vertex 53.0587146511056 37.104374782630046 41.17185983972407
      vertex 53.160825887858714 37.20173610270656 41.14954380755671
      vertex 57.24189968497493 29.56658404950045 45.5
    endloop
  endfacet
  facet normal 0.2310588012150147 -0.3854983203901241 -0.893310066750327
    outer loop
      vertex 53.160825887858714 37.20173610270656 41.14954380755671
      vertex 53.25812418934418 37.2929873285556 41.13533198361182
      vertex 58.08363464691098 30.07110056995855 45.5
    endloop
  endfacet
  facet normal 0.2677316328988225 -0.3609943176669937 -0.893310066750326
    outer loop
      vertex 53.25812418934418 37.2929873285556 41.13533198361182
      vertex 53.3529902491245 37.38046069352864 41.12841530054645
      vertex 58.87186515835141 30.655692159356633 45.5
    endloop
  endfacet
  facet normal 0.301826062600845 -0.33301374232514747 -0.8933100667503255
    outer loop
      vertex 53.3529902491245 37.38046069352864 41.12841530054645
      vertex 53.44755752940566 37.4661714802933 41.12841530054645
      vertex 59.59900012858043 31.314728881118526 45.5
    endloop
  endfacet
  facet normal -0.24298017990326265 -0.9700312531945444 0
    outer loop
      vertex 50.57702909655367 28.577943888951697 45.5
      vertex 50.57702909655367 28.577943888951697 50.5
      vertex 49.94789481443291 28.735533822832267 45.5
    endloop
  endfacet
  facet normal -0.04906767432741708 -0.9987954562051724 -4.602291174016454e-19
    outer loop
      vertex 51.547760913419346 28.433949426262032 45.5
      vertex 52.52793231671495 28.385796692984 45.5
      vertex 52.52793231671495 28.385796692984 50.5
    endloop
  endfacet
  facet normal -0.14673047445536339 -0.9891765099647808 0
    outer loop
      vertex 50.57702909655367 28.577943888951697 45.5
      vertex 51.547760913419346 28.433949426262032 45.5
      vertex 50.57702909655367 28.577943888951697 50.5
    endloop
  endfacet
  facet normal 0.14673047445536233 -0.9891765099647808 0
    outer loop
      vertex 53.50810372001055 28.433949426262032 45.5
      vertex 54.47883553687623 28.577943888951697 45.5
      vertex 53.50810372001055 28.433949426262032 50.5
    endloop
  endfacet
  facet normal 0.24298017990325943 -0.970031253194545 0
    outer loop
      vertex 55.43077908925958 28.81639333566191 45.5
      vertex 55.43077908925958 28.81639333566191 50.5
      vertex 54.47883553687623 28.577943888951697 45.5
    endloop
  endfacet
  facet normal 0.04906767432741744 -0.9987954562051724 0
    outer loop
      vertex 52.52793231671495 28.385796692984 45.5
      vertex 53.50810372001055 28.433949426262032 45.5
      vertex 52.52793231671495 28.385796692984 50.5
    endloop
  endfacet
  facet normal -0.24298017990326265 -0.9700312531945444 0
    outer loop
      vertex 49.94789481443291 28.735533822832267 45.5
      vertex 50.57702909655367 28.577943888951697 50.5
      vertex 49.94789481443291 28.735533822832267 50.5
    endloop
  endfacet
  facet normal -0.04906767432741708 -0.9987954562051724 0
    outer loop
      vertex 51.547760913419346 28.433949426262032 45.5
      vertex 52.52793231671495 28.385796692984 50.5
      vertex 51.547760913419346 28.433949426262032 50.5
    endloop
  endfacet
  facet normal -0.14673047445536339 -0.9891765099647808 0
    outer loop
      vertex 51.547760913419346 28.433949426262032 45.5
      vertex 51.547760913419346 28.433949426262032 50.5
      vertex 50.57702909655367 28.577943888951697 50.5
    endloop
  endfacet
  facet normal 0 0 1
    outer loop
      vertex 50.57702909655367 28.577943888951697 50.5
      vertex 49.57300048694563 28.88251263792319 50.5
      vertex 49.94789481443291 28.735533822832267 50.5
    endloop
  endfacet
  facet normal 0 0 1
    outer loop
      vertex 50.57702909655367 28.577943888951697 50.5
      vertex 51.547760913419346 28.433949426262032 50.5
      vertex 52.52793231671495 28.385796692984 50.5
    endloop
  endfacet
  facet normal 0.04906767432741744 -0.9987954562051724 0
    outer loop
      vertex 53.50810372001055 28.433949426262032 45.5
      vertex 53.50810372001055 28.433949426262032 50.5
      vertex 52.52793231671495 28.385796692984 50.5
    endloop
  endfacet
  facet normal 0.24298017990325943 -0.970031253194545 0
    outer loop
      vertex 54.47883553687623 28.577943888951697 45.5
      vertex 55.43077908925958 28.81639333566191 50.5
      vertex 54.47883553687623 28.577943888951697 50.5
    endloop
  endfacet
  facet normal 0.14673047445536233 -0.9891765099647808 0
    outer loop
      vertex 54.47883553687623 28.577943888951697 45.5
      vertex 54.47883553687623 28.577943888951697 50.5
      vertex 53.50810372001055 28.433949426262032 50.5
    endloop
  endfacet
  facet normal 0 0 1
    outer loop
      vertex 52.52793231671495 28.385796692984 50.5
      vertex 53.50810372001055 28.433949426262032 50.5
      vertex 55.43077908925958 28.81639333566191 50.5
    endloop
  endfacet
  facet normal 0 0 1
    outer loop
      vertex 53.50810372001055 28.433949426262032 50.5
      vertex 54.47883553687623 28.577943888951697 50.5
      vertex 55.43077908925958 28.81639333566191 50.5
    endloop
  endfacet
  facet normal 0 0 1
    outer loop
      vertex 49.5428776091635 28.84580780514481 50.5
      vertex 49.83706396218139 28.76329550610816 50.5
      vertex 49.57300048694563 28.88251263792319 50.5
    endloop
  endfacet
  facet normal 0 0 1
    outer loop
      vertex 50.57702909655367 28.577943888951697 50.5
      vertex 48.38723086499204 29.484988015325143 50.5
      vertex 49.57300048694563 28.88251263792319 50.5
    endloop
  endfacet
  facet normal 0 0 1
    outer loop
      vertex 48.24569713286187 29.39041819897077 50.5
      vertex 49.57300048694563 28.88251263792319 50.5
      vertex 48.38723086499204 29.484988015325143 50.5
    endloop
  endfacet
  facet normal 0 0 1
    outer loop
      vertex 49.57300048694563 28.88251263792319 50.5
      vertex 49.89411112326907 28.749005936139763 50.5
      vertex 49.94789481443291 28.735533822832267 50.5
    endloop
  endfacet
  facet normal 0 0 1
    outer loop
      vertex 49.57300048694563 28.88251263792319 50.5
      vertex 49.83706396218139 28.76329550610816 50.5
      vertex 49.89411112326907 28.749005936139763 50.5
    endloop
  endfacet
  facet normal 0 0 1
    outer loop
      vertex 44.25604223628993 32.77237709578724 50.5
      vertex 50.57702909655367 28.577943888951697 50.5
      vertex 52.52793231671495 28.385796692984 50.5
    endloop
  endfacet
  facet normal 0 0 1
    outer loop
      vertex 44.25604223628993 32.77237709578724 50.5
      vertex 48.38723086499204 29.484988015325143 50.5
      vertex 50.57702909655367 28.577943888951697 50.5
    endloop
  endfacet
  facet normal 0 0 1
    outer loop
      vertex 44.25604223628993 32.77237709578724 50.5
      vertex 52.52793231671495 28.385796692984 50.5
      vertex 54.54853758215588 38.544065341932594 50.5
    endloop
  endfacet
  facet normal 0.3368898533922229 -0.9415440651830197 -3.841038217055265e-18
    outer loop
      vertex 55.43077908925958 28.81639333566191 45.5
      vertex 56.35476664036585 29.147001367871134 45.5
      vertex 56.35476664036585 29.147001367871134 50.5
    endloop
  endfacet
  facet normal 0.42755509343027986 -0.9039892931234444 0
    outer loop
      vertex 56.35476664036585 29.147001367871134 45.5
      vertex 57.24189968497493 29.56658404950045 45.5
      vertex 56.35476664036585 29.147001367871134 50.5
    endloop
  endfacet
  facet normal 0.5141027441932225 -0.8577286100002716 -5.6086557800615136e-18
    outer loop
      vertex 57.24189968497493 29.56658404950045 45.5
      vertex 58.08363464691098 30.07110056995855 45.5
      vertex 58.08363464691098 30.07110056995855 50.5
    endloop
  endfacet
  facet normal 0.5956993044924345 -0.803207531480644 0
    outer loop
      vertex 58.08363464691098 30.07110056995855 45.5
      vertex 58.87186515835141 30.655692159356633 45.5
      vertex 58.08363464691098 30.07110056995855 50.5
    endloop
  endfacet
  facet normal 0.6715589548470196 -0.7409511253549579 -6.128906366370384e-19
    outer loop
      vertex 58.87186515835141 30.655692159356633 45.5
      vertex 59.59900012858043 31.314728881118526 45.5
      vertex 59.59900012858043 31.314728881118526 50.5
    endloop
  endfacet
  facet normal 0.3368898533922229 -0.9415440651830197 0
    outer loop
      vertex 55.43077908925958 28.81639333566191 45.5
      vertex 56.35476664036585 29.147001367871134 50.5
      vertex 55.43077908925958 28.81639333566191 50.5
    endloop
  endfacet
  facet normal 0.42755509343027986 -0.9039892931234444 0
    outer loop
      vertex 57.24189968497493 29.56658404950045 45.5
      vertex 57.24189968497493 29.56658404950045 50.5
      vertex 56.35476664036585 29.147001367871134 50.5
    endloop
  endfacet
  facet normal 0.5141027441932225 -0.8577286100002716 0
    outer loop
      vertex 57.24189968497493 29.56658404950045 45.5
      vertex 58.08363464691098 30.07110056995855 50.5
      vertex 57.24189968497493 29.56658404950045 50.5
    endloop
  endfacet
  facet normal 0 0 1
    outer loop
      vertex 52.52793231671495 28.385796692984 50.5
      vertex 55.43077908925958 28.81639333566191 50.5
      vertex 58.08363464691098 30.07110056995855 50.5
    endloop
  endfacet
  facet normal 0 0 1
    outer loop
      vertex 55.43077908925958 28.81639333566191 50.5
      vertex 56.35476664036585 29.147001367871134 50.5
      vertex 58.08363464691098 30.07110056995855 50.5
    endloop
  endfacet
  facet normal 0 0 1
    outer loop
      vertex 56.35476664036585 29.147001367871134 50.5
      vertex 57.24189968497493 29.56658404950045 50.5
      vertex 58.08363464691098 30.07110056995855 50.5
    endloop
  endfacet
  facet normal 0.5956993044924345 -0.803207531480644 0
    outer loop
      vertex 58.87186515835141 30.655692159356633 45.5
      vertex 58.87186515835141 30.655692159356633 50.5
      vertex 58.08363464691098 30.07110056995855 50.5
    endloop
  endfacet
  facet normal 0.6715589548470196 -0.7409511253549579 0
    outer loop
      vertex 58.87186515835141 30.655692159356633 45.5
      vertex 59.59900012858043 31.314728881118526 50.5
      vertex 58.87186515835141 30.655692159356633 50.5
    endloop
  endfacet
  facet normal 0 0 1
    outer loop
      vertex 52.52793231671495 28.385796692984 50.5
      vertex 58.08363464691098 30.07110056995855 50.5
      vertex 61.76672764182782 34.5589623693331 50.5
    endloop
  endfacet
  facet normal 0 0 1
    outer loop
      vertex 58.08363464691098 30.07110056995855 50.5
      vertex 58.87186515835141 30.655692159356633 50.5
      vertex 60.25803685034232 32.04186385134754 50.5
    endloop
  endfacet
  facet normal 0 0 1
    outer loop
      vertex 52.52793231671495 28.385796692984 50.5
      vertex 61.76672764182782 34.5589623693331 50.5
      vertex 56.256775263293505 38.807214586692766 50.5
    endloop
  endfacet
  facet normal 0 0 1
    outer loop
      vertex 52.52793231671495 28.385796692984 50.5
      vertex 56.256775263293505 38.807214586692766 50.5
      vertex 54.54853758215588 38.544065341932594 50.5
    endloop
  endfacet
  facet normal 0 0 1
    outer loop
      vertex 44.25604223628993 32.77237709578724 50.5
      vertex 54.54853758215588 38.544065341932594 50.5
      vertex 49.05963198465407 43.36980951357661 50.5
    endloop
  endfacet
  facet normal 0 0 1
    outer loop
      vertex 44.25604223628993 32.77237709578724 50.5
      vertex 49.05963198465407 43.36980951357661 50.5
      vertex 46.01023339531223 41.591291586278054 50.5
    endloop
  endfacet
  facet normal 0 0 1
    outer loop
      vertex 44.72695217021227 41.47404151893551 50.5
      vertex 44.78302753630263 41.53595519466853 50.5
      vertex 44.85259390898342 42.18886332640194 50.5
    endloop
  endfacet
  facet normal 0 0 1
    outer loop
      vertex 46.01023339531223 41.591291586278054 50.5
      vertex 44.85259390898342 42.18886332640194 50.5
      vertex 44.78302753630263 41.53595519466853 50.5
    endloop
  endfacet
  facet normal 0 0 1
    outer loop
      vertex 46.01023339531223 41.591291586278054 50.5
      vertex 44.98670914843471 42.224799396505624 50.5
      vertex 44.85259390898342 42.18886332640194 50.5
    endloop
  endfacet
  facet normal 0 0 1
    outer loop
      vertex 46.01023339531223 41.591291586278054 50.5
      vertex 47.90655837177789 43.007170637921064 50.5
      vertex 44.98670914843471 42.224799396505624 50.5
    endloop
  endfacet
  facet normal 0 0 1
    outer loop
      vertex 46.01023339531223 41.591291586278054 50.5
      vertex 49.05963198465407 43.36980951357661 50.5
      vertex 47.90655837177789 43.007170637921064 50.5
    endloop
  endfacet
  facet normal 0.33301374232513453 -0.3018260626008583 -0.8933100667503259
    outer loop
      vertex 53.44755752940566 37.4661714802933 41.12841530054645
      vertex 60.25803685034232 32.04186385134754 45.5
      vertex 59.59900012858043 31.314728881118526 45.5
    endloop
  endfacet
  facet normal 0.36099431766699025 -0.2677316328988263 -0.8933100667503262
    outer loop
      vertex 53.62074168114336 37.655604820354775 41.13533198361182
      vertex 60.84262843974041 32.830094362787975 45.5
      vertex 60.25803685034232 32.04186385134754 45.5
    endloop
  endfacet
  facet normal 0.38549832039014803 -0.23105880121497757 -0.8933100667503262
    outer loop
      vertex 53.62074168114336 37.655604820354775 41.13533198361182
      vertex 61.347144960198506 33.67182932472402 45.5
      vertex 60.84262843974041 32.830094362787975 45.5
    endloop
  endfacet
  facet normal 0.40628976355312957 -0.1921607469658422 -0.893310066750326
    outer loop
      vertex 53.80935422706891 37.85501435859335 41.17185983972407
      vertex 61.76672764182782 34.5589623693331 45.5
      vertex 61.347144960198506 33.67182932472402 45.5
    endloop
  endfacet
  facet normal 0.42316841419251655 -0.15141207967767628 -0.8933100667503259
    outer loop
      vertex 53.80935422706891 37.85501435859335 41.17185983972407
      vertex 62.09733567403704 35.482949920439374 45.5
      vertex 61.76672764182782 34.5589623693331 45.5
    endloop
  endfacet
  facet normal 0.43597172167584425 -0.109205231291953 -0.8933100667503256
    outer loop
      vertex 54.0349444287328 38.086033346112714 41.24700312800313
      vertex 62.33578512074726 36.43489347282272 45.5
      vertex 62.09733567403704 35.482949920439374 45.5
    endloop
  endfacet
  facet normal 0.44457638315304804 -0.06594667683123293 -0.8933100667503256
    outer loop
      vertex 54.0349444287328 38.086033346112714 41.24700312800313
      vertex 62.47977958343692 37.4056252896884 45.5
      vertex 62.33578512074726 36.43489347282272 45.5
    endloop
  endfacet
  facet normal 0.33301374232514624 -0.3018260626008439 -0.8933100667503264
    outer loop
      vertex 53.44755752940566 37.4661714802933 41.12841530054645
      vertex 53.533268316170314 37.56073876057445 41.12841530054645
      vertex 60.25803685034232 32.04186385134754 45.5
    endloop
  endfacet
  facet normal 0.3609943176669937 -0.2677316328988225 -0.893310066750326
    outer loop
      vertex 53.533268316170314 37.56073876057445 41.12841530054645
      vertex 53.62074168114336 37.655604820354775 41.13533198361182
      vertex 60.25803685034232 32.04186385134754 45.5
    endloop
  endfacet
  facet normal 0.3854983203901269 -0.2310588012150176 -0.8933100667503249
    outer loop
      vertex 53.62074168114336 37.655604820354775 41.13533198361182
      vertex 53.71199290699239 37.75290312184024 41.14954380755671
      vertex 61.347144960198506 33.67182932472402 45.5
    endloop
  endfacet
  facet normal 0.4062897635531384 -0.19216074696582566 -0.8933100667503254
    outer loop
      vertex 53.71199290699239 37.75290312184024 41.14954380755671
      vertex 53.80935422706891 37.85501435859335 41.17185983972407
      vertex 61.347144960198506 33.67182932472402 45.5
    endloop
  endfacet
  facet normal 0.42316841419251755 -0.15141207967767306 -0.893310066750326
    outer loop
      vertex 53.80935422706891 37.85501435859335 41.17185983972407
      vertex 53.915725022452534 37.96481437816404 41.203637956353056
      vertex 62.09733567403704 35.482949920439374 45.5
    endloop
  endfacet
  facet normal 0.4359717216758317 -0.10920523129199394 -0.8933100667503269
    outer loop
      vertex 53.915725022452534 37.96481437816404 41.203637956353056
      vertex 54.0349444287328 38.086033346112714 41.24700312800313
      vertex 62.09733567403704 35.482949920439374 45.5
    endloop
  endfacet
  facet normal 0.444576383153052 -0.06594667683119053 -0.8933100667503268
    outer loop
      vertex 54.0349444287328 38.086033346112714 41.24700312800313
      vertex 54.17239677947825 38.22383108027546 41.305236845772185
      vertex 62.47977958343692 37.4056252896884 45.5
    endloop
  endfacet
  facet normal 0.4488995310303059 -0.022053019822607177 -0.8933100667503279
    outer loop
      vertex 54.17239677947825 38.22383108027546 41.305236845772185
      vertex 54.21680020348512 38.26777106795636 41.32646538387932
      vertex 62.47977958343692 37.4056252896884 45.5
    endloop
  endfacet
  facet normal 0.4488995310303148 -0.022053019822450174 -0.8933100667503273
    outer loop
      vertex 54.21680020348512 38.26777106795636 41.32646538387932
      vertex 54.31341374100724 38.385796692984 41.37210121823733
      vertex 62.52793231671495 38.385796692984 45.5
    endloop
  endfacet
  facet normal 0.4488995310303149 0.0220530198225045 -0.8933100667503259
    outer loop
      vertex 54.31341374100724 38.385796692984 41.37210121823733
      vertex 54.47226197564253 38.57729644968074 41.4566519792491
      vertex 62.47977958343692 39.36596809627961 45.5
    endloop
  endfacet
  facet normal 0.44457638315304615 0.06594667683124215 -0.8933100667503258
    outer loop
      vertex 54.47226197564253 38.57729644968074 41.4566519792491
      vertex 54.66902261781608 38.81168603354965 41.57187775875794
      vertex 62.47977958343692 39.36596809627961 45.5
    endloop
  endfacet
  facet normal 0.42316841419262013 0.15141207967741488 -0.8933100667503212
    outer loop
      vertex 54.92444850486777 39.11277193087147 41.733343104512954
      vertex 54.934280743944 39.12425743121705 41.73994745918319
      vertex 60.570575925831164 41.39878455258632 44.795429623063015
    endloop
  endfacet
  facet normal 0.4231684141925242 0.15141207967766013 -0.893310066750325
    outer loop
      vertex 54.934280743944 39.12425743121705 41.73994745918319
      vertex 55.18484451733589 39.48632576051574 41.92001057427829
      vertex 60.12687213592585 41.53338062575811 44.608056879801595
    endloop
  endfacet
  facet normal 0.4062897635531142 0.19216074696587082 -0.8933100667503266
    outer loop
      vertex 55.18484451733589 39.48632576051574 41.92001057427829
      vertex 55.54124377306419 39.99644522249076 42.19183814595075
      vertex 58.98584225314738 41.837621468974405 44.154546247077036
    endloop
  endfacet
  facet normal 0.43597172167584763 0.10920523129193789 -0.8933100667503258
    outer loop
      vertex 54.66902261781608 38.81168603354965 41.57187775875794
      vertex 54.92444850486777 39.11277193087147 41.733343104512954
      vertex 61.605685655549124 41.13950306292483 45.241822659603
    endloop
  endfacet
  facet normal 0.38549832039022514 0.2310588012148371 -0.8933100667503292
    outer loop
      vertex 55.54124377306419 39.99644522249076 42.19183814595075
      vertex 55.57716243008802 40.04745256466978 42.22053174097945
      vertex 58.98584225314738 41.837621468974405 44.154546247077036
    endloop
  endfacet
  facet normal 0.38549832039013754 0.23105880121499173 -0.8933100667503271
    outer loop
      vertex 55.57716243008802 40.04745256466978 42.22053174097945
      vertex 55.91488305158174 40.64888482170706 42.52183468011361
      vertex 58.06266690134893 42.08398810898957 43.81988376182131
    endloop
  endfacet
  facet normal 0.4488995310303149 -0.02205301982251058 -0.8933100667503256
    outer loop
      vertex 54.21680020348512 38.26777106795636 41.32646538387932
      vertex 62.52793231671495 38.385796692984 45.5
      vertex 62.47977958343692 37.4056252896884 45.5
    endloop
  endfacet
  facet normal 0.4231684141925164 0.15141207967767853 -0.8933100667503256
    outer loop
      vertex 54.934280743944 39.12425743121705 41.73994745918319
      vertex 60.12687213592585 41.53338062575811 44.608056879801595
      vertex 60.570575925831164 41.39878455258632 44.795429623063015
    endloop
  endfacet
  facet normal 0.423168414192514 0.15141207967768278 -0.8933100667503259
    outer loop
      vertex 54.92444850486777 39.11277193087147 41.733343104512954
      vertex 60.570575925831164 41.39878455258632 44.795429623063015
      vertex 61.605685655549124 41.13950306292483 45.241822659603
    endloop
  endfacet
  facet normal 0.38549832039016235 0.23105880121495947 -0.8933100667503248
    outer loop
      vertex 55.57716243008802 40.04745256466978 42.22053174097945
      vertex 58.06266690134893 42.08398810898957 43.81988376182131
      vertex 58.348768519789175 41.99720013186103 43.92089971448229
    endloop
  endfacet
  facet normal 0.4062897635531311 0.1921607469658413 -0.8933100667503253
    outer loop
      vertex 55.18484451733589 39.48632576051574 41.92001057427829
      vertex 59.334458083893246 41.73187001286463 44.290353252014484
      vertex 60.12687213592585 41.53338062575811 44.608056879801595
    endloop
  endfacet
  facet normal 0.4062897635531254 0.1921607469658522 -0.8933100667503256
    outer loop
      vertex 55.18484451733589 39.48632576051574 41.92001057427829
      vertex 58.98584225314738 41.837621468974405 44.154546247077036
      vertex 59.334458083893246 41.73187001286463 44.290353252014484
    endloop
  endfacet
  facet normal 0.38549832039014637 0.23105880121498273 -0.8933100667503256
    outer loop
      vertex 55.57716243008802 40.04745256466978 42.22053174097945
      vertex 58.348768519789175 41.99720013186103 43.92089971448229
      vertex 58.98584225314738 41.837621468974405 44.154546247077036
    endloop
  endfacet
  facet normal 0.3609943176669997 0.26773163289881047 -0.8933100667503272
    outer loop
      vertex 55.91488305158174 40.64888482170706 42.52183468011361
      vertex 56.13331803161022 41.03453265601912 42.725687650937836
      vertex 58.06266690134893 42.08398810898957 43.81988376182131
    endloop
  endfacet
  facet normal 0.36099431766698026 0.26773163289883845 -0.8933100667503265
    outer loop
      vertex 56.13331803161022 41.03453265601912 42.725687650937836
      vertex 56.34596399282778 41.51917431228179 42.956870409716814
      vertex 57.53001182309555 42.217411260371726 43.64462114678168
    endloop
  endfacet
  facet normal 0.36099431766699197 0.2677316328988195 -0.8933100667503276
    outer loop
      vertex 56.34596399282778 41.51917431228179 42.956870409716814
      vertex 57.286702396612355 42.291218367985806 43.568418240883815
      vertex 57.53001182309555 42.217411260371726 43.64462114678168
    endloop
  endfacet
  facet normal 0.33301374232513853 0.30182606260084816 -0.8933100667503279
    outer loop
      vertex 56.34596399282778 41.51917431228179 42.956870409716814
      vertex 56.59385250089717 42.07849613087363 43.23826003168573
      vertex 57.286702396612355 42.291218367985806 43.568418240883815
    endloop
  endfacet
  facet normal 0.3330137423251638 0.3018260626008468 -0.8933100667503189
    outer loop
      vertex 56.59385250089717 42.07849613087363 43.23826003168573
      vertex 56.71215444762505 42.44118294781589 43.4049037464047
      vertex 56.82656690030688 42.40647630973148 43.43582867621943
    endloop
  endfacet
  facet normal 0.3609943176669909 0.2677316328988258 -0.8933100667503261
    outer loop
      vertex 56.13331803161022 41.03453265601912 42.725687650937836
      vertex 57.53001182309555 42.217411260371726 43.64462114678168
      vertex 58.06266690134893 42.08398810898957 43.81988376182131
    endloop
  endfacet
  facet normal 0.3330137423251281 0.30182606260087447 -0.8933100667503229
    outer loop
      vertex 56.59385250089717 42.07849613087363 43.23826003168573
      vertex 56.82656690030688 42.40647630973148 43.43582867621943
      vertex 57.286702396612355 42.291218367985806 43.568418240883815
    endloop
  endfacet
  facet normal 0.4488995310303142 0.022053019822509807 -0.893310066750326
    outer loop
      vertex 54.31341374100724 38.385796692984 41.37210121823733
      vertex 62.47977958343692 39.36596809627961 45.5
      vertex 62.52793231671495 38.385796692984 45.5
    endloop
  endfacet
  facet normal 0.44457638315304693 0.06594667683123324 -0.8933100667503261
    outer loop
      vertex 54.66902261781608 38.81168603354965 41.57187775875794
      vertex 62.33578512074726 40.33669991314528 45.5
      vertex 62.47977958343692 39.36596809627961 45.5
    endloop
  endfacet
  facet normal 0.4359717216758431 0.10920523129195397 -0.893310066750326
    outer loop
      vertex 54.66902261781608 38.81168603354965 41.57187775875794
      vertex 62.17819518686669 40.96583419526605 45.5
      vertex 62.33578512074726 40.33669991314528 45.5
    endloop
  endfacet
  facet normal 0.4359717216758468 0.10920523129194133 -0.893310066750326
    outer loop
      vertex 54.66902261781608 38.81168603354965 41.57187775875794
      vertex 61.605685655549124 41.13950306292483 45.241822659603
      vertex 62.17819518686669 40.96583419526605 45.5
    endloop
  endfacet
  facet normal 0.7409511253549579 -0.6715589548470196 0
    outer loop
      vertex 59.59900012858043 31.314728881118526 45.5
      vertex 60.25803685034232 32.04186385134754 45.5
      vertex 59.59900012858043 31.314728881118526 50.5
    endloop
  endfacet
  facet normal 0.8032075314806424 -0.5956993044924368 -1.938596766798741e-18
    outer loop
      vertex 60.25803685034232 32.04186385134754 45.5
      vertex 60.84262843974041 32.830094362787975 45.5
      vertex 60.84262843974041 32.830094362787975 50.5
    endloop
  endfacet
  facet normal 0.8577286100002731 -0.5141027441932199 0
    outer loop
      vertex 60.84262843974041 32.830094362787975 45.5
      vertex 61.347144960198506 33.67182932472402 45.5
      vertex 60.84262843974041 32.830094362787975 50.5
    endloop
  endfacet
  facet normal 0.9039892931234444 -0.42755509343027986 1.5572093691675154e-18
    outer loop
      vertex 61.347144960198506 33.67182932472402 45.5
      vertex 61.76672764182782 34.5589623693331 45.5
      vertex 61.76672764182782 34.5589623693331 50.5
    endloop
  endfacet
  facet normal 0.9415440651830209 -0.33688985339221966 0
    outer loop
      vertex 61.76672764182782 34.5589623693331 45.5
      vertex 62.09733567403704 35.482949920439374 45.5
      vertex 61.76672764182782 34.5589623693331 50.5
    endloop
  endfacet
  facet normal 0.7409511253549579 -0.6715589548470196 0
    outer loop
      vertex 60.25803685034232 32.04186385134754 45.5
      vertex 60.25803685034232 32.04186385134754 50.5
      vertex 59.59900012858043 31.314728881118526 50.5
    endloop
  endfacet
  facet normal 0.8032075314806424 -0.5956993044924368 0
    outer loop
      vertex 60.25803685034232 32.04186385134754 45.5
      vertex 60.84262843974041 32.830094362787975 50.5
      vertex 60.25803685034232 32.04186385134754 50.5
    endloop
  endfacet
  facet normal 0 0 1
    outer loop
      vertex 58.87186515835141 30.655692159356633 50.5
      vertex 59.59900012858043 31.314728881118526 50.5
      vertex 60.25803685034232 32.04186385134754 50.5
    endloop
  endfacet
  facet normal 0 0 1
    outer loop
      vertex 58.08363464691098 30.07110056995855 50.5
      vertex 60.25803685034232 32.04186385134754 50.5
      vertex 61.76672764182782 34.5589623693331 50.5
    endloop
  endfacet
  facet normal 0 0 1
    outer loop
      vertex 60.25803685034232 32.04186385134754 50.5
      vertex 60.84262843974041 32.830094362787975 50.5
      vertex 61.76672764182782 34.5589623693331 50.5
    endloop
  endfacet
  facet normal 0.8577286100002731 -0.5141027441932199 0
    outer loop
      vertex 61.347144960198506 33.67182932472402 45.5
      vertex 61.347144960198506 33.67182932472402 50.5
      vertex 60.84262843974041 32.830094362787975 50.5
    endloop
  endfacet
  facet normal 0.9039892931234444 -0.42755509343027986 0
    outer loop
      vertex 61.347144960198506 33.67182932472402 45.5
      vertex 61.76672764182782 34.5589623693331 50.5
      vertex 61.347144960198506 33.67182932472402 50.5
    endloop
  endfacet
  facet normal 0.9415440651830209 -0.33688985339221966 0
    outer loop
      vertex 62.09733567403704 35.482949920439374 45.5
      vertex 62.09733567403704 35.482949920439374 50.5
      vertex 61.76672764182782 34.5589623693331 50.5
    endloop
  endfacet
  facet normal 0 0 1
    outer loop
      vertex 60.84262843974041 32.830094362787975 50.5
      vertex 61.347144960198506 33.67182932472402 50.5
      vertex 61.76672764182782 34.5589623693331 50.5
    endloop
  endfacet
  facet normal 0 0 1
    outer loop
      vertex 54.54853758215588 38.544065341932594 50.5
      vertex 56.256775263293505 38.807214586692766 50.5
      vertex 56.95057662099946 47.267477258847606 50.5
    endloop
  endfacet
  facet normal 0.9700312531945434 -0.24298017990326629 -1.510615309963681e-19
    outer loop
      vertex 62.09733567403704 35.482949920439374 45.5
      vertex 62.33578512074726 36.43489347282272 45.5
      vertex 62.33578512074726 36.43489347282272 50.5
    endloop
  endfacet
  facet normal 0.9891765099647813 -0.1467304744553588 0
    outer loop
      vertex 62.33578512074726 36.43489347282272 45.5
      vertex 62.47977958343692 37.4056252896884 45.5
      vertex 62.33578512074726 36.43489347282272 50.5
    endloop
  endfacet
  facet normal 0.9987954562051724 -0.04906767432741744 2.4107553692136668e-20
    outer loop
      vertex 62.47977958343692 37.4056252896884 45.5
      vertex 62.52793231671495 38.385796692984 45.5
      vertex 62.52793231671495 38.385796692984 50.5
    endloop
  endfacet
  facet normal 0.9987954562051724 0.04906767432741708 -4.602291174016454e-19
    outer loop
      vertex 62.52793231671495 38.385796692984 45.5
      vertex 62.47977958343692 39.36596809627961 45.5
      vertex 62.47977958343692 39.36596809627961 50.5
    endloop
  endfacet
  facet normal 0.9891765099647813 0.14673047445535986 0
    outer loop
      vertex 62.47977958343692 39.36596809627961 45.5
      vertex 62.33578512074726 40.33669991314528 45.5
      vertex 62.47977958343692 39.36596809627961 50.5
    endloop
  endfacet
  facet normal 0.9700312531945431 0.24298017990326778 -6.925997013877009e-19
    outer loop
      vertex 62.33578512074726 40.33669991314528 45.5
      vertex 62.17819518686669 40.96583419526605 45.5
      vertex 62.17819518686669 40.96583419526605 50.5
    endloop
  endfacet
  facet normal 0.9700312531945434 -0.24298017990326629 0
    outer loop
      vertex 62.09733567403704 35.482949920439374 45.5
      vertex 62.33578512074726 36.43489347282272 50.5
      vertex 62.09733567403704 35.482949920439374 50.5
    endloop
  endfacet
  facet normal 0.9891765099647813 -0.1467304744553588 0
    outer loop
      vertex 62.47977958343692 37.4056252896884 45.5
      vertex 62.47977958343692 37.4056252896884 50.5
      vertex 62.33578512074726 36.43489347282272 50.5
    endloop
  endfacet
  facet normal 0.9987954562051724 -0.04906767432741744 0
    outer loop
      vertex 62.47977958343692 37.4056252896884 45.5
      vertex 62.52793231671495 38.385796692984 50.5
      vertex 62.47977958343692 37.4056252896884 50.5
    endloop
  endfacet
  facet normal 0 0 1
    outer loop
      vertex 61.76672764182782 34.5589623693331 50.5
      vertex 62.09733567403704 35.482949920439374 50.5
      vertex 62.33578512074726 36.43489347282272 50.5
    endloop
  endfacet
  facet normal 0 0 1
    outer loop
      vertex 61.76672764182782 34.5589623693331 50.5
      vertex 62.33578512074726 36.43489347282272 50.5
      vertex 62.52793231671495 38.385796692984 50.5
    endloop
  endfacet
  facet normal 0 0 1
    outer loop
      vertex 62.33578512074726 36.43489347282272 50.5
      vertex 62.47977958343692 37.4056252896884 50.5
      vertex 62.52793231671495 38.385796692984 50.5
    endloop
  endfacet
  facet normal 0 0 1
    outer loop
      vertex 61.76672764182782 34.5589623693331 50.5
      vertex 62.08364471262692 41.00995754378988 50.5
      vertex 56.256775263293505 38.807214586692766 50.5
    endloop
  endfacet
  facet normal 0 0 1
    outer loop
      vertex 61.76672764182782 34.5589623693331 50.5
      vertex 62.52793231671495 38.385796692984 50.5
      vertex 62.08364471262692 41.00995754378988 50.5
    endloop
  endfacet
  facet normal 0.9987954562051724 0.04906767432741708 0
    outer loop
      vertex 62.52793231671495 38.385796692984 45.5
      vertex 62.47977958343692 39.36596809627961 50.5
      vertex 62.52793231671495 38.385796692984 50.5
    endloop
  endfacet
  facet normal 0.9891765099647813 0.14673047445535986 0
    outer loop
      vertex 62.33578512074726 40.33669991314528 45.5
      vertex 62.33578512074726 40.33669991314528 50.5
      vertex 62.47977958343692 39.36596809627961 50.5
    endloop
  endfacet
  facet normal 0.9700312531945431 0.24298017990326778 0
    outer loop
      vertex 62.33578512074726 40.33669991314528 45.5
      vertex 62.17819518686669 40.96583419526605 50.5
      vertex 62.33578512074726 40.33669991314528 50.5
    endloop
  endfacet
  facet normal 0 0 1
    outer loop
      vertex 62.52793231671495 38.385796692984 50.5
      vertex 62.47977958343692 39.36596809627961 50.5
      vertex 62.08364471262692 41.00995754378988 50.5
    endloop
  endfacet
  facet normal 0 0 1
    outer loop
      vertex 62.47977958343692 39.36596809627961 50.5
      vertex 62.33578512074726 40.33669991314528 50.5
      vertex 62.15315018043084 41.008044993301546 50.5
    endloop
  endfacet
  facet normal 0 0 1
    outer loop
      vertex 62.47977958343692 39.36596809627961 50.5
      vertex 62.15315018043084 41.008044993301546 50.5
      vertex 62.08364471262692 41.00995754378988 50.5
    endloop
  endfacet
  facet normal 0 0 1
    outer loop
      vertex 62.33578512074726 40.33669991314528 50.5
      vertex 62.17819518686669 40.96583419526605 50.5
      vertex 62.15315018043084 41.008044993301546 50.5
    endloop
  endfacet
  facet normal 0 0 1
    outer loop
      vertex 56.256775263293505 38.807214586692766 50.5
      vertex 62.08364471262692 41.00995754378988 50.5
      vertex 62.0315169495991 41.38714814781374 50.5
    endloop
  endfacet
  facet normal 0 0 1
    outer loop
      vertex 56.256775263293505 38.807214586692766 50.5
      vertex 62.0315169495991 41.38714814781374 50.5
      vertex 62.0437160022244 41.40201273644651 50.5
    endloop
  endfacet
  facet normal 0 0 1
    outer loop
      vertex 56.256775263293505 38.807214586692766 50.5
      vertex 62.0437160022244 41.40201273644651 50.5
      vertex 61.657940352762495 42.416157719351425 50.5
    endloop
  endfacet
  facet normal 0 0 1
    outer loop
      vertex 62.17819518686669 40.96583419526605 50.5
      vertex 62.16472307355919 41.019617886429884 50.5
      vertex 62.15315018043084 41.008044993301546 50.5
    endloop
  endfacet
  facet normal 0 0 1
    outer loop
      vertex 62.15315018043084 41.008044993301546 50.5
      vertex 62.14221117435073 41.06303909057273 50.5
      vertex 62.08364471262692 41.00995754378988 50.5
    endloop
  endfacet
  facet normal 0 0 1
    outer loop
      vertex 49.05963198465407 43.36980951357661 50.5
      vertex 49.06732773077161 45.799183598052764 50.5
      vertex 47.90655837177789 43.007170637921064 50.5
    endloop
  endfacet
  facet normal 0 0 1
    outer loop
      vertex 49.06732773077161 45.799183598052764 50.5
      vertex 48.68892961319333 45.92701986126424 50.5
      vertex 47.90655837177789 43.007170637921064 50.5
    endloop
  endfacet
  facet normal 0 0 1
    outer loop
      vertex 49.05963198465407 43.36980951357661 50.5
      vertex 49.552058513041196 45.57326729899109 50.5
      vertex 49.06732773077161 45.799183598052764 50.5
    endloop
  endfacet
  facet normal 0 0 1
    outer loop
      vertex 50.064597748315435 46.46553812001296 50.5
      vertex 48.68892961319333 45.92701986126424 50.5
      vertex 49.06732773077161 45.799183598052764 50.5
    endloop
  endfacet
  facet normal 0 0 1
    outer loop
      vertex 50.064597748315435 46.46553812001296 50.5
      vertex 48.80320855856862 46.353514691640214 50.5
      vertex 48.68892961319333 45.92701986126424 50.5
    endloop
  endfacet
  facet normal 0 0 1
    outer loop
      vertex 48.65214423843413 46.81282364867939 50.5
      vertex 48.44243871871097 46.71428453149787 50.5
      vertex 48.80320855856862 46.353514691640214 50.5
    endloop
  endfacet
  facet normal 0 0 1
    outer loop
      vertex 50.064597748315435 46.46553812001296 50.5
      vertex 48.65214423843413 46.81282364867939 50.5
      vertex 48.80320855856862 46.353514691640214 50.5
    endloop
  endfacet
  facet normal 0 0 1
    outer loop
      vertex 56.256775263293505 38.807214586692766 50.5
      vertex 58.157187800065785 46.544262350192504 50.5
      vertex 56.95057662099946 47.267477258847606 50.5
    endloop
  endfacet
  facet normal 0 0 1
    outer loop
      vertex 58.157187800065785 46.544262350192504 50.5
      vertex 58.171386801565504 46.58394590094053 50.5
      vertex 56.95057662099946 47.267477258847606 50.5
    endloop
  endfacet
  facet normal 0.10920523129202715 -0.4359717216758264 -0.8933100667503253
    outer loop
      vertex 56.71215444762505 42.44118294781589 43.4049037464047
      vertex 56.74996380568393 42.659002870140846 43.30322085908438
      vertex 56.82656690030688 42.40647630973148 43.43582867621943
    endloop
  endfacet
  facet normal 0.15141207967766723 -0.4231684141925233 -0.8933100667503243
    outer loop
      vertex 57.286702396612355 42.291218367985806 43.568418240883815
      vertex 56.74996380568393 42.659002870140846 43.30322085908438
      vertex 56.844469302817224 43.19172907570176 43.06688228236587
    endloop
  endfacet
  facet normal 0.15141207967766607 -0.4231684141925247 -0.8933100667503238
    outer loop
      vertex 56.82656690030688 42.40647630973148 43.43582867621943
      vertex 56.74996380568393 42.659002870140846 43.30322085908438
      vertex 57.286702396612355 42.291218367985806 43.568418240883815
    endloop
  endfacet
  facet normal 0.15141207967768183 -0.4231684141925166 -0.893310066750325
    outer loop
      vertex 57.53001182309555 42.217411260371726 43.64462114678168
      vertex 57.286702396612355 42.291218367985806 43.568418240883815
      vertex 56.844469302817224 43.19172907570176 43.06688228236587
    endloop
  endfacet
  facet normal 0.1921607469658402 -0.40628976355312957 -0.8933100667503262
    outer loop
      vertex 58.06266690134893 42.08398810898957 43.81988376182131
      vertex 57.53001182309555 42.217411260371726 43.64462114678168
      vertex 56.88712318536285 43.76948172868157 42.80042568487076
    endloop
  endfacet
  facet normal 0.19216074696585778 -0.4062897635531208 -0.8933100667503265
    outer loop
      vertex 58.06266690134893 42.08398810898957 43.81988376182131
      vertex 56.9303470099143 44.32682511153177 42.556236128586995
      vertex 58.348768519789175 41.99720013186103 43.92089971448229
    endloop
  endfacet
  facet normal 0.2677316328988142 -0.36099431766700085 -0.8933100667503254
    outer loop
      vertex 60.12687213592585 41.53338062575811 44.608056879801595
      vertex 56.84906034331566 45.933464410412064 41.84756056516807
      vertex 60.570575925831164 41.39878455258632 44.795429623063015
    endloop
  endfacet
  facet normal 0.2310588012149793 -0.3854983203901492 -0.8933100667503252
    outer loop
      vertex 58.98584225314738 41.837621468974405 44.154546247077036
      vertex 56.92203121110269 44.66643789460397 42.39998672242834
      vertex 59.334458083893246 41.73187001286463 44.290353252014484
    endloop
  endfacet
  facet normal 0.23105880121497496 -0.38549832039015225 -0.8933100667503251
    outer loop
      vertex 58.348768519789175 41.99720013186103 43.92089971448229
      vertex 56.92203121110269 44.66643789460397 42.39998672242834
      vertex 58.98584225314738 41.837621468974405 44.154546247077036
    endloop
  endfacet
  facet normal 0.26773163289883023 -0.360994317666989 -0.8933100667503256
    outer loop
      vertex 60.12687213592585 41.53338062575811 44.608056879801595
      vertex 59.334458083893246 41.73187001286463 44.290353252014484
      vertex 56.906021359807404 45.45686450484948 42.05723034348702
    endloop
  endfacet
  facet normal 0.3018260626008534 -0.33301374232513964 -0.8933100667503258
    outer loop
      vertex 56.799862199276646 46.3613155243382 41.67144077365892
      vertex 62.187190579605634 40.97398714400921 45.5
      vertex 56.84906034331566 45.933464410412064 41.84756056516807
    endloop
  endfacet
  facet normal 0.30182606260086786 -0.3330137423251247 -0.8933100667503264
    outer loop
      vertex 62.187190579605634 40.97398714400921 45.5
      vertex 62.17819518686669 40.96583419526605 45.5
      vertex 56.84906034331566 45.933464410412064 41.84756056516807
    endloop
  endfacet
  facet normal 0.30182606260085604 -0.33301374232513653 -0.8933100667503258
    outer loop
      vertex 60.570575925831164 41.39878455258632 44.795429623063015
      vertex 56.84906034331566 45.933464410412064 41.84756056516807
      vertex 61.605685655549124 41.13950306292483 45.241822659603
    endloop
  endfacet
  facet normal 0.30182606260085937 -0.3330137423251335 -0.893310066750326
    outer loop
      vertex 61.605685655549124 41.13950306292483 45.241822659603
      vertex 56.84906034331566 45.933464410412064 41.84756056516807
      vertex 62.17819518686669 40.96583419526605 45.5
    endloop
  endfacet
  facet normal 0.33301374232513453 -0.3018260626008587 -0.8933100667503256
    outer loop
      vertex 56.799862199276646 46.3613155243382 41.67144077365892
      vertex 62.846227301367534 41.70112211423823 45.5
      vertex 62.187190579605634 40.97398714400921 45.5
    endloop
  endfacet
  facet normal 0.6715589548470421 -0.7409511253549377 8.001398417983452e-20
    outer loop
      vertex 62.187190579605634 40.97398714400921 45.5
      vertex 62.17819518686669 40.96583419526605 50.5
      vertex 62.17819518686669 40.96583419526605 45.5
    endloop
  endfacet
  facet normal 0.7409511253549577 -0.67155895484702 0
    outer loop
      vertex 62.187190579605634 40.97398714400921 45.5
      vertex 62.846227301367534 41.70112211423823 45.5
      vertex 62.187190579605634 40.97398714400921 50.5
    endloop
  endfacet
  facet normal 0.6715589548470421 -0.7409511253549377 0
    outer loop
      vertex 62.187190579605634 40.97398714400921 45.5
      vertex 62.187190579605634 40.97398714400921 50.5
      vertex 62.17819518686669 40.96583419526605 50.5
    endloop
  endfacet
  facet normal 0.7409511253549577 -0.67155895484702 4.2515124553918935e-18
    outer loop
      vertex 62.187190579605634 40.97398714400921 50.5
      vertex 62.846227301367534 41.70112211423823 45.5
      vertex 62.846227301367534 41.70112211423823 50.5
    endloop
  endfacet
  facet normal 0 0 1
    outer loop
      vertex 62.187190579605634 40.97398714400921 50.5
      vertex 62.16472307355919 41.019617886429884 50.5
      vertex 62.17819518686669 40.96583419526605 50.5
    endloop
  endfacet
  facet normal 0 0 1
    outer loop
      vertex 62.15315018043084 41.008044993301546 50.5
      vertex 62.16472307355919 41.019617886429884 50.5
      vertex 62.14221117435073 41.06303909057273 50.5
    endloop
  endfacet
  facet normal 0 0 1
    outer loop
      vertex 62.08364471262692 41.00995754378988 50.5
      vertex 62.14221117435073 41.06303909057273 50.5
      vertex 62.0315169495991 41.38714814781374 50.5
    endloop
  endfacet
  facet normal 0 0 1
    outer loop
      vertex 62.187190579605634 40.97398714400921 50.5
      vertex 62.846227301367534 41.70112211423823 50.5
      vertex 62.16472307355919 41.019617886429884 50.5
    endloop
  endfacet
  facet normal 0 0 1
    outer loop
      vertex 62.16472307355919 41.019617886429884 50.5
      vertex 62.846227301367534 41.70112211423823 50.5
      vertex 62.14221117435073 41.06303909057273 50.5
    endloop
  endfacet
  facet normal 0 0 1
    outer loop
      vertex 62.14221117435073 41.06303909057273 50.5
      vertex 62.846227301367534 41.70112211423823 50.5
      vertex 62.0315169495991 41.38714814781374 50.5
    endloop
  endfacet
  facet normal 0 0 1
    outer loop
      vertex 62.0315169495991 41.38714814781374 50.5
      vertex 62.846227301367534 41.70112211423823 50.5
      vertex 62.0437160022244 41.40201273644651 50.5
    endloop
  endfacet
  facet normal 0 0 1
    outer loop
      vertex 56.256775263293505 38.807214586692766 50.5
      vertex 61.657940352762495 42.416157719351425 50.5
      vertex 58.157187800065785 46.544262350192504 50.5
    endloop
  endfacet
  facet normal 0.19216074696584048 -0.4062897635531293 -0.8933100667503264
    outer loop
      vertex 58.06266690134893 42.08398810898957 43.81988376182131
      vertex 56.88712318536285 43.76948172868157 42.80042568487076
      vertex 56.9303470099143 44.32682511153177 42.556236128586995
    endloop
  endfacet
  facet normal 0.15141207967769493 -0.4231684141925083 -0.8933100667503266
    outer loop
      vertex 57.53001182309555 42.217411260371726 43.64462114678168
      vertex 56.844469302817224 43.19172907570176 43.06688228236587
      vertex 56.88712318536285 43.76948172868157 42.80042568487076
    endloop
  endfacet
  facet normal 0.26773163289882057 -0.360994317666995 -0.8933100667503259
    outer loop
      vertex 59.334458083893246 41.73187001286463 44.290353252014484
      vertex 56.907535983597924 45.36401561370685 42.09520532671792
      vertex 56.906021359807404 45.45686450484948 42.05723034348702
    endloop
  endfacet
  facet normal 0.26773163289882845 -0.3609943176669902 -0.8933100667503255
    outer loop
      vertex 60.12687213592585 41.53338062575811 44.608056879801595
      vertex 56.906021359807404 45.45686450484948 42.05723034348702
      vertex 56.84906034331566 45.933464410412064 41.84756056516807
    endloop
  endfacet
  facet normal 0.19216074696581004 -0.40628976355314844 -0.8933100667503242
    outer loop
      vertex 58.348768519789175 41.99720013186103 43.92089971448229
      vertex 56.9303470099143 44.32682511153177 42.556236128586995
      vertex 56.92203121110269 44.66643789460397 42.39998672242834
    endloop
  endfacet
  facet normal 0.23105880121498956 -0.3854983203901412 -0.893310066750326
    outer loop
      vertex 59.334458083893246 41.73187001286463 44.290353252014484
      vertex 56.92203121110269 44.66643789460397 42.39998672242834
      vertex 56.907535983597924 45.36401561370685 42.09520532671792
    endloop
  endfacet
  facet normal 0.3330137423251511 -0.30182606260083783 -0.8933100667503268
    outer loop
      vertex 56.799862199276646 46.3613155243382 41.67144077365892
      vertex 56.77676783195099 46.57177766940314 41.59172186651587
      vertex 62.846227301367534 41.70112211423823 45.5
    endloop
  endfacet
  facet normal 0.33301374232511555 -0.301826062600881 -0.8933100667503252
    outer loop
      vertex 56.77676783195099 46.57177766940314 41.59172186651587
      vertex 56.7477900372558 46.705980234093886 41.535575812179125
      vertex 62.846227301367534 41.70112211423823 45.5
    endloop
  endfacet
  facet normal 0 0 1
    outer loop
      vertex 54.54853758215588 38.544065341932594 50.5
      vertex 56.95057662099946 47.267477258847606 50.5
      vertex 49.05963198465407 43.36980951357661 50.5
    endloop
  endfacet
  facet normal 0 0 1
    outer loop
      vertex 49.05963198465407 43.36980951357661 50.5
      vertex 52.444070295508 46.45054948215575 50.5
      vertex 49.552058513041196 45.57326729899109 50.5
    endloop
  endfacet
  facet normal 0 0 1
    outer loop
      vertex 49.939394933909526 50.410448333791265 50.5
      vertex 48.37613727323892 46.78058597696992 50.5
      vertex 48.44243871871097 46.71428453149787 50.5
    endloop
  endfacet
  facet normal 0 0 1
    outer loop
      vertex 48.65214423843413 46.81282364867939 50.5
      vertex 49.939394933909526 50.410448333791265 50.5
      vertex 48.44243871871097 46.71428453149787 50.5
    endloop
  endfacet
  facet normal 0 0 1
    outer loop
      vertex 49.05963198465407 43.36980951357661 50.5
      vertex 56.95057662099946 47.267477258847606 50.5
      vertex 52.444070295508 46.45054948215575 50.5
    endloop
  endfacet
  facet normal 0 0 1
    outer loop
      vertex 50.064597748315435 46.46553812001296 50.5
      vertex 52.444070295508 46.45054948215575 50.5
      vertex 52.32078689139931 47.97307550852705 50.5
    endloop
  endfacet
  facet normal 0 0 1
    outer loop
      vertex 52.444070295508 46.45054948215575 50.5
      vertex 56.95057662099946 47.267477258847606 50.5
      vertex 52.32078689139931 47.97307550852705 50.5
    endloop
  endfacet
  facet normal 0 0 1
    outer loop
      vertex 52.32078689139931 47.97307550852705 50.5
      vertex 56.95057662099946 47.267477258847606 50.5
      vertex 49.939394933909526 50.410448333791265 50.5
    endloop
  endfacet
  facet normal 0 0 1
    outer loop
      vertex 56.95057662099946 47.267477258847606 50.5
      vertex 50.37795584485582 56.84440753813052 50.5
      vertex 49.939394933909526 50.410448333791265 50.5
    endloop
  endfacet
  facet normal 0.36099431766699236 -0.26773163289882457 -0.8933100667503259
    outer loop
      vertex 56.7477900372558 46.705980234093886 41.535575812179125
      vertex 63.430818890765615 42.48935262567866 45.5
      vertex 62.846227301367534 41.70112211423823 45.5
    endloop
  endfacet
  facet normal 0.3854983203901489 -0.2310588012149781 -0.8933100667503256
    outer loop
      vertex 56.686839140178776 46.9955358295811 41.42416307476495
      vertex 63.93533541122371 43.33108758761471 45.5
      vertex 63.430818890765615 42.48935262567866 45.5
    endloop
  endfacet
  facet normal 0.4062897635531299 -0.19216074696584257 -0.8933100667503256
    outer loop
      vertex 56.638668480060446 47.231237317645366 41.342410260638395
      vertex 64.35491809285303 44.21822063222379 45.5
      vertex 63.93533541122371 43.33108758761471 45.5
    endloop
  endfacet
  facet normal 0.4231684141925153 -0.15141207967768033 -0.893310066750326
    outer loop
      vertex 56.599248210636965 47.430724282726224 41.281569553490804
      vertex 64.68552612506225 45.142208183330055 45.5
      vertex 64.35491809285303 44.21822063222379 45.5
    endloop
  endfacet
  facet normal 0.4359717216758436 -0.10920523129195331 -0.8933100667503259
    outer loop
      vertex 56.566043755546644 47.60522623273091 41.23626302301595
      vertex 64.92397557177247 46.0941517357134 45.5
      vertex 64.68552612506225 45.142208183330055 45.5
    endloop
  endfacet
  facet normal 0.4445763831530486 -0.06594667683122672 -0.8933100667503258
    outer loop
      vertex 56.525747428267294 47.76466317753248 41.19710594988234
      vertex 65.06797003446212 47.064883552579076 45.5
      vertex 64.92397557177247 46.0941517357134 45.5
    endloop
  endfacet
  facet normal 0.4488995310303143 -0.022053019822516635 -0.8933100667503258
    outer loop
      vertex 56.48407304428431 47.91032361341503 41.16561266480623
      vertex 65.11612276774017 48.04505495587468 45.5
      vertex 65.06797003446212 47.064883552579076 45.5
    endloop
  endfacet
  facet normal 0.8032075314806459 -0.5956993044924322 -7.338047416214173e-19
    outer loop
      vertex 62.846227301367534 41.70112211423823 45.5
      vertex 63.430818890765615 42.48935262567866 45.5
      vertex 63.430818890765615 42.48935262567866 50.5
    endloop
  endfacet
  facet normal 0.8577286100002731 -0.5141027441932199 0
    outer loop
      vertex 63.430818890765615 42.48935262567866 45.5
      vertex 63.93533541122371 43.33108758761471 45.5
      vertex 63.430818890765615 42.48935262567866 50.5
    endloop
  endfacet
  facet normal 0.9039892931234444 -0.42755509343027986 1.5572093691675154e-18
    outer loop
      vertex 63.93533541122371 43.33108758761471 45.5
      vertex 64.35491809285303 44.21822063222379 45.5
      vertex 64.35491809285303 44.21822063222379 50.5
    endloop
  endfacet
  facet normal 0.9415440651830178 -0.3368898533922284 0
    outer loop
      vertex 64.35491809285303 44.21822063222379 45.5
      vertex 64.68552612506225 45.142208183330055 45.5
      vertex 64.35491809285303 44.21822063222379 50.5
    endloop
  endfacet
  facet normal 0.9700312531945434 -0.24298017990326629 -1.510615309963681e-19
    outer loop
      vertex 64.68552612506225 45.142208183330055 45.5
      vertex 64.92397557177247 46.0941517357134 45.5
      vertex 64.92397557177247 46.0941517357134 50.5
    endloop
  endfacet
  facet normal 0.8032075314806459 -0.5956993044924322 0
    outer loop
      vertex 62.846227301367534 41.70112211423823 45.5
      vertex 63.430818890765615 42.48935262567866 50.5
      vertex 62.846227301367534 41.70112211423823 50.5
    endloop
  endfacet
  facet normal 0.8577286100002731 -0.5141027441932199 0
    outer loop
      vertex 63.93533541122371 43.33108758761471 45.5
      vertex 63.93533541122371 43.33108758761471 50.5
      vertex 63.430818890765615 42.48935262567866 50.5
    endloop
  endfacet
  facet normal 0 0 1
    outer loop
      vertex 62.0437160022244 41.40201273644651 50.5
      vertex 62.846227301367534 41.70112211423823 50.5
      vertex 64.35491809285303 44.21822063222379 50.5
    endloop
  endfacet
  facet normal 0 0 1
    outer loop
      vertex 62.0437160022244 41.40201273644651 50.5
      vertex 64.35491809285303 44.21822063222379 50.5
      vertex 61.657940352762495 42.416157719351425 50.5
    endloop
  endfacet
  facet normal 0 0 1
    outer loop
      vertex 62.846227301367534 41.70112211423823 50.5
      vertex 63.430818890765615 42.48935262567866 50.5
      vertex 64.35491809285303 44.21822063222379 50.5
    endloop
  endfacet
  facet normal 0 0 1
    outer loop
      vertex 63.430818890765615 42.48935262567866 50.5
      vertex 63.93533541122371 43.33108758761471 50.5
      vertex 64.35491809285303 44.21822063222379 50.5
    endloop
  endfacet
  facet normal 0 0 1
    outer loop
      vertex 61.657940352762495 42.416157719351425 50.5
      vertex 64.35491809285303 44.21822063222379 50.5
      vertex 58.157187800065785 46.544262350192504 50.5
    endloop
  endfacet
  facet normal 0 0 1
    outer loop
      vertex 64.35491809285303 44.21822063222379 50.5
      vertex 58.171386801565504 46.58394590094053 50.5
      vertex 58.157187800065785 46.544262350192504 50.5
    endloop
  endfacet
  facet normal 0.9039892931234444 -0.42755509343027986 0
    outer loop
      vertex 63.93533541122371 43.33108758761471 45.5
      vertex 64.35491809285303 44.21822063222379 50.5
      vertex 63.93533541122371 43.33108758761471 50.5
    endloop
  endfacet
  facet normal 0.9415440651830178 -0.3368898533922284 0
    outer loop
      vertex 64.68552612506225 45.142208183330055 45.5
      vertex 64.68552612506225 45.142208183330055 50.5
      vertex 64.35491809285303 44.21822063222379 50.5
    endloop
  endfacet
  facet normal 0.9700312531945434 -0.24298017990326629 0
    outer loop
      vertex 64.68552612506225 45.142208183330055 45.5
      vertex 64.92397557177247 46.0941517357134 50.5
      vertex 64.68552612506225 45.142208183330055 50.5
    endloop
  endfacet
  facet normal 0 0 1
    outer loop
      vertex 64.35491809285303 44.21822063222379 50.5
      vertex 64.68552612506225 45.142208183330055 50.5
      vertex 64.92397557177247 46.0941517357134 50.5
    endloop
  endfacet
  facet normal 0.9891765099647832 -0.14673047445534568 0
    outer loop
      vertex 64.92397557177247 46.0941517357134 45.5
      vertex 65.06797003446212 47.064883552579076 45.5
      vertex 64.92397557177247 46.0941517357134 50.5
    endloop
  endfacet
  facet normal 0.9987954562051717 -0.049067674327431525 -4.009388254636187e-19
    outer loop
      vertex 65.06797003446212 47.064883552579076 45.5
      vertex 65.11612276774017 48.04505495587468 45.5
      vertex 65.11612276774017 48.04505495587468 50.5
    endloop
  endfacet
  facet normal 0.9987954562051717 0.049067674327431525 4.009388254636187e-19
    outer loop
      vertex 65.11612276774017 48.04505495587468 45.5
      vertex 65.06797003446212 49.02522635917029 45.5
      vertex 65.06797003446212 49.02522635917029 50.5
    endloop
  endfacet
  facet normal 0.9891765099647836 0.14673047445534462 0
    outer loop
      vertex 65.06797003446212 49.02522635917029 45.5
      vertex 64.92397557177247 49.99595817603597 45.5
      vertex 65.06797003446212 49.02522635917029 50.5
    endloop
  endfacet
  facet normal 0.9891765099647832 -0.14673047445534568 0
    outer loop
      vertex 65.06797003446212 47.064883552579076 45.5
      vertex 65.06797003446212 47.064883552579076 50.5
      vertex 64.92397557177247 46.0941517357134 50.5
    endloop
  endfacet
  facet normal 0.9987954562051717 -0.049067674327431525 0
    outer loop
      vertex 65.06797003446212 47.064883552579076 45.5
      vertex 65.11612276774017 48.04505495587468 50.5
      vertex 65.06797003446212 47.064883552579076 50.5
    endloop
  endfacet
  facet normal 0 0 1
    outer loop
      vertex 64.35491809285303 44.21822063222379 50.5
      vertex 64.92397557177247 46.0941517357134 50.5
      vertex 65.11612276774017 48.04505495587468 50.5
    endloop
  endfacet
  facet normal 0 0 1
    outer loop
      vertex 64.92397557177247 46.0941517357134 50.5
      vertex 65.06797003446212 47.064883552579076 50.5
      vertex 65.11612276774017 48.04505495587468 50.5
    endloop
  endfacet
  facet normal 0.9987954562051717 0.049067674327431525 0
    outer loop
      vertex 65.11612276774017 48.04505495587468 45.5
      vertex 65.06797003446212 49.02522635917029 50.5
      vertex 65.11612276774017 48.04505495587468 50.5
    endloop
  endfacet
  facet normal 0 0 1
    outer loop
      vertex 64.35491809285303 44.21822063222379 50.5
      vertex 65.11612276774017 48.04505495587468 50.5
      vertex 64.68552612506224 50.94790172841931 50.5
    endloop
  endfacet
  facet normal 0.9891765099647836 0.14673047445534462 0
    outer loop
      vertex 64.92397557177247 49.99595817603597 45.5
      vertex 64.92397557177247 49.99595817603597 50.5
      vertex 65.06797003446212 49.02522635917029 50.5
    endloop
  endfacet
  facet normal 0.9700312531945395 0.24298017990328158 0
    outer loop
      vertex 64.92397557177247 49.99595817603597 45.5
      vertex 64.68552612506224 50.94790172841931 50.5
      vertex 64.92397557177247 49.99595817603597 50.5
    endloop
  endfacet
  facet normal 0 0 1
    outer loop
      vertex 65.11612276774017 48.04505495587468 50.5
      vertex 65.06797003446212 49.02522635917029 50.5
      vertex 64.68552612506224 50.94790172841931 50.5
    endloop
  endfacet
  facet normal 0 0 1
    outer loop
      vertex 65.06797003446212 49.02522635917029 50.5
      vertex 64.92397557177247 49.99595817603597 50.5
      vertex 64.68552612506224 50.94790172841931 50.5
    endloop
  endfacet
  facet normal 0.3609943176669885 -0.26773163289883045 -0.8933100667503255
    outer loop
      vertex 56.7477900372558 46.705980234093886 41.535575812179125
      vertex 56.686839140178776 46.9955358295811 41.42416307476495
      vertex 63.430818890765615 42.48935262567866 45.5
    endloop
  endfacet
  facet normal 0.3854983203901462 -0.23105880121498296 -0.8933100667503258
    outer loop
      vertex 56.686839140178776 46.9955358295811 41.42416307476495
      vertex 56.638668480060446 47.231237317645366 41.342410260638395
      vertex 63.93533541122371 43.33108758761471 45.5
    endloop
  endfacet
  facet normal 0.4062897635531338 -0.19216074696583277 -0.893310066750326
    outer loop
      vertex 56.638668480060446 47.231237317645366 41.342410260638395
      vertex 56.599248210636965 47.430724282726224 41.281569553490804
      vertex 64.35491809285303 44.21822063222379 45.5
    endloop
  endfacet
  facet normal 0.42316841419251544 -0.15141207967767983 -0.8933100667503259
    outer loop
      vertex 56.599248210636965 47.430724282726224 41.281569553490804
      vertex 56.566043755546644 47.60522623273091 41.23626302301595
      vertex 64.68552612506225 45.142208183330055 45.5
    endloop
  endfacet
  facet normal 0.4359717216758608 -0.10920523129186484 -0.8933100667503283
    outer loop
      vertex 56.566043755546644 47.60522623273091 41.23626302301595
      vertex 56.555233832662665 47.664467421898586 41.223745232304545
      vertex 64.92397557177247 46.0941517357134 45.5
    endloop
  endfacet
  facet normal 0.4359717216758293 -0.10920523129202225 -0.8933100667503244
    outer loop
      vertex 56.555233832662665 47.664467421898586 41.223745232304545
      vertex 56.525747428267294 47.76466317753248 41.19710594988234
      vertex 64.92397557177247 46.0941517357134 45.5
    endloop
  endfacet
  facet normal 0.4445763831530505 -0.06594667683120674 -0.8933100667503263
    outer loop
      vertex 56.525747428267294 47.76466317753248 41.19710594988234
      vertex 56.48407304428431 47.91032361341503 41.16561266480623
      vertex 65.06797003446212 47.064883552579076 45.5
    endloop
  endfacet
  facet normal 0.44889953103031427 -0.022053019822508617 -0.8933100667503261
    outer loop
      vertex 56.48407304428431 47.91032361341503 41.16561266480623
      vertex 56.446681109698254 48.04505495587468 41.1434966542503
      vertex 65.11612276774017 48.04505495587468 45.5
    endloop
  endfacet
  facet normal 0.44889953103031666 0.022053019822491422 -0.8933100667503252
    outer loop
      vertex 56.446681109698254 48.04505495587468 41.1434966542503
      vertex 56.412381031790275 48.1727252514143 41.12941221280357
      vertex 65.06797003446212 49.02522635917029 45.5
    endloop
  endfacet
  facet normal 0.44457638315304643 0.0659466768312375 -0.893310066750326
    outer loop
      vertex 56.412381031790275 48.1727252514143 41.12941221280357
      vertex 56.38024659245235 48.29650481850921 41.12255752490303
      vertex 64.92397557177247 49.99595817603597 45.5
    endloop
  endfacet
  facet normal 0.435971721675839 0.10920523129197049 -0.8933100667503262
    outer loop
      vertex 56.38024659245235 48.29650481850921 41.12255752490303
      vertex 56.34951309424447 48.419199821013144 41.12255752490303
      vertex 64.68552612506224 50.94790172841931 45.5
    endloop
  endfacet
  facet normal 0.42316841419252854 0.15141207967763914 -0.8933100667503265
    outer loop
      vertex 56.34951309424447 48.419199821013144 41.12255752490303
      vertex 56.31950385560023 48.543511723169615 41.12941221280357
      vertex 64.68552612506224 50.94790172841931 45.5
    endloop
  endfacet
  facet normal 0.40628976355311336 0.19216074696587304 -0.8933100667503265
    outer loop
      vertex 56.31950385560023 48.543511723169615 41.12941221280357
      vertex 56.289570462969095 48.672275816430336 41.1434966542503
      vertex 63.93533541122371 52.75902232413466 45.5
    endloop
  endfacet
  facet normal 0.38549832039013576 0.2310588012150009 -0.8933100667503253
    outer loop
      vertex 56.289570462969095 48.672275816430336 41.1434966542503
      vertex 56.27476426082232 48.73843851942052 41.15422048815264
      vertex 63.93533541122371 52.75902232413466 45.5
    endloop
  endfacet
  facet normal 0.38549832039015247 0.23105880121497194 -0.8933100667503259
    outer loop
      vertex 56.27476426082232 48.73843851942052 41.15422048815264
      vertex 56.25244818661164 48.8043233264893 41.16163163872632
      vertex 63.430818890765615 53.6007572860707 45.5
    endloop
  endfacet
  facet normal 0.36099431766700507 0.2677316328988057 -0.8933100667503264
    outer loop
      vertex 56.25244818661164 48.8043233264893 41.16163163872632
      vertex 56.2074987550511 48.94072408148046 41.18434749992837
      vertex 63.430818890765615 53.6007572860707 45.5
    endloop
  endfacet
  facet normal 0.3330137423251376 0.30182606260085465 -0.8933100667503261
    outer loop
      vertex 56.2074987550511 48.94072408148046 41.18434749992837
      vertex 56.15997006127972 49.08890224941425 41.21669497465834
      vertex 62.846227301367534 54.38898779751114 45.5
    endloop
  endfacet
  facet normal 0.4488995310303142 0.022053019822516496 -0.8933100667503259
    outer loop
      vertex 56.446681109698254 48.04505495587468 41.1434966542503
      vertex 65.06797003446212 49.02522635917029 45.5
      vertex 65.11612276774017 48.04505495587468 45.5
    endloop
  endfacet
  facet normal 0.30182606260083733 0.33301374232515163 -0.8933100667503265
    outer loop
      vertex 56.15997006127972 49.08890224941425 41.21669497465834
      vertex 56.1083556330667 49.25409420047934 41.26083710587678
      vertex 61.46005560937662 55.77515948950206 45.5
    endloop
  endfacet
  facet normal 0.26773163289883356 0.3609943176669859 -0.8933100667503256
    outer loop
      vertex 56.1083556330667 49.25409420047934 41.26083710587678
      vertex 56.050607019180475 49.44360947170041 41.32011417808213
      vertex 60.671825097936186 56.35975107890014 45.5
    endloop
  endfacet
  facet normal 0.2310588012149628 0.38549832039015836 -0.8933100667503256
    outer loop
      vertex 56.050607019180475 49.44360947170041 41.32011417808213
      vertex 55.98374456166749 49.66826116351338 41.39976590622879
      vertex 60.671825097936186 56.35975107890014 45.5
    endloop
  endfacet
  facet normal 0.19216074696585897 0.4062897635531204 -0.8933100667503264
    outer loop
      vertex 55.98374456166749 49.66826116351338 41.39976590622879
      vertex 55.945025965225845 49.80120322609618 41.451901000741664
      vertex 59.83009013600014 56.864267599358236 45.5
    endloop
  endfacet
  facet normal 0.19216074696582686 0.40628976355313573 -0.8933100667503263
    outer loop
      vertex 55.945025965225845 49.80120322609618 41.451901000741664
      vertex 55.89466300494645 49.924617355391284 41.49719782974856
      vertex 58.94295709139106 57.28385028098755 45.5
    endloop
  endfacet
  facet normal 0.1514120796776794 0.4231684141925155 -0.8933100667503259
    outer loop
      vertex 55.89466300494645 49.924617355391284 41.49719782974856
      vertex 55.77599577064606 50.2203647204609 41.617182250312645
      vertex 58.018969540284786 57.61445831319677 45.5
    endloop
  endfacet
  facet normal 0.06594667683124657 0.4445763831530465 -0.8933100667503253
    outer loop
      vertex 55.62487512606593 50.602725778597986 41.78531585751561
      vertex 55.53157510922399 50.84190951436919 41.89746349564043
      vertex 55.88864939102229 55.88864939102229 44.43545036910176
    endloop
  endfacet
  facet normal 0.0659466768312017 0.4445763831530504 -0.8933100667503266
    outer loop
      vertex 55.53157510922399 50.84190951436919 41.89746349564043
      vertex 55.41410964788612 51.07056652326859 42.002588303561865
      vertex 55.88864939102229 55.88864939102229 44.43545036910176
    endloop
  endfacet
  facet normal 0.022053019822512513 0.44889953103031494 -0.8933100667503256
    outer loop
      vertex 55.41410964788612 51.07056652326859 42.002588303561865
      vertex 55.11612276774016 51.65705267089958 42.289948600515025
      vertex 55.11612276774016 55.11612276774016 44.0281747798319
    endloop
  endfacet
  facet normal 0.10920523129197049 0.43597172167584025 -0.8933100667503255
    outer loop
      vertex 55.77599577064606 50.2203647204609 41.617182250312645
      vertex 55.62487512606593 50.602725778597986 41.78531585751561
      vertex 56.87188927952558 56.87188927952558 44.997367955459374
    endloop
  endfacet
  facet normal -0.02205301982250745 0.4488995310303152 -0.8933100667503258
    outer loop
      vertex 55.02046665887765 51.8470591657301 42.387790700072884
      vertex 54.69080969652354 52.3633310360143 42.65536199572576
      vertex 54.48212655266203 54.48212655266203 43.72523509226126
    endloop
  endfacet
  facet normal -0.02205301982250423 0.44889953103031505 -0.8933100667503258
    outer loop
      vertex 55.11612276774016 51.65705267089958 42.289948600515025
      vertex 55.02046665887765 51.8470591657301 42.387790700072884
      vertex 55.11612276774016 55.11612276774016 44.0281747798319
    endloop
  endfacet
  facet normal -0.06594667683122397 0.4445763831530487 -0.8933100667503259
    outer loop
      vertex 54.69080969652354 52.3633310360143 42.65536199572576
      vertex 54.41091839439189 52.80526662393381 42.895963814190985
      vertex 54.48212655266203 54.48212655266203 43.72523509226126
    endloop
  endfacet
  facet normal -0.06594667683122578 0.44457638315305154 -0.8933100667503243
    outer loop
      vertex 54.41091839439189 52.80526662393381 42.895963814190985
      vertex 54.0874481759074 53.216551355941974 43.124528645334046
      vertex 53.94295709139106 53.94295709139106 43.49670797454797
    endloop
  endfacet
  facet normal -0.10920523129195434 0.43597172167584625 -0.8933100667503244
    outer loop
      vertex 54.0874481759074 53.216551355941974 43.124528645334046
      vertex 53.705679590369535 53.705679590369535 43.409913546564056
      vertex 53.94295709139106 53.94295709139106 43.49670797454797
    endloop
  endfacet
  facet normal -0.06594667683123367 0.4445763831530487 -0.8933100667503252
    outer loop
      vertex 54.41091839439189 52.80526662393381 42.895963814190985
      vertex 53.94295709139106 53.94295709139106 43.49670797454797
      vertex 54.48212655266203 54.48212655266203 43.72523509226126
    endloop
  endfacet
  facet normal -0.022053019822507847 0.44889953103031516 -0.8933100667503256
    outer loop
      vertex 55.02046665887765 51.8470591657301 42.387790700072884
      vertex 54.48212655266203 54.48212655266203 43.72523509226126
      vertex 55.11612276774016 55.11612276774016 44.0281747798319
    endloop
  endfacet
  facet normal 0.02205301982250463 0.4488995310303146 -0.893310066750326
    outer loop
      vertex 55.41410964788612 51.07056652326859 42.002588303561865
      vertex 55.11612276774016 55.11612276774016 44.0281747798319
      vertex 55.88864939102229 55.88864939102229 44.43545036910176
    endloop
  endfacet
  facet normal 0.06594667683123365 0.4445763831530473 -0.8933100667503259
    outer loop
      vertex 55.62487512606593 50.602725778597986 41.78531585751561
      vertex 55.88864939102229 55.88864939102229 44.43545036910176
      vertex 56.87188927952558 56.87188927952558 44.997367955459374
    endloop
  endfacet
  facet normal 0.4445763831530486 0.06594667683122656 -0.8933100667503258
    outer loop
      vertex 56.412381031790275 48.1727252514143 41.12941221280357
      vertex 64.92397557177247 49.99595817603597 45.5
      vertex 65.06797003446212 49.02522635917029 45.5
    endloop
  endfacet
  facet normal 0.435971721675842 0.10920523129196008 -0.8933100667503258
    outer loop
      vertex 56.38024659245235 48.29650481850921 41.12255752490303
      vertex 64.68552612506224 50.94790172841931 45.5
      vertex 64.92397557177247 49.99595817603597 45.5
    endloop
  endfacet
  facet normal 0.4231684141925181 0.1514120796776741 -0.8933100667503254
    outer loop
      vertex 56.31950385560023 48.543511723169615 41.12941221280357
      vertex 64.35491809285303 51.87188927952558 45.5
      vertex 64.68552612506224 50.94790172841931 45.5
    endloop
  endfacet
  facet normal 0.40628976355312996 0.1921607469658423 -0.8933100667503255
    outer loop
      vertex 56.31950385560023 48.543511723169615 41.12941221280357
      vertex 63.93533541122371 52.75902232413466 45.5
      vertex 64.35491809285303 51.87188927952558 45.5
    endloop
  endfacet
  facet normal 0.38549832039014753 0.23105880121497913 -0.893310066750326
    outer loop
      vertex 56.27476426082232 48.73843851942052 41.15422048815264
      vertex 63.430818890765615 53.6007572860707 45.5
      vertex 63.93533541122371 52.75902232413466 45.5
    endloop
  endfacet
  facet normal 0.3609943176669936 0.26773163289882296 -0.8933100667503259
    outer loop
      vertex 56.2074987550511 48.94072408148046 41.18434749992837
      vertex 62.846227301367534 54.38898779751114 45.5
      vertex 63.430818890765615 53.6007572860707 45.5
    endloop
  endfacet
  facet normal 0.3330137423251331 0.3018260626008602 -0.8933100667503258
    outer loop
      vertex 56.15997006127972 49.08890224941425 41.21669497465834
      vertex 62.187190579605634 55.11612276774016 45.5
      vertex 62.846227301367534 54.38898779751114 45.5
    endloop
  endfacet
  facet normal 0.3018260626008602 0.3330137423251331 -0.8933100667503258
    outer loop
      vertex 56.15997006127972 49.08890224941425 41.21669497465834
      vertex 61.46005560937662 55.77515948950206 45.5
      vertex 62.187190579605634 55.11612276774016 45.5
    endloop
  endfacet
  facet normal 0.26773163289882446 0.3609943176669921 -0.893310066750326
    outer loop
      vertex 56.1083556330667 49.25409420047934 41.26083710587678
      vertex 60.671825097936186 56.35975107890014 45.5
      vertex 61.46005560937662 55.77515948950206 45.5
    endloop
  endfacet
  facet normal 0.2310588012149777 0.38549832039014814 -0.8933100667503262
    outer loop
      vertex 55.98374456166749 49.66826116351338 41.39976590622879
      vertex 59.83009013600014 56.864267599358236 45.5
      vertex 60.671825097936186 56.35975107890014 45.5
    endloop
  endfacet
  facet normal 0.19216074696584212 0.4062897635531294 -0.893310066750326
    outer loop
      vertex 55.945025965225845 49.80120322609618 41.451901000741664
      vertex 58.94295709139106 57.28385028098755 45.5
      vertex 59.83009013600014 56.864267599358236 45.5
    endloop
  endfacet
  facet normal 0.10920523129195081 0.4359717216758438 -0.8933100667503261
    outer loop
      vertex 55.77599577064606 50.2203647204609 41.617182250312645
      vertex 56.87188927952558 56.87188927952558 44.997367955459374
      vertex 57.69548657727482 57.69548657727482 45.5
    endloop
  endfacet
  facet normal 0.10920523129196132 0.43597172167584103 -0.8933100667503261
    outer loop
      vertex 55.77599577064606 50.2203647204609 41.617182250312645
      vertex 57.69548657727482 57.69548657727482 45.5
      vertex 58.018969540284786 57.61445831319677 45.5
    endloop
  endfacet
  facet normal 0.1514120796776766 0.42316841419251644 -0.8933100667503259
    outer loop
      vertex 55.89466300494645 49.924617355391284 41.49719782974856
      vertex 58.018969540284786 57.61445831319677 45.5
      vertex 58.94295709139106 57.28385028098755 45.5
    endloop
  endfacet
  facet normal 0 0 1
    outer loop
      vertex 64.35491809285303 44.21822063222379 50.5
      vertex 61.46005560937662 55.77515948950206 50.5
      vertex 58.171386801565504 46.58394590094053 50.5
    endloop
  endfacet
  facet normal 0 0 1
    outer loop
      vertex 58.171386801565504 46.58394590094053 50.5
      vertex 61.46005560937662 55.77515948950206 50.5
      vertex 56.95057662099946 47.267477258847606 50.5
    endloop
  endfacet
  facet normal 0 0 1
    outer loop
      vertex 56.95057662099946 47.267477258847606 50.5
      vertex 58.94295709139106 57.28385028098755 50.5
      vertex 50.37795584485582 56.84440753813052 50.5
    endloop
  endfacet
  facet normal 0.9700312531945395 0.24298017990328158 -1.840287317169389e-18
    outer loop
      vertex 64.92397557177247 49.99595817603597 45.5
      vertex 64.68552612506224 50.94790172841931 45.5
      vertex 64.68552612506224 50.94790172841931 50.5
    endloop
  endfacet
  facet normal 0.9415440651830232 0.3368898533922133 0
    outer loop
      vertex 64.68552612506224 50.94790172841931 45.5
      vertex 64.35491809285303 51.87188927952558 45.5
      vertex 64.68552612506224 50.94790172841931 50.5
    endloop
  endfacet
  facet normal 0.9039892931234444 0.42755509343027986 -1.5572093691675154e-18
    outer loop
      vertex 64.35491809285303 51.87188927952558 45.5
      vertex 63.93533541122371 52.75902232413466 45.5
      vertex 63.93533541122371 52.75902232413466 50.5
    endloop
  endfacet
  facet normal 0.8577286100002711 0.5141027441932231 -6.231856347560407e-19
    outer loop
      vertex 63.93533541122371 52.75902232413466 45.5
      vertex 63.430818890765615 53.6007572860707 45.5
      vertex 63.430818890765615 53.6007572860707 50.5
    endloop
  endfacet
  facet normal 0.8032075314806484 0.5956993044924286 0
    outer loop
      vertex 63.430818890765615 53.6007572860707 45.5
      vertex 62.846227301367534 54.38898779751114 45.5
      vertex 63.430818890765615 53.6007572860707 50.5
    endloop
  endfacet
  facet normal 0.7409511253549542 0.6715589548470235 -2.1609620295196757e-19
    outer loop
      vertex 62.846227301367534 54.38898779751114 45.5
      vertex 62.187190579605634 55.11612276774016 45.5
      vertex 62.187190579605634 55.11612276774016 50.5
    endloop
  endfacet
  facet normal 0 0 1
    outer loop
      vertex 64.35491809285303 44.21822063222379 50.5
      vertex 64.68552612506224 50.94790172841931 50.5
      vertex 61.46005560937662 55.77515948950206 50.5
    endloop
  endfacet
  facet normal 0.9415440651830232 0.3368898533922133 0
    outer loop
      vertex 64.35491809285303 51.87188927952558 45.5
      vertex 64.35491809285303 51.87188927952558 50.5
      vertex 64.68552612506224 50.94790172841931 50.5
    endloop
  endfacet
  facet normal 0.9039892931234444 0.42755509343027986 0
    outer loop
      vertex 64.35491809285303 51.87188927952558 45.5
      vertex 63.93533541122371 52.75902232413466 50.5
      vertex 64.35491809285303 51.87188927952558 50.5
    endloop
  endfacet
  facet normal 0.8577286100002711 0.5141027441932231 0
    outer loop
      vertex 63.93533541122371 52.75902232413466 45.5
      vertex 63.430818890765615 53.6007572860707 50.5
      vertex 63.93533541122371 52.75902232413466 50.5
    endloop
  endfacet
  facet normal 0 0 1
    outer loop
      vertex 64.68552612506224 50.94790172841931 50.5
      vertex 64.35491809285303 51.87188927952558 50.5
      vertex 63.430818890765615 53.6007572860707 50.5
    endloop
  endfacet
  facet normal 0 0 1
    outer loop
      vertex 64.35491809285303 51.87188927952558 50.5
      vertex 63.93533541122371 52.75902232413466 50.5
      vertex 63.430818890765615 53.6007572860707 50.5
    endloop
  endfacet
  facet normal 0.8032075314806484 0.5956993044924286 0
    outer loop
      vertex 62.846227301367534 54.38898779751114 45.5
      vertex 62.846227301367534 54.38898779751114 50.5
      vertex 63.430818890765615 53.6007572860707 50.5
    endloop
  endfacet
  facet normal 0.7409511253549542 0.6715589548470235 0
    outer loop
      vertex 62.846227301367534 54.38898779751114 45.5
      vertex 62.187190579605634 55.11612276774016 50.5
      vertex 62.846227301367534 54.38898779751114 50.5
    endloop
  endfacet
  facet normal 0 0 1
    outer loop
      vertex 64.68552612506224 50.94790172841931 50.5
      vertex 63.430818890765615 53.6007572860707 50.5
      vertex 61.46005560937662 55.77515948950206 50.5
    endloop
  endfacet
  facet normal 0 0 1
    outer loop
      vertex 63.430818890765615 53.6007572860707 50.5
      vertex 62.846227301367534 54.38898779751114 50.5
      vertex 62.187190579605634 55.11612276774016 50.5
    endloop
  endfacet
  facet normal 0 0 1
    outer loop
      vertex 63.430818890765615 53.6007572860707 50.5
      vertex 62.187190579605634 55.11612276774016 50.5
      vertex 61.46005560937662 55.77515948950206 50.5
    endloop
  endfacet
  facet normal 0.6715589548470235 0.7409511253549542 0
    outer loop
      vertex 62.187190579605634 55.11612276774016 45.5
      vertex 61.46005560937662 55.77515948950206 45.5
      vertex 62.187190579605634 55.11612276774016 50.5
    endloop
  endfacet
  facet normal 0.5956993044924322 0.8032075314806459 0
    outer loop
      vertex 61.46005560937662 55.77515948950206 45.5
      vertex 60.671825097936186 56.35975107890014 45.5
      vertex 61.46005560937662 55.77515948950206 50.5
    endloop
  endfacet
  facet normal 0.24298017990328433 0.9700312531945389 -2.9251222737429054e-19
    outer loop
      vertex 58.018969540284786 57.61445831319677 45.5
      vertex 57.69548657727482 57.69548657727482 45.5
      vertex 57.69548657727482 57.69548657727482 50.5
    endloop
  endfacet
  facet normal 0.5141027441932199 0.8577286100002731 4.149680315820692e-18
    outer loop
      vertex 60.671825097936186 56.35975107890014 45.5
      vertex 59.83009013600014 56.864267599358236 45.5
      vertex 59.83009013600014 56.864267599358236 50.5
    endloop
  endfacet
  facet normal 0.42755509343027986 0.9039892931234444 0
    outer loop
      vertex 59.83009013600014 56.864267599358236 45.5
      vertex 58.94295709139106 57.28385028098755 45.5
      vertex 59.83009013600014 56.864267599358236 50.5
    endloop
  endfacet
  facet normal 0.33688985339221966 0.9415440651830209 0
    outer loop
      vertex 58.018969540284786 57.61445831319677 45.5
      vertex 58.018969540284786 57.61445831319677 50.5
      vertex 58.94295709139106 57.28385028098755 45.5
    endloop
  endfacet
  facet normal 0 0 1
    outer loop
      vertex 56.95057662099946 47.267477258847606 50.5
      vertex 61.46005560937662 55.77515948950206 50.5
      vertex 58.94295709139106 57.28385028098755 50.5
    endloop
  endfacet
  facet normal 0.6715589548470235 0.7409511253549542 0
    outer loop
      vertex 61.46005560937662 55.77515948950206 45.5
      vertex 61.46005560937662 55.77515948950206 50.5
      vertex 62.187190579605634 55.11612276774016 50.5
    endloop
  endfacet
  facet normal 0.5956993044924322 0.8032075314806459 0
    outer loop
      vertex 60.671825097936186 56.35975107890014 45.5
      vertex 60.671825097936186 56.35975107890014 50.5
      vertex 61.46005560937662 55.77515948950206 50.5
    endloop
  endfacet
  facet normal 0.5141027441932199 0.8577286100002731 0
    outer loop
      vertex 60.671825097936186 56.35975107890014 45.5
      vertex 59.83009013600014 56.864267599358236 50.5
      vertex 60.671825097936186 56.35975107890014 50.5
    endloop
  endfacet
  facet normal 0 0 1
    outer loop
      vertex 61.46005560937662 55.77515948950206 50.5
      vertex 60.671825097936186 56.35975107890014 50.5
      vertex 59.83009013600014 56.864267599358236 50.5
    endloop
  endfacet
  facet normal 0.24298017990328433 0.9700312531945389 0
    outer loop
      vertex 58.018969540284786 57.61445831319677 45.5
      vertex 57.69548657727482 57.69548657727482 50.5
      vertex 58.018969540284786 57.61445831319677 50.5
    endloop
  endfacet
  facet normal 0.42755509343027986 0.9039892931234444 0
    outer loop
      vertex 58.94295709139106 57.28385028098755 45.5
      vertex 58.94295709139106 57.28385028098755 50.5
      vertex 59.83009013600014 56.864267599358236 50.5
    endloop
  endfacet
  facet normal 0.33688985339221966 0.9415440651830209 0
    outer loop
      vertex 58.94295709139106 57.28385028098755 45.5
      vertex 58.018969540284786 57.61445831319677 50.5
      vertex 58.94295709139106 57.28385028098755 50.5
    endloop
  endfacet
  facet normal 0 0 1
    outer loop
      vertex 58.018969540284786 57.61445831319677 50.5
      vertex 57.68157104637141 57.68157104637141 50.5
      vertex 57.59493251850154 57.62151285851383 50.5
    endloop
  endfacet
  facet normal 0 0 1
    outer loop
      vertex 58.018969540284786 57.61445831319677 50.5
      vertex 57.69548657727482 57.69548657727482 50.5
      vertex 57.68157104637141 57.68157104637141 50.5
    endloop
  endfacet
  facet normal 0 0 1
    outer loop
      vertex 61.46005560937662 55.77515948950206 50.5
      vertex 59.83009013600014 56.864267599358236 50.5
      vertex 58.94295709139106 57.28385028098755 50.5
    endloop
  endfacet
  facet normal 0 0 1
    outer loop
      vertex 58.018969540284786 57.61445831319677 50.5
      vertex 57.59493251850154 57.62151285851383 50.5
      vertex 58.94295709139106 57.28385028098755 50.5
    endloop
  endfacet
  facet normal 0 0 1
    outer loop
      vertex 45.97779114461987 48.70771707316992 50.5
      vertex 47.14229828246732 49.42795421222834 50.5
      vertex 46.43560656889719 52.80332173028813 50.5
    endloop
  endfacet
  facet normal 0 0 1
    outer loop
      vertex 45.97779114461987 48.70771707316992 50.5
      vertex 46.43560656889719 52.80332173028813 50.5
      vertex 45.83977172775375 51.74808467936667 50.5
    endloop
  endfacet
  facet normal 0 0 1
    outer loop
      vertex 49.939394933909526 50.410448333791265 50.5
      vertex 50.37795584485582 56.84440753813052 50.5
      vertex 48.37613727323892 46.78058597696992 50.5
    endloop
  endfacet
  facet normal 0 0 1
    outer loop
      vertex 50.37795584485582 56.84440753813052 50.5
      vertex 55.70234210493737 57.60302299874363 50.5
      vertex 52.44868008959351 57.42343053671761 50.5
    endloop
  endfacet
  facet normal 0 0 1
    outer loop
      vertex 50.37795584485582 56.84440753813052 50.5
      vertex 52.44868008959351 57.42343053671761 50.5
      vertex 52.51970791263205 57.62194000374792 50.5
    endloop
  endfacet
  facet normal 0 0 1
    outer loop
      vertex 58.94295709139106 57.28385028098755 50.5
      vertex 55.70234210493737 57.60302299874363 50.5
      vertex 50.37795584485582 56.84440753813052 50.5
    endloop
  endfacet
  facet normal 0 0 1
    outer loop
      vertex 55.70234210493737 57.60302299874363 50.5
      vertex 57.59493251850154 57.62151285851383 50.5
      vertex 55.60966873065077 57.97299584769286 50.5
    endloop
  endfacet
  facet normal 0 0 1
    outer loop
      vertex 58.94295709139106 57.28385028098755 50.5
      vertex 57.59493251850154 57.62151285851383 50.5
      vertex 55.70234210493737 57.60302299874363 50.5
    endloop
  endfacet
  facet normal 0 0 1
    outer loop
      vertex 57.59493251850154 57.62151285851383 50.5
      vertex 57.68157104637141 57.68157104637141 50.5
      vertex 57.598692868488804 57.698056540938154 50.5
    endloop
  endfacet
  facet normal 0 0 1
    outer loop
      vertex 57.67792823139597 57.69988471396 50.5
      vertex 57.68157104637141 57.68157104637141 50.5
      vertex 57.69548657727482 57.69548657727482 50.5
    endloop
  endfacet
  facet normal 0.022053019822510084 -0.4488995310303145 -0.8933100667503259
    outer loop
      vertex 42.86867405382427 34.4670479000007 41.1434966542503
      vertex 43.84884545711988 25.845758975236826 45.5
      vertex 42.86867405382427 25.797606241958796 45.5
    endloop
  endfacet
  facet normal 0.06594667683123327 -0.44457638315304737 -0.8933100667503258
    outer loop
      vertex 43.003405396283924 34.429655965414646 41.16561266480623
      vertex 44.81957727398555 25.98975343792649 45.5
      vertex 43.84884545711988 25.845758975236826 45.5
    endloop
  endfacet
  facet normal 0.15141207967767786 -0.42316841419251644 -0.8933100667503256
    outer loop
      vertex 43.30850277696805 34.34768525415231 41.23626302301595
      vertex 46.695508377475164 26.558810916845925 45.5
      vertex 45.7715208263689 26.228202884636705 45.5
    endloop
  endfacet
  facet normal 0.10920523129195125 -0.43597172167584414 -0.8933100667503259
    outer loop
      vertex 43.30850277696805 34.34768525415231 41.23626302301595
      vertex 45.7715208263689 26.228202884636705 45.5
      vertex 44.81957727398555 25.98975343792649 45.5
    endloop
  endfacet
  facet normal 0.1921607469658433 -0.40628976355312907 -0.8933100667503258
    outer loop
      vertex 43.48300472697273 34.31448079906199 41.281569553490804
      vertex 47.582641422084244 26.978393598475243 45.5
      vertex 46.695508377475164 26.558810916845925 45.5
    endloop
  endfacet
  facet normal 0.23105880121497835 -0.38549832039014875 -0.8933100667503256
    outer loop
      vertex 43.68249169205359 34.27506052963851 41.342410260638395
      vertex 48.42437638402029 27.48291011893334 45.5
      vertex 47.582641422084244 26.978393598475243 45.5
    endloop
  endfacet
  facet normal 0.26773163289882573 -0.3609943176669917 -0.8933100667503258
    outer loop
      vertex 44.20774877560507 34.16593897244316 41.535575812179125
      vertex 49.21260689546072 28.067501708331424 45.5
      vertex 48.42437638402029 27.48291011893334 45.5
    endloop
  endfacet
  facet normal -0.24298017990326798 -0.9700312531945431 0
    outer loop
      vertex 40.917770833662985 25.98975343792649 45.5
      vertex 40.917770833662985 25.98975343792649 50.5
      vertex 39.965827281279644 26.22820288463671 45.5
    endloop
  endfacet
  facet normal -0.1467304744553588 -0.9891765099647813 -5.625050236367048e-19
    outer loop
      vertex 41.888502650528665 25.845758975236826 45.5
      vertex 40.917770833662985 25.98975343792649 50.5
      vertex 40.917770833662985 25.98975343792649 45.5
    endloop
  endfacet
  facet normal 0.14673047445535986 -0.9891765099647813 0
    outer loop
      vertex 43.84884545711988 25.845758975236826 45.5
      vertex 44.81957727398555 25.98975343792649 45.5
      vertex 43.84884545711988 25.845758975236826 50.5
    endloop
  endfacet
  facet normal -0.04906767432741708 -0.9987954562051724 -4.602291174016454e-19
    outer loop
      vertex 41.888502650528665 25.845758975236826 45.5
      vertex 42.86867405382427 25.797606241958796 45.5
      vertex 42.86867405382427 25.797606241958796 50.5
    endloop
  endfacet
  facet normal 0.04906767432741708 -0.9987954562051724 4.602291174016454e-19
    outer loop
      vertex 43.84884545711988 25.845758975236826 45.5
      vertex 42.86867405382427 25.797606241958796 50.5
      vertex 42.86867405382427 25.797606241958796 45.5
    endloop
  endfacet
  facet normal -0.1467304744553588 -0.9891765099647813 0
    outer loop
      vertex 41.888502650528665 25.845758975236826 45.5
      vertex 41.888502650528665 25.845758975236826 50.5
      vertex 40.917770833662985 25.98975343792649 50.5
    endloop
  endfacet
  facet normal 0 0 1
    outer loop
      vertex 41.888502650528665 25.845758975236826 50.5
      vertex 42.86867405382427 25.797606241958796 50.5
      vertex 40.917770833662985 25.98975343792649 50.5
    endloop
  endfacet
  facet normal 0.04906767432741708 -0.9987954562051724 0
    outer loop
      vertex 43.84884545711988 25.845758975236826 45.5
      vertex 43.84884545711988 25.845758975236826 50.5
      vertex 42.86867405382427 25.797606241958796 50.5
    endloop
  endfacet
  facet normal 0.14673047445535986 -0.9891765099647813 0
    outer loop
      vertex 44.81957727398555 25.98975343792649 45.5
      vertex 44.81957727398555 25.98975343792649 50.5
      vertex 43.84884545711988 25.845758975236826 50.5
    endloop
  endfacet
  facet normal 0 0 1
    outer loop
      vertex 43.84884545711988 25.845758975236826 50.5
      vertex 45.7715208263689 26.228202884636705 50.5
      vertex 42.86867405382427 25.797606241958796 50.5
    endloop
  endfacet
  facet normal 0 0 1
    outer loop
      vertex 43.84884545711988 25.845758975236826 50.5
      vertex 44.81957727398555 25.98975343792649 50.5
      vertex 45.7715208263689 26.228202884636705 50.5
    endloop
  endfacet
  facet normal -0.04906767432741708 -0.9987954562051724 0
    outer loop
      vertex 41.888502650528665 25.845758975236826 45.5
      vertex 42.86867405382427 25.797606241958796 50.5
      vertex 41.888502650528665 25.845758975236826 50.5
    endloop
  endfacet
  facet normal 0.24298017990326284 -0.9700312531945441 7.043580840556989e-19
    outer loop
      vertex 44.81957727398555 25.98975343792649 45.5
      vertex 45.7715208263689 26.228202884636705 45.5
      vertex 45.7715208263689 26.228202884636705 50.5
    endloop
  endfacet
  facet normal 0.336889853392222 -0.9415440651830201 2.3469169786687504e-18
    outer loop
      vertex 45.7715208263689 26.228202884636705 45.5
      vertex 46.695508377475164 26.558810916845925 45.5
      vertex 46.695508377475164 26.558810916845925 50.5
    endloop
  endfacet
  facet normal 0.4275550934302828 -0.903989293123443 0
    outer loop
      vertex 46.695508377475164 26.558810916845925 45.5
      vertex 47.582641422084244 26.978393598475243 45.5
      vertex 46.695508377475164 26.558810916845925 50.5
    endloop
  endfacet
  facet normal 0.5141027441932199 -0.8577286100002731 -4.149680315820692e-18
    outer loop
      vertex 47.582641422084244 26.978393598475243 45.5
      vertex 48.42437638402029 27.48291011893334 45.5
      vertex 48.42437638402029 27.48291011893334 50.5
    endloop
  endfacet
  facet normal 0.5956993044924345 -0.803207531480644 0
    outer loop
      vertex 48.42437638402029 27.48291011893334 45.5
      vertex 49.21260689546072 28.067501708331424 45.5
      vertex 48.42437638402029 27.48291011893334 50.5
    endloop
  endfacet
  facet normal 0.336889853392222 -0.9415440651830201 0
    outer loop
      vertex 45.7715208263689 26.228202884636705 45.5
      vertex 46.695508377475164 26.558810916845925 50.5
      vertex 45.7715208263689 26.228202884636705 50.5
    endloop
  endfacet
  facet normal 0.24298017990326284 -0.9700312531945441 0
    outer loop
      vertex 44.81957727398555 25.98975343792649 45.5
      vertex 45.7715208263689 26.228202884636705 50.5
      vertex 44.81957727398555 25.98975343792649 50.5
    endloop
  endfacet
  facet normal 0.4275550934302828 -0.903989293123443 0
    outer loop
      vertex 47.582641422084244 26.978393598475243 45.5
      vertex 47.582641422084244 26.978393598475243 50.5
      vertex 46.695508377475164 26.558810916845925 50.5
    endloop
  endfacet
  facet normal 0 0 1
    outer loop
      vertex 42.86867405382427 25.797606241958796 50.5
      vertex 45.7715208263689 26.228202884636705 50.5
      vertex 48.42437638402029 27.48291011893334 50.5
    endloop
  endfacet
  facet normal 0 0 1
    outer loop
      vertex 45.7715208263689 26.228202884636705 50.5
      vertex 46.695508377475164 26.558810916845925 50.5
      vertex 48.42437638402029 27.48291011893334 50.5
    endloop
  endfacet
  facet normal 0 0 1
    outer loop
      vertex 42.86867405382427 25.797606241958796 50.5
      vertex 48.42437638402029 27.48291011893334 50.5
      vertex 48.24569713286187 29.39041819897077 50.5
    endloop
  endfacet
  facet normal 0 0 1
    outer loop
      vertex 42.86867405382427 25.797606241958796 50.5
      vertex 48.24569713286187 29.39041819897077 50.5
      vertex 46.415643912176826 30.483892936041777 50.5
    endloop
  endfacet
  facet normal 0 0 1
    outer loop
      vertex 42.86867405382427 25.797606241958796 50.5
      vertex 46.415643912176826 30.483892936041777 50.5
      vertex 46.40916518309545 30.48869788900413 50.5
    endloop
  endfacet
  facet normal 0 0 1
    outer loop
      vertex 42.86867405382427 25.797606241958796 50.5
      vertex 46.40916518309545 30.48869788900413 50.5
      vertex 45.73656281550006 31.061225109080933 50.5
    endloop
  endfacet
  facet normal 0 0 1
    outer loop
      vertex 42.86867405382427 25.797606241958796 50.5
      vertex 45.73656281550006 31.061225109080933 50.5
      vertex 45.71730707502652 31.078677494946493 50.5
    endloop
  endfacet
  facet normal 0 0 1
    outer loop
      vertex 42.86867405382427 25.797606241958796 50.5
      vertex 45.71730707502652 31.078677494946493 50.5
      vertex 45.016556080591435 31.800534364170396 50.5
    endloop
  endfacet
  facet normal 0.5141027441932199 -0.8577286100002731 0
    outer loop
      vertex 47.582641422084244 26.978393598475243 45.5
      vertex 48.42437638402029 27.48291011893334 50.5
      vertex 47.582641422084244 26.978393598475243 50.5
    endloop
  endfacet
  facet normal 0.5956993044924345 -0.803207531480644 0
    outer loop
      vertex 49.21260689546072 28.067501708331424 45.5
      vertex 49.21260689546072 28.067501708331424 50.5
      vertex 48.42437638402029 27.48291011893334 50.5
    endloop
  endfacet
  facet normal 0 0 1
    outer loop
      vertex 46.695508377475164 26.558810916845925 50.5
      vertex 47.582641422084244 26.978393598475243 50.5
      vertex 48.42437638402029 27.48291011893334 50.5
    endloop
  endfacet
  facet normal 0 0 1
    outer loop
      vertex 48.42437638402029 27.48291011893334 50.5
      vertex 49.21260689546072 28.067501708331424 50.5
      vertex 49.83706396218139 28.76329550610816 50.5
    endloop
  endfacet
  facet normal 0 0 1
    outer loop
      vertex 48.42437638402029 27.48291011893334 50.5
      vertex 49.83706396218139 28.76329550610816 50.5
      vertex 49.5428776091635 28.84580780514481 50.5
    endloop
  endfacet
  facet normal 0 0 1
    outer loop
      vertex 48.42437638402029 27.48291011893334 50.5
      vertex 49.5428776091635 28.84580780514481 50.5
      vertex 48.24569713286187 29.39041819897077 50.5
    endloop
  endfacet
  facet normal 0 0 1
    outer loop
      vertex 48.24569713286187 29.39041819897077 50.5
      vertex 48.38723086499204 29.484988015325143 50.5
      vertex 46.47759169016318 30.565738866314298 50.5
    endloop
  endfacet
  facet normal 0 0 1
    outer loop
      vertex 48.24569713286187 29.39041819897077 50.5
      vertex 46.47759169016318 30.565738866314298 50.5
      vertex 46.415643912176826 30.483892936041777 50.5
    endloop
  endfacet
  facet normal 0 0 1
    outer loop
      vertex 45.72564921866069 31.094142967194706 50.5
      vertex 45.016556080591435 31.800534364170396 50.5
      vertex 45.71730707502652 31.078677494946493 50.5
    endloop
  endfacet
  facet normal -0.06594667683123276 -0.44457638315304754 -0.8933100667503258
    outer loop
      vertex 42.61722419118974 34.5334824172466 41.12255752490303
      vertex 41.888502650528665 25.845758975236826 45.5
      vertex 40.917770833662985 25.98975343792649 45.5
    endloop
  endfacet
  facet normal -0.10920523129195406 -0.4359717216758435 -0.893310066750326
    outer loop
      vertex 42.49452918868581 34.56421591545448 41.12255752490303
      vertex 40.917770833662985 25.98975343792649 45.5
      vertex 39.965827281279644 26.22820288463671 45.5
    endloop
  endfacet
  facet normal -0.1514120796776749 -0.4231684141925175 -0.8933100667503258
    outer loop
      vertex 42.37021728652934 34.59422515409872 41.12941221280357
      vertex 39.965827281279644 26.22820288463671 45.5
      vertex 39.04183973017337 26.558810916845925 45.5
    endloop
  endfacet
  facet normal -0.19216074696584368 -0.40628976355312885 -0.8933100667503259
    outer loop
      vertex 42.24145319326862 34.62415854672986 41.1434966542503
      vertex 39.04183973017337 26.558810916845925 45.5
      vertex 38.15470668556429 26.978393598475243 45.5
    endloop
  endfacet
  facet normal -0.2310588012149792 -0.38549832039014786 -0.893310066750326
    outer loop
      vertex 42.10940568320965 34.66128082308732 41.16163163872632
      vertex 38.15470668556429 26.978393598475243 45.5
      vertex 37.31297172362825 27.48291011893334 45.5
    endloop
  endfacet
  facet normal -0.3018260626008593 -0.333013742325134 -0.8933100667503258
    outer loop
      vertex 41.82482676028471 34.75375894841923 41.21669497465834
      vertex 36.52474121218781 28.067501708331424 45.5
      vertex 35.797606241958796 28.72653843009332 45.5
    endloop
  endfacet
  facet normal -0.2677316328988243 -0.3609943176669928 -0.8933100667503259
    outer loop
      vertex 41.973004928218494 34.706230254647856 41.18434749992837
      vertex 37.31297172362825 27.48291011893334 45.5
      vertex 36.52474121218781 28.067501708331424 45.5
    endloop
  endfacet
  facet normal -0.43597172167583637 -0.10920523129195989 -0.8933100667503286
    outer loop
      vertex 33.299270696502184 32.89475946941417 45.5
      vertex 33.218242432424134 33.218242432424134 45.5
      vertex 34.04183973017337 34.04183973017337 44.997367955459374
    endloop
  endfacet
  facet normal -0.33301374232513276 -0.30182606260086015 -0.893310066750326
    outer loop
      vertex 41.65963480921962 34.805373376632254 41.26083710587678
      vertex 35.797606241958796 28.72653843009332 45.5
      vertex 35.138569520196896 29.453673400322337 45.5
    endloop
  endfacet
  facet normal -0.36099431766699197 -0.2677316328988243 -0.893310066750326
    outer loop
      vertex 41.47011953799854 34.86312199051848 41.32011417808213
      vertex 35.138569520196896 29.453673400322337 45.5
      vertex 34.553977930798816 30.24190391176277 45.5
    endloop
  endfacet
  facet normal -0.38549832039014814 -0.2310588012149777 -0.8933100667503262
    outer loop
      vertex 41.245467846185576 34.92998444803146 41.39976590622879
      vertex 34.553977930798816 30.24190391176277 45.5
      vertex 34.04946141034072 31.083638873698817 45.5
    endloop
  endfacet
  facet normal -0.4062897635531294 -0.19216074696584182 -0.8933100667503261
    outer loop
      vertex 40.98911165430767 35.0190660047525 41.49719782974856
      vertex 34.04946141034072 31.083638873698817 45.5
      vertex 33.629878728711404 31.970771918307896 45.5
    endloop
  endfacet
  facet normal -0.42316841419251633 -0.15141207967767634 -0.893310066750326
    outer loop
      vertex 40.693364289238055 35.13773323905289 41.617182250312645
      vertex 33.629878728711404 31.970771918307896 45.5
      vertex 33.299270696502184 32.89475946941417 45.5
    endloop
  endfacet
  facet normal -0.43597172167584364 -0.10920523129195385 -0.8933100667503258
    outer loop
      vertex 33.299270696502184 32.89475946941417 45.5
      vertex 34.04183973017337 34.04183973017337 44.997367955459374
      vertex 40.31100323110097 35.288853883633024 41.78531585751561
    endloop
  endfacet
  facet normal -0.022053019822491325 -0.44889953103031643 -0.8933100667503254
    outer loop
      vertex 42.741003758284656 34.50134797790868 41.12941221280357
      vertex 42.86867405382427 34.4670479000007 41.1434966542503
      vertex 41.888502650528665 25.845758975236826 45.5
    endloop
  endfacet
  facet normal -0.06594667683123773 -0.44457638315304715 -0.8933100667503256
    outer loop
      vertex 42.741003758284656 34.50134797790868 41.12941221280357
      vertex 41.888502650528665 25.845758975236826 45.5
      vertex 42.61722419118974 34.5334824172466 41.12255752490303
    endloop
  endfacet
  facet normal -0.26773163289880564 -0.360994317667005 -0.8933100667503263
    outer loop
      vertex 41.973004928218494 34.706230254647856 41.18434749992837
      vertex 42.10940568320965 34.66128082308732 41.16163163872632
      vertex 37.31297172362825 27.48291011893334 45.5
    endloop
  endfacet
  facet normal -0.3018260626008546 -0.3330137423251377 -0.8933100667503259
    outer loop
      vertex 41.973004928218494 34.706230254647856 41.18434749992837
      vertex 36.52474121218781 28.067501708331424 45.5
      vertex 41.82482676028471 34.75375894841923 41.21669497465834
    endloop
  endfacet
  facet normal -0.15141207967763906 -0.42316841419252826 -0.8933100667503266
    outer loop
      vertex 42.37021728652934 34.59422515409872 41.12941221280357
      vertex 42.49452918868581 34.56421591545448 41.12255752490303
      vertex 39.965827281279644 26.22820288463671 45.5
    endloop
  endfacet
  facet normal -0.1921607469658736 -0.40628976355311647 -0.8933100667503251
    outer loop
      vertex 42.24145319326862 34.62415854672986 41.1434966542503
      vertex 42.37021728652934 34.59422515409872 41.12941221280357
      vertex 39.04183973017337 26.558810916845925 45.5
    endloop
  endfacet
  facet normal -0.10920523129197077 -0.4359717216758401 -0.8933100667503254
    outer loop
      vertex 42.61722419118974 34.5334824172466 41.12255752490303
      vertex 40.917770833662985 25.98975343792649 45.5
      vertex 42.49452918868581 34.56421591545448 41.12255752490303
    endloop
  endfacet
  facet normal -0.23105880121500091 -0.3854983203901358 -0.8933100667503255
    outer loop
      vertex 42.175290490278435 34.63896474887663 41.15422048815264
      vertex 42.24145319326862 34.62415854672986 41.1434966542503
      vertex 38.15470668556429 26.978393598475243 45.5
    endloop
  endfacet
  facet normal -0.23105880121497172 -0.38549832039015164 -0.8933100667503263
    outer loop
      vertex 42.175290490278435 34.63896474887663 41.15422048815264
      vertex 38.15470668556429 26.978393598475243 45.5
      vertex 42.10940568320965 34.66128082308732 41.16163163872632
    endloop
  endfacet
  facet normal 0.022053019822508447 -0.44889953103031466 -0.8933100667503259
    outer loop
      vertex 42.86867405382427 34.4670479000007 41.1434966542503
      vertex 43.003405396283924 34.429655965414646 41.16561266480623
      vertex 43.84884545711988 25.845758975236826 45.5
    endloop
  endfacet
  facet normal 0.10920523129195499 -0.4359717216758437 -0.8933100667503256
    outer loop
      vertex 43.24926158780037 34.35849517703629 41.22374523230454
      vertex 44.81957727398555 25.98975343792649 45.5
      vertex 43.14906583216647 34.38798158143166 41.19710594988234
    endloop
  endfacet
  facet normal 0.10920523129197522 -0.4359717216758397 -0.8933100667503252
    outer loop
      vertex 43.24926158780037 34.35849517703629 41.22374523230454
      vertex 43.30850277696805 34.34768525415231 41.23626302301595
      vertex 44.81957727398555 25.98975343792649 45.5
    endloop
  endfacet
  facet normal 0.06594667683120584 -0.44457638315305287 -0.8933100667503252
    outer loop
      vertex 43.003405396283924 34.429655965414646 41.16561266480623
      vertex 43.14906583216647 34.38798158143166 41.19710594988234
      vertex 44.81957727398555 25.98975343792649 45.5
    endloop
  endfacet
  facet normal 0.15141207967767986 -0.4231684141925153 -0.8933100667503259
    outer loop
      vertex 43.30850277696805 34.34768525415231 41.23626302301595
      vertex 43.48300472697273 34.31448079906199 41.281569553490804
      vertex 46.695508377475164 26.558810916845925 45.5
    endloop
  endfacet
  facet normal 0.19216074696583238 -0.40628976355313506 -0.8933100667503254
    outer loop
      vertex 43.68249169205359 34.27506052963851 41.342410260638395
      vertex 47.582641422084244 26.978393598475243 45.5
      vertex 43.48300472697273 34.31448079906199 41.281569553490804
    endloop
  endfacet
  facet normal 0.26773163289883045 -0.3609943176669885 -0.8933100667503255
    outer loop
      vertex 44.20774877560507 34.16593897244316 41.535575812179125
      vertex 48.42437638402029 27.48291011893334 45.5
      vertex 43.918193180117854 34.22688986952018 41.42416307476495
    endloop
  endfacet
  facet normal 0.23105880121498315 -0.38549832039014537 -0.8933100667503259
    outer loop
      vertex 43.68249169205359 34.27506052963851 41.342410260638395
      vertex 43.918193180117854 34.22688986952018 41.42416307476495
      vertex 48.42437638402029 27.48291011893334 45.5
    endloop
  endfacet
  facet normal -0.022053019822510265 -0.4488995310303145 -0.8933100667503259
    outer loop
      vertex 42.86867405382427 34.4670479000007 41.1434966542503
      vertex 42.86867405382427 25.797606241958796 45.5
      vertex 41.888502650528665 25.845758975236826 45.5
    endloop
  endfacet
  facet normal -0.3330137423251523 -0.3018260626008406 -0.8933100667503252
    outer loop
      vertex 41.65963480921962 34.805373376632254 41.26083710587678
      vertex 41.82482676028471 34.75375894841923 41.21669497465834
      vertex 35.797606241958796 28.72653843009332 45.5
    endloop
  endfacet
  facet normal -0.3609943176669857 -0.26773163289883223 -0.8933100667503262
    outer loop
      vertex 41.65963480921962 34.805373376632254 41.26083710587678
      vertex 35.138569520196896 29.453673400322337 45.5
      vertex 41.47011953799854 34.86312199051848 41.32011417808213
    endloop
  endfacet
  facet normal -0.38549832039015836 -0.2310588012149628 -0.8933100667503256
    outer loop
      vertex 41.47011953799854 34.86312199051848 41.32011417808213
      vertex 34.553977930798816 30.24190391176277 45.5
      vertex 41.245467846185576 34.92998444803146 41.39976590622879
    endloop
  endfacet
  facet normal -0.4062897635531204 -0.19216074696585897 -0.8933100667503264
    outer loop
      vertex 41.245467846185576 34.92998444803146 41.39976590622879
      vertex 34.04946141034072 31.083638873698817 45.5
      vertex 41.11252578360278 34.96870304447311 41.451901000741664
    endloop
  endfacet
  facet normal -0.4062897635531364 -0.19216074696582908 -0.8933100667503256
    outer loop
      vertex 40.98911165430767 35.0190660047525 41.49719782974856
      vertex 41.11252578360278 34.96870304447311 41.451901000741664
      vertex 34.04946141034072 31.083638873698817 45.5
    endloop
  endfacet
  facet normal -0.42316841419251533 -0.15141207967767892 -0.893310066750326
    outer loop
      vertex 40.98911165430767 35.0190660047525 41.49719782974856
      vertex 33.629878728711404 31.970771918307896 45.5
      vertex 40.693364289238055 35.13773323905289 41.617182250312645
    endloop
  endfacet
  facet normal -0.4359717216758393 -0.10920523129196726 -0.8933100667503262
    outer loop
      vertex 40.693364289238055 35.13773323905289 41.617182250312645
      vertex 33.299270696502184 32.89475946941417 45.5
      vertex 40.31100323110097 35.288853883633024 41.78531585751561
    endloop
  endfacet
  facet normal -0.4445763831530504 -0.0659466768312017 -0.8933100667503266
    outer loop
      vertex 40.07181949532976 35.38215390047496 41.89746349564043
      vertex 35.02507961867666 35.02507961867666 44.43545036910176
      vertex 39.843162486430366 35.49961936181283 42.002588303561865
    endloop
  endfacet
  facet normal -0.44889953103031494 -0.022053019822512513 -0.8933100667503256
    outer loop
      vertex 39.843162486430366 35.49961936181283 42.002588303561865
      vertex 35.797606241958796 35.797606241958796 44.0281747798319
      vertex 39.25667633879937 35.797606241958796 42.289948600515025
    endloop
  endfacet
  facet normal -0.4445763831530476 -0.06594667683123365 -0.8933100667503258
    outer loop
      vertex 40.07181949532976 35.38215390047496 41.89746349564043
      vertex 34.04183973017337 34.04183973017337 44.997367955459374
      vertex 35.02507961867666 35.02507961867666 44.43545036910176
    endloop
  endfacet
  facet normal -0.4488995310303146 -0.02205301982250463 -0.893310066750326
    outer loop
      vertex 39.843162486430366 35.49961936181283 42.002588303561865
      vertex 35.02507961867666 35.02507961867666 44.43545036910176
      vertex 35.797606241958796 35.797606241958796 44.0281747798319
    endloop
  endfacet
  facet normal -0.4445763831530456 -0.06594667683124336 -0.893310066750326
    outer loop
      vertex 40.31100323110097 35.288853883633024 41.78531585751561
      vertex 34.04183973017337 34.04183973017337 44.997367955459374
      vertex 40.07181949532976 35.38215390047496 41.89746349564043
    endloop
  endfacet
  facet normal -0.44889953103031505 0.02205301982250423 -0.8933100667503258
    outer loop
      vertex 39.25667633879937 35.797606241958796 42.289948600515025
      vertex 35.797606241958796 35.797606241958796 44.0281747798319
      vertex 39.06666984396885 35.8932623508213 42.387790700072884
    endloop
  endfacet
  facet normal -0.44889953103031505 0.022053019822507503 -0.8933100667503256
    outer loop
      vertex 39.06666984396885 35.8932623508213 42.387790700072884
      vertex 35.797606241958796 35.797606241958796 44.0281747798319
      vertex 38.55039797368465 36.22291931317542 42.65536199572576
    endloop
  endfacet
  facet normal -0.4445763831530487 0.06594667683122397 -0.8933100667503259
    outer loop
      vertex 38.55039797368465 36.22291931317542 42.65536199572576
      vertex 36.431602457036924 36.431602457036924 43.72523509226126
      vertex 38.108462385765144 36.50281061530706 42.895963814190985
    endloop
  endfacet
  facet normal -0.4445763831530487 0.06594667683123015 -0.8933100667503254
    outer loop
      vertex 38.108462385765144 36.50281061530706 42.895963814190985
      vertex 36.431602457036924 36.431602457036924 43.72523509226126
      vertex 37.69717765375698 36.82628083379156 43.124528645334046
    endloop
  endfacet
  facet normal -0.43597172167584625 0.10920523129195434 -0.8933100667503244
    outer loop
      vertex 37.69717765375698 36.82628083379156 43.124528645334046
      vertex 36.970771918307896 36.970771918307896 43.49670797454797
      vertex 37.20804941932942 37.20804941932942 43.409913546564056
    endloop
  endfacet
  facet normal -0.4488995310303151 0.022053019822507618 -0.8933100667503255
    outer loop
      vertex 38.55039797368465 36.22291931317542 42.65536199572576
      vertex 35.797606241958796 35.797606241958796 44.0281747798319
      vertex 36.431602457036924 36.431602457036924 43.72523509226126
    endloop
  endfacet
  facet normal -0.44457638315304976 0.06594667683123502 -0.8933100667503244
    outer loop
      vertex 37.69717765375698 36.82628083379156 43.124528645334046
      vertex 36.431602457036924 36.431602457036924 43.72523509226126
      vertex 36.970771918307896 36.970771918307896 43.49670797454797
    endloop
  endfacet
  facet normal -0.3368898533922165 -0.9415440651830221 0
    outer loop
      vertex 39.04183973017337 26.558810916845925 45.5
      vertex 39.965827281279644 26.22820288463671 45.5
      vertex 39.04183973017337 26.558810916845925 50.5
    endloop
  endfacet
  facet normal -0.4275550934302828 -0.903989293123443 9.711186702464636e-19
    outer loop
      vertex 39.04183973017337 26.558810916845925 45.5
      vertex 38.15470668556429 26.978393598475243 50.5
      vertex 38.15470668556429 26.978393598475243 45.5
    endloop
  endfacet
  facet normal -0.5141027441932231 -0.8577286100002711 0
    outer loop
      vertex 38.15470668556429 26.978393598475243 45.5
      vertex 38.15470668556429 26.978393598475243 50.5
      vertex 37.31297172362825 27.48291011893334 45.5
    endloop
  endfacet
  facet normal -0.595699304492431 -0.8032075314806467 0
    outer loop
      vertex 37.31297172362825 27.48291011893334 45.5
      vertex 37.31297172362825 27.48291011893334 50.5
      vertex 36.52474121218781 28.067501708331424 45.5
    endloop
  endfacet
  facet normal -0.6715589548470217 -0.7409511253549561 -5.458193603097691e-18
    outer loop
      vertex 36.52474121218781 28.067501708331424 45.5
      vertex 35.797606241958796 28.72653843009332 50.5
      vertex 35.797606241958796 28.72653843009332 45.5
    endloop
  endfacet
  facet normal -0.3368898533922165 -0.9415440651830221 0
    outer loop
      vertex 39.965827281279644 26.22820288463671 45.5
      vertex 39.965827281279644 26.22820288463671 50.5
      vertex 39.04183973017337 26.558810916845925 50.5
    endloop
  endfacet
  facet normal -0.4275550934302828 -0.903989293123443 0
    outer loop
      vertex 39.04183973017337 26.558810916845925 45.5
      vertex 39.04183973017337 26.558810916845925 50.5
      vertex 38.15470668556429 26.978393598475243 50.5
    endloop
  endfacet
  facet normal -0.24298017990326798 -0.9700312531945431 3.94625042541951e-19
    outer loop
      vertex 40.917770833662985 25.98975343792649 50.5
      vertex 39.965827281279644 26.22820288463671 50.5
      vertex 39.965827281279644 26.22820288463671 45.5
    endloop
  endfacet
  facet normal 0 0 1
    outer loop
      vertex 40.917770833662985 25.98975343792649 50.5
      vertex 37.31297172362825 27.48291011893334 50.5
      vertex 39.04183973017337 26.558810916845925 50.5
    endloop
  endfacet
  facet normal 0 0 1
    outer loop
      vertex 39.04183973017337 26.558810916845925 50.5
      vertex 37.31297172362825 27.48291011893334 50.5
      vertex 38.15470668556429 26.978393598475243 50.5
    endloop
  endfacet
  facet normal 0 0 1
    outer loop
      vertex 40.917770833662985 25.98975343792649 50.5
      vertex 39.04183973017337 26.558810916845925 50.5
      vertex 39.965827281279644 26.22820288463671 50.5
    endloop
  endfacet
  facet normal 0 0 1
    outer loop
      vertex 40.917770833662985 25.98975343792649 50.5
      vertex 42.86867405382427 25.797606241958796 50.5
      vertex 34.553977930798816 30.24190391176277 50.5
    endloop
  endfacet
  facet normal -0.5141027441932231 -0.8577286100002711 0
    outer loop
      vertex 37.31297172362825 27.48291011893334 45.5
      vertex 38.15470668556429 26.978393598475243 50.5
      vertex 37.31297172362825 27.48291011893334 50.5
    endloop
  endfacet
  facet normal -0.595699304492431 -0.8032075314806467 0
    outer loop
      vertex 36.52474121218781 28.067501708331424 45.5
      vertex 37.31297172362825 27.48291011893334 50.5
      vertex 36.52474121218781 28.067501708331424 50.5
    endloop
  endfacet
  facet normal -0.6715589548470217 -0.7409511253549561 0
    outer loop
      vertex 36.52474121218781 28.067501708331424 45.5
      vertex 36.52474121218781 28.067501708331424 50.5
      vertex 35.797606241958796 28.72653843009332 50.5
    endloop
  endfacet
  facet normal 0 0 1
    outer loop
      vertex 40.917770833662985 25.98975343792649 50.5
      vertex 34.553977930798816 30.24190391176277 50.5
      vertex 37.31297172362825 27.48291011893334 50.5
    endloop
  endfacet
  facet normal 0 0 1
    outer loop
      vertex 37.31297172362825 27.48291011893334 50.5
      vertex 35.797606241958796 28.72653843009332 50.5
      vertex 36.52474121218781 28.067501708331424 50.5
    endloop
  endfacet
  facet normal 0 0 1
    outer loop
      vertex 42.86867405382427 25.797606241958796 50.5
      vertex 37.020365590078825 32.96508052950509 50.5
      vertex 34.553977930798816 30.24190391176277 50.5
    endloop
  endfacet
  facet normal -0.7409511253549542 -0.6715589548470235 0
    outer loop
      vertex 35.797606241958796 28.72653843009332 45.5
      vertex 35.797606241958796 28.72653843009332 50.5
      vertex 35.138569520196896 29.453673400322337 45.5
    endloop
  endfacet
  facet normal -0.8032075314806459 -0.5956993044924322 7.338047416214173e-19
    outer loop
      vertex 35.138569520196896 29.453673400322337 45.5
      vertex 34.553977930798816 30.24190391176277 50.5
      vertex 34.553977930798816 30.24190391176277 45.5
    endloop
  endfacet
  facet normal -0.8577286100002731 -0.5141027441932199 0
    outer loop
      vertex 34.553977930798816 30.24190391176277 45.5
      vertex 34.553977930798816 30.24190391176277 50.5
      vertex 34.04946141034072 31.083638873698817 45.5
    endloop
  endfacet
  facet normal -0.9039892931234444 -0.42755509343027986 -1.5572093691675154e-18
    outer loop
      vertex 34.04946141034072 31.083638873698817 45.5
      vertex 33.629878728711404 31.970771918307896 50.5
      vertex 33.629878728711404 31.970771918307896 45.5
    endloop
  endfacet
  facet normal -0.9415440651830209 -0.33688985339221966 0
    outer loop
      vertex 33.629878728711404 31.970771918307896 45.5
      vertex 33.629878728711404 31.970771918307896 50.5
      vertex 33.299270696502184 32.89475946941417 45.5
    endloop
  endfacet
  facet normal -0.9700312531945389 -0.24298017990328433 -2.9251222737429054e-19
    outer loop
      vertex 33.299270696502184 32.89475946941417 45.5
      vertex 33.218242432424134 33.218242432424134 50.5
      vertex 33.218242432424134 33.218242432424134 45.5
    endloop
  endfacet
  facet normal -0.7409511253549542 -0.6715589548470235 0
    outer loop
      vertex 35.138569520196896 29.453673400322337 45.5
      vertex 35.797606241958796 28.72653843009332 50.5
      vertex 35.138569520196896 29.453673400322337 50.5
    endloop
  endfacet
  facet normal -0.8032075314806459 -0.5956993044924322 0
    outer loop
      vertex 35.138569520196896 29.453673400322337 45.5
      vertex 35.138569520196896 29.453673400322337 50.5
      vertex 34.553977930798816 30.24190391176277 50.5
    endloop
  endfacet
  facet normal 0 0 1
    outer loop
      vertex 37.31297172362825 27.48291011893334 50.5
      vertex 34.553977930798816 30.24190391176277 50.5
      vertex 35.797606241958796 28.72653843009332 50.5
    endloop
  endfacet
  facet normal 0 0 1
    outer loop
      vertex 35.797606241958796 28.72653843009332 50.5
      vertex 34.553977930798816 30.24190391176277 50.5
      vertex 35.138569520196896 29.453673400322337 50.5
    endloop
  endfacet
  facet normal -0.8577286100002731 -0.5141027441932199 0
    outer loop
      vertex 34.04946141034072 31.083638873698817 45.5
      vertex 34.553977930798816 30.24190391176277 50.5
      vertex 34.04946141034072 31.083638873698817 50.5
    endloop
  endfacet
  facet normal -0.9039892931234444 -0.42755509343027986 0
    outer loop
      vertex 34.04946141034072 31.083638873698817 45.5
      vertex 34.04946141034072 31.083638873698817 50.5
      vertex 33.629878728711404 31.970771918307896 50.5
    endloop
  endfacet
  facet normal -0.9415440651830209 -0.33688985339221966 0
    outer loop
      vertex 33.299270696502184 32.89475946941417 45.5
      vertex 33.629878728711404 31.970771918307896 50.5
      vertex 33.299270696502184 32.89475946941417 50.5
    endloop
  endfacet
  facet normal -0.9700312531945389 -0.24298017990328433 0
    outer loop
      vertex 33.299270696502184 32.89475946941417 45.5
      vertex 33.299270696502184 32.89475946941417 50.5
      vertex 33.218242432424134 33.218242432424134 50.5
    endloop
  endfacet
  facet normal 0 0 1
    outer loop
      vertex 34.553977930798816 30.24190391176277 50.5
      vertex 33.629878728711404 31.970771918307896 50.5
      vertex 34.04946141034072 31.083638873698817 50.5
    endloop
  endfacet
  facet normal 0 0 1
    outer loop
      vertex 34.553977930798816 30.24190391176277 50.5
      vertex 33.299270696502184 32.89475946941417 50.5
      vertex 33.629878728711404 31.970771918307896 50.5
    endloop
  endfacet
  facet normal 0 0 1
    outer loop
      vertex 34.553977930798816 30.24190391176277 50.5
      vertex 33.997716183212546 33.03842056336218 50.5
      vertex 33.5156855142837 33.143736819019196 50.5
    endloop
  endfacet
  facet normal 0 0 1
    outer loop
      vertex 34.553977930798816 30.24190391176277 50.5
      vertex 33.5156855142837 33.143736819019196 50.5
      vertex 33.299270696502184 32.89475946941417 50.5
    endloop
  endfacet
  facet normal 0 0 1
    outer loop
      vertex 34.553977930798816 30.24190391176277 50.5
      vertex 34.68634376238937 32.93627231135884 50.5
      vertex 33.997716183212546 33.03842056336218 50.5
    endloop
  endfacet
  facet normal 0 0 1
    outer loop
      vertex 34.553977930798816 30.24190391176277 50.5
      vertex 36.74803109938475 32.9153654330122 50.5
      vertex 34.68634376238937 32.93627231135884 50.5
    endloop
  endfacet
  facet normal 0 0 1
    outer loop
      vertex 33.299270696502184 32.89475946941417 50.5
      vertex 33.5156855142837 33.143736819019196 50.5
      vertex 33.218242432424134 33.218242432424134 50.5
    endloop
  endfacet
  facet normal 0 0 1
    outer loop
      vertex 33.5156855142837 33.143736819019196 50.5
      vertex 33.997716183212546 33.03842056336218 50.5
      vertex 33.99618901335438 33.04609816470129 50.5
    endloop
  endfacet
  facet normal 0 0 1
    outer loop
      vertex 33.5156855142837 33.143736819019196 50.5
      vertex 33.99618901335438 33.04609816470129 50.5
      vertex 33.450670448540556 33.32544175516247 50.5
    endloop
  endfacet
  facet normal 0 0 1
    outer loop
      vertex 34.553977930798816 30.24190391176277 50.5
      vertex 37.020365590078825 32.96508052950509 50.5
      vertex 36.74803109938475 32.9153654330122 50.5
    endloop
  endfacet
  facet normal 0 0 1
    outer loop
      vertex 34.68634376238937 32.93627231135884 50.5
      vertex 36.74803109938475 32.9153654330122 50.5
      vertex 34.71154167756121 33.44918765785632 50.5
    endloop
  endfacet
  facet normal 0 0 1
    outer loop
      vertex 36.74803109938475 32.9153654330122 50.5
      vertex 39.2585689707249 35.97446468036231 50.5
      vertex 34.71154167756121 33.44918765785632 50.5
    endloop
  endfacet
  facet normal 0 0 1
    outer loop
      vertex 42.86867405382427 25.797606241958796 50.5
      vertex 45.016556080591435 31.800534364170396 50.5
      vertex 44.25604223628993 32.77237709578724 50.5
    endloop
  endfacet
  facet normal 0 0 1
    outer loop
      vertex 45.72564921866069 31.094142967194706 50.5
      vertex 45.029191985784585 31.83584935339619 50.5
      vertex 45.016556080591435 31.800534364170396 50.5
    endloop
  endfacet
  facet normal 0 0 1
    outer loop
      vertex 42.86867405382427 25.797606241958796 50.5
      vertex 44.72695217021227 41.47404151893551 50.5
      vertex 37.020365590078825 32.96508052950509 50.5
    endloop
  endfacet
  facet normal 0 0 1
    outer loop
      vertex 42.86867405382427 25.797606241958796 50.5
      vertex 44.25604223628993 32.77237709578724 50.5
      vertex 44.72695217021227 41.47404151893551 50.5
    endloop
  endfacet
  facet normal 0.3330137423251345 -0.3018260626008588 -0.8933100667503258
    outer loop
      vertex 44.55241348536075 34.11386681042231 41.67144077365892
      vertex 49.514944457112634 30.343153083867787 44.795429623063015
      vertex 49.77422594677412 29.308043354149834 45.241822659603
    endloop
  endfacet
  facet normal 0.36099431766700524 -0.2677316328988085 -0.8933100667503253
    outer loop
      vertex 49.38034838394084 30.786856873773107 44.608056879801595
      vertex 49.514944457112634 30.343153083867787 44.795429623063015
      vertex 44.98026459928689 34.0646686663833 41.84756056516807
    endloop
  endfacet
  facet normal 0.38549832039015003 -0.2310588012149758 -0.893310066750326
    outer loop
      vertex 48.916528877837926 32.56496048990978 43.92089971448229
      vertex 49.07610754072455 31.927886756551572 44.154546247077036
      vertex 45.54971339599211 34.00619302610103 42.09520532671792
    endloop
  endfacet
  facet normal 0.3609943176669882 -0.26773163289883145 -0.8933100667503254
    outer loop
      vertex 49.38034838394084 30.786856873773107 44.608056879801595
      vertex 44.98026459928689 34.0646686663833 41.84756056516807
      vertex 49.18185899683432 31.57927092580571 44.290353252014484
    endloop
  endfacet
  facet normal 0.38549832039014753 -0.23105880121498 -0.8933100667503258
    outer loop
      vertex 49.07610754072455 31.927886756551572 44.154546247077036
      vertex 49.18185899683432 31.57927092580571 44.290353252014484
      vertex 45.54971339599211 34.00619302610103 42.09520532671792
    endloop
  endfacet
  facet normal 0.4062897635531244 -0.19216074696585614 -0.8933100667503253
    outer loop
      vertex 48.916528877837926 32.56496048990978 43.92089971448229
      vertex 46.24729111509498 33.99169779859626 42.39998672242834
      vertex 48.82974090070938 32.85106210835002 43.81988376182131
    endloop
  endfacet
  facet normal 0.42316841419251305 -0.15141207967768333 -0.8933100667503264
    outer loop
      vertex 48.69631774932723 33.383717186603405 43.64462114678168
      vertex 47.144247281017385 34.0266058243361 42.80042568487076
      vertex 48.62251064171315 33.6270266130866 43.568418240883815
    endloop
  endfacet
  facet normal 0.4231684141925202 -0.15141207967767395 -0.8933100667503245
    outer loop
      vertex 48.62251064171315 33.6270266130866 43.568418240883815
      vertex 47.721999933997196 34.06925970688173 43.06688228236587
      vertex 48.50725269996748 34.087162109392075 43.43582867621943
    endloop
  endfacet
  facet normal 0.43597172167584197 -0.1092052312919407 -0.8933100667503283
    outer loop
      vertex 48.50725269996748 34.087162109392075 43.43582867621943
      vertex 48.25472613955811 34.16376520401502 43.30322085908438
      vertex 48.472546061883065 34.2015745620739 43.404903746404706
    endloop
  endfacet
  facet normal 0.40628976355312957 -0.1921607469658402 -0.8933100667503262
    outer loop
      vertex 48.82974090070938 32.85106210835002 43.81988376182131
      vertex 47.144247281017385 34.0266058243361 42.80042568487076
      vertex 48.69631774932723 33.383717186603405 43.64462114678168
    endloop
  endfacet
  facet normal 0.30182606260085776 -0.3330137423251354 -0.8933100667503258
    outer loop
      vertex 44.55241348536075 34.11386681042231 41.67144077365892
      vertex 49.93974186568975 28.72653843009332 45.5
      vertex 49.21260689546072 28.067501708331424 45.5
    endloop
  endfacet
  facet normal 0.3330137423251371 -0.3018260626008567 -0.8933100667503254
    outer loop
      vertex 44.55241348536075 34.11386681042231 41.67144077365892
      vertex 49.77422594677412 29.308043354149834 45.241822659603
      vertex 49.94789481443291 28.735533822832267 45.5
    endloop
  endfacet
  facet normal 0.3330137423251191 -0.30182606260086065 -0.8933100667503309
    outer loop
      vertex 44.55241348536075 34.11386681042231 41.67144077365892
      vertex 49.94789481443291 28.735533822832267 45.5
      vertex 49.93974186568975 28.72653843009332 45.5
    endloop
  endfacet
  facet normal 0.6715589548470181 -0.7409511253549594 -1.8195717843479366e-18
    outer loop
      vertex 49.21260689546072 28.067501708331424 45.5
      vertex 49.93974186568975 28.72653843009332 45.5
      vertex 49.93974186568975 28.72653843009332 50.5
    endloop
  endfacet
  facet normal 0.7409511253549377 -0.6715589548470421 0
    outer loop
      vertex 49.93974186568975 28.72653843009332 45.5
      vertex 49.94789481443291 28.735533822832267 45.5
      vertex 49.93974186568975 28.72653843009332 50.5
    endloop
  endfacet
  facet normal 0.6715589548470181 -0.7409511253549594 0
    outer loop
      vertex 49.21260689546072 28.067501708331424 45.5
      vertex 49.93974186568975 28.72653843009332 50.5
      vertex 49.21260689546072 28.067501708331424 50.5
    endloop
  endfacet
  facet normal 0.7409511253549377 -0.6715589548470421 0
    outer loop
      vertex 49.94789481443291 28.735533822832267 45.5
      vertex 49.94789481443291 28.735533822832267 50.5
      vertex 49.93974186568975 28.72653843009332 50.5
    endloop
  endfacet
  facet normal 0 0 1
    outer loop
      vertex 49.21260689546072 28.067501708331424 50.5
      vertex 49.89411112326907 28.749005936139763 50.5
      vertex 49.83706396218139 28.76329550610816 50.5
    endloop
  endfacet
  facet normal 0 0 1
    outer loop
      vertex 49.21260689546072 28.067501708331424 50.5
      vertex 49.93974186568975 28.72653843009332 50.5
      vertex 49.89411112326907 28.749005936139763 50.5
    endloop
  endfacet
  facet normal 0 0 1
    outer loop
      vertex 48.24569713286187 29.39041819897077 50.5
      vertex 49.5428776091635 28.84580780514481 50.5
      vertex 49.57300048694563 28.88251263792319 50.5
    endloop
  endfacet
  facet normal 0 0 1
    outer loop
      vertex 49.89411112326907 28.749005936139763 50.5
      vertex 49.93974186568975 28.72653843009332 50.5
      vertex 49.94789481443291 28.735533822832267 50.5
    endloop
  endfacet
  facet normal 0.33301374232513997 -0.3018260626008519 -0.8933100667503261
    outer loop
      vertex 44.55241348536075 34.11386681042231 41.67144077365892
      vertex 44.98026459928689 34.0646686663833 41.84756056516807
      vertex 49.514944457112634 30.343153083867787 44.795429623063015
    endloop
  endfacet
  facet normal 0.36099431766699047 -0.26773163289882806 -0.8933100667503255
    outer loop
      vertex 49.18185899683432 31.57927092580571 44.290353252014484
      vertex 44.98026459928689 34.0646686663833 41.84756056516807
      vertex 45.45686450484948 34.00770764989155 42.05723034348702
    endloop
  endfacet
  facet normal 0.360994317666995 -0.26773163289882057 -0.8933100667503259
    outer loop
      vertex 49.18185899683432 31.57927092580571 44.290353252014484
      vertex 45.45686450484948 34.00770764989155 42.05723034348702
      vertex 45.54971339599211 34.00619302610103 42.09520532671792
    endloop
  endfacet
  facet normal 0.3854983203901405 -0.23105880121499636 -0.8933100667503246
    outer loop
      vertex 48.916528877837926 32.56496048990978 43.92089971448229
      vertex 45.54971339599211 34.00619302610103 42.09520532671792
      vertex 46.24729111509498 33.99169779859626 42.39998672242834
    endloop
  endfacet
  facet normal 0.3018260626008809 -0.33301374232511577 -0.8933100667503252
    outer loop
      vertex 44.341951340295815 34.13696117774796 41.59172186651587
      vertex 49.21260689546072 28.067501708331424 45.5
      vertex 44.20774877560507 34.16593897244316 41.535575812179125
    endloop
  endfacet
  facet normal 0.3018260626008378 -0.33301374232515124 -0.8933100667503265
    outer loop
      vertex 44.341951340295815 34.13696117774796 41.59172186651587
      vertex 44.55241348536075 34.11386681042231 41.67144077365892
      vertex 49.21260689546072 28.067501708331424 45.5
    endloop
  endfacet
  facet normal 0.4062897635531496 -0.19216074696580038 -0.8933100667503258
    outer loop
      vertex 48.82974090070938 32.85106210835002 43.81988376182131
      vertex 46.24729111509498 33.99169779859626 42.39998672242834
      vertex 46.586903898167186 33.983381999784655 42.556236128586995
    endloop
  endfacet
  facet normal 0.4062897635531293 -0.19216074696584048 -0.8933100667503264
    outer loop
      vertex 48.82974090070938 32.85106210835002 43.81988376182131
      vertex 46.586903898167186 33.983381999784655 42.556236128586995
      vertex 47.144247281017385 34.0266058243361 42.80042568487076
    endloop
  endfacet
  facet normal 0.4231684141925083 -0.15141207967769965 -0.8933100667503259
    outer loop
      vertex 48.62251064171315 33.6270266130866 43.568418240883815
      vertex 47.144247281017385 34.0266058243361 42.80042568487076
      vertex 47.721999933997196 34.06925970688173 43.06688228236587
    endloop
  endfacet
  facet normal 0.42316841419252155 -0.15141207967764586 -0.8933100667503286
    outer loop
      vertex 48.50725269996748 34.087162109392075 43.43582867621943
      vertex 47.721999933997196 34.06925970688173 43.06688228236587
      vertex 48.25472613955811 34.16376520401502 43.30322085908438
    endloop
  endfacet
  facet normal 0 0 1
    outer loop
      vertex 44.25604223628993 32.77237709578724 50.5
      vertex 44.78302753630263 41.53595519466853 50.5
      vertex 44.72695217021227 41.47404151893551 50.5
    endloop
  endfacet
  facet normal 0 0 1
    outer loop
      vertex 44.25604223628993 32.77237709578724 50.5
      vertex 46.01023339531223 41.591291586278054 50.5
      vertex 44.78302753630263 41.53595519466853 50.5
    endloop
  endfacet
  facet normal 0 0 1
    outer loop
      vertex 34.71154167756121 33.44918765785632 50.5
      vertex 39.2585689707249 35.97446468036231 50.5
      vertex 37.729008833782416 42.59262027467567 50.5
    endloop
  endfacet
  facet normal 0 0 1
    outer loop
      vertex 39.2585689707249 35.97446468036231 50.5
      vertex 38.805970746485066 42.80868364347232 50.5
      vertex 38.10060689028414 42.68036944211764 50.5
    endloop
  endfacet
  facet normal 0 0 1
    outer loop
      vertex 39.2585689707249 35.97446468036231 50.5
      vertex 37.74127656573603 42.59141200853954 50.5
      vertex 37.729008833782416 42.59262027467567 50.5
    endloop
  endfacet
  facet normal 0 0 1
    outer loop
      vertex 39.2585689707249 35.97446468036231 50.5
      vertex 38.10060689028414 42.68036944211764 50.5
      vertex 37.74127656573603 42.59141200853954 50.5
    endloop
  endfacet
  facet normal 0 0 1
    outer loop
      vertex 39.2585689707249 35.97446468036231 50.5
      vertex 39.390774946071176 42.83278913688645 50.5
      vertex 38.805970746485066 42.80868364347232 50.5
    endloop
  endfacet
  facet normal 0 0 1
    outer loop
      vertex 37.74127656573603 42.59141200853954 50.5
      vertex 38.10060689028414 42.68036944211764 50.5
      vertex 37.78303800188073 42.850113549400774 50.5
    endloop
  endfacet
  facet normal 0 0 1
    outer loop
      vertex 37.700121980662104 42.595465381378055 50.5
      vertex 37.729008833782416 42.59262027467567 50.5
      vertex 37.78303800188073 42.850113549400774 50.5
    endloop
  endfacet
  facet normal 0 0 1
    outer loop
      vertex 37.74127656573603 42.59141200853954 50.5
      vertex 37.78303800188073 42.850113549400774 50.5
      vertex 37.729008833782416 42.59262027467567 50.5
    endloop
  endfacet
  facet normal 0 0 1
    outer loop
      vertex 39.390774946071176 42.83278913688645 50.5
      vertex 39.53548760865265 42.876687243156525 50.5
      vertex 39.52644918853735 43.290091947533035 50.5
    endloop
  endfacet
  facet normal 0 0 1
    outer loop
      vertex 39.390774946071176 42.83278913688645 50.5
      vertex 39.52644918853735 43.290091947533035 50.5
      vertex 38.805970746485066 42.80868364347232 50.5
    endloop
  endfacet
  facet normal 0 0 1
    outer loop
      vertex 41.188741794155405 48.871869745829265 50.5
      vertex 42.99503478550883 47.86126675398225 50.5
      vertex 43.007170637921064 47.90655837177789 50.5
    endloop
  endfacet
  facet normal 0 0 1
    outer loop
      vertex 36.96581234786812 48.86792152239136 50.5
      vertex 39.09658800678518 49.453775363939 50.5
      vertex 34.684756341742556 52.59398581028706 50.5
    endloop
  endfacet
  facet normal 0 0 1
    outer loop
      vertex 39.09658800678518 49.453775363939 50.5
      vertex 39.898798273995915 51.9430256969526 50.5
      vertex 34.684756341742556 52.59398581028706 50.5
    endloop
  endfacet
  facet normal -0.3330137423251281 -0.3018260626008744 -0.8933100667503229
    outer loop
      vertex 33.6270266130866 48.62251064171315 43.568418240883815
      vertex 34.319876508801784 48.83523287882532 43.23826003168573
      vertex 34.087162109392075 48.507252699967474 43.43582867621943
    endloop
  endfacet
  facet normal -0.3330137423251637 -0.3018260626008468 -0.8933100667503189
    outer loop
      vertex 34.087162109392075 48.507252699967474 43.43582867621943
      vertex 34.319876508801784 48.83523287882532 43.23826003168573
      vertex 34.2015745620739 48.472546061883065 43.4049037464047
    endloop
  endfacet
  facet normal -0.3330137423251386 -0.30182606260084816 -0.8933100667503279
    outer loop
      vertex 33.6270266130866 48.62251064171315 43.568418240883815
      vertex 34.56776501687118 49.39455469741716 42.956870409716814
      vertex 34.319876508801784 48.83523287882532 43.23826003168573
    endloop
  endfacet
  facet normal -0.3609943176669927 -0.26773163289882346 -0.8933100667503261
    outer loop
      vertex 33.6270266130866 48.62251064171315 43.568418240883815
      vertex 33.383717186603405 48.69631774932723 43.64462114678168
      vertex 34.78041097808873 49.87919635367984 42.725687650937836
    endloop
  endfacet
  facet normal -0.36099431766697393 -0.26773163289884205 -0.893310066750328
    outer loop
      vertex 33.6270266130866 48.62251064171315 43.568418240883815
      vertex 34.78041097808873 49.87919635367984 42.725687650937836
      vertex 34.56776501687118 49.39455469741716 42.956870409716814
    endloop
  endfacet
  facet normal -0.3609943176669997 -0.26773163289881013 -0.8933100667503274
    outer loop
      vertex 32.85106210835002 48.82974090070938 43.81988376182131
      vertex 34.998845958117215 50.2648441879919 42.52183468011361
      vertex 34.78041097808873 49.87919635367984 42.725687650937836
    endloop
  endfacet
  facet normal -0.38549832039014303 -0.2310588012149881 -0.8933100667503256
    outer loop
      vertex 32.56496048990978 48.916528877837926 43.92089971448229
      vertex 35.33656657961093 50.86627644502917 42.22053174097945
      vertex 34.998845958117215 50.2648441879919 42.52183468011361
    endloop
  endfacet
  facet normal -0.36099431766699086 -0.2677316328988257 -0.8933100667503261
    outer loop
      vertex 33.383717186603405 48.69631774932723 43.64462114678168
      vertex 32.85106210835002 48.82974090070938 43.81988376182131
      vertex 34.78041097808873 49.87919635367984 42.725687650937836
    endloop
  endfacet
  facet normal -0.3854983203901616 -0.2310588012149549 -0.8933100667503262
    outer loop
      vertex 32.56496048990978 48.916528877837926 43.92089971448229
      vertex 34.998845958117215 50.2648441879919 42.52183468011361
      vertex 32.85106210835002 48.82974090070938 43.81988376182131
    endloop
  endfacet
  facet normal -0.3854983203901449 -0.23105880121498504 -0.8933100667503256
    outer loop
      vertex 32.56496048990978 48.916528877837926 43.92089971448229
      vertex 31.92788675655157 49.07610754072455 44.154546247077036
      vertex 35.33656657961093 50.86627644502917 42.22053174097945
    endloop
  endfacet
  facet normal -0.406289763553128 -0.19216074696584687 -0.8933100667503256
    outer loop
      vertex 31.92788675655157 49.07610754072455 44.154546247077036
      vertex 31.57927092580571 49.18185899683432 44.290353252014484
      vertex 35.728884492363065 51.427403249183214 41.92001057427829
    endloop
  endfacet
  facet normal -0.4062897635531323 -0.19216074696583874 -0.8933100667503254
    outer loop
      vertex 31.57927092580571 49.18185899683432 44.290353252014484
      vertex 30.786856873773107 49.38034838394084 44.608056879801595
      vertex 35.728884492363065 51.427403249183214 41.92001057427829
    endloop
  endfacet
  facet normal -0.4231684141925159 -0.1514120796776784 -0.893310066750326
    outer loop
      vertex 35.989280504831186 51.80095707882749 41.733343104512954
      vertex 30.343153083867787 49.514944457112634 44.795429623063015
      vertex 29.308043354149834 49.77422594677412 45.241822659603
    endloop
  endfacet
  facet normal -0.4231684141925124 -0.1514120796776874 -0.893310066750326
    outer loop
      vertex 35.97944826575496 51.789471578481894 41.73994745918319
      vertex 30.786856873773107 49.38034838394084 44.608056879801595
      vertex 30.343153083867787 49.514944457112634 44.795429623063015
    endloop
  endfacet
  facet normal -0.4359717216758441 -0.10920523129194944 -0.8933100667503261
    outer loop
      vertex 36.24470639188287 52.102042976149306 41.57187775875794
      vertex 29.308043354149834 49.77422594677412 45.241822659603
      vertex 28.577943888951697 50.57702909655367 45.5
    endloop
  endfacet
  facet normal -0.44457638315304704 -0.06594667683123483 -0.893310066750326
    outer loop
      vertex 36.44146703405642 52.33643256001822 41.4566519792491
      vertex 28.577943888951697 50.57702909655367 45.5
      vertex 28.433949426262032 51.547760913419346 45.5
    endloop
  endfacet
  facet normal -0.4488995310303143 -0.022053019822510258 -0.893310066750326
    outer loop
      vertex 36.44146703405642 52.33643256001822 41.4566519792491
      vertex 28.433949426262032 51.547760913419346 45.5
      vertex 28.385796692984 52.52793231671495 45.5
    endloop
  endfacet
  facet normal -0.43597172167584647 -0.10920523129195209 -0.8933100667503246
    outer loop
      vertex 29.308043354149834 49.77422594677412 45.241822659603
      vertex 28.735533822832267 49.94789481443291 45.5
      vertex 28.577943888951697 50.57702909655367 45.5
    endloop
  endfacet
  facet normal -0.4488995310303149 0.02205301982251058 -0.8933100667503256
    outer loop
      vertex 36.69692880621383 52.645957941742594 41.32646538387932
      vertex 28.385796692984 52.52793231671495 45.5
      vertex 28.433949426262032 53.50810372001055 45.5
    endloop
  endfacet
  facet normal -0.4062897635531136 -0.19216074696587118 -0.8933100667503269
    outer loop
      vertex 31.92788675655157 49.07610754072455 44.154546247077036
      vertex 35.728884492363065 51.427403249183214 41.92001057427829
      vertex 35.372485236634766 50.91728378720819 42.19183814595075
    endloop
  endfacet
  facet normal -0.4231684141925276 -0.15141207967765236 -0.8933100667503248
    outer loop
      vertex 35.97944826575496 51.789471578481894 41.73994745918319
      vertex 35.728884492363065 51.427403249183214 41.92001057427829
      vertex 30.786856873773107 49.38034838394084 44.608056879801595
    endloop
  endfacet
  facet normal -0.4231684141925177 -0.15141207967767337 -0.8933100667503259
    outer loop
      vertex 35.97944826575496 51.789471578481894 41.73994745918319
      vertex 30.343153083867787 49.514944457112634 44.795429623063015
      vertex 35.989280504831186 51.80095707882749 41.733343104512954
    endloop
  endfacet
  facet normal -0.38549832039022675 -0.23105880121483635 -0.8933100667503288
    outer loop
      vertex 31.92788675655157 49.07610754072455 44.154546247077036
      vertex 35.372485236634766 50.91728378720819 42.19183814595075
      vertex 35.33656657961093 50.86627644502917 42.22053174097945
    endloop
  endfacet
  facet normal -0.4359717216758481 -0.10920523129193765 -0.8933100667503256
    outer loop
      vertex 35.989280504831186 51.80095707882749 41.733343104512954
      vertex 29.308043354149834 49.77422594677412 45.241822659603
      vertex 36.24470639188287 52.102042976149306 41.57187775875794
    endloop
  endfacet
  facet normal -0.44457638315304526 -0.06594667683124314 -0.8933100667503262
    outer loop
      vertex 36.24470639188287 52.102042976149306 41.57187775875794
      vertex 28.577943888951697 50.57702909655367 45.5
      vertex 36.44146703405642 52.33643256001822 41.4566519792491
    endloop
  endfacet
  facet normal -0.44889953103031427 -0.02205301982250504 -0.8933100667503262
    outer loop
      vertex 36.44146703405642 52.33643256001822 41.4566519792491
      vertex 28.385796692984 52.52793231671495 45.5
      vertex 36.600315268691716 52.52793231671495 41.37210121823733
    endloop
  endfacet
  facet normal -0.4488995310303148 0.02205301982245018 -0.8933100667503273
    outer loop
      vertex 36.600315268691716 52.52793231671495 41.37210121823733
      vertex 28.385796692984 52.52793231671495 45.5
      vertex 36.69692880621383 52.645957941742594 41.32646538387932
    endloop
  endfacet
  facet normal -0.4488995310303059 0.022053019822607198 -0.8933100667503279
    outer loop
      vertex 36.69692880621383 52.645957941742594 41.32646538387932
      vertex 28.433949426262032 53.50810372001055 45.5
      vertex 36.741332230220706 52.689897929423495 41.305236845772185
    endloop
  endfacet
  facet normal -0.4445763831530553 0.06594667683119468 -0.8933100667503248
    outer loop
      vertex 36.741332230220706 52.689897929423495 41.305236845772185
      vertex 28.577943888951697 54.47883553687623 45.5
      vertex 36.878784580966155 52.82769566358624 41.24700312800313
    endloop
  endfacet
  facet normal -0.4359717216758351 0.10920523129199798 -0.8933100667503248
    outer loop
      vertex 36.878784580966155 52.82769566358624 41.24700312800313
      vertex 28.577943888951697 54.47883553687623 45.5
      vertex 36.99800398724642 52.94891463153491 41.203637956353056
    endloop
  endfacet
  facet normal -0.42316841419251777 0.15141207967767334 -0.8933100667503258
    outer loop
      vertex 37.104374782630046 53.0587146511056 41.17185983972407
      vertex 36.99800398724642 52.94891463153491 41.203637956353056
      vertex 29.147001367871134 56.35476664036585 45.5
    endloop
  endfacet
  facet normal -0.40628976355313706 0.19216074696582428 -0.8933100667503262
    outer loop
      vertex 37.104374782630046 53.0587146511056 41.17185983972407
      vertex 29.147001367871134 56.35476664036585 45.5
      vertex 37.20173610270656 53.160825887858714 41.14954380755671
    endloop
  endfacet
  facet normal -0.385498320390127 0.23105880121501768 -0.893310066750325
    outer loop
      vertex 37.20173610270656 53.160825887858714 41.14954380755671
      vertex 29.56658404950045 57.24189968497493 45.5
      vertex 37.2929873285556 53.25812418934418 41.13533198361182
    endloop
  endfacet
  facet normal -0.3609943176669937 0.2677316328988225 -0.893310066750326
    outer loop
      vertex 37.2929873285556 53.25812418934418 41.13533198361182
      vertex 30.655692159356633 58.87186515835141 45.5
      vertex 37.38046069352864 53.3529902491245 41.12841530054645
    endloop
  endfacet
  facet normal -0.33301374232514624 0.3018260626008439 -0.8933100667503264
    outer loop
      vertex 37.38046069352864 53.3529902491245 41.12841530054645
      vertex 30.655692159356633 58.87186515835141 45.5
      vertex 37.4661714802933 53.44755752940566 41.12841530054645
    endloop
  endfacet
  facet normal -0.4445763831530472 0.06594667683123445 -0.8933100667503258
    outer loop
      vertex 36.741332230220706 52.689897929423495 41.305236845772185
      vertex 28.433949426262032 53.50810372001055 45.5
      vertex 28.577943888951697 54.47883553687623 45.5
    endloop
  endfacet
  facet normal -0.4359717216758444 0.10920523129195019 -0.8933100667503259
    outer loop
      vertex 36.99800398724642 52.94891463153491 41.203637956353056
      vertex 28.577943888951697 54.47883553687623 45.5
      vertex 28.81639333566191 55.43077908925958 45.5
    endloop
  endfacet
  facet normal -0.4231684141925158 0.1514120796776782 -0.893310066750326
    outer loop
      vertex 36.99800398724642 52.94891463153491 41.203637956353056
      vertex 28.81639333566191 55.43077908925958 45.5
      vertex 29.147001367871134 56.35476664036585 45.5
    endloop
  endfacet
  facet normal -0.40628976355312985 0.19216074696584226 -0.8933100667503258
    outer loop
      vertex 37.20173610270656 53.160825887858714 41.14954380755671
      vertex 29.147001367871134 56.35476664036585 45.5
      vertex 29.56658404950045 57.24189968497493 45.5
    endloop
  endfacet
  facet normal -0.38549832039014736 0.23105880121497877 -0.8933100667503262
    outer loop
      vertex 37.2929873285556 53.25812418934418 41.13533198361182
      vertex 29.56658404950045 57.24189968497493 45.5
      vertex 30.07110056995855 58.08363464691098 45.5
    endloop
  endfacet
  facet normal -0.360994317666991 0.2677316328988254 -0.8933100667503262
    outer loop
      vertex 37.2929873285556 53.25812418934418 41.13533198361182
      vertex 30.07110056995855 58.08363464691098 45.5
      vertex 30.655692159356633 58.87186515835141 45.5
    endloop
  endfacet
  facet normal -0.3330137423251344 0.30182606260085837 -0.893310066750326
    outer loop
      vertex 30.655692159356633 58.87186515835141 45.5
      vertex 31.314728881118526 59.59900012858043 45.5
      vertex 37.4661714802933 53.44755752940566 41.12841530054645
    endloop
  endfacet
  facet normal 0 0 1
    outer loop
      vertex 29.36697965954471 50.512084846674014 50.5
      vertex 30.276263416341703 51.148415663921476 50.5
      vertex 29.365611350984487 50.51896379833625 50.5
    endloop
  endfacet
  facet normal 0 0 1
    outer loop
      vertex 30.24528927483562 50.51792252928263 50.5
      vertex 34.684756341742556 52.59398581028706 50.5
      vertex 30.276263416341703 51.148415663921476 50.5
    endloop
  endfacet
  facet normal -0.9700312531945444 -0.24298017990326265 -4.42778894865101e-19
    outer loop
      vertex 28.735533822832267 49.94789481443291 45.5
      vertex 28.577943888951697 50.57702909655367 50.5
      vertex 28.577943888951697 50.57702909655367 45.5
    endloop
  endfacet
  facet normal -0.9891765099647808 -0.14673047445536339 -2.774741751061335e-18
    outer loop
      vertex 28.577943888951697 50.57702909655367 45.5
      vertex 28.433949426262032 51.547760913419346 50.5
      vertex 28.433949426262032 51.547760913419346 45.5
    endloop
  endfacet
  facet normal -0.9987954562051724 -0.04906767432741708 -4.602291174016454e-19
    outer loop
      vertex 28.433949426262032 51.547760913419346 45.5
      vertex 28.385796692984 52.52793231671495 50.5
      vertex 28.385796692984 52.52793231671495 45.5
    endloop
  endfacet
  facet normal -0.9987954562051724 0.04906767432741744 0
    outer loop
      vertex 28.385796692984 52.52793231671495 45.5
      vertex 28.385796692984 52.52793231671495 50.5
      vertex 28.433949426262032 53.50810372001055 45.5
    endloop
  endfacet
  facet normal -0.9891765099647808 0.14673047445536233 1.997426891055185e-18
    outer loop
      vertex 28.433949426262032 53.50810372001055 45.5
      vertex 28.577943888951697 54.47883553687623 50.5
      vertex 28.577943888951697 54.47883553687623 45.5
    endloop
  endfacet
  facet normal -0.970031253194545 0.24298017990325943 0
    outer loop
      vertex 28.577943888951697 54.47883553687623 45.5
      vertex 28.577943888951697 54.47883553687623 50.5
      vertex 28.81639333566191 55.43077908925958 45.5
    endloop
  endfacet
  facet normal -0.9700312531945444 -0.24298017990326265 0
    outer loop
      vertex 28.735533822832267 49.94789481443291 45.5
      vertex 28.735533822832267 49.94789481443291 50.5
      vertex 28.577943888951697 50.57702909655367 50.5
    endloop
  endfacet
  facet normal -0.9891765099647808 -0.14673047445536339 0
    outer loop
      vertex 28.577943888951697 50.57702909655367 45.5
      vertex 28.577943888951697 50.57702909655367 50.5
      vertex 28.433949426262032 51.547760913419346 50.5
    endloop
  endfacet
  facet normal -0.9987954562051724 -0.04906767432741708 0
    outer loop
      vertex 28.433949426262032 51.547760913419346 45.5
      vertex 28.433949426262032 51.547760913419346 50.5
      vertex 28.385796692984 52.52793231671495 50.5
    endloop
  endfacet
  facet normal 0 0 1
    outer loop
      vertex 28.735533822832267 49.94789481443291 50.5
      vertex 28.433949426262032 51.547760913419346 50.5
      vertex 28.577943888951697 50.57702909655367 50.5
    endloop
  endfacet
  facet normal 0 0 1
    outer loop
      vertex 28.735533822832267 49.94789481443291 50.5
      vertex 29.365611350984487 50.51896379833625 50.5
      vertex 28.433949426262032 51.547760913419346 50.5
    endloop
  endfacet
  facet normal 0 0 1
    outer loop
      vertex 29.365611350984487 50.51896379833625 50.5
      vertex 28.577943888951697 54.47883553687623 50.5
      vertex 28.433949426262032 51.547760913419346 50.5
    endloop
  endfacet
  facet normal 0 0 1
    outer loop
      vertex 28.433949426262032 51.547760913419346 50.5
      vertex 28.433949426262032 53.50810372001055 50.5
      vertex 28.385796692984 52.52793231671495 50.5
    endloop
  endfacet
  facet normal 0 0 1
    outer loop
      vertex 29.365611350984487 50.51896379833625 50.5
      vertex 30.276263416341703 51.148415663921476 50.5
      vertex 28.577943888951697 54.47883553687623 50.5
    endloop
  endfacet
  facet normal 0 0 1
    outer loop
      vertex 28.433949426262032 51.547760913419346 50.5
      vertex 28.577943888951697 54.47883553687623 50.5
      vertex 28.433949426262032 53.50810372001055 50.5
    endloop
  endfacet
  facet normal -0.9987954562051724 0.04906767432741744 0
    outer loop
      vertex 28.433949426262032 53.50810372001055 45.5
      vertex 28.385796692984 52.52793231671495 50.5
      vertex 28.433949426262032 53.50810372001055 50.5
    endloop
  endfacet
  facet normal -0.9891765099647808 0.14673047445536233 0
    outer loop
      vertex 28.433949426262032 53.50810372001055 45.5
      vertex 28.433949426262032 53.50810372001055 50.5
      vertex 28.577943888951697 54.47883553687623 50.5
    endloop
  endfacet
  facet normal -0.970031253194545 0.24298017990325943 0
    outer loop
      vertex 28.81639333566191 55.43077908925958 45.5
      vertex 28.577943888951697 54.47883553687623 50.5
      vertex 28.81639333566191 55.43077908925958 50.5
    endloop
  endfacet
  facet normal 0 0 1
    outer loop
      vertex 28.577943888951697 54.47883553687623 50.5
      vertex 29.147001367871134 56.35476664036585 50.5
      vertex 28.81639333566191 55.43077908925958 50.5
    endloop
  endfacet
  facet normal 0 0 1
    outer loop
      vertex 36.96581234786812 48.86792152239136 50.5
      vertex 34.684756341742556 52.59398581028706 50.5
      vertex 32.90395735698039 50.42407596899088 50.5
    endloop
  endfacet
  facet normal 0 0 1
    outer loop
      vertex 34.684756341742556 52.59398581028706 50.5
      vertex 39.898798273995915 51.9430256969526 50.5
      vertex 30.655692159356633 58.87186515835141 50.5
    endloop
  endfacet
  facet normal -0.9415440651830197 0.3368898533922229 -3.841038217055265e-18
    outer loop
      vertex 28.81639333566191 55.43077908925958 45.5
      vertex 29.147001367871134 56.35476664036585 50.5
      vertex 29.147001367871134 56.35476664036585 45.5
    endloop
  endfacet
  facet normal -0.9039892931234444 0.42755509343027986 0
    outer loop
      vertex 29.147001367871134 56.35476664036585 45.5
      vertex 29.147001367871134 56.35476664036585 50.5
      vertex 29.56658404950045 57.24189968497493 45.5
    endloop
  endfacet
  facet normal -0.8577286100002716 0.5141027441932225 0
    outer loop
      vertex 29.56658404950045 57.24189968497493 45.5
      vertex 29.56658404950045 57.24189968497493 50.5
      vertex 30.07110056995855 58.08363464691098 45.5
    endloop
  endfacet
  facet normal -0.803207531480644 0.5956993044924345 4.32039006573014e-18
    outer loop
      vertex 30.07110056995855 58.08363464691098 45.5
      vertex 30.655692159356633 58.87186515835141 50.5
      vertex 30.655692159356633 58.87186515835141 45.5
    endloop
  endfacet
  facet normal -0.7409511253549579 0.6715589548470196 0
    outer loop
      vertex 30.655692159356633 58.87186515835141 45.5
      vertex 30.655692159356633 58.87186515835141 50.5
      vertex 31.314728881118526 59.59900012858043 45.5
    endloop
  endfacet
  facet normal 0 0 1
    outer loop
      vertex 30.276263416341703 51.148415663921476 50.5
      vertex 34.684756341742556 52.59398581028706 50.5
      vertex 30.655692159356633 58.87186515835141 50.5
    endloop
  endfacet
  facet normal -0.9415440651830197 0.3368898533922229 0
    outer loop
      vertex 28.81639333566191 55.43077908925958 45.5
      vertex 28.81639333566191 55.43077908925958 50.5
      vertex 29.147001367871134 56.35476664036585 50.5
    endloop
  endfacet
  facet normal -0.9039892931234444 0.42755509343027986 0
    outer loop
      vertex 29.56658404950045 57.24189968497493 45.5
      vertex 29.147001367871134 56.35476664036585 50.5
      vertex 29.56658404950045 57.24189968497493 50.5
    endloop
  endfacet
  facet normal 0 0 1
    outer loop
      vertex 30.276263416341703 51.148415663921476 50.5
      vertex 30.655692159356633 58.87186515835141 50.5
      vertex 28.577943888951697 54.47883553687623 50.5
    endloop
  endfacet
  facet normal 0 0 1
    outer loop
      vertex 28.577943888951697 54.47883553687623 50.5
      vertex 30.655692159356633 58.87186515835141 50.5
      vertex 29.147001367871134 56.35476664036585 50.5
    endloop
  endfacet
  facet normal 0 0 1
    outer loop
      vertex 29.147001367871134 56.35476664036585 50.5
      vertex 30.655692159356633 58.87186515835141 50.5
      vertex 29.56658404950045 57.24189968497493 50.5
    endloop
  endfacet
  facet normal -0.8577286100002716 0.5141027441932225 0
    outer loop
      vertex 30.07110056995855 58.08363464691098 45.5
      vertex 29.56658404950045 57.24189968497493 50.5
      vertex 30.07110056995855 58.08363464691098 50.5
    endloop
  endfacet
  facet normal -0.803207531480644 0.5956993044924345 0
    outer loop
      vertex 30.07110056995855 58.08363464691098 45.5
      vertex 30.07110056995855 58.08363464691098 50.5
      vertex 30.655692159356633 58.87186515835141 50.5
    endloop
  endfacet
  facet normal -0.7409511253549579 0.6715589548470196 -6.128906366370384e-19
    outer loop
      vertex 30.655692159356633 58.87186515835141 50.5
      vertex 31.314728881118526 59.59900012858043 50.5
      vertex 31.314728881118526 59.59900012858043 45.5
    endloop
  endfacet
  facet normal 0 0 1
    outer loop
      vertex 29.56658404950045 57.24189968497493 50.5
      vertex 30.655692159356633 58.87186515835141 50.5
      vertex 30.07110056995855 58.08363464691098 50.5
    endloop
  endfacet
  facet normal 0 0 1
    outer loop
      vertex 45.613649439370974 56.72923078364951 50.5
      vertex 43.007170637921064 47.90655837177789 50.5
      vertex 44.9568504966679 48.428973515428325 50.5
    endloop
  endfacet
  facet normal 0 0 1
    outer loop
      vertex 41.188741794155405 48.871869745829265 50.5
      vertex 41.13465327993492 51.27155817228167 50.5
      vertex 41.096545461067635 51.22512366063941 50.5
    endloop
  endfacet
  facet normal 0 0 1
    outer loop
      vertex 41.188741794155405 48.871869745829265 50.5
      vertex 43.007170637921064 47.90655837177789 50.5
      vertex 45.613649439370974 56.72923078364951 50.5
    endloop
  endfacet
  facet normal 0 0 1
    outer loop
      vertex 41.188741794155405 48.871869745829265 50.5
      vertex 45.613649439370974 56.72923078364951 50.5
      vertex 41.13465327993492 51.27155817228167 50.5
    endloop
  endfacet
  facet normal -0.30182606260084505 0.3330137423251475 -0.8933100667503254
    outer loop
      vertex 37.4661714802933 53.44755752940566 41.12841530054645
      vertex 31.314728881118526 59.59900012858043 45.5
      vertex 37.56073876057445 53.533268316170314 41.12841530054645
    endloop
  endfacet
  facet normal -0.2677316328988225 0.3609943176669937 -0.893310066750326
    outer loop
      vertex 37.56073876057445 53.533268316170314 41.12841530054645
      vertex 32.04186385134754 60.25803685034232 45.5
      vertex 37.655604820354775 53.62074168114336 41.13533198361182
    endloop
  endfacet
  facet normal -0.23105880121501465 0.38549832039012405 -0.893310066750327
    outer loop
      vertex 37.655604820354775 53.62074168114336 41.13533198361182
      vertex 32.830094362787975 60.84262843974041 45.5
      vertex 37.75290312184024 53.71199290699239 41.14954380755671
    endloop
  endfacet
  facet normal -0.19216074696582566 0.4062897635531384 -0.8933100667503254
    outer loop
      vertex 37.75290312184024 53.71199290699239 41.14954380755671
      vertex 33.67182932472402 61.347144960198506 45.5
      vertex 37.85501435859335 53.80935422706891 41.17185983972407
    endloop
  endfacet
  facet normal -0.15141207967767334 0.42316841419251777 -0.8933100667503258
    outer loop
      vertex 37.85501435859335 53.80935422706891 41.17185983972407
      vertex 34.5589623693331 61.76672764182782 45.5
      vertex 37.96481437816404 53.915725022452534 41.203637956353056
    endloop
  endfacet
  facet normal -0.10920523129199394 0.4359717216758317 -0.8933100667503269
    outer loop
      vertex 37.96481437816404 53.915725022452534 41.203637956353056
      vertex 35.482949920439374 62.09733567403704 45.5
      vertex 38.086033346112714 54.0349444287328 41.24700312800313
    endloop
  endfacet
  facet normal 0.19216074696586907 0.4062897635531163 -0.8933100667503262
    outer loop
      vertex 39.48632576051574 55.18484451733589 41.92001057427829
      vertex 41.73187001286463 59.334458083893246 44.290353252014484
      vertex 39.99644522249076 55.54124377306419 42.19183814595075
    endloop
  endfacet
  facet normal 0.15141207967767295 0.42316841419251805 -0.8933100667503258
    outer loop
      vertex 39.11277193087147 54.92444850486777 41.733343104512954
      vertex 41.39878455258632 60.570575925831164 44.795429623063015
      vertex 39.12425743121706 54.934280743943994 41.73994745918319
    endloop
  endfacet
  facet normal 0.15141207967765416 0.42316841419252543 -0.8933100667503254
    outer loop
      vertex 39.12425743121706 54.934280743943994 41.73994745918319
      vertex 41.39878455258632 60.570575925831164 44.795429623063015
      vertex 39.48632576051574 55.18484451733589 41.92001057427829
    endloop
  endfacet
  facet normal 0.2310588012148371 0.38549832039022514 -0.8933100667503292
    outer loop
      vertex 39.99644522249076 55.54124377306419 42.19183814595075
      vertex 41.837621468974405 58.98584225314738 44.154546247077036
      vertex 40.04745256466978 55.57716243008802 42.22053174097945
    endloop
  endfacet
  facet normal 0.10920523129193789 0.43597172167584763 -0.8933100667503258
    outer loop
      vertex 38.81168603354965 54.66902261781608 41.57187775875794
      vertex 41.13950306292483 61.605685655549124 45.241822659603
      vertex 39.11277193087147 54.92444850486777 41.733343104512954
    endloop
  endfacet
  facet normal -0.06594667683119455 0.44457638315305514 -0.8933100667503249
    outer loop
      vertex 38.086033346112714 54.0349444287328 41.24700312800313
      vertex 36.43489347282272 62.33578512074726 45.5
      vertex 38.22383108027546 54.17239677947825 41.305236845772185
    endloop
  endfacet
  facet normal -0.022053019822472493 0.4488995310303178 -0.8933100667503252
    outer loop
      vertex 38.22383108027546 54.17239677947825 41.305236845772185
      vertex 37.4056252896884 62.47977958343692 45.5
      vertex 38.26777106795637 54.21680020348512 41.326465383879324
    endloop
  endfacet
  facet normal -0.022053019822505713 0.4488995310303147 -0.8933100667503259
    outer loop
      vertex 38.26777106795637 54.21680020348512 41.326465383879324
      vertex 37.4056252896884 62.47977958343692 45.5
      vertex 38.385796692984 54.31341374100724 41.37210121823733
    endloop
  endfacet
  facet normal 0.02205301982250504 0.44889953103031427 -0.8933100667503262
    outer loop
      vertex 38.57729644968074 54.47226197564253 41.4566519792491
      vertex 38.385796692984 54.31341374100724 41.37210121823733
      vertex 38.385796692984 62.52793231671495 45.5
    endloop
  endfacet
  facet normal 0.06594667683124215 0.44457638315304615 -0.8933100667503258
    outer loop
      vertex 38.57729644968074 54.47226197564253 41.4566519792491
      vertex 39.36596809627961 62.47977958343692 45.5
      vertex 38.81168603354965 54.66902261781608 41.57187775875794
    endloop
  endfacet
  facet normal -0.3018260626008582 0.33301374232513403 -0.893310066750326
    outer loop
      vertex 37.56073876057445 53.533268316170314 41.12841530054645
      vertex 31.314728881118526 59.59900012858043 45.5
      vertex 32.04186385134754 60.25803685034232 45.5
    endloop
  endfacet
  facet normal -0.2677316328988263 0.36099431766699025 -0.8933100667503262
    outer loop
      vertex 37.655604820354775 53.62074168114336 41.13533198361182
      vertex 32.04186385134754 60.25803685034232 45.5
      vertex 32.830094362787975 60.84262843974041 45.5
    endloop
  endfacet
  facet normal -0.23105880121497827 0.38549832039014875 -0.8933100667503256
    outer loop
      vertex 37.75290312184024 53.71199290699239 41.14954380755671
      vertex 32.830094362787975 60.84262843974041 45.5
      vertex 33.67182932472402 61.347144960198506 45.5
    endloop
  endfacet
  facet normal -0.1921607469658422 0.40628976355312957 -0.893310066750326
    outer loop
      vertex 37.85501435859335 53.80935422706891 41.17185983972407
      vertex 33.67182932472402 61.347144960198506 45.5
      vertex 34.5589623693331 61.76672764182782 45.5
    endloop
  endfacet
  facet normal -0.15141207967767614 0.42316841419251644 -0.893310066750326
    outer loop
      vertex 37.96481437816404 53.915725022452534 41.203637956353056
      vertex 34.5589623693331 61.76672764182782 45.5
      vertex 35.482949920439374 62.09733567403704 45.5
    endloop
  endfacet
  facet normal -0.109205231291953 0.43597172167584425 -0.8933100667503256
    outer loop
      vertex 38.086033346112714 54.0349444287328 41.24700312800313
      vertex 35.482949920439374 62.09733567403704 45.5
      vertex 36.43489347282272 62.33578512074726 45.5
    endloop
  endfacet
  facet normal -0.06594667683123286 0.44457638315304737 -0.8933100667503258
    outer loop
      vertex 38.22383108027546 54.17239677947825 41.305236845772185
      vertex 36.43489347282272 62.33578512074726 45.5
      vertex 37.4056252896884 62.47977958343692 45.5
    endloop
  endfacet
  facet normal 0.23105880121497033 0.38549832039015497 -0.8933100667503249
    outer loop
      vertex 40.04745256466978 55.57716243008802 42.22053174097945
      vertex 41.99720013186103 58.348768519789175 43.92089971448229
      vertex 40.64888482170706 55.91488305158174 42.5218346801136
    endloop
  endfacet
  facet normal 0.2677316328988338 0.3609943176669862 -0.8933100667503256
    outer loop
      vertex 40.64888482170706 55.91488305158174 42.5218346801136
      vertex 42.08398810898957 58.06266690134893 43.81988376182131
      vertex 41.03453265601912 56.13331803161022 42.725687650937836
    endloop
  endfacet
  facet normal 0.26773163289883845 0.36099431766698026 -0.8933100667503265
    outer loop
      vertex 41.03453265601912 56.13331803161022 42.725687650937836
      vertex 42.217411260371726 57.53001182309555 43.64462114678168
      vertex 41.51917431228179 56.34596399282778 42.956870409716814
    endloop
  endfacet
  facet normal 0.30182606260084816 0.33301374232513853 -0.8933100667503279
    outer loop
      vertex 41.51917431228179 56.34596399282778 42.956870409716814
      vertex 42.291218367985806 57.286702396612355 43.568418240883815
      vertex 42.07849613087363 56.59385250089717 43.23826003168573
    endloop
  endfacet
  facet normal 0.3018260626008468 0.3330137423251638 -0.8933100667503189
    outer loop
      vertex 42.07849613087363 56.59385250089717 43.23826003168573
      vertex 42.40647630973148 56.82656690030688 43.43582867621943
      vertex 42.44118294781589 56.71215444762505 43.4049037464047
    endloop
  endfacet
  facet normal 0.2677316328988195 0.36099431766699197 -0.8933100667503276
    outer loop
      vertex 41.51917431228179 56.34596399282778 42.956870409716814
      vertex 42.217411260371726 57.53001182309555 43.64462114678168
      vertex 42.291218367985806 57.286702396612355 43.568418240883815
    endloop
  endfacet
  facet normal 0.2677316328988258 0.3609943176669909 -0.8933100667503261
    outer loop
      vertex 41.03453265601912 56.13331803161022 42.725687650937836
      vertex 42.08398810898957 58.06266690134893 43.81988376182131
      vertex 42.217411260371726 57.53001182309555 43.64462114678168
    endloop
  endfacet
  facet normal 0.23105880121495803 0.38549832039016213 -0.8933100667503252
    outer loop
      vertex 40.64888482170706 55.91488305158174 42.5218346801136
      vertex 41.99720013186103 58.348768519789175 43.92089971448229
      vertex 42.08398810898957 58.06266690134893 43.81988376182131
    endloop
  endfacet
  facet normal 0.23105880121498273 0.38549832039014637 -0.8933100667503256
    outer loop
      vertex 40.04745256466978 55.57716243008802 42.22053174097945
      vertex 41.837621468974405 58.98584225314738 44.154546247077036
      vertex 41.99720013186103 58.348768519789175 43.92089971448229
    endloop
  endfacet
  facet normal 0.1921607469658503 0.40628976355312507 -0.8933100667503261
    outer loop
      vertex 39.99644522249076 55.54124377306419 42.19183814595075
      vertex 41.73187001286463 59.334458083893246 44.290353252014484
      vertex 41.837621468974405 58.98584225314738 44.154546247077036
    endloop
  endfacet
  facet normal 0.1921607469658413 0.4062897635531311 -0.8933100667503253
    outer loop
      vertex 39.48632576051574 55.18484451733589 41.92001057427829
      vertex 41.53338062575811 60.12687213592585 44.608056879801595
      vertex 41.73187001286463 59.334458083893246 44.290353252014484
    endloop
  endfacet
  facet normal 0.30182606260087447 0.3330137423251281 -0.8933100667503229
    outer loop
      vertex 42.07849613087363 56.59385250089717 43.23826003168573
      vertex 42.291218367985806 57.286702396612355 43.568418240883815
      vertex 42.40647630973148 56.82656690030688 43.43582867621943
    endloop
  endfacet
  facet normal 0.15141207967767925 0.42316841419251644 -0.8933100667503255
    outer loop
      vertex 39.48632576051574 55.18484451733589 41.92001057427829
      vertex 41.39878455258632 60.570575925831164 44.795429623063015
      vertex 41.53338062575811 60.12687213592585 44.608056879801595
    endloop
  endfacet
  facet normal 0.15141207967768278 0.423168414192514 -0.8933100667503259
    outer loop
      vertex 39.11277193087147 54.92444850486777 41.733343104512954
      vertex 41.13950306292483 61.605685655549124 45.241822659603
      vertex 41.39878455258632 60.570575925831164 44.795429623063015
    endloop
  endfacet
  facet normal 0.022053019822510258 0.4488995310303143 -0.893310066750326
    outer loop
      vertex 38.57729644968074 54.47226197564253 41.4566519792491
      vertex 38.385796692984 62.52793231671495 45.5
      vertex 39.36596809627961 62.47977958343692 45.5
    endloop
  endfacet
  facet normal 0.10920523129194927 0.435971721675844 -0.8933100667503261
    outer loop
      vertex 38.81168603354965 54.66902261781608 41.57187775875794
      vertex 40.33669991314528 62.33578512074726 45.5
      vertex 41.13950306292483 61.605685655549124 45.241822659603
    endloop
  endfacet
  facet normal 0.06594667683123324 0.44457638315304693 -0.8933100667503261
    outer loop
      vertex 38.81168603354965 54.66902261781608 41.57187775875794
      vertex 39.36596809627961 62.47977958343692 45.5
      vertex 40.33669991314528 62.33578512074726 45.5
    endloop
  endfacet
  facet normal -0.022053019822510483 0.44889953103031416 -0.8933100667503261
    outer loop
      vertex 38.385796692984 54.31341374100724 41.37210121823733
      vertex 37.4056252896884 62.47977958343692 45.5
      vertex 38.385796692984 62.52793231671495 45.5
    endloop
  endfacet
  facet normal 0.10920523129195525 0.43597172167584936 -0.8933100667503228
    outer loop
      vertex 41.13950306292483 61.605685655549124 45.241822659603
      vertex 40.33669991314528 62.33578512074726 45.5
      vertex 40.96583419526605 62.17819518686669 45.5
    endloop
  endfacet
  facet normal 0 0 1
    outer loop
      vertex 30.655692159356633 58.87186515835141 50.5
      vertex 39.898798273995915 51.9430256969526 50.5
      vertex 40.21014495509838 59.32669131590479 50.5
    endloop
  endfacet
  facet normal -0.6715589548470196 0.7409511253549579 -6.128906366370384e-19
    outer loop
      vertex 31.314728881118526 59.59900012858043 45.5
      vertex 32.04186385134754 60.25803685034232 50.5
      vertex 32.04186385134754 60.25803685034232 45.5
    endloop
  endfacet
  facet normal -0.5956993044924368 0.8032075314806424 -1.938596766798741e-18
    outer loop
      vertex 32.04186385134754 60.25803685034232 45.5
      vertex 32.830094362787975 60.84262843974041 50.5
      vertex 32.830094362787975 60.84262843974041 45.5
    endloop
  endfacet
  facet normal -0.5141027441932199 0.8577286100002731 0
    outer loop
      vertex 32.830094362787975 60.84262843974041 45.5
      vertex 32.830094362787975 60.84262843974041 50.5
      vertex 33.67182932472402 61.347144960198506 45.5
    endloop
  endfacet
  facet normal -0.42755509343027986 0.9039892931234444 0
    outer loop
      vertex 33.67182932472402 61.347144960198506 45.5
      vertex 33.67182932472402 61.347144960198506 50.5
      vertex 34.5589623693331 61.76672764182782 45.5
    endloop
  endfacet
  facet normal -0.33688985339221966 0.9415440651830209 0
    outer loop
      vertex 34.5589623693331 61.76672764182782 45.5
      vertex 34.5589623693331 61.76672764182782 50.5
      vertex 35.482949920439374 62.09733567403704 45.5
    endloop
  endfacet
  facet normal -0.6715589548470196 0.7409511253549579 0
    outer loop
      vertex 31.314728881118526 59.59900012858043 45.5
      vertex 31.314728881118526 59.59900012858043 50.5
      vertex 32.04186385134754 60.25803685034232 50.5
    endloop
  endfacet
  facet normal -0.5956993044924368 0.8032075314806424 0
    outer loop
      vertex 32.04186385134754 60.25803685034232 45.5
      vertex 32.04186385134754 60.25803685034232 50.5
      vertex 32.830094362787975 60.84262843974041 50.5
    endloop
  endfacet
  facet normal 0 0 1
    outer loop
      vertex 30.655692159356633 58.87186515835141 50.5
      vertex 32.04186385134754 60.25803685034232 50.5
      vertex 31.314728881118526 59.59900012858043 50.5
    endloop
  endfacet
  facet normal 0 0 1
    outer loop
      vertex 30.655692159356633 58.87186515835141 50.5
      vertex 33.67182932472402 61.347144960198506 50.5
      vertex 32.04186385134754 60.25803685034232 50.5
    endloop
  endfacet
  facet normal 0 0 1
    outer loop
      vertex 32.04186385134754 60.25803685034232 50.5
      vertex 33.67182932472402 61.347144960198506 50.5
      vertex 32.830094362787975 60.84262843974041 50.5
    endloop
  endfacet
  facet normal 0 0 1
    outer loop
      vertex 30.655692159356633 58.87186515835141 50.5
      vertex 40.21014495509838 59.32669131590479 50.5
      vertex 40.30656084884443 61.28928191958666 50.5
    endloop
  endfacet
  facet normal -0.5141027441932199 0.8577286100002731 0
    outer loop
      vertex 33.67182932472402 61.347144960198506 45.5
      vertex 32.830094362787975 60.84262843974041 50.5
      vertex 33.67182932472402 61.347144960198506 50.5
    endloop
  endfacet
  facet normal -0.42755509343027986 0.9039892931234444 0
    outer loop
      vertex 34.5589623693331 61.76672764182782 45.5
      vertex 33.67182932472402 61.347144960198506 50.5
      vertex 34.5589623693331 61.76672764182782 50.5
    endloop
  endfacet
  facet normal -0.33688985339221966 0.9415440651830209 0
    outer loop
      vertex 35.482949920439374 62.09733567403704 45.5
      vertex 34.5589623693331 61.76672764182782 50.5
      vertex 35.482949920439374 62.09733567403704 50.5
    endloop
  endfacet
  facet normal 0 0 1
    outer loop
      vertex 30.655692159356633 58.87186515835141 50.5
      vertex 36.43489347282272 62.33578512074726 50.5
      vertex 33.67182932472402 61.347144960198506 50.5
    endloop
  endfacet
  facet normal 0 0 1
    outer loop
      vertex 30.655692159356633 58.87186515835141 50.5
      vertex 40.30656084884443 61.28928191958666 50.5
      vertex 36.43489347282272 62.33578512074726 50.5
    endloop
  endfacet
  facet normal 0 0 1
    outer loop
      vertex 33.67182932472402 61.347144960198506 50.5
      vertex 35.482949920439374 62.09733567403704 50.5
      vertex 34.5589623693331 61.76672764182782 50.5
    endloop
  endfacet
  facet normal 0 0 1
    outer loop
      vertex 33.67182932472402 61.347144960198506 50.5
      vertex 36.43489347282272 62.33578512074726 50.5
      vertex 35.482949920439374 62.09733567403704 50.5
    endloop
  endfacet
  facet normal 0 0 1
    outer loop
      vertex 40.96583419526605 62.17819518686669 50.5
      vertex 41.1299434185193 62.128903076090936 50.5
      vertex 41.13758452382527 62.13517396915403 50.5
    endloop
  endfacet
  facet normal 0 0 1
    outer loop
      vertex 41.235116911953526 62.01158217845359 50.5
      vertex 41.72929958790137 61.81433163253041 50.5
      vertex 41.875942410325514 61.85106374735331 50.5
    endloop
  endfacet
  facet normal -0.04906767432741744 0.9987954562051724 2.4107553692136668e-20
    outer loop
      vertex 37.4056252896884 62.47977958343692 45.5
      vertex 38.385796692984 62.52793231671495 50.5
      vertex 38.385796692984 62.52793231671495 45.5
    endloop
  endfacet
  facet normal -0.1467304744553588 0.9891765099647813 0
    outer loop
      vertex 36.43489347282272 62.33578512074726 45.5
      vertex 36.43489347282272 62.33578512074726 50.5
      vertex 37.4056252896884 62.47977958343692 45.5
    endloop
  endfacet
  facet normal -0.24298017990326629 0.9700312531945434 0
    outer loop
      vertex 36.43489347282272 62.33578512074726 45.5
      vertex 35.482949920439374 62.09733567403704 45.5
      vertex 36.43489347282272 62.33578512074726 50.5
    endloop
  endfacet
  facet normal 0.14673047445535986 0.9891765099647813 0
    outer loop
      vertex 39.36596809627961 62.47977958343692 45.5
      vertex 39.36596809627961 62.47977958343692 50.5
      vertex 40.33669991314528 62.33578512074726 45.5
    endloop
  endfacet
  facet normal 0.04906767432741708 0.9987954562051724 0
    outer loop
      vertex 38.385796692984 62.52793231671495 45.5
      vertex 38.385796692984 62.52793231671495 50.5
      vertex 39.36596809627961 62.47977958343692 45.5
    endloop
  endfacet
  facet normal 0.24298017990326778 0.9700312531945431 -6.925997013877009e-19
    outer loop
      vertex 40.96583419526605 62.17819518686669 45.5
      vertex 40.33669991314528 62.33578512074726 45.5
      vertex 40.33669991314528 62.33578512074726 50.5
    endloop
  endfacet
  facet normal 0 0 1
    outer loop
      vertex 36.43489347282272 62.33578512074726 50.5
      vertex 39.36596809627961 62.47977958343692 50.5
      vertex 37.4056252896884 62.47977958343692 50.5
    endloop
  endfacet
  facet normal -0.24298017990326629 0.9700312531945434 0
    outer loop
      vertex 35.482949920439374 62.09733567403704 45.5
      vertex 35.482949920439374 62.09733567403704 50.5
      vertex 36.43489347282272 62.33578512074726 50.5
    endloop
  endfacet
  facet normal -0.1467304744553588 0.9891765099647813 0
    outer loop
      vertex 37.4056252896884 62.47977958343692 45.5
      vertex 36.43489347282272 62.33578512074726 50.5
      vertex 37.4056252896884 62.47977958343692 50.5
    endloop
  endfacet
  facet normal -0.04906767432741744 0.9987954562051724 0
    outer loop
      vertex 37.4056252896884 62.47977958343692 45.5
      vertex 37.4056252896884 62.47977958343692 50.5
      vertex 38.385796692984 62.52793231671495 50.5
    endloop
  endfacet
  facet normal 0.14673047445535986 0.9891765099647813 0
    outer loop
      vertex 40.33669991314528 62.33578512074726 45.5
      vertex 39.36596809627961 62.47977958343692 50.5
      vertex 40.33669991314528 62.33578512074726 50.5
    endloop
  endfacet
  facet normal 0.04906767432741708 0.9987954562051724 0
    outer loop
      vertex 39.36596809627961 62.47977958343692 45.5
      vertex 38.385796692984 62.52793231671495 50.5
      vertex 39.36596809627961 62.47977958343692 50.5
    endloop
  endfacet
  facet normal 0.24298017990326778 0.9700312531945431 0
    outer loop
      vertex 40.96583419526605 62.17819518686669 45.5
      vertex 40.33669991314528 62.33578512074726 50.5
      vertex 40.96583419526605 62.17819518686669 50.5
    endloop
  endfacet
  facet normal 0 0 1
    outer loop
      vertex 40.30656084884443 61.28928191958666 50.5
      vertex 41.72929958790137 61.81433163253041 50.5
      vertex 36.43489347282272 62.33578512074726 50.5
    endloop
  endfacet
  facet normal 0 0 1
    outer loop
      vertex 41.72929958790137 61.81433163253041 50.5
      vertex 39.36596809627961 62.47977958343692 50.5
      vertex 36.43489347282272 62.33578512074726 50.5
    endloop
  endfacet
  facet normal 0 0 1
    outer loop
      vertex 37.4056252896884 62.47977958343692 50.5
      vertex 39.36596809627961 62.47977958343692 50.5
      vertex 38.385796692984 62.52793231671495 50.5
    endloop
  endfacet
  facet normal 0 0 1
    outer loop
      vertex 41.235116911953526 62.01158217845359 50.5
      vertex 41.1299434185193 62.128903076090936 50.5
      vertex 39.36596809627961 62.47977958343692 50.5
    endloop
  endfacet
  facet normal 0 0 1
    outer loop
      vertex 41.1299434185193 62.128903076090936 50.5
      vertex 40.33669991314528 62.33578512074726 50.5
      vertex 39.36596809627961 62.47977958343692 50.5
    endloop
  endfacet
  facet normal 0 0 1
    outer loop
      vertex 41.235116911953526 62.01158217845359 50.5
      vertex 39.36596809627961 62.47977958343692 50.5
      vertex 41.72929958790137 61.81433163253041 50.5
    endloop
  endfacet
  facet normal 0 0 1
    outer loop
      vertex 40.96583419526605 62.17819518686669 50.5
      vertex 40.33669991314528 62.33578512074726 50.5
      vertex 41.1299434185193 62.128903076090936 50.5
    endloop
  endfacet
  facet normal 0 0 1
    outer loop
      vertex 49.552058513041196 45.57326729899109 50.5
      vertex 50.064597748315435 46.46553812001296 50.5
      vertex 49.06732773077161 45.799183598052764 50.5
    endloop
  endfacet
  facet normal 0 0 1
    outer loop
      vertex 49.552058513041196 45.57326729899109 50.5
      vertex 52.444070295508 46.45054948215575 50.5
      vertex 50.064597748315435 46.46553812001296 50.5
    endloop
  endfacet
  facet normal 0 0 1
    outer loop
      vertex 50.064597748315435 46.46553812001296 50.5
      vertex 49.939394933909526 50.410448333791265 50.5
      vertex 48.65214423843413 46.81282364867939 50.5
    endloop
  endfacet
  facet normal 0 0 1
    outer loop
      vertex 50.064597748315435 46.46553812001296 50.5
      vertex 52.32078689139931 47.97307550852705 50.5
      vertex 49.939394933909526 50.410448333791265 50.5
    endloop
  endfacet
  facet normal -0.4062897635531391 0.1921607469658177 -0.8933100667503269
    outer loop
      vertex 43.76948172868157 56.88712318536285 42.80042568487076
      vertex 42.217411260371726 57.53001182309555 43.64462114678168
      vertex 44.32682511153177 56.9303470099143 42.55623612858699
    endloop
  endfacet
  facet normal -0.4231684141925083 0.15141207967769965 -0.8933100667503259
    outer loop
      vertex 43.76948172868157 56.88712318536285 42.80042568487076
      vertex 43.19172907570176 56.844469302817224 43.06688228236587
      vertex 42.291218367985806 57.286702396612355 43.568418240883815
    endloop
  endfacet
  facet normal -0.38549832039014054 0.23105880121499645 -0.8933100667503245
    outer loop
      vertex 45.36401561370685 56.907535983597924 42.09520532671792
      vertex 44.66643789460397 56.92203121110269 42.39998672242834
      vertex 41.99720013186103 58.348768519789175 43.92089971448229
    endloop
  endfacet
  facet normal -0.36099431766699613 0.26773163289881924 -0.893310066750326
    outer loop
      vertex 45.45686450484948 56.906021359807404 42.05723034348702
      vertex 45.36401561370685 56.907535983597924 42.09520532671792
      vertex 41.73187001286463 59.334458083893246 44.290353252014484
    endloop
  endfacet
  facet normal -0.36099431766699047 0.2677316328988279 -0.8933100667503259
    outer loop
      vertex 45.45686450484948 56.906021359807404 42.05723034348702
      vertex 41.73187001286463 59.334458083893246 44.290353252014484
      vertex 45.933464410412064 56.84906034331566 41.84756056516807
    endloop
  endfacet
  facet normal -0.3330137423251399 0.3018260626008522 -0.893310066750326
    outer loop
      vertex 46.3613155243382 56.799862199276646 41.67144077365892
      vertex 45.933464410412064 56.84906034331566 41.84756056516807
      vertex 41.39878455258632 60.570575925831164 44.795429623063015
    endloop
  endfacet
  facet normal -0.2677316328988309 0.36099431766698725 -0.8933100667503261
    outer loop
      vertex 46.9955358295811 56.686839140178776 41.42416307476495
      vertex 46.705980234093886 56.7477900372558 41.535575812179125
      vertex 41.70112211423823 62.846227301367534 45.5
    endloop
  endfacet
  facet normal -0.4062897635531295 0.1921607469658447 -0.8933100667503254
    outer loop
      vertex 44.66643789460397 56.92203121110269 42.39998672242834
      vertex 44.32682511153177 56.9303470099143 42.55623612858699
      vertex 42.08398810898957 58.06266690134893 43.81988376182131
    endloop
  endfacet
  facet normal -0.3018260626008367 0.33301374232515596 -0.8933100667503252
    outer loop
      vertex 46.3613155243382 56.799862199276646 41.67144077365892
      vertex 40.97398714400921 62.187190579605634 45.5
      vertex 46.57177766940314 56.77676783195099 41.59172186651587
    endloop
  endfacet
  facet normal -0.301826062600881 0.3330137423251156 -0.8933100667503252
    outer loop
      vertex 46.705980234093886 56.7477900372558 41.535575812179125
      vertex 46.57177766940314 56.77676783195099 41.59172186651587
      vertex 41.70112211423823 62.846227301367534 45.5
    endloop
  endfacet
  facet normal 0 0 1
    outer loop
      vertex 47.14229828246732 49.42795421222834 50.5
      vertex 46.353514691640214 48.80320855856862 50.5
      vertex 48.37613727323892 46.78058597696992 50.5
    endloop
  endfacet
  facet normal 0 0 1
    outer loop
      vertex 45.97779114461987 48.70771707316992 50.5
      vertex 44.9568504966679 48.428973515428325 50.5
      vertex 46.353514691640214 48.80320855856862 50.5
    endloop
  endfacet
  facet normal 0 0 1
    outer loop
      vertex 45.97779114461987 48.70771707316992 50.5
      vertex 46.353514691640214 48.80320855856862 50.5
      vertex 47.14229828246732 49.42795421222834 50.5
    endloop
  endfacet
  facet normal 0 0 1
    outer loop
      vertex 47.14229828246732 49.42795421222834 50.5
      vertex 48.37613727323892 46.78058597696992 50.5
      vertex 46.43560656889719 52.80332173028813 50.5
    endloop
  endfacet
  facet normal 0 0 1
    outer loop
      vertex 45.97779114461987 48.70771707316992 50.5
      vertex 45.83977172775375 51.74808467936667 50.5
      vertex 44.9568504966679 48.428973515428325 50.5
    endloop
  endfacet
  facet normal 0 0 1
    outer loop
      vertex 41.13465327993492 51.27155817228167 50.5
      vertex 45.613649439370974 56.72923078364951 50.5
      vertex 39.898798273995915 51.9430256969526 50.5
    endloop
  endfacet
  facet normal 0 0 1
    outer loop
      vertex 45.83977172775375 51.74808467936667 50.5
      vertex 45.613649439370974 56.72923078364951 50.5
      vertex 44.9568504966679 48.428973515428325 50.5
    endloop
  endfacet
  facet normal 0 0 1
    outer loop
      vertex 46.43560656889719 52.80332173028813 50.5
      vertex 48.37613727323892 46.78058597696992 50.5
      vertex 50.37795584485582 56.84440753813052 50.5
    endloop
  endfacet
  facet normal 0 0 1
    outer loop
      vertex 45.83977172775375 51.74808467936667 50.5
      vertex 46.43560656889719 52.80332173028813 50.5
      vertex 45.613649439370974 56.72923078364951 50.5
    endloop
  endfacet
  facet normal 0 0 1
    outer loop
      vertex 39.898798273995915 51.9430256969526 50.5
      vertex 45.613649439370974 56.72923078364951 50.5
      vertex 40.21014495509838 59.32669131590479 50.5
    endloop
  endfacet
  facet normal 0 0 1
    outer loop
      vertex 46.43560656889719 52.80332173028813 50.5
      vertex 50.37795584485582 56.84440753813052 50.5
      vertex 45.613649439370974 56.72923078364951 50.5
    endloop
  endfacet
  facet normal -0.4359717216758264 0.10920523129202711 -0.8933100667503253
    outer loop
      vertex 42.659002870140846 56.74996380568393 43.30322085908438
      vertex 42.44118294781589 56.71215444762505 43.4049037464047
      vertex 42.40647630973148 56.82656690030688 43.43582867621943
    endloop
  endfacet
  facet normal -0.4231684141925233 0.1514120796776672 -0.8933100667503242
    outer loop
      vertex 42.659002870140846 56.74996380568393 43.30322085908438
      vertex 42.291218367985806 57.286702396612355 43.568418240883815
      vertex 43.19172907570176 56.844469302817224 43.06688228236587
    endloop
  endfacet
  facet normal -0.42316841419251305 0.1514120796776834 -0.8933100667503264
    outer loop
      vertex 43.76948172868157 56.88712318536285 42.80042568487076
      vertex 42.291218367985806 57.286702396612355 43.568418240883815
      vertex 42.217411260371726 57.53001182309555 43.64462114678168
    endloop
  endfacet
  facet normal -0.4062897635531323 0.1921607469658391 -0.8933100667503252
    outer loop
      vertex 44.32682511153177 56.9303470099143 42.55623612858699
      vertex 42.217411260371726 57.53001182309555 43.64462114678168
      vertex 42.08398810898957 58.06266690134893 43.81988376182131
    endloop
  endfacet
  facet normal -0.40628976355312435 0.19216074696585614 -0.8933100667503252
    outer loop
      vertex 44.66643789460397 56.92203121110269 42.39998672242834
      vertex 42.08398810898957 58.06266690134893 43.81988376182131
      vertex 41.99720013186103 58.348768519789175 43.92089971448229
    endloop
  endfacet
  facet normal -0.42316841419252466 0.15141207967766604 -0.8933100667503238
    outer loop
      vertex 42.659002870140846 56.74996380568393 43.30322085908438
      vertex 42.40647630973148 56.82656690030688 43.43582867621943
      vertex 42.291218367985806 57.286702396612355 43.568418240883815
    endloop
  endfacet
  facet normal -0.38549832039015003 0.2310588012149759 -0.8933100667503258
    outer loop
      vertex 45.36401561370685 56.907535983597924 42.09520532671792
      vertex 41.99720013186103 58.348768519789175 43.92089971448229
      vertex 41.837621468974405 58.98584225314738 44.154546247077036
    endloop
  endfacet
  facet normal -0.3854983203901477 0.23105880121497985 -0.8933100667503258
    outer loop
      vertex 45.36401561370685 56.907535983597924 42.09520532671792
      vertex 41.837621468974405 58.98584225314738 44.154546247077036
      vertex 41.73187001286463 59.334458083893246 44.290353252014484
    endloop
  endfacet
  facet normal -0.36099431766698925 0.26773163289882984 -0.8933100667503254
    outer loop
      vertex 45.933464410412064 56.84906034331566 41.84756056516807
      vertex 41.73187001286463 59.334458083893246 44.290353252014484
      vertex 41.53338062575811 60.12687213592585 44.608056879801595
    endloop
  endfacet
  facet normal -0.36099431766700074 0.2677316328988141 -0.8933100667503255
    outer loop
      vertex 45.933464410412064 56.84906034331566 41.84756056516807
      vertex 41.53338062575811 60.12687213592585 44.608056879801595
      vertex 41.39878455258632 60.570575925831164 44.795429623063015
    endloop
  endfacet
  facet normal -0.333013742325137 0.30182606260085626 -0.8933100667503256
    outer loop
      vertex 46.3613155243382 56.799862199276646 41.67144077365892
      vertex 41.39878455258632 60.570575925831164 44.795429623063015
      vertex 41.13950306292483 61.605685655549124 45.241822659603
    endloop
  endfacet
  facet normal -0.33301374232513475 0.3018260626008597 -0.8933100667503254
    outer loop
      vertex 46.3613155243382 56.799862199276646 41.67144077365892
      vertex 41.13950306292483 61.605685655549124 45.241822659603
      vertex 40.96583419526605 62.17819518686669 45.5
    endloop
  endfacet
  facet normal -0.3330137423251191 0.30182606260086065 -0.8933100667503309
    outer loop
      vertex 46.3613155243382 56.799862199276646 41.67144077365892
      vertex 40.96583419526605 62.17819518686669 45.5
      vertex 40.97398714400921 62.187190579605634 45.5
    endloop
  endfacet
  facet normal -0.30182606260085826 0.33301374232513425 -0.893310066750326
    outer loop
      vertex 46.57177766940314 56.77676783195099 41.59172186651587
      vertex 40.97398714400921 62.187190579605634 45.5
      vertex 41.70112211423823 62.846227301367534 45.5
    endloop
  endfacet
  facet normal -0.7409511253549377 0.6715589548470421 8.001398417983452e-20
    outer loop
      vertex 40.96583419526605 62.17819518686669 45.5
      vertex 40.97398714400921 62.187190579605634 50.5
      vertex 40.97398714400921 62.187190579605634 45.5
    endloop
  endfacet
  facet normal -0.67155895484702 0.7409511253549577 4.2515124553918935e-18
    outer loop
      vertex 40.97398714400921 62.187190579605634 45.5
      vertex 41.70112211423823 62.846227301367534 50.5
      vertex 41.70112211423823 62.846227301367534 45.5
    endloop
  endfacet
  facet normal 0 0 1
    outer loop
      vertex 45.613649439370974 56.72923078364951 50.5
      vertex 40.30656084884443 61.28928191958666 50.5
      vertex 40.21014495509838 59.32669131590479 50.5
    endloop
  endfacet
  facet normal 0 0 1
    outer loop
      vertex 45.613649439370974 56.72923078364951 50.5
      vertex 41.72929958790137 61.81433163253041 50.5
      vertex 40.30656084884443 61.28928191958666 50.5
    endloop
  endfacet
  facet normal 0 0 1
    outer loop
      vertex 45.613649439370974 56.72923078364951 50.5
      vertex 41.875942410325514 61.85106374735331 50.5
      vertex 41.72929958790137 61.81433163253041 50.5
    endloop
  endfacet
  facet normal -0.7409511253549377 0.6715589548470421 0
    outer loop
      vertex 40.96583419526605 62.17819518686669 45.5
      vertex 40.96583419526605 62.17819518686669 50.5
      vertex 40.97398714400921 62.187190579605634 50.5
    endloop
  endfacet
  facet normal -0.67155895484702 0.7409511253549577 0
    outer loop
      vertex 40.97398714400921 62.187190579605634 45.5
      vertex 40.97398714400921 62.187190579605634 50.5
      vertex 41.70112211423823 62.846227301367534 50.5
    endloop
  endfacet
  facet normal 0 0 1
    outer loop
      vertex 41.235116911953526 62.01158217845359 50.5
      vertex 41.13758452382527 62.13517396915403 50.5
      vertex 41.1299434185193 62.128903076090936 50.5
    endloop
  endfacet
  facet normal 0 0 1
    outer loop
      vertex 40.96583419526605 62.17819518686669 50.5
      vertex 41.70112211423823 62.846227301367534 50.5
      vertex 40.97398714400921 62.187190579605634 50.5
    endloop
  endfacet
  facet normal 0 0 1
    outer loop
      vertex 40.96583419526605 62.17819518686669 50.5
      vertex 41.13758452382527 62.13517396915403 50.5
      vertex 41.70112211423823 62.846227301367534 50.5
    endloop
  endfacet
  facet normal 0.4445763831530504 0.06594667683120171 -0.8933100667503266
    outer loop
      vertex 51.07056652326859 55.41410964788612 42.002588303561865
      vertex 50.84190951436919 55.53157510922399 41.89746349564043
      vertex 55.88864939102229 55.88864939102229 44.43545036910176
    endloop
  endfacet
  facet normal 0.4445763831530465 0.06594667683124661 -0.8933100667503253
    outer loop
      vertex 50.84190951436919 55.53157510922399 41.89746349564043
      vertex 50.602725778597986 55.62487512606593 41.78531585751561
      vertex 55.88864939102229 55.88864939102229 44.43545036910176
    endloop
  endfacet
  facet normal 0.43597172167584625 -0.10920523129195434 -0.8933100667503244
    outer loop
      vertex 53.216551355941974 54.0874481759074 43.124528645334046
      vertex 53.94295709139106 53.94295709139106 43.49670797454797
      vertex 53.705679590369535 53.705679590369535 43.409913546564056
    endloop
  endfacet
  facet normal 0.4445763831530487 -0.06594667683123019 -0.8933100667503254
    outer loop
      vertex 53.216551355941974 54.0874481759074 43.124528645334046
      vertex 52.80526662393381 54.41091839439189 42.895963814190985
      vertex 54.48212655266203 54.48212655266203 43.72523509226126
    endloop
  endfacet
  facet normal 0.4445763831530487 -0.06594667683122397 -0.8933100667503259
    outer loop
      vertex 52.3633310360143 54.69080969652354 42.65536199572576
      vertex 54.48212655266203 54.48212655266203 43.72523509226126
      vertex 52.80526662393381 54.41091839439189 42.895963814190985
    endloop
  endfacet
  facet normal 0.44457638315304976 -0.06594667683123502 -0.8933100667503244
    outer loop
      vertex 53.216551355941974 54.0874481759074 43.124528645334046
      vertex 54.48212655266203 54.48212655266203 43.72523509226126
      vertex 53.94295709139106 53.94295709139106 43.49670797454797
    endloop
  endfacet
  facet normal 0.4488995310303151 -0.022053019822507618 -0.8933100667503255
    outer loop
      vertex 52.3633310360143 54.69080969652354 42.65536199572576
      vertex 55.11612276774016 55.11612276774016 44.0281747798319
      vertex 54.48212655266203 54.48212655266203 43.72523509226126
    endloop
  endfacet
  facet normal 0.44889953103031505 -0.022053019822507486 -0.8933100667503256
    outer loop
      vertex 52.3633310360143 54.69080969652354 42.65536199572576
      vertex 51.8470591657301 55.02046665887765 42.387790700072884
      vertex 55.11612276774016 55.11612276774016 44.0281747798319
    endloop
  endfacet
  facet normal 0.44889953103031505 -0.02205301982250423 -0.8933100667503258
    outer loop
      vertex 51.65705267089958 55.11612276774016 42.289948600515025
      vertex 55.11612276774016 55.11612276774016 44.0281747798319
      vertex 51.8470591657301 55.02046665887765 42.387790700072884
    endloop
  endfacet
  facet normal 0.448899531030314 0.022053019822510272 -0.8933100667503261
    outer loop
      vertex 51.65705267089958 55.11612276774016 42.289948600515025
      vertex 51.07056652326859 55.41410964788612 42.002588303561865
      vertex 55.88864939102229 55.88864939102229 44.43545036910176
    endloop
  endfacet
  facet normal 0.44889953103031505 0.02205301982250407 -0.8933100667503258
    outer loop
      vertex 51.65705267089958 55.11612276774016 42.289948600515025
      vertex 55.88864939102229 55.88864939102229 44.43545036910176
      vertex 55.11612276774016 55.11612276774016 44.0281747798319
    endloop
  endfacet
  facet normal 0.4445763831530473 0.06594667683123365 -0.8933100667503259
    outer loop
      vertex 50.602725778597986 55.62487512606593 41.78531585751561
      vertex 56.87188927952558 56.87188927952558 44.997367955459374
      vertex 55.88864939102229 55.88864939102229 44.43545036910176
    endloop
  endfacet
  facet normal 0.4062897635531364 0.19216074696582908 -0.8933100667503256
    outer loop
      vertex 49.80120322609618 55.945025965225845 41.451901000741664
      vertex 56.864267599358236 59.83009013600014 45.5
      vertex 49.924617355391284 55.89466300494645 41.49719782974856
    endloop
  endfacet
  facet normal 0.4062897635531204 0.19216074696585891 -0.8933100667503264
    outer loop
      vertex 49.80120322609618 55.945025965225845 41.451901000741664
      vertex 49.66826116351338 55.98374456166749 41.39976590622879
      vertex 56.864267599358236 59.83009013600014 45.5
    endloop
  endfacet
  facet normal 0.38549832039015836 0.2310588012149628 -0.8933100667503256
    outer loop
      vertex 49.44360947170041 56.050607019180475 41.32011417808213
      vertex 56.35975107890014 60.671825097936186 45.5
      vertex 49.66826116351338 55.98374456166749 41.39976590622879
    endloop
  endfacet
  facet normal 0.36099431766698575 0.26773163289883234 -0.8933100667503262
    outer loop
      vertex 49.44360947170041 56.050607019180475 41.32011417808213
      vertex 49.25409420047934 56.1083556330667 41.26083710587678
      vertex 55.77515948950206 61.46005560937662 45.5
    endloop
  endfacet
  facet normal 0.3330137423251523 0.3018260626008406 -0.8933100667503252
    outer loop
      vertex 49.25409420047934 56.1083556330667 41.26083710587678
      vertex 49.08890224941425 56.15997006127972 41.21669497465834
      vertex 55.11612276774016 62.187190579605634 45.5
    endloop
  endfacet
  facet normal 0.4359717216758393 0.10920523129196726 -0.8933100667503262
    outer loop
      vertex 50.2203647204609 55.77599577064606 41.617182250312645
      vertex 57.61445831319677 58.018969540284786 45.5
      vertex 50.602725778597986 55.62487512606593 41.78531585751561
    endloop
  endfacet
  facet normal 0.42316841419251533 0.15141207967767892 -0.893310066750326
    outer loop
      vertex 50.2203647204609 55.77599577064606 41.617182250312645
      vertex 49.924617355391284 55.89466300494645 41.49719782974856
      vertex 57.28385028098755 58.94295709139106 45.5
    endloop
  endfacet
  facet normal -0.2310588012149832 0.38549832039014537 -0.8933100667503259
    outer loop
      vertex 46.9955358295811 56.686839140178776 41.42416307476495
      vertex 42.48935262567866 63.430818890765615 45.5
      vertex 47.231237317645366 56.638668480060446 41.342410260638395
    endloop
  endfacet
  facet normal -0.19216074696583238 0.40628976355313506 -0.8933100667503254
    outer loop
      vertex 47.430724282726224 56.599248210636965 41.281569553490804
      vertex 47.231237317645366 56.638668480060446 41.342410260638395
      vertex 43.33108758761471 63.93533541122371 45.5
    endloop
  endfacet
  facet normal -0.15141207967767983 0.4231684141925155 -0.8933100667503259
    outer loop
      vertex 47.430724282726224 56.599248210636965 41.281569553490804
      vertex 44.21822063222379 64.35491809285303 45.5
      vertex 47.60522623273091 56.566043755546644 41.23626302301595
    endloop
  endfacet
  facet normal -0.06594667683120596 0.4445763831530526 -0.8933100667503253
    outer loop
      vertex 47.76466317753248 56.525747428267294 41.19710594988234
      vertex 46.0941517357134 64.92397557177247 45.5
      vertex 47.91032361341503 56.48407304428431 41.16561266480623
    endloop
  endfacet
  facet normal -0.10920523129197528 0.4359717216758393 -0.8933100667503253
    outer loop
      vertex 47.60522623273091 56.566043755546644 41.23626302301595
      vertex 46.0941517357134 64.92397557177247 45.5
      vertex 47.664467421898586 56.555233832662665 41.22374523230454
    endloop
  endfacet
  facet normal -0.10920523129195513 0.4359717216758433 -0.8933100667503258
    outer loop
      vertex 47.76466317753248 56.525747428267294 41.19710594988234
      vertex 47.664467421898586 56.555233832662665 41.22374523230454
      vertex 46.0941517357134 64.92397557177247 45.5
    endloop
  endfacet
  facet normal -0.022053019822508343 0.44889953103031494 -0.8933100667503256
    outer loop
      vertex 47.91032361341503 56.48407304428431 41.16561266480623
      vertex 47.064883552579076 65.06797003446212 45.5
      vertex 48.04505495587468 56.446681109698254 41.1434966542503
    endloop
  endfacet
  facet normal 0.23105880121497172 0.3854983203901515 -0.8933100667503262
    outer loop
      vertex 48.8043233264893 56.25244818661164 41.16163163872632
      vertex 48.73843851942052 56.27476426082232 41.15422048815264
      vertex 52.75902232413466 63.93533541122371 45.5
    endloop
  endfacet
  facet normal 0.2310588012150009 0.38549832039013576 -0.8933100667503253
    outer loop
      vertex 48.672275816430336 56.289570462969095 41.1434966542503
      vertex 52.75902232413466 63.93533541122371 45.5
      vertex 48.73843851942052 56.27476426082232 41.15422048815264
    endloop
  endfacet
  facet normal 0.10920523129197073 0.4359717216758399 -0.8933100667503256
    outer loop
      vertex 48.419199821013144 56.34951309424447 41.12255752490303
      vertex 48.29650481850921 56.38024659245235 41.12255752490303
      vertex 49.99595817603597 64.92397557177247 45.5
    endloop
  endfacet
  facet normal 0.19216074696587362 0.4062897635531166 -0.8933100667503251
    outer loop
      vertex 48.543511723169615 56.31950385560023 41.12941221280357
      vertex 51.87188927952558 64.35491809285303 45.5
      vertex 48.672275816430336 56.289570462969095 41.1434966542503
    endloop
  endfacet
  facet normal 0.15141207967763914 0.42316841419252854 -0.8933100667503265
    outer loop
      vertex 48.419199821013144 56.34951309424447 41.12255752490303
      vertex 50.94790172841931 64.68552612506224 45.5
      vertex 48.543511723169615 56.31950385560023 41.12941221280357
    endloop
  endfacet
  facet normal 0.30182606260085465 0.3330137423251376 -0.8933100667503261
    outer loop
      vertex 48.94072408148046 56.2074987550511 41.18434749992837
      vertex 54.38898779751114 62.846227301367534 45.5
      vertex 49.08890224941425 56.15997006127972 41.21669497465834
    endloop
  endfacet
  facet normal 0.2677316328988057 0.36099431766700507 -0.8933100667503264
    outer loop
      vertex 48.8043233264893 56.25244818661164 41.16163163872632
      vertex 53.6007572860707 63.430818890765615 45.5
      vertex 48.94072408148046 56.2074987550511 41.18434749992837
    endloop
  endfacet
  facet normal 0.06594667683123778 0.44457638315304737 -0.8933100667503255
    outer loop
      vertex 48.29650481850921 56.38024659245235 41.12255752490303
      vertex 48.1727252514143 56.412381031790275 41.12941221280357
      vertex 49.02522635917029 65.06797003446212 45.5
    endloop
  endfacet
  facet normal 0.022053019822491422 0.44889953103031666 -0.8933100667503252
    outer loop
      vertex 48.04505495587468 56.446681109698254 41.1434966542503
      vertex 49.02522635917029 65.06797003446212 45.5
      vertex 48.1727252514143 56.412381031790275 41.12941221280357
    endloop
  endfacet
  facet normal 0.022053019822516496 0.4488995310303142 -0.8933100667503259
    outer loop
      vertex 48.04505495587468 56.446681109698254 41.1434966542503
      vertex 48.04505495587468 65.11612276774017 45.5
      vertex 49.02522635917029 65.06797003446212 45.5
    endloop
  endfacet
  facet normal 0.4359717216758437 0.10920523129195403 -0.8933100667503258
    outer loop
      vertex 50.602725778597986 55.62487512606593 41.78531585751561
      vertex 57.61445831319677 58.018969540284786 45.5
      vertex 56.87188927952558 56.87188927952558 44.997367955459374
    endloop
  endfacet
  facet normal 0.42316841419251633 0.15141207967767634 -0.893310066750326
    outer loop
      vertex 50.2203647204609 55.77599577064606 41.617182250312645
      vertex 57.28385028098755 58.94295709139106 45.5
      vertex 57.61445831319677 58.018969540284786 45.5
    endloop
  endfacet
  facet normal 0.4062897635531294 0.19216074696584182 -0.8933100667503261
    outer loop
      vertex 49.924617355391284 55.89466300494645 41.49719782974856
      vertex 56.864267599358236 59.83009013600014 45.5
      vertex 57.28385028098755 58.94295709139106 45.5
    endloop
  endfacet
  facet normal 0.38549832039014814 0.2310588012149777 -0.8933100667503262
    outer loop
      vertex 49.66826116351338 55.98374456166749 41.39976590622879
      vertex 56.35975107890014 60.671825097936186 45.5
      vertex 56.864267599358236 59.83009013600014 45.5
    endloop
  endfacet
  facet normal 0.36099431766699197 0.2677316328988243 -0.893310066750326
    outer loop
      vertex 49.44360947170041 56.050607019180475 41.32011417808213
      vertex 55.77515948950206 61.46005560937662 45.5
      vertex 56.35975107890014 60.671825097936186 45.5
    endloop
  endfacet
  facet normal 0.33301374232513276 0.30182606260086015 -0.893310066750326
    outer loop
      vertex 49.25409420047934 56.1083556330667 41.26083710587678
      vertex 55.11612276774016 62.187190579605634 45.5
      vertex 55.77515948950206 61.46005560937662 45.5
    endloop
  endfacet
  facet normal 0.4359717216758363 0.10920523129195986 -0.8933100667503286
    outer loop
      vertex 56.87188927952558 56.87188927952558 44.997367955459374
      vertex 57.61445831319677 58.018969540284786 45.5
      vertex 57.69548657727482 57.69548657727482 45.5
    endloop
  endfacet
  facet normal 0.26773163289882296 0.3609943176669936 -0.8933100667503259
    outer loop
      vertex 48.94072408148046 56.2074987550511 41.18434749992837
      vertex 53.6007572860707 63.430818890765615 45.5
      vertex 54.38898779751114 62.846227301367534 45.5
    endloop
  endfacet
  facet normal 0.3018260626008602 0.3330137423251331 -0.8933100667503258
    outer loop
      vertex 49.08890224941425 56.15997006127972 41.21669497465834
      vertex 54.38898779751114 62.846227301367534 45.5
      vertex 55.11612276774016 62.187190579605634 45.5
    endloop
  endfacet
  facet normal 0.2310588012149792 0.38549832039014786 -0.893310066750326
    outer loop
      vertex 48.8043233264893 56.25244818661164 41.16163163872632
      vertex 52.75902232413466 63.93533541122371 45.5
      vertex 53.6007572860707 63.430818890765615 45.5
    endloop
  endfacet
  facet normal 0.19216074696584237 0.40628976355312957 -0.8933100667503259
    outer loop
      vertex 48.672275816430336 56.289570462969095 41.1434966542503
      vertex 51.87188927952558 64.35491809285303 45.5
      vertex 52.75902232413466 63.93533541122371 45.5
    endloop
  endfacet
  facet normal 0.1514120796776741 0.4231684141925181 -0.8933100667503254
    outer loop
      vertex 48.543511723169615 56.31950385560023 41.12941221280357
      vertex 50.94790172841931 64.68552612506224 45.5
      vertex 51.87188927952558 64.35491809285303 45.5
    endloop
  endfacet
  facet normal 0.10920523129195987 0.43597172167584186 -0.8933100667503259
    outer loop
      vertex 48.419199821013144 56.34951309424447 41.12255752490303
      vertex 49.99595817603597 64.92397557177247 45.5
      vertex 50.94790172841931 64.68552612506224 45.5
    endloop
  endfacet
  facet normal 0.06594667683122667 0.4445763831530485 -0.8933100667503258
    outer loop
      vertex 48.29650481850921 56.38024659245235 41.12255752490303
      vertex 49.02522635917029 65.06797003446212 45.5
      vertex 49.99595817603597 64.92397557177247 45.5
    endloop
  endfacet
  facet normal 0 0 1
    outer loop
      vertex 45.613649439370974 56.72923078364951 50.5
      vertex 50.37795584485582 56.84440753813052 50.5
      vertex 51.87188927952558 64.35491809285303 50.5
    endloop
  endfacet
  facet normal 0.9700312531945389 0.24298017990328433 0
    outer loop
      vertex 57.69548657727482 57.69548657727482 45.5
      vertex 57.61445831319677 58.018969540284786 45.5
      vertex 57.69548657727482 57.69548657727482 50.5
    endloop
  endfacet
  facet normal 0.9415440651830209 0.33688985339221966 0
    outer loop
      vertex 57.61445831319677 58.018969540284786 45.5
      vertex 57.28385028098755 58.94295709139106 45.5
      vertex 57.61445831319677 58.018969540284786 50.5
    endloop
  endfacet
  facet normal 0.9039892931234444 0.42755509343027986 -1.5572093691675154e-18
    outer loop
      vertex 57.28385028098755 58.94295709139106 45.5
      vertex 56.864267599358236 59.83009013600014 45.5
      vertex 56.864267599358236 59.83009013600014 50.5
    endloop
  endfacet
  facet normal 0.8577286100002731 0.5141027441932199 4.149680315820692e-18
    outer loop
      vertex 56.864267599358236 59.83009013600014 45.5
      vertex 56.35975107890014 60.671825097936186 45.5
      vertex 56.35975107890014 60.671825097936186 50.5
    endloop
  endfacet
  facet normal 0.8032075314806459 0.5956993044924322 0
    outer loop
      vertex 56.35975107890014 60.671825097936186 45.5
      vertex 55.77515948950206 61.46005560937662 45.5
      vertex 56.35975107890014 60.671825097936186 50.5
    endloop
  endfacet
  facet normal 0.7409511253549542 0.6715589548470235 -2.1609620295196757e-19
    outer loop
      vertex 55.77515948950206 61.46005560937662 45.5
      vertex 55.11612276774016 62.187190579605634 45.5
      vertex 55.11612276774016 62.187190579605634 50.5
    endloop
  endfacet
  facet normal 0 0 1
    outer loop
      vertex 52.51970791263205 57.62194000374792 50.5
      vertex 55.70234210493737 57.60302299874363 50.5
      vertex 55.60966873065077 57.97299584769286 50.5
    endloop
  endfacet
  facet normal 0 0 1
    outer loop
      vertex 52.44868008959351 57.42343053671761 50.5
      vertex 55.70234210493737 57.60302299874363 50.5
      vertex 52.51970791263205 57.62194000374792 50.5
    endloop
  endfacet
  facet normal 0 0 1
    outer loop
      vertex 52.51970791263205 57.62194000374792 50.5
      vertex 55.60966873065077 57.97299584769286 50.5
      vertex 54.38898779751114 62.846227301367534 50.5
    endloop
  endfacet
  facet normal 0.9700312531945389 0.24298017990328433 0
    outer loop
      vertex 57.61445831319677 58.018969540284786 45.5
      vertex 57.61445831319677 58.018969540284786 50.5
      vertex 57.69548657727482 57.69548657727482 50.5
    endloop
  endfacet
  facet normal 0.9415440651830209 0.33688985339221966 0
    outer loop
      vertex 57.28385028098755 58.94295709139106 45.5
      vertex 57.28385028098755 58.94295709139106 50.5
      vertex 57.61445831319677 58.018969540284786 50.5
    endloop
  endfacet
  facet normal 0.9039892931234444 0.42755509343027986 0
    outer loop
      vertex 57.28385028098755 58.94295709139106 45.5
      vertex 56.864267599358236 59.83009013600014 50.5
      vertex 57.28385028098755 58.94295709139106 50.5
    endloop
  endfacet
  facet normal 0.8577286100002731 0.5141027441932199 0
    outer loop
      vertex 56.864267599358236 59.83009013600014 45.5
      vertex 56.35975107890014 60.671825097936186 50.5
      vertex 56.864267599358236 59.83009013600014 50.5
    endloop
  endfacet
  facet normal 0 0 1
    outer loop
      vertex 55.60966873065077 57.97299584769286 50.5
      vertex 57.59493251850154 57.62151285851383 50.5
      vertex 57.598692868488804 57.698056540938154 50.5
    endloop
  endfacet
  facet normal 0 0 1
    outer loop
      vertex 57.598692868488804 57.698056540938154 50.5
      vertex 57.68157104637141 57.68157104637141 50.5
      vertex 57.67792823139597 57.69988471396 50.5
    endloop
  endfacet
  facet normal 0 0 1
    outer loop
      vertex 57.598692868488804 57.698056540938154 50.5
      vertex 57.67792823139597 57.69988471396 50.5
      vertex 57.61445831319677 58.018969540284786 50.5
    endloop
  endfacet
  facet normal 0 0 1
    outer loop
      vertex 57.67792823139597 57.69988471396 50.5
      vertex 57.69548657727482 57.69548657727482 50.5
      vertex 57.61445831319677 58.018969540284786 50.5
    endloop
  endfacet
  facet normal 0 0 1
    outer loop
      vertex 55.60966873065077 57.97299584769286 50.5
      vertex 57.598692868488804 57.698056540938154 50.5
      vertex 57.61445831319677 58.018969540284786 50.5
    endloop
  endfacet
  facet normal 0 0 1
    outer loop
      vertex 57.61445831319677 58.018969540284786 50.5
      vertex 57.28385028098755 58.94295709139106 50.5
      vertex 56.35975107890014 60.671825097936186 50.5
    endloop
  endfacet
  facet normal 0 0 1
    outer loop
      vertex 57.28385028098755 58.94295709139106 50.5
      vertex 56.864267599358236 59.83009013600014 50.5
      vertex 56.35975107890014 60.671825097936186 50.5
    endloop
  endfacet
  facet normal 0.8032075314806459 0.5956993044924322 0
    outer loop
      vertex 55.77515948950206 61.46005560937662 45.5
      vertex 55.77515948950206 61.46005560937662 50.5
      vertex 56.35975107890014 60.671825097936186 50.5
    endloop
  endfacet
  facet normal 0.7409511253549542 0.6715589548470235 0
    outer loop
      vertex 55.77515948950206 61.46005560937662 45.5
      vertex 55.11612276774016 62.187190579605634 50.5
      vertex 55.77515948950206 61.46005560937662 50.5
    endloop
  endfacet
  facet normal 0 0 1
    outer loop
      vertex 55.60966873065077 57.97299584769286 50.5
      vertex 57.61445831319677 58.018969540284786 50.5
      vertex 54.38898779751114 62.846227301367534 50.5
    endloop
  endfacet
  facet normal 0 0 1
    outer loop
      vertex 57.61445831319677 58.018969540284786 50.5
      vertex 56.35975107890014 60.671825097936186 50.5
      vertex 54.38898779751114 62.846227301367534 50.5
    endloop
  endfacet
  facet normal 0 0 1
    outer loop
      vertex 56.35975107890014 60.671825097936186 50.5
      vertex 55.77515948950206 61.46005560937662 50.5
      vertex 55.11612276774016 62.187190579605634 50.5
    endloop
  endfacet
  facet normal 0 0 1
    outer loop
      vertex 56.35975107890014 60.671825097936186 50.5
      vertex 55.11612276774016 62.187190579605634 50.5
      vertex 54.38898779751114 62.846227301367534 50.5
    endloop
  endfacet
  facet normal 0.6715589548470235 0.7409511253549542 0
    outer loop
      vertex 55.11612276774016 62.187190579605634 45.5
      vertex 54.38898779751114 62.846227301367534 45.5
      vertex 55.11612276774016 62.187190579605634 50.5
    endloop
  endfacet
  facet normal 0.5956993044924286 0.8032075314806484 0
    outer loop
      vertex 54.38898779751114 62.846227301367534 45.5
      vertex 53.6007572860707 63.430818890765615 45.5
      vertex 54.38898779751114 62.846227301367534 50.5
    endloop
  endfacet
  facet normal 0.24298017990328158 0.9700312531945395 0
    outer loop
      vertex 50.94790172841931 64.68552612506224 45.5
      vertex 49.99595817603597 64.92397557177247 45.5
      vertex 50.94790172841931 64.68552612506224 50.5
    endloop
  endfacet
  facet normal 0.5141027441932231 0.8577286100002711 -6.231856347560407e-19
    outer loop
      vertex 53.6007572860707 63.430818890765615 45.5
      vertex 52.75902232413466 63.93533541122371 45.5
      vertex 52.75902232413466 63.93533541122371 50.5
    endloop
  endfacet
  facet normal 0.42755509343027986 0.9039892931234444 0
    outer loop
      vertex 52.75902232413466 63.93533541122371 45.5
      vertex 51.87188927952558 64.35491809285303 45.5
      vertex 52.75902232413466 63.93533541122371 50.5
    endloop
  endfacet
  facet normal 0.3368898533922133 0.9415440651830232 0
    outer loop
      vertex 50.94790172841931 64.68552612506224 45.5
      vertex 50.94790172841931 64.68552612506224 50.5
      vertex 51.87188927952558 64.35491809285303 45.5
    endloop
  endfacet
  facet normal 0 0 1
    outer loop
      vertex 50.37795584485582 56.84440753813052 50.5
      vertex 52.51970791263205 57.62194000374792 50.5
      vertex 51.87188927952558 64.35491809285303 50.5
    endloop
  endfacet
  facet normal 0.6715589548470235 0.7409511253549542 0
    outer loop
      vertex 54.38898779751114 62.846227301367534 45.5
      vertex 54.38898779751114 62.846227301367534 50.5
      vertex 55.11612276774016 62.187190579605634 50.5
    endloop
  endfacet
  facet normal 0.5956993044924286 0.8032075314806484 0
    outer loop
      vertex 53.6007572860707 63.430818890765615 45.5
      vertex 53.6007572860707 63.430818890765615 50.5
      vertex 54.38898779751114 62.846227301367534 50.5
    endloop
  endfacet
  facet normal 0.5141027441932231 0.8577286100002711 0
    outer loop
      vertex 53.6007572860707 63.430818890765615 45.5
      vertex 52.75902232413466 63.93533541122371 50.5
      vertex 53.6007572860707 63.430818890765615 50.5
    endloop
  endfacet
  facet normal 0 0 1
    outer loop
      vertex 52.51970791263205 57.62194000374792 50.5
      vertex 54.38898779751114 62.846227301367534 50.5
      vertex 51.87188927952558 64.35491809285303 50.5
    endloop
  endfacet
  facet normal 0 0 1
    outer loop
      vertex 54.38898779751114 62.846227301367534 50.5
      vertex 53.6007572860707 63.430818890765615 50.5
      vertex 52.75902232413466 63.93533541122371 50.5
    endloop
  endfacet
  facet normal 0.42755509343027986 0.9039892931234444 0
    outer loop
      vertex 51.87188927952558 64.35491809285303 45.5
      vertex 51.87188927952558 64.35491809285303 50.5
      vertex 52.75902232413466 63.93533541122371 50.5
    endloop
  endfacet
  facet normal 0.3368898533922133 0.9415440651830232 0
    outer loop
      vertex 51.87188927952558 64.35491809285303 45.5
      vertex 50.94790172841931 64.68552612506224 50.5
      vertex 51.87188927952558 64.35491809285303 50.5
    endloop
  endfacet
  facet normal 0 0 1
    outer loop
      vertex 50.94790172841931 64.68552612506224 50.5
      vertex 49.02522635917029 65.06797003446212 50.5
      vertex 51.87188927952558 64.35491809285303 50.5
    endloop
  endfacet
  facet normal 0 0 1
    outer loop
      vertex 54.38898779751114 62.846227301367534 50.5
      vertex 52.75902232413466 63.93533541122371 50.5
      vertex 51.87188927952558 64.35491809285303 50.5
    endloop
  endfacet
  facet normal -0.2677316328988247 0.3609943176669923 -0.8933100667503259
    outer loop
      vertex 46.9955358295811 56.686839140178776 41.42416307476495
      vertex 41.70112211423823 62.846227301367534 45.5
      vertex 42.48935262567866 63.430818890765615 45.5
    endloop
  endfacet
  facet normal -0.23105880121497835 0.38549832039014875 -0.8933100667503256
    outer loop
      vertex 47.231237317645366 56.638668480060446 41.342410260638395
      vertex 42.48935262567866 63.430818890765615 45.5
      vertex 43.33108758761471 63.93533541122371 45.5
    endloop
  endfacet
  facet normal -0.19216074696584207 0.4062897635531298 -0.8933100667503258
    outer loop
      vertex 47.430724282726224 56.599248210636965 41.281569553490804
      vertex 43.33108758761471 63.93533541122371 45.5
      vertex 44.21822063222379 64.35491809285303 45.5
    endloop
  endfacet
  facet normal -0.10920523129195331 0.4359717216758436 -0.8933100667503259
    outer loop
      vertex 47.60522623273091 56.566043755546644 41.23626302301595
      vertex 45.142208183330055 64.68552612506225 45.5
      vertex 46.0941517357134 64.92397557177247 45.5
    endloop
  endfacet
  facet normal -0.1514120796776806 0.42316841419251533 -0.8933100667503258
    outer loop
      vertex 47.60522623273091 56.566043755546644 41.23626302301595
      vertex 44.21822063222379 64.35491809285303 45.5
      vertex 45.142208183330055 64.68552612506225 45.5
    endloop
  endfacet
  facet normal -0.06594667683122642 0.44457638315304837 -0.8933100667503259
    outer loop
      vertex 47.91032361341503 56.48407304428431 41.16561266480623
      vertex 46.0941517357134 64.92397557177247 45.5
      vertex 47.064883552579076 65.06797003446212 45.5
    endloop
  endfacet
  facet normal -0.022053019822516316 0.4488995310303142 -0.8933100667503259
    outer loop
      vertex 48.04505495587468 56.446681109698254 41.1434966542503
      vertex 47.064883552579076 65.06797003446212 45.5
      vertex 48.04505495587468 65.11612276774017 45.5
    endloop
  endfacet
  facet normal -0.5956993044924322 0.8032075314806459 -7.338047416214173e-19
    outer loop
      vertex 41.70112211423823 62.846227301367534 45.5
      vertex 42.48935262567866 63.430818890765615 50.5
      vertex 42.48935262567866 63.430818890765615 45.5
    endloop
  endfacet
  facet normal -0.5141027441932199 0.8577286100002731 0
    outer loop
      vertex 42.48935262567866 63.430818890765615 45.5
      vertex 42.48935262567866 63.430818890765615 50.5
      vertex 43.33108758761471 63.93533541122371 45.5
    endloop
  endfacet
  facet normal -0.42755509343027986 0.9039892931234444 0
    outer loop
      vertex 43.33108758761471 63.93533541122371 45.5
      vertex 43.33108758761471 63.93533541122371 50.5
      vertex 44.21822063222379 64.35491809285303 45.5
    endloop
  endfacet
  facet normal -0.3368898533922284 0.9415440651830178 0
    outer loop
      vertex 44.21822063222379 64.35491809285303 45.5
      vertex 44.21822063222379 64.35491809285303 50.5
      vertex 45.142208183330055 64.68552612506225 45.5
    endloop
  endfacet
  facet normal -0.24298017990326629 0.9700312531945434 -1.510615309963681e-19
    outer loop
      vertex 45.142208183330055 64.68552612506225 45.5
      vertex 46.0941517357134 64.92397557177247 50.5
      vertex 46.0941517357134 64.92397557177247 45.5
    endloop
  endfacet
  facet normal -0.5956993044924322 0.8032075314806459 0
    outer loop
      vertex 41.70112211423823 62.846227301367534 45.5
      vertex 41.70112211423823 62.846227301367534 50.5
      vertex 42.48935262567866 63.430818890765615 50.5
    endloop
  endfacet
  facet normal -0.5141027441932199 0.8577286100002731 0
    outer loop
      vertex 43.33108758761471 63.93533541122371 45.5
      vertex 42.48935262567866 63.430818890765615 50.5
      vertex 43.33108758761471 63.93533541122371 50.5
    endloop
  endfacet
  facet normal 0 0 1
    outer loop
      vertex 41.235116911953526 62.01158217845359 50.5
      vertex 43.33108758761471 63.93533541122371 50.5
      vertex 41.13758452382527 62.13517396915403 50.5
    endloop
  endfacet
  facet normal 0 0 1
    outer loop
      vertex 41.13758452382527 62.13517396915403 50.5
      vertex 43.33108758761471 63.93533541122371 50.5
      vertex 41.70112211423823 62.846227301367534 50.5
    endloop
  endfacet
  facet normal 0 0 1
    outer loop
      vertex 41.235116911953526 62.01158217845359 50.5
      vertex 41.875942410325514 61.85106374735331 50.5
      vertex 46.0941517357134 64.92397557177247 50.5
    endloop
  endfacet
  facet normal 0 0 1
    outer loop
      vertex 41.70112211423823 62.846227301367534 50.5
      vertex 43.33108758761471 63.93533541122371 50.5
      vertex 42.48935262567866 63.430818890765615 50.5
    endloop
  endfacet
  facet normal 0 0 1
    outer loop
      vertex 41.235116911953526 62.01158217845359 50.5
      vertex 46.0941517357134 64.92397557177247 50.5
      vertex 43.33108758761471 63.93533541122371 50.5
    endloop
  endfacet
  facet normal 0 0 1
    outer loop
      vertex 45.613649439370974 56.72923078364951 50.5
      vertex 51.87188927952558 64.35491809285303 50.5
      vertex 41.875942410325514 61.85106374735331 50.5
    endloop
  endfacet
  facet normal 0 0 1
    outer loop
      vertex 41.875942410325514 61.85106374735331 50.5
      vertex 51.87188927952558 64.35491809285303 50.5
      vertex 46.0941517357134 64.92397557177247 50.5
    endloop
  endfacet
  facet normal -0.42755509343027986 0.9039892931234444 0
    outer loop
      vertex 44.21822063222379 64.35491809285303 45.5
      vertex 43.33108758761471 63.93533541122371 50.5
      vertex 44.21822063222379 64.35491809285303 50.5
    endloop
  endfacet
  facet normal -0.24298017990326629 0.9700312531945434 0
    outer loop
      vertex 45.142208183330055 64.68552612506225 45.5
      vertex 45.142208183330055 64.68552612506225 50.5
      vertex 46.0941517357134 64.92397557177247 50.5
    endloop
  endfacet
  facet normal -0.3368898533922284 0.9415440651830178 0
    outer loop
      vertex 45.142208183330055 64.68552612506225 45.5
      vertex 44.21822063222379 64.35491809285303 50.5
      vertex 45.142208183330055 64.68552612506225 50.5
    endloop
  endfacet
  facet normal 0 0 1
    outer loop
      vertex 43.33108758761471 63.93533541122371 50.5
      vertex 45.142208183330055 64.68552612506225 50.5
      vertex 44.21822063222379 64.35491809285303 50.5
    endloop
  endfacet
  facet normal 0 0 1
    outer loop
      vertex 43.33108758761471 63.93533541122371 50.5
      vertex 46.0941517357134 64.92397557177247 50.5
      vertex 45.142208183330055 64.68552612506225 50.5
    endloop
  endfacet
  facet normal -0.049067674327431525 0.9987954562051717 0
    outer loop
      vertex 48.04505495587468 65.11612276774017 45.5
      vertex 47.064883552579076 65.06797003446212 45.5
      vertex 48.04505495587468 65.11612276774017 50.5
    endloop
  endfacet
  facet normal 0.049067674327431525 0.9987954562051717 0
    outer loop
      vertex 48.04505495587468 65.11612276774017 45.5
      vertex 48.04505495587468 65.11612276774017 50.5
      vertex 49.02522635917029 65.06797003446212 45.5
    endloop
  endfacet
  facet normal -0.14673047445534568 0.9891765099647832 0
    outer loop
      vertex 46.0941517357134 64.92397557177247 45.5
      vertex 46.0941517357134 64.92397557177247 50.5
      vertex 47.064883552579076 65.06797003446212 45.5
    endloop
  endfacet
  facet normal 0.14673047445534462 0.9891765099647836 -4.794083739029849e-19
    outer loop
      vertex 49.99595817603597 64.92397557177247 45.5
      vertex 49.02522635917029 65.06797003446212 45.5
      vertex 49.02522635917029 65.06797003446212 50.5
    endloop
  endfacet
  facet normal 0.049067674327431525 0.9987954562051717 0
    outer loop
      vertex 49.02522635917029 65.06797003446212 45.5
      vertex 48.04505495587468 65.11612276774017 50.5
      vertex 49.02522635917029 65.06797003446212 50.5
    endloop
  endfacet
  facet normal 0 0 1
    outer loop
      vertex 51.87188927952558 64.35491809285303 50.5
      vertex 49.02522635917029 65.06797003446212 50.5
      vertex 46.0941517357134 64.92397557177247 50.5
    endloop
  endfacet
  facet normal 0 0 1
    outer loop
      vertex 46.0941517357134 64.92397557177247 50.5
      vertex 49.02522635917029 65.06797003446212 50.5
      vertex 47.064883552579076 65.06797003446212 50.5
    endloop
  endfacet
  facet normal 0 0 1
    outer loop
      vertex 48.04505495587468 65.11612276774017 50.5
      vertex 47.064883552579076 65.06797003446212 50.5
      vertex 49.02522635917029 65.06797003446212 50.5
    endloop
  endfacet
  facet normal -0.14673047445534568 0.9891765099647832 0
    outer loop
      vertex 47.064883552579076 65.06797003446212 45.5
      vertex 46.0941517357134 64.92397557177247 50.5
      vertex 47.064883552579076 65.06797003446212 50.5
    endloop
  endfacet
  facet normal -0.049067674327431525 0.9987954562051717 0
    outer loop
      vertex 47.064883552579076 65.06797003446212 45.5
      vertex 47.064883552579076 65.06797003446212 50.5
      vertex 48.04505495587468 65.11612276774017 50.5
    endloop
  endfacet
  facet normal 0.14673047445534462 0.9891765099647836 0
    outer loop
      vertex 49.99595817603597 64.92397557177247 45.5
      vertex 49.02522635917029 65.06797003446212 50.5
      vertex 49.99595817603597 64.92397557177247 50.5
    endloop
  endfacet
  facet normal 0.24298017990328158 0.9700312531945395 -1.840287317169389e-18
    outer loop
      vertex 50.94790172841931 64.68552612506224 50.5
      vertex 49.99595817603597 64.92397557177247 45.5
      vertex 49.99595817603597 64.92397557177247 50.5
    endloop
  endfacet
  facet normal 0 0 1
    outer loop
      vertex 50.94790172841931 64.68552612506224 50.5
      vertex 49.99595817603597 64.92397557177247 50.5
      vertex 49.02522635917029 65.06797003446212 50.5
    endloop
  endfacet
  facet normal 0 0 -1
    outer loop
      vertex 40.7428971365895 36.637651861365924 33
      vertex 39.90116217465345 37.14216838182402 33
      vertex 36.637651861365924 40.7428971365895 33
    endloop
  endfacet
  facet normal 0 0 -1
    outer loop
      vertex 40.7428971365895 36.637651861365924 33
      vertex 36.21806917973661 41.63003018119858 33
      vertex 41.63003018119858 36.21806917973661 33
    endloop
  endfacet
  facet normal 0 0 -1
    outer loop
      vertex 39.90116217465345 37.14216838182402 33
      vertex 39.11293166321302 37.72675997122211 33
      vertex 37.14216838182402 39.90116217465345 33
    endloop
  endfacet
  facet normal -0.3326687260688395 -0.9297468046253365 -0.15780493650298577
    outer loop
      vertex 41.245467846185576 34.92998444803146 41.39976590622879
      vertex 41.63003018119858 36.21806917973661 33
      vertex 42.55401773230486 35.88746114752739 33
    endloop
  endfacet
  facet normal -0.42219795824512846 -0.8926625824290684 -0.15780493650298597
    outer loop
      vertex 40.7428971365895 36.637651861365924 33
      vertex 41.63003018119858 36.21806917973661 33
      vertex 40.31100323110097 35.288853883633024 41.78531585751561
    endloop
  endfacet
  facet normal -0.5076611932866362 -0.846981531585003 -0.15780493650298558
    outer loop
      vertex 40.7428971365895 36.637651861365924 33
      vertex 39.25667633879937 35.797606241958796 42.289948600515025
      vertex 39.90116217465345 37.14216838182402 33
    endloop
  endfacet
  facet normal -0.6631445255461064 -0.7316672332785703 -0.15780493650298602
    outer loop
      vertex 39.11293166321302 37.72675997122211 33
      vertex 37.20804941932942 37.20804941932942 43.409913546564056
      vertex 38.385796692984 38.385796692984 33
    endloop
  endfacet
  facet normal -0.5882353735209607 -0.7931435855845675 -0.15780493650298663
    outer loop
      vertex 39.90116217465345 37.14216838182402 33
      vertex 38.108462385765144 36.50281061530706 42.895963814190985
      vertex 39.11293166321302 37.72675997122211 33
    endloop
  endfacet
  facet normal -0.332668726068844 -0.929746804625335 -0.1578049365029867
    outer loop
      vertex 41.973004928218494 34.706230254647856 41.18434749992837
      vertex 42.55401773230486 35.88746114752739 33
      vertex 42.10940568320965 34.66128082308732 41.16163163872632
    endloop
  endfacet
  facet normal -0.23993571220531196 -0.9578770568417527 -0.15780493650298688
    outer loop
      vertex 42.24145319326862 34.62415854672986 41.1434966542503
      vertex 42.55401773230486 35.88746114752739 33
      vertex 42.37021728652934 34.59422515409872 41.12941221280357
    endloop
  endfacet
  facet normal -0.23993571220535975 -0.9578770568417405 -0.15780493650298685
    outer loop
      vertex 42.175290490278435 34.63896474887663 41.15422048815264
      vertex 42.55401773230486 35.88746114752739 33
      vertex 42.24145319326862 34.62415854672986 41.1434966542503
    endloop
  endfacet
  facet normal -0.33266872606879894 -0.929746804625351 -0.15780493650298663
    outer loop
      vertex 42.175290490278435 34.63896474887663 41.15422048815264
      vertex 42.10940568320965 34.66128082308732 41.16163163872632
      vertex 42.55401773230486 35.88746114752739 33
    endloop
  endfacet
  facet normal -0.33266872606884235 -0.9297468046253357 -0.15780493650298666
    outer loop
      vertex 41.973004928218494 34.706230254647856 41.18434749992837
      vertex 41.82482676028471 34.75375894841923 41.21669497465834
      vertex 42.55401773230486 35.88746114752739 33
    endloop
  endfacet
  facet normal -0.507661193286635 -0.8469815315850034 -0.1578049365029861
    outer loop
      vertex 40.7428971365895 36.637651861365924 33
      vertex 40.07181949532976 35.38215390047496 41.89746349564043
      vertex 39.843162486430366 35.49961936181283 42.002588303561865
    endloop
  endfacet
  facet normal -0.507661193286643 -0.8469815315849987 -0.15780493650298627
    outer loop
      vertex 40.7428971365895 36.637651861365924 33
      vertex 39.843162486430366 35.49961936181283 42.002588303561865
      vertex 39.25667633879937 35.797606241958796 42.289948600515025
    endloop
  endfacet
  facet normal -0.4221979582451373 -0.8926625824290644 -0.15780493650298605
    outer loop
      vertex 40.98911165430767 35.0190660047525 41.49719782974856
      vertex 41.63003018119858 36.21806917973661 33
      vertex 41.11252578360278 34.96870304447311 41.451901000741664
    endloop
  endfacet
  facet normal -0.3326687260688235 -0.9297468046253425 -0.15780493650298594
    outer loop
      vertex 41.245467846185576 34.92998444803146 41.39976590622879
      vertex 41.11252578360278 34.96870304447311 41.451901000741664
      vertex 41.63003018119858 36.21806917973661 33
    endloop
  endfacet
  facet normal -0.42219795824511597 -0.8926625824290743 -0.15780493650298583
    outer loop
      vertex 40.98911165430767 35.0190660047525 41.49719782974856
      vertex 40.693364289238055 35.13773323905289 41.617182250312645
      vertex 41.63003018119858 36.21806917973661 33
    endloop
  endfacet
  facet normal -0.4221979582451375 -0.8926625824290639 -0.15780493650298688
    outer loop
      vertex 40.693364289238055 35.13773323905289 41.617182250312645
      vertex 40.31100323110097 35.288853883633024 41.78531585751561
      vertex 41.63003018119858 36.21806917973661 33
    endloop
  endfacet
  facet normal -0.33266872606885095 -0.9297468046253325 -0.15780493650298683
    outer loop
      vertex 41.65963480921962 34.805373376632254 41.26083710587678
      vertex 41.47011953799854 34.86312199051848 41.32011417808213
      vertex 42.55401773230486 35.88746114752739 33
    endloop
  endfacet
  facet normal -0.3326687260688602 -0.929746804625329 -0.15780493650298735
    outer loop
      vertex 41.65963480921962 34.805373376632254 41.26083710587678
      vertex 42.55401773230486 35.88746114752739 33
      vertex 41.82482676028471 34.75375894841923 41.21669497465834
    endloop
  endfacet
  facet normal -0.3326687260688414 -0.929746804625336 -0.157804936502986
    outer loop
      vertex 41.47011953799854 34.86312199051848 41.32011417808213
      vertex 41.245467846185576 34.92998444803146 41.39976590622879
      vertex 42.55401773230486 35.88746114752739 33
    endloop
  endfacet
  facet normal -0.4221979582451285 -0.8926625824290683 -0.157804936502986
    outer loop
      vertex 40.7428971365895 36.637651861365924 33
      vertex 40.31100323110097 35.288853883633024 41.78531585751561
      vertex 40.07181949532976 35.38215390047496 41.89746349564043
    endloop
  endfacet
  facet normal -0.5076611932866416 -0.8469815315849998 -0.1578049365029855
    outer loop
      vertex 39.90116217465345 37.14216838182402 33
      vertex 39.25667633879937 35.797606241958796 42.289948600515025
      vertex 39.06666984396885 35.8932623508213 42.387790700072884
    endloop
  endfacet
  facet normal -0.5882353735209502 -0.7931435855845755 -0.15780493650298552
    outer loop
      vertex 39.90116217465345 37.14216838182402 33
      vertex 39.06666984396885 35.8932623508213 42.387790700072884
      vertex 38.55039797368465 36.22291931317542 42.65536199572576
    endloop
  endfacet
  facet normal -0.5882353735209543 -0.7931435855845722 -0.15780493650298583
    outer loop
      vertex 39.90116217465345 37.14216838182402 33
      vertex 38.55039797368465 36.22291931317542 42.65536199572576
      vertex 38.108462385765144 36.50281061530706 42.895963814190985
    endloop
  endfacet
  facet normal -0.6631445255461077 -0.7316672332785691 -0.15780493650298655
    outer loop
      vertex 39.11293166321302 37.72675997122211 33
      vertex 38.108462385765144 36.50281061530706 42.895963814190985
      vertex 37.69717765375698 36.82628083379156 43.124528645334046
    endloop
  endfacet
  facet normal -0.6631445255461117 -0.7316672332785653 -0.15780493650298677
    outer loop
      vertex 39.11293166321302 37.72675997122211 33
      vertex 37.69717765375698 36.82628083379156 43.124528645334046
      vertex 37.20804941932942 37.20804941932942 43.409913546564056
    endloop
  endfacet
  facet normal 0.5076611932866361 -0.846981531585003 -0.15780493650298522
    outer loop
      vertex 51.789471578481894 35.97944826575496 41.73994745918319
      vertex 50.17083187310946 36.637651861365924 33
      vertex 51.012566835045504 37.14216838182402 33
    endloop
  endfacet
  facet normal 0.5882353735209607 -0.7931435855845678 -0.15780493650298621
    outer loop
      vertex 52.64595794174259 36.69692880621383 41.326465383879324
      vertex 51.012566835045504 37.14216838182402 33
      vertex 51.800797346485936 37.72675997122211 33
    endloop
  endfacet
  facet normal 0.6631445255461063 -0.7316672332785703 -0.15780493650298608
    outer loop
      vertex 53.3529902491245 37.38046069352864 41.12841530054645
      vertex 51.800797346485936 37.72675997122211 33
      vertex 52.52793231671495 38.385796692984 33
    endloop
  endfacet
  facet normal 0.4221979582451362 -0.8926625824290647 -0.15780493650298652
    outer loop
      vertex 49.28369882850038 36.21806917973661 33
      vertex 50.86627644502917 35.33656657961093 42.22053174097945
      vertex 50.2648441879919 34.998845958117215 42.52183468011361
    endloop
  endfacet
  facet normal 0.42219795824512457 -0.8926625824290703 -0.15780493650298602
    outer loop
      vertex 49.28369882850038 36.21806917973661 33
      vertex 50.2648441879919 34.998845958117215 42.52183468011361
      vertex 49.87919635367984 34.78041097808873 42.725687650937836
    endloop
  endfacet
  facet normal 0.5076611932866508 -0.8469815315849937 -0.15780493650298727
    outer loop
      vertex 51.789471578481894 35.97944826575496 41.73994745918319
      vertex 51.427403249183214 35.728884492363065 41.92001057427829
      vertex 50.17083187310946 36.637651861365924 33
    endloop
  endfacet
  facet normal 0.5076611932865801 -0.8469815315850365 -0.15780493650298624
    outer loop
      vertex 50.17083187310946 36.637651861365924 33
      vertex 50.91728378720819 35.372485236634766 42.19183814595075
      vertex 50.86627644502917 35.33656657961093 42.22053174097945
    endloop
  endfacet
  facet normal 0.5076611932866348 -0.8469815315850037 -0.15780493650298602
    outer loop
      vertex 50.17083187310946 36.637651861365924 33
      vertex 51.427403249183214 35.728884492363065 41.92001057427829
      vertex 50.91728378720819 35.372485236634766 42.19183814595075
    endloop
  endfacet
  facet normal 0.663144525546094 -0.7316672332785817 -0.15780493650298535
    outer loop
      vertex 53.0587146511056 37.104374782630046 41.17185983972407
      vertex 52.94891463153491 36.99800398724642 41.203637956353056
      vertex 51.800797346485936 37.72675997122211 33
    endloop
  endfacet
  facet normal 0.6631445255460922 -0.7316672332785835 -0.15780493650298522
    outer loop
      vertex 53.0587146511056 37.104374782630046 41.17185983972407
      vertex 51.800797346485936 37.72675997122211 33
      vertex 53.160825887858714 37.20173610270656 41.14954380755671
    endloop
  endfacet
  facet normal 0.6631445255461332 -0.7316672332785451 -0.15780493650298957
    outer loop
      vertex 53.160825887858714 37.20173610270656 41.14954380755671
      vertex 51.800797346485936 37.72675997122211 33
      vertex 53.25812418934418 37.2929873285556 41.13533198361182
    endloop
  endfacet
  facet normal 0.6631445255461088 -0.7316672332785682 -0.15780493650298646
    outer loop
      vertex 53.25812418934418 37.2929873285556 41.13533198361182
      vertex 51.800797346485936 37.72675997122211 33
      vertex 53.3529902491245 37.38046069352864 41.12841530054645
    endloop
  endfacet
  facet normal 0.663144525546076 -0.7316672332785978 -0.1578049365029864
    outer loop
      vertex 53.3529902491245 37.38046069352864 41.12841530054645
      vertex 52.52793231671495 38.385796692984 33
      vertex 53.44755752940566 37.4661714802933 41.12841530054645
    endloop
  endfacet
  facet normal 0.5882353735209647 -0.7931435855845648 -0.1578049365029861
    outer loop
      vertex 52.102042976149306 36.24470639188287 41.57187775875794
      vertex 51.012566835045504 37.14216838182402 33
      vertex 52.33643256001822 36.44146703405642 41.4566519792491
    endloop
  endfacet
  facet normal 0.5882353735207846 -0.7931435855846981 -0.15780493650298685
    outer loop
      vertex 51.789471578481894 35.97944826575496 41.73994745918319
      vertex 51.012566835045504 37.14216838182402 33
      vertex 51.80095707882749 35.989280504831186 41.733343104512954
    endloop
  endfacet
  facet normal 0.5882353735209545 -0.7931435855845723 -0.1578049365029856
    outer loop
      vertex 51.80095707882749 35.989280504831186 41.733343104512954
      vertex 51.012566835045504 37.14216838182402 33
      vertex 52.102042976149306 36.24470639188287 41.57187775875794
    endloop
  endfacet
  facet normal 0.5882353735209495 -0.7931435855845763 -0.15780493650298466
    outer loop
      vertex 52.52793231671495 36.600315268691716 41.37210121823733
      vertex 52.33643256001822 36.44146703405642 41.4566519792491
      vertex 51.012566835045504 37.14216838182402 33
    endloop
  endfacet
  facet normal 0.5882353735209573 -0.7931435855845702 -0.1578049365029857
    outer loop
      vertex 52.52793231671495 36.600315268691716 41.37210121823733
      vertex 51.012566835045504 37.14216838182402 33
      vertex 52.64595794174259 36.69692880621383 41.326465383879324
    endloop
  endfacet
  facet normal 0.6631445255460905 -0.7316672332785846 -0.15780493650298621
    outer loop
      vertex 52.64595794174259 36.69692880621383 41.326465383879324
      vertex 51.800797346485936 37.72675997122211 33
      vertex 52.689897929423495 36.741332230220706 41.305236845772185
    endloop
  endfacet
  facet normal 0.6631445255460937 -0.7316672332785819 -0.15780493650298624
    outer loop
      vertex 52.689897929423495 36.741332230220706 41.305236845772185
      vertex 51.800797346485936 37.72675997122211 33
      vertex 52.82769566358624 36.878784580966155 41.24700312800313
    endloop
  endfacet
  facet normal 0.6631445255461259 -0.7316672332785523 -0.15780493650298724
    outer loop
      vertex 52.82769566358624 36.878784580966155 41.24700312800313
      vertex 51.800797346485936 37.72675997122211 33
      vertex 52.94891463153491 36.99800398724642 41.203637956353056
    endloop
  endfacet
  facet normal -0.23993571220529056 -0.9578770568417578 -0.15780493650298721
    outer loop
      vertex 42.37021728652934 34.59422515409872 41.12941221280357
      vertex 42.55401773230486 35.88746114752739 33
      vertex 43.5059612846882 35.64901170081717 33
    endloop
  endfacet
  facet normal -0.1448919862709899 -0.9767824293719333 -0.15780493650298572
    outer loop
      vertex 43.24926158780037 34.35849517703629 41.22374523230454
      vertex 43.5059612846882 35.64901170081717 33
      vertex 44.47669310155387 35.50501723812751 33
    endloop
  endfacet
  facet normal -0.04845287130288986 -0.9862808531436641 -0.15780493650298663
    outer loop
      vertex 44.47669310155387 35.50501723812751 33
      vertex 45.45686450484948 35.45686450484948 33
      vertex 44.341951340295815 34.13696117774796 41.59172186651587
    endloop
  endfacet
  facet normal 0.04845287130288987 -0.9862808531436643 -0.15780493650298624
    outer loop
      vertex 45.45686450484948 35.45686450484948 33
      vertex 46.437035908145084 35.50501723812751 33
      vertex 46.24729111509498 33.99169779859626 42.39998672242834
    endloop
  endfacet
  facet normal 0.1448919862709899 -0.9767824293719333 -0.1578049365029862
    outer loop
      vertex 46.437035908145084 35.50501723812751 33
      vertex 47.40776772501076 35.64901170081717 33
      vertex 47.144247281017385 34.0266058243361 42.80042568487076
    endloop
  endfacet
  facet normal 0.23993571220529056 -0.957877056841758 -0.15780493650298683
    outer loop
      vertex 48.3597112773941 35.88746114752739 33
      vertex 48.83523287882532 34.319876508801784 43.23826003168573
      vertex 47.40776772501076 35.64901170081717 33
    endloop
  endfacet
  facet normal 0 0 -1
    outer loop
      vertex 42.55401773230486 35.88746114752739 33
      vertex 41.63003018119858 36.21806917973661 33
      vertex 35.88746114752739 42.55401773230486 33
    endloop
  endfacet
  facet normal 0 0 -1
    outer loop
      vertex 43.5059612846882 35.64901170081717 33
      vertex 42.55401773230486 35.88746114752739 33
      vertex 35.64901170081717 43.5059612846882 33
    endloop
  endfacet
  facet normal 0 0 -1
    outer loop
      vertex 43.5059612846882 35.64901170081717 33
      vertex 35.50501723812751 44.47669310155387 33
      vertex 44.47669310155387 35.50501723812751 33
    endloop
  endfacet
  facet normal 0 0 -1
    outer loop
      vertex 44.47669310155387 35.50501723812751 33
      vertex 35.45686450484948 45.45686450484948 33
      vertex 45.45686450484948 35.45686450484948 33
    endloop
  endfacet
  facet normal 0 0 -1
    outer loop
      vertex 46.437035908145084 35.50501723812751 33
      vertex 35.64901170081717 47.40776772501076 33
      vertex 47.40776772501076 35.64901170081717 33
    endloop
  endfacet
  facet normal 0 0 -1
    outer loop
      vertex 48.3597112773941 35.88746114752739 33
      vertex 47.40776772501076 35.64901170081717 33
      vertex 35.88746114752739 48.3597112773941 33
    endloop
  endfacet
  facet normal 0 0 -1
    outer loop
      vertex 45.45686450484948 35.45686450484948 33
      vertex 35.50501723812751 46.437035908145084 33
      vertex 46.437035908145084 35.50501723812751 33
    endloop
  endfacet
  facet normal 0 0 -1
    outer loop
      vertex 51.012566835045504 37.14216838182402 33
      vertex 46.116993425679254 43.863172311267505 33
      vertex 51.800797346485936 37.72675997122211 33
    endloop
  endfacet
  facet normal 0 0 -1
    outer loop
      vertex 51.800797346485936 37.72675997122211 33
      vertex 46.67662370239627 44.237105307302684 33
      vertex 52.52793231671495 38.385796692984 33
    endloop
  endfacet
  facet normal 0.3326687260688395 -0.9297468046253367 -0.157804936502986
    outer loop
      vertex 48.3597112773941 35.88746114752739 33
      vertex 49.28369882850038 36.21806917973661 33
      vertex 49.87919635367984 34.78041097808873 42.725687650937836
    endloop
  endfacet
  facet normal 0.4221979582451285 -0.8926625824290685 -0.15780493650298555
    outer loop
      vertex 49.28369882850038 36.21806917973661 33
      vertex 50.17083187310946 36.637651861365924 33
      vertex 50.86627644502917 35.33656657961093 42.22053174097945
    endloop
  endfacet
  facet normal 0 0 -1
    outer loop
      vertex 48.3597112773941 35.88746114752739 33
      vertex 36.21806917973661 49.28369882850038 33
      vertex 49.28369882850038 36.21806917973661 33
    endloop
  endfacet
  facet normal 0 0 -1
    outer loop
      vertex 49.28369882850038 36.21806917973661 33
      vertex 36.637651861365924 50.17083187310946 33
      vertex 50.17083187310946 36.637651861365924 33
    endloop
  endfacet
  facet normal 0 0 -1
    outer loop
      vertex 51.012566835045504 37.14216838182402 33
      vertex 44.7967355840197 43.863172311267505 33
      vertex 45.45686450484948 43.731864504849476 33
    endloop
  endfacet
  facet normal 0 0 -1
    outer loop
      vertex 51.012566835045504 37.14216838182402 33
      vertex 45.45686450484948 43.731864504849476 33
      vertex 46.116993425679254 43.863172311267505 33
    endloop
  endfacet
  facet normal 0 0 -1
    outer loop
      vertex 50.17083187310946 36.637651861365924 33
      vertex 37.14216838182402 51.012566835045504 33
      vertex 51.012566835045504 37.14216838182402 33
    endloop
  endfacet
  facet normal 0 0 -1
    outer loop
      vertex 51.012566835045504 37.14216838182402 33
      vertex 44.237105307302684 44.237105307302684 33
      vertex 44.7967355840197 43.863172311267505 33
    endloop
  endfacet
  facet normal 0 0 -1
    outer loop
      vertex 51.800797346485936 37.72675997122211 33
      vertex 46.116993425679254 43.863172311267505 33
      vertex 46.67662370239627 44.237105307302684 33
    endloop
  endfacet
  facet normal -0.048452871302889874 -0.9862808531436642 -0.15780493650298666
    outer loop
      vertex 45.45686450484948 35.45686450484948 33
      vertex 45.45686450484948 34.00770764989155 42.05723034348702
      vertex 44.98026459928689 34.0646686663833 41.84756056516807
    endloop
  endfacet
  facet normal 0.04845287130286788 -0.9862808531436652 -0.15780493650298685
    outer loop
      vertex 45.45686450484948 35.45686450484948 33
      vertex 45.54971339599211 34.00619302610103 42.09520532671792
      vertex 45.45686450484948 34.00770764989155 42.05723034348702
    endloop
  endfacet
  facet normal 0.04845287130288465 -0.9862808531436645 -0.15780493650298635
    outer loop
      vertex 46.437035908145084 35.50501723812751 33
      vertex 46.586903898167186 33.983381999784655 42.556236128586995
      vertex 46.24729111509498 33.99169779859626 42.39998672242834
    endloop
  endfacet
  facet normal 0.04845287130289905 -0.9862808531436636 -0.1578049365029869
    outer loop
      vertex 45.45686450484948 35.45686450484948 33
      vertex 46.24729111509498 33.99169779859626 42.39998672242834
      vertex 45.54971339599211 34.00619302610103 42.09520532671792
    endloop
  endfacet
  facet normal -0.23993571220527932 -0.9578770568417607 -0.15780493650298602
    outer loop
      vertex 43.003405396283924 34.429655965414646 41.16561266480623
      vertex 43.5059612846882 35.64901170081717 33
      vertex 43.14906583216647 34.38798158143166 41.19710594988234
    endloop
  endfacet
  facet normal -0.23993571220532714 -0.9578770568417483 -0.1578049365029896
    outer loop
      vertex 42.61722419118974 34.5334824172466 41.12255752490303
      vertex 42.49452918868581 34.56421591545448 41.12255752490303
      vertex 43.5059612846882 35.64901170081717 33
    endloop
  endfacet
  facet normal -0.2399357122052849 -0.9578770568417595 -0.15780493650298613
    outer loop
      vertex 42.741003758284656 34.50134797790868 41.12941221280357
      vertex 43.5059612846882 35.64901170081717 33
      vertex 42.86867405382427 34.4670479000007 41.1434966542503
    endloop
  endfacet
  facet normal -0.23993571220526436 -0.9578770568417648 -0.157804936502985
    outer loop
      vertex 42.741003758284656 34.50134797790868 41.12941221280357
      vertex 42.61722419118974 34.5334824172466 41.12255752490303
      vertex 43.5059612846882 35.64901170081717 33
    endloop
  endfacet
  facet normal -0.23993571220528512 -0.9578770568417594 -0.15780493650298616
    outer loop
      vertex 42.86867405382427 34.4670479000007 41.1434966542503
      vertex 43.5059612846882 35.64901170081717 33
      vertex 43.003405396283924 34.429655965414646 41.16561266480623
    endloop
  endfacet
  facet normal -0.23993571220523205 -0.9578770568417736 -0.1578049365029811
    outer loop
      vertex 42.37021728652934 34.59422515409872 41.12941221280357
      vertex 43.5059612846882 35.64901170081717 33
      vertex 42.49452918868581 34.56421591545448 41.12255752490303
    endloop
  endfacet
  facet normal -0.1448919862710475 -0.9767824293719236 -0.15780493650299296
    outer loop
      vertex 43.24926158780037 34.35849517703629 41.22374523230454
      vertex 44.47669310155387 35.50501723812751 33
      vertex 43.30850277696805 34.34768525415231 41.23626302301595
    endloop
  endfacet
  facet normal -0.14489198627099162 -0.9767824293719329 -0.15780493650298635
    outer loop
      vertex 43.30850277696805 34.34768525415231 41.23626302301595
      vertex 44.47669310155387 35.50501723812751 33
      vertex 43.48300472697273 34.31448079906199 41.281569553490804
    endloop
  endfacet
  facet normal -0.1448919862710393 -0.9767824293719258 -0.15780493650298621
    outer loop
      vertex 44.47669310155387 35.50501723812751 33
      vertex 44.341951340295815 34.13696117774796 41.59172186651587
      vertex 44.20774877560507 34.16593897244316 41.535575812179125
    endloop
  endfacet
  facet normal -0.04845287130289552 -0.9862808531436638 -0.15780493650298733
    outer loop
      vertex 45.45686450484948 35.45686450484948 33
      vertex 44.55241348536075 34.11386681042231 41.67144077365892
      vertex 44.341951340295815 34.13696117774796 41.59172186651587
    endloop
  endfacet
  facet normal -0.14489198627095787 -0.9767824293719382 -0.1578049365029844
    outer loop
      vertex 44.47669310155387 35.50501723812751 33
      vertex 43.918193180117854 34.22688986952018 41.42416307476495
      vertex 43.68249169205359 34.27506052963851 41.342410260638395
    endloop
  endfacet
  facet normal -0.14489198627099356 -0.9767824293719328 -0.15780493650298588
    outer loop
      vertex 44.47669310155387 35.50501723812751 33
      vertex 44.20774877560507 34.16593897244316 41.535575812179125
      vertex 43.918193180117854 34.22688986952018 41.42416307476495
    endloop
  endfacet
  facet normal -0.14489198627100894 -0.97678242937193 -0.15780493650298802
    outer loop
      vertex 44.47669310155387 35.50501723812751 33
      vertex 43.68249169205359 34.27506052963851 41.342410260638395
      vertex 43.48300472697273 34.31448079906199 41.281569553490804
    endloop
  endfacet
  facet normal -0.23993571220526766 -0.9578770568417637 -0.15780493650298597
    outer loop
      vertex 43.24926158780037 34.35849517703629 41.22374523230454
      vertex 43.14906583216647 34.38798158143166 41.19710594988234
      vertex 43.5059612846882 35.64901170081717 33
    endloop
  endfacet
  facet normal -0.04845287130288793 -0.9862808531436642 -0.15780493650298658
    outer loop
      vertex 45.45686450484948 35.45686450484948 33
      vertex 44.98026459928689 34.0646686663833 41.84756056516807
      vertex 44.55241348536075 34.11386681042231 41.67144077365892
    endloop
  endfacet
  facet normal 0.144891986270994 -0.9767824293719327 -0.1578049365029864
    outer loop
      vertex 46.437035908145084 35.50501723812751 33
      vertex 47.144247281017385 34.0266058243361 42.80042568487076
      vertex 46.586903898167186 33.983381999784655 42.556236128586995
    endloop
  endfacet
  facet normal 0.33266872606884934 -0.9297468046253331 -0.1578049365029871
    outer loop
      vertex 48.3597112773941 35.88746114752739 33
      vertex 49.87919635367984 34.78041097808873 42.725687650937836
      vertex 49.39455469741716 34.56776501687118 42.956870409716814
    endloop
  endfacet
  facet normal 0.14489198627099514 -0.9767824293719325 -0.15780493650298594
    outer loop
      vertex 47.40776772501076 35.64901170081717 33
      vertex 47.721999933997196 34.06925970688173 43.06688228236587
      vertex 47.144247281017385 34.0266058243361 42.80042568487076
    endloop
  endfacet
  facet normal 0.23993571220528082 -0.9578770568417604 -0.157804936502986
    outer loop
      vertex 47.40776772501076 35.64901170081717 33
      vertex 48.25472613955811 34.16376520401502 43.30322085908438
      vertex 47.721999933997196 34.06925970688173 43.06688228236587
    endloop
  endfacet
  facet normal 0.2399357122052965 -0.9578770568417565 -0.15780493650298671
    outer loop
      vertex 47.40776772501076 35.64901170081717 33
      vertex 48.472546061883065 34.2015745620739 43.404903746404706
      vertex 48.25472613955811 34.16376520401502 43.30322085908438
    endloop
  endfacet
  facet normal 0.23993571220527785 -0.9578770568417613 -0.15780493650298547
    outer loop
      vertex 47.40776772501076 35.64901170081717 33
      vertex 48.83523287882532 34.319876508801784 43.23826003168573
      vertex 48.472546061883065 34.2015745620739 43.404903746404706
    endloop
  endfacet
  facet normal 0.33266872606884307 -0.9297468046253353 -0.1578049365029868
    outer loop
      vertex 48.3597112773941 35.88746114752739 33
      vertex 49.39455469741716 34.56776501687118 42.956870409716814
      vertex 48.83523287882532 34.319876508801784 43.23826003168573
    endloop
  endfacet
  facet normal 0 0 -1
    outer loop
      vertex 39.11293166321302 37.72675997122211 33
      vertex 38.385796692984 38.385796692984 33
      vertex 37.72675997122211 39.11293166321302 33
    endloop
  endfacet
  facet normal 0 0 -1
    outer loop
      vertex 39.11293166321302 37.72675997122211 33
      vertex 37.72675997122211 39.11293166321302 33
      vertex 37.14216838182402 39.90116217465345 33
    endloop
  endfacet
  facet normal 0 0 -1
    outer loop
      vertex 39.90116217465345 37.14216838182402 33
      vertex 37.14216838182402 39.90116217465345 33
      vertex 36.637651861365924 40.7428971365895 33
    endloop
  endfacet
  facet normal 0 0 -1
    outer loop
      vertex 40.7428971365895 36.637651861365924 33
      vertex 36.637651861365924 40.7428971365895 33
      vertex 36.21806917973661 41.63003018119858 33
    endloop
  endfacet
  facet normal -0.7931435855845677 -0.5882353735209608 -0.15780493650298624
    outer loop
      vertex 37.72675997122211 39.11293166321302 33
      vertex 36.22291931317542 38.55039797368465 42.65536199572576
      vertex 37.14216838182402 39.90116217465345 33
    endloop
  endfacet
  facet normal -0.7316672332785704 -0.6631445255461065 -0.1578049365029865
    outer loop
      vertex 38.385796692984 38.385796692984 33
      vertex 36.82628083379156 37.69717765375698 43.124528645334046
      vertex 37.72675997122211 39.11293166321302 33
    endloop
  endfacet
  facet normal -0.8469815315850029 -0.5076611932866362 -0.15780493650298613
    outer loop
      vertex 37.14216838182402 39.90116217465345 33
      vertex 35.49961936181283 39.843162486430366 42.002588303561865
      vertex 36.637651861365924 40.7428971365895 33
    endloop
  endfacet
  facet normal -0.8926625824290682 -0.4221979582451284 -0.15780493650298644
    outer loop
      vertex 36.637651861365924 40.7428971365895 33
      vertex 35.13773323905289 40.693364289238055 41.617182250312645
      vertex 36.21806917973661 41.63003018119858 33
    endloop
  endfacet
  facet normal -0.9297468046253367 -0.33266872606883957 -0.15780493650298583
    outer loop
      vertex 34.86312199051848 41.47011953799854 41.32011417808213
      vertex 35.88746114752739 42.55401773230486 33
      vertex 36.21806917973661 41.63003018119858 33
    endloop
  endfacet
  facet normal -0.7931435855845721 -0.5882353735209547 -0.1578049365029866
    outer loop
      vertex 37.72675997122211 39.11293166321302 33
      vertex 36.50281061530706 38.108462385765144 42.895963814190985
      vertex 36.22291931317542 38.55039797368465 42.65536199572576
    endloop
  endfacet
  facet normal -0.846981531584999 -0.5076611932866428 -0.15780493650298544
    outer loop
      vertex 37.14216838182402 39.90116217465345 33
      vertex 35.797606241958796 39.25667633879937 42.289948600515025
      vertex 35.49961936181283 39.843162486430366 42.002588303561865
    endloop
  endfacet
  facet normal -0.8469815315849998 -0.5076611932866416 -0.1578049365029855
    outer loop
      vertex 37.14216838182402 39.90116217465345 33
      vertex 35.8932623508213 39.06666984396885 42.387790700072884
      vertex 35.797606241958796 39.25667633879937 42.289948600515025
    endloop
  endfacet
  facet normal -0.7931435855845755 -0.5882353735209502 -0.15780493650298552
    outer loop
      vertex 37.14216838182402 39.90116217465345 33
      vertex 36.22291931317542 38.55039797368465 42.65536199572576
      vertex 35.8932623508213 39.06666984396885 42.387790700072884
    endloop
  endfacet
  facet normal -0.9297468046253357 -0.33266872606884235 -0.15780493650298666
    outer loop
      vertex 34.706230254647856 41.973004928218494 41.18434749992837
      vertex 35.88746114752739 42.55401773230486 33
      vertex 34.75375894841923 41.82482676028471 41.21669497465834
    endloop
  endfacet
  facet normal -0.8469815315850034 -0.507661193286635 -0.1578049365029861
    outer loop
      vertex 36.637651861365924 40.7428971365895 33
      vertex 35.49961936181283 39.843162486430366 42.002588303561865
      vertex 35.38215390047496 40.07181949532976 41.89746349564043
    endloop
  endfacet
  facet normal -0.8926625824290683 -0.4221979582451285 -0.157804936502986
    outer loop
      vertex 36.637651861365924 40.7428971365895 33
      vertex 35.38215390047496 40.07181949532976 41.89746349564043
      vertex 35.288853883633024 40.31100323110097 41.78531585751561
    endloop
  endfacet
  facet normal -0.8926625824290642 -0.4221979582451373 -0.1578049365029858
    outer loop
      vertex 36.637651861365924 40.7428971365895 33
      vertex 35.288853883633024 40.31100323110097 41.78531585751561
      vertex 35.13773323905289 40.693364289238055 41.617182250312645
    endloop
  endfacet
  facet normal -0.8926625824290743 -0.42219795824511597 -0.15780493650298583
    outer loop
      vertex 35.13773323905289 40.693364289238055 41.617182250312645
      vertex 35.0190660047525 40.98911165430767 41.49719782974856
      vertex 36.21806917973661 41.63003018119858 33
    endloop
  endfacet
  facet normal -0.9297468046253361 -0.3326687260688414 -0.15780493650298574
    outer loop
      vertex 34.86312199051848 41.47011953799854 41.32011417808213
      vertex 36.21806917973661 41.63003018119858 33
      vertex 34.92998444803146 41.245467846185576 41.39976590622879
    endloop
  endfacet
  facet normal -0.8926625824290644 -0.4221979582451373 -0.15780493650298605
    outer loop
      vertex 35.0190660047525 40.98911165430767 41.49719782974856
      vertex 34.96870304447311 41.11252578360278 41.451901000741664
      vertex 36.21806917973661 41.63003018119858 33
    endloop
  endfacet
  facet normal -0.9297468046253425 -0.3326687260688235 -0.15780493650298594
    outer loop
      vertex 34.96870304447311 41.11252578360278 41.451901000741664
      vertex 34.92998444803146 41.245467846185576 41.39976590622879
      vertex 36.21806917973661 41.63003018119858 33
    endloop
  endfacet
  facet normal -0.9297468046253325 -0.33266872606885095 -0.15780493650298683
    outer loop
      vertex 34.86312199051848 41.47011953799854 41.32011417808213
      vertex 34.805373376632254 41.65963480921962 41.26083710587678
      vertex 35.88746114752739 42.55401773230486 33
    endloop
  endfacet
  facet normal -0.929746804625329 -0.3326687260688602 -0.15780493650298735
    outer loop
      vertex 34.805373376632254 41.65963480921962 41.26083710587678
      vertex 34.75375894841923 41.82482676028471 41.21669497465834
      vertex 35.88746114752739 42.55401773230486 33
    endloop
  endfacet
  facet normal -0.7316672332785655 -0.6631445255461117 -0.15780493650298608
    outer loop
      vertex 38.385796692984 38.385796692984 33
      vertex 37.20804941932942 37.20804941932942 43.409913546564056
      vertex 36.82628083379156 37.69717765375698 43.124528645334046
    endloop
  endfacet
  facet normal -0.7316672332785691 -0.6631445255461077 -0.15780493650298655
    outer loop
      vertex 37.72675997122211 39.11293166321302 33
      vertex 36.82628083379156 37.69717765375698 43.124528645334046
      vertex 36.50281061530706 38.108462385765144 42.895963814190985
    endloop
  endfacet
  facet normal -0.929746804625335 -0.332668726068844 -0.1578049365029867
    outer loop
      vertex 34.706230254647856 41.973004928218494 41.18434749992837
      vertex 34.66128082308732 42.10940568320965 41.16163163872632
      vertex 35.88746114752739 42.55401773230486 33
    endloop
  endfacet
  facet normal -0.9578770568417405 -0.23993571220535975 -0.15780493650298685
    outer loop
      vertex 34.63896474887663 42.175290490278435 41.15422048815264
      vertex 34.62415854672986 42.24145319326862 41.1434966542503
      vertex 35.88746114752739 42.55401773230486 33
    endloop
  endfacet
  facet normal -0.929746804625351 -0.33266872606879894 -0.15780493650298666
    outer loop
      vertex 34.66128082308732 42.10940568320965 41.16163163872632
      vertex 34.63896474887663 42.175290490278435 41.15422048815264
      vertex 35.88746114752739 42.55401773230486 33
    endloop
  endfacet
  facet normal -0.9578770568417527 -0.23993571220531196 -0.15780493650298688
    outer loop
      vertex 34.62415854672986 42.24145319326862 41.1434966542503
      vertex 34.59422515409872 42.37021728652934 41.12941221280357
      vertex 35.88746114752739 42.55401773230486 33
    endloop
  endfacet
  facet normal 0 0 -1
    outer loop
      vertex 41.63003018119858 36.21806917973661 33
      vertex 36.21806917973661 41.63003018119858 33
      vertex 35.88746114752739 42.55401773230486 33
    endloop
  endfacet
  facet normal 0 0 -1
    outer loop
      vertex 42.55401773230486 35.88746114752739 33
      vertex 35.88746114752739 42.55401773230486 33
      vertex 35.64901170081717 43.5059612846882 33
    endloop
  endfacet
  facet normal 0 0 -1
    outer loop
      vertex 43.5059612846882 35.64901170081717 33
      vertex 35.64901170081717 43.5059612846882 33
      vertex 35.50501723812751 44.47669310155387 33
    endloop
  endfacet
  facet normal 0 0 -1
    outer loop
      vertex 44.47669310155387 35.50501723812751 33
      vertex 35.50501723812751 44.47669310155387 33
      vertex 35.45686450484948 45.45686450484948 33
    endloop
  endfacet
  facet normal 0 0 -1
    outer loop
      vertex 45.45686450484948 35.45686450484948 33
      vertex 35.45686450484948 45.45686450484948 33
      vertex 35.50501723812751 46.437035908145084 33
    endloop
  endfacet
  facet normal 0 0 -1
    outer loop
      vertex 46.437035908145084 35.50501723812751 33
      vertex 35.50501723812751 46.437035908145084 33
      vertex 35.64901170081717 47.40776772501076 33
    endloop
  endfacet
  facet normal 0 0 -1
    outer loop
      vertex 47.40776772501076 35.64901170081717 33
      vertex 35.64901170081717 47.40776772501076 33
      vertex 35.88746114752739 48.3597112773941 33
    endloop
  endfacet
  facet normal -0.9578770568417578 -0.23993571220529056 -0.15780493650298721
    outer loop
      vertex 34.59422515409872 42.37021728652934 41.12941221280357
      vertex 35.64901170081717 43.5059612846882 33
      vertex 35.88746114752739 42.55401773230486 33
    endloop
  endfacet
  facet normal -0.9767824293719333 -0.1448919862709899 -0.15780493650298572
    outer loop
      vertex 34.35849517703629 43.24926158780037 41.22374523230454
      vertex 35.50501723812751 44.47669310155387 33
      vertex 35.64901170081717 43.5059612846882 33
    endloop
  endfacet
  facet normal -0.9862808531436641 -0.04845287130288986 -0.15780493650298663
    outer loop
      vertex 35.50501723812751 44.47669310155387 33
      vertex 34.13696117774796 44.341951340295815 41.59172186651587
      vertex 35.45686450484948 45.45686450484948 33
    endloop
  endfacet
  facet normal -0.9862808531436641 0.04845287130288986 -0.15780493650298638
    outer loop
      vertex 35.45686450484948 45.45686450484948 33
      vertex 33.983381999784655 46.586903898167186 42.556236128586995
      vertex 35.50501723812751 46.437035908145084 33
    endloop
  endfacet
  facet normal -0.9767824293719333 0.1448919862709899 -0.15780493650298588
    outer loop
      vertex 35.50501723812751 46.437035908145084 33
      vertex 34.06925970688173 47.721999933997196 43.06688228236587
      vertex 35.64901170081717 47.40776772501076 33
    endloop
  endfacet
  facet normal -0.957877056841758 0.23993571220529056 -0.15780493650298683
    outer loop
      vertex 35.64901170081717 47.40776772501076 33
      vertex 34.319876508801784 48.83523287882532 43.23826003168573
      vertex 35.88746114752739 48.3597112773941 33
    endloop
  endfacet
  facet normal 0 0 -1
    outer loop
      vertex 48.3597112773941 35.88746114752739 33
      vertex 35.88746114752739 48.3597112773941 33
      vertex 36.21806917973661 49.28369882850038 33
    endloop
  endfacet
  facet normal 0 0 -1
    outer loop
      vertex 49.28369882850038 36.21806917973661 33
      vertex 36.21806917973661 49.28369882850038 33
      vertex 36.637651861365924 50.17083187310946 33
    endloop
  endfacet
  facet normal 0 0 -1
    outer loop
      vertex 50.17083187310946 36.637651861365924 33
      vertex 36.637651861365924 50.17083187310946 33
      vertex 37.14216838182402 51.012566835045504 33
    endloop
  endfacet
  facet normal 0 0 -1
    outer loop
      vertex 51.012566835045504 37.14216838182402 33
      vertex 37.14216838182402 51.012566835045504 33
      vertex 44.237105307302684 44.237105307302684 33
    endloop
  endfacet
  facet normal 0 0 -1
    outer loop
      vertex 37.14216838182402 51.012566835045504 33
      vertex 43.863172311267505 44.7967355840197 33
      vertex 44.237105307302684 44.237105307302684 33
    endloop
  endfacet
  facet normal 0 0 -1
    outer loop
      vertex 37.72675997122211 51.800797346485936 33
      vertex 43.731864504849476 45.45686450484948 33
      vertex 43.863172311267505 44.7967355840197 33
    endloop
  endfacet
  facet normal 0 0 -1
    outer loop
      vertex 37.72675997122211 51.800797346485936 33
      vertex 43.863172311267505 46.116993425679254 33
      vertex 43.731864504849476 45.45686450484948 33
    endloop
  endfacet
  facet normal 0 0 -1
    outer loop
      vertex 38.385796692984 52.52793231671495 33
      vertex 44.237105307302684 46.67662370239627 33
      vertex 43.863172311267505 46.116993425679254 33
    endloop
  endfacet
  facet normal 0 0 -1
    outer loop
      vertex 37.14216838182402 51.012566835045504 33
      vertex 37.72675997122211 51.800797346485936 33
      vertex 43.863172311267505 44.7967355840197 33
    endloop
  endfacet
  facet normal 0 0 -1
    outer loop
      vertex 37.72675997122211 51.800797346485936 33
      vertex 38.385796692984 52.52793231671495 33
      vertex 43.863172311267505 46.116993425679254 33
    endloop
  endfacet
  facet normal -0.9297468046253367 0.3326687260688395 -0.157804936502986
    outer loop
      vertex 35.88746114752739 48.3597112773941 33
      vertex 34.78041097808873 49.87919635367984 42.725687650937836
      vertex 36.21806917973661 49.28369882850038 33
    endloop
  endfacet
  facet normal -0.8926625824290685 0.4221979582451285 -0.15780493650298555
    outer loop
      vertex 36.21806917973661 49.28369882850038 33
      vertex 35.33656657961093 50.86627644502917 42.22053174097945
      vertex 36.637651861365924 50.17083187310946 33
    endloop
  endfacet
  facet normal -0.9578770568417736 -0.23993571220523205 -0.1578049365029811
    outer loop
      vertex 34.59422515409872 42.37021728652934 41.12941221280357
      vertex 34.56421591545448 42.49452918868581 41.12255752490303
      vertex 35.64901170081717 43.5059612846882 33
    endloop
  endfacet
  facet normal -0.9578770568417483 -0.23993571220532714 -0.15780493650298957
    outer loop
      vertex 34.56421591545448 42.49452918868581 41.12255752490303
      vertex 34.5334824172466 42.61722419118974 41.12255752490303
      vertex 35.64901170081717 43.5059612846882 33
    endloop
  endfacet
  facet normal -0.9578770568417648 -0.23993571220526436 -0.15780493650298497
    outer loop
      vertex 34.5334824172466 42.61722419118974 41.12255752490303
      vertex 34.50134797790868 42.741003758284656 41.12941221280357
      vertex 35.64901170081717 43.5059612846882 33
    endloop
  endfacet
  facet normal -0.9578770568417595 -0.2399357122052849 -0.15780493650298613
    outer loop
      vertex 34.50134797790868 42.741003758284656 41.12941221280357
      vertex 34.4670479000007 42.86867405382427 41.1434966542503
      vertex 35.64901170081717 43.5059612846882 33
    endloop
  endfacet
  facet normal -0.9578770568417594 -0.23993571220528512 -0.15780493650298616
    outer loop
      vertex 34.4670479000007 42.86867405382427 41.1434966542503
      vertex 34.429655965414646 43.003405396283924 41.16561266480623
      vertex 35.64901170081717 43.5059612846882 33
    endloop
  endfacet
  facet normal -0.9578770568417607 -0.23993571220527932 -0.15780493650298602
    outer loop
      vertex 34.429655965414646 43.003405396283924 41.16561266480623
      vertex 34.38798158143166 43.14906583216647 41.19710594988234
      vertex 35.64901170081717 43.5059612846882 33
    endloop
  endfacet
  facet normal -0.9578770568417637 -0.23993571220526766 -0.15780493650298597
    outer loop
      vertex 34.38798158143166 43.14906583216647 41.19710594988234
      vertex 34.35849517703629 43.24926158780037 41.22374523230454
      vertex 35.64901170081717 43.5059612846882 33
    endloop
  endfacet
  facet normal -0.9767824293719236 -0.1448919862710475 -0.15780493650299296
    outer loop
      vertex 34.35849517703629 43.24926158780037 41.22374523230454
      vertex 34.34768525415231 43.30850277696805 41.23626302301595
      vertex 35.50501723812751 44.47669310155387 33
    endloop
  endfacet
  facet normal -0.9767824293719329 -0.14489198627099162 -0.15780493650298635
    outer loop
      vertex 34.34768525415231 43.30850277696805 41.23626302301595
      vertex 34.31448079906199 43.48300472697273 41.281569553490804
      vertex 35.50501723812751 44.47669310155387 33
    endloop
  endfacet
  facet normal -0.97678242937193 -0.14489198627100894 -0.15780493650298802
    outer loop
      vertex 35.50501723812751 44.47669310155387 33
      vertex 34.31448079906199 43.48300472697273 41.281569553490804
      vertex 34.27506052963851 43.68249169205359 41.342410260638395
    endloop
  endfacet
  facet normal -0.9767824293719382 -0.14489198627095787 -0.1578049365029844
    outer loop
      vertex 35.50501723812751 44.47669310155387 33
      vertex 34.27506052963851 43.68249169205359 41.342410260638395
      vertex 34.22688986952018 43.918193180117854 41.42416307476495
    endloop
  endfacet
  facet normal -0.9767824293719328 -0.14489198627099356 -0.15780493650298588
    outer loop
      vertex 35.50501723812751 44.47669310155387 33
      vertex 34.22688986952018 43.918193180117854 41.42416307476495
      vertex 34.16593897244316 44.20774877560507 41.535575812179125
    endloop
  endfacet
  facet normal -0.9767824293719258 -0.1448919862710393 -0.15780493650298621
    outer loop
      vertex 35.50501723812751 44.47669310155387 33
      vertex 34.16593897244316 44.20774877560507 41.535575812179125
      vertex 34.13696117774796 44.341951340295815 41.59172186651587
    endloop
  endfacet
  facet normal -0.9862808531436638 -0.04845287130289552 -0.15780493650298733
    outer loop
      vertex 35.45686450484948 45.45686450484948 33
      vertex 34.13696117774796 44.341951340295815 41.59172186651587
      vertex 34.11386681042231 44.55241348536075 41.67144077365892
    endloop
  endfacet
  facet normal -0.9862808531436642 -0.04845287130288793 -0.15780493650298658
    outer loop
      vertex 35.45686450484948 45.45686450484948 33
      vertex 34.11386681042231 44.55241348536075 41.67144077365892
      vertex 34.0646686663833 44.98026459928689 41.84756056516807
    endloop
  endfacet
  facet normal -0.9862808531436642 -0.048452871302889874 -0.15780493650298666
    outer loop
      vertex 35.45686450484948 45.45686450484948 33
      vertex 34.0646686663833 44.98026459928689 41.84756056516807
      vertex 34.00770764989155 45.45686450484948 42.05723034348702
    endloop
  endfacet
  facet normal -0.9862808531436652 0.04845287130286788 -0.15780493650298685
    outer loop
      vertex 35.45686450484948 45.45686450484948 33
      vertex 34.00770764989155 45.45686450484948 42.05723034348702
      vertex 34.00619302610103 45.54971339599211 42.09520532671792
    endloop
  endfacet
  facet normal -0.9862808531436635 0.04845287130290071 -0.1578049365029869
    outer loop
      vertex 35.45686450484948 45.45686450484948 33
      vertex 34.00619302610103 45.54971339599211 42.09520532671792
      vertex 33.99169779859626 46.24729111509498 42.399986722428345
    endloop
  endfacet
  facet normal -0.9862808531436648 0.048452871302880555 -0.15780493650298538
    outer loop
      vertex 35.45686450484948 45.45686450484948 33
      vertex 33.99169779859626 46.24729111509498 42.399986722428345
      vertex 33.983381999784655 46.586903898167186 42.556236128586995
    endloop
  endfacet
  facet normal -0.9767824293719327 0.144891986270994 -0.1578049365029864
    outer loop
      vertex 35.50501723812751 46.437035908145084 33
      vertex 33.983381999784655 46.586903898167186 42.556236128586995
      vertex 34.0266058243361 47.144247281017385 42.80042568487076
    endloop
  endfacet
  facet normal -0.9297468046253331 0.33266872606884934 -0.1578049365029871
    outer loop
      vertex 35.88746114752739 48.3597112773941 33
      vertex 34.56776501687118 49.39455469741716 42.956870409716814
      vertex 34.78041097808873 49.87919635367984 42.725687650937836
    endloop
  endfacet
  facet normal -0.9767824293719324 0.1448919862709953 -0.1578049365029865
    outer loop
      vertex 35.50501723812751 46.437035908145084 33
      vertex 34.0266058243361 47.144247281017385 42.80042568487076
      vertex 34.06925970688173 47.721999933997196 43.06688228236587
    endloop
  endfacet
  facet normal -0.9578770568417604 0.23993571220528082 -0.157804936502986
    outer loop
      vertex 35.64901170081717 47.40776772501076 33
      vertex 34.06925970688173 47.721999933997196 43.06688228236587
      vertex 34.16376520401502 48.25472613955811 43.30322085908438
    endloop
  endfacet
  facet normal -0.9578770568417577 0.23993571220529145 -0.1578049365029865
    outer loop
      vertex 35.64901170081717 47.40776772501076 33
      vertex 34.16376520401502 48.25472613955811 43.30322085908438
      vertex 34.2015745620739 48.472546061883065 43.4049037464047
    endloop
  endfacet
  facet normal -0.9578770568417606 0.2399357122052806 -0.15780493650298577
    outer loop
      vertex 35.64901170081717 47.40776772501076 33
      vertex 34.2015745620739 48.472546061883065 43.4049037464047
      vertex 34.319876508801784 48.83523287882532 43.23826003168573
    endloop
  endfacet
  facet normal -0.9297468046253353 0.33266872606884307 -0.1578049365029868
    outer loop
      vertex 35.88746114752739 48.3597112773941 33
      vertex 34.319876508801784 48.83523287882532 43.23826003168573
      vertex 34.56776501687118 49.39455469741716 42.956870409716814
    endloop
  endfacet
  facet normal -0.8469815315850031 0.5076611932866362 -0.15780493650298527
    outer loop
      vertex 36.637651861365924 50.17083187310946 33
      vertex 35.97944826575496 51.789471578481894 41.73994745918319
      vertex 37.14216838182402 51.012566835045504 33
    endloop
  endfacet
  facet normal -0.7931435855845675 0.5882353735209606 -0.15780493650298683
    outer loop
      vertex 37.14216838182402 51.012566835045504 33
      vertex 36.69692880621383 52.645957941742594 41.32646538387932
      vertex 37.72675997122211 51.800797346485936 33
    endloop
  endfacet
  facet normal -0.7316672332785703 0.6631445255461064 -0.15780493650298671
    outer loop
      vertex 37.72675997122211 51.800797346485936 33
      vertex 37.4661714802933 53.44755752940566 41.12841530054645
      vertex 38.385796692984 52.52793231671495 33
    endloop
  endfacet
  facet normal -0.8926625824290647 0.4221979582451362 -0.15780493650298652
    outer loop
      vertex 36.21806917973661 49.28369882850038 33
      vertex 34.998845958117215 50.2648441879919 42.52183468011361
      vertex 35.33656657961093 50.86627644502917 42.22053174097945
    endloop
  endfacet
  facet normal -0.8926625824290703 0.42219795824512457 -0.15780493650298602
    outer loop
      vertex 36.21806917973661 49.28369882850038 33
      vertex 34.78041097808873 49.87919635367984 42.725687650937836
      vertex 34.998845958117215 50.2648441879919 42.52183468011361
    endloop
  endfacet
  facet normal -0.8469815315849937 0.5076611932866509 -0.15780493650298727
    outer loop
      vertex 36.637651861365924 50.17083187310946 33
      vertex 35.728884492363065 51.427403249183214 41.92001057427829
      vertex 35.97944826575496 51.789471578481894 41.73994745918319
    endloop
  endfacet
  facet normal -0.8469815315850365 0.5076611932865801 -0.15780493650298624
    outer loop
      vertex 36.637651861365924 50.17083187310946 33
      vertex 35.33656657961093 50.86627644502917 42.22053174097945
      vertex 35.372485236634766 50.91728378720819 42.19183814595075
    endloop
  endfacet
  facet normal -0.8469815315850037 0.5076611932866348 -0.15780493650298602
    outer loop
      vertex 36.637651861365924 50.17083187310946 33
      vertex 35.372485236634766 50.91728378720819 42.19183814595075
      vertex 35.728884492363065 51.427403249183214 41.92001057427829
    endloop
  endfacet
  facet normal -0.7316672332785814 0.6631445255460943 -0.15780493650298533
    outer loop
      vertex 37.72675997122211 51.800797346485936 33
      vertex 36.99800398724642 52.94891463153491 41.203637956353056
      vertex 37.104374782630046 53.0587146511056 41.17185983972407
    endloop
  endfacet
  facet normal -0.7316672332785832 0.6631445255460925 -0.15780493650298527
    outer loop
      vertex 37.72675997122211 51.800797346485936 33
      vertex 37.104374782630046 53.0587146511056 41.17185983972407
      vertex 37.20173610270656 53.160825887858714 41.14954380755671
    endloop
  endfacet
  facet normal -0.7316672332785451 0.6631445255461335 -0.15780493650298966
    outer loop
      vertex 37.72675997122211 51.800797346485936 33
      vertex 37.20173610270656 53.160825887858714 41.14954380755671
      vertex 37.2929873285556 53.25812418934418 41.13533198361182
    endloop
  endfacet
  facet normal -0.731667233278568 0.6631445255461089 -0.15780493650298635
    outer loop
      vertex 37.72675997122211 51.800797346485936 33
      vertex 37.2929873285556 53.25812418934418 41.13533198361182
      vertex 37.38046069352864 53.3529902491245 41.12841530054645
    endloop
  endfacet
  facet normal -0.7316672332785982 0.6631445255460767 -0.15780493650298164
    outer loop
      vertex 37.72675997122211 51.800797346485936 33
      vertex 37.38046069352864 53.3529902491245 41.12841530054645
      vertex 37.4661714802933 53.44755752940566 41.12841530054645
    endloop
  endfacet
  facet normal -0.7931435855845649 0.5882353735209643 -0.15780493650298608
    outer loop
      vertex 37.14216838182402 51.012566835045504 33
      vertex 36.24470639188287 52.102042976149306 41.57187775875794
      vertex 36.44146703405642 52.33643256001822 41.4566519792491
    endloop
  endfacet
  facet normal -0.7931435855846948 0.5882353735207894 -0.15780493650298644
    outer loop
      vertex 37.14216838182402 51.012566835045504 33
      vertex 35.97944826575496 51.789471578481894 41.73994745918319
      vertex 35.989280504831186 51.80095707882749 41.733343104512954
    endloop
  endfacet
  facet normal -0.7931435855845722 0.5882353735209546 -0.1578049365029856
    outer loop
      vertex 37.14216838182402 51.012566835045504 33
      vertex 35.989280504831186 51.80095707882749 41.733343104512954
      vertex 36.24470639188287 52.102042976149306 41.57187775875794
    endloop
  endfacet
  facet normal -0.7931435855845764 0.5882353735209493 -0.15780493650298466
    outer loop
      vertex 37.14216838182402 51.012566835045504 33
      vertex 36.44146703405642 52.33643256001822 41.4566519792491
      vertex 36.600315268691716 52.52793231671495 41.37210121823733
    endloop
  endfacet
  facet normal -0.7931435855845905 0.5882353735209308 -0.1578049365029822
    outer loop
      vertex 37.14216838182402 51.012566835045504 33
      vertex 36.600315268691716 52.52793231671495 41.37210121823733
      vertex 36.69692880621383 52.645957941742594 41.32646538387932
    endloop
  endfacet
  facet normal -0.7316672332785227 0.6631445255461591 -0.1578049365029863
    outer loop
      vertex 37.72675997122211 51.800797346485936 33
      vertex 36.69692880621383 52.645957941742594 41.32646538387932
      vertex 36.741332230220706 52.689897929423495 41.305236845772185
    endloop
  endfacet
  facet normal -0.7316672332785822 0.6631445255460934 -0.15780493650298627
    outer loop
      vertex 37.72675997122211 51.800797346485936 33
      vertex 36.741332230220706 52.689897929423495 41.305236845772185
      vertex 36.878784580966155 52.82769566358624 41.24700312800313
    endloop
  endfacet
  facet normal -0.7316672332785529 0.6631445255461256 -0.1578049365029872
    outer loop
      vertex 37.72675997122211 51.800797346485936 33
      vertex 36.878784580966155 52.82769566358624 41.24700312800313
      vertex 36.99800398724642 52.94891463153491 41.203637956353056
    endloop
  endfacet
  facet normal 0.7316672332785702 -0.6631445255461064 -0.15780493650298671
    outer loop
      vertex 53.44755752940566 37.4661714802933 41.12841530054645
      vertex 52.52793231671495 38.385796692984 33
      vertex 53.186969038476846 39.11293166321302 33
    endloop
  endfacet
  facet normal 0.7931435855845677 -0.5882353735209607 -0.15780493650298685
    outer loop
      vertex 54.21680020348512 38.26777106795636 41.32646538387932
      vertex 53.186969038476846 39.11293166321302 33
      vertex 53.77156062787493 39.90116217465345 33
    endloop
  endfacet
  facet normal 0.8469815315850028 -0.507661193286636 -0.15780493650298627
    outer loop
      vertex 54.934280743944 39.12425743121705 41.73994745918319
      vertex 53.77156062787493 39.90116217465345 33
      vertex 54.27607714833303 40.7428971365895 33
    endloop
  endfacet
  facet normal 0.7316672332785985 -0.6631445255460765 -0.1578049365029816
    outer loop
      vertex 53.44755752940566 37.4661714802933 41.12841530054645
      vertex 53.186969038476846 39.11293166321302 33
      vertex 53.533268316170314 37.56073876057445 41.12841530054645
    endloop
  endfacet
  facet normal 0.7316672332785682 -0.6631445255461088 -0.15780493650298646
    outer loop
      vertex 53.533268316170314 37.56073876057445 41.12841530054645
      vertex 53.186969038476846 39.11293166321302 33
      vertex 53.62074168114336 37.655604820354775 41.13533198361182
    endloop
  endfacet
  facet normal 0.7316672332785451 -0.6631445255461332 -0.1578049365029896
    outer loop
      vertex 53.62074168114336 37.655604820354775 41.13533198361182
      vertex 53.186969038476846 39.11293166321302 33
      vertex 53.71199290699239 37.75290312184024 41.14954380755671
    endloop
  endfacet
  facet normal 0.7316672332785834 -0.6631445255460922 -0.15780493650298522
    outer loop
      vertex 53.71199290699239 37.75290312184024 41.14954380755671
      vertex 53.186969038476846 39.11293166321302 33
      vertex 53.80935422706891 37.85501435859335 41.17185983972407
    endloop
  endfacet
  facet normal 0.7316672332785817 -0.663144525546094 -0.15780493650298535
    outer loop
      vertex 53.80935422706891 37.85501435859335 41.17185983972407
      vertex 53.186969038476846 39.11293166321302 33
      vertex 53.915725022452534 37.96481437816404 41.203637956353056
    endloop
  endfacet
  facet normal 0.7316672332785523 -0.6631445255461259 -0.15780493650298721
    outer loop
      vertex 53.915725022452534 37.96481437816404 41.203637956353056
      vertex 53.186969038476846 39.11293166321302 33
      vertex 54.0349444287328 38.086033346112714 41.24700312800313
    endloop
  endfacet
  facet normal 0.731667233278582 -0.6631445255460936 -0.15780493650298624
    outer loop
      vertex 54.0349444287328 38.086033346112714 41.24700312800313
      vertex 53.186969038476846 39.11293166321302 33
      vertex 54.17239677947825 38.22383108027546 41.305236845772185
    endloop
  endfacet
  facet normal 0.7316672332785219 -0.66314452554616 -0.15780493650298624
    outer loop
      vertex 54.17239677947825 38.22383108027546 41.305236845772185
      vertex 53.186969038476846 39.11293166321302 33
      vertex 54.21680020348512 38.26777106795636 41.32646538387932
    endloop
  endfacet
  facet normal 0.7931435855845907 -0.5882353735209307 -0.15780493650298222
    outer loop
      vertex 54.21680020348512 38.26777106795636 41.32646538387932
      vertex 53.77156062787493 39.90116217465345 33
      vertex 54.31341374100724 38.385796692984 41.37210121823733
    endloop
  endfacet
  facet normal 0.7931435855845763 -0.5882353735209495 -0.15780493650298466
    outer loop
      vertex 54.31341374100724 38.385796692984 41.37210121823733
      vertex 53.77156062787493 39.90116217465345 33
      vertex 54.47226197564253 38.57729644968074 41.4566519792491
    endloop
  endfacet
  facet normal 0.7931435855845648 -0.5882353735209647 -0.1578049365029861
    outer loop
      vertex 54.47226197564253 38.57729644968074 41.4566519792491
      vertex 53.77156062787493 39.90116217465345 33
      vertex 54.66902261781608 38.81168603354965 41.57187775875794
    endloop
  endfacet
  facet normal 0.7931435855845722 -0.5882353735209546 -0.15780493650298558
    outer loop
      vertex 54.66902261781608 38.81168603354965 41.57187775875794
      vertex 53.77156062787493 39.90116217465345 33
      vertex 54.92444850486777 39.11277193087147 41.733343104512954
    endloop
  endfacet
  facet normal 0.7931435855843099 -0.5882353735213091 -0.15780493650298297
    outer loop
      vertex 54.92444850486777 39.11277193087147 41.733343104512954
      vertex 53.77156062787493 39.90116217465345 33
      vertex 54.934280743944 39.12425743121705 41.73994745918319
    endloop
  endfacet
  facet normal 0.846981531585005 -0.5076611932866327 -0.15780493650298585
    outer loop
      vertex 54.934280743944 39.12425743121705 41.73994745918319
      vertex 54.27607714833303 40.7428971365895 33
      vertex 55.18484451733589 39.48632576051574 41.92001057427829
    endloop
  endfacet
  facet normal 0.8469815315850037 -0.5076611932866348 -0.15780493650298602
    outer loop
      vertex 54.27607714833303 40.7428971365895 33
      vertex 55.54124377306419 39.99644522249076 42.19183814595075
      vertex 55.18484451733589 39.48632576051574 41.92001057427829
    endloop
  endfacet
  facet normal 0.8469815315850365 -0.5076611932865801 -0.15780493650298624
    outer loop
      vertex 54.27607714833303 40.7428971365895 33
      vertex 55.57716243008802 40.04745256466978 42.22053174097945
      vertex 55.54124377306419 39.99644522249076 42.19183814595075
    endloop
  endfacet
  facet normal 0.8926625824290647 -0.4221979582451362 -0.15780493650298652
    outer loop
      vertex 54.695659829962345 41.63003018119858 33
      vertex 55.91488305158174 40.64888482170706 42.52183468011361
      vertex 55.57716243008802 40.04745256466978 42.22053174097945
    endloop
  endfacet
  facet normal 0.8926625824290703 -0.42219795824512457 -0.15780493650298602
    outer loop
      vertex 54.695659829962345 41.63003018119858 33
      vertex 56.13331803161022 41.03453265601912 42.725687650937836
      vertex 55.91488305158174 40.64888482170706 42.52183468011361
    endloop
  endfacet
  facet normal 0 0 -1
    outer loop
      vertex 52.52793231671495 38.385796692984 33
      vertex 47.05055669843145 44.7967355840197 33
      vertex 53.186969038476846 39.11293166321302 33
    endloop
  endfacet
  facet normal 0 0 -1
    outer loop
      vertex 53.186969038476846 39.11293166321302 33
      vertex 47.05055669843145 46.116993425679254 33
      vertex 53.77156062787493 39.90116217465345 33
    endloop
  endfacet
  facet normal 0.8926625824290685 -0.4221979582451285 -0.15780493650298558
    outer loop
      vertex 54.27607714833303 40.7428971365895 33
      vertex 54.695659829962345 41.63003018119858 33
      vertex 55.57716243008802 40.04745256466978 42.22053174097945
    endloop
  endfacet
  facet normal 0.9297468046253367 -0.3326687260688395 -0.157804936502986
    outer loop
      vertex 54.695659829962345 41.63003018119858 33
      vertex 55.026267862171565 42.55401773230486 33
      vertex 56.13331803161022 41.03453265601912 42.725687650937836
    endloop
  endfacet
  facet normal 0 0 -1
    outer loop
      vertex 52.52793231671495 38.385796692984 33
      vertex 46.67662370239627 44.237105307302684 33
      vertex 47.05055669843145 44.7967355840197 33
    endloop
  endfacet
  facet normal 0 0 -1
    outer loop
      vertex 53.186969038476846 39.11293166321302 33
      vertex 47.05055669843145 44.7967355840197 33
      vertex 47.18186450484948 45.45686450484948 33
    endloop
  endfacet
  facet normal 0 0 -1
    outer loop
      vertex 53.186969038476846 39.11293166321302 33
      vertex 47.18186450484948 45.45686450484948 33
      vertex 47.05055669843145 46.116993425679254 33
    endloop
  endfacet
  facet normal 0 0 -1
    outer loop
      vertex 53.77156062787493 39.90116217465345 33
      vertex 47.05055669843145 46.116993425679254 33
      vertex 46.67662370239627 46.67662370239627 33
    endloop
  endfacet
  facet normal 0 0 -1
    outer loop
      vertex 53.77156062787493 39.90116217465345 33
      vertex 40.7428971365895 54.27607714833303 33
      vertex 54.27607714833303 40.7428971365895 33
    endloop
  endfacet
  facet normal 0 0 -1
    outer loop
      vertex 54.27607714833303 40.7428971365895 33
      vertex 41.63003018119858 54.695659829962345 33
      vertex 54.695659829962345 41.63003018119858 33
    endloop
  endfacet
  facet normal 0 0 -1
    outer loop
      vertex 54.695659829962345 41.63003018119858 33
      vertex 42.55401773230486 55.026267862171565 33
      vertex 55.026267862171565 42.55401773230486 33
    endloop
  endfacet
  facet normal 0.9862808531436641 -0.04845287130288986 -0.15780493650298638
    outer loop
      vertex 55.40871177157145 44.47669310155387 33
      vertex 55.45686450484948 45.45686450484948 33
      vertex 56.9303470099143 44.32682511153177 42.556236128586995
    endloop
  endfacet
  facet normal 0.957877056841758 -0.23993571220529056 -0.15780493650298683
    outer loop
      vertex 55.026267862171565 42.55401773230486 33
      vertex 55.264717308881785 43.5059612846882 33
      vertex 56.59385250089717 42.07849613087363 43.23826003168573
    endloop
  endfacet
  facet normal 0.9767824293719333 -0.1448919862709899 -0.15780493650298588
    outer loop
      vertex 55.264717308881785 43.5059612846882 33
      vertex 55.40871177157145 44.47669310155387 33
      vertex 56.844469302817224 43.19172907570176 43.06688228236587
    endloop
  endfacet
  facet normal 0.9862808531436641 0.04845287130288986 -0.15780493650298663
    outer loop
      vertex 55.45686450484948 45.45686450484948 33
      vertex 55.40871177157145 46.437035908145084 33
      vertex 56.77676783195099 46.57177766940314 41.59172186651587
    endloop
  endfacet
  facet normal 0.9578770568417578 0.23993571220529053 -0.15780493650298721
    outer loop
      vertex 55.264717308881785 47.40776772501076 33
      vertex 55.026267862171565 48.3597112773941 33
      vertex 56.31950385560023 48.543511723169615 41.12941221280357
    endloop
  endfacet
  facet normal 0.9767824293719333 0.1448919862709899 -0.15780493650298558
    outer loop
      vertex 55.40871177157145 46.437035908145084 33
      vertex 55.264717308881785 47.40776772501076 33
      vertex 56.555233832662665 47.664467421898586 41.223745232304545
    endloop
  endfacet
  facet normal 0 0 -1
    outer loop
      vertex 55.026267862171565 42.55401773230486 33
      vertex 43.5059612846882 55.264717308881785 33
      vertex 55.264717308881785 43.5059612846882 33
    endloop
  endfacet
  facet normal 0 0 -1
    outer loop
      vertex 55.264717308881785 43.5059612846882 33
      vertex 44.47669310155387 55.40871177157145 33
      vertex 55.40871177157145 44.47669310155387 33
    endloop
  endfacet
  facet normal 0 0 -1
    outer loop
      vertex 55.40871177157145 44.47669310155387 33
      vertex 45.45686450484948 55.45686450484948 33
      vertex 55.45686450484948 45.45686450484948 33
    endloop
  endfacet
  facet normal 0 0 -1
    outer loop
      vertex 55.45686450484948 45.45686450484948 33
      vertex 46.437035908145084 55.40871177157145 33
      vertex 55.40871177157145 46.437035908145084 33
    endloop
  endfacet
  facet normal 0 0 -1
    outer loop
      vertex 55.40871177157145 46.437035908145084 33
      vertex 47.40776772501076 55.264717308881785 33
      vertex 55.264717308881785 47.40776772501076 33
    endloop
  endfacet
  facet normal 0 0 -1
    outer loop
      vertex 55.264717308881785 47.40776772501076 33
      vertex 48.3597112773941 55.026267862171565 33
      vertex 55.026267862171565 48.3597112773941 33
    endloop
  endfacet
  facet normal 0 0 -1
    outer loop
      vertex 55.026267862171565 48.3597112773941 33
      vertex 49.28369882850038 54.695659829962345 33
      vertex 54.695659829962345 49.28369882850038 33
    endloop
  endfacet
  facet normal 0.9297468046253331 -0.33266872606884934 -0.1578049365029871
    outer loop
      vertex 55.026267862171565 42.55401773230486 33
      vertex 56.34596399282778 41.51917431228179 42.956870409716814
      vertex 56.13331803161022 41.03453265601912 42.725687650937836
    endloop
  endfacet
  facet normal 0.9767824293719327 -0.144891986270994 -0.1578049365029864
    outer loop
      vertex 55.40871177157145 44.47669310155387 33
      vertex 56.9303470099143 44.32682511153177 42.556236128586995
      vertex 56.88712318536285 43.76948172868157 42.80042568487076
    endloop
  endfacet
  facet normal 0.9862808531436642 0.048452871302889874 -0.15780493650298666
    outer loop
      vertex 55.45686450484948 45.45686450484948 33
      vertex 56.84906034331566 45.933464410412064 41.84756056516807
      vertex 56.906021359807404 45.45686450484948 42.05723034348702
    endloop
  endfacet
  facet normal 0.9862808531436645 -0.048452871302884046 -0.1578049365029858
    outer loop
      vertex 55.45686450484948 45.45686450484948 33
      vertex 56.92203121110269 44.66643789460397 42.39998672242834
      vertex 56.9303470099143 44.32682511153177 42.556236128586995
    endloop
  endfacet
  facet normal 0.9862808531436636 -0.04845287130289905 -0.1578049365029869
    outer loop
      vertex 55.45686450484948 45.45686450484948 33
      vertex 56.907535983597924 45.36401561370685 42.09520532671792
      vertex 56.92203121110269 44.66643789460397 42.39998672242834
    endloop
  endfacet
  facet normal 0.9862808531436652 -0.04845287130286788 -0.15780493650298685
    outer loop
      vertex 55.45686450484948 45.45686450484948 33
      vertex 56.906021359807404 45.45686450484948 42.05723034348702
      vertex 56.907535983597924 45.36401561370685 42.09520532671792
    endloop
  endfacet
  facet normal 0.9578770568417609 0.23993571220527887 -0.157804936502986
    outer loop
      vertex 55.264717308881785 47.40776772501076 33
      vertex 56.48407304428431 47.91032361341503 41.16561266480623
      vertex 56.525747428267294 47.76466317753248 41.19710594988234
    endloop
  endfacet
  facet normal 0.9578770568417592 0.23993571220528576 -0.15780493650298613
    outer loop
      vertex 55.264717308881785 47.40776772501076 33
      vertex 56.446681109698254 48.04505495587468 41.1434966542503
      vertex 56.48407304428431 47.91032361341503 41.16561266480623
    endloop
  endfacet
  facet normal 0.9578770568417595 0.23993571220528492 -0.15780493650298627
    outer loop
      vertex 55.264717308881785 47.40776772501076 33
      vertex 56.412381031790275 48.1727252514143 41.12941221280357
      vertex 56.446681109698254 48.04505495587468 41.1434966542503
    endloop
  endfacet
  facet normal 0.957877056841765 0.23993571220526355 -0.15780493650298505
    outer loop
      vertex 55.264717308881785 47.40776772501076 33
      vertex 56.38024659245235 48.29650481850921 41.12255752490303
      vertex 56.412381031790275 48.1727252514143 41.12941221280357
    endloop
  endfacet
  facet normal 0.9578770568417483 0.23993571220532658 -0.15780493650298963
    outer loop
      vertex 55.264717308881785 47.40776772501076 33
      vertex 56.34951309424447 48.419199821013144 41.12255752490303
      vertex 56.38024659245235 48.29650481850921 41.12255752490303
    endloop
  endfacet
  facet normal 0.9578770568417736 0.2399357122052317 -0.157804936502981
    outer loop
      vertex 55.264717308881785 47.40776772501076 33
      vertex 56.31950385560023 48.543511723169615 41.12941221280357
      vertex 56.34951309424447 48.419199821013144 41.12255752490303
    endloop
  endfacet
  facet normal 0.9862808531436642 0.04845287130288793 -0.15780493650298658
    outer loop
      vertex 55.45686450484948 45.45686450484948 33
      vertex 56.799862199276646 46.3613155243382 41.67144077365892
      vertex 56.84906034331566 45.933464410412064 41.84756056516807
    endloop
  endfacet
  facet normal 0.9767824293719258 0.1448919862710393 -0.15780493650298621
    outer loop
      vertex 55.40871177157145 46.437035908145084 33
      vertex 56.7477900372558 46.705980234093886 41.535575812179125
      vertex 56.77676783195099 46.57177766940314 41.59172186651587
    endloop
  endfacet
  facet normal 0.9862808531436638 0.04845287130289552 -0.15780493650298733
    outer loop
      vertex 55.45686450484948 45.45686450484948 33
      vertex 56.77676783195099 46.57177766940314 41.59172186651587
      vertex 56.799862199276646 46.3613155243382 41.67144077365892
    endloop
  endfacet
  facet normal 0.9767824293719382 0.14489198627095787 -0.1578049365029844
    outer loop
      vertex 55.40871177157145 46.437035908145084 33
      vertex 56.638668480060446 47.231237317645366 41.342410260638395
      vertex 56.686839140178776 46.9955358295811 41.42416307476495
    endloop
  endfacet
  facet normal 0.9767824293719328 0.14489198627099356 -0.15780493650298588
    outer loop
      vertex 55.40871177157145 46.437035908145084 33
      vertex 56.686839140178776 46.9955358295811 41.42416307476495
      vertex 56.7477900372558 46.705980234093886 41.535575812179125
    endloop
  endfacet
  facet normal 0.97678242937193 0.14489198627100894 -0.15780493650298802
    outer loop
      vertex 55.40871177157145 46.437035908145084 33
      vertex 56.599248210636965 47.430724282726224 41.281569553490804
      vertex 56.638668480060446 47.231237317645366 41.342410260638395
    endloop
  endfacet
  facet normal 0.976782429371933 0.14489198627099126 -0.15780493650298633
    outer loop
      vertex 55.40871177157145 46.437035908145084 33
      vertex 56.566043755546644 47.60522623273091 41.23626302301595
      vertex 56.599248210636965 47.430724282726224 41.281569553490804
    endloop
  endfacet
  facet normal 0.9767824293719207 0.14489198627106545 -0.15780493650299512
    outer loop
      vertex 55.40871177157145 46.437035908145084 33
      vertex 56.555233832662665 47.664467421898586 41.223745232304545
      vertex 56.566043755546644 47.60522623273091 41.23626302301595
    endloop
  endfacet
  facet normal 0.9578770568417665 0.23993571220525642 -0.15780493650298588
    outer loop
      vertex 55.264717308881785 47.40776772501076 33
      vertex 56.525747428267294 47.76466317753248 41.19710594988234
      vertex 56.555233832662665 47.664467421898586 41.223745232304545
    endloop
  endfacet
  facet normal 0.9297468046253353 -0.33266872606884307 -0.1578049365029868
    outer loop
      vertex 55.026267862171565 42.55401773230486 33
      vertex 56.59385250089717 42.07849613087363 43.23826003168573
      vertex 56.34596399282778 41.51917431228179 42.956870409716814
    endloop
  endfacet
  facet normal 0.9578770568417606 -0.2399357122052806 -0.15780493650298577
    outer loop
      vertex 55.264717308881785 43.5059612846882 33
      vertex 56.71215444762505 42.44118294781589 43.4049037464047
      vertex 56.59385250089717 42.07849613087363 43.23826003168573
    endloop
  endfacet
  facet normal 0.9578770568417577 -0.23993571220529145 -0.1578049365029865
    outer loop
      vertex 55.264717308881785 43.5059612846882 33
      vertex 56.74996380568393 42.659002870140846 43.30322085908438
      vertex 56.71215444762505 42.44118294781589 43.4049037464047
    endloop
  endfacet
  facet normal 0.9578770568417604 -0.23993571220528082 -0.157804936502986
    outer loop
      vertex 55.264717308881785 43.5059612846882 33
      vertex 56.844469302817224 43.19172907570176 43.06688228236587
      vertex 56.74996380568393 42.659002870140846 43.30322085908438
    endloop
  endfacet
  facet normal 0.9767824293719324 -0.1448919862709953 -0.1578049365029865
    outer loop
      vertex 55.40871177157145 44.47669310155387 33
      vertex 56.88712318536285 43.76948172868157 42.80042568487076
      vertex 56.844469302817224 43.19172907570176 43.06688228236587
    endloop
  endfacet
  facet normal 0 0 -1
    outer loop
      vertex 54.695659829962345 49.28369882850038 33
      vertex 50.17083187310946 54.27607714833303 33
      vertex 54.27607714833303 50.17083187310946 33
    endloop
  endfacet
  facet normal 0 0 -1
    outer loop
      vertex 54.27607714833303 50.17083187310946 33
      vertex 51.012566835045504 53.77156062787493 33
      vertex 53.77156062787493 51.012566835045504 33
    endloop
  endfacet
  facet normal 0 0 -1
    outer loop
      vertex 53.77156062787493 51.012566835045504 33
      vertex 51.800797346485936 53.186969038476846 33
      vertex 53.186969038476846 51.800797346485936 33
    endloop
  endfacet
  facet normal 0.9297468046253367 0.3326687260688395 -0.15780493650298583
    outer loop
      vertex 55.026267862171565 48.3597112773941 33
      vertex 54.695659829962345 49.28369882850038 33
      vertex 56.050607019180475 49.44360947170041 41.32011417808213
    endloop
  endfacet
  facet normal 0.8926625824290682 0.4221979582451284 -0.15780493650298644
    outer loop
      vertex 54.695659829962345 49.28369882850038 33
      vertex 54.27607714833303 50.17083187310946 33
      vertex 55.77599577064606 50.2203647204609 41.617182250312645
    endloop
  endfacet
  facet normal 0.8469815315850029 0.5076611932866362 -0.15780493650298613
    outer loop
      vertex 54.27607714833303 50.17083187310946 33
      vertex 53.77156062787493 51.012566835045504 33
      vertex 55.41410964788612 51.07056652326859 42.002588303561865
    endloop
  endfacet
  facet normal 0.7931435855845677 0.5882353735209608 -0.15780493650298624
    outer loop
      vertex 53.77156062787493 51.012566835045504 33
      vertex 53.186969038476846 51.800797346485936 33
      vertex 54.69080969652354 52.3633310360143 42.65536199572576
    endloop
  endfacet
  facet normal 0.7316672332785704 0.6631445255461065 -0.1578049365029865
    outer loop
      vertex 53.186969038476846 51.800797346485936 33
      vertex 52.52793231671495 52.52793231671495 33
      vertex 54.0874481759074 53.216551355941974 43.124528645334046
    endloop
  endfacet
  facet normal 0.9578770568417527 0.23993571220531185 -0.1578049365029869
    outer loop
      vertex 55.026267862171565 48.3597112773941 33
      vertex 56.289570462969095 48.672275816430336 41.1434966542503
      vertex 56.31950385560023 48.543511723169615 41.12941221280357
    endloop
  endfacet
  facet normal 0.9578770568417401 0.23993571220536106 -0.15780493650298683
    outer loop
      vertex 55.026267862171565 48.3597112773941 33
      vertex 56.27476426082232 48.73843851942052 41.15422048815264
      vertex 56.289570462969095 48.672275816430336 41.1434966542503
    endloop
  endfacet
  facet normal 0.929746804625351 0.332668726068799 -0.15780493650298663
    outer loop
      vertex 55.026267862171565 48.3597112773941 33
      vertex 56.25244818661164 48.8043233264893 41.16163163872632
      vertex 56.27476426082232 48.73843851942052 41.15422048815264
    endloop
  endfacet
  facet normal 0.9297468046253348 0.3326687260688445 -0.15780493650298663
    outer loop
      vertex 55.026267862171565 48.3597112773941 33
      vertex 56.2074987550511 48.94072408148046 41.18434749992837
      vertex 56.25244818661164 48.8043233264893 41.16163163872632
    endloop
  endfacet
  facet normal 0.9297468046253353 0.33266872606884285 -0.15780493650298663
    outer loop
      vertex 55.026267862171565 48.3597112773941 33
      vertex 56.15997006127972 49.08890224941425 41.21669497465834
      vertex 56.2074987550511 48.94072408148046 41.18434749992837
    endloop
  endfacet
  facet normal 0.9297468046253289 0.3326687260688606 -0.1578049365029874
    outer loop
      vertex 55.026267862171565 48.3597112773941 33
      vertex 56.1083556330667 49.25409420047934 41.26083710587678
      vertex 56.15997006127972 49.08890224941425 41.21669497465834
    endloop
  endfacet
  facet normal 0.9297468046253323 0.3326687260688514 -0.15780493650298677
    outer loop
      vertex 55.026267862171565 48.3597112773941 33
      vertex 56.050607019180475 49.44360947170041 41.32011417808213
      vertex 56.1083556330667 49.25409420047934 41.26083710587678
    endloop
  endfacet
  facet normal 0.929746804625336 0.33266872606884157 -0.15780493650298574
    outer loop
      vertex 54.695659829962345 49.28369882850038 33
      vertex 55.98374456166749 49.66826116351338 41.39976590622879
      vertex 56.050607019180475 49.44360947170041 41.32011417808213
    endloop
  endfacet
  facet normal 0.9297468046253428 0.3326687260688229 -0.15780493650298594
    outer loop
      vertex 54.695659829962345 49.28369882850038 33
      vertex 55.945025965225845 49.80120322609618 41.451901000741664
      vertex 55.98374456166749 49.66826116351338 41.39976590622879
    endloop
  endfacet
  facet normal 0.8926625824290643 0.42219795824513734 -0.157804936502986
    outer loop
      vertex 54.695659829962345 49.28369882850038 33
      vertex 55.89466300494645 49.924617355391284 41.49719782974856
      vertex 55.945025965225845 49.80120322609618 41.451901000741664
    endloop
  endfacet
  facet normal 0.8926625824290743 0.4221979582451162 -0.15780493650298585
    outer loop
      vertex 54.695659829962345 49.28369882850038 33
      vertex 55.77599577064606 50.2203647204609 41.617182250312645
      vertex 55.89466300494645 49.924617355391284 41.49719782974856
    endloop
  endfacet
  facet normal 0.8926625824290642 0.4221979582451373 -0.1578049365029858
    outer loop
      vertex 54.27607714833303 50.17083187310946 33
      vertex 55.62487512606593 50.602725778597986 41.78531585751561
      vertex 55.77599577064606 50.2203647204609 41.617182250312645
    endloop
  endfacet
  facet normal 0.8926625824290683 0.4221979582451285 -0.157804936502986
    outer loop
      vertex 54.27607714833303 50.17083187310946 33
      vertex 55.53157510922399 50.84190951436919 41.89746349564043
      vertex 55.62487512606593 50.602725778597986 41.78531585751561
    endloop
  endfacet
  facet normal 0.8469815315850034 0.507661193286635 -0.1578049365029861
    outer loop
      vertex 54.27607714833303 50.17083187310946 33
      vertex 55.41410964788612 51.07056652326859 42.002588303561865
      vertex 55.53157510922399 50.84190951436919 41.89746349564043
    endloop
  endfacet
  facet normal 0.846981531584999 0.5076611932866428 -0.15780493650298544
    outer loop
      vertex 53.77156062787493 51.012566835045504 33
      vertex 55.11612276774016 51.65705267089958 42.289948600515025
      vertex 55.41410964788612 51.07056652326859 42.002588303561865
    endloop
  endfacet
  facet normal 0.8469815315849998 0.5076611932866416 -0.1578049365029855
    outer loop
      vertex 53.77156062787493 51.012566835045504 33
      vertex 55.02046665887765 51.8470591657301 42.387790700072884
      vertex 55.11612276774016 51.65705267089958 42.289948600515025
    endloop
  endfacet
  facet normal 0.7931435855845755 0.5882353735209502 -0.15780493650298552
    outer loop
      vertex 53.77156062787493 51.012566835045504 33
      vertex 54.69080969652354 52.3633310360143 42.65536199572576
      vertex 55.02046665887765 51.8470591657301 42.387790700072884
    endloop
  endfacet
  facet normal 0.7931435855845721 0.5882353735209547 -0.1578049365029866
    outer loop
      vertex 53.186969038476846 51.800797346485936 33
      vertex 54.41091839439189 52.80526662393381 42.895963814190985
      vertex 54.69080969652354 52.3633310360143 42.65536199572576
    endloop
  endfacet
  facet normal 0.7316672332785691 0.6631445255461077 -0.15780493650298655
    outer loop
      vertex 53.186969038476846 51.800797346485936 33
      vertex 54.0874481759074 53.216551355941974 43.124528645334046
      vertex 54.41091839439189 52.80526662393381 42.895963814190985
    endloop
  endfacet
  facet normal 0.7316672332785656 0.6631445255461117 -0.1578049365029861
    outer loop
      vertex 54.0874481759074 53.216551355941974 43.124528645334046
      vertex 52.52793231671495 52.52793231671495 33
      vertex 53.705679590369535 53.705679590369535 43.409913546564056
    endloop
  endfacet
  facet normal 0 0 -1
    outer loop
      vertex 53.77156062787493 39.90116217465345 33
      vertex 46.67662370239627 46.67662370239627 33
      vertex 39.90116217465345 53.77156062787493 33
    endloop
  endfacet
  facet normal 0 0 -1
    outer loop
      vertex 39.11293166321302 53.186969038476846 33
      vertex 44.7967355840197 47.05055669843145 33
      vertex 44.237105307302684 46.67662370239627 33
    endloop
  endfacet
  facet normal 0 0 -1
    outer loop
      vertex 39.90116217465345 53.77156062787493 33
      vertex 46.67662370239627 46.67662370239627 33
      vertex 46.116993425679254 47.05055669843145 33
    endloop
  endfacet
  facet normal 0 0 -1
    outer loop
      vertex 53.77156062787493 39.90116217465345 33
      vertex 39.90116217465345 53.77156062787493 33
      vertex 40.7428971365895 54.27607714833303 33
    endloop
  endfacet
  facet normal 0 0 -1
    outer loop
      vertex 39.90116217465345 53.77156062787493 33
      vertex 45.45686450484948 47.18186450484948 33
      vertex 44.7967355840197 47.05055669843145 33
    endloop
  endfacet
  facet normal 0 0 -1
    outer loop
      vertex 39.90116217465345 53.77156062787493 33
      vertex 46.116993425679254 47.05055669843145 33
      vertex 45.45686450484948 47.18186450484948 33
    endloop
  endfacet
  facet normal 0 0 -1
    outer loop
      vertex 54.27607714833303 40.7428971365895 33
      vertex 40.7428971365895 54.27607714833303 33
      vertex 41.63003018119858 54.695659829962345 33
    endloop
  endfacet
  facet normal 0 0 -1
    outer loop
      vertex 54.695659829962345 41.63003018119858 33
      vertex 41.63003018119858 54.695659829962345 33
      vertex 42.55401773230486 55.026267862171565 33
    endloop
  endfacet
  facet normal 0 0 -1
    outer loop
      vertex 39.11293166321302 53.186969038476846 33
      vertex 44.237105307302684 46.67662370239627 33
      vertex 38.385796692984 52.52793231671495 33
    endloop
  endfacet
  facet normal 0 0 -1
    outer loop
      vertex 39.11293166321302 53.186969038476846 33
      vertex 39.90116217465345 53.77156062787493 33
      vertex 44.7967355840197 47.05055669843145 33
    endloop
  endfacet
  facet normal -0.4221979582451285 0.8926625824290685 -0.15780493650298558
    outer loop
      vertex 40.7428971365895 54.27607714833303 33
      vertex 40.04745256466978 55.57716243008802 42.22053174097945
      vertex 41.63003018119858 54.695659829962345 33
    endloop
  endfacet
  facet normal -0.3326687260688395 0.9297468046253367 -0.157804936502986
    outer loop
      vertex 41.63003018119858 54.695659829962345 33
      vertex 41.03453265601912 56.13331803161022 42.725687650937836
      vertex 42.55401773230486 55.026267862171565 33
    endloop
  endfacet
  facet normal 0 0 -1
    outer loop
      vertex 55.40871177157145 44.47669310155387 33
      vertex 44.47669310155387 55.40871177157145 33
      vertex 45.45686450484948 55.45686450484948 33
    endloop
  endfacet
  facet normal 0 0 -1
    outer loop
      vertex 55.026267862171565 42.55401773230486 33
      vertex 42.55401773230486 55.026267862171565 33
      vertex 43.5059612846882 55.264717308881785 33
    endloop
  endfacet
  facet normal 0 0 -1
    outer loop
      vertex 55.264717308881785 43.5059612846882 33
      vertex 43.5059612846882 55.264717308881785 33
      vertex 44.47669310155387 55.40871177157145 33
    endloop
  endfacet
  facet normal 0 0 -1
    outer loop
      vertex 55.45686450484948 45.45686450484948 33
      vertex 45.45686450484948 55.45686450484948 33
      vertex 46.437035908145084 55.40871177157145 33
    endloop
  endfacet
  facet normal 0 0 -1
    outer loop
      vertex 55.40871177157145 46.437035908145084 33
      vertex 46.437035908145084 55.40871177157145 33
      vertex 47.40776772501076 55.264717308881785 33
    endloop
  endfacet
  facet normal 0 0 -1
    outer loop
      vertex 55.264717308881785 47.40776772501076 33
      vertex 47.40776772501076 55.264717308881785 33
      vertex 48.3597112773941 55.026267862171565 33
    endloop
  endfacet
  facet normal 0 0 -1
    outer loop
      vertex 55.026267862171565 48.3597112773941 33
      vertex 48.3597112773941 55.026267862171565 33
      vertex 49.28369882850038 54.695659829962345 33
    endloop
  endfacet
  facet normal -0.1448919862709899 0.9767824293719333 -0.1578049365029862
    outer loop
      vertex 43.5059612846882 55.264717308881785 33
      vertex 43.76948172868157 56.88712318536285 42.80042568487076
      vertex 44.47669310155387 55.40871177157145 33
    endloop
  endfacet
  facet normal -0.04845287130288987 0.9862808531436643 -0.15780493650298624
    outer loop
      vertex 44.47669310155387 55.40871177157145 33
      vertex 44.66643789460397 56.92203121110269 42.39998672242834
      vertex 45.45686450484948 55.45686450484948 33
    endloop
  endfacet
  facet normal -0.23993571220529056 0.957877056841758 -0.15780493650298683
    outer loop
      vertex 43.5059612846882 55.264717308881785 33
      vertex 42.55401773230486 55.026267862171565 33
      vertex 42.07849613087363 56.59385250089717 43.23826003168573
    endloop
  endfacet
  facet normal 0.04845287130288986 0.9862808531436641 -0.15780493650298663
    outer loop
      vertex 45.45686450484948 55.45686450484948 33
      vertex 46.57177766940314 56.77676783195099 41.59172186651587
      vertex 46.437035908145084 55.40871177157145 33
    endloop
  endfacet
  facet normal 0.23993571220529053 0.9578770568417578 -0.15780493650298721
    outer loop
      vertex 48.3597112773941 55.026267862171565 33
      vertex 47.40776772501076 55.264717308881785 33
      vertex 48.543511723169615 56.31950385560023 41.12941221280357
    endloop
  endfacet
  facet normal 0.1448919862709899 0.9767824293719333 -0.15780493650298572
    outer loop
      vertex 46.437035908145084 55.40871177157145 33
      vertex 47.664467421898586 56.555233832662665 41.22374523230454
      vertex 47.40776772501076 55.264717308881785 33
    endloop
  endfacet
  facet normal -0.33266872606884934 0.9297468046253331 -0.1578049365029871
    outer loop
      vertex 42.55401773230486 55.026267862171565 33
      vertex 41.03453265601912 56.13331803161022 42.725687650937836
      vertex 41.51917431228179 56.34596399282778 42.956870409716814
    endloop
  endfacet
  facet normal -0.14489198627099603 0.9767824293719323 -0.15780493650298652
    outer loop
      vertex 44.47669310155387 55.40871177157145 33
      vertex 43.76948172868157 56.88712318536285 42.80042568487076
      vertex 44.32682511153177 56.9303470099143 42.55623612858699
    endloop
  endfacet
  facet normal 0.2399357122052317 0.9578770568417736 -0.157804936502981
    outer loop
      vertex 47.40776772501076 55.264717308881785 33
      vertex 48.419199821013144 56.34951309424447 41.12255752490303
      vertex 48.543511723169615 56.31950385560023 41.12941221280357
    endloop
  endfacet
  facet normal 0.23993571220528576 0.9578770568417592 -0.15780493650298613
    outer loop
      vertex 47.40776772501076 55.264717308881785 33
      vertex 47.91032361341503 56.48407304428431 41.16561266480623
      vertex 48.04505495587468 56.446681109698254 41.1434966542503
    endloop
  endfacet
  facet normal 0.23993571220526355 0.957877056841765 -0.15780493650298505
    outer loop
      vertex 47.40776772501076 55.264717308881785 33
      vertex 48.1727252514143 56.412381031790275 41.12941221280357
      vertex 48.29650481850921 56.38024659245235 41.12255752490303
    endloop
  endfacet
  facet normal 0.23993571220528492 0.9578770568417595 -0.15780493650298627
    outer loop
      vertex 47.40776772501076 55.264717308881785 33
      vertex 48.04505495587468 56.446681109698254 41.1434966542503
      vertex 48.1727252514143 56.412381031790275 41.12941221280357
    endloop
  endfacet
  facet normal 0.23993571220532658 0.9578770568417483 -0.15780493650298963
    outer loop
      vertex 47.40776772501076 55.264717308881785 33
      vertex 48.29650481850921 56.38024659245235 41.12255752490303
      vertex 48.419199821013144 56.34951309424447 41.12255752490303
    endloop
  endfacet
  facet normal 0.23993571220527887 0.9578770568417609 -0.157804936502986
    outer loop
      vertex 47.40776772501076 55.264717308881785 33
      vertex 47.76466317753248 56.525747428267294 41.19710594988234
      vertex 47.91032361341503 56.48407304428431 41.16561266480623
    endloop
  endfacet
  facet normal 0.04845287130288793 0.9862808531436642 -0.15780493650298658
    outer loop
      vertex 45.45686450484948 55.45686450484948 33
      vertex 45.933464410412064 56.84906034331566 41.84756056516807
      vertex 46.3613155243382 56.799862199276646 41.67144077365892
    endloop
  endfacet
  facet normal 0.23993571220526674 0.9578770568417639 -0.15780493650298594
    outer loop
      vertex 47.40776772501076 55.264717308881785 33
      vertex 47.664467421898586 56.555233832662665 41.22374523230454
      vertex 47.76466317753248 56.525747428267294 41.19710594988234
    endloop
  endfacet
  facet normal 0.14489198627100894 0.97678242937193 -0.15780493650298802
    outer loop
      vertex 46.437035908145084 55.40871177157145 33
      vertex 47.231237317645366 56.638668480060446 41.342410260638395
      vertex 47.430724282726224 56.599248210636965 41.281569553490804
    endloop
  endfacet
  facet normal 0.14489198627095787 0.9767824293719382 -0.1578049365029844
    outer loop
      vertex 46.437035908145084 55.40871177157145 33
      vertex 46.9955358295811 56.686839140178776 41.42416307476495
      vertex 47.231237317645366 56.638668480060446 41.342410260638395
    endloop
  endfacet
  facet normal 0.14489198627099356 0.9767824293719328 -0.15780493650298588
    outer loop
      vertex 46.437035908145084 55.40871177157145 33
      vertex 46.705980234093886 56.7477900372558 41.535575812179125
      vertex 46.9955358295811 56.686839140178776 41.42416307476495
    endloop
  endfacet
  facet normal 0.1448919862710393 0.9767824293719258 -0.15780493650298621
    outer loop
      vertex 46.437035908145084 55.40871177157145 33
      vertex 46.57177766940314 56.77676783195099 41.59172186651587
      vertex 46.705980234093886 56.7477900372558 41.535575812179125
    endloop
  endfacet
  facet normal 0.04845287130289552 0.9862808531436638 -0.15780493650298733
    outer loop
      vertex 45.45686450484948 55.45686450484948 33
      vertex 46.3613155243382 56.799862199276646 41.67144077365892
      vertex 46.57177766940314 56.77676783195099 41.59172186651587
    endloop
  endfacet
  facet normal 0.14489198627099126 0.976782429371933 -0.15780493650298633
    outer loop
      vertex 46.437035908145084 55.40871177157145 33
      vertex 47.430724282726224 56.599248210636965 41.281569553490804
      vertex 47.60522623273091 56.566043755546644 41.23626302301595
    endloop
  endfacet
  facet normal 0.14489198627104732 0.9767824293719236 -0.15780493650299282
    outer loop
      vertex 46.437035908145084 55.40871177157145 33
      vertex 47.60522623273091 56.566043755546644 41.23626302301595
      vertex 47.664467421898586 56.555233832662665 41.22374523230454
    endloop
  endfacet
  facet normal 0.048452871302889874 0.9862808531436642 -0.15780493650298666
    outer loop
      vertex 45.45686450484948 55.45686450484948 33
      vertex 45.45686450484948 56.906021359807404 42.05723034348702
      vertex 45.933464410412064 56.84906034331566 41.84756056516807
    endloop
  endfacet
  facet normal -0.04845287130289905 0.9862808531436636 -0.1578049365029869
    outer loop
      vertex 45.45686450484948 55.45686450484948 33
      vertex 44.66643789460397 56.92203121110269 42.39998672242834
      vertex 45.36401561370685 56.907535983597924 42.09520532671792
    endloop
  endfacet
  facet normal -0.0484528713028814 0.9862808531436645 -0.1578049365029864
    outer loop
      vertex 44.47669310155387 55.40871177157145 33
      vertex 44.32682511153177 56.9303470099143 42.55623612858699
      vertex 44.66643789460397 56.92203121110269 42.39998672242834
    endloop
  endfacet
  facet normal -0.04845287130286788 0.9862808531436652 -0.15780493650298685
    outer loop
      vertex 45.45686450484948 55.45686450484948 33
      vertex 45.36401561370685 56.907535983597924 42.09520532671792
      vertex 45.45686450484948 56.906021359807404 42.05723034348702
    endloop
  endfacet
  facet normal -0.33266872606884307 0.9297468046253353 -0.1578049365029868
    outer loop
      vertex 42.55401773230486 55.026267862171565 33
      vertex 41.51917431228179 56.34596399282778 42.956870409716814
      vertex 42.07849613087363 56.59385250089717 43.23826003168573
    endloop
  endfacet
  facet normal -0.2399357122052806 0.9578770568417606 -0.15780493650298577
    outer loop
      vertex 43.5059612846882 55.264717308881785 33
      vertex 42.07849613087363 56.59385250089717 43.23826003168573
      vertex 42.44118294781589 56.71215444762505 43.4049037464047
    endloop
  endfacet
  facet normal -0.23993571220529145 0.9578770568417577 -0.1578049365029865
    outer loop
      vertex 43.5059612846882 55.264717308881785 33
      vertex 42.44118294781589 56.71215444762505 43.4049037464047
      vertex 42.659002870140846 56.74996380568393 43.30322085908438
    endloop
  endfacet
  facet normal -0.23993571220528082 0.9578770568417604 -0.157804936502986
    outer loop
      vertex 43.5059612846882 55.264717308881785 33
      vertex 42.659002870140846 56.74996380568393 43.30322085908438
      vertex 43.19172907570176 56.844469302817224 43.06688228236587
    endloop
  endfacet
  facet normal -0.14489198627099514 0.9767824293719325 -0.15780493650298594
    outer loop
      vertex 43.5059612846882 55.264717308881785 33
      vertex 43.19172907570176 56.844469302817224 43.06688228236587
      vertex 43.76948172868157 56.88712318536285 42.80042568487076
    endloop
  endfacet
  facet normal -0.6631445255461064 0.7316672332785703 -0.15780493650298608
    outer loop
      vertex 39.11293166321302 53.186969038476846 33
      vertex 38.385796692984 52.52793231671495 33
      vertex 37.56073876057445 53.533268316170314 41.12841530054645
    endloop
  endfacet
  facet normal -0.5882353735209608 0.7931435855845677 -0.15780493650298624
    outer loop
      vertex 39.11293166321302 53.186969038476846 33
      vertex 38.26777106795637 54.21680020348512 41.326465383879324
      vertex 39.90116217465345 53.77156062787493 33
    endloop
  endfacet
  facet normal -0.5076611932866362 0.8469815315850031 -0.15780493650298524
    outer loop
      vertex 39.90116217465345 53.77156062787493 33
      vertex 39.12425743121706 54.934280743943994 41.73994745918319
      vertex 40.7428971365895 54.27607714833303 33
    endloop
  endfacet
  facet normal -0.6631445255460756 0.7316672332785981 -0.1578049365029865
    outer loop
      vertex 38.385796692984 52.52793231671495 33
      vertex 37.4661714802933 53.44755752940566 41.12841530054645
      vertex 37.56073876057445 53.533268316170314 41.12841530054645
    endloop
  endfacet
  facet normal -0.6631445255461089 0.731667233278568 -0.15780493650298635
    outer loop
      vertex 39.11293166321302 53.186969038476846 33
      vertex 37.56073876057445 53.533268316170314 41.12841530054645
      vertex 37.655604820354775 53.62074168114336 41.13533198361182
    endloop
  endfacet
  facet normal -0.6631445255461335 0.7316672332785451 -0.15780493650298966
    outer loop
      vertex 39.11293166321302 53.186969038476846 33
      vertex 37.655604820354775 53.62074168114336 41.13533198361182
      vertex 37.75290312184024 53.71199290699239 41.14954380755671
    endloop
  endfacet
  facet normal -0.6631445255460925 0.7316672332785832 -0.15780493650298527
    outer loop
      vertex 39.11293166321302 53.186969038476846 33
      vertex 37.75290312184024 53.71199290699239 41.14954380755671
      vertex 37.85501435859335 53.80935422706891 41.17185983972407
    endloop
  endfacet
  facet normal -0.6631445255460943 0.7316672332785814 -0.15780493650298533
    outer loop
      vertex 39.11293166321302 53.186969038476846 33
      vertex 37.85501435859335 53.80935422706891 41.17185983972407
      vertex 37.96481437816404 53.915725022452534 41.203637956353056
    endloop
  endfacet
  facet normal -0.6631445255461256 0.7316672332785529 -0.1578049365029872
    outer loop
      vertex 39.11293166321302 53.186969038476846 33
      vertex 37.96481437816404 53.915725022452534 41.203637956353056
      vertex 38.086033346112714 54.0349444287328 41.24700312800313
    endloop
  endfacet
  facet normal -0.6631445255460934 0.7316672332785822 -0.15780493650298627
    outer loop
      vertex 39.11293166321302 53.186969038476846 33
      vertex 38.086033346112714 54.0349444287328 41.24700312800313
      vertex 38.22383108027546 54.17239677947825 41.305236845772185
    endloop
  endfacet
  facet normal -0.6631445255460898 0.7316672332785853 -0.1578049365029863
    outer loop
      vertex 39.11293166321302 53.186969038476846 33
      vertex 38.22383108027546 54.17239677947825 41.305236845772185
      vertex 38.26777106795637 54.21680020348512 41.326465383879324
    endloop
  endfacet
  facet normal -0.5882353735209571 0.7931435855845704 -0.1578049365029857
    outer loop
      vertex 39.90116217465345 53.77156062787493 33
      vertex 38.26777106795637 54.21680020348512 41.326465383879324
      vertex 38.385796692984 54.31341374100724 41.37210121823733
    endloop
  endfacet
  facet normal -0.5882353735209493 0.7931435855845764 -0.15780493650298466
    outer loop
      vertex 39.90116217465345 53.77156062787493 33
      vertex 38.385796692984 54.31341374100724 41.37210121823733
      vertex 38.57729644968074 54.47226197564253 41.4566519792491
    endloop
  endfacet
  facet normal -0.5882353735209643 0.7931435855845649 -0.15780493650298608
    outer loop
      vertex 39.90116217465345 53.77156062787493 33
      vertex 38.57729644968074 54.47226197564253 41.4566519792491
      vertex 38.81168603354965 54.66902261781608 41.57187775875794
    endloop
  endfacet
  facet normal -0.5882353735209546 0.7931435855845722 -0.1578049365029856
    outer loop
      vertex 39.90116217465345 53.77156062787493 33
      vertex 38.81168603354965 54.66902261781608 41.57187775875794
      vertex 39.11277193087147 54.92444850486777 41.733343104512954
    endloop
  endfacet
  facet normal -0.5882353735207894 0.7931435855846948 -0.15780493650298644
    outer loop
      vertex 39.90116217465345 53.77156062787493 33
      vertex 39.11277193087147 54.92444850486777 41.733343104512954
      vertex 39.12425743121706 54.934280743943994 41.73994745918319
    endloop
  endfacet
  facet normal -0.5076611932866509 0.8469815315849937 -0.15780493650298727
    outer loop
      vertex 40.7428971365895 54.27607714833303 33
      vertex 39.12425743121706 54.934280743943994 41.73994745918319
      vertex 39.48632576051574 55.18484451733589 41.92001057427829
    endloop
  endfacet
  facet normal -0.5076611932866348 0.8469815315850037 -0.15780493650298602
    outer loop
      vertex 40.7428971365895 54.27607714833303 33
      vertex 39.48632576051574 55.18484451733589 41.92001057427829
      vertex 39.99644522249076 55.54124377306419 42.19183814595075
    endloop
  endfacet
  facet normal -0.5076611932865801 0.8469815315850365 -0.15780493650298624
    outer loop
      vertex 40.7428971365895 54.27607714833303 33
      vertex 39.99644522249076 55.54124377306419 42.19183814595075
      vertex 40.04745256466978 55.57716243008802 42.22053174097945
    endloop
  endfacet
  facet normal -0.42219795824513756 0.892662582429064 -0.1578049365029867
    outer loop
      vertex 41.63003018119858 54.695659829962345 33
      vertex 40.04745256466978 55.57716243008802 42.22053174097945
      vertex 40.64888482170706 55.91488305158174 42.5218346801136
    endloop
  endfacet
  facet normal -0.4221979582451225 0.8926625824290713 -0.15780493650298602
    outer loop
      vertex 41.63003018119858 54.695659829962345 33
      vertex 40.64888482170706 55.91488305158174 42.5218346801136
      vertex 41.03453265601912 56.13331803161022 42.725687650937836
    endloop
  endfacet
  facet normal 0 0 -1
    outer loop
      vertex 53.77156062787493 51.012566835045504 33
      vertex 51.012566835045504 53.77156062787493 33
      vertex 51.800797346485936 53.186969038476846 33
    endloop
  endfacet
  facet normal 0 0 -1
    outer loop
      vertex 54.695659829962345 49.28369882850038 33
      vertex 49.28369882850038 54.695659829962345 33
      vertex 50.17083187310946 54.27607714833303 33
    endloop
  endfacet
  facet normal 0 0 -1
    outer loop
      vertex 54.27607714833303 50.17083187310946 33
      vertex 50.17083187310946 54.27607714833303 33
      vertex 51.012566835045504 53.77156062787493 33
    endloop
  endfacet
  facet normal 0 0 -1
    outer loop
      vertex 53.186969038476846 51.800797346485936 33
      vertex 51.800797346485936 53.186969038476846 33
      vertex 52.52793231671495 52.52793231671495 33
    endloop
  endfacet
  facet normal 0.5076611932866362 0.846981531585003 -0.15780493650298558
    outer loop
      vertex 51.012566835045504 53.77156062787493 33
      vertex 50.17083187310946 54.27607714833303 33
      vertex 51.65705267089958 55.11612276774016 42.289948600515025
    endloop
  endfacet
  facet normal 0.5882353735209607 0.7931435855845675 -0.1578049365029866
    outer loop
      vertex 51.800797346485936 53.186969038476846 33
      vertex 51.012566835045504 53.77156062787493 33
      vertex 52.80526662393381 54.41091839439189 42.895963814190985
    endloop
  endfacet
  facet normal 0.6631445255461064 0.7316672332785703 -0.15780493650298602
    outer loop
      vertex 52.52793231671495 52.52793231671495 33
      vertex 51.800797346485936 53.186969038476846 33
      vertex 53.705679590369535 53.705679590369535 43.409913546564056
    endloop
  endfacet
  facet normal 0.42219795824512846 0.8926625824290684 -0.15780493650298597
    outer loop
      vertex 49.28369882850038 54.695659829962345 33
      vertex 50.602725778597986 55.62487512606593 41.78531585751561
      vertex 50.17083187310946 54.27607714833303 33
    endloop
  endfacet
  facet normal 0.3326687260688395 0.9297468046253365 -0.15780493650298577
    outer loop
      vertex 49.28369882850038 54.695659829962345 33
      vertex 48.3597112773941 55.026267862171565 33
      vertex 49.66826116351338 55.98374456166749 41.39976590622879
    endloop
  endfacet
  facet normal 0.5882353735209543 0.7931435855845722 -0.15780493650298583
    outer loop
      vertex 51.012566835045504 53.77156062787493 33
      vertex 52.3633310360143 54.69080969652354 42.65536199572576
      vertex 52.80526662393381 54.41091839439189 42.895963814190985
    endloop
  endfacet
  facet normal 0.5076611932866416 0.8469815315849998 -0.1578049365029855
    outer loop
      vertex 51.012566835045504 53.77156062787493 33
      vertex 51.65705267089958 55.11612276774016 42.289948600515025
      vertex 51.8470591657301 55.02046665887765 42.387790700072884
    endloop
  endfacet
  facet normal 0.5882353735209502 0.7931435855845755 -0.15780493650298552
    outer loop
      vertex 51.012566835045504 53.77156062787493 33
      vertex 51.8470591657301 55.02046665887765 42.387790700072884
      vertex 52.3633310360143 54.69080969652354 42.65536199572576
    endloop
  endfacet
  facet normal 0.33266872606884285 0.9297468046253353 -0.15780493650298663
    outer loop
      vertex 48.3597112773941 55.026267862171565 33
      vertex 48.94072408148046 56.2074987550511 41.18434749992837
      vertex 49.08890224941425 56.15997006127972 41.21669497465834
    endloop
  endfacet
  facet normal 0.4221979582451285 0.8926625824290683 -0.157804936502986
    outer loop
      vertex 50.17083187310946 54.27607714833303 33
      vertex 50.602725778597986 55.62487512606593 41.78531585751561
      vertex 50.84190951436919 55.53157510922399 41.89746349564043
    endloop
  endfacet
  facet normal 0.3326687260688416 0.9297468046253359 -0.157804936502986
    outer loop
      vertex 48.3597112773941 55.026267862171565 33
      vertex 49.44360947170041 56.050607019180475 41.32011417808213
      vertex 49.66826116351338 55.98374456166749 41.39976590622879
    endloop
  endfacet
  facet normal 0.3326687260688606 0.9297468046253289 -0.1578049365029874
    outer loop
      vertex 48.3597112773941 55.026267862171565 33
      vertex 49.08890224941425 56.15997006127972 41.21669497465834
      vertex 49.25409420047934 56.1083556330667 41.26083710587678
    endloop
  endfacet
  facet normal 0.3326687260688514 0.9297468046253323 -0.15780493650298677
    outer loop
      vertex 48.3597112773941 55.026267862171565 33
      vertex 49.25409420047934 56.1083556330667 41.26083710587678
      vertex 49.44360947170041 56.050607019180475 41.32011417808213
    endloop
  endfacet
  facet normal 0.4221979582451162 0.8926625824290743 -0.15780493650298585
    outer loop
      vertex 49.28369882850038 54.695659829962345 33
      vertex 49.924617355391284 55.89466300494645 41.49719782974856
      vertex 50.2203647204609 55.77599577064606 41.617182250312645
    endloop
  endfacet
  facet normal 0.3326687260688229 0.9297468046253428 -0.15780493650298594
    outer loop
      vertex 49.28369882850038 54.695659829962345 33
      vertex 49.66826116351338 55.98374456166749 41.39976590622879
      vertex 49.80120322609618 55.945025965225845 41.451901000741664
    endloop
  endfacet
  facet normal 0.42219795824513734 0.8926625824290643 -0.157804936502986
    outer loop
      vertex 49.28369882850038 54.695659829962345 33
      vertex 49.80120322609618 55.945025965225845 41.451901000741664
      vertex 49.924617355391284 55.89466300494645 41.49719782974856
    endloop
  endfacet
  facet normal 0.4221979582451374 0.8926625824290642 -0.1578049365029869
    outer loop
      vertex 49.28369882850038 54.695659829962345 33
      vertex 50.2203647204609 55.77599577064606 41.617182250312645
      vertex 50.602725778597986 55.62487512606593 41.78531585751561
    endloop
  endfacet
  facet normal 0.507661193286635 0.8469815315850034 -0.1578049365029861
    outer loop
      vertex 50.17083187310946 54.27607714833303 33
      vertex 50.84190951436919 55.53157510922399 41.89746349564043
      vertex 51.07056652326859 55.41410964788612 42.002588303561865
    endloop
  endfacet
  facet normal 0.507661193286643 0.8469815315849987 -0.15780493650298627
    outer loop
      vertex 50.17083187310946 54.27607714833303 33
      vertex 51.07056652326859 55.41410964788612 42.002588303561865
      vertex 51.65705267089958 55.11612276774016 42.289948600515025
    endloop
  endfacet
  facet normal 0.6631445255461117 0.7316672332785653 -0.15780493650298677
    outer loop
      vertex 51.800797346485936 53.186969038476846 33
      vertex 53.216551355941974 54.0874481759074 43.124528645334046
      vertex 53.705679590369535 53.705679590369535 43.409913546564056
    endloop
  endfacet
  facet normal 0.6631445255461077 0.7316672332785691 -0.15780493650298655
    outer loop
      vertex 51.800797346485936 53.186969038476846 33
      vertex 52.80526662393381 54.41091839439189 42.895963814190985
      vertex 53.216551355941974 54.0874481759074 43.124528645334046
    endloop
  endfacet
  facet normal 0.23993571220536106 0.9578770568417401 -0.15780493650298683
    outer loop
      vertex 48.3597112773941 55.026267862171565 33
      vertex 48.672275816430336 56.289570462969095 41.1434966542503
      vertex 48.73843851942052 56.27476426082232 41.15422048815264
    endloop
  endfacet
  facet normal 0.332668726068799 0.929746804625351 -0.15780493650298663
    outer loop
      vertex 48.3597112773941 55.026267862171565 33
      vertex 48.73843851942052 56.27476426082232 41.15422048815264
      vertex 48.8043233264893 56.25244818661164 41.16163163872632
    endloop
  endfacet
  facet normal 0.23993571220531185 0.9578770568417527 -0.1578049365029869
    outer loop
      vertex 48.3597112773941 55.026267862171565 33
      vertex 48.543511723169615 56.31950385560023 41.12941221280357
      vertex 48.672275816430336 56.289570462969095 41.1434966542503
    endloop
  endfacet
  facet normal 0.3326687260688445 0.9297468046253348 -0.15780493650298663
    outer loop
      vertex 48.3597112773941 55.026267862171565 33
      vertex 48.8043233264893 56.25244818661164 41.16163163872632
      vertex 48.94072408148046 56.2074987550511 41.18434749992837
    endloop
  endfacet
  facet normal -0.25881904510251913 0.9659258262890686 -1.6398757000315936e-18
    outer loop
      vertex 44.56021431805874 42.110520451130334 37.5
      vertex 44.98670914843471 42.224799396505624 50.5
      vertex 47.90655837177789 43.007170637921064 37.5
    endloop
  endfacet
  facet normal 0.7071067811865476 0.7071067811865476 0
    outer loop
      vertex 44.56021431805874 42.110520451130334 37.5
      vertex 44.247998433058065 42.42273633613101 50.5
      vertex 44.56021431805874 42.110520451130334 50.5
    endloop
  endfacet
  facet normal -0.25881904510251913 0.9659258262890689 0
    outer loop
      vertex 47.90655837177789 43.007170637921064 37.5
      vertex 44.98670914843471 42.224799396505624 50.5
      vertex 47.90655837177789 43.007170637921064 50.5
    endloop
  endfacet
  facet normal 0.9659258262890686 -0.25881904510251913 -3.930690252317452e-16
    outer loop
      vertex 42.110520451130334 44.56021431805874 37.5
      vertex 43.007170637921064 47.90655837177789 37.5
      vertex 42.99503478550883 47.86126675398225 50.5
    endloop
  endfacet
  facet normal 0.9659258262890683 -0.2588190451025206 0
    outer loop
      vertex 42.110520451130334 44.56021431805874 37.5
      vertex 42.99503478550883 47.86126675398225 50.5
      vertex 42.110520451130334 44.56021431805874 50.5
    endloop
  endfacet
  facet normal 0.9659258262890972 -0.25881904510241344 0
    outer loop
      vertex 43.007170637921064 47.90655837177789 37.5
      vertex 43.007170637921064 47.90655837177789 50.5
      vertex 42.99503478550883 47.86126675398225 50.5
    endloop
  endfacet
  facet normal -0.9659258262890688 0.2588190451025192 0
    outer loop
      vertex 48.80320855856862 46.353514691640214 37.5
      vertex 48.68892961319333 45.92701986126424 50.5
      vertex 48.80320855856862 46.353514691640214 50.5
    endloop
  endfacet
  facet normal 0.25881904510251913 -0.9659258262890686 -1.1345099568700872e-16
    outer loop
      vertex 43.007170637921064 47.90655837177789 37.5
      vertex 46.353514691640214 48.80320855856862 37.5
      vertex 44.9568504966679 48.428973515428325 50.5
    endloop
  endfacet
  facet normal 0.2588190451025184 -0.965925826289069 0
    outer loop
      vertex 43.007170637921064 47.90655837177789 37.5
      vertex 44.9568504966679 48.428973515428325 50.5
      vertex 43.007170637921064 47.90655837177789 50.5
    endloop
  endfacet
  facet normal 0.25881904510252013 -0.9659258262890684 0
    outer loop
      vertex 46.353514691640214 48.80320855856862 37.5
      vertex 46.353514691640214 48.80320855856862 50.5
      vertex 44.9568504966679 48.428973515428325 50.5
    endloop
  endfacet
  facet normal 0.6904960886550557 0.6904960886550557 0.21547692011939182
    outer loop
      vertex 44.56021431805874 42.110520451130334 37.5
      vertex 44.62616057306339 42.35663522537655 36.5
      vertex 42.35663522537655 44.62616057306339 36.5
    endloop
  endfacet
  facet normal -0.25273910966154034 0.9432351983165972 0.21547692011939815
    outer loop
      vertex 44.56021431805874 42.110520451130334 37.5
      vertex 47.90655837177789 43.007170637921064 37.5
      vertex 47.72638985253631 43.18733915716265 36.5
    endloop
  endfacet
  facet normal -0.25273910966154445 0.9432351983165986 0.21547692011938674
    outer loop
      vertex 44.56021431805874 42.110520451130334 37.5
      vertex 47.72638985253631 43.18733915716265 36.5
      vertex 44.62616057306339 42.35663522537655 36.5
    endloop
  endfacet
  facet normal 0.7071067811865476 0.7071067811865476 -5.483933322788774e-19
    outer loop
      vertex 44.56021431805874 42.110520451130334 37.5
      vertex 42.110520451130334 44.56021431805874 37.5
      vertex 44.247998433058065 42.42273633613101 50.5
    endloop
  endfacet
  facet normal -0.25881904510251624 0.9659258262890694 0
    outer loop
      vertex 44.56021431805874 42.110520451130334 37.5
      vertex 44.56021431805874 42.110520451130334 50.5
      vertex 44.85259390898342 42.18886332640194 50.5
    endloop
  endfacet
  facet normal -0.25881904510252557 0.9659258262890671 2.242943633052898e-16
    outer loop
      vertex 44.56021431805874 42.110520451130334 37.5
      vertex 44.85259390898342 42.18886332640194 50.5
      vertex 44.98670914843471 42.224799396505624 50.5
    endloop
  endfacet
  facet normal 0.6904960886550557 0.6904960886550557 0.21547692011939173
    outer loop
      vertex 44.56021431805874 42.110520451130334 37.5
      vertex 42.35663522537655 44.62616057306339 36.5
      vertex 42.110520451130334 44.56021431805874 37.5
    endloop
  endfacet
  facet normal 0.9432351983165995 -0.252739109661541 0.2154769201193872
    outer loop
      vertex 42.35663522537655 44.62616057306339 36.5
      vertex 43.007170637921064 47.90655837177789 37.5
      vertex 42.110520451130334 44.56021431805874 37.5
    endloop
  endfacet
  facet normal 0.9432351983165961 -0.2527391096615438 0.21547692011939865
    outer loop
      vertex 42.35663522537655 44.62616057306339 36.5
      vertex 43.18733915716265 47.72638985253631 36.5
      vertex 43.007170637921064 47.90655837177789 37.5
    endloop
  endfacet
  facet normal 0.7071067811865476 0.7071067811865476 0
    outer loop
      vertex 42.110520451130334 44.56021431805874 37.5
      vertex 42.110520451130334 44.56021431805874 50.5
      vertex 44.247998433058065 42.42273633613101 50.5
    endloop
  endfacet
  facet normal -0.9432351983165972 0.25273910966154034 0.21547692011939817
    outer loop
      vertex 47.72638985253631 43.18733915716265 36.5
      vertex 47.90655837177789 43.007170637921064 37.5
      vertex 48.80320855856862 46.353514691640214 37.5
    endloop
  endfacet
  facet normal -0.9432351983165986 0.25273910966154445 0.21547692011938674
    outer loop
      vertex 47.72638985253631 43.18733915716265 36.5
      vertex 48.80320855856862 46.353514691640214 37.5
      vertex 48.557093784322404 46.28756843663557 36.5
    endloop
  endfacet
  facet normal -0.6904960886550557 -0.6904960886550557 0.21547692011939182
    outer loop
      vertex 48.557093784322404 46.28756843663557 36.5
      vertex 48.80320855856862 46.353514691640214 37.5
      vertex 46.28756843663557 48.557093784322404 36.5
    endloop
  endfacet
  facet normal -0.9659258262890686 0.25881904510251913 0
    outer loop
      vertex 47.90655837177789 43.007170637921064 37.5
      vertex 47.90655837177789 43.007170637921064 50.5
      vertex 48.80320855856862 46.353514691640214 37.5
    endloop
  endfacet
  facet normal -0.7071067811865476 -0.7071067811865476 -7.682584839909395e-19
    outer loop
      vertex 48.80320855856862 46.353514691640214 37.5
      vertex 48.37613727323892 46.78058597696992 50.5
      vertex 46.353514691640214 48.80320855856862 37.5
    endloop
  endfacet
  facet normal -0.9659258262890689 0.25881904510251913 -1.8794081056541877e-18
    outer loop
      vertex 48.80320855856862 46.353514691640214 37.5
      vertex 47.90655837177789 43.007170637921064 50.5
      vertex 48.68892961319333 45.92701986126424 50.5
    endloop
  endfacet
  facet normal -0.7071067811865475 -0.7071067811865475 0
    outer loop
      vertex 48.80320855856862 46.353514691640214 37.5
      vertex 48.80320855856862 46.353514691640214 50.5
      vertex 48.44243871871097 46.71428453149787 50.5
    endloop
  endfacet
  facet normal -0.7071067811865476 -0.7071067811865476 4.296813984769001e-19
    outer loop
      vertex 48.80320855856862 46.353514691640214 37.5
      vertex 48.44243871871097 46.71428453149787 50.5
      vertex 48.37613727323892 46.78058597696992 50.5
    endloop
  endfacet
  facet normal 0.25273910966154445 -0.9432351983165986 0.21547692011938674
    outer loop
      vertex 43.18733915716265 47.72638985253631 36.5
      vertex 46.28756843663557 48.557093784322404 36.5
      vertex 46.353514691640214 48.80320855856862 37.5
    endloop
  endfacet
  facet normal 0.25273910966154034 -0.9432351983165972 0.21547692011939817
    outer loop
      vertex 43.18733915716265 47.72638985253631 36.5
      vertex 46.353514691640214 48.80320855856862 37.5
      vertex 43.007170637921064 47.90655837177789 37.5
    endloop
  endfacet
  facet normal -0.6904960886550557 -0.6904960886550557 0.21547692011939173
    outer loop
      vertex 48.80320855856862 46.353514691640214 37.5
      vertex 46.353514691640214 48.80320855856862 37.5
      vertex 46.28756843663557 48.557093784322404 36.5
    endloop
  endfacet
  facet normal -0.7071067811865476 -0.7071067811865476 0
    outer loop
      vertex 46.353514691640214 48.80320855856862 37.5
      vertex 48.37613727323892 46.78058597696992 50.5
      vertex 46.353514691640214 48.80320855856862 50.5
    endloop
  endfacet
  facet normal 0 0 1
    outer loop
      vertex 44.758053083072674 42.848864773868996 34.5
      vertex 46.116993425679254 43.863172311267505 34.5
      vertex 45.45686450484948 43.731864504849476 34.5
    endloop
  endfacet
  facet normal 0 0 1
    outer loop
      vertex 44.758053083072674 42.848864773868996 34.5
      vertex 44.7967355840197 43.863172311267505 34.5
      vertex 42.848864773868996 44.758053083072674 34.5
    endloop
  endfacet
  facet normal 0 0 1
    outer loop
      vertex 44.758053083072674 42.848864773868996 34.5
      vertex 45.45686450484948 43.731864504849476 34.5
      vertex 44.7967355840197 43.863172311267505 34.5
    endloop
  endfacet
  facet normal 0 0 1
    outer loop
      vertex 44.758053083072674 42.848864773868996 34.5
      vertex 47.366052814053155 43.5476761956458 34.5
      vertex 46.116993425679254 43.863172311267505 34.5
    endloop
  endfacet
  facet normal 0 0 1
    outer loop
      vertex 46.116993425679254 43.863172311267505 34.5
      vertex 47.366052814053155 43.5476761956458 34.5
      vertex 46.67662370239627 44.237105307302684 34.5
    endloop
  endfacet
  facet normal -0.25273910966154167 0.9432351983165986 0.2154769201193902
    outer loop
      vertex 44.758053083072674 42.848864773868996 34.5
      vertex 47.72638985253631 43.18733915716265 36.5
      vertex 47.366052814053155 43.5476761956458 34.5
    endloop
  endfacet
  facet normal 0.6904960886550554 0.6904960886550554 0.21547692011939418
    outer loop
      vertex 44.62616057306339 42.35663522537655 36.5
      vertex 44.758053083072674 42.848864773868996 34.5
      vertex 42.35663522537655 44.62616057306339 36.5
    endloop
  endfacet
  facet normal -0.25273910966154406 0.9432351983165971 0.215476920119394
    outer loop
      vertex 44.62616057306339 42.35663522537655 36.5
      vertex 47.72638985253631 43.18733915716265 36.5
      vertex 44.758053083072674 42.848864773868996 34.5
    endloop
  endfacet
  facet normal 0.6904960886550553 0.6904960886550553 0.21547692011939415
    outer loop
      vertex 44.758053083072674 42.848864773868996 34.5
      vertex 42.848864773868996 44.758053083072674 34.5
      vertex 42.35663522537655 44.62616057306339 36.5
    endloop
  endfacet
  facet normal 0 0 1
    outer loop
      vertex 44.7967355840197 43.863172311267505 34.5
      vertex 44.237105307302684 44.237105307302684 34.5
      vertex 42.848864773868996 44.758053083072674 34.5
    endloop
  endfacet
  facet normal 0 0 1
    outer loop
      vertex 42.848864773868996 44.758053083072674 34.5
      vertex 44.237105307302684 44.237105307302684 34.5
      vertex 43.863172311267505 44.7967355840197 34.5
    endloop
  endfacet
  facet normal 0 0 1
    outer loop
      vertex 42.848864773868996 44.758053083072674 34.5
      vertex 43.863172311267505 44.7967355840197 34.5
      vertex 43.731864504849476 45.45686450484948 34.5
    endloop
  endfacet
  facet normal 0 0 1
    outer loop
      vertex 42.848864773868996 44.758053083072674 34.5
      vertex 43.731864504849476 45.45686450484948 34.5
      vertex 43.5476761956458 47.366052814053155 34.5
    endloop
  endfacet
  facet normal 0 0 1
    outer loop
      vertex 43.731864504849476 45.45686450484948 34.5
      vertex 43.863172311267505 46.116993425679254 34.5
      vertex 43.5476761956458 47.366052814053155 34.5
    endloop
  endfacet
  facet normal 0 0 1
    outer loop
      vertex 43.863172311267505 46.116993425679254 34.5
      vertex 44.237105307302684 46.67662370239627 34.5
      vertex 43.5476761956458 47.366052814053155 34.5
    endloop
  endfacet
  facet normal 0.9432351983165986 -0.25273910966154167 0.2154769201193902
    outer loop
      vertex 42.848864773868996 44.758053083072674 34.5
      vertex 43.5476761956458 47.366052814053155 34.5
      vertex 43.18733915716265 47.72638985253631 36.5
    endloop
  endfacet
  facet normal 0.9432351983165971 -0.25273910966154406 0.215476920119394
    outer loop
      vertex 42.35663522537655 44.62616057306339 36.5
      vertex 42.848864773868996 44.758053083072674 34.5
      vertex 43.18733915716265 47.72638985253631 36.5
    endloop
  endfacet
  facet normal 0 0 1
    outer loop
      vertex 47.366052814053155 43.5476761956458 34.5
      vertex 47.05055669843145 44.7967355840197 34.5
      vertex 46.67662370239627 44.237105307302684 34.5
    endloop
  endfacet
  facet normal 0 0 1
    outer loop
      vertex 47.366052814053155 43.5476761956458 34.5
      vertex 47.18186450484948 45.45686450484948 34.5
      vertex 47.05055669843145 44.7967355840197 34.5
    endloop
  endfacet
  facet normal -0.9432351983165986 0.25273910966154167 0.2154769201193902
    outer loop
      vertex 47.72638985253631 43.18733915716265 36.5
      vertex 48.06486423582996 46.15567592662628 34.5
      vertex 47.366052814053155 43.5476761956458 34.5
    endloop
  endfacet
  facet normal 0 0 1
    outer loop
      vertex 47.366052814053155 43.5476761956458 34.5
      vertex 48.06486423582996 46.15567592662628 34.5
      vertex 47.18186450484948 45.45686450484948 34.5
    endloop
  endfacet
  facet normal 0 0 1
    outer loop
      vertex 47.18186450484948 45.45686450484948 34.5
      vertex 48.06486423582996 46.15567592662628 34.5
      vertex 47.05055669843145 46.116993425679254 34.5
    endloop
  endfacet
  facet normal 0 0 1
    outer loop
      vertex 47.05055669843145 46.116993425679254 34.5
      vertex 48.06486423582996 46.15567592662628 34.5
      vertex 46.67662370239627 46.67662370239627 34.5
    endloop
  endfacet
  facet normal -0.6904960886550553 -0.6904960886550553 0.21547692011939415
    outer loop
      vertex 48.06486423582996 46.15567592662628 34.5
      vertex 48.557093784322404 46.28756843663557 36.5
      vertex 46.15567592662628 48.06486423582996 34.5
    endloop
  endfacet
  facet normal -0.9432351983165971 0.25273910966154406 0.215476920119394
    outer loop
      vertex 47.72638985253631 43.18733915716265 36.5
      vertex 48.557093784322404 46.28756843663557 36.5
      vertex 48.06486423582996 46.15567592662628 34.5
    endloop
  endfacet
  facet normal 0 0 1
    outer loop
      vertex 44.237105307302684 46.67662370239627 34.5
      vertex 44.7967355840197 47.05055669843145 34.5
      vertex 43.5476761956458 47.366052814053155 34.5
    endloop
  endfacet
  facet normal 0 0 1
    outer loop
      vertex 44.7967355840197 47.05055669843145 34.5
      vertex 46.15567592662628 48.06486423582996 34.5
      vertex 43.5476761956458 47.366052814053155 34.5
    endloop
  endfacet
  facet normal 0 0 1
    outer loop
      vertex 45.45686450484948 47.18186450484948 34.5
      vertex 46.116993425679254 47.05055669843145 34.5
      vertex 46.15567592662628 48.06486423582996 34.5
    endloop
  endfacet
  facet normal 0 0 1
    outer loop
      vertex 48.06486423582996 46.15567592662628 34.5
      vertex 46.15567592662628 48.06486423582996 34.5
      vertex 46.67662370239627 46.67662370239627 34.5
    endloop
  endfacet
  facet normal 0 0 1
    outer loop
      vertex 46.67662370239627 46.67662370239627 34.5
      vertex 46.15567592662628 48.06486423582996 34.5
      vertex 46.116993425679254 47.05055669843145 34.5
    endloop
  endfacet
  facet normal 0 0 1
    outer loop
      vertex 44.7967355840197 47.05055669843145 34.5
      vertex 45.45686450484948 47.18186450484948 34.5
      vertex 46.15567592662628 48.06486423582996 34.5
    endloop
  endfacet
  facet normal 0.25273910966154145 -0.9432351983165977 0.21547692011939434
    outer loop
      vertex 43.5476761956458 47.366052814053155 34.5
      vertex 46.15567592662628 48.06486423582996 34.5
      vertex 46.28756843663557 48.557093784322404 36.5
    endloop
  endfacet
  facet normal 0.2527391096615443 -0.9432351983165979 0.21547692011939054
    outer loop
      vertex 43.5476761956458 47.366052814053155 34.5
      vertex 46.28756843663557 48.557093784322404 36.5
      vertex 43.18733915716265 47.72638985253631 36.5
    endloop
  endfacet
  facet normal -0.6904960886550554 -0.6904960886550554 0.21547692011939412
    outer loop
      vertex 48.557093784322404 46.28756843663557 36.5
      vertex 46.28756843663557 48.557093784322404 36.5
      vertex 46.15567592662628 48.06486423582996 34.5
    endloop
  endfacet
  facet normal 0.19509032201612692 0.9807852804032308 0
    outer loop
      vertex 44.7967355840197 43.863172311267505 34.5
      vertex 45.45686450484948 43.731864504849476 33
      vertex 44.7967355840197 43.863172311267505 33
    endloop
  endfacet
  facet normal 0.5555702330196058 0.8314696123025427 0
    outer loop
      vertex 44.237105307302684 44.237105307302684 34.5
      vertex 44.7967355840197 43.863172311267505 33
      vertex 44.237105307302684 44.237105307302684 33
    endloop
  endfacet
  facet normal 0.19509032201612692 0.9807852804032308 -1.3687385082483425e-18
    outer loop
      vertex 44.7967355840197 43.863172311267505 34.5
      vertex 45.45686450484948 43.731864504849476 34.5
      vertex 45.45686450484948 43.731864504849476 33
    endloop
  endfacet
  facet normal 0.5555702330196058 0.8314696123025427 0
    outer loop
      vertex 44.7967355840197 43.863172311267505 34.5
      vertex 44.7967355840197 43.863172311267505 33
      vertex 44.237105307302684 44.237105307302684 34.5
    endloop
  endfacet
  facet normal -0.19509032201612692 0.9807852804032308 0
    outer loop
      vertex 45.45686450484948 43.731864504849476 34.5
      vertex 46.116993425679254 43.863172311267505 33
      vertex 45.45686450484948 43.731864504849476 33
    endloop
  endfacet
  facet normal -0.5555702330196058 0.8314696123025427 0
    outer loop
      vertex 46.116993425679254 43.863172311267505 34.5
      vertex 46.67662370239627 44.237105307302684 33
      vertex 46.116993425679254 43.863172311267505 33
    endloop
  endfacet
  facet normal -0.19509032201612692 0.9807852804032308 1.3687385082483425e-18
    outer loop
      vertex 45.45686450484948 43.731864504849476 34.5
      vertex 46.116993425679254 43.863172311267505 34.5
      vertex 46.116993425679254 43.863172311267505 33
    endloop
  endfacet
  facet normal -0.5555702330196058 0.8314696123025427 1.8216811414124694e-18
    outer loop
      vertex 46.116993425679254 43.863172311267505 34.5
      vertex 46.67662370239627 44.237105307302684 34.5
      vertex 46.67662370239627 44.237105307302684 33
    endloop
  endfacet
  facet normal 0.8314696123025427 0.5555702330196058 0
    outer loop
      vertex 43.863172311267505 44.7967355840197 34.5
      vertex 44.237105307302684 44.237105307302684 33
      vertex 43.863172311267505 44.7967355840197 33
    endloop
  endfacet
  facet normal 0.9807852804032308 0.19509032201612692 0
    outer loop
      vertex 43.731864504849476 45.45686450484948 34.5
      vertex 43.863172311267505 44.7967355840197 33
      vertex 43.731864504849476 45.45686450484948 33
    endloop
  endfacet
  facet normal 0.8314696123025427 0.5555702330196058 0
    outer loop
      vertex 44.237105307302684 44.237105307302684 34.5
      vertex 44.237105307302684 44.237105307302684 33
      vertex 43.863172311267505 44.7967355840197 34.5
    endloop
  endfacet
  facet normal 0.9807852804032308 0.19509032201612692 0
    outer loop
      vertex 43.863172311267505 44.7967355840197 34.5
      vertex 43.863172311267505 44.7967355840197 33
      vertex 43.731864504849476 45.45686450484948 34.5
    endloop
  endfacet
  facet normal 0.9807852804032308 -0.19509032201612692 0
    outer loop
      vertex 43.863172311267505 46.116993425679254 34.5
      vertex 43.731864504849476 45.45686450484948 33
      vertex 43.863172311267505 46.116993425679254 33
    endloop
  endfacet
  facet normal 0.8314696123025427 -0.5555702330196058 0
    outer loop
      vertex 44.237105307302684 46.67662370239627 34.5
      vertex 43.863172311267505 46.116993425679254 33
      vertex 44.237105307302684 46.67662370239627 33
    endloop
  endfacet
  facet normal 0.9807852804032308 -0.19509032201612692 0
    outer loop
      vertex 43.731864504849476 45.45686450484948 34.5
      vertex 43.731864504849476 45.45686450484948 33
      vertex 43.863172311267505 46.116993425679254 34.5
    endloop
  endfacet
  facet normal 0.8314696123025427 -0.5555702330196058 0
    outer loop
      vertex 43.863172311267505 46.116993425679254 34.5
      vertex 43.863172311267505 46.116993425679254 33
      vertex 44.237105307302684 46.67662370239627 34.5
    endloop
  endfacet
  facet normal -0.8314696123025427 0.5555702330196058 0
    outer loop
      vertex 46.67662370239627 44.237105307302684 34.5
      vertex 47.05055669843145 44.7967355840197 33
      vertex 46.67662370239627 44.237105307302684 33
    endloop
  endfacet
  facet normal -0.9807852804032308 0.19509032201612692 0
    outer loop
      vertex 47.05055669843145 44.7967355840197 34.5
      vertex 47.18186450484948 45.45686450484948 33
      vertex 47.05055669843145 44.7967355840197 33
    endloop
  endfacet
  facet normal -0.8314696123025427 0.5555702330196058 1.8216811414124694e-18
    outer loop
      vertex 46.67662370239627 44.237105307302684 34.5
      vertex 47.05055669843145 44.7967355840197 34.5
      vertex 47.05055669843145 44.7967355840197 33
    endloop
  endfacet
  facet normal -0.9807852804032308 0.19509032201612692 1.3687385082483425e-18
    outer loop
      vertex 47.05055669843145 44.7967355840197 34.5
      vertex 47.18186450484948 45.45686450484948 34.5
      vertex 47.18186450484948 45.45686450484948 33
    endloop
  endfacet
  facet normal -0.9807852804032308 -0.19509032201612692 0
    outer loop
      vertex 47.18186450484948 45.45686450484948 34.5
      vertex 47.05055669843145 46.116993425679254 33
      vertex 47.18186450484948 45.45686450484948 33
    endloop
  endfacet
  facet normal -0.8314696123025427 -0.5555702330196058 0
    outer loop
      vertex 47.05055669843145 46.116993425679254 34.5
      vertex 46.67662370239627 46.67662370239627 33
      vertex 47.05055669843145 46.116993425679254 33
    endloop
  endfacet
  facet normal -0.9807852804032308 -0.19509032201612692 -1.3687385082483425e-18
    outer loop
      vertex 47.18186450484948 45.45686450484948 34.5
      vertex 47.05055669843145 46.116993425679254 34.5
      vertex 47.05055669843145 46.116993425679254 33
    endloop
  endfacet
  facet normal -0.8314696123025427 -0.5555702330196058 -1.8216811414124694e-18
    outer loop
      vertex 47.05055669843145 46.116993425679254 34.5
      vertex 46.67662370239627 46.67662370239627 34.5
      vertex 46.67662370239627 46.67662370239627 33
    endloop
  endfacet
  facet normal 0.5555702330196058 -0.8314696123025427 0
    outer loop
      vertex 44.7967355840197 47.05055669843145 34.5
      vertex 44.237105307302684 46.67662370239627 33
      vertex 44.7967355840197 47.05055669843145 33
    endloop
  endfacet
  facet normal 0.19509032201612692 -0.9807852804032308 0
    outer loop
      vertex 45.45686450484948 47.18186450484948 34.5
      vertex 44.7967355840197 47.05055669843145 33
      vertex 45.45686450484948 47.18186450484948 33
    endloop
  endfacet
  facet normal 0.5555702330196058 -0.8314696123025427 0
    outer loop
      vertex 44.237105307302684 46.67662370239627 34.5
      vertex 44.237105307302684 46.67662370239627 33
      vertex 44.7967355840197 47.05055669843145 34.5
    endloop
  endfacet
  facet normal 0.19509032201612692 -0.9807852804032308 0
    outer loop
      vertex 44.7967355840197 47.05055669843145 34.5
      vertex 44.7967355840197 47.05055669843145 33
      vertex 45.45686450484948 47.18186450484948 34.5
    endloop
  endfacet
  facet normal -0.5555702330196058 -0.8314696123025427 0
    outer loop
      vertex 46.67662370239627 46.67662370239627 34.5
      vertex 46.116993425679254 47.05055669843145 33
      vertex 46.67662370239627 46.67662370239627 33
    endloop
  endfacet
  facet normal -0.19509032201612692 -0.9807852804032308 0
    outer loop
      vertex 46.116993425679254 47.05055669843145 34.5
      vertex 45.45686450484948 47.18186450484948 33
      vertex 46.116993425679254 47.05055669843145 33
    endloop
  endfacet
  facet normal -0.5555702330196058 -0.8314696123025427 -1.8216811414124694e-18
    outer loop
      vertex 46.67662370239627 46.67662370239627 34.5
      vertex 46.116993425679254 47.05055669843145 34.5
      vertex 46.116993425679254 47.05055669843145 33
    endloop
  endfacet
  facet normal -0.19509032201612692 -0.9807852804032308 0
    outer loop
      vertex 45.45686450484948 47.18186450484948 34.5
      vertex 45.45686450484948 47.18186450484948 33
      vertex 46.116993425679254 47.05055669843145 34.5
    endloop
  endfacet
endsolid OpenSCAD_Model
